0,1,2,3,4,5,6,7,8,9,10,11,12,13,14,15,16,17,18,19,20,21,22,23,24
-0.5794566872907962,-0.5710017181092303,-0.5605482345951438,-0.5476135153215677,-0.531605599380788,-0.5118050367979262,-0.4873481151065785,-0.457215437732862,-0.4202324344812872,-0.37509237657196903,-0.3204180142081846,-0.2548850721770166,-0.17743882009538037,-0.08764174679871573,0.013808371382084017,0.1243622746934464,0.2387112941335765,0.347759350112703,0.4376421241221399,0.4890644676613485,0.4772881059244012,0.3730512632958003,0.144497967471803,-0.24011496876063343,-0.8094057940823074
-0.5834744240796714,-0.5759642130819798,-0.5666851092846183,-0.5552078768552172,-0.5410040793971248,-0.5234280151051013,-0.5016987688470752,-0.4748851766970782,-0.44189862929274004,-0.40150187031686824,-0.352346593776275,-0.2930589101121891,-0.22239938890611877,-0.13953223135870885,-0.04444319083565007,0.06145741839752483,0.1745304972832108,0.28793363703287356,0.3905868573701583,0.4662927519544877,0.4933181501672702,0.44476469484931636,0.28993933653982007,-0.0033278676508818883,-0.4657791807986915
-0.5872930396134749,-0.5806764218029231,-0.5725086899450958,-0.5624121743838981,-0.5499202972292785,-0.534460198952485,-0.515334486001855,-0.49170400773432954,-0.46257519553470705,-0.426798024604337,-0.38308441599616994,-0.3300621811522685,-0.2663864843122914,-0.19093874750016282,-0.1031501360939544,-0.0034893593023619385,0.10585432622705071,0.22009176787464446,0.3308169292113343,0.42500238586233186,0.48426266424467523,0.48471327376098505,0.39772547531696656,0.1916978172412076,-0.16533541948723895
-0.5909109838863157,-0.5851358781494493,-0.5780150560319076,-0.5692201813216913,-0.5583443778750469,-0.5448859600501993,-0.5282306084439863,-0.5076331927714192,-0.4822016350765861,-0.4508871104273766,-0.4124878022811638,-0.36567769402067907,-0.30907772669111944,-0.24139401767944058,-0.16165581060501966,-0.06959201232553713,0.03381530043391401,0.14557701234136078,0.25975875657101954,0.36644580170286867,0.45079813737779817,0.49248338391862145,0.4658206231533619,0.34089061652204133,0.08563703605813888
-0.5943267694658062,-0.5893402245137446,-0.5832004702874442,-0.575625974075914,-0.56626693755193,-0.554690451044423,-0.5403636929123122,-0.5226358347039453,-0.5007201456015927,-0.4736791603564289,-0.4404179448838006,-0.3996937745016017,-0.350155248731454,-0.2904301987281561,-0.21928942450412447,-0.13592109664514151,-0.04035552275372856,0.06592380720620483,0.17916808708390664,0.29238346123917336,0.394298127169735,0.46849470989891595,0.4930177263851494,0.44078184056595193,0.2809838283600915
-0.5975389718245252,-0.5932872127739905,-0.5880613811507744,-0.5816239375844177,-0.5736790958783529,-0.5638596315551315,-0.551711565480166,-0.5366769892588742,-0.5180758462866807,-0.49508841526591263,-0.46674177201105616,-0.4319058967912631,-0.38930867010687764,-0.3375840738528144,-0.2753745943091299,-0.20151669296820696,-0.11534569434634845,-0.017159956354821482,0.09112266169451932,0.20510944069574455,0.3169275268800793,0.4142054537523794,0.4792835996809529,0.4889761517386474,0.4151962595979921
-0.6005462296553183,-0.5969747052155695,-0.5925944250381375,-0.5872087705494872,-0.5805724873859436,-0.5723802928126484,-0.5622533732295762,-0.5497237715835619,-0.5342169942339329,-0.515033756621662,-0.4913327952473262,-0.4621183078202118,-0.42623812488452784,-0.382402495481726,-0.3292386731488217,-0.2654033885139322,-0.18978324346908615,-0.10182024805430734,-0.002002207016958746,0.10745140298937417,0.22170755050457824,0.3323015390643407,0.42613427885137645,0.48474167821926184,0.48416448856677186
-0.603347245170344,-0.6004006754015362,-0.5967964284912736,-0.592375490358343,-0.5869392723328575,-0.5802400808079097,-0.5719696328989073,-0.561745456947838,-0.5490951900772318,-0.5334391203953605,-0.5140719297858863,-0.49014562251515736,-0.4606572931805756,-0.4244479796938033,-0.3802226865572633,-0.32660704202644886,-0.26226301911192973,-0.18609411345029225,-0.09757745284361186,0.0027375498671575738,0.11253419121949382,0.22683860020113622,0.3369982816068817,0.4296853650189766,0.48618567967654336
-0.6059407843837966,-0.6035632089916416,-0.6006644101907126,-0.5971194376807178,-0.5927721467895835,-0.5874275178753218,-0.5808422762818849,-0.5727135749683413,-0.5626655712313233,-0.5502338887274019,-0.5348482779235455,-0.5158143672732116,-0.49229638516597485,-0.4633043401508611,-0.4276916501588608,-0.3841729372758659,-0.33137695111581833,-0.2679564280909852,-0.19278462547271746,-0.10527553885906626,-0.005867571263747817,0.10329806221840587,0.2175020734811285,0.3284319661501648,0.42317480202908075
-0.6083256773782316,-0.6064605045092235,-0.604195582831271,-0.6014362807344916,-0.5980643519702218,-0.5939320226314883,-0.5888546921674486,-0.5826019967920893,-0.5748869913107464,-0.5653532555685384,-0.5535598663881706,-0.538964448682835,-0.5209050233221325,-0.49858223945926605,-0.47104500941743477,-0.4371848166670309,-0.3957473607900799,-0.3453750518227966,-0.2847003329032053,-0.21251757303490015,-0.12806896723601435,-0.03148426320190223,0.07559077605554587,0.18916536197931544,0.3019133609071374
-0.6105008185544214,-0.6090908740553247,-0.6073873548571702,-0.6053220192109161,-0.6028096827839278,-0.5997439281979232,-0.5959917646229085,-0.591387014709178,-0.5857221843233302,-0.5787385626936237,-0.5701143283507615,-0.5594505247811342,-0.5462549680210621,-0.5299245294432368,-0.509726913534743,-0.4847841872726987,-0.4540621450646529,-0.4163724047129468,-0.3703982560084943,-0.31476098442380784,-0.24815063342591592,-0.16955316179971192,-0.07861246386659027,0.023833855568527462,0.13501929642774824
-0.6124651668646814,-0.6114527439694291,-0.6102373320543506,-0.6087729878515119,-0.607002495582957,-0.6048544986410518,-0.6022399074372309,-0.5990474137021897,-0.5951379123364687,-0.5903376026970453,-0.5844295214246932,-0.5771432569089671,-0.5681426321910381,-0.557011249544247,-0.5432360181212934,-0.52618921602386,-0.5051103924322359,-0.4790906706925018,-0.4470640134927987,-0.4078130611614247,-0.36000158277524485,-0.3022516089612337,-0.23329080660270995,-0.15220359290436203,-0.05882523167561726
-0.6142177460296061,-0.6135446554362419,-0.6127433189977105,-0.611785859669309,-0.61063771508565,-0.6092559435683969,-0.6075870945570524,-0.6055645344823435,-0.603105095423712,-0.6001048858477208,-0.5964340735729444,-0.5919304215214624,-0.5863913331067685,-0.5795641549288348,-0.5711345065705741,-0.5607124876819639,-0.5478167960100594,-0.5318571467105667,-0.512116021099269,-0.48773185029863,-0.45768747921373065,-0.4208104454859388,-0.37579557768433003,-0.3212659422803069,-0.25589526119399963
-0.6157576447381549,-0.6153652650379872,-0.6149033203511827,-0.614357648807727,-0.6137108404546634,-0.6129414308257904,-0.6120228863650077,-0.6109223276091362,-0.609598922823271,-0.6080018679989386,-0.6060678496230496,-0.6037178631223306,-0.6008532332300835,-0.5973506531385328,-0.593056029640903,-0.5877768956766715,-0.5812731380814169,-0.5732458012276814,-0.5633237909867811,-0.5510484578550676,-0.5358563468370449,-0.5170609622265813,-0.4938353540964171,-0.465198896390565,-0.43001406754616156
-0.6170840168310442,-0.6169133452517196,-0.6167155420187158,-0.6164857130309924,-0.6162179505127827,-0.6159050972466593,-0.6155384516680403,-0.6151073983409034,-0.6145989443775292,-0.6139971371110146,-0.6132823320181501,-0.6124302717885522,-0.6114109274731975,-0.6101870402511463,-0.6087122872300534,-0.6069289763434992,-0.6047651535755796,-0.6021309803816941,-0.5989142107747135,-0.5949745676227831,-0.5901367895437121,-0.5841820997123244,-0.5768378473238893,-0.5677651109549979,-0.5565441630653782
-0.6181960814673892,-0.6181877848912043,-0.6181783921444267,-0.6181677558406771,-0.6181557080808191,-0.6181420574110121,-0.6181265852825687,-0.6181090419180194,-0.6180891414723986,-0.6180665563481915,-0.6180409104962485,-0.6180117714936776,-0.6179786411430066,-0.6179409442755288,-0.6178980153671882,-0.6178490824801578,-0.6177932479241189,-0.6177294648812892,-0.6176565090499136,-0.6175729441222513,-0.6174770796110718,-0.6173669191575084,-0.6172400969700369,-0.617093799433374,-0.6169246681525081
-0.6190931232745627,-0.619187589492943,-0.6192904819603553,-0.6194018282135735,-0.6195213634242593,-0.619648410378512,-0.6197817211233804,-0.6199192690377772,-0.6200579768553857,-0.6201933621493655,-0.6203190765690316,-0.6204263085614409,-0.620503010964218,-0.6205329043341813,-0.620494193640677,-0.6203579194260656,-0.6200858440538696,-0.6196277485638603,-0.6189179853546235,-0.6178710961244568,-0.6163762635648219,-0.6142903207845617,-0.6114289981646817,-0.6075560509574512,-0.6023698964622581
-0.6197744924812216,-0.6199118816459743,-0.6200506264804456,-0.6201863299568344,-0.6203127567976277,-0.6204212443670519,-0.6204999407239694,-0.6205328213399056,-0.6204984228798969,-0.6203682161387885,-0.6201045199442261,-0.619657833011359,-0.6189634307236964,-0.6179370383111563,-0.6164693512123118,-0.614419129010264,-0.6116045448931179,-0.6077924354900163,-0.6026850798175682,-0.5959041645184708,-0.5869717049309414,-0.5752879498466866,-0.5601067977515203,-0.5405101316796054,-0.5153839249342105
-0.6202396050334772,-0.6203599012651136,-0.6204578450395646,-0.6205200106769866,-0.6205283200778099,-0.6204586393554338,-0.6202789771374508,-0.6199471767836325,-0.6194079678985074,-0.618589210230426,-0.6173971253756443,-0.6157102692059517,-0.6133719529283945,-0.6101807780549195,-0.6058789199462559,-0.6001377931012956,-0.5925407883051399,-0.5825629346193909,-0.5695476827377758,-0.5526816416865338,-0.5309691869292095,-0.5032105985746894,-0.46799001896954995,-0.42368322759003324,-0.3684999989264135
-0.6204879426941722,-0.6205310058073408,-0.6205113616765643,-0.620401970360141,-0.6201670774799745,-0.6197596675961089,-0.619118214189091,-0.6181625448605685,-0.6167886007074663,-0.6148618247804463,-0.6122088698051471,-0.6086072759779491,-0.6037727480872809,-0.5973436787699986,-0.5888626570735688,-0.5777549258956569,-0.5633041967082949,-0.5446270240197773,-0.5206482635109234,-0.4900822067132875,-0.451427032125958,-0.40298436696119244,-0.34292084108504084,-0.2693936394936204,-0.18076503624546686
-0.620519053125241,-0.6204246704310861,-0.6202106053605807,-0.6198316595614518,-0.6192286453520955,-0.6183243920313786,-0.6170186810736922,-0.6151818516519127,-0.6126467731264257,-0.6091988401481354,-0.6045636210515333,-0.5983918002024264,-0.5902411334548184,-0.5795553366656149,-0.5656402329560188,-0.547638217949172,-0.5245033344454528,-0.4949811938230525,-0.45760087385004977,-0.41068991693460916,-0.3524285383131408,-0.28096436833767374,-0.19461254844610865,-0.09216395287763118,0.026689221664433493
-0.6203325499531354,-0.6200404880982033,-0.6195552100599647,-0.6188088792025848,-0.6177132310465192,-0.6161538626139769,-0.6139830423134304,-0.6110107148029122,-0.6069933409788921,-0.6016202025280624,-0.5944968406730549,-0.585125431478654,-0.5728821929468373,-0.5569924750066888,-0.5365051476565075,-0.5102694709342396,-0.47692003417376483,-0.43487879942641483,-0.38238782978663777,-0.3175915401656544,-0.23869199111972556,-0.14420201518005143,-0.03331389953689623,0.0936208361674965,0.2345485304094574
-0.6199281128172922,-0.6193781696184696,-0.6185450146534371,-0.6173337799767169,-0.6156216308694475,-0.6132501105405059,-0.6100155831140848,-0.6056574085515399,-0.5998434839179827,-0.5921528454072539,-0.5820551949535547,-0.5688875690977693,-0.5518290191110624,-0.5298752822608384,-0.5018171992843061,-0.4662293075470153,-0.42147879880496564,-0.36576983828964527,-0.2972435234841195,-0.21415786319705393,-0.11517170954477579,0.0002539487431229004,0.1313515175270863,0.2755032094595136,0.42779086389485316
-0.6193054874016364,-0.6184375436364866,-0.6171800626832564,-0.6154068613613016,-0.6129552271116452,-0.6096161404137157,-0.6051221901797444,-0.5991328190113274,-0.591216604716293,-0.5808304684722341,-0.5672960792087921,-0.5497744156994543,-0.5272406161874436,-0.4984631060319321,-0.46199377425739996,-0.41617984623682225,-0.3592130003124018,-0.2892365331919499,-0.20453519976328927,-0.1038311442112313,0.013302645249459621,0.14592968386595456,0.29120870117041403,0.44396386454762116,0.5965693344371488
-0.6184644854491096,-0.6172185565609034,-0.6154606019503948,-0.6130289702395938,-0.6097159841661265,-0.6052559203571013,-0.5993103280679003,-0.5914503899696546,-0.581136208806051,-0.5676932762345677,-0.5502870617536394,-0.5278978148789005,-0.49929951015981355,-0.4630496221085941,-0.41750026243424676,-0.3608460897213535,-0.2912296693332836,-0.206928852078679,-0.10664972599789341,0.010062915227112335,0.14231487909333232,0.2873205733839653,0.43996797481577987,0.5926922282195024,0.7358710057856482
-0.6174049847592188,-0.6157212724359308,-0.6133870839519106,-0.6102012991326604,-0.6059064437409944,-0.6001743701126573,-0.5925890111881256,-0.5826260595218775,-0.5696297650138968,-0.5527876790526028,-0.5311052548889454,-0.5033839524221742,-0.46820911707096136,-0.42395760868415555,-0.36883991730781357,-0.30099678809808306,-0.21867460448330922,-0.12050366786475963,-0.005893651745224715,0.12446606646680208,0.2680622385316563,0.4200986523927579,0.5733173717905733,0.7183168486881045,0.8445065628108671
-0.6161269291686069,-0.6139458727551502,-0.6109601631609182,-0.606925384044341,-0.6015297191780054,-0.5943773471598669,-0.584968771568188,-0.5726781879179702,-0.5567285485818472,-0.5361659595953316,-0.5098366211397293,-0.4763719427683839,-0.43419092460898345,-0.38153346135803295,-0.3165434830388859,-0.23742550442150684,-0.14269934647083882,-0.03157055296099859,0.0955884271197266,0.23669506596716594,0.38746522687185164,0.5411564055278368,0.6887643053965544,0.8198389813149816,0.9239126625767078
-0.6146303285146524,-0.6118926562176716,-0.608180696149743,-0.6032031019223615,-0.5965894888897986,-0.5878716309010561,-0.5764616225312669,-0.5616274770512949,-0.5424674677003851,-0.5178859081160156,-0.48657522368819095,-0.4470123236824354,-0.39748154400692415,-0.3361415849279701,-0.2611588969963087,-0.17093253907305217,-0.06443128863423447,0.05835367119107726,0.19587461709337597,0.3445055354541576,0.4981977635710668,0.6485281015946858,0.7853320452822569,0.8979751167214289,0.9770696577094646
-0.6129152585821034,-0.6095620384267371,-0.6050497405570672,-0.599036667739521,-0.5910899889310568,-0.5806649049650813,-0.5670810184468059,-0.5494968820682185,-0.5268848748996426,-0.498010430174066,-0.46142243048487674,-0.4154654829533946,-0.35832968963753953,-0.28815879351866863,-0.20324135052934056,-0.10230826786925967,0.015052132868620283,0.14788043113932767,0.29330524526867563,0.44611632404067236,0.5986550950332921,0.741234382745317,0.8632017048962928,0.9545440425538338,1.0076666827652254
-0.6109818610327619,-0.6069545515309094,-0.6015685539000575,-0.594428631199607,-0.5850360047211313,-0.572765737687899,-0.5568418107353224,-0.5363115156221417,-0.5100223647490318,-0.47660713066026594,-0.43448608188279947,-0.3819000412098679,-0.3169931424067745,-0.237968841787986,-0.1433439544542971,-0.03231832783417793,0.09474457404026576,0.23577461255963197,0.38650261169930067,0.5402014476753969,0.6878791553091362,0.8190909621573271,0.9233638281972166,0.9919662010013559,1.0195313433913238
-0.6088303433182375,-0.6040708438080318,-0.5977385922326743,-0.5893818730733837,-0.5784328619378766,-0.5641835608348621,-0.545760200324041,-0.5220985453356615,-0.49192455940330515,-0.4537478781404126,-0.4058796318205531,-0.34649121468232513,-0.27373575029093267,-0.1859571975130241,-0.08200921213888451,0.038309045610545156,0.17372698409269488,0.32096988699861534,0.4743736982378901,0.6258579503584435,0.7654598911267865,0.8825126136940749,0.9673165054934962,1.0128936879278185,1.0162836055728766
-0.6064609785757904,-0.6009116791921799,-0.593561508651552,-0.5838996011707,-0.571286416604565,-0.5549286466355294,-0.5338536867654486,-0.5068870850697543,-0.47263888360315887,-0.42950835363491147,-0.3757212725845241,-0.3094191809766519,-0.22882451531235715,-0.1325061506157031,-0.019761455202443934,0.10889335585630011,0.25117891256342206,0.4025751130304759,0.5560992532498911,0.7025579911839657,0.8314278136887239,0.9323329128094158,0.9968252623749261,1.019960465681412,1.0011555558950225
-0.6038741055072931,-0.5974779367438867,-0.5890391516510425,-0.577985345955453,-0.5636030443938397,-0.5450120832074274,-0.521141014244697,-0.4907080806288332,-0.45221533079065845,-0.4039675879968204,-0.3441330530143235,-0.27086746970093256,-0.1825268111333253,-0.0779903365341601,0.04289965229460224,0.17880980326809967,0.3263852077589399,0.4798731371357053,0.6311128767568758,0.770092525801485,0.8861489770197579,0.9696507502010333,1.013745492691251,1.0156297636192921,0.9769220321366315
-0.6010701282413391,-0.5937706100639496,-0.5841735633292029,-0.5716429558107944,-0.5553896291746067,-0.5344457484503956,-0.5076421147140591,-0.4735941905549831,-0.43070622203367426,-0.37720749203945314,-0.3112399996905501,-0.2310213981676284,-0.13510776951862236,-0.022772733679553014,0.10550448304420257,0.24749491649375469,0.3987385746711004,0.5523135056372555,0.699073557379387,0.8285125313964292,0.9302296145747608,0.9957075179037661,1.0199001882183574,1.002113234376685,0.9458987087270501
-0.5980495161785354,-0.5897908066511757,-0.5789669774466912,-0.5648765919626066,-0.5466535508296552,-0.5232422824979621,-0.49337804840334565,-0.45557966268352545,-0.40816595946920087,-0.34931238349912846,-0.2771692501743292,-0.19006657044342534,-0.086827867435263,0.032798823614130945,0.16761767506091796,0.3144499956406898,0.4677385798867952,0.6195006317203878,0.7598346881992541,0.8780721580089649,0.9644343136342957,1.011794176839084,1.0170024207898405,0.9813392424754815,0.9099768983696441
-0.5948128038200223,-0.585539747204474,-0.5734218173407388,-0.5576907230699215,-0.5374026723735804,-0.5114150588166207,-0.4783709419643064,-0.43670020714538293,-0.3846507759734941,-0.3203685148024634,-0.24204920677135328,-0.14818745581261195,-0.037940739782318544,0.08839459297943997,0.22884124443980744,0.3792425715095617,0.53298775155959,0.681178876831221,0.8134120314038221,0.9191767110315214,0.9896190759835147,1.019184778913593,1.0066116840115278,0.9549523907113144,0.87067502729063
-0.591360590579255,-0.5810187648697285,-0.56754069369653,-0.5500901194915321,-0.5276453264022256,-0.49897815404775214,-0.4626439245143772,-0.4169928665091988,-0.36021848274749874,-0.2904636054442508,-0.20600871858793224,-0.10556606033132931,0.011308764081565725,0.14370532559059931,0.2888166395173442,0.44150612943965956,0.5941854328592536,0.7372158414687648,0.8599525068176503,0.9523371153230039,1.0066788959913457,1.01909188763569,0.9901144016021234,0.9243312176218432,0.8291946676322537
-0.5876935405771062,-0.5762293044319439,-0.5613264021785098,-0.5420798472386367,-0.5173903009064389,-0.48594631669044996,-0.4462210618508837,-0.3964958837582442,-0.33492821647043963,-0.25968638257678467,-0.16917629885440305,-0.06238070265517626,0.060686268498466645,0.19844412906546144,0.34722581908283806,0.5009383710060245,0.6511200181824917,0.7875849514109897,0.899705115164119,0.9781315352312386,1.0165084607079398,1.012639190029451,0.9687207177897497,0.8906151128437002,0.7864744074599206
-0.5838123824203358,-0.5711729214531942,-0.5547819209243275,-0.5336652616239175,-0.5066468244843674,-0.472334934726484,-0.4291272891107729,-0.3752485687936759,-0.3088401876233181,-0.22812613316928115,-0.13167938363285525,-0.018804902792067757,0.10996929913635006,0.25234781206528833,0.4037914556792098,0.5572982942821738,0.7036601440449766,0.8323482006132185,0.9329948146617458,0.9971741258726342,1.0199740758577174,1.000846995441568,0.9434715527050694,0.8547346660134845,0.7432382791027468
-0.5797179089634856,-0.5658512813569306,-0.5479104079042567,-0.5248520006179473,-0.49542455098778315,-0.4581600022910636,-0.41138834215316117,-0.3532911641468938,-0.2820154315186812,-0.1958722708225989,-0.09364363712320106,0.02499361006772799,0.15894845063109755,0.30517774142725346,0.458276376715564,0.610402366726836,0.7517453315649515,0.8716396930240569,0.9601997689065928,1.0100904357236016,1.0178947845232462,0.9846269738911982,0.9152515603338065,0.8174419444510973,0.7000375292506427
-0.5754109770542623,-0.5602661584592754,-0.5407151981491471,-0.5156459779243635,-0.4837335436391762,-0.4434380854951685,-0.393030687942682,-0.3306647105701778,-0.2545155634952289,-0.16301392002620618,-0.05519230785554641,0.06885376690247291,0.20742829993787154,0.35672025079209446,0.5104823617255481,0.6601200472829585,0.7953764939395143,0.9056504268602641,0.9817320783291974,1.0174987210096733,1.0110307355259576,0.9647832077384637,0.8848049689639557,0.7793387492198707,0.657285668431457
-0.5708925072624719,-0.5544194349479359,-0.5331998008500807,-0.5060533757856598,-0.4715842586573392,-0.42818628750658316,-0.37408145421040834,-0.3074109131560742,-0.22640253964622342,-0.12963952032634246,-0.016445639126349998,0.11262190391992793,0.25522807551242893,0.40678664552705246,0.5602484144858713,0.7063688892385754,0.8346066376235166,0.9346145946852813,0.9980218897887745,1.0199963184931296,1.0000770726894728,0.9420173086038168,0.8527523095997709,0.7409019094776306,0.6152873233272869
-0.5661634835925766,-0.5483130998094357,-0.525367896333086,-0.4960806375319414,-0.45898752843011403,-0.4124222129978607,-0.35456835866656683,-0.28357200861330767,-0.1977384243518971,-0.0958364525438411,0.022479663879327094,0.15615238394704056,0.30218209611325425,0.45521285242691667,0.6074486248039507,0.7491094257427846,0.8695320054365187,0.9587975341927752,1.0095046363297802,1.0181502099661626,0.9856618825331823,0.9169359362088516,0.8196067860147621,0.7025053000517552,0.5742616630042814
-0.561224953179948,-0.5419492477053898,-0.5172233329124016,-0.4857344598853318,-0.44595454427371395,-0.3961639320698437,-0.3345196380349226,-0.25919063429989375,-0.16858516577881355,-0.06169068884184087,0.061470908722009554,0.19930809664502616,0.3481399959185415,0.5018587644118792,0.6519897275707627,0.7883400081234411,0.9002838371363289,0.9784853575701589,1.0166110768843197,1.0124909621229479,0.9683470107280882,0.8900595316811646,0.7857895650070282,0.6644386312790398,0.5343612275489851
-0.5560780259708928,-0.5353300777985915,-0.5087701236259285,-0.4750217850331553,-0.43249683881871837,-0.3794299437594754,-0.3139639771731362,-0.23430969958373893,-0.13900438039591617,-0.027286468104189276,0.10041983138001831,0.2419608416900147,0.39296675480376175,0.5466073304809895,0.6938084570931735,0.8240917353464841,0.9270208601467721,0.9939762090471101,1.0197597690768536,1.0035093114180391,0.9486308105852713,0.8618314488773479,0.7516436202591368,0.6269232544116328,0.49568694607550684
-0.5507238743865358,-0.5284578925297075,-0.500012442856639,-0.4639497924832957,-0.4186262680632737,-0.3622391392400422,-0.29293043853618295,-0.2089722600670898,-0.10905714743876671,0.007294002250880449,0.139222953023766,0.28399160045673916,0.4365425540674712,0.5893634398037507,0.732868783629099,0.8564235826223637,0.9499225709179592,1.0055730467829134,1.019351604174113,0.9916547650218154,0.9269521071658522,0.8326269466753492,0.7174459938223819,0.5901253138553757,0.4583000445620702
-0.545163732970647,-0.5213350963454297,-0.4909546228438524,-0.4525258907154841,-0.40435499313442375,-0.34461076482111574,-0.2714483922316014,-0.18322139517475133,-0.07880381413247534,0.04197081722477136,0.17778187867167997,0.32529070288861284,0.4787624786824366,0.6300526463241212,0.7691591071936819,0.8854178093643742,0.9691833257175965,1.0135778121798589,1.0157660507275539,0.9773356927594927,0.9036948441940746,0.8027617092992608,0.6834184821623801,0.5541666019006051,0.4222314429464154
-0.5393988980214988,-0.5139641943789575,-0.48160115008839544,-0.44075770864250363,-0.38969546179871306,-0.32656438485403727,-0.24954744690574365,-0.15710008956714305,-0.04830381236127451,0.0766666174782577,0.2160035391493156,0.3657578971354665,0.5195360873577785,0.6686197768893851,0.8026894717047373,0.9111757020907446,0.9850072277697822,1.018286832640821,1.0093587840226743,0.9609204828311739,0.8791930288247491,0.7724997066037723,0.6497368365721278,0.5191334602238781,0.3874891414738135
-0.5334307272078527,-0.5063477910837118,-0.47195666165579386,-0.42865308689554904,-0.374660389763259,-0.30811984464693337,-0.22725738168948595,-0.1306511187985348,-0.017615487350240044,0.11130680467373108,0.2538003783368662,0.4053023301995423,0.5587868714046136,0.7050274619598975,0.8334888508786147,0.9338136867522243,0.9976037744667587,1.0199872987097334,1.0004604156998291,0.9427394217554164,0.8537357051292022,0.7420603060096655,0.6165386107485272,0.4850840427968728,0.3540640061254133
-0.5272606391691728,-0.4984885888212399,-0.4620259413817469,-0.4162200689481833,-0.35926274180846957,-0.289297233491041,-0.20460807942022768,-0.10391693959875536,0.01320406119622708,0.1458197290159401,0.2910904881729077,0.4438424482651903,0.5964516226848462,0.7392546236365133,0.8616025463355534,0.9534598274116453,1.0071842125939017,1.0189546599908033,0.9893760773313548,0.9230870345095304,0.8275717756785405,0.7116246141482827,0.5839298057146758,0.4520542175861419,0.32193428495887266
-0.5208901131001669,-0.4903893864042813,-0.4518139159842398,-0.4034668920934693,-0.3435157127933581,-0.2701168478974283,-0.1816294613444585,-0.07693958511359261,0.04409912517271414,0.1801368493447231,0.3277976942836085,0.48130582561708574,0.6324797298733383,0.7712949512618378,0.8870897283758328,0.9702507140617366,1.0139585398083995,1.015450793397681,0.9763856503216884,0.9022246840437714,0.8009145567290211,0.6813410685059691,0.5519904638964623,0.4200623457541651,0.29106912170681776
-0.5143206883197661,-0.4820530775959946,-0.44132565108672017,-0.39040197828899925,-0.32743270857408807,-0.2505991551401887,-0.15835142349187492,-0.0497605653955272,0.07501552115559329,0.21419286636675472,0.36385159542779033,0.5176289310964286,0.6668324209563842,0.8011553903757249,0.9100211409945443,0.9843287313719462,1.018133085738444,1.0097228098996907,0.9617444703879193,0.8803832809776923,0.7739460008038531,0.6513303245595824,0.5207793566508647,0.3891131403467174,0.26143127908143265
-0.5075539638246486,-0.47348264956640884,-0.4305663471569109,-0.3770339248846487,-0.31102732687599505,-0.2307647571989056,-0.1348037748982202,-0.02242077339291465,0.10590071038699381,0.24792582982168315,0.39918756019199997,0.5527568409277794,0.699481968398352,0.8288546664684955,0.9304769849831018,0.9958396919568457,1.0199086048852104,1.0020023803139757,0.9456843670723216,0.8577659956000827,0.7468205548787691,0.621689497363599,0.4903378972355262,0.3592007733065861,0.2329792404818728
-0.5005915978274262,-0.46468118130714053,-0.4195413353658199,-0.3633714952478844,-0.2943133381586526,-0.2106343551893758,-0.11101617783948148,0.005039603357808675,0.13670390566001425,0.28127722056077603,0.4337466845406823,0.5866429064950025,0.7304108718004352,0.8544218608787276,0.9485449864247468,1.0049308119741234,1.0194788150291936,0.9925054756093241,0.9284149268230855,0.8345508967388083,0.7196686462157578,0.5924958221620129,0.4606933968662549,0.3303113706912867,0.2056688236286517
-0.49343530727961205,-0.4556518420055016,-0.4082560733716776,-0.3494236093015506,-0.2773046665129887,-0.19022871436778227,-0.08701809022545154,0.03258116517479648,0.1673761652015597,0.31419200867231434,0.46747571392893694,0.6192483852764358,0.7596110312087059,0.877895052398081,0.9643186524856828,1.0117490030998266,1.0170293182420849,0.9814324317886983,0.910124892136189,0.8108934670992918,0.6925998038171466,0.5638097991294911,0.4318617668225422,0.302425011212454,0.17945441156849337
-0.4860868673794885,-0.4463978893791055,-0.39671614103350805,-0.3351993339889639,-0.2600153706285539,-0.16956862978915682,-0.06283871028546473,0.06016537668807381,0.1978704737386025,0.34661868891858993,0.5003269337260945,0.6505420426907615,0.7870829225537924,0.8993200347208711,0.977895712056463,1.0164394528201242,1.0127368462189235,0.9689682631510219,0.8909836293053431,0.7869289636430352,0.6657054335919503,0.535677884744831,0.40384975551006913,0.2755173223696239,0.1542898841834772
-0.47854811106500683,-0.4369226679721332,-0.3849272360591513,-0.3207078736811519,-0.2424596248682097,-0.14867489269662582,-0.03850692366402686,0.0877546372314072,0.2281418110150913,0.3785092948542585,0.532258031683023,0.6804997320773348,0.8128347850622061,0.9187491168354915,0.9893767354105771,1.0191444641800715,1.0067687769500484,0.9552831602738167,0.8711426138404935,0.7627746056888913,0.6390612712625019,0.5081347879083696,0.3766567964920543,0.24956075109621575,0.13012931567499442
-0.47082092849184654,-0.42722960741443294,-0.3728951695925807,-0.30595856054096265,-0.224651700486466,-0.12756825771325958,-0.014051253028770638,0.11531234512751806,0.2581472081002128,0.4098193930764516,0.5632319361119242,0.7091039594584548,0.8368818289029015,0.9362400108058541,0.9988639245084597,1.0200025263373347,0.9992828753515896,0.9405331202484829,0.850736896012239,0.7385315836940218,0.612729540024696,0.4812054236362756,0.35027653198399855,0.22452557150304137,0.10692748954127104
-0.4629072664967656,-0.41732222064466507,-0.36062586174540023,-0.2909608448586663,-0.2066059470266004,-0.10626941090354763,0.010500189722005893,0.14280295586232034,0.2878457918939965,0.4405080591145746,0.5932166333411628,0.7363434391244943,0.8592454698471742,0.9518548091269243,1.0064600637707186,1.0191475882208532,0.9904272160762837,0.924860666498201,0.8298865196962795,0.7142868889624017,0.5867608409315562,0.4549065715892895,0.32469806621714625,0.2003806805390506,0.08464027156434017
-0.4548091280463872,-0.40720410209870167,-0.34812533707742693,-0.275724285373503,-0.18833677393052167,-0.08479893876660966,0.0351197485799416,0.17019203417869733,0.31719881829312446,0.4705378365034897,0.6221849678659508,0.762212645461773,0.8799525963432988,0.9656590519416577,1.0122676199614542,1.0167085090712675,0.9803402521298702,0.908395623952303,0.8086978761474426,0.6901149695334391,0.5611958035762117,0.4292482811937226,0.29990699436025126,0.17709422277351386,0.06322487265373883
-0.4465285716715539,-0.39687892586453666,-0.33539972003130436,-0.2602585395954664,-0.16985863239402854,-0.06317729821815676,0.05978026581787893,0.19744630015302286,0.3461696945285664,0.49987468059969553,0.650114428445383,0.7867113658217748,0.8990348731514388,0.977720882852448,1.0163879791544923,1.012808661461558,0.9691509979879681,0.89125592252733,0.7872649809101605,0.6660792207809477,0.5360665233986476,0.40423505990957664,0.2758862452372433,0.15463407767091655,0.04264002656815741
-0.43806771088740704,-0.3863504438049774,-0.32245523032609963,-0.24457335414140752,-0.151185997498833,-0.04142478761320256,0.08445512160864305,0.2245336693478276,0.3747239912271316,0.5284878886977122,0.6769869232032437,0.8098442586201103,0.9165280845554216,0.9881102908186028,1.0189208085040438,1.0075656644187998,0.9569793005637686,0.8735484078888305,0.7656706671116174,0.6422333212460425,0.5113978101821313,0.3798668764148264,0.25261676975670955,0.13296823636440866,0.022846102162522364
-0.42942871359932944,-0.3756224836493907,-0.309298178314835,-0.22867855509927648,-0.13233335065125085,-0.019561518856262505,0.10911827084223896,0.2514232871619415,0.40282944478185795,0.5563500179854102,0.7027885465804794,0.8316204202644871,0.9324715191682785,0.996898434670033,1.0199635306190684,1.0010912263790934,0.9439361755778253,0.8553696434662744,0.7439876921787903,0.6186224252816235,0.4872082702852002,0.35614000615862895,0.23007810163767803,0.11206508976925222,0.003805165577456582
-0.42061380149490896,-0.3646989470558194,-0.2959349603109158,-0.21258403843408236,-0.11331516235601624,0.0023926093593350517,0.13374427712580783,0.27808555752465636,0.43045595064124154,0.583436792844028,0.7275093407660826,0.8520529639499679,0.9469073974758819,1.004157046052535,1.0196108986704777,0.99349107982272,0.9301241906171716,0.8368066917958545,0.722279757821108,0.5952842244678088,0.4635112430419446,0.33304774290001826,0.20824881254069316,0.09189364569290698,-0.014518995542732838
-0.41162524942208223,-0.35358380764478003,-0.28237205388840075,-0.19629976044883785,-0.09414587535216223,0.024417937146564872,0.15830834396360158,0.3044921661031773,0.45757554814533485,0.6097270029533178,0.7511430540055727,0.8711586128330325,0.959880342513388,1.0099579061187909,1.0179546608763548,0.984864991493399,0.9156378794517036,0.8179378665966521,0.7006024451344794,0.5722498896697616,0.44031560966796657,0.3105809964758982,0.1871068799689134,0.07242368920975456,-0.0321608763403583
-0.40246538475361104,-0.34228110900608283,-0.26861601316104305,-0.17983572831344363,-0.07483988813632125,0.04649506782296281,0.1827863431265802,0.3306160982127981,0.48416239754801815,0.635202393606451,0.773686897956355,0.8889573096072882,0.9714368934356803,1.0143723909596345,1.0150833036570839,0.9753068340608642,0.9005641750249511,0.798833449660332,0.6790040680818408,0.5495449052049866,0.41762649100276594,0.28872879410181174,0.16662998317997493,0.05362589782586852,-0.049153280145758316
-0.3931365867380611,-0.330794962680018,-0.2546734640450138,-0.163201990674122,-0.05541153889720868,0.06860489108574286,0.20715484023282174,0.3564316516367168,0.5101927498697282,0.659847549574744,0.7951413060306912,0.9054718440556667,0.9816250612174815,1.0174710806024994,1.0110818634837755,0.9649047069115523,0.8849828509860738,0.779556368757614,0.6575264495299977,0.5271898059800783,0.395445848543257,0.26747869996230955,0.1467957397480402,0.035471920740017815,-0.06552735922004713
-0.3836412858374467,-0.31912954611427263,-0.24055109951017545,-0.1464086283556454,-0.03587508988341276,0.09072860494253421,0.2313911175709241,0.3819144445774813,0.5356449102242175,0.6836497737908579,0.8155096944430742,0.9207274997480113,0.9904939252922186,1.0193234263611033,1.006031798222579,0.9537410954314174,0.8689669637167008,0.7601628344286618,0.6362056245850916,0.5052008277304559,0.37377300149949144,0.2468171656532294,0.12758189325259123,0.01793442971146164,-0.08131266635162235
-0.3739819630517126,-0.3072891005979451,-0.22625567482474257,-0.12946574516821263,-0.016244712224950775,0.11284773638133411,0.25547319420874526,0.4070414189745598,0.5604991952569424,0.7065989620423356,0.8347982274619759,0.9347517206892436,0.9980932696013981,1.0199974713778075,1.000010909574944,0.9418930596702314,0.8525832885683654,0.7407029348097979,0.6150724762595575,0.48359047971099206,0.35260507104081507,0.22672982215484372,0.10896646077422828,0.0009871475921271466,-0.09653721382876893
-0.3641611492302271,-0.2952779291740501,-0.2117940027981267,-0.11238345883043316,0.0034655287726156336,0.13494416076804694,0.2793798434393058,0.43179083943267843,0.584737885322023,0.7286874747867931,0.8530155881584087,0.9475737984012157,1.0044732562684422,1.0195596193361194,0.9930933090068981,0.9294324446473365,0.8358927455016563,0.7212211886247626,0.5941533085931717,0.4623680483830812,0.3319373614978123,0.2072017224036276,0.09092784738698198,-0.01539514059506697,-0.11122753710607639
-0.3541814243704613,-0.28310039453188385,-0.19717294902667992,-0.0951718920194265,0.02324168784441616,0.15700011996458696,0.3030906076243166,0.45614228801342166,0.6083451720099508,0.7499100071171441,0.8701727557471792,0.9592245796395831,1.0096841349230625,1.0180744465166223,0.98534942033183,0.9164261057786289,0.8189508105430325,0.7017570571938002,0.5734703622954438,0.4415400398537321,0.31176368703606006,0.1882175421554524,0.07344493360012416,-0.03123659010168678,-0.1254087611083916
-0.344045416904038,-0.2707609168806702,-0.1823994271470406,-0.07784116355865162,0.04306995347742343,0.17899823916495017,0.3265858105036964,0.48007665514820497,0.6313071016197696,0.7702634578210815,0.8862827904322386,0.9697361947036104,1.0137759855749642,1.0156045526091106,0.9768460128487824,0.9029361439809367,0.8018079104834188,0.6823454168376746,0.5530422778196319,0.4211105680641128,0.2920766512121491,0.1697617456621051,0.05649714067719208,-0.04656030926339075,-0.13910466760830836
-0.3337558029703309,-0.2582639718058723,-0.16748039410167292,-0.06040137975357529,0.06293666110280066,0.20092154245095697,0.3498465670465368,0.5035761269343613,0.6536115151480046,0.7897467983949247,0.9013606264961951,0.9791418060895949,1.0167984928603389,1.01221044596319,0.96764625963333,0.8890201459522552,0.7845097990648684,0.6630169934173071,0.5328845105531734,0.40108169501051083,0.27286788584888866,0.15181872168724492,0.04006447790985962,-0.06138838013777681,-0.15233776249992922
-0.3233153056778021,-0.24561408810958302,-0.15242284542113255,-0.042862625884839745,0.08282830575740568,0.22275346707346033,0.3728547909253106,0.5266241690777158,0.6752479853425146,0.808360942788682,0.91542287421614,0.9874753770648593,1.0188007494530116,1.0079504592477717,0.9578098162254263,0.8747314259452612,0.7670979135656283,0.6437987609872451,0.513009702540761,0.3814537286168157,0.25412825481291446,0.13437289454224083,0.0241275752196094,-0.0757418849395437,-0.16512934209483857
-0.31272669435326755,-0.23281584563640217,-0.1372338105275373,-0.02523495786813812,0.10273155420400909,0.24447787646863386,0.39559319970057083,0.5492055077448167,0.6962077513431861,0.8261086185776405,0.92848763104379,0.9947714595963645,1.0198310864368847,1.00288069178745,0.9473929155553081,0.8601192660583946,0.7496097112243985,0.6247143066805467,0.49342801486363674,0.36222548326744886,0.23584802753177822,0.11740881410474016,0.008667703876010846,-0.08964093665083847,-0.17749955780342896
-0.3019927837792834,-0.2198738730862138,-0.1219203480635937,-0.00752839408945255,0.12263325650151538,0.2660790720227314,0.41804531780828524,0.5713061075862895,0.7164836514036389,0.8429942401768613,0.9405743023576028,1.0010650009531634,1.0199369284707702,0.9970549751432138,0.9364484754935941,0.8452291526746848,0.7320789853628271,0.60578416400639,0.4741474244957196,0.3433945074533315,0.21801702643702564,0.1009112281741798,-0.006333212364068086,-0.10310471251569708,-0.18946747874987224
-0.29111643341984905,-0.20679284581527219,-0.10648954125147408,0.010247092576116223,0.14252045701799423,0.2875418036020711,0.44019547744585713,0.5929131471893743,0.7360700541589094,0.8590237846388791,0.951703431977538,1.0063911682121918,1.0191646716348144,0.990524858800483,0.925026215905776,0.8301030071946183,0.7145361613903567,0.587026116748553,0.4551739891544359,0.3249572824800932,0.20062475195404778,0.08486514000274756,-0.02089259379352415,-0.11615148939516348,-0.20105115201280288
-0.28010054663462697,-0.1935774836270055,-0.09094849328573312,0.028081582554259243,0.1623804048809632,0.30885127886829017,0.4620288174562741,0.6140149922130812,0.7549627888742129,0.8742046705024817,0.9618965425293217,1.0107851898296767,1.017559581924287,0.9833396131145276,0.9131727825358233,0.8147794096458815,0.6970085731232495,0.5684554756172325,0.43651208336840985,0.30690939573437703,0.18366048816812505,0.06925585340319368,-0.03502720739870102,-0.12879868017630322,-0.21226766029502858
-0.2689480698818787,-0.1802325485539492,-0.07530432276434335,0.045965217162930394,0.18220056386090067,0.32999317140191803,0.4835312803124028,0.6346011664535144,0.7731590750794458,0.8885456400918305,0.9711759856537588,1.0142822133929406,1.0151657124469093,0.9755462469385902,0.9009318754410163,0.7992938141196172,0.6795207200339466,0.5500853297404554,0.41816460870056826,0.28924569159790453,0.16711339187009358,0.0540690074646743,-0.04875317431626816,-0.14106287060333472,-0.22313317691112117
-0.25766199191032585,-0.16676284263220775,-0.05956415916183938,0.06388820599869927,0.201968621685421,0.35095362766005395,0.504689607305393,0.6546623210799196,0.7906574519634735,0.9020566456006727,0.979564801977202,1.0169171786371247,1.012025837480235,0.9671895376211398,0.8883443800532618,0.7836787552888366,0.6620945061795699,0.531926774993821,0.40013318079685184,0.2719604027363409,0.1509725673161202,0.039290602594216406,-0.06208598103900148,-0.15295985604035947,-0.2336630180468851
-0.2462453429401394,-0.1531732056698456,-0.04373513834843251,0.08184083411185678,0.22167249878307269,0.37171927279654154,0.5254913320424968,0.6741902022741858,0.8074577078718469,0.9147487392362881,0.9870865906910588,1.0187247047959638,1.008181401652493,0.9583120713039861,0.8754484992540644,0.7679640455178401,0.6447494616490879,0.5139891210656475,0.38241829567934116,0.2550472641671443,0.13522712871675557,0.024907019335727698,-0.0750404934962347,-0.16450467778910022,-0.24387169229389521
-0.23470119383326982,-0.13946851301059815,-0.02782439815886506,0.09981346896462956,0.24130035645706208,0.3922772153752896,0.5459247723602905,0.6931776174977893,0.823560810221465,0.9266339676420015,0.9937653885303527,1.0197389913529842,1.0036724826209718,0.9489542916816688,0.862279885124477,0.7521769622793808,0.6275029474259719,0.4962800790446169,0.3650194774692619,0.2384996122240884,0.11986625219438701,0.010905031193498615,-0.08763097329239725,-0.17571165867670363,-0.2537729474988976
-0.22303265525333565,-0.1256536732942936,-0.011839074014638351,0.11779656716739129,0.2608406044905923,0.4126150510094997,0.5659790207594717,0.7116184006008767,0.8389688361162635,0.9377252707658055,0.9996255578931141,1.0199937312674037,0.9985377657341238,0.9391545555940943,0.8488717692709178,0.7363424257651918,0.6103703445937682,0.4788059312028043,0.34793540951006197,0.22231047028225173,0.10487921870959818,-0.0027281875034587677,-0.09987109551775963,-0.18659443770224637,-0.2633798149945361
-0.21124287681527543,-0.11173362621535093,0.004213705396872824,0.1357806809882758,0.28028190818681387,0.43272086496142137,0.5856439334670287,0.7295073759782962,0.85368490391935,0.9480363852957444,1.0046916838029352,1.0195220357657067,0.9928145292752167,0.9289491940189002,0.8352550908360559,0.7204831667112503,0.593365228821768,0.46157168453196906,0.3311640506633634,0.20647262288278184,0.09025544925079387,-0.016005057821382618,-0.11177396765394995,-0.1971660035895462,-0.272704651296895
-0.19933504622499398,-0.09771334028072853,0.020326822383013865,0.15375646463209788,0.2996131948475994,0.452583233738857,0.6049101182307215,0.7468403219670763,0.8677131060092762,0.9575817527401194,1.0089884793855306,1.0183563698137286,0.9865386389950277,0.9183725772078206,0.8214586214841795,0.704619884566806,0.5764995310616032,0.4445812094774797,0.314702738370408,0.1909786796985487,0.07598453340345768,-0.02893759578795635,-0.12335214918658713,-0.2074387271408412,-0.28175917736824696
-0.18731238840921466,-0.08359781056867893,0.03649317444289457,0.17171468028499626,0.3188236596965556,0.47219122572606426,0.6237689209495043,0.7636139336692496,0.8810584429215496,0.9663764321922497,1.0125406995058999,1.0165284974136457,0.9797445507475905,0.9074571828729152,0.8075090868055063,0.6887713962201332,0.5597836853669604,0.4278373652040234,0.29854827990776966,0.17582113060697074,0.06205625226167566,-0.0415374146825718,-0.1346176716118277,-0.21742439232328423,-0.2905545155517133
-0.17517816463576796,-0.06939205648963781,0.05270567839775675,0.18964620392173354,0.3379027712528355,0.4915344008879251,0.6422124112418696,0.7798257853731483,0.8937267590511008,0.9744360177852667,1.0153730621948374,1.0140694359042226,0.9724653201454331,0.896233666474694,0.7934312837165568,0.6729547755580156,0.5432267647208681,0.41134211262148335,0.2826970331175842,0.1609923929822617,0.0484605965118185,-0.0538157295267537,-0.1455820585852336,-0.22713422604969705,-0.29910122428922564
-0.1629356716245392,-0.055101119550604094,0.0689572744516419,0.20754203087303377,0.35684027616329533,0.5106028095871629,0.660233367051918,0.7954742927352794,0.9057246800672483,0.9817765608119873,1.0175101774814013,1.0110094184799008,0.9647326182484806,0.8847309327957937,0.7792481935466686,0.6571854841835492,0.5268366057208446,0.3950966162989637,0.26714497775839047,0.14648485218383195,0.03518778040377024,-0.06578336333401591,-0.1562563460122709,-0.23657892663813246,-0.3074093307360881
-0.15058824064930115,-0.04073006112429478,0.08524093017951695,0.2253932811508908,0.37562620350164916,0.5293869905552764,0.6778252583906763,0.8105586748740505,0.9170595521700136,0.9884144964582816,1.0189764832408423,1.0073778641838171,0.9565767523932885,0.8729762081017546,0.7649810905961307,0.6414774936505915,0.5106199229334054,0.37910133630018816,0.2518877785015782,0.13229089609821523,0.022228252226097422,-0.07745075474901475,-0.16665110192189836,-0.24576869095284848,-0.31548836138533903
-0.13813923663066863,-0.02628396022438534,0.10154964444012449,0.24319120453020085,0.39425086854411073,0.5478779680583645,0.6949822303073894,0.8250789165156106,0.9277393832951842,0.9943665750750894,1.019796187664735,1.0032033546708115,0.9480266913563532,0.860995112295754,0.7506496460316849,0.625843399595791,0.4945824136879927,0.3633561108848994,0.23692084048958958,0.11840294448710723,0.009572701816223772,-0.08882796676560908,-0.17677644599938364,-0.2547132402430948,-0.32334737081339804
-0.12559205722040595,-0.011767911288137312,0.11787645121094714,0.26092718538555,0.41270487603191436,0.5660672482994669,0.7116990851826065,0.83903573032134,0.9377727863555901,0.9996497978943053,1.019993217961064,0.9985136170781689,0.9391100941266501,0.8488117305676701,0.7362720270519767,0.6102945281624544,0.47872885403730414,0.3478602309382753,0.2222393582741393,0.10481347380189321,-0.0027879344370718706,-0.09992469626406222,-0.18664206868306793,-0.263421844706593,-0.33099496865565653
-0.11295013187731817,0.0028129780323645215,0.13421442334287056,0.27859274728248457,0.43097912293194723,0.583946815099293,0.7279712644317282,0.8524305195159263,0.9471689245875021,1.0042813570768265,1.0195911748962605,0.9933355123836507,0.9298533416383122,0.8364486841206422,0.7218649913108087,0.5948410351164257,0.46306318656743745,0.3326125069138056,0.20783835886493093,0.0915150380440749,-0.014862470705170328,-0.11075028415056234,-0.19625724975332967,-0.27190334681239864,-0.33843934491708394
-0.1002169209349717,0.017453589069074127,0.15055667623220295,0.2961795573229573,0.44906480070737653,0.6015091248972237,0.7437948297042615,0.8652653409245448,0.9559374590538838,1.0082785799669103,1.0186132927980935,0.9876950286718432,0.9202815708845462,0.8239271996313181,0.7074439766313552,0.5794919980541691,0.44758860069801654,0.3176113290043956,0.1937127395407239,0.0785002861799125,-0.02665947060642057,-0.12131372591853015,-0.20563087636120295,-0.28016618342341254,-0.3456882937187079
-0.08739591466147362,0.03214879432575979,0.16689637140791572,0.3136794302451721,0.4669533971109381,0.6187471011144636,0.7591664436606029,0.8775428685176643,0.9640884983405156,1.0116588774154402,1.0170824046475144,0.9816172787704975,0.91041871089853,0.8112671771639987,0.6930231860810205,0.5642555020984659,0.43230760606995383,0.3028547211912864,0.17985730100413258,0.06576197655508553,-0.03818724757701425,-0.13162368248197961,-0.21477146045987305,-0.2882184067627158,-0.35274923557634114
-0.07449063231156339,0.04689345965345565,0.18322672003205423,0.33108433227835893,0.48463669751404614,0.63565412792089,0.7740833504044468,0.8892663575521421,0.9716325504665497,1.0144396960254671,1.0150209118985478,0.9751265017581522,0.9002875201464818,0.7984872563149883,0.678615668505927,0.5491387194688744,0.4172220995774437,0.2883403897607098,0.16626677639864776,0.05329298870040927,-0.04945386647563682,-0.14168849115718263,-0.22368715561501637,-0.2960677042703633,-0.35962923830316584
-0.06150462117125044,0.061682446412424985,0.1995409863114528,0.34838638475351713,0.5021067857855344,0.6522240434468632,0.7885433556452692,0.9004396093879569,0.9785804770180201,1.0166384741663117,1.0124507586777862,0.9682460678825221,0.8899096249323666,0.785604880412152,0.6642333946467752,0.5341479833028653,0.40233342656114346,0.27406576682335476,0.1529358566500262,0.04108633287140956,-0.0604671462070544,-0.15151617669094788,-0.23238577318038056,-0.3037214173987334,-0.366335036623038
-0.048441455595249094,0.07651061361946743,0.21583249081900677,0.3655778674714625,0.5193560447342351,0.6684511324806891,0.8025448066614808,0.9110669370508496,0.9849434495009778,1.0182726015973234,1.009393410028633,0.9609984864658482,0.8793055584632546,0.7726363586370038,0.6498873289753806,0.5192888560904558,0.38764243664182996,0.2600280493217777,0.13985921254398018,0.029135157622360797,-0.07123466318031549,-0.16111446225236842,-0.2408747978332615,-0.3111865593950123,-0.3728730505765169
-0.03530473603745332,0.0913728200794372,0.23209461372292142,0.38265122182997985,0.5363771561301082,0.6843301186918727,0.8160865721310597,0.9211531316025778,0.9907329079003574,1.019359382538944,1.0058698338798602,0.9534054164083755,0.868494800269266,0.7595969259730393,0.635587497404035,0.5045661930704363,0.37314953463794875,0.2462242339651711,0.12703151390718362,0.017432755678204015,-0.08176375544369155,-0.17049078032065335,-0.24916140247128843,-0.31846983211934526,-0.37924940279696956
-0.022098088074707922,0.10626392649983679,0.24832079792244277,0.3995990537121344,0.5531631003189033,0.6998561564195057,0.8291680218925691,0.9307034293722506,0.9959605214212087,1.019916002026777,1.0019004864330454,0.9454876789343722,0.8574958157127793,0.7465008009153569,0.6213430510290127,0.4899842009207602,0.3588547269767829,0.23265114848940371,0.11444744621864203,0.00597256833523635,-0.09206152736123405,-0.1796522834148376,-0.2572524624771249,-0.3255776419464879,-0.3854699347294494
-0.008825161424118877,0.1211787975874313,0.26450455208880336,0.41641413613824596,0.569707155445738,0.7150248220643896,0.8417890066956735,0.9397234800945095,1.0006381513806313,1.0199594953837823,0.9975053006788083,0.9372652722564534,0.8463260953582352,0.7333612409032139,0.6071623260753388,0.4755464920593817,0.34475766397712027,0.21930547960233954,0.10210172494266967,-0.005251811407192553,-0.10213485471555772,-0.18860585462236357,-0.26515456936188914,-0.33251611479782356,-0.39154022186063603
0.0045103710458402335,0.13611230412579528,0.2806394536101785,0.4330894116842824,0.5860028963031578,0.7298321051225269,0.8539498379964002,0.9482193159929687,1.0047778162114254,1.0195067206462995,0.9927036777672795,0.9287573878635125,0.8350021940069146,0.7201905954598193,0.5930529002132227,0.46125613485543804,0.33085767835166024,0.20618379794013178,0.08998910784295674,-0.016246636806846848,-0.11199039013842285,-0.19735811789286917,-0.27287404380125846,-0.3392911103492756,-0.39746558802386833
0.017904814310169326,0.15105932503274408,0.2967191514396082,0.4496179946697471,0.6020441928194518,0.7442743988966389,0.8656512678486235,0.9561973218404662,1.008391658532159,1.0185743337812234,0.9875144809737679,0.9199824281652269,0.8235397692306615,0.7070003570426854,0.5790216454175768,0.44711570003419887,0.3171538202496368,0.19328258032898124,0.07810440550876246,-0.0270180062755499,-0.1216345687853756,-0.20591544807138798,-0.28041694808061257,-0.3459082354591137,-0.4032511188391945
0.0313544521878823,0.16601474939667338,0.31273736884501036,0.4659931731184731,0.6178252082031717,0.7583484909213456,0.8768944689395423,0.9636642060212695,1.0114919142329508,1.0171787665341434,0.9819560320159482,0.9109580252519025,0.8119536192649333,0.6938012096236972,0.5650747775412603,0.43312730354290063,0.3036448891342996,0.18059822961851354,0.06644249029896249,-0.03757186307723043,-0.13107361418337646,-0.21428398065175186,-0.2877890979673838,-0.3523728568580341,-0.4089016743445596
0.04485554834798122,0.180973478490788,0.3286879060605038,0.4822084104959626,0.6333403967598658,0.7720515531364855,0.8876810148132467,0.9706269726143726,1.0140908835216806,1.0153362067514975,0.976046109494038,0.9017010605524729,0.8002577201451327,0.6806030750312223,0.5512179027705109,0.4192926461286961,0.2903294627659594,0.16812709232732898,0.05499830388714155,-0.0479139957083658,-0.14031354419125847,-0.2224696212364895,-0.2949960740299774,-0.3586901131420947,-0.41442190087054875
0.05840434732061173,0.19593042776428196,0.34456464283840343,0.4982573472271883,0.6485845013970841,0.7853811318419078,0.8980128603229174,0.9770928945114747,1.0162009038715814,1.013062581023666,0.9698019492402008,0.8922276851957359,0.7884652619910817,0.6674151570972721,0.5374560611276705,0.40561304986447233,0.27720592353908374,0.15586547431803735,0.04376686357079257,-0.05805003885707974,-0.14936017702227697,-0.23047805469405075,-0.30204323242345843,-0.36486492610729393,-0.4198162422076709
0.07199707551313611,0.2108805288095338,0.36036154090139316,0.5141338019990214,0.6635525508337259,0.7983351374658523,0.9078923223487236,0.9830694875781079,1.017834324808077,1.0103735395003008,0.9632402463777633,0.8825533409005251,0.7765886843629806,0.6542459836613483,0.5237937671820532,0.39208949184335573,0.264272482401383,0.14380965469805423,0.03274326748977485,-0.06798547485026887,-0.15821913728615072,-0.2383147540080215,-0.3089357151626965,-0.37090201146278495,-0.42508895011193093
0.08562994223086462,0.22581873130442445,0.376072646294508,0.5298317728516695,0.6782398565297522,0.8109118341777911,0.9173220608151338,0.9885644858616612,1.019003484470353,1.0072844427339984,0.9563771589047042,0.8726927812394941,0.7646397106285121,0.6411034464894164,0.51023504812486,0.37872263524843774,0.25152720056387146,0.13195589812342493,0.02192269888321058,-0.07772563550965367,-0.16689586201496126,-0.24598498881608016,-0.31567845990379223,-0.37680588895785366,-0.43024409419137055
0.09929914070218371,0.24074000492889602,0.3916920916366623,0.5453454380637186,0.6926420093522003,0.8231098293753301,0.9263050600380928,0.9935858178457402,1.0197206878813256,1.0038103504135396,0.9492283126292029,0.8626600931386723,0.7526293812950631,0.6279948391716925,0.49678347935860395,0.3655128579905564,0.2389680091933837,0.12030046566573194,0.01130042949977067,-0.08727570434776455,-0.17539560664331905,-0.25349383363901823,-0.32227620925463135,-0.38258089195602046,-0.4352855712134026
0.11300084910781513,0.25563934125492804,0.40721409827161914,0.5606691568355623,0.7067548759933096,0.8349280630734632,0.9348446104293906,0.9981415837463636,1.0199981868584274,0.9999660118533028,0.9418088072978072,0.852468718490959,0.7405680862735833,0.6149268930668247,0.4834422177456883,0.35246027909402233,0.22659272726294652,0.10883962438659747,0.0008718222636226458,-0.09664071904376556,-0.18372345091836678,-0.2608461758022423,-0.32873351963516584,-0.3882311764878821,-0.4402171138701144
0.1267312316139422,0.27051175560910035,0.42263297831837704,0.5757974697761764,0.7205745951564153,0.8463657972231778,0.9429442905825502,1.002240033841959,1.019848161496866,0.995765858111006,0.9341332237689592,0.8421314757763745,0.7284655960514943,0.6019058113628034,0.4702140326547316,0.33956478299781573,0.21439907772055483,0.09756965575020995,-0.009367666713000766,-0.10582557414683055,-0.1918843047196468,-0.26804672305384014,-0.3350547697076776,-0.3937607298125723,-0.4450422990361679
0.14048643940893946,0.2853522889069841,0.4379431366211145,0.590725099198373,0.7340975735250848,0.8574226049850854,0.9506079497616878,1.0058895478259076,1.0192827031566847,0.9912239956115888,0.9262156320961814,0.8316605815952411,0.7163310917615344,0.5889373013266934,0.45710133493704086,0.32682604192818693,0.20238470212330334,0.08648686299162356,-0.0194224866897183,-0.11483502396162923,-0.1998829137726737,-0.2751000108846574,-0.3412441683968344,-0.3991733785161117,-0.4497645555516361
0.15426261174343592,0.30015600945858584,0.45313907259889064,0.605446949227771,0.7473204815307125,0.868098359982419,0.9578396908120472,1.009098615167526,1.0183137988850275,0.986354201160788,0.9180696003962147,0.8210676720326539,0.704173194141601,0.5760266048162463,0.444106203959421,0.3142435364876285,0.1905471738713209,0.07558757754709233,-0.029296991358467223,-0.12367368557648523,-0.20772386524330375,-0.2820104095568592,-0.3473057625187796,-0.40447279617330484,-0.4543871715598924
0.16805587697345092,0.31491801474415376,0.4682153819954707,0.619958105730899,0.7602402489335849,0.8783932255564478,0.9646438535083235,1.0118758164648471,1.016953317205434,0.9811699182376707,0.909708204387728,0.8103638237836037,0.6919999913876171,0.5631785271266644,0.4312304128132611,0.3018165745948745,0.17888401016445785,0.06486816464232431,-0.038995438340632654,-0.13234604200008349,-0.21541159320281714,-0.288782130848294,-0.353243444037923,-0.40966251059834796,-0.4589133014286742
0.1818623536063229,0.3296334331596348,0.4831667585297125,0.6342538360679222,0.7728540602321111,0.8883076440460251,0.9710249983544115,1.0142298057703047,1.0152129952067108,0.9756842544611101,0.9011440374959904,0.7995595749781417,0.6798190659074412,0.5503974642454795,0.4184754518137151,0.2895443089009291,0.16739268279416458,0.0543250281251792,-0.048521989064028964,-0.14085644537721673,-0.22295038395599667,-0.2954192345205853,-0.3590609569694524,-0.4147459107078658,-0.46334597228052593
0.19567815134917685,0.3442974257311427,0.49798799544706773,0.6483295886755862,0.7851593499146245,0.8978423261117026,0.9769878908458748,1.0161692938684908,1.0131044268649265,0.9699099801308161,0.8923892214280494,0.7886649456549922,0.667637519988865,0.5376874285876857,0.4058425503967743,0.2774257527970999,0.15607062787336204,0.04395461462089012,-0.057880708969320405,-0.14920912025810582,-0.23034438122651313,-0.3019256345192976,-0.36476190394489194,-0.41972625301869343,-0.46768809015706325
0.20949937215964898,0.35890518779779823,0.5126739869728532,0.6621809924860657,0.7971537975678333,0.9069982401235515,0.9825374862042493,1.017703032483465,1.0106390525333009,0.9638595277490811,0.8834554171315502,0.7776894578401617,0.6554620003989658,0.5250520732820612,0.39333269751614164,0.2654597951225254,0.14491525459825055,0.033753417080228165,-0.06707556800110276,-0.1574081668994531,-0.23759759119567395,-0.30830510491486873,-0.37034975245738677,-0.4246066678014533,-0.47194244583987904
0.22332211129860546,0.37345195066236364,0.5272197296680561,0.6758038561874707,0.8088353228556673,0.9157766016306004,0.9876789145902275,1.0188397993916651,1.0078281495361765,0.9575449924348057,0.8743538360583223,0.7666421551943788,0.6432987219355687,0.5124947150780725,0.38094666063612825,0.25364521367081116,0.1339239531279141,0.023717977784138033,-0.07611044134395376,-0.16545756457845562,-0.2447138873920331,-0.3145612855931515,-0.3758278408026626,-0.42939016490970283,-0.47611172034934757
0.23714245838458078,0.3879329832090905,0.5416203236885047,0.6891941673317978,0.8202020803818719,0.9241788629285167,0.9924174668008277,1.0195883844152642,1.0046828238048622,0.9509781331466679,0.8650952516613806,0.7555316221997919,0.6311534899544493,0.5000183559410094,0.3686850034113143,0.24198068758803812,0.12309410166019072,0.013844890862165005,-0.08498911036821391,-0.17336117490377131,-0.2516970154306024,-0.32069768770450774,-0.38119938373093337,-0.434079639303272,-0.4801984901411968
0.25095649844966683,0.4023435934882659,0.5558709739483529,0.7023480912961837,0.8312524544493629,0.932206702740998,0.9967585804538727,1.019957576269848,1.001214002494854,0.944170374637396,0.8556900110609027,0.7443660028621613,0.619031721898187,0.4876257034009962,0.35654810213841204,0.23046480874754116,0.1124230727754777,0.004130804376327624,-0.09371526375432346,-0.18112274510983573,-0.2585505976014354,-0.3267176988804237,-0.3864674778243528,-0.4386778762833068,-0.4842052320193728
0.26476031299658204,0.41667913026695685,0.5699669911889105,0.7152619701033289,0.841985053728941,0.9398620160291347,1.0007078266614169,1.0199561502394903,0.9974324275257846,0.9371328100660604,0.846148046821224,0.7331530189100205,0.6069384678543863,0.4753191897194192,0.3445361610607114,0.219096092180484,0.10190823911394617,-0.005427577982952236,-0.10229249876808483,-0.1887459113230145,-0.26527813730823463,-0.3326245882265456,-0.39163510661392353,-0.4431875564554913,-0.4881343277825071
0.2785499810566464,0.4309349845454709,0.5839037929539028,0.7279323211069627,0.8523987058495509,0.947146903941852,1.0042708971922085,1.0195928566517165,0.993348649987392,0.9298762042000724,0.8364788887868827,0.7218999874769221,0.5948784301723733,0.46310098993409055,0.33264922660067403,0.20787298563535728,0.09154697844599502,-0.014833495546845932,-0.11072432266241047,-0.19623420178990858,-0.27188302335831327,-0.3384215111009131,-0.39670514544909885,-0.4476112604369009,-0.49198806862011524
0.2923215802483912,0.44510659103911476,0.59767690447238,0.7403558355482596,0.8624924519218985,0.954063663919456,1.0074535921218581,1.0188764101244145,0.9889730253567718,0.9224109971431259,0.8266916759312493,0.710613838256947,0.5828559821684458,0.450973038842149,0.32088720059160225,0.19679387833398876,0.08133667819055113,-0.024090129626181345,-0.11901415418397532,-0.20359104005975062,-0.278368534105886,-0.3441115136860645,-0.4016803661327236,-0.4519514733210832,-0.4957686592736532
0.30607118783653336,0.4591894296248335,0.6112819594505079,0.7525293769890642,0.8722655410067696,0.9606147799611964,1.0102618079680632,1.017815479556474,0.9843157094742543,0.9147473085297281,0.8167951681764132,0.6993011301273155,0.5708751859504608,0.4389370469773866,0.3092498525749572,0.18585710898658384,0.07127473943111112,-0.03320060274344236,-0.12716532516570958,-0.21081974811421533,-0.2847378414511016,-0.34969753736344816,-0.4065634413332838,-0.45621058891500815,-0.499478221976497
0.31979488179103877,0.47317902675236656,0.6247147007735999,0.7644499796278024,0.8817174245390058,0.966802913066745,1.0127015263070327,1.0164186788338068,0.9793866552273052,0.906894942131125,0.8067977581476755,0.6879680672350801,0.5589398093929203,0.4269945156363093,0.29773683122573413,0.17506097312356692,0.061358580475086244,-0.04216797810793954,-0.13518108218832448,-0.21792354943919443,-0.29099401469764424,-0.355182422898414,-0.41135694878588175,-0.46039091376077773,-0.5031188001860412
0.33348874184600763,0.48707095681957147,0.6379709811197771,0.7761148465038977,0.8908477507176465,0.9726308918604749,1.0147788028661817,1.0146945582223903,0.9741956098939492,0.8988633908214155,0.796707482830324,0.6766205145476667,0.5470533422938698,0.4151467510048944,0.2863476749643637,0.1644037297976051,0.05158563999803384,-0.050995259306468255,-0.14306458829608976,-0.22490557203414657,-0.29714002427203273,-0.36056891444379163,-0.41606337529275006,-0.4644946709541692,-0.5066923621202237
0.3471488505581023,0.5008608435116026,0.6510467634867271,0.7875213475964846,0.8996563588723014,0.97810170340646,1.0164997570871477,1.0126515964200882,0.9687521130993271,0.8906618418564454,0.7865320351003392,0.6652640128694606,0.535219011744895,0.4033948774356847,0.2750818218099106,0.1538836077051453,0.04195337981077041,-0.059685390184493536,-0.1508189247538506,-0.2317688513555555,-0.3031787453079826,-0.36585966336985093,-0.4206851205335711,-0.4685240037713799,-0.5102008041099995
0.36077129436425254,0.514544361103668,0.663938121633087,0.7986670178231604,0.9081432738154098,0.9832184842212031,1.0178705621523159,1.0102981932392077,0.9630654953410714,0.882299182421646,0.7762787751042957,0.6539037933287025,0.5234397967452559,0.39173984992254474,0.2639386185258116,0.1434988107730246,0.032459287284025584,-0.06824125489540714,-0.15844709283387992,-0.23851633319183468,-0.3091129610993894,-0.37105723192816187,-0.42522450069536166,-0.4724809791146662,-0.5136459537785447
0.3743521646383625,0.5281172357271168,0.6766412404360416,0.8095495549444627,0.9163087001895834,0.9879845114902084,1.0188974354672258,1.0076426628920614,0.9571448770412649,0.8737840054083881,0.7659547414670383,0.642544791340762,0.51171844209083,0.3801824658181526,0.2529173291060885,0.13324752325222186,0.023100877462300107,-0.07666567809764932,-0.16595201562258613,-0.2451508764677085,-0.31494536642561555,-0.37616409675662965,-0.42968375193113995,-0.47636759078691315,-0.5170295730572583
0.38788755874674863,0.5415752465986227,0.6891524161667554,0.8201668173796753,0.9241530168188042,0.9924031944936763,1.0195866295905254,1.0046932278521783,0.9509991680847989,0.8651246153816302,0.7555666623087538,0.6311916600554078,0.5000574715680648,0.3687233758371232,0.2420171426468723,0.12312791435763132,0.013875694895810975,-0.08496142528150563,-0.17333653983834257,-0.2516752559766938,-0.32067857075284506,-0.381182652232705,-0.4340650336561403,-0.48018576260458756,-0.5203533610480198
0.401373581102038,0.5549142272122871,0.7014680566853355,0.8305168219395169,0.9316767710718168,0.996478066245793,1.0199444236025175,1.0014580132642674,0.944637067805945,0.8563290347046667,0.7451209660557894,0.6198487832969635,0.4884592004825209,0.35736309438549396,0.2312371806451308,0.11313814248971812,0.004781315216907667,-0.0931312032092339,-0.180603437652853,-0.2580921650408331,-0.3263151013153508,-0.38611521368151136,-0.4383704316898711,-0.48393735135795973,-0.523618956740528
0.41480634421525475,0.5681300664944922,0.7135846815570523,0.8405977414811661,0.9388806732456281,1.0002127753513352,1.0199771149027954,0.9979450418765493,0.9380670653869292,0.8474050097896126,0.7346237920320771,0.6085202880073382,0.4769257475509214,0.34610200925525275,0.22057650376373908,0.10327635907118701,-0.004184653514990366,-0.10117766045382817,-0.18775540850944145,-0.2644042180972658,-0.3318574060805083,-0.3909640204453739,-0.44260196125186635,-0.48762414962694833,-0.5268279415930042
0.42818196974582634,0.5812187099213756,0.725498922091583,0.8504079024909955,0.9457655909765983,1.0036110780825798,1.0196910114269893,0.9941622294696442,0.9312974406342148,0.8383600174449566,0.7240810008202858,0.5972100562028179,0.4654590461848923,0.33494039072058723,0.21003411809945768,0.09354071202924391,-0.013024569677957065,-0.10910338802322289,-0.1947950809325779,-0.27061395321160714,-0.33730785660142015,-0.3957312388209604,-0.44676156981858683,-0.4912478884604552,-0.5299818419840221
0.4414965895492369,0.594176160598817,0.7372075213070902,0.859945782600291,0.952332543686192,1.0066768306788272,1.0190924242722545,0.9901173807568145,0.9243362651000754,0.829201271294004,0.7134981843838799,0.5859217364562235,0.45406085519377243,0.32387840007060476,0.19960898098795293,0.08392934895167548,-0.021740757141594402,-0.11691092005808162,-0.20172501432369616,-0.2767238345184239,-0.34266875076096026,-0.40041896487000195,-0.45085113984850106,-0.49481023992657996,-0.5330821315427282
0.45474634672206027,0.6069984803048634,0.7487073338209733,0.8692100080391283,0.9585826970680398,1.0094139818702175,1.0181876607207854,0.9858181857310184,0.917191403518843,0.8199357282403836,0.7028806759430866,0.5746587549166271,0.4427327689330533,0.3129160976114337,0.18930000637772684,0.0744404199427946,-0.030335504492254528,-0.12460273459255464,-0.20854770073911155,-0.28273625458937757,-0.3479423154110423,-0.4050292271093095,-0.4548724913820362,-0.49831281954068823,-0.5361302333642848
0.46792739664410576,0.6196817904945506,0.7599953256691719,0.8781993510334914,0.9645173576225735,1.0118265656268948,1.016983017650375,0.9812722164349065,0.9098705155289756,0.8105700949589816,0.6922335595994568,0.5634243258792523,0.4314762269241353,0.3020534501688249,0.17910606980267982,0.06507208020329247,-0.03881106441276602,-0.13218125436846398,-0.21526556664642238,-0.2886535367298181,-0.3531307089108201,-0.4095639890855418,-0.4588273845226995,-0.5017571885778727,-0.539127522116911
0.48103590801740476,0.6322222732670866,0.7710685740559129,0.8869127271505703,0.9701379672450708,1.0139186941340261,1.0154847753208185,0.976486924130613,0.9023810576537903,0.8011108343927197,0.681561679705186,0.5522214619185312,0.42029252297023306,0.29129033812070537,0.16902601298106854,0.0558224923561943,-0.047169653201465905,-0.1396488476944041,-0.22188097465637535,-0.2944779372048505,-0.35823602356751016,-0.4140251518399778,-0.4627175218053741,-0.5051448562759991,-0.5420753260465607
0.49406806390177327,0.6446161722954172,0.7819242670358291,0.8953491925971049,0.9754460978725871,1.0156945509926434,1.0136991915247968,0.9714696368469116,0.8947302855153242,0.7915641722374916,0.6708696499746885,0.5410529835974953,0.40918281379235383,0.2806265619874835,0.1590586480667187,0.0466898285393722,-0.05541345041665685,-0.14700782934210121,-0.22839622522761688,-0.30021164739598066,-0.36326028798339405,-0.4184145562682694,-0.4665445504574251,-0.5084772819351222,-0.5449749288848276
0.5070200627466857,0.6568597937181997,0.7925597031303955,0.9035079414754897,0.9804434461948512,1.0171583846457843,1.0116324960917604,0.9662275572820535,0.886925256257369,0.7819361033993522,0.6601618623371164,0.5299215287668255,0.3981481272083921,0.27006184860638227,0.14920276157663825,0.03767227228352371,-0.06354459863385242,-0.15426046147322883,-0.23481355834223278,-0.30585679588966086,-0.3682054693125284,-0.4227339853799727,-0.4703100645580005,-0.5117558769187729,-0.5478275716654099
0.5198881194191909,0.6689495069942357,0.8029722908806344,0.9113883030022425,0.9851318284338396,1.0183145020289497,1.009290885733269,0.9607677610413649,0.8789728311552283,0.7722323984097015,0.6494424955295698,0.5188295614669459,0.38718936987749863,0.25959585691460146,0.1394571180175381,0.028768020193036203,-0.07156520330427138,-0.16140895459057536,-0.24113515515031503,-0.3114154504991037,-0.37307347543055486,-0.42698516646240187,-0.47401560710058654,-0.5149820065622499,-0.5506344544540784
0.5326684662276127,0.6808817457194642,0.813159548338078,0.918989738693325,0.9895131751963837,1.0191672624434702,1.0066805192182047,0.9550971951894189,0.8708796783911759,0.7624586097857281,0.6387155234316655,0.5077793804465143,0.3763073346309891,0.24922818336469094,0.12982046323223145,0.019975283445813896,-0.07947733270408863,-0.16845546850813292,-0.24736313958217235,-0.3168896202208358,-0.37786615702094606,-0.4311697731531779,-0.47766267196362344,-0.5181569919927934,-0.5533967379968308
0.5453573539407612,0.6926530084066007,0.8231191024959605,0.9263118395206561,0.9935895264038104,1.0197210716509837,1.0038075128663033,0.9492226770973865,0.8626522759759909,0.7526200783247982,0.6279847231429793,0.4967731273106171,0.3655027074102017,0.23895836699421896,0.12029152748548233,0.011292289126907995,-0.08728301796487234,-0.17540211333529426,-0.2534995799270739,-0.32228125712754796,-0.38258530958090003,-0.4352894274256147,-0.48125270579374535,-0.5212821118662172,-0.5561155452906248
0.5579510528024056,0.7042598592275787,0.832848688662648,0.9333543230440495,0.9973630263022835,1.0199803761868582,1.0006779363484701,0.9431508935668991,0.8542969147982431,0.7427219393227792,0.6172536828055736,0.4858127943118278,0.3547760738308381,0.2287858941705171,0.11086902830752454,0.0027172814096264597,-0.09498425317647105,-0.18225095047082213,-0.25954649037767724,-0.32759225819880367,-0.3872326753500061,-0.4393457014909139,-0.4847871098059303,-0.5243586040243211,-0.5587919630808171
0.5704458535407384,0.7156989287189246,0.8423461497792899,0.9401170305226556,1.0008359185571738,1.0199496578900717,0.997297808782447,0.9368884002125363,0.8458197017842677,0.7327691287075052,0.6065258091744771,0.4749002317971457,0.3441279253925149,0.21871020303012645,0.10155167311225247,-0.005751477403251382,-0.10258299555444622,-0.18900399360282977,-0.2655058325395476,-0.3328244670912542,-0.3918099451647141,-0.4433401196209446,-0.4882672415046575,-0.5273876670771526,-0.5614270432891897
0.5828380683725745,0.7269669144502683,0.8516094356837085,0.9465999240098733,1.0040105414344849,1.0196334286467537,0.9936730951124839,0.9304416210857765,0.8372265631529506,0.7227663890796854,0.5958043349395057,0.46403715532360185,0.3335586653513922,0.2087306876313924,0.09233816160589922,-0.014115705966515957,-0.11008116566478923,-0.19566320971134704,-0.2713795169053316,-0.33797967584998256,-0.39631876024151835,-0.4472741598952155,-0.49169441632992456,-0.5303704619139732,-0.564021804376228
0.5951240320020289,0.7380605816561714,0.8606366023225134,0.9528030834355455,1.0068893230720346,1.0190362253443208,0.9898097027618099,0.9238168485240058,0.828523247750589,0.7127182756546095,0.5850923258023111,0.4532251524551151,0.32306861427299366,0.19884670183762573,0.08322718800097431,-0.022377103097087292,-0.11748064769937927,-0.2022305200705357,-0.2771694042933741,-0.34305962656264144,-0.400760713891681,-0.4511492558754666,-0.49506990923178495,-0.5333081131465469,-0.5665772326410886
0.6073001026134123,0.7489767638315117,0.869425810913454,0.958726703679136,1.009474776842818,1.01816260503289,0.9857134785468425,0.9170202432088841,0.8197153304521494,0.7026291620989153,0.5743926873129157,0.44246568925288765,0.3126580152815225,0.1890575629471815,0.0742174430491872,-0.030537347086196542,-0.1247832897961883,-0.20870780124790925,-0.282877307250689,-0.348066012958056,-0.4051373531702279,-0.4549667982111694,-0.49839495617688434,-0.5362017104881828,-0.5690942834624996
0.6193626628580948,0.7597123632906555,0.8779753270599853,0.9643710916374267,1.011769496812681,1.0170171402904338,0.9813902058422598,0.9100578344191054,0.8108082156162839,0.692503246257576,0.5637081714703588,0.4317601164713807,0.3023270390212536,0.17936255508589694,0.065307615906179,-0.038598095110051966,-0.13199090439879704,-0.21509688609824973,-0.28850499142033487,-0.3530004819509217,-0.40945018046182735,-0.45872813617904207,-0.5016707555902579,-0.539052310071759,-0.571573882483642
0.631308120835079,0.7702643516906951,0.8862835198200504,0.9697366632901682,1.0137761532941658,1.0156044147879426,0.9768456019862346,0.9029355204632566,0.8018071405824054,0.6823445557670273,0.5530413830923386,0.42110967547158196,0.29207578834483355,0.16976093237637227,0.056496395839968294,-0.04656098273058609,-0.13910526865029893,-0.22139956475022488,-0.29405417687336444,-0.3578646351342603,-0.41370065500609055,-0.46243457915955866,-0.5048984697355205,-0.5418609357097902,-0.5740169267439045
0.6431329110650326,0.7806297705190208,0.8943488607310359,0.9748239407669462,1.0154974884981296,1.0139290190506836,0.9720853159153582,0.8956590692791926,0.792717179199054,0.6721569535511092,0.542394785958991,0.4105155038629996,0.28190430274265293,0.16025192189776968,0.04778247379425232,-0.054427623478504855,-0.14612812481708665,-0.22761758558392783,-0.29952653940562335,-0.3626600302212454,-0.41789019436471453,-0.4660873980532807,-0.5080792260363882,-0.5446285800994068,-0.5764242857602064
0.6548334954575302,0.7908057315455503,0.9021699227928764,0.9796335494184296,1.0169363122844894,1.0119955464114925,0.9671149260189814,0.8882341191869796,0.7835432453736219,0.6619441431971211,0.5317707087360986,0.39997864088545176,0.271812562526735,0.15083472644894289,0.03916454381687934,-0.062199608511504606,-0.15306118073847286,-0.23375265619783117,-0.3049237117997428,-0.3673881824380093,-0.42202017583282525,-0.46968782663971753,-0.5112141183423319,-0.5473562059749982,-0.5787968025604644
0.6664063642712561,0.8007894172399241,0.9097453794112488,0.984166214894998,1.0180954980132084,1.0098085891519066,0.961939938202946,0.8806661797831216,0.7742900966343297,0.6517096742099182,0.5211713506832043,0.3895000325414396,0.26180049278198675,0.1415085271269988,0.030641304363154487,-0.06987850634105422,-0.15990611029844343,-0.2398064443638425,-0.31024728505276683,-0.37205056586901164,-0.42609193779676047,-0.47323706288128065,-0.514304208141012,-0.5500447472110708,-0.5811352946716104
0.6778480370669213,0.8105780811540095,0.9170740033027854,0.9884227602356355,1.0189779784964115,1.0073727348268295,0.9565657841529214,0.8729606329644127,0.7649623376961056,0.6414569471425096,0.5105987871521909,0.3790805364895261,0.25186796709699644,0.13227248573263697,0.0222114594829545,-0.07746586262165919,-0.16666455391619425,-0.2457805789693191,-0.3154988095698793,-0.3766486147564963,-0.43010678104044836,-0.47673627017477443,-0.51735052572,-0.5526951098777697,-0.5834405550644322
0.6891550636526469,0.8201690482700819,0.9241546653642249,0.9924041029698358,1.019586742052302,1.004692562768323,0.950997819787803,0.8651227340703517,0.7555644240227195,0.63118921860211,0.5000549748819608,0.36872092670881623,0.24201481108597475,0.12312574701293644,0.013873719899988923,-0.08496319999702975,-0.17333811905244179,-0.25167665094511144,-0.3206797963248076,-0.38118372475558976,-0.434065970002475,-0.48018657855277447,-0.52035407128019,-0.5553081732513753,-0.585713353057406
0.7003240250215758,0.8295597153150417,0.9309863335073847,0.9961112522351372,1.0199248286613536,1.0017726407640488,0.9452413238938983,0.857157613133657,0.7461006653782174,0.6209096061310484,0.4895417570949165,0.3584218979443042,0.23224080571287675,0.11406744075164654,0.005626803991028828,-0.09237201799797237,-0.17992838072874762,-0.2574962141788081,-0.3257917179874499,-0.38565725414648805,-0.43797073398582,-0.4835890858370947,-0.5233158160031346,-0.5578847907819368,-0.5879544351815318
0.7113515342814676,0.8387475510410742,0.937568071461834,0.9995453059127735,1.0199953262250487,0.998617521905822,0.9393014969308765,0.84907027622898,0.7365752293613119,0.6106210929623425,0.47906086840093637,0.3481840699425095,0.22254569042816968,0.1050966837163983,-0.0025305613276858097,-0.09969379298726905,-0.1864368820573958,-0.26324078641252796,-0.33083601001937246,-0.39007052500520534,-0.4418222683221832,-0.4869448587464766,-0.5262367030744721,-0.5604257910201188,-0.5901645260081031
0.7222342375760402,0.8477300964731463,0.9438990375471037,1.0027074477838016,1.0198013669272599,0.99523174160368,0.9331834600007376,0.840865606910464,0.7269921449169894,0.6003265326500975,0.46861393951456254,0.3380079914864997,0.2129291661282024,0.09621258147171544,-0.010599639800081606,-0.10692997814716196,-0.1928651347795845,-0.268911850124708,-0.3358140717378168,-0.3944248243342854,-0.4456217354927323,-0.49025493396050873,-0.5291176486654698,-0.5629319785052138,-0.5923443289412234
0.73296881499782,0.8565049651237667,0.9499784834162608,1.0055989447079439,1.0193461236981938,0.9916198147608609,0.9268922539713105,0.8325483677293272,0.7173553058201364,0.5900286535752294,0.45820250179107846,0.3278941442390587,0.2033908979466259,0.08741423006615479,-0.018581685109661628,-0.11408200350541664,-0.1992146198099113,-0.27451085339544345,-0.34072726734888414,-0.39872140515485255,-0.44937026620704223,-0.4935203191417076,-0.5319595428746167,-0.5654041346161638,-0.5944945269767801
0.7435519814922665,0.8650698431754447,0.9558057527726407,1.008221143827255,1.018632806780658,0.9877862331050412,0.920432838746072,0.8241232018231448,0.7076684741265065,0.5797300633272859,0.4478279915871204,0.31784294640245225,0.19393051788683233,0.07870071760140407,-0.02647794023283137,-0.12115127599625547,-0.20548678778534668,-0.28003921075504457,-0.3455769269505886,-0.4029614875613341,-0.45306896044189643,-0.49674199391757373,-0.534763250631101,-0.5678430183873415,-0.5966157834295003
0.7539804877529401,0.8734224896312948,0.961380280061502,1.0105754697966056,1.017664660398257,0.9837354626711975,0.9138100926723446,0.8155946345690014,0.6979352835868312,0.5694332529634025,0.4374917544514054,0.30785475620289393,0.18454762730391938,0.07007112569069707,-0.03428963686070122,-0.12813917955274523,-0.2116830596170608,-0.2854983040155495,-0.35036434750648326,-0.40714625974016105,-0.45671888844159475,-0.4999209108243923,-0.5375296125619136,-0.5702493672907611,-0.5987087426296177
0.7642511211074788,0.881560736434245,0.9667015891383403,1.0126634220428552,1.016444959524979,0.9794719414314483,0.9070288120802007,0.8069670752931551,0.6881592430203312,0.5591406011456681,0.4271950491511053,0.2979298752075454,0.17524179924426425,0.061524530813459155,-0.04201799488428379,-0.13504707522750872,-0.21780482704364035,-0.2908894830850214,-0.355090793790563,-0.4112768789537008,-0.46032109168129914,-0.5030579962144168,-0.5402594458242291,-0.5726238979862738,-0.60077403059061
0.7743607063941632,0.889482488555331,0.9717692919155709,1.0144865720544742,1.014977006755508,0.9750000770672518,0.9000937109446718,0.7982448190302844,0.6783437396442884,0.5488543781583539,0.4169390515392898,0.28806855148154054,0.16601258065035732,0.05306000557266838,-0.049664221938381964,-0.1418763013388589,-0.2238534531843836,-0.2962140667645118,-0.3597574993041633,-0.4153544724906457,-0.463876583794918,-0.5061541511280416,-0.5429535449046402,-0.5749673070412563,-0.6028122556493691
0.7843061068288383,0.8971857240515476,0.9765830869892533,1.0160465607032538,1.013264129275465,0.9703242448793608,0.8930094206641299,0.7894320483258395,0.6684920423567491,0.5385767498066582,0.40672485826879745,0.27827098259224203,0.1568594944381608,0.04467661986104332,-0.057229512999752985,-0.14862817363970704,-0.22983027309149923,-0.30147334352763994,-0.3643656671655626,-0.41938013858403533,-0.46738635146894547,-0.5092102521324579,-0.5456126823867338,-0.5772802716211921,-0.6048240090801201
0.7940842248619695,0.9046684940937659,0.9811427582474991,1.0173450955996395,1.0113096759306712,0.9654487858309682,0.8857804899479674,0.7805328350754128,0.6586073049697688,0.5283097811987556,0.3965534903577759,0.2685373184676584,0.14778204145388005,0.036373441941778384,-0.06471505003548392,-0.15530398550681077,-0.23573659430017366,-0.3066685722828001,-0.36891647097301533,-0.42335494729807277,-0.4708513553036327,-0.5122271521282427,-0.5482376096884277,-0.5795634501524906,-0.6068098656832992
0.8036920030256196,0.9119289229652118,0.985448173462176,1.0183839484831116,1.0091170143944141,0.9603780047195176,0.8784113848069706,0.7715511423954395,0.6486925693909535,0.5180554404130832,0.38642589661203586,0.258867664115642,0.13877970231666473,0.028149539449201788,-0.07212200169775612,-0.16190500814810624,-0.2415736973755599,-0.31180098311803506,-0.3734110556419139,-0.42727994138482306,-0.4742725306427891,-0.5152056811252452,-0.5508290577704156,-0.5818174829588157,-0.6087703843505836
0.8131264247701191,0.9189652080310271,0.9894992828654818,1.0191649526489344,1.0066895284316064,0.9551161684727023,0.8709064886400318,0.7624908265199144,0.6387507687513702,0.5078156020528976,0.37634295690925446,0.2492620822102464,0.12985193915344098,0.020003980314430347,-0.07945152306145448,-0.16843249082607073,-0.24734283645587724,-0.3168717780286736,-0.37785053821679115,-0.4311561371118847,-0.47765078837347674,-0.5181466469890945,-0.5533877378170091,-0.5840429928721321,-0.6107061086071592
0.8223845152902209,0.9257756196794312,0.993296117712927,1.0196900004124863,1.004030615258629,0.9496675045642363,0.8632701024111102,0.7533556387181631,0.6287847304781673,0.49759205069024504,0.36630548534993534,0.2397205955513216,0.1209981972317137,0.01193583362073486,-0.08670475540135314,-0.17488766109523657,-0.25304523979089066,-0.32188213162786683,-0.38223600865886964,-0.43498452506206375,-0.48098701569679736,-0.5210508361595603,-0.5559143418905881,-0.5862405858196125,-0.6126175671322835
0.8314633423405291,0.9323585012350197,0.9968387888342335,1.0199610406122939,1.0011436829975713,0.9440361995450319,0.8555064449105807,0.7441492272290398,0.6187971793105306,0.48738648420155517,0.3563142332799289,0.2302431894032067,0.11221790649591445,0.003944170393110125,-0.09388282600577047,-0.18127172505209885,-0.25868211027511623,-0.326833191840165,-0.38656853060983043,-0.4387660709060461,-0.4842820768709158,-0.5239190143419634,-0.5584095435608174,-0.5884108513874903,-0.6145052742591427
0.8403600170399822,0.938712268844738,1.0001274851736182,1.0199800761527864,0.9980321482235047,0.9382263976854973,0.8476196530953767,0.7348751392072566,0.6087907402578271,0.47720051699713745,0.3463698921891819,0.22082981371809257,0.10351048301252971,-0.003971935673803939,-0.1009868480238805,-0.18758586759585225,-0.2642546259752125,-0.3317260805783371,-0.39084914213249267,-0.44250171614904077,-0.4875368139274345,-0.5267519271727761,-0.5608739985097426,-0.5905543633628955,-0.61636973045493
0.8490716946651987,0.9448354113370766,1.0031624723208923,1.0197491615877021,0.9946994336033553,0.9322421997247297,0.8396137825025533,0.725536822677839,0.5987679414990298,0.4670356831469157,0.3364730964912631,0.211480385249419,0.09487533032901282,-0.01181340754549326,-0.10801792034400254,-0.19383125269847437,-0.26976394065103787,-0.336561894403637,-0.3950788564290771,-0.44619237885233154,-0.4907520473621677,-0.5295503008604895,-0.5633083451138058,-0.592671680254657,-0.6182114227820668
0.8575955754324671,0.9507264900550396,1.0059440910347726,1.0192704007449809,0.9911489656248804,0.9260876617224614,0.8314928077311405,0.7161376284950095,0.5887312172227115,0.45689343940476634,0.32662442618809373,0.20219478956041745,0.08631184075117673,-0.01958116423135539,-0.11497712750041436,-0.20000902368285023,-0.2752111842699866,-0.3413417051697541,-0.39925866253769665,-0.449838954330627,-0.4939285768013295,-0.5323148428027854,-0.5657132050037847,-0.5947633457939937,-0.6200308253413865
0.8659289052681876,0.9563841386634441,1.008472755759761,1.0185459443938942,0.9873841724142026,0.9197667940096947,0.823260622987381,0.7066808123020596,0.5786829104070985,0.4467751681338718,0.31682440942418,0.19297288293271006,0.07781939654355674,-0.02727612021903042,-0.12186553960638025,-0.2061203035076805,-0.28059746351419407,-0.34606656065067676,-0.4033895260077264,-0.45344231582608396,-0.4970671816440996,-0.5350462421809938,-0.5680891836036048,-0.596829889415992,-0.6218283996981187
0.8740689765675662,0.9618070629311206,1.0107489531379197,1.0175779879550777,0.9834084816402943,0.9132835602340366,0.8149210426886588,0.6971695364890379,0.5686252755398233,0.436682180135489,0.3070735249345058,0.1838144941796242,0.06939737105694666,-0.03489918495603592,-0.12868421231127802,-0.2121661950580902,-0.28592386228033845,-0.35073748515275716,-0.4074723895546838,-0.45700331515984277,-0.5001686216825084,-0.5377451705327853,-0.5704368706489302,-0.5988718267227036,-0.6236045952914097
0.8820131289413645,0.9669940404885742,1.012773240516812,1.0163687692540497,0.9792253185047752,0.9066418764958442,0.806477802121661,0.6876068721453321,0.5585604812772151,0.42661571738358167,0.2973722043901446,0.174719426368719,0.061045129787129226,-0.04245126237563995,-0.13543418677982852,-0.21814778144089703,-0.29119144217175774,-0.3553554801112369,-0.41150817369523285,-0.4605227833618808,-0.5032336376995163,-0.5404122823039881,-0.572756840686392,-0.6008896599286689,-0.62535984982813
0.8897587499505127,0.9719439205616833,1.0145462444548656,1.0149205663187235,0.9748381038153385,0.8998456105713695,0.7979345581505028,0.6779958010044513,0.5484906130430712,0.41657695566774333,0.28772083464550685,0.16568745845779526,0.05276203136858859,-0.04993325046411354,-0.1421164896915817,-0.22406612628361322,-0.2964012429826667,-0.35992152467151795,-0.415497777362925,-0.46400153127996113,-0.5062629520461486,-0.5430482153803982,-0.5750496535542906,-0.602883878289632,-0.6270945896616581
0.8973032758284019,0.9766556236820143,1.0160686592253592,1.0132356952213393,0.9702502521410917,0.8928985812191776,0.7892948899707574,0.6683392173785251,0.538417675567007,0.40656700714682525,0.27811975989099963,0.1567183468484587,0.04454742850677912,-0.05734604086667394,-0.1487321332589581,-0.22992227403633328,-0.3015542831742931,-0.3644365762554737,-0.4194420785052436,-0.4674403501684301,-0.5092572691985016,-0.5456535916003884,-0.5773158548455336,-0.6048549585151646,-0.6288092301562829
0.9046441921906615,0.9811281413743255,1.0173412453202002,1.0113165079651791,0.9654651700480696,0.8858045575662201,0.7805622999055334,0.6586399300802677,0.5283435953626013,0.39658692281570873,0.2685692837147986,0.1478118268611642,0.03640066885236748,-0.06469051852958227,-0.1552821152622376,-0.23571725027572707,-0.30665156034279895,-0.36890157111310184,-0.42334193466255093,-0.47084001225758054,-0.5122172762953908,-0.54822901724911,-0.5795559763535696,-0.6068033651658926,-0.6305041760378682
0.9117790347322501,0.9853605358218454,1.0183648279546265,1.0091653904163491,0.9604862544131578,0.8785672585700203,0.771740214239925,0.6489006643303252,0.5182702231456523,0.38663769488760286,0.2590696710772602,0.13896761413544254,0.028321095820635078,-0.07196756137604354,-0.1617674191000251,-0.24145206201044273,-0.31169405167887215,-0.37331742485981795,-0.42719818352948286,-0.4742012713042889,-0.5151436436574163,-0.5507750835350307,-0.5817705365020278,-0.6087295510359858,-0.632179821731366
0.9187053899116705,0.9893519395099071,1.0191402955739222,1.0067847602808546,0.9553168908146379,0.8711903525535329,0.762831984090346,0.6391240636481259,0.5081993361929649,0.3767202590942561,0.24962115020141146,0.13018540595888223,0.020308049359099578,-0.07917804001366804,-0.1681890138538181,-0.2471276979872733,-0.3166827144189133,-0.3776850329996972,-0.4310116434993405,-0.47752486312458264,-0.5180370252881319,-0.553292367049518,-0.583960040758736,-0.6106339575215306,-0.6338365516857412
0.9254208956221378,0.993101554848524,1.0196685983632046,1.004177065127123,0.9499604519975645,0.863677456809327,0.7538408863054408,0.6293126917245174,0.4981326406421777,0.366835496906432,0.2402239143828395,0.12146488252825252,0.012360866666229542,-0.08632281747140944,-0.17454785436539555,-0.25274512899750734,-0.3216184862877559,-0.382005271434973,-0.4347831141920042,-0.4808115061087981,-0.5208980593580318,-0.5557814302101625,-0.586124982034775,-0.612517014975391,-0.6354747406868615
0.9319232418495311,0.9966086537744929,1.0199507467612967,1.0013447804540745,0.9444202964121584,0.8560321372698382,0.7447701243954277,0.6194690342746412,0.4880717737332122,0.3569842376769702,0.23087812372216707,0.11280570814601168,0.0044788828639624745,-0.09340274896402995,-0.1808448813258472,-0.25830530818293895,-0.32650228593290265,-0.3862789969620999,-0.4385133769658897,-0.4840619017199316,-0.5237273686719931,-0.5582428216884674,-0.588265841069163,-0.614379143049107,-0.637094754158835
0.9382101713169525,0.9998725773336072,1.019987809979665,0.9982904078047826,0.9386997668234084,0.8482579082405347,0.7356228294869086,0.6095955008696496,0.4780183059920005,0.3471672607087259,0.22158390678321427,0.10420753235529054,-0.0033385683733820337,-0.10041868168223791,-0.18708102137513793,-0.26380917134106063,-0.3313350133502631,-0.39050704775469997,-0.4422031954144531,-0.48727673497581564,-0.5265255611208355,-0.5606770768225688,-0.5903830867997971,-0.6162207510224033,-0.6386969484543288
0.9442794801157322,1.00289273524357,1.0197809145273657,0.9950164729257035,0.9328021889900646,0.8403582321929265,0.726402061300324,0.599694426746014,0.46797374335721664,0.3373852972496413,0.21234136217981253,0.09566999101629506,-0.011092154231370166,-0.10737145460678466,-0.19325718721119747,-0.2692576372290095,-0.3361175503014041,-0.39469024383368057,-0.4458533158477175,-0.49045667491565836,-0.5292932301175679,-0.5630847180155348,-0.592477176721171,-0.6180422381207841,-0.6402816711342847
0.9501290183227192,1.0056686054381894,1.0193312427429029,0.9915255239714139,0.9267308704112026,0.8323365196144488,0.7171108091473932,0.5897680745912987,0.4579395292507702,0.32763903241715897,0.20315056009415014,0.08719270732694606,-0.01878254220659678,-0.11426189834490108,-0.19937427770757948,-0.2746516078658837,-0.3408507607223453,-0.3988293875248554,-0.44946446775930726,-0.49360237505153315,-0.5320309550189292,-0.5654662551198502,-0.5945485572294364,-0.6198439938217433,-0.6418492612375133
0.9557566906036932,1.0081997335934432,1.0186400313338697,0.9878201297547327,0.9204890991385525,0.8241961289123433,0.7077519929460306,0.5798186363054199,0.4479170465929045,0.317929107054165,0.19401154372941531,0.07877529279044093,-0.026410399594507916,-0.12109083498753664,-0.20543317803880776,-0.2799919688330721,-0.3455354911239395,-0.4029252639043488,-0.45303736427943697,-0.4967144738053292,-0.5347393015327732,-0.5678221858086103,-0.5965976639553049,-0.6216263981500336,-0.6434000495405647
0.9611604568027491,1.0104857326359904,1.017708569925201,0.9839028780420682,0.9140801426527804,0.8159403663687467,0.6983284642503566,0.5698482347365046,0.43790761976274295,0.30825611951857645,0.1849243306993917,0.07041734813228157,-0.033976393011865,-0.12785907798600507,-0.21143475981261797,-0.2852795895723003,-0.3501725709838981,-0.40697864123210636,-0.45657270261431454,-0.4997935949317019,-0.5374188221118267,-0.5701529959339526,-0.5986249220852861,-0.623389821962455,-0.6449343588082935
0.9663383325174971,1.0125262822347179,1.0165381996168388,0.9797763738937787,0.9075072468019322,0.8075724861442966,0.6888430072935734,0.5598589253905968,0.427912516505199,0.2986206274086794,0.17588891435758502,0.06211846416921929,-0.041481187951883075,-0.134567432046677,-0.2173798812083167,-0.29051532368110616,-0.3547628131305325,-0.41099027137379784,-0.4600711644723805,-0.5028403479275008,-0.5400700563343407,-0.5724591598732293,-0.6006307466717262,-0.625134627222584,-0.6464525040354926
0.9712883896599334,1.0143211282758933,1.0151303115515675,0.9754432380492953,0.9007736348002494,0.7990956903276512,0.6792983400415985,0.549852698114545,0.417932949785176,0.28902314922625216,0.1669052650683466,0.05387822263243858,-0.04892544837019608,-0.14121669304246742,-0.22326938712056843,-0.29570000920549333,-0.3593070141182865,-0.4149608902114047,-0.4635334164777982,-0.5058553284281528,-0.542693531272117,-0.5747411408633797,-0.6026155429320867,-0.6268611672658504,-0.6479547926799623
0.9760087570028384,1.015870082322507,1.0134863454937482,0.9709061053567163,0.8938825062855892,0.7905131290284023,0.6696971152554678,0.5398314787515059,0.4079700795900111,0.27946416597947243,0.15797333142236514,0.045696196947190515,-0.056309836299915816,-0.14780764793995171,-0.22910410930797503,-0.3008344689295583,-0.36380595459514853,-0.41889121804278934,-0.46696011057161113,-0.5088391185914711,-0.5452897618463854,-0.5769993913239799,-0.6045797065379079,-0.6285697870553598,-0.649441524887372
0.9804976207115592,1.0171730210583707,1.0116077884196413,0.9661676232465461,0.8868370364336904,0.7818279005109627,0.6600419215606523,0.5297971307685954,0.39802501468114976,0.2699441227275592,0.1490930413988205,0.037571952970989364,-0.06363501149412953,-0.1543410747410035,-0.23488486654583604,-0.30591951066188616,-0.3682603996620541,-0.42278195997053397,-0.47035188440095876,-0.5117922874693269,-0.5478592511719913,-0.579234353169395,-0.6065236238938405,-0.6302608234288166,-0.6509129937082327
0.9847532248610401,1.018229885717545,1.0094961731199816,0.9612304502492154,0.8796403751275547,0.7730430513670861,0.6503352845215407,0.5197514568562913,0.38809881429604465,0.26046343006906325,0.1402643034763996,0.029505049692391594,-0.07090163109426034,-0.16081774243790659,-0.24061246478253673,-0.31095592751854545,-0.3726710992243623,-0.42663380628031766,-0.47370936169672173,-0.5147153913676004,-0.5504024908903086,-0.5814464581104495,-0.6084476724071566,-0.6319346053369175,-0.6523694853073159
0.9887738719379716,1.0190406814996613,1.007153076815421,0.9560972545559826,0.8722956461802169,0.764161576724757,0.6405796677194393,0.5096962004992758,0.3781924898012833,0.25102246557564484,0.13148700769527946,0.02149503989225976,-0.07811034932284625,-0.16723841098099276,-0.24628769729907185,-0.31594449820254533,-0.37703878833553184,-0.4304474328091175,-0.47703315263997703,-0.5176089741948346,-0.5529199614913093,-0.5836361279460236,-0.6103522207480954,-0.6335914540735478,-0.6538112791658064
0.9925579233279234,1.0196054769717007,1.0045801197854425,0.9507707126227974,0.8648059466092199,0.7551864204912949,0.6307774738325715,0.49963304751847826,0.368307006297981,0.2416215751731709,0.1227610266721269,0.013541470769357189,-0.08526181719930431,-0.17360383125787537,-0.25191134487120526,-0.32088598727961376,-0.3813641875331118,-0.43422350130350845,-0.4803238542176172,-0.5204735677999854,-0.5554121326251886,-0.5858037748449578,-0.6122376291014147,-0.6352316834981044,-0.6552386482764883
0.9961037997873419,1.0199244034567834,1.0017789640112955,0.9452535078166644,0.8571743459611113,0.746120475628564,0.6209310457166237,0.4895636275841342,0.3584432841804466,0.2322610744718698,0.11408621657004431,0.005643884531998267,-0.09235668227738636,-0.1799147450834379,-0.2574841759338503,-0.3257811454501942,-0.3856480031671525,-0.43796265976830684,-0.4835820505674697,-0.5233096922996272,-0.5578794634039114,-0.5879498016186233,-0.6141042494094722,-0.6368556002502487,-0.6566518593322382
0.9994099819002861,1.0199976544105247,0.9987513118334882,0.9395483291040281,0.8494038856843205,0.7369665844582959,0.611042667484514,0.47948951569976184,0.34860220064917197,0.22294125004728094,0.10546241802536546,-0.002198181042580294,-0.09939558840307022,-0.18617188519977662,-0.2630069467472725,-0.3306307098175775,-0.38989092772118855,-0.44166554280585085,-0.4868083133132729,-0.5261178563950152,-0.5603224026930734,-0.5900746019845227,-0.6159524256071824,-0.6384635039574066,-0.6580511729080912
1.0024750105197868,1.019825484785506,0.9954989046243321,0.933657869780676,0.8414975785487926,0.7277275389955834,0.6011145655841243,0.46941223365698403,0.3387845911791675,0.21366236067365188,0.09688945703308524,-0.009985192079545013,-0.10637917549169787,-0.19237597528534012,-0.2684804015647164,-0.3354354041520624,-0.39409364012587833,-0.4453327719461323,-0.4900032018898002,-0.5288985576793175,-0.5627413893944067,-0.5921785608212508,-0.6177824938491422,-0.6400556874352654,-0.6594368436371266
1.005297487193717,1.0194082103843962,0.9920235214760067,0.9275848262426243,0.8334584081107801,0.7184060813086949,0.5911489098728386,0.4593332514612012,0.32899125094467796,0.20442463851141002,0.0883671457926595,-0.01771761810698841,-0.1133080793232554,-0.19852772997257442,-0.2739052728011535,-0.3401959391511246,-0.3982568060654841,-0.4489649559680704,-0.49316726385848675,-0.5316522829353917,-0.5651368527192817,-0.5942620544151386,-0.6195947827292326,-0.6416324368815697,-0.6608091203804236
1.00787607457506,1.0187462072022688,0.9883269779045808,0.9213318967974432,0.8252893282212275,0.7090049039034261,0.5811478146878039,0.4492539887281525,0.31922293620131115,0.19522829025027638,0.07989528351583841,-0.0253959315842191,-0.12018293135473967,-0.204627854873413,-0.2792822812028125,-0.3449130126955053,-0.4023810782772676,-0.45256269121213344,-0.4963010352138204,-0.5343795084244006,-0.5675092124535245,-0.59632545069889,-0.621389613492987,-0.6431940320634514,-0.6621682463913094
1.0102094968164734,1.0178399107586373,0.9844111245704045,0.914901780515453,0.8169932625762087,0.6995266501302903,0.5711133399109195,0.43917581605146494,0.30948036562660897,0.18607349820957383,0.07147365719813797,-0.03302060745643412,-0.12700435854859443,-0.21067704661198128,-0.2846121360172018,-0.3495873101011953,-0.40646709684397,-0.45612656188457124,-0.49940504068081903,-0.537080700165606,-0.5698588792138684,-0.5983691094825112,-0.6231673002429887,-0.6447407464985597,-0.6635144594741312
1.0122965399490471,1.0166898154197384,0.9802778460152463,0.9082971761201982,0.808573104307903,0.6899739146128963,0.561047492027614,0.4291000563413,0.29976422162006144,0.17696042139717647,0.06310204235546318,-0.04059212273450297,-0.13377298321630335,-0.21667599286396705,-0.28989553516338407,-0.3542195043672979,-0.4105154894795033,-0.45965714035348226,-0.5024797940038676,-0.5397563142076282,-0.572186254696327,-0.6003933826768133,-0.6249281501375654,-0.6462728476302085,-0.6648479921377446
1.0141360522451561,1.0152964737115777,0.9759290594165353,0.9015207809176088,0.8000317156146335,0.6803492436959611,0.550952225178565,0.4190279861342825,0.29007515156359215,0.16788919652857068,0.05478020372736758,-0.04811095609860874,-0.14048942287622504,-0.22262537240209201,-0.2951331654022375,-0.35881025641973474,-0.4145268718079783,-0.46315498743693956,-0.5055257982271886,-0.5424067968914694,-0.5744917319167973,-0.602398614509763,-0.6266724635830365,-0.6477905969967894,-0.6661690717439441
1.0157269445653156,1.0136604956242534,0.9713667133590296,0.8945752897632265,0.7913719274285161,0.670655135911451,0.5408294422035683,0.4089608368749048,0.28041376904351123,0.1588599390074211,0.046507895948363465,-0.05557758752455519,-0.1471542901248289,-0.22852585514718055,-0.3003257025064858,-0.36336021535078955,-0.4185018476362045,-0.4666206526833988,-0.5085435459672164,-0.5450325851055787,-0.576775695444144,-0.6043851417359405,-0.6284005344197423,-0.6492942503956487,-0.6674779206510107
1.0170681906889514,1.0117825479080538,0.9665927866242155,0.8874633940668686,0.7825965391192953,0.6608940424614099,0.5306809956768264,0.3988997961686296,0.2707806550349107,0.1498727438689713,0.03828486418861926,-0.06299249793164824,-0.1537681925205462,-0.2343781022243684,-0.30547381143030505,-0.3678700186544978,-0.4224410092198063,-0.47005467464460504,-0.5115335196771238,-0.5476341065332304,-0.579038521626054,-0.6063532938393617,-0.6301126501020969,-0.6507840580416462,-0.6687747563525671
1.0181588276289963,1.0096633533618375,0.9616092869977119,0.8801877808340945,0.7737083182329862,0.6510683677161199,0.5205086889329977,0.3888460090069647,0.26117635904949976,0.1409276866876207,0.03011084476535819,-0.07035616885105783,-0.16033173247947966,-0.24018276602399408,-0.3105781464783124,-0.3723402924578767,-0.42634493752308056,-0.4734575811412099,-0.5144961919037597,-0.5502117798924729,-0.5812805788079032,-0.6083033932298956,-0.6318090918728791,-0.6522602647205941,-0.6700597916119216
1.018997955930237,1.0073036901141776,0.9564182500949262,0.8727511317438215,0.764710000263957,0.6411804697262624,0.5103142770833903,0.3788005789647804,0.25160140024782746,0.13202482444993136,0.021985565726202083,-0.07766908211364498,-0.16684550718224136,-0.2459404902667577,-0.3156393514737631,-0.3767716517480096,-0.4302142024727217,-0.4768298895212887,-0.517432025537226,-0.5527660151689014,-0.58350222754488,-0.6102357554335122,-0.6334901349319684,-0.6537231099377563,-0.67133323459206
1.0195847399513287,1.0047043908977549,0.9510217382051954,0.8651561222614351,0.7556042884591326,0.631232660747848,0.5000994680217528,0.36876456937018565,0.24205626851685047,0.12316419639429393,0.01390874740564646,-0.08493171955630222,-0.17331010849127856,-0.2516519100727711,-0.32065805992582563,-0.3811647005950166,-0.4340493632055743,-0.4801721069119951,-0.520341474053345,-0.5552972138415087,-0.5857038208076221,-0.6121506892766009,-0.6351560485997565,-0.6551728280616225,-0.6725952889814701
1.0199184081304118,1.0018663423174783,0.9454218391546093,0.8574054207867325,0.7463938536530248,0.6212272077787127,0.48986592341915436,0.3587390044472829,0.23254142551377938,0.11434582481845246,0.00588010295582142,-0.09214456274586286,-0.1797261228780188,-0.25731765203412144,-0.3256348951957586,-0.38552003237090626,-0.4378509683104968,-0.4834847304644845,-0.523224981749207,-0.557805769101802,-0.5878857041815502,-0.6140484970645232,-0.6368070964753736,-0.656609648463071,-0.6738461541159146
1.0199982532342546,0.9987904841127947,0.9396206651876969,0.8495016878360219,0.737081334132322,0.6111663331054401,0.47961525970750063,0.34872487043215344,0.2230573056771206,0.10556971585603067,-0.002100661147366789,-0.0993080927197148,-0.18609413135926034,-0.2629383342906265,-0.3305704706619048,-0.3898382299643773,-0.4416195560645262,-0.4867682475923695,-0.5260829839720629,-0.5602920660664823,-0.5900482160601751,-0.6159294747546709,-0.6384435365899854,-0.6580337956501654,-0.6750860250963482
1.0198236325908667,0.9954778084146517,0.9336203518681402,0.8414475752577111,0.7276693355288163,0.6010522148596379,0.46934904905127595,0.33872311666242927,0.21360431720582174,0.096835860223184,-0.01003384462166007,-0.10642278974227679,-0.1924147094422164,-0.26851456660844686,-0.33546538988335317,-0.3941198659915574,-0.4453556546634114,-0.490023136203826,-0.5289159073417283,-0.5627564819838315,-0.5921916878325355,-0.6177939121241683,-0.6400656215552862,-0.6594454893986844,-0.6763150929030899
1.0193939683055149,0.9919293589975638,0.9274230569986437,0.8332457254807039,0.7181604307394642,0.5908869875825281,0.4590688203071466,0.32873465664083357,0.2041828430074041,0.08814423393644663,-0.017919752918425125,-0.11348913307654376,-0.19868842707769024,-0.2740469504612738,-0.3403202467621857,-0.39836550300275464,-0.4490597824466905,-0.4932498649275687,-0.5317241699667224,-0.5651993864340535,-0.5943164440649913,-0.6196420929324331,-0.6416735987073756,-0.6608449448785595,-0.6775335445063889
1.0187087474600918,0.9881462305272234,0.9210309595600839,0.824898770794918,0.7085571598724145,0.580672742796871,0.4487760599710985,0.3187603690730678,0.19479324161595354,0.07949479900282008,-0.025758696784225987,-0.12050760076994418,-0.20491584862087658,-0.2795360791138087,-0.3451356257042165,-0.40257569368523893,-0.4527324481174069,-0.49644889333285747,-0.5345081816543428,-0.5676211415237735,-0.5964228026775801,-0.6214742950787862,-0.6432677102462077,-0.6622323727763899,-0.6787415629735436
1.0177675222957845,0.9841295678040942,0.9144462586700323,0.816409332663254,0.6988620302178726,0.5704115295852977,0.43847221311282336,0.3088010988804575,0.18543584808082536,0.07088750408310812,-0.03355099184304747,-0.1274786694537815,-0.21109753279929727,-0.2849825377072799,-0.34991210177813226,-0.4067509810621046,-0.4563741509566053,-0.4996206721437012,-0.5372683441148489,-0.5700221020748605,-0.5985110751150869,-0.6232907907552564,-0.6448481933707284,-0.6636079794141351,-0.6799393275726551
1.0165699103789936,0.9798805650034128,0.9076711725607292,0.8077800210643188,0.6890775162426896,0.5601053551741592,0.42815868429709897,0.29885765818775223,0.1761109748268939,0.062322285129481736,-0.04129695819829271,-0.13440281415558375,-0.21723403268742997,-0.29038690334675527,-0.35465024087296515,-0.41089189868725806,-0.4599853810327174,-0.5027656434474237,-0.5400050511599512,-0.5724026158077871,-0.6005815665130446,-0.6250918465947715,-0.646415280409888,-0.6649719668641547,-0.6811270138731762
1.0151155947504666,0.9754004649120146,0.9007079375765701,0.7990134338652305,0.679206059607613,0.5497561855220576,0.4178368384919542,0.2889308272865073,0.1668189124871738,0.05379906599819717,-0.048996920053702125,-0.14128050812369852,-0.22332589568759356,-0.29574974519002284,-0.3593505998538392,-0.4149989708365747,-0.46356661940596244,-0.5058842408977602,-0.5427186888957773,-0.5747630235196937,-0.6026345758588123,-0.6268777238148855,-0.6479691989496594,-0.6663245330607175,-0.6823047938433504
1.0134043240575967,0.9706905581623991,0.893558807191144,0.7901121562238193,0.6692500692061503,0.53936594591226,0.40750800196342285,0.2790213555744601,0.15755993070860483,0.04531775903839297,-0.056651205352369866,-0.14811222266351656,-0.22937366351669713,-0.30107162453784064,-0.36401372671592325,-0.4190727126952878,-0.46711833832788585,-0.5089768899126298,-0.5454096359104916,-0.5771036592573296,-0.6046703961479097,-0.6286486783571996,-0.6495101719562082,-0.6676658719080975,-0.6834728359446582
1.011435912669865,0.9657521824644294,0.8862260510438481,0.7810787600195415,0.6592119212240329,0.5289365215482454,0.39717346315673935,0.2691299624713329,0.14833427893178883,0.03687826565783531,-0.06426014543308145,-0.1548984269847256,-0.23537787219845563,-0.30635309492534524,-0.36864016073654815,-0.42311363054164236,-0.4706410014361372,-0.5120440078667369,-0.5480782634567232,-0.5794248504850432,-0.6066893145357626,-0.6304049610226219,-0.6510384178953388,-0.6689961733853798,-0.6846313052233692
1.0092102407773886,0.9605867218350607,0.878711953996088,0.7719158033124341,0.6490939592183063,0.5184697581516646,0.3868344735638434,0.25925733831149456,0.13914218714544208,0.028480476866459825,-0.07182407470321833,-0.16163958805904474,-0.2413390520607312,-0.31159470221445396,-0.37323043262543815,-0.42712222192688004,-0.4741350639446134,-0.5150860042791509,-0.5507249356289718,-0.5817269182479754,-0.6086916124850168,-0.6321468176026116,-0.6525541508483623,-0.6703156236481029,-0.6857803633993198
1.0067272544725494,0.9551956058264864,0.8710188152070565,0.7626258298294345,0.6388984942150882,0.50796746256205,0.3764922485770986,0.24940414521391532,0.12998386661631298,0.020124273798526993,-0.07934333032752278,-0.1683361704878845,-0.24725772773763935,-0.3167969846870818,-0.37778506467303535,-0.43109897585161494,-0.4776009728290815,-0.5181032809960109,-0.553350009536155,-0.5840101773306238,-0.6106775659085678,-0.633874489006546,-0.6540575806244959,-0.6716244051268373,-0.6869201689519984
1.0039869658146885,0.9495803087530668,0.8631489472290609,0.7532113684773909,0.6286278048250723,0.49743140333762403,0.3661479683291417,0.2395710179298493,0.12085951059529226,0.011809528214193177,-0.08681825193201134,-0.17498863637943357,-0.25313441817611704,-0.32196047313901993,-0.38230457089686043,-0.4350443729386322,-0.4810391670083693,-0.5210962323684786,-0.5559538354694157,-0.586274936410911,-0.612647445308448,-0.6355882113853397,-0.6555489128699272,-0.6729226966228092,-0.6880508772040372
1.000989452877842,0.9437423489174153,0.855104675122374,0.7436749328821057,0.6182841373758909,0.48686331135662075,0.35580277851881126,0.2297585646686869,0.11176929500043017,0.0035361029812382982,-0.09424918132240204,-0.18159744523468774,-0.25896963664663514,-0.3270856909743248,-0.386789457185907,-0.438958885602195,-0.4844500775212623,-0.5240652454260926,-0.558536757065374,-0.5885214982099138,-0.6146015159107071,-0.6372882162514426,-0.6570283491736364,-0.6742106734006708,-0.6891726404022052
0.9977348597815122,0.9376832878359964,0.8468883355895418,0.7340190209527429,0.6078697060604614,0.47626488041854065,0.3454577912231278,0.21996736790240967,0.10271337907755324,-0.004696147462295908,-0.10163646221641387,-0.18816305384195575,-0.26476389075778356,-0.33217315430009864,-0.39124022144304127,-0.4428429782138959,-0.4878341276991851,-0.5270107000456413,-0.5610991114649347,-0.5907501596373914,-0.6165400377964261,-0.6389747305953433,-0.6584960871701195,-0.6754885072785257,-0.6902856077959849
0.9942233967044626,0.9314047294645821,0.8385022761290957,0.7242461144709496,0.597386693100487,0.4656377678448142,0.33511408569530865,0.2101979851490899,0.09369190603916178,-0.012887376663854089,-0.10898043998932616,-0.19468591617939424,-0.2705176824744389,-0.3372233720215096,-0.3956573537253798,-0.44669710726511846,-0.49119173333478405,-0.529932969115686,-0.5636412294677975,-0.5929612119332396,-0.6184632660289834,-0.6406479769986895,-0.6599523206390874,-0.6767563667152936,-0.691389925713823
0.9904553398815338,0.9249083194239106,0.8299488542085858,0.7143586787040455,0.5868372489243027,0.4549835950783727,0.32477270914882295,0.20045094973587266,0.08470500368226691,-0.021037745729815732,-0.11628146143223245,-0.2011664833251682,-0.27623150813928304,-0.3422368459369602,-0.4000413363826516,-0.45052172152616987,-0.494523302846509,-0.5328324186968562,-0.566163435682798,-0.5951549408050059,-0.620371450777697,-0.6423081737441405,-0.6613972396022553,-0.6780144168954977,-0.6924857376371172
0.9864310315834822,0.9181957442258724,0.8212304364568429,0.7043591620416297,0.5762234923582747,0.4443039482816497,0.31443467752751675,0.19072677154186857,0.07575278498580745,-0.02914742291598682,-0.1235398745224228,-0.20760520337482943,-0.2819058584974134,-0.3472140708332813,-0.4043926441935206,-0.4543172622021334,-0.4978292374392935,-0.5357094081780409,-0.5686660486742124,-0.5973316265615973,-0.6222648374379699,-0.6439555349220686,-0.6628310304173355,-0.6792628198115926,-0.693573184272049
0.9821508800798464,0.9112687305005518,0.8123493978753733,0.6942499956549781,0.5655475108310098,0.43360037893257714,0.30410097626184185,0.18102593772139638,0.06683534868827906,-0.037216583234491785,-0.13075602820536927,-0.2140025213655344,-0.2875412187238275,-0.35215553458085747,-0.40871174449987063,-0.45808416308551003,-0.5011099312614273,-0.538564290428584,-0.5711493811041383,-0.5994915442432855,-0.6241436667480441,-0.6455902705341995,-0.6642538758692964,-0.6805017343438802,-0.694652403619298
0.9776153595848499,0.9041290442244329,0.8033081210687718,0.6840335931786021,0.5548113605896345,0.4228744044181637,0.29377256101124866,0.1713489134080028,0.05795277984618524,-0.04524540807645461,-0.13793027218779985,-0.220358879206741,-0.29313806845356655,-0.3570617182285924,-0.4129990973390513,-0.46182285070569956,-0.5043657715577196,-0.5413974119466047,-0.5736137398710767,-0.6016349637481435,-0.6260081749024733,-0.6472125865943049,-0.6656659552590104,-0.6817313163381217,-0.6957235310417484
0.9728250101863545,0.8967784899500754,0.7941089954940274,0.6737123504133437,0.5440170669274441,0.4121275086252605,0.2834503583928053,0.1616961423996845,0.0491051503738964,-0.05323408484987785,-0.14506295674138076,-0.22667471561704783,-0.29869688181431453,-0.36193309609862406,-0.41725515557407766,-0.4655337444753805,-0.5075971388190419,-0.5442091130035432,-0.5760594262448294,-0.6037621499550101,-0.6278585936624266,-0.648822685226041,-0.6670674444893586,-0.6829517186809104,-0.6967866993302179
0.9677804377578825,0.8892189100375555,0.784754416728591,0.6632886450504033,0.5331666244222399,0.4013611425281641,0.27313526669613064,0.15206804782573458,0.04029251956550406,-0.06118280663214337,-0.15215443251653457,-0.23295046606683703,-0.3042181274612607,-0.3667701358807179,-0.4214803650218033,-0.4692172568338564,-0.5108044069283437,-0.5469997277850496,-0.5784867359978237,-0.605873362843107,-0.6296951504629198,-0.6504207647580216,-0.6684585161488789,-0.6841630913728791,-0.6978420387673028
0.9624823138537325,0.8814521838879616,0.7752467857570668,0.6527648364156946,0.522261997184706,0.39057672477271793,0.26282815658473435,0.14246503279564013,0.031514934599234656,-0.06909177183659038,-0.1592050503659419,-0.23918656272641908,-0.3097022686140517,-0.37157329872625916,-0.42567516457905086,-0.4728737933874068,-0.5139879433032256,-0.5497695845283064,-0.5808959595329635,-0.6079688576083999,-0.6315180685170758,-0.6520070198162268,-0.6698393395930538,-0.6853655815998299,-0.6988896771894006
0.9569313755872109,0.8734802271792155,0.7655885082763639,0.6421432652339232,0.5113051191161753,0.379775642256586,0.25252987178385716,0.13288748103042286,0.02277243102494897,-0.07696118389263656,-0.16621516117731944,-0.2453834344193917,-0.31514976309566506,-0.3763430393417901,-0.42983998634673465,-0.4765037530467257,-0.5171481090351626,-0.5525190056558974,-0.5832873820081289,-0.6100488847768133,-0.6333275669175098,-0.6535816414138242,-0.6712100810232935,-0.6865593338018325,-0.6999297400469506
0.9511284254920155,0.8653049911044977,0.7557819940191642,0.6314262534118226,0.5002978941752034,0.3689592507054318,0.24224122975494364,0.12333575747686396,0.014065033235295232,-0.08479125093892675,-0.17318511571503006,-0.25154150658090046,-0.32056106337302803,-0.381079806082011,-0.43397525575195905,-0.4801075281614774,-0.5202852590254516,-0.5552483079063066,-0.585661283457399,-0.6121136903143927,-0.6351238607349257,-0.655144817038491,-0.6725709035637067,-0.6877444897403813,-0.7009623504629791
0.9450743313668037,0.8569284616135301,0.7458296560955273,0.6206161038399514,0.4892421966523397,0.3581288752447144,0.2319630223568528,0.1138102089049837,0.005392754920991449,-0.092582185529027,-0.18011526447017195,-0.257661201220581,-0.3259366165992604,-0.38578404104220726,-0.4380813916681202,-0.4836855046520462,-0.5233997421179697,-0.5579578024611476,-0.5880179389091156,-0.6141635157345054,-0.6369071611140154,-0.6566967307373119,-0.6739219673357202,-0.6889211885636488,-0.7019876292899754
0.9387700261029867,0.8483526586569721,0.7357339103524619,0.6097151002124974,0.47813987145255,0.34728581096686145,0.22169601649394835,0.10431116448919914,-0.003244400489229915,-0.10033420434917625,-0.18700595751873328,-0.26374293688988415,-0.33127686465737316,-0.3904561801500508,-0.44215880653303546,-0.4872380621385365,-0.5264919012288383,-0.5606477950692299,-0.5903576185008841,-0.6161985982021885,-0.6386776753667568,-0.6582375631993499,-0.6752634295306349,-0.6900895668699366,-0.7030056951651928
0.932216507495793,0.8395796354341739,0.7254971747512834,0.5987255068645279,0.4669927343847361,0.33643132349358784,0.21144095475120345,0.09483893637353763,-0.011846439403539522,-0.1080475279476465,-0.19385754438748376,-0.26978712865356974,-0.3365822442053082,-0.39509665325671395,-0.44620790646508146,-0.49076557406705634,-0.5295620734730391,-0.5633185861675145,-0.5926805875915762,-0.6182191706357045,-0.6404356070631678,-0.6597674918359333,-0.6765954444801572,-0.6912497587693327,-0.7040166645643828
0.9254148380386502,0.830611477644518,0.7151218687625629,0.5876495686261362,0.45580257245784084,0.32556664953315234,0.20119855601646708,0.08539382022130049,-0.020413377656314985,-0.11572238047526306,-0.2006703739272336,-0.27579418806512646,-0.34185318672217924,-0.3997058842272689,-0.4502290913773956,-0.49426840783336834,-0.5326105902880902,-0.565970470999085,-0.5949871068704551,-0.620225461805415,-0.6421811561196256,-0.6612866908587633,-0.677918163725,-0.6924018959436855,-0.70502065185405
0.9183661447009384,0.821450302742582,0.7046104127784819,0.5764895106929507,0.4445711441830331,0.3146929974323531,0.1909695160900407,0.0759760957495535,-0.028945240111380582,-0.12335898943667198,-0.20744479419314957,-0.2817645231459069,-0.3470901185556135,-0.40428429103033237,-0.4542227550901375,-0.4977469249039407,-0.5356377775548375,-0.5686037397281914,-0.5972774324634859,-0.6222176964300362,-0.6439145188847968,-0.6627953313558859,-0.6792317360815936,-0.6935461077049019,-0.706017769342248
0.9110716186891721,0.8120982591973356,0.6939652275423854,0.5652475385124776,0.43330017988149255,0.30381154772309593,0.18075450828172668,0.06658602724882301,-0.03744206027871397,-0.13095758545192798,-0.21418115233179677,-0.28769853836776077,-0.3522934609700635,-0.4088322858269125,-0.45818928544083265,-0.5012014809344651,-0.5386439557154438,-0.5712186775524589,-0.5995518160369288,-0.6241960952703762,-0.6456358882232918,-0.6642935813656194,-0.6805363077069868,-0.6946825210516656,-0.7070081273279913
0.9035325151916703,0.8025575257555855,0.6831887335953286,0.5539258376857532,0.42199138199733494,0.29292345366336203,0.17055418399550448,0.05722386408835911,-0.045903879944210996,-0.13851840202802285,-0.2208797944746162,-0.29359663463897756,-0.3574636301960062,-0.41335027505843763,-0.4621290643928283,-0.5046324258858873,-0.541629439888643,-0.5738155648123399,-0.6018105048982778,-0.6261608752206043,-0.6473454535970671,-0.6657816059484811,-0.6818320221619724,-0.6958112607245929,-0.707991834149303
0.8957501531067842,0.7928303107098703,0.6722833507394133,0.5425265738838134,0.410646425415238,0.28202984177244883,0.16036917330201378,0.0478898412073423,-0.054330748812064955,-0.1460416753399638,-0.22754106563753468,-0.29945920929333786,-0.36260103747990324,-0.41783865953392374,-0.4660424681418567,-0.5080401041379936,-0.5445945399823195,-0.5763946770978742,-0.6040537420946401,-0.6281122493971502,-0.6490434011446837,-0.6672595672571846,-0.6831190204725155,-0.6969324492598944,-0.7089689962299517
0.8877259147547476,0.7829188511709954,0.6612514975176889,0.531051892778461,0.3992669577823358,0.2711318123603314,0.15020008549899308,0.038584179592368095,-0.06272272415937502,-0.15352764402104618,-0.234165309626446,-0.3052866560821182,-0.36770608913487074,-0.4222978345162851,-0.46992986722077557,-0.5114248546006377,-0.5475395608035074,-0.5789562853528564,-0.6062817665086213,-0.6300504272252925,-0.6507299137584754,-0.668727624604778,-0.6843974411895264,-0.6980462070415863,-0.7099397181249267
0.8794612455732279,0.7728254123454006,0.6500955907104071,0.5195039199868645,0.3878545998339867,0.2602304400510493,0.14004750965987256,0.029307086741578336,-0.07107987050256825,-0.16097654896195854,-0.24075286894828568,-0.3110793651688442,-0.3727791865919237,-0.42672818980772226,-0.47379162660244734,-0.514787010822611,-0.5504648021658367,-0.5815006559764542,-0.6084948129517914,-0.6319756145235123,-0.65240517115968,-0.6701859345309615,-0.685667420447035,-0.6991526523522984,-0.7109041025646857
0.8709576537966557,0.7625522868175342,0.6388180448474077,0.5078847610295001,0.3764109457230187,0.24932677430000164,0.12991201517067819,0.020058757115774706,-0.07940225927525713,-0.1683886331183812,-0.24730408472744472,-0.31683772312666336,-0.37782072645175746,-0.43113010983421196,-0.4776281058008327,-0.5181269010982494,-0.5533705589945278,-0.5840280509223688,-0.6106931122557985,-0.6338880135856719,-0.6540693499716133,-0.6716346508666584,-0.6869290920188136,-0.7002519014227192,-0.7118622504982088
0.8622167101194108,0.752101793837403,0.6274212717364002,0.4961965013009674,0.3649375633520813,0.23842183990506297,0.11979415225543713,0.010839372576845419,-0.0876899685171674,-0.1757641413267653,-0.25381929662729796,-0.3225621129381711,-0.382831100536968,-0.4355039737290562,-0.48143965897029645,-0.5214448485717955,-0.5562571214289707,-0.5865387277955944,-0.6128768913612064,-0.6357878232610885,-0.6557226237909362,-0.6730739247968813,-0.6881825873734975,-0.7013440684797223,-0.7128142611349041
0.8532400473429581,0.7414762786134675,0.6159076800069241,0.4844412060532331,0.35343599470875425,0.22751663751144582,0.10969445249026055,0.0016491028138448938,-0.09594308257375941,-0.183103320127946,-0.26029884277657606,-0.32825291399753065,-0.38781069594463013,-0.439850155415473,-0.48522663500314556,-0.5247411713395793,-0.5591247749229626,-0.589032939946843,-0.6150463734041128,-0.6376752390325691,-0.6573651632570745,-0.6745039049219583,-0.6894280357282578,-0.702429265793224,-0.7137602319854037
0.8440293600070197,0.7306781116110299,0.60427967466975,0.47262092039084636,0.34190775620306596,0.21661214411023474,0.09961342930629019,-0.007511894242958728,-0.10416169180620793,-0.19040641759833032,-0.26674305970040824,-0.33391050211477263,-0.39275989509919895,-0.44416902368824107,-0.4889893776254447,-0.5280161825500628,-0.5619738003426566,-0.5915109365647081,-0.6172017778006152,-0.6395504530924534,-0.6589971361198432,-0.6759247373171533,-0.6906655641010512,-0.7035076037217921,-0.7147002589012685
0.8345864040048766,0.7197096878562659,0.5925396566914838,0.4607376692776905,0.33035433900709993,0.20570931353053643,0.08955157848168724,-0.016643472019747363,-0.11234589231139025,-0.1976736831883234,-0.2731522822557753,-0.3395352495221255,-0.39767907580563905,-0.44846094229435984,-0.4927282254911174,-0.5312701905017906,-0.5648044740622897,-0.5939729627656147,-0.619343320329191,-0.641413654416745,-0.660618707305345,-0.677336565590751,-0.6918952973615233,-0.7045791907570749,-0.7156344361136675
0.8249129961829058,0.7085734262460464,0.5806900225841467,0.44879345755485217,0.31877720939638554,0.1948090769252033,0.07950937862285773,-0.02574549490821673,-0.12049578565155164,-0.20490536756774147,-0.2795268435711985,-0.3451275248822549,-0.4025686113027417,-0.45272627001273036,-0.49644351227435657,-0.5345034987392954,-0.5676170680577299,-0.5964192596816291,-0.6214712132110454,-0.6432650288373665,-0.662230038980173,-0.6787395309406319,-0.6931173582805733,-0.7056441335670547,-0.7165628562710228
0.8150110139244464,0.6972717688636689,0.5687331640094836,0.4367902699691818,0.3071778090927668,0.18391234325008501,0.06948729163509104,-0.03481783788574433,-0.12861147859334238,-0.21210172247793097,-0.2858670749904597,-0.3506876932982956,-0.40742887031656794,-0.4569653607328532,-0.500135566760389,-0.5377164061470046,-0.5704118499979162,-0.5988500645461814,-0.6235856651884851,-0.6451047591126056,-0.6638312906139847,-0.6801337722093977,-0.6943318675786412,-0.7067025370381842,-0.7174856104756879
0.8048823947181085,0.6858071803006391,0.5566714673977661,0.42473007121214545,0.2955575556084792,0.17301999973678198,0.059485763182802964,-0.04386038614635368,-0.13669308285590037,-0.21926300059033224,-0.29217330602016184,-0.3562161163255625,-0.41226021711397187,-0.46117856353252706,-0.503804712934592,-0.5409092070411854,-0.573189083334228,-0.6012656107777548,-0.6256868816013843,-0.6469330249958058,-0.6654226190404947,-0.68151942593809,-0.6955389439727568,-0.7077545043164355,-0.7184027883196717
0.7945291357106363,0.6741821469846163,0.5445073135808487,0.41261480596857303,0.2839178425911636,0.1621329123588858,0.04950522313957206,-0.052873034742188296,-0.14474071486768306,-0.22638945537123067,-0.2984458642809565,-0.3617131519848242,-0.4170630115561428,-0.46536622275454664,-0.5074512700700102,-0.5440821912599811,-0.575949027387848,-0.6036661280615992,-0.6277750644617759,-0.6487500033023423,-0.6670041785169204,-0.6828966264185328,-0.6967387042223729,-0.7088001368472846,-0.7193144779194351
0.7839532932444317,0.6623991765136259,0.5322430774392284,0.4004463989749044,0.2722600401695517,0.15125192629167797,0.039546086028145466,-0.06185568823522164,-0.15275449553177245,-0.23348134095247397,-0.3046850754622641,-0.3671791547770577,-0.4218376091521437,-0.4695286780824107,-0.5110755528132875,-0.5472356442515722,-0.5786919374351673,-0.6060518424295331,-0.6298504125266495,-0.6505558679749484,-0.668576120781945,-0.6842655057443574,-0.6979312631740395,-0.7098395344146815,-0.7202207659498071
0.7731569823798686,0.6504607969966637,0.5198811275628796,0.3882267550865777,0.2605854952996053,0.1403778663653025,0.029608751450614812,-0.07080826035890267,-0.16073454999934858,-0.24053891200789645,-0.310891263280324,-0.3726144756995624,-0.42658436111238174,-0.4736662646150182,-0.5146778712690407,-0.5503698471605104,-0.5814180647912747,-0.6084229763378661,-0.6319131213689839,-0.6523507901474304,-0.6701385951122305,-0.6856261938607395,-0.6991167338049438,-0.7108727951790264,-0.7211217376770236
0.7621423764025149,0.6383695564007731,0.5074238259256062,0.37595775935417214,0.24889553211085502,0.12951153751139768,0.01969360450894253,-0.07973067368948322,-0.168681007451069,-0.24756242363524106,-0.31706474943941243,-0.37801946226335364,-0.4313036144019823,-0.4777793129403638,-0.5182585310826984,-0.5534850769122601,-0.5841276568915829,-0.6107797487434998,-0.6339633834470682,-0.654134938206814,-0.6716917483775211,-0.6869788186128822,-0.7002952272653425,-0.7119000157141766,-0.7220174769909322
0.7509117063153848,0.6261280219046922,0.4948735275726723,0.3636412771079557,0.2371914522527291,0.1186537252031982,0.009801016216003322,-0.0886228593267672,-0.17659400088610566,-0.25455213124336834,-0.32320585359609033,-0.38339445851175874,-0.43599571179403834,-0.4818681492082406,-0.5218178335218437,-0.5565816062959962,-0.5868209573716526,-0.613122375178278,-0.636001388172176,-0.6559084778539854,-0.6732357250943916,-0.6883235057933009,-0.701466852919943,-0.7129212910435311,-0.7229080664363854
0.7394672603163641,0.6137387792591683,0.4822325803214766,0.35127915405049975,0.2254745352406791,0.1078051958891326,-6.865610262729582e-05,-0.0974847565839844,-0.18447366691854458,-0.26150829044452717,-0.32931489332632025,-0.38873980504010525,-0.44066099192267677,-0.48593309520193123,-0.5253560755560602,-0.5596597040456817,-0.589498206145227,-0.615451067821592,-0.6380273219746141,-0.6576715721628472,-0.6747706674786663,-0.6896603791879201,-0.7026317183882361,-0.7139367146752,-0.7237935872438397
0.7278113832609265,0.6012044321539975,0.46950332447500753,0.33887321635699985,0.21374603880188162,0.096966697419921,-0.009915068416010753,-0.10631631268659295,-0.19232014558094285,-0.26843115695150055,-0.3353921840953263,-0.39405583901645175,-0.44529978933594117,-0.4899744684089117,-0.5288735499353376,-0.562719634919486,-0.5921596394805606,-0.6177660355713254,-0.64004136836821,-0.659424381638052,-0.6762967154965562,-0.6909895606210434,-0.7037899295838408,-0.7149463786363089,-0.7246741193591961
0.7159464761102948,0.5885276015918824,0.4566880925478554,0.326425270782992,0.20200719922034763,0.08613895946920605,-0.0197378896040889,-0.11511748247971154,-0.20013358013477467,-0.27532098647943726,-0.341438039230066,-0.3993428942032666,-0.4499124345484399,-0.4939925820905601,-0.5323705452670351,-0.5657616597775578,-0.5948054900750529,-0.620067484113165,-0.6420437080132744,-0.6611670642713381,-0.6778140069145497,-0.6923111699992079,-0.7049415907528624,-0.7159503735064392,-0.7255497414728942
0.7038749953651792,0.5757109252691692,0.4437892090045294,0.31393710477914305,0.19025923168127293,0.07532269394775731,-0.029536801082660463,-0.12388822814396191,-0.2079141168875358,-0.28217803465215924,-0.3474527698941769,-0.4046013009799897,-0.45449925409373737,-0.49798774535087886,-0.535847346091449,-0.5687860356582093,-0.5974359871282517,-0.6223556159883215,-0.6440345187780817,-0.6628997755965241,-0.6793226773480879,-0.6936253253539718,-0.7060868045113153,-0.7169487884502517,-0.7264205310482872
0.6915994524852382,0.5627570569635147,0.4308089900098311,0.301410486612784,0.17850333061443166,0.06451859541126054,-0.039311496436927995,-0.13262851891949318,-0.21566190501629975,-0.2890025569128054,-0.35343668506529036,-0.40983138636641536,-0.4590605705764692,-0.5019602632042284,-0.5393042329559903,-0.5717930158525306,-0.6000513564132552,-0.6246306306597108,-0.6460139757989118,-0.6646226687431853,-0.6808228603090767,-0.6949321428836588,-0.7072256718816301,-0.7179417112493061,-0.7272865643493226
0.6791224132944185,0.5496686659285592,0.41774974319105784,0.28884716549591166,0.16674067003649756,0.053727341461758504,-0.049061681063416934,-0.1413383308379404,-0.22337709639748568,-0.2957948084386066,-0.3593900915145919,-0.4150334740468256,-0.46359670272415876,-0.5059104366420968,-0.5427414824880137,-0.5747828499774854,-0.6026518203465574,-0.6268927245766311,-0.6479822515386909,-0.6663358944890586,-0.6823146872522435,-0.6962317369940916,-0.7083582923282721,-0.7189292283331083,-0.7281479164675445
0.666446497372319,0.536448436295638,0.4046137674117855,0.27624887171934465,0.1549724038921182,0.04294959314277069,-0.058787071820099734,-0.15001764646209884,-0.23105984544263586,-0.30255504405963346,-0.3653132937885061,-0.4202078843948092,-0.4681079654386958,-0.5098385626988817,-0.5461593674663081,-0.5777557840475072,-0.60523759805637,-0.6291420912379693,-0.6499395158442656,-0.668039601311205,-0.6837982876203914,-0.6975242203383407,-0.7094847637924859,-0.7199114248093895,-0.7290046613484304
0.6535743774317387,0.5230990664825826,0.3914033525569891,0.2636173167927545,0.1431996663936174,0.03218599532814587,-0.06848739668455503,-0.15866645463309717,-0.23871030893999634,-0.30928351818137123,-0.37120659419242175,-0.4253549344987223,-0.47259466984748577,-0.5137449345167251,-0.5495581568912848,-0.5807120605446449,-0.6078089054494746,-0.6313789212539977,-0.6518859360023651,-0.6697339354359777,-0.6852737888885807,-0.6988097038555279,-0.7106051827262255,-0.7208883844936751,-0.7298568718171079
0.6405087786825691,0.509623268609649,0.37812077932927024,0.2509541935902936,0.13142357235918894,0.02143717710469345,-0.07816239441998646,-0.167284750224862,-0.24632864590171402,-0.31598048471096374,-0.37707029277634574,-0.43047493818772986,-0.47705712335423145,-0.5176298414093843,-0.5529381160538821,-0.5836519184872799,-0.610365955276625,-0.6336034024067758,-0.6538216767942675,-0.6714190408878148,-0.686741316607262,-0.7000882968087007,-0.7117196441252513,-0.7218601899381274,-0.7307046196034417
0.6272524781821945,0.49602376792261427,0.36476831905595664,0.23826117650156162,0.11964521754947474,0.010703752148665646,-0.08781181424892015,-0.17587253390563676,-0.2539150174164271,-0.32264619698695496,-0.3829046873223753,-0.4355682060583666,-0.4814956296893351,-0.5214935689251581,-0.5562995066032028,-0.5865755934974473,-0.6129089571965374,-0.6358157197091989,-0.6557469005492125,-0.6730950595368963,-0.6882009944443919,-0.7013601068218042,-0.7128282415614478,-0.722826922459703,-0.7315479753665143
0.6138083041725628,0.48230330222305146,0.3513482335068246,0.2255399215876256,0.10786567900239152,-1.3680903882984374e-05,-0.09743541553444046,-0.18442981190639746,-0.2614695865071045,-0.32928090771242835,-0.38871007333392155,-0.4406350455015821,-0.48591048895991085,-0.5253363989088728,-0.5596425866129254,-0.5894833178668043,-0.6154381178385209,-0.6380160554627433,-0.6576617671966039,-0.674762131145698,-0.6896529442265625,-0.7026252399157882,-0.7139310672143746,-0.7237886621676441,-0.7323870087185431
0.6001791354041061,0.46846462130583044,0.3378627747222285,0.2127920667418733,0.09608601536612699,-0.010714538092759185,-0.10703296746876412,-0.19295659579591823,-0.26899251799392154,-0.3358848688913688,-0.3944867440265772,-0.44567576073022475,-0.49030199769938654,-0.5291586095629418,-0.5629676106464929,-0.592375320621259,-0.6179536408637598,-0.6402045893139258,-0.659566434317023,-0.6764203934144748,-0.6910972859791809,-0.7038838005438652,-0.7150282119020744,-0.7247454879903208,-0.7332217882482153
0.5863679004466741,0.45451048640384084,0.32431418485139285,0.20001923185542334,0.08430726723018353,-0.02139824977528562,-0.11660424876901132,-0.2014529022623281,-0.2764839783620104,-0.34245833176813784,-0.40023499032054766,-0.4506906528069007,-0.49467044891669043,-0.5329604755074981,-0.5662748298211151,-0.5952518275843075,-0.6204557270252987,-0.6423814983095174,-0.6614610571920905,-0.6780699820256966,-0.6925341379657024,-0.7051358916259427,-0.7161197651111573,-0.7256974777014361,-0.7340523815434787
0.5723775769876664,0.4404436696399646,0.3107046960006433,0.18722301898687904,0.0725304574543928,-0.03206426027386963,-0.12614904738001015,-0.2099187529009523,-0.2839441356339163,-0.34900154676992856,-0.4059551008345691,-0.4556800196721961,-0.49901613214500484,-0.5367422678396261,-0.5695644918706044,-0.5981130614390975,-0.622944574226753,-0.6445469569505519,-0.6633457888532117,-0.6797110306874723,-0.6939636167259773,-0.7063816145822611,-0.7172058150261871,-0.7266447079456302,-0.734878855213808
0.5582111911175408,0.4262669534863057,0.2970365300913511,0.1744050125361874,0.06075659149581769,-0.04271202752940659,-0.13566716018395839,-0.21835417400826024,-0.2913731592465994,-0.35551476345207045,-0.41164736188122664,-0.46064415617319004,-0.5033393334900738,-0.5405042541916771,-0.5728368412070609,-0.6009592417892476,-0.6254203775797792,-0.6467011372451449,-0.6652207801292261,-0.6813436711759906,-0.6953858371137003,-0.7076210693662499,-0.7182864485583815,-0.7275872542634791,-0.7357012749119394
0.5438718166028772,0.41198313023067135,0.28331189872735296,0.16156677942237463,0.04898665773344474,-0.05334102276047056,-0.14515839271681108,-0.2267591963817418,-0.29877121993281175,-0.3619982304460859,-0.41731205746361116,-0.46558335409225543,-0.5076403356780724,-0.5442466987887125,-0.5760921189814394,-0.6037905852184631,-0.6278833294603401,-0.6488442087601715,-0.6670861796930032,-0.6829680333769996,-0.696800912333025,-0.7088543544966387,-0.7193617513736617,-0.7285251911159267,-0.7365197053551181
0.5293625741471913,0.39759500145031795,0.2695330030716423,0.14870986926495533,0.0372216277906221,-0.06395073012820082,-0.15462255889121515,-0.23513385512553336,-0.3061384896067144,-0.368452195410363,-0.42294946927322763,-0.47049790217608217,-0.5119194181030058,-0.5479698625050469,-0.579330563143007,-0.6066073053489536,-0.6303336195637821,-0.6509763386718155,-0.6689421341069999,-0.6845842453263506,-0.6982089539743279,-0.7100815670888234,-0.7204318079200445,-0.7294585919081449,-0.7373342103458441
0.5146866306396851,0.3831053774929505,0.25570203373209166,0.1358358145688002,0.025462456855154136,-0.07454064640681701,-0.16405948072584878,-0.24347818946162086,-0.31347514125356485,-0.37487690498335174,-0.4285598766891025,-0.4753880861649088,-0.5161768568736496,-0.5516740029199371,-0.5825524084977283,-0.6094096128987079,-0.6327714349587815,-0.6530976918150431,-0.6707887878678231,-0.6861924332496506,-0.6996100720491871,-0.7113028028855366,-0.721496701454429,-0.7303875290128641,-0.7381448527921584
0.4998471983921212,0.3685170769649621,0.2418211706559981,0.1229461309122635,0.013710083997006517,-0.08511028065969453,-0.1734689880810184,-0.25179224254646826,-0.32078134882335696,-0.38127260473917035,-0.4341435567780132,-0.4802541888219229,-0.5204129248600162,-0.5553593743723988,-0.5857578867655824,-0.612197715737622,-0.6351969601401439,-0.6552084307319959,-0.6726262834498039,-0.6877927216010131,-0.7010043750245556,-0.7125181562868079,-0.72255651406876,-0.73131207379316,-0.738951694727457
0.4848475343640306,0.3538329262269154,0.22789258303323548,0.11004231713837614,0.00196543248355896,-0.0956591539209091,-0.18285091840035592,-0.2600760612928841,-0.3280572871282466,-0.38763953914552196,-0.43970078429578247,-0.4850964899628018,-0.5246278917393439,-0.5590262280151829,-0.5889472266368472,-0.6149718189425335,-0.6376103770805384,-0.6573087157193713,-0.6744547613476386,-0.6893852331009744,-0.7023919698561948,-0.7137277203792737,-0.7236113267156179,-0.7322322966247403,-0.7397547973298688
0.469690939376437,0.3390557588962299,0.21391842920779092,0.0971258555489162,-0.009770589907642568,-0.10618679888219126,-0.1922051164584787,-0.26832969619700187,-0.3353031317436528,-0.3939779515238292,-0.4452318316895787,-0.4899152664853653,-0.5288220240416012,-0.5626748118679078,-0.5921206538273618,-0.6177321248511711,-0.6400118652811444,-0.6593987048747788,-0.6762743601180864,-0.6909700887735561,-0.7037729620213461,-0.7149315869648143,-0.7246612192332265,-0.7331482669177256,-0.7405542209411953
0.4543807573143127,0.3241884153570711,0.1999008565974826,0.08419821210117318,-0.021497090578674993,-0.11669275958519351,-0.20153143411446417,-0.2765532011701857,-0.34251905891289114,-0.4002880840114894,-0.45073696910116623,-0.4947107923993207,-0.532995585194513,-0.566305370869373,-0.5952783911327908,-0.6204788331150483,-0.6424016018212719,-0.6614785541421276,-0.6780852164207838,-0.6925474079825398,-0.7051474555506989,-0.7161298465885724,-0.7257062703699109,-0.7340600531379453,-0.7413500250854252
0.4389203743179677,0.3092337422774132,0.18584200162164863,0.07126083660724697,-0.033213191803610764,-0.1271765911190006,-0.21082973007099454,-0.2847466333757363,-0.3497052454552071,-0.406570177526151,-0.45621646437103824,-0.4994833388560541,-0.5371488355680817,-0.569918146929042,-0.5984206584819087,-0.6232121407513257,-0.6447797614069626,-0.6635484173560511,-0.6798874650581729,-0.694117308466929,-0.7065155530596483,-0.7173225885663415,-0.7267465578080117,-0.734967722827766,-0.7421422684868485
0.4233132179635707,0.2941945921332352,0.17174398963659515,0.058315162935684395,-0.044918030423515914,-0.1376378593228041,-0.22009986963904377,-0.2929100530702441,-0.3568618686771135,-0.41282447173194464,-0.46167058304340536,-0.5042331741784764,-0.5412820325186356,-0.5735133789777381,-0.6015476729889302,-0.6259322421936723,-0.6471465164186071,-0.6656084462854105,-0.681681239014585,-0.6956799063756711,-0.7078773557788822,-0.7185099010113722,-0.727782158187284,-0.7358713426264694,-0.7429310090877672
0.40756275643302764,0.27907382273983566,0.15760893487860037,0.04536260921531726,-0.056610757544093865,-0.1480761404936537,-0.22934172450795612,-0.30104352344944374,-0.3639891062868791,-0.41905120500757,-0.4670995883719604,-0.5089605638908687,-0.5453954304323584,-0.577091303017529,-0.6046596490048863,-0.6286393293421269,-0.6495020369575903,-0.6676587906758795,-0.6834666694944875,-0.6972353163016095,-0.7092329635842916,-0.7196918708605752,-0.7288131471277715,-0.7367709782901675,-0.7437163040658246
0.3916724976734226,0.26387429679022517,0.1434389404142857,0.0324045780411365,-0.06829053823600573,-0.1584910210992068,-0.23855517252079705,-0.30914711049843646,-0.3710871363120821,-0.42525061441615386,-0.47250374132639406,-0.5136657707487304,-0.5494892807683477,-0.5806521521708439,-0.6077567981680999,-0.6313335916120189,-0.6518464908920085,-0.6696995982916623,-0.6852438859599332,-0.6987836513147332,-0.7105824750262577,-0.7208685839001796,-0.7298395992522027,-0.7376666947113084,-0.7444982098509532
0.3756459885462323,0.24859888140054967,0.12923609809813524,0.01944245668204614,-0.0799565512378971,-0.1688820974953941,-0.24774009745482645,-0.31722088284614397,-0.37815613702010303,-0.43142293567682716,-0.4778833005996091,-0.5183490547686016,-0.5535638321011587,-0.5841961567288122,-0.6108393294537404,-0.6340152159819341,-0.6541800439014622,-0.6717310149563417,-0.6870130161672182,-0.700325022994704,-0.7119259873582984,-0.7220401247908266,-0.7308615882078948,-0.7385585559377489,-0.7452767821419666
0.3594868139665479,0.23325044766252118,0.11500248853698697,0.006477617290363391,-0.09160798866213343,-0.17924897564891146,-0.2568963888069814,-0.3252649116238579,-0.38519628684144874,-0.43756840313790146,-0.4832385226155761,-0.5230106732578281,-0.5576193301628485,-0.5877235441988353,-0.6139074492224983,-0.6366843870407644,-0.6565028595209537,-0.6737531845928907,-0.6887741862027763,-0.7018595414627093,-0.7132635965651116,-0.7232065770921332,-0.7318791866881931,-0.7394466251914252,-0.7460520759227919
0.3431985960325077,0.21783187020278805,0.10074018106128801,-0.006488582887091532,-0.10324405570328754,-0.18959127086447766,-0.2660239415842348,-0.3332792703277734,-0.3922077642958225,-0.44368724975163265,-0.4885696615378191,-0.5276508808442839,-0.5616560178845373,-0.591234539351426,-0.6169613612684001,-0.6393412870338682,-0.6588150991839203,-0.6757662492628735,-0.6905275205183316,-0.7033873154126415,-0.7145953973900288,-0.7243680232867391,-0.7328924664534575,-0.7403309648866256,-0.7468241454783593
0.32678499314517717,0.20234602674922048,0.0864512337029335,-0.019454801296428348,-0.11486397034935386,-0.1999086075167391,-0.2751226560986982,-0.3412640346853576,-0.3991907479208102,-0.449779707050442,-0.49387696927845437,-0.5322699295059958,-0.5656741354374581,-0.594729364266297,-0.6200012668657664,-0.6419860959083505,-0.661116922264414,-0.6777703492048519,-0.6922731419653287,-0.704908452141634,-0.7159214833618959,-0.7255245448038461,-0.7339014983516096,-0.741211636647884,-0.7475930444101622
0.3102496991191016,0.18679579770404794,0.0721376931795008,-0.0324197098627865,-0.12646696309572916,-0.21020061878676483,-0.2841924377673521,-0.34921928252544504,-0.4061454162030994,-0.4558460051245614,-0.4991606955077672,-0.5368680686006789,-0.5696739202735064,-0.5982082383777219,-0.6230273648153334,-0.6446189913574809,-0.6634084861184419,-0.6797656228720061,-0.6940111718286468,-0.7064230575799574,-0.717241946821386,-0.7266762220422638,-0.7349063523382429,-0.7420887013274928,-0.7483588256514867
0.29359644228374737,0.171184065723791,0.05780159488468373,-0.045381994775226,-0.13805227666195352,-0.22046694640304715,-0.2932331969162885,-0.3571450936519553,-0.41307194751215737,-0.46188637260104853,-0.5044210876642949,-0.5414455448951683,-0.5736556071653067,-0.6016713785191932,-0.6260398514895769,-0.6472401488642885,-0.6656899461245218,-0.6817522069690236,-0.6957417298596482,-0.707931236320314,-0.7185568789467821,-0.7278231343929848,-0.735907097496326,-0.7429622190226588,-0.7491215414823289
0.27682898457608135,0.1555137153059463,0.043444962884763405,-0.05834035627051906,-0.14961916571121114,-0.23070724038690993,-0.30224484858933365,-0.3650415497210888,-0.41997052003623375,-0.4679010366240706,-0.5096583909653564,-0.5460026025947213,-0.5776194282457736,-0.6051189989673632,-0.6290389208772167,-0.6498497417443285,-0.6679614557234244,-0.683730236488233,-0.6974649343085404,-0.709433091646524,-0.7198663697792198,-0.72896536026129,-0.7369038020554952,-0.7438322490923037,-0.7498812435440099
0.25995112062450887,0.13978763238235498,0.029069809920917733,-0.07129350841596349,-0.16116689657259306,-0.24092115880224832,-0.31122731236094087,-0.37290873412190567,-0.42684131172063333,-0.47389022283643206,-0.5148728484180157,-0.5505394833721797,-0.5815656130471749,-0.6085513114852943,-0.6320247646269508,-0.6524479411876563,-0.6702231664571612,-0.6856998447450342,-0.6991809019560975,-0.7109287255616384,-0.7211705082474229,-0.7301029770884055,-0.7378965334109534,-0.744698850173524,-0.750637982853485
0.2429666768244066,0.12400870391919477,0.014678137417209691,-0.08424017889132593,-0.17269474696612172,-0.25110836750952437,-0.32018051215324733,-0.3807467318601842,-0.43368450020816185,-0.4798541553622754,-0.5200647008304405,-0.555056426396993,-0.5854943885397188,-0.6119685253650333,-0.6349975720904242,-0.6550349163000215,-0.6724752280072175,-0.6876611634126277,-0.7008897481447471,-0.7124182388154778,-0.7224693821919361,-0.7312360613727217,-0.7388853581419883,-0.7455620801977153,-0.7513918098173737
0.22587951040549764,0.10817981752353586,0.00027193549406695494,-0.09717910877001834,-0.18420200573052364,-0.261268539923922,-0.3291043760571643,-0.38855562944543653,-0.44050026278165805,-0.48579305679089324,-0.5252341868236243,-0.5595536683640714,-0.5894059791696324,-0.6153708474695069,-0.6379575303644426,-0.6576108341433011,-0.6747177882320547,-0.6896143225560672,-0.7025915868090419,-0.7139017309316336,-0.7237630783888738,-0.7323646886905835,-0.7398703420301178,-0.7464219964063754,-0.7521427742456988
0.20869350849129176,0.09230386105639282,-0.01414681701290349,-0.11010905229961487,-0.19568797255375733,-0.27140135677759186,-0.3379988361574155,-0.39633551478099377,-0.4472887763085417,-0.49170714816161903,-0.5303815428434454,-0.5640314435224797,-0.5933006068967697,-0.6187584822737578,-0.6409048243324529,-0.6601758597751879,-0.6769509932039028,-0.6915594506656515,-0.7042865305055352,-0.7153793002339257,-0.7250516825731985,-0.7334889337166732,-0.7408515500768749,-0.7472786553665958,-0.7528909253653651
0.1914125871508519,0.07638372225220197,-0.028576152528948823,-0.12302877668178852,-0.20715195770625647,-0.28150650588587967,-0.34686382836137586,-0.4040864770570364,-0.4540502171872787,-0.49759664894970584,-0.535507003173022,-0.568489983703931,-0.5971784912317164,-0.6221316319055297,-0.6438396367053003,-0.6627301562881478,-0.679174987244846,-0.6934966746896623,-0.7059746904420608,-0.716851043872336,-0.7263352794615294,-0.7346088702439786,-0.7418290465212394,-0.7481321129862377,-0.7536363118333584
0.17404069044311626,0.060422288344666564,-0.043014114711199425,-0.13593706185178392,-0.2185932817769136,-0.29158368191749584,-0.3556992922316596,-0.4118086066465042,-0.46078476129571877,-0.503461777053197,-0.5406107999453655,-0.5729295183511125,-0.6010398492724329,-0.6254904961852166,-0.6467621480612917,-0.6652738848476796,-0.6813899129622467,-0.6954261200664948,-0.7076561765064635,-0.7183170578484506,-0.7276139527745218,-0.7357245712033843,-0.7428028948567311,-0.7489824245288264,-0.7543789817497017
0.1565817894540248,0.04442244569886872,-0.05745875841487663,-0.14883270025749407,-0.2300112754117603,-0.30163258616850336,-0.3645051708223009,-0.4195019950037648,-0.4674925839412041,-0.509302748780689,-0.545693163156272,-0.5773502745457978,-0.6048848957404058,-0.628835272665181,-0.6496725368855589,-0.6678072047298718,-0.683595911283496,-0.6973479107561595,-0.7093310972947631,-0.7197774370403947,-0.7288877852587966,-0.7368361086828712,-0.7437731578481699,-0.7498296446281452,-0.7551189826701518
0.13903988132670292,0.028387079449615382,-0.07190814965481351,-0.16171449663823179,-0.24140527905533166,-0.3116529263400613,-0.37328141051845704,-0.4271667345659472,-0.4741738598123879,-0.5151197788399717,-0.5507543206774448,-0.5817524770367544,-0.6087138430163239,-0.6321661566684503,-0.652570979608746,-0.6703302733582817,-0.6857931214901201,-0.6992621692711927,-0.710999560138785,-0.7212322752272959,-0.7301568587084549,-0.7379435539463535,-0.744739897548115,-0.7506738273025563,-0.7558563616186615
0.12141898828494724,0.012319073145904191,-0.08636036556246662,-0.174581267803283,-0.25277464269470806,-0.3216444163198486,-0.3820279608795186,-0.43480291865686826,-0.48082876293269994,-0.5209130803274918,-0.5557944982698281,-0.5861363482674363,-0.6125269011752842,-0.6354833413268051,-0.655457650645041,-0.6728432463401587,-0.6879816812512622,-0.7011690167069904,-0.7126616711332667,-0.7226816651132801,-0.7314212539861803,-0.7390469774521485,-0.7457031753129857,-0.7515150259690431,-0.7565911650995887
0.10372315665026283,-0.003778691598544881,-0.10081349433856568,-0.18743184241030353,-0.26411872560620486,-0.331606775967073,-0.3907447744855377,-0.44241064139344694,-0.48745746661538447,-0.5266828647185949,-0.5608139195971216,-0.5905021084034591,-0.6163242780215341,-0.6387870176182753,-0.6583327224295572,-0.6753462775020223,-0.6901617266565505,-0.703068572771578,-0.7143175351624564,-0.7241256983510126,-0.7326810510439433,-0.7401464488711085,-0.7466630518188873,-0.7523532934569988,-0.7573234391097027
0.08595645585270678,-0.019903335448789222,-0.11526563520154579,-0.20026506074364953,-0.2754368961046822,-0.3415397309009926,-0.39943180678686585,-0.44998999759451797,-0.49406014342004,-0.5324293418585018,-0.5658128062394452,-0.5948499753598351,-0.6201061791227395,-0.6420773744040408,-0.6611963654550795,-0.6778395189246028,-0.6923333922483615,-0.7049609558148254,-0.7159672559262154,-0.7255644655648037,-0.7339363289433176,-0.7412420371044036,-0.747619587077136,-0.7531886820217486,-0.7580532291499485
0.06812297743579881,-0.03605198168624699,-0.12971489833191363,-0.21307977449269128,-0.2867285312954607,-0.3514430122928709,-0.4080890159569255,-0.4575410826919797,-0.5006369651106233,-0.5381527199539935,-0.5707913777071628,-0.5991801648279874,-0.6238728078437955,-0.6453545984647546,-0.6640487483081874,-0.6803231209771691,-0.6944968110535067,-0.7068462828571243,-0.7176109359656312,-0.726998056373275,-0.7351871658754121,-0.742333810300976,-0.7485728404494931,-0.7540212433578257,-0.7587805802369967
0.05022683405573686,-0.05222175654048855,-0.14415940481270656,-0.225874846530204,-0.29799301682881335,-0.361316356661282,-0.4167163627479942,-0.46506399264416615,-0.5071881026148168,-0.5438532055657455,-0.5757498514548091,-0.6034928903025132,-0.6276243653801838,-0.6486188745363068,-0.6668900377047811,-0.6827972323512628,-0.6966521146143558,-0.7087246696175602,-0.7192486766881774,-0.7284265594116268,-0.736433639180454,-0.7434218358746816,-0.749522870663131,-0.7548510286120089,-0.7595055369145974
0.03227215847519782,-0.06840978951528151,-0.15859728656616112,-0.23864915069086085,-0.3092297466570024,-0.3711595056706897,-0.4253138103499375,-0.4725588238513845,-0.5137137259847323,-0.5495310036012817,-0.58068844289512,-0.6077883631076965,-0.6313610507908656,-0.651870385345009,-0.6697203985249927,-0.6852620000938262,-0.6987994330193836,-0.710596230541545,-0.7208805783923917,-0.7298500623534752,-0.7376758253669919,-0.7445061805211087,-0.7504697358253146,-0.7556780883961196,-0.7602281432647104
0.01426310255196267,-0.08461321370899999,-0.1730266862867621,-0.25140157154992737,-0.32043812279384354,-0.38097220593322456,-0.4338813242517856,-0.4800256730735397,-0.5202140043588908,-0.5551863173085287,-0.5856073654131569,-0.6120667924237866,-0.635083061030737,-0.6551093116422566,-0.6725399938475379,-0.6877175696397809,-0.700938894933207,-0.7124610788279921,-0.7225067402921386,-0.7312686519323188,-0.7389138001307729,-0.745586910234104,-0.7514134934378317,-0.7565024727995954,-0.7609484429184581
-0.0037961637773649137,-0.10082916612946893,-0.1874457573707804,-0.2641310042021815,-0.33161755507674867,-0.3907542088135718,-0.442418872106064,-0.487464637349743,-0.5266891059253913,-0.5608193482698978,-0.5905068303804784,-0.6163283853130044,-0.6387905909826332,-0.6583358322386292,-0.675348984983484,-0.6901640848440249,-0.703070627626069,-0.7143193264559767,-0.7241272605404119,-0.7326824139626085,-0.7401476383732692,-0.7466640903219985,-0.752354200411164,-0.75732423140184,-0.7616664790668711
-0.021901453518280323,-0.1170547880033466,-0.20185266384246064,-0.2768363540411371,-0.34276746093123917,-0.4005052702369113,-0.4509264235958047,-0.494875813919869,-0.5331391978862627,-0.5664302963969031,-0.5953870471693715,-0.6205733467452904,-0.6424838334888872,-0.6615501240374679,-0.6781475315094558,-0.6926016880128938,-0.7051947570028232,-0.7161710842109472,-0.7257422362527366,-0.7340914333604489,-0.7413774142198877,-0.7477377854235522,-0.7532919130784044,-0.7581434132843563,-0.7623822944714553
-0.04004856364369466,-0.13328722508012056,-0.21624558027697333,-0.28951653653860193,-0.35388726513787655,-0.41022515049980823,-0.4594039503041389,-0.5022593001479582,-0.539564446422901,-0.57201935992525,-0.6002482231671108,-0.6248018796237994,-0.6461629793824615,-0.6647523620679381,-0.6809357913003122,-0.6950305199350872,-0.7073114076314131,-0.7180164617104712,-0.7273517635301483,-0.735495794163932,-0.742603201037852,-0.7488080595236171,-0.7542266872089424,-0.7589600670426748,-0.7630959314745778
-0.05823327612336415,-0.14952362793081997,-0.23062269172026933,-0.30217047702463073,-0.364976399601593,-0.4199136140840006,-0.4678514255863914,-0.5096151934474005,-0.5459650166625653,-0.5775867354103771,-0.6050905637902306,-0.6290141848101096,-0.649828217517636,-0.6679427195175669,-0.6837139205612707,-0.6974507199120694,-0.7094207027708632,-0.7198555674295375,-0.7289559374817826,-0.7368955795531299,-0.7438250714537852,-0.7498749759685363,-0.7551585780219094,-0.7597742407980762,-0.7638074320096739
-0.07645135895717539,-0.16576115224152113,-0.24498219360596524,-0.31479711046791553,-0.3760343031233756,-0.42957042947300106,-0.47626882444460505,-0.5169435912078485,-0.5523410726458844,-0.5831326177234288,-0.6099142724988073,-0.6332104611491827,-0.65347973480028,-0.6711213677642943,-0.6864820738595228,-0.6998624257879691,-0.7115227643987986,-0.7216885087254306,-0.7305548522470736,-0.7382908718697345,-0.7450430973709865,-0.7509385974812781,-0.7560876401994026,-0.7605859822091217,-0.764516837611293
-0.09469856721202999,-0.18199695910175678,-0.25932229166937926,-0.32739538125665035,-0.3870604211742738,-0.43919536897142736,-0.48465612340439473,-0.5242445907237592,-0.5586927772952999,-0.5886572000475971,-0.61471955081071,-0.6373909054940201,-0.6571177162176821,-0.674288476408007,-0.6892404041553251,-0.7022657739789709,-0.7136177132384907,-0.7235153918621722,-0.7321486010175754,-0.7396817526363711,-0.7462573499864189,-0.7519989861763173,-0.7570139278994803,-0.7613953384829854,-0.7652241894249658
-0.11297064406203969,-0.19822821528791204,-0.2736412018588522,-0.33996424297992234,-0.39805420567170036,-0.4487882085270116,-0.4930133003940767,-0.5315182891245323,-0.5650202923844376,-0.5941606738748505,-0.6195065983158463,-0.6415557127300712,-0.6607423448679786,-0.6774442133016105,-0.6919890628325989,-0.704660899502229,-0.715705668785461,-0.7253363220345594,-0.7337372760584142,-0.7410683025755798,-0.7474678998074085,-0.7530562035742675,-0.7579374947689524,-0.7622023563866095,-0.7659295282169241
-0.13126332183179173,-0.21445209354169725,-0.2879371502444573,-0.352502658209651,-0.40901511475797103,-0.45834872755518746,-0.5013403346259704,-0.5387647833061557,-0.5713237785083253,-0.5996432290029793,-0.6242756126903506,-0.6457050757993441,-0.6643538019891602,-0.6805887445816132,-0.6947281997290395,-0.707047936004314,-0.7177867493336467,-0.7271514033918128,-0.7353209687293966,-0.742450601628498,-0.7486748166680829,-0.7541103106162834,-0.7588583939559612,-0.7630070822576761,-0.7666328943836621
-0.14957232304239398,-0.2306657728438033,-0.3022083729242349,-0.36500959828312746,-0.41994261258107024,-0.46787670876620535,-0.5096372064798149,-0.5459841698643046,-0.5776033950544256,-0.6051050535329512,-0.6290267897107246,-0.6498391857242334,-0.6679522669876564,-0.6837222346982348,-0.6974579631657376,-0.7094270157891802,-0.7198610720011231,-0.7289607390608157,-0.7368997695057551,-0.7438287289732244,-0.749878169745527,-0.7551613676782203,-0.7597766781223567,-0.763809562015406,-0.7673343279613427
-0.16789336146004016,-0.24686643868283015,-0.31645311592804964,-0.3774840430861627,-0.4308361690775656,-0.47737193799468075,-0.51790389738821,-0.5531765450288317,-0.5838593001744514,-0.6105463338665504,-0.6337603232679105,-0.6539582316310704,-0.6715379174665299,-0.6868448464450669,-0.7001784999763392,-0.7117982698456962,-0.7219287527554217,-0.7307644311689877,-0.7384737679985668,-0.7452027630428903,-0.7510780275756881,-0.7562094345845733,-0.7606923994558825,-0.7646098411711897,-0.7680338686350655
-0.1862221431468329,-0.2630512833195865,-0.33066963511920666,-0.38992498083691723,-0.44169525975769164,-0.48683420403153965,-0.5261403897240331,-0.5603420045995922,-0.5900916507569025,-0.6159672547042699,-0.6384764053812884,-0.6580624007733786,-0.6751109292532564,-0.6899567409882761,-0.7028899555357458,-0.7141618278747321,-0.7239899064384365,-0.7325625808667942,-0.7400430529748447,-0.7465727815434479,-0.7522744580690316,-0.7572545706222003,-0.7616056096821708,-0.765407964839053,-0.76873155574799
-0.20455436751357692,-0.2792175060468607,-0.3448561960939183,-0.402331407870392,-0.4525193654924934,-0.4962632984582453,-0.5343466666897242,-0.5674806438835325,-0.5963006024002961,-0.6213679990434383,-0.6431752262125875,-0.6621518785548542,-0.6786714764271176,-0.6930580778953633,-0.7055924737883636,-0.7165178183158158,-0.726044646790935,-0.7343552883498886,-0.741607712377311,-0.7479388614711732,-0.7534675285259472,-0.7582968345538326,-0.7625163600765554,-0.7662039777459724,-0.7694274283103251
-0.2228857283742871,-0.29536231344474223,-0.35901107407873306,-0.4147023284236349,-0.46330797230304055,-0.5056590154832701,-0.5425227122083927,-0.5745925576329917,-0.6024863093870361,-0.6267487481765373,-0.6478569740796818,-0.6662268485520306,-0.6822197313461831,-0.6961490151634837,-0.7082861972759102,-0.7188663683733683,-0.7280930864766766,-0.7361426528809087,-0.7431678333438532,-0.7493010791299026,-0.7546573056519252,-0.7593362846313779,-0.7634247014757066,-0.7669979242420223,-0.7701215250081797
-0.2412119150021365,-0.3114829196316308,-0.37313255382605265,-0.42703675442169364,-0.47406057115164674,-0.515021151780726,-0.550668510816671,-0.5816778399851634,-0.6086489246578999,-0.6321096816897196,-0.6525218354702949,-0.6702874925366726,-0.6857558646739181,-0.6992297092473435,-0.710971267164801,-0.7212076040425361,-0.7301353371061677,-0.7379247728109417,-0.7447235022266964,-0.7506595101480013,-0.7558438555724949,-0.7603729786090255,-0.7643306842890905,-0.7677898483103911,-0.7708138842122969
-0.25952861318656717,-0.32757654651099555,-0.3872189295078241,-0.4393337052643157,-0.4847766577350669,-0.5243495063311017,-0.5587840475592445,-0.5887365844026601,-0.6147885997870934,-0.6374509774614808,-0.6571699950555694,-0.674333990497872,-0.6892800454054044,-0.7023003150866771,-0.7136478232731076,-0.7235416501346221,-0.7321715092600398,-0.7397017456006534,-0.7462748046112719,-0.7520142294950869,-0.7570272438479557,-0.7614069737561651,-0.7652343585102734,-0.7685797935772429,-0.7715045439866559
-0.2778315062913002,-0.34364042401399614,-0.401268504607509,-0.45159220761343366,-0.4954557322796128,-0.5336438802640079,-0.5668693078849825,-0.5957688836151063,-0.6209054849578287,-0.6427728116614608,-0.6618016357035076,-0.6783665206638357,-0.6927924408931678,-0.705360986133299,-0.7163160040971039,-0.7258686303021219,-0.7342017125120711,-0.7414736678410963,-0.7478218253348037,-0.7533653114984864,-0.7582075354878719,-0.7624383268701065,-0.7661357737280498,-0.769367803321442,-0.7721935420969548
-0.2961162763129628,-0.3596717903380683,-0.41527959181044316,-0.46381129518144204,-0.5060972993381536,-0.542904076702895,-0.574924277544616,-0.6027748295617464,-0.6269997289384103,-0.6480753587493702,-0.6664169384922738,-0.6823852595233932,-0.6962932168726429,-0.7084118743777692,-0.7189759468374199,-0.7281886670633937,-0.7362260554518736,-0.743240635274216,-0.749364648504629,-0.7547128298594784,-0.7593847949653829,-0.7634670942886363,-0.7670349791374323,-0.7701539204841517,-0.7728809160189856
-0.31437860494007847,-0.3756678921815796,-0.42925051289268495,-0.47599000852030204,-0.5167008675889673,-0.5521299006116578,-0.5829489424898842,-0.6097545133349715,-0.6330714790587644,-0.6533587914740044,-0.6710160827233402,-0.6863903818471899,-0.699782537487253,-0.7114531303756391,-0.7216277874247894,-0.7305018818269435,-0.738244645707224,-0.7450027428130451,-0.7509033575162429,-0.7560568576692788,-0.7605590862312919,-0.7644933319023828,-0.7679320235504733,-0.770938187678289,-0.7735667029468877
-0.33261417461212456,-0.39162598497464235,-0.44317959860844236,-0.48812739481147277,-0.5272659496363855,-0.5613211586430675,-0.5909432887741024,-0.6167080251247508,-0.6391208811874126,-0.658623280872342,-0.6755992459344804,-0.690382060708598,-0.7032605653131339,-0.714484903273324,-0.724271660545424,-0.7328083949153619,-0.7402575899660859,-0.7467600845616132,-0.7524380350710943,-0.7573974674248194,-0.7617304727279693,-0.7655170951670234,-0.7688269554069573,-0.7717206471978698,-0.7742509398013042
-0.3508186695784028,-0.40754333310618956,-0.45706518857617473,-0.5002225076566862,-0.5377920618131886,-0.570477658988955,-0.5989073024540613,-0.6236354541638867,-0.6451480797088139,-0.6638689962686837,-0.6801666039125858,-0.694360467504314,-0.7067274613834829,-0.7175073408335825,-0.7269076996660072,-0.735108325588902,-0.7422649939982946,-0.748512753834565,-0.7539687631941205,-0.7587347310442987,-0.7628990174030663,-0.7665384391153278,-0.7697198227849391,-0.7725013410272222,-0.7749336632374235
-0.36898777695644464,-0.42341721014742106,-0.47090563116346934,-0.5122744068695876,-0.5482787239847156,-0.5795992112320956,-0.6068409694932162,-0.6305368886740633,-0.651153217501073,-0.6690961052738329,-0.6847183307063075,-0.6983257719746558,-0.7101833852125439,-0.720520589460614,-0.729536037058316,-0.7374017920687167,-0.744266962676944,-0.7502608431765048,-0.755495623251048,-0.7600687198825198,-0.7640647827230405,-0.767557418369035,-0.7706106734111565,-0.7732803108500859,-0.7756149096529302
-0.3871171877896732,-0.4392448990717105,-0.4846992833707835,-0.5242821582682432,-0.5587254593546392,-0.5886856261997141,-0.6147442756660937,-0.6374124158126322,-0.6571364359139666,-0.6743047737842902,-0.6892545986385128,-0.7022781422235655,-0.713628494819251,-0.7235247942247964,-0.7321568038234936,-0.7396889115597626,-0.7462635999994673,-0.7520044443810763,-0.7570186959654578,-0.761399504746035,-0.7652278306865137,-0.7685740871505924,-0.7714995546713099,-0.7740575980586057,-0.7762947151958539
-0.40520259810406856,-0.45502369247109015,-0.49844451071413914,-0.5362448334685377,-0.5691317942723639,-0.5977367158185594,-0.6226172064638615,-0.6442621216200892,-0.6630978747472649,-0.6794951659814437,-0.6937755783185451,-0.706217744738303,-0.7170629467505037,-0.7265200988870539,-0.7347701299159624,-0.7419698002733799,-0.7482550091084208,-0.7537436485097766,-0.7585380614356172,-0.7627271559080793,-0.7663882228374488,-0.769588499294735,-0.7723865136202117,-0.7748332437622087,-0.7769731157723326
-0.4232397099635404,-0.47075089276939897,-0.5121396871068667,-0.5481615096784562,-0.5794972580419976,-0.6067522929714755,-0.6304597470009929,-0.6510860909681977,-0.6690376722293027,-0.6846674443307363,-0.698281438654283,-0.7101447444088327,-0.7204868961040999,-0.7295066459228645,-0.737376144166995,-0.7442445734495495,-0.7502412923119874,-0.75547854591052,-0.7600537991510916,-0.7640517431233234,-0.7675460202781711,-0.7706007082599302,-0.7732715969918198,-0.7756072887963821,-0.7776501470542756
-0.44122423252375403,-0.48642381243219857,-0.5257831947404696,-0.5600312694932651,-0.5898213827328537,-0.6157321713554079,-0.6382718819229686,-0.657884407508698,-0.6749559649957833,-0.6898217695807927,-0.7027723468639866,-0.7140593045469128,-0.7239004965513197,-0.732484576545922,-0.7399749743079536,-0.7465133453788484,-0.7522225511042,-0.7572092262359584,-0.7615659880091534,-0.765373335642433,-0.7687012836822231,-0.7716107671396837,-0.7741548512091474,-0.7763797737313457,-0.7783258444869495
-0.4591518830841337,-0.5020397741735694,-0.5393734239647164,-0.5718532006916051,-0.6001037029914421,-0.6246761653407812,-0.6460535953149619,-0.6646571536225792,-0.6808528880687725,-0.694958300762485,-0.7072484684879232,-0.7179615869048712,-0.7273039003591728,-0.735454030731449,-0.7425667469931946,-0.7487762294240978,-0.7541988861848952,-0.7589357784615622,-0.7630747063309686,-0.7666920022264585,-0.7698540733070718,-0.7726187286737146,-0.7750363223940705,-0.7771507388806381,-0.7790002432964801
-0.4770183881377728,-0.5175961111598757,-0.5529087731670229,-0.5836263960324821,-0.6103437558548928,-0.6335840898321867,-0.6538048706114353,-0.6714044103698467,-0.6867285748358596,-0.700077195187925,-0.7117099673997709,-0.7218517516940791,-0.7306972584122997,-0.7384151472391735,-0.7451515878226606,-0.7510333380417246,-0.7561703974794103,-0.7606582909034757,-0.7645800318775977,-0.7680078111610468,-0.7710044490066641,-0.7736246452590039,-0.7759160563770163,-0.7779202243096017,-0.7796733784972757
-0.494819484418976,-0.5330901672106102,-0.5663876486512327,-0.595349953053196,-0.620541080565786,-0.6424557601303263,-0.6615256905066176,-0.6781262574397611,-0.6925831570294527,-0.7051786084493659,-0.7161570058177876,-0.7257299576031139,-0.7340807202345434,-0.7413680636359695,-0.747729621364152,-0.7532847828028295,-0.758137184158016,-0.7623768512361428,-0.7660820418657919,-0.7693208302704855,-0.7721524702438411,-0.7746285689607202,-0.7767940987065551,-0.7786882698437811,-0.7803452848993724
-0.5125509199481806,-0.5485192969964139,-0.5798084645158479,-0.6070229738681656,-0.6306952183883185,-0.6512909917951281,-0.6692160368657658,-0.6848227731014822,-0.6984167647061813,-0.7102626944179837,-0.7205897443157316,-0.7295963618156145,-0.737454434010187,-0.7443129163181745,-0.7503009711752925,-0.7555306744139871,-0.7600993446551165,-0.7640915465097244,-0.7675808129836148,-0.770631126931594,-0.7732981961026165,-0.7756305515230307,-0.7776704946588897,-0.7794549150772379,-0.7810159971157071
-0.5302084550739655,-0.5638808662343764,-0.5931696425318143,-0.6186445649686885,-0.6408057124257789,-0.660089600509995,-0.6768758906371919,-0.6914940341550949,-0.7042295262263699,-0.7153296052425431,-0.7250083418335438,-0.7334511200278302,-0.7408185466048656,-0.7472498405335857,-0.7528657598252056,-0.7577711227377698,-0.7620569766882019,-0.7658024631673093,-0.7690764214058781,-0.771938768087459,-0.7744416853003269,-0.7766306443798033,-0.7785452892472531,-0.7802201993807892,-0.7816855495693311
-0.547787863511897,-0.5791722518807152,-0.6064696120199325,-0.6302138370236245,-0.6508721074392778,-0.6688514019471195,-0.6845052317649762,-0.698140115882963,-0.7100215682335631,-0.7203794913479094,-0.7294129556877621,-0.7372943864658509,-0.7441732035861472,-0.7501789704031349,-0.755424108915884,-0.760006236813006,-0.764010177276567,-0.7675096870619097,-0.7705689428093985,-0.7732438202610101,-0.7755829961996423,-0.7776288986651871,-0.7794185272312056,-0.7809841619101539,-0.7823539765005387
-0.5652849333799399,-0.594390842320935,-0.6197068097279592,-0.6417299046809966,-0.6608939496676851,-0.6775762116337948,-0.6921040391023208,-0.7047610920013683,-0.7157930156340686,-0.7254125014334063,-0.7338037415816822,-0.7411263139025357,-0.7475185492437999,-0.753100438942262,-0.7579761391032853,-0.7622361248747955,-0.7659590427598169,-0.7692133034732829,-0.772058452388102,-0.7745463495684736,-0.7767221868204757,-0.7786253652241104,-0.7802902531258586,-0.7817468416140454,-0.7830213119739531
-0.5826954682301597,-0.6095340375575691,-0.6328796797074965,-0.6531918863705182,-0.6708707866487332,-0.6862638448196703,-0.69967229032548,-0.7113570346123969,-0.7215439915764865,-0.730428782470991,-0.7381808536152373,-0.7449470536741172,-0.7508547266097294,-0.7560143780819752,-0.7605219701181383,-0.7644608943742548,-0.7679036688161401,-0.7709133971245477,-0.7735450248679541,-0.775846421732669,-0.7778593148517569,-0.7796200946226652,-0.7811605112110029,-0.7825082772421765,-0.7836875898855415
-0.6000152880764714,-0.6245992493956098,-0.6459866731907324,-0.6645989041070512,-0.6808021670412392,-0.6949141163448955,-0.7072099618482308,-0.7179280141560336,-0.7272746174312089,-0.7354284797032453,-0.742544444294609,-0.748756755696508,-0.7541818774776126,-0.7589209186896201,-0.7630617207864914,-0.7666806519980487,-0.7698441504803883,-0.7726100521986315,-0.7750287345217439,-0.777144102096192,-0.7789944376631123,-0.7806131371584057,-0.7820293455401676,-0.7832685073532086,-0.7843528439695775
-0.6172402304181435,-0.6395839016257121,-0.6590262484671068,-0.6759500832949794,-0.6906876404483935,-0.7035268405090822,-0.7147170287368063,-0.7244740993624124,-0.7329850127698483,-0.7404117366411485,-0.7468946645415462,-0.7525555684812759,-0.7575001424222071,-0.7618201905893491,-0.7655955090499779,-0.768895503687661,-0.7717805821619335,-0.7743033523545326,-0.7765096551837123,-0.7784394556344543,-0.7801276123164225,-0.7816045428705505,-0.7828967999495926,-0.7840275703226302,-0.7850171078055452
-0.6343661512588153,-0.6544854302052889,-0.671996870759977,-0.6872445525335008,-0.7005267572420755,-0.7121018309410332,-0.7221934646252557,-0.7309953572041921,-0.7386752953445715,-0.7453786950616275,-0.7512316637023901,-0.7563436391513116,-0.7608096608183561,-0.7647123225823027,-0.7681234519858346,-0.7711055546584515,-0.7737130576623458,-0.7759933807434255,-0.7779878602640475,-0.7797325469686196,-0.7812588955772947,-0.7825943615501099,-0.7837629180671433,-0.7847855043505806,-0.7856804148250021
-0.6513889261207577,-0.6693012834375871,-0.6848970121033551,-0.6984814434228432,-0.7103190683881455,-0.7206389004691722,-0.7296392416311708,-0.7374918528490153,-0.7443455810673233,-0.75032949500487,-0.7555555895568055,-0.7601211134561824,-0.7641105708596833,-0.7675974424665089,-0.7706456658266629,-0.7733109094184931,-0.7756416701928703,-0.7776802200245958,-0.779463422763232,-0.7810234403784132,-0.7823883439264248,-0.7835826427499233,-0.7846277433211475,-0.7855423474696173,-0.7863427983183857
-0.6683044510541108,-0.6840289221488371,-0.6977251512187856,-0.7096598903713878,-0.7200641252726668,-0.729137860992628,-0.7370543302717208,-0.743963649611999,-0.7499959839888906,-0.7552642747713758,-0.7598665883261949,-0.7638881357871539,-0.7674030095769818,-0.7704756770564987,-0.7731622659799344,-0.7755116717871804,-0.7775665123917213,-0.7793639523812206,-0.7809364152862686,-0.7823121998148274,-0.7835160135708775,-0.7845694357946239,-0.7854913189491708,-0.7862981375524238,-0.7870042914417797
-0.6851086436408586,-0.6986658198636073,-0.7104797733924471,-0.7207790304037106,-0.729761479529016,-0.7375985233529014,-0.7444386993799618,-0.7504108089082397,-0.7556266162778024,-0.7601831709187388,-0.7641648046818106,-0.7676448491919103,-0.7706871128563028,-0.7733471522026538,-0.7756733670472729,-0.777707944913649,-0.7794876763412071,-0.781044659536008,-0.7824069100567823,-0.7835988889127257,-0.7846419604552801,-0.7855547897905366,-0.7863536880067399,-0.7870529123194784,-0.7876649272236429
-0.7017974439932558,-0.713209462978412,-0.7231593703525154,-0.7318380029695208,-0.7394106828658249,-0.7460206972060603,-0.7517923160213407,-0.7568333902052649,-0.7612375881990214,-0.7650863182581363,-0.7684503817525266,-0.7713913953889344,-0.7739630154567383,-0.7762119928102762,-0.7781790828434763,-0.7798998312949724,-0.7814052535846678,-0.7827224227666753,-0.7838749789309846,-0.7848835710033334,-0.7857662402729211,-0.7865387536354947,-0.7872148933759946,-0.7878067093466632,-0.7883247385714877
-0.718366815746472,-0.7276573509337183,-0.7357624401468958,-0.7428359497535089,-0.7490112868957172,-0.7544041908954116,-0.759115145410362,-0.7632314509754115,-0.7668290080924101,-0.7699738498505186,-0.7727234611322971,-0.7751279147815757,-0.7772308510279073,-0.7790703228583978,-0.7806795264153317,-0.7820874327941783,-0.7833193351432669,-0.7843973229213106,-0.7853406934115502,-0.7861663091266546,-0.7868889084767883,-0.7875213760286054,-0.7880749777743021,-0.7885595660728418,-0.7889837582785348
-0.7348127470451864,-0.7420069963844241,-0.748287487021366,-0.7537720144860895,-0.7585628429647944,-0.7627488113245873,-0.7664071508273662,-0.7696050466480886,-0.7724009823509477,-0.7748458970024763,-0.7769841828872688,-0.7788545464717922,-0.7804907521271507,-0.7819222654183267,-0.7831748100601899,-0.7842708506580702,-0.7852300115326105,-0.786069440433589,-0.7868041246613666,-0.7874471660437838,-0.7880100202905257,-0.7885027054799528,-0.7889339837628129,-0.7893115198073903,-0.7896420190303285
-0.7511312515238865,-0.7562559253689056,-0.760733021298196,-0.7646453427550302,-0.7680649019828066,-0.7710543638309799,-0.7736682935353465,-0.7759542305618711,-0.7779536153986542,-0.7797025892617695,-0.7812326855625518,-0.7825714282735612,-0.783742850236423,-0.7847679426719376,-0.7856650453443281,-0.7864501855348616,-0.7871373727792217,-0.7877388553378687,-0.7882653435171898,-0.7887262042491442,-0.7891296307193206,-0.7894827903202422,-0.7897919537549798,-0.7900626077376947,-0.7902995534113277
-0.7673183692806077,-0.7704016774767457,-0.7730975592553307,-0.7754550818179708,-0.7775170142539861,-0.7793206520594825,-0.7808985326967774,-0.7822790539164025,-0.7834870096682109,-0.7845440544125035,-0.7854691061886276,-0.786278696725959,-0.7869872757788898,-0.7876074759297024,-0.7881503431210917,-0.7886255374916318,-0.7890415084368592,-0.7894056472841641,-0.7897244205031968,-0.7900034859826413,-0.7902477945607345,-0.7904616787103949,-0.7906489300250263,-0.7908128669366125,-0.7909563939114622
-0.7833701678438847,-0.7844418060152272,-0.7853796230061834,-0.786200380415824,-0.7869187293084843,-0.787547477836473,-0.7880978252903919,-0.7885795657240595,-0.7890012655782503,-0.7893704184699429,-0.7896935802874137,-0.7899764871059218,-0.7902241581352496,-0.7904409856484849,-0.7906308135488401,-0.7907970060316194,-0.7909425076027101,-0.7910698955530091,-0.7911814258444514,-0.791279073241743,-0.7913645664154643,-0.7914394186510945,-0.7915049547163832,-0.7915623343699049,-0.7916125729326686
-0.7992827431326381,-0.7983738781746896,-0.7975777403801034,-0.7968803885870436,-0.7962695957343597,-0.7957346410439743,-0.7952661260278504,-0.7948558127613339,-0.7944964815102784,-0.7941818056749337,-0.7939062418779405,-0.793664933440656,-0.7934536256597429,-0.7932685914490774,-0.7931065661086734,-0.7929646901113353,-0.7928404589334304,-0.7927316790702064,-0.7926364294802795,-0.7925530277934935,-0.7924800006980577,-0.7924160579922952,-0.7923600698500932,-0.7923110469036458,-0.7922681227954111
-0.815052220408773,-0.8121954751928453,-0.8096904448036019,-0.8074942574827622,-0.8055691610100845,-0.8038819394939438,-0.8024033872702616,-0.8011078395199009,-0.7999727537852017,-0.7989783384879288,-0.7981072234816651,-0.797344168519725,-0.7966758056958914,-0.796090412133502,-0.7955777096219727,-0.7951286881575254,-0.7947354506610718,-0.7943910764214821,-0.7940895010775675,-0.7938254111864651,-0.7935941516475775,-0.7933916444426836,-0.7932143173331753,-0.7930590413115988,-0.7929230757451708
-0.8306747552222351,-0.8259041925181603,-0.8217162751823759,-0.8180411391827924,-0.8148169713375149,-0.8119891688026373,-0.8095095589444936,-0.8073356881573249,-0.8054301766394478,-0.8037601375825865,-0.802296656127387,-0.8010143239067912,-0.7998908245919393,-0.7989065657020703,-0.798044352267739,-0.7972890980839711,-0.7966275706088723,-0.7960481658670338,-0.7955407100439786,-0.7950962847626415,-0.7947070733382133,-0.7943662255791077,-0.794067738966973,-0.7938063542825801,-0.7935774639589295
-0.8461465343482746,-0.8394976399723659,-0.8336537757842043,-0.8285201865124747,-0.8240125714752728,-0.820056122264978,-0.8165845884592295,-0.813539398447376,-0.8108688422006356,-0.8085273218389485,-0.8064746693557807,-0.8046755299510178,-0.8030988077160138,-0.8017171693702168,-0.800506601599748,-0.7994460173081455,-0.7985169062069395,-0.7977030253559922,-0.7969901255411044,-0.7963657096692589,-0.7958188196898601,-0.7953398488559779,-0.7949203764554718,-0.7945530224278033,-0.7942313195516375
-0.8614637767166977,-0.8529734419122414,-0.8455014961227902,-0.8389305528603825,-0.8331555045725133,-0.8280825907288865,-0.8236284206207165,-0.8197190077299019,-0.8162888404627736,-0.8132800083361552,-0.8106413912235164,-0.8083279157981293,-0.8062998794709948,-0.8045223395850866,-0.8029645645635193,-0.8015995427677185,-0.8004035445078134,-0.7993557325407974,-0.798437816497545,-0.7976337468705879,-0.7969294444786551,-0.7963125616146383,-0.7957722714135984,-0.7952990822882071,-0.7948846745826705
-0.8766227343328414,-0.8663292373907067,-0.8572579908425904,-0.8492713919968569,-0.8422453120030063,-0.8360683624695027,-0.8306409975481492,-0.8258745508602281,-0.8216902592609614,-0.8180183123446985,-0.8147969483069754,-0.8119716094011181,-0.8094941633091071,-0.8073221920419125,-0.8054183475131056,-0.8037497709369305,-0.8022875722019276,-0.8010063647914911,-0.7998838516219353,-0.7989004571596753,-0.7980390013474826,-0.7972844110927119,-0.7966234653755078,-0.7960445703417734,-0.7955375610622796
-0.8916196931900535,-0.8795626803173656,-0.8689218196047075,-0.8595418578933864,-0.8512815331995025,-0.8440132230632524,-0.8376222585886417,-0.8320060601580322,-0.8270731842455568,-0.8227423473181814,-0.8189414657055352,-0.8156067375306062,-0.8126817817462222,-0.8101168417001525,-0.8078680562277099,-0.8058967978428255,-0.8041690756329712,-0.802654999209938,-0.801328299415911,-0.8001659011700488,-0.7991475438164555,-0.7982554444334319,-0.7974739998028524,-0.796789523010839,-0.7961900109580388
-0.9064509741734359,-0.8926714396185569,-0.8804915469739061,-0.8697411045428016,-0.8602637054883289,-0.851916955261697,-0.8445721402317368,-0.8381135653556675,-0.8324376988557911,-0.8274522248845813,-0.8230750670444329,-0.819233425784847,-0.8158628563758794,-0.8129064027994143,-0.8103137959281241,-0.8080407190813594,-0.806048140813147,-0.8043017126439718,-0.8027712281870264,-0.8014301393873793,-0.8002551252933625,-0.7992257086949546,-0.7983239160930424,-0.797533976669399,-0.7968420562012859
-0.9211129339546202,-0.9056531993970334,-0.8919657423068155,-0.8798682857803071,-0.869191363924182,-0.8597793388651066,-0.8514905760233958,-0.844197093545886,-0.837783884292805,-0.8321480548369876,-0.8271978744771833,-0.8228517985993755,-0.8190375078830252,-0.8156909888751579,-0.8127556712930156,-0.8101816298333814,-0.8079248534383456,-0.8059465817014795,-0.8042127060616266,-0.8026932321611201,-0.8013617990841106,-0.8001952508596625,-0.7991732555875051,-0.7982779676504139,-0.7974937286935735
-0.9356019658773407,-0.9185056590913245,-0.9033429796413676,-0.8899225551053043,-0.8780640411250429,-0.8676001505956966,-0.8583774964794137,-0.8502566691289091,-0.8431118194920505,-0.8368299451237947,-0.831310008687542,-0.8264619792562852,-0.8222058560574617,-0.818470712774177,-0.8151937864750348,-0.8123196248805005,-0.8097992989032334,-0.8075896827644249,-0.8056528009976784,-0.8039552397161123,-0.8024676184031363,-0.8011641178434539,-0.8000220595799348,-0.7990215322531089,-0.7981450603131115
-0.9499145008335917,-0.9312265336349186,-0.9146218375875584,-0.8999030655040473,-0.8868812671072085,-0.8753791639704899,-0.8652328289982208,-0.8562923137588352,-0.8484215810950754,-0.8414980018383481,-0.8354115888910225,-0.8300640898931557,-0.8253680198070271,-0.8212456866698812,-0.8176282451167827,-0.8144547986208355,-0.8116715623162634,-0.809231092002826,-0.8070915807975733,-0.8052162221641823,-0.8035726363838213,-0.8021323565050407,-0.8008703693245529,-0.7997647067502931,-0.7987960829212313
-0.9640470081301248,-0.9438135536153125,-0.9258008992195661,-0.9098089692730871,-0.8956425691203542,-0.8831161491737131,-0.8720564977729974,-0.8623040462893036,-0.8537132434206132,-0.8461523292079955,-0.8395027328359181,-0.83365825151159,-0.8285241171704744,-0.8240160220773485,-0.8200591503666093,-0.8165872450846576,-0.8135417285146018,-0.8108708853886677,-0.8085291131208892,-0.8064762395157083,-0.8046769060888905,-0.8031000136552362,-0.8017182260443673,-0.8005075273956714,-0.7994468283688465
-0.9779959963450777,-0.956264465433031,-0.9368787519693011,-0.9196394178435099,-0.904347471482611,-0.8908108729286991,-0.8788484237030629,-0.8682918827184002,-0.858986878434979,-0.8507930295825569,-0.843583556803864,-0.8372445839853875,-0.8316742653300795,-0.8267818298681824,-0.8224866048942736,-0.8187170579499308,-0.815409882079,-0.8125091387097878,-0.809965465497138,-0.8077353516911893,-0.8057804805208175,-0.8040671360662541,-0.8025656709394391,-0.8012500304311754,-0.8000973285029336
-0.9917580141745087,-0.9685770314607245,-0.947853987521456,-0.9293935616059754,-0.912995495415591,-0.8984630983692201,-0.8856085243044803,-0.8742558361327522,-0.8642425557217317,-0.8554202034221632,-0.8476541756098928,-0.8408232060683372,-0.8348185806239581,-0.8295432202851536,-0.8249107109064504,-0.820844330557747,-0.8172761073485888,-0.8141459275837115,-0.8114007053384876,-0.8089936185327946,-0.8068834126322233,-0.8050337704810103,-0.8034127451951713,-0.8019922520943124,-0.8007476151730304
-1.0053296512686147,-0.9807490302023935,-0.958725201710098,-0.9390705497365361,-0.9215861588793324,-0.906072584910202,-0.8923367136198207,-0.8801959166507662,-0.8694803424505635,-0.8600339492844722,-0.8517147026019893,-0.8443942354016212,-0.837957178558103,-0.8323003029566487,-0.827331570162102,-0.8229691559276753,-0.8191404884356255,-0.8157813274714676,-0.8128348999524724,-0.8102510998159258,-0.8079857553362934,-0.8059999636224457,-0.8042594899906006,-0.8027342286255221,-0.8013977202377431
-1.0187075390574347,-0.9927782564528619,-0.9694909944168857,-0.9486695300232353,-0.930118976407099,-0.9136390881177529,-0.8990329021270322,-0.8861121313649705,-0.8747003033453995,-0.864634363811207,-0.8557652496601248,-0.8479577885208226,-0.8410901738181262,-0.8350531869108984,-0.8297492839877042,-0.8250916267730175,-0.8210031092401778,-0.8174154136913572,-0.8142681165546919,-0.8115078552607675,-0.8090875615171917,-0.8069657622028554,-0.8051059465067198,-0.8034759962755644,-0.8020476755712878
-1.0318883515658028,-1.0046625214575635,-0.9801499694709579,-0.9581896486934837,-0.9385934589400102,-0.9211623595784524,-0.9056969966473594,-0.8920044842834078,-0.8799025006516613,-0.8692215417140348,-0.8598059271947638,-0.8515139808625481,-0.844217680280722,-0.8378019805900226,-0.8321639532923463,-0.8272118355159779,-0.8228640534647644,-0.8190482614327198,-0.8157004222815084,-0.8127639445438604,-0.8101888840405083,-0.8079312129332493,-0.8059521559348182,-0.8042175913129259,-0.8026975130700443
-1.0448688062173617,-1.0163996530727324,-0.990700734550563,-0.9676300502422109,-0.9470091136614405,-0.9286421467678481,-0.9123289002522585,-0.8978729762700508,-0.8850869941026702,-0.8737955757597264,-0.8638368441448263,-0.8550629267706333,-0.8473398110248339,-0.8405467918638623,-0.8345756785826866,-0.8293298743027495,-0.8247234046289504,-0.820679945769669,-0.8171318842027391,-0.8140194273096706,-0.8112897757637074,-0.8088963625327276,-0.8067981594848477,-0.8049590500312546,-0.8033472646591477
-1.0576456646274184,-1.0279874959260906,-1.0011419010864955,-0.9769898772607855,-0.9553654438311477,-0.9360781929180809,-0.91892851216925,-0.9037176049841734,-0.8902538408851592,-0.8783565567546092,-0.8678581079751003,-0.8586047395019518,-0.8504566783425391,-0.843287728043624,-0.8369845599777999,-0.8314458350185389,-0.826581246083907,-0.8223105416748216,-0.8185625693343648,-0.8152743631821987,-0.8123902895466251,-0.8098612577378985,-0.8076439983938299,-0.8057004087568342,-0.8039969622991051
-1.0702157333844375,-1.039423911578089,-1.0114720841673825,-0.9862682702666911,-0.9636619486190802,-0.9434702368845957,-0.9254957276866442,-0.9095383648186435,-0.895403095603843,-0.8829045735282577,-0.8718698246730758,-0.8621395312317975,-0.8535683937496306,-0.8460248958953195,-0.8393906972238829,-0.8335598093025008,-0.8284376610269351,-0.8239401240330215,-0.8199925446512402,-0.8165288117765874,-0.8134904782619697,-0.8108259453123121,-0.8084897139342841,-0.8064417038560784,-0.8046466379924464
-1.0825758648199875,-1.0507067786838227,-1.0216899024469142,-0.9954643675339827,-0.9718981229388299,-0.9508180130118744,-0.932030438057097,-0.9153352468370856,-0.9005348102450286,-0.887439712916422,-0.8758720987452003,-0.8656674130588444,-0.8566750679959094,-0.848758401653015,-0.8417941897088457,-0.8356718885626211,-0.8302927325159604,-0.8255687676550548,-0.8214218770998223,-0.8177828327107748,-0.8145903948058792,-0.8117904720559495,-0.8093353474227049,-0.8071829717430783,-0.8052963237904128
-1.0947229577669166,-1.0618339931556706,-1.0317939780530556,-1.0045773049244942,-0.9800734572806752,-0.9581212509981261,-0.9385325303999248,-0.9211082387098739,-0.9056490341392287,-0.8919620597431632,-0.8798650332125373,-0.8691884950096829,-0.8597768110751801,-0.8514883510318814,-0.8441951364767851,-0.8377821639905224,-0.8321465434840052,-0.8271965472913737,-0.8228506336109218,-0.8190364856171706,-0.8156900921085013,-0.8127548848147392,-0.810180940228076,-0.8079242488871793,-0.8059460517996846
-1.1066539583055859,-1.0728034683267524,-1.0417829364993152,-1.0136062157198071,-0.9881874375441702,-0.9653796757588704,-0.9450018876021218,-0.9268573246488865,-0.9107458139227287,-0.8964716968021682,-0.8838487296058084,-0.8727028860429089,-0.8628737322349475,-0.8542148492410593,-0.8465936362423474,-0.8398907265762328,-0.833999176753648,-0.8288235376458348,-0.8242788811124854,-0.8202898301543768,-0.8167896231446303,-0.8137192304901322,-0.8110265337804375,-0.8086655718206153,-0.8065958541891562
-1.1183658604979543,-1.0836131351152778,-1.0516554065981296,-1.0225502304539802,-0.9962395448702315,-0.9725930072893569,-0.951438388218016,-0.9325824853409865,-0.9158251934980779,-0.9009687048372121,-0.8878232879598067,-0.8762106940527666,-0.8659659399857991,-0.8569380009963177,-0.848989787404967,-0.8419976671228768,-0.8358507150514596,-0.8304498133894371,-0.8257066865424019,-0.8215429260189445,-0.8178890409443824,-0.8146835560487197,-0.8118721695794955,-0.8094069771461818,-0.8072457631967516
-1.1298557071093334,-1.0942609421898797,-1.0614100203764387,-1.0314084767470457,-1.0042292554726988,-0.9797609605257692,-0.9578419063675223,-0.9382836978801898,-0.9208872139934816,-0.905453162521769,-0.8917888068071701,-0.8797120258723421,-0.8690535421105028,-0.8596579105325356,-0.8513836880630117,-0.8441030762613391,-0.8377012410224451,-0.8320754491740988,-0.8271341168613517,-0.8227958329571837,-0.8189883986039304,-0.8156479085319079,-0.8127178892032936,-0.8101485015449679,-0.8078958111362926
-1.1411205903176207,-1.104744856135988,-1.0710454129935043,-1.0401800791392573,-1.0121560404692873,-0.9868832452051174,-0.9642123116328882,-0.9439609356984233,-0.925931913721015,-0.9099251464376996,-0.895745383171481,-0.8832069872762816,-0.8721366456727705,-0.8623746816159761,-0.8537754360278069,-0.8462070444648604,-0.8395508372444611,-0.8337005196464369,-0.8285612390656918,-0.8240486107770173,-0.8200877492962877,-0.8166123350656496,-0.8135637343169343,-0.8108901817841389,-0.8085460304044163
-1.1521576524098407,-1.1150628616233405,-1.0805602226610458,-1.0488641589261087,-1.0200193657119283,-0.993959565723797,-0.970549468953926,-0.9496141684948831,-0.9309593281336686,-0.9143847310530386,-0.8996931125597003,-0.8866956829830438,-0.8752153570257276,-0.8650884175563802,-0.8561651288375693,-0.8483096620636179,-0.8413995862426638,-0.8353250994615979,-0.8299881202004022,-0.825301319359913,-0.8211871462821726,-0.817576882870253,-0.8144097466813806,-0.8116320547247898,-0.8091964534875642
-1.1629640864657986,-1.1252129615746944,-1.089953090565762,-1.0574598339941166,-1.02781869161642,-1.0009896209947187,-0.9768532385216094,-0.9552433621638787,-0.9359694897811435,-0.918831988698809,-0.9036320889538942,-0.8901782166566644,-0.8782897818200535,-0.8677992212188642,-0.8585528637712294,-0.8504110192592471,-0.8432475705039378,-0.8369492632971127,-0.8314148273720725,-0.8265540186728524,-0.8222866429209215,-0.8185415992702387,-0.8152559681623023,-0.8123741573298515,-0.8098471129690075
-1.173537137028684,-1.135193177335815,-1.0992226607942919,-1.0659662186573695,-1.0355534729913642,-1.0079731043029592,-0.9831234756700165,-0.9608484787211506,-0.9409624282643767,-0.9232669895448634,-0.9075624048022499,-0.8936546909080252,-0.8813600250118051,-0.8705071950356217,-0.8609387378621598,-0.852511206139341,-0.8450948724913531,-0.8385730858667936,-0.8328414277619497,-0.8278067687803876,-0.8233862926814833,-0.8195065317042873,-0.8161024407390092,-0.8131165266720665,-0.8104980415359526
-1.1838741007624436,-1.1450015488468248,-1.1083675802607105,-1.0743824234948611,-1.0432231588663394,-1.0149097031598657,-0.9893600307665231,-0.9664294762285814,-0.945938170188743,-0.9276898015747062,-0.9114841510093484,-0.8971252072956155,-0.8844261908699116,-0.873212441017436,-0.8633228479118094,-0.8546103126919206,-0.846941574658632,-0.8401966419346807,-0.8342679886390597,-0.8290596298567675,-0.8244861491534976,-0.8204717277352573,-0.8169492065134576,-0.8138591999420474,-0.811149271986713
-1.1939723270957612,-1.154636134814964,-1.117386498636592,-1.0827075551885876,-1.050827192319258,-1.0217990991555401,-0.9955627491001888,-0.9719863087172501,-0.9508967391158949,-0.9321004905592734,-0.9153974169256918,-0.9005898663257828,-0.887488382983339,-0.875915060765001,-0.8657052905032379,-0.8567084288198791,-0.8487877594646416,-0.8418200063290402,-0.8356945773733884,-0.8303126621981407,-0.8255862660584465,-0.8214372350602882,-0.8177963077193338,-0.8146022144563958,-0.8118008372379436
-1.203829218852476,-1.16409501288887,-1.1262780682837505,-1.0909407163624518,-1.0583650103028848,-1.0286409678096524,-1.0017314707682763,-0.9775189261087733,-0.9558381555141926,-0.9364991200296372,-0.9193022903364456,-0.9040487674524473,-0.8905467042679182,-0.8786151554800448,-0.8680861620145668,-0.8588056443554088,-0.8506335093879136,-0.8434432539564196,-0.837121261449147,-0.8315659262348478,-0.8266866972609027,-0.8224031015209954,-0.8186437867312272,-0.8153456076659182,-0.8124527703319595
-1.213442232868275,-1.1733762798344032,-1.135040944189692,-1.0990810054219438,-1.0658360434704444,-1.0354349784204988,-1.007866030560813,-0.9830272741348646,-0.9607624367076721,-0.9408857512485889,-0.9231988574493852,-0.9075020090762784,-0.8936012569728231,-0.8813128259762535,-0.87046555863233,-0.8609020490744029,-0.85247890694119,-0.8450664598157653,-0.8385481084781079,-0.8328194825437999,-0.8277874967798631,-0.8233693751137454,-0.8194916860738843,-0.8160894171639055,-0.8131051044441204
-1.2228088805935042,-1.1824780517121223,-1.1436737839058753,-1.1071275163946352,-1.0732397160003004,-1.0421807939122438,-1.0139662578431419,-0.9885112942550582,-0.9656695968235139,-0.9452604431810916,-0.9270872028820221,-0.9109496885433116,-0.8966521426867102,-0.8840081726900082,-0.8728435763647453,-0.862997732710856,-0.8543240346860186,-0.846689699012612,-0.8399751862130439,-0.8340733918609602,-0.828888718800193,-0.8243361040000479,-0.8203400484315699,-0.8168336806945233,-0.813757872890315
-1.2319267286819424,-1.191398464056462,-1.1521752474888431,-1.115079338771487,-1.080575445419647,-1.0488780706802787,-1.0200319764363865,-0.9939709235725276,-0.9705596467379526,-0.9496232524635378,-0.930967409647884,-0.914391902143006,-0.8996994623434944,-0.8867012956909165,-0.8752203110548981,-0.8650927849712498,-0.8561689752473782,-0.8483130467733447,-0.8414025625612458,-0.8353277150939213,-0.8299904176841686,-0.8253033365170368,-0.8211889166575154,-0.8175784361612802,-0.8144111091345111
-1.2407933995653864,-1.2001356720566814,-1.1605439974442986,-1.1229355573489737,-1.0878426424271745,-1.0555264584346276,-1.0260630044957446,-0.9994060947479393,-0.9754325940205808,-0.9539742333717998,-0.934839559141927,-0.9178287451057064,-0.9027433162277618,-0.8893922946921433,-0.877595858393836,-0.8671872955489315,-0.8580138113283623,-0.8499365784595423,-0.842830305598149,-0.836582513334597,-0.831092647983128,-0.8262711211880662,-0.8220383337834781,-0.8183237216355987,-0.8150648467964148
-1.2494065720139014,-1.2086878507396572,-1.168778698674211,-1.1306952520720606,-1.0950407107146725,-1.062125600041318,-1.0320591543865474,-1.0048167359112674,-0.9802884428769938,-0.9583134377880171,-0.9387037311250543,-0.9212603115995175,-0.9057838039798214,-0.8920812690605455,-0.8799703139335866,-0.8692813541384996,-0.8598586257249061,-0.8515603695824066,-0.8442584835810598,-0.837837847872022,-0.832195464449246,-0.8272395067334171,-0.8228883430294063,-0.8190695753654886,-0.8157191196592088
-1.2577639816815902,-1.21705319515457,-1.176878018427006,-1.1383574978780169,-1.1021690467875125,-1.068675131361666,-1.0380202325580048,-1.0102027705715115,-0.9851271940897233,-0.9626409151660953,-0.9425600037077159,-0.9246866947265588,-0.908821024600365,-0.8947683178265953,-0.8823437731000922,-0.8713750504501863,-0.8617035013405818,-0.8531844958172874,-0.8456871649629993,-0.8390937802052805,-0.8332989220474268,-0.8282085420811304,-0.8237389878132211,-0.8198160357843247,-0.816373961677402
-1.2658634216377418,-1.2252299205595685,-1.1848406262509437,-1.14592136454111,-1.10922703978399,-1.0751746810893827,-1.0439460394145552,-1.015564117524236,-0.9899488449573984,-0.9669567124958611,-0.946408453332556,-0.9281079865185928,-0.9118550764547532,-0.8974535396940999,-0.8847163312060613,-0.873468474224247,-0.8635485212014489,-0.8548090330183012,-0.8471164184066606,-0.8403503720565555,-0.8344030759673261,-0.8291782763779583,-0.8245903117607152,-0.8205631415197406,-0.817029406984771
-1.273702742883223,-1.2332162626104575,-1.1926651939507473,-1.1533859165181775,-1.1162140712934616,-1.0816238705854404,-1.049836369184736,-1.0209006907568692,-0.9947533892320887,-0.9712608742658522,-0.9502491547560957,-0.9315242779320049,-0.9148860572768998,-0.9001370330497134,-0.8870880834637459,-0.8755617152453616,-0.8653937684709794,-0.8564340572330571,-0.8485463127984924,-0.8416076853843115,-0.8355079816355067,-0.8301487590004486,-0.8254423587155756,-0.8213109314026333,-0.8176854899024171
-1.2812798548519808,-1.2410104775514714,-1.2003503955475585,-1.1607502127951017,-1.1231295151732485,-1.0880223137106197,-1.0556910097875054,-1.0262123993516772,-0.9995408170547458,-0.975553442424671,-0.9540821810293987,-0.9349356588421128,-0.9179140641727487,-0.9028188959722276,-0.8894591249976378,-0.8776548633570541,-0.8672393264650512,-0.8580596447174945,-0.8499769172629117,-0.8428657823966219,-0.8366136947277378,-0.8311200395661698,-0.8262951727495406,-0.822059444476293,-0.8183422449469296
-1.2885927258975252,-1.2486108424082045,-1.2078949072423137,-1.1680133067342093,-1.1299727373642623,-1.0943696166556593,-1.0615097426959141,-1.0314991473863464,-1.0043111148887123,-0.9798344563408808,-0.9579076034777062,-0.9383422180367991,-0.9209391936233431,-0.9054992262416537,-0.8918295508570844,-0.8797480084761167,-0.8690852786670249,-0.8596858719508326,-0.8514083011766564,-0.8441247255646338,-0.8377202711814378,-0.8320921679450727,-0.8271487981726862,-0.8228087200056577,-0.8189997068386712
-1.295639383764272,-1.2560156551827508,-1.2152974073826235,-1.175174245922627,-1.1367430957053206,-1.1006653777689506,-1.0672923427980678,-1.0367608338320982,-1.0090642654512214,-0.9841039527613981,-0.9617254916790143,-0.941744043209441,-0.9239615414874693,-0.9081781213480842,-0.8941994560288424,-0.8818412406070748,-0.8709317087429089,-0.8613128156506531,-0.8528405341832834,-0.8453845776361988,-0.8388277672082767,-0.833065194271011,-0.8280032795438659,-0.8235587974867036,-0.81965791051018
-1.302417916043615,-1.2632232350510981,-1.2225565764332214,-1.182232072021589,-1.1434399397460882,-1.1069091873816654,-1.0730385782552592,-1.0419973524492405,-1.0138002476428114,-0.9883619657683037,-0.965535913441536,-0.945141220951109,-0.9269812030038582,-0.9108556785003201,-0.8965689354495343,-0.8839346498566596,-0.872778700556605,-0.8629405527881,-0.854273686207812,-0.8466454016496499,-0.839936239306929,-0.8340391689534017,-0.828858661681275,-0.8243097166559632,-0.8203168911146966
-1.3089264706146213,-1.27023192256285,-1.229671096950084,-1.1891858206167498,-1.1500626105586305,-1.1131006276302684,-1.0787482103572055,-1.0472085916800924,-1.018519036474606,-0.9926085267340625,-0.9693389347800416,-0.9485338367420271,-0.9299982727929474,-0.9135319946342848,-0.8989380840180521,-0.8860283264483226,-0.8746263381852591,-0.8645691606032291,-0.8557078274715316,-0.8479072609477569,-0.8410457442760082,-0.8350141426890687,-0.8297149896731983,-0.8250615175001982,-0.8209766840348296
-1.3151632560692286,-1.2770400798433288,-1.2366396535583175,-1.1960345210695267,-1.15661044054753,-1.1192392722763302,-1.0844209933742954,-1.0523944345391847,-1.0232206029933861,-0.9968436642750726,-0.9731346198910269,-0.9519219749422612,-0.9330128448581785,-0.9162071664211859,-0.9013069966078627,-0.8881223607367672,-0.8764747059347084,-0.866198716620489,-0.8571430285069732,-0.8491702191918489,-0.8421563392271614,-0.8359901664742355,-0.8305723088888912,-0.8258142402662125,-0.8216373248913517
-1.321126542121838,-1.2836460907980844,-1.2434609329338613,-1.2027771963694736,-1.1630827532585126,-1.1253246865235345,-1.090056674406741,-1.057554758500653,-1.02790491420437,-1.0010674042035008,-0.976923031126671,-0.955305718781622,-0.9360250125868244,-0.9188812902754556,-0.9036757680792611,-0.8902168432225346,-0.8783238883550369,-0.8678292986643574,-0.8585793601730487,-0.8504343403761201,-0.8432680815983529,-0.8369672916167034,-0.8314306649896404,-0.82656792547082,-0.8222988495521366
-1.3268146600032011,-1.290048361319909,-1.2501336237891514,-1.2094128629877674,-1.1694788631855753,-1.1313564268318412,-1.095654993230554,-1.0626894353827387,-1.0325719329916505,-1.0052797694773472,-0.9807042289675565,-0.9586851503487468,-0.939034868750332,-0.9215544623624323,-0.9060444932915315,-0.8923118645666144,-0.8801739702562438,-0.869460984875136,-0.8600168936703787,-0.8516996888421275,-0.8443810291673381,-0.8379455697482122,-0.8322901039399958,-0.8273226139109772,-0.8229612941412467
-1.3322260028384885,-1.2962453194983548,-1.2566564168627896,-1.215940530731782,-1.17579807557654,-1.1373340407286758,-1.1012156821402348,-1.0677983312292956,-1.0372216180361864,-1.0094807801486807,-0.9844782719940999,-0.9620603505793445,-0.9420425055041619,-0.9242267786058006,-0.9084132671150378,-0.8944075156051008,-0.882025036724029,-0.8710938537249062,-0.8614557005568012,-0.8529663292934841,-0.8454952400653291,-0.8389250528369875,-0.8331506720191763,-0.8280783466740802,-0.8236246950481736
-1.337359026009457,-1.3022354158318419,-1.263028004913338,-1.2223592026008403,-1.1820396862370344,-1.1432570666170982,-1.1067384657880825,-1.0728813061882183,-1.0418539237312974,-1.0136704533099927,-0.9882452168566613,-0.9654313992435757,-0.945048014387116,-0.9268983346947688,-0.9107821844432424,-0.8965038873638991,-0.8838771731357034,-0.8727279840336516,-0.8628958527630779,-0.854234326810752,-0.8466107727908654,-0.8399057932004839,-0.8340124158326642,-0.8288351651484269,-0.8242890889372314
-1.342212247500613,-1.3080171234423839,-1.2692470827173292,-1.2286678746431452,-1.188202981332833,-1.1491250335808438,-1.1122230610200243,-1.0779382143866856,-1.046468800095555,-1.0178488030385942,-0.9920051182442796,-0.9687983749325336,-0.9480514863201343,-0.9295692260909854,-0.913151340204642,-0.8986010710734773,-0.88573046517623,-0.8743634549855666,-0.8643374226088028,-0.8555037468665545,-0.847727686223898,-0.8408878435183345,-0.834875382323992,-0.8295931110338699,-0.8249545127571201
-1.3467842482292844,-1.3135889382929828,-1.2753123470715821,-1.234865535813947,-1.194287237190537,-1.1549374611861556,-1.117669176707849,-1.0829689038031245,-1.0510661926830065,-1.022015840339005,-0.9957580288520005,-0.9721613550438077,-0.9510530116045463,-0.9322395480351842,-0.9155208293746284,-0.900699158183671,-0.8875849988543999,-0.8760003461455489,-0.8657804828185269,-0.8567746553409125,-0.848846039640096,-0.8418712568455189,-0.8357396187867354,-0.8303522263526514,-0.8256210037506604
-1.3510736723595183,-1.318949379407724,-1.281222496799924,-1.2409511678349787,-1.2002917200965484,-1.1606938592803173,-1.1230765135777447,-1.0879732161357845,-1.0556460424906287,-1.0261715730832592,-0.9995039993467381,-0.9755204157660864,-0.9540526799197495,-0.9349093955535444,-0.9178907469872659,-0.9027982403785413,-0.8894408605191468,-0.8776387374758746,-0.8672251065380918,-0.858047118536797,-0.8499658927253726,-0.842856086625736,-0.836605172876701,-0.8311125534604247,-0.8262885994647
-1.3550792275997248,-1.3240969890946412,-1.286976232764439,-1.2469237450552337,-1.2062156860943238,-1.1663937277868104,-1.1284447640350357,-1.0929509866678326,-1.06020828586294,-1.0303160059490752,-1.003243078331635,-0.9788756320627849,-0.9570505803203233,-0.9375788634637752,-0.920261188146998,-0.904898409591298,-0.8912981368760178,-0.8792787093530929,-0.8686713673512081,-0.8593212031959354,-0.8510873055906636,-0.843842386705022,-0.837472092624341,-0.8318741350574828,-0.8269573377602033
-1.3587996854839857,-1.3290303331713489,-1.2925722578813037,-1.25278223431308,-1.212058380779839,-1.1720365564969737,-1.1337736119849815,-1.0979020441288254,-1.0647528543936517,-1.0344491403557823,-1.0069753123088523,-0.9822270776546423,-0.9600468012325208,-0.9402480463808877,-0.9226322480402576,-0.9069997580192743,-0.8931569150037836,-0.8809203425851047,-0.8701193392962491,-0.8605969765148493,-0.8522103387869289,-0.8448302113455894,-0.8383404264473819,-0.8326370142001865,-0.8276272568225348
-1.3622338816369601,-1.3337480011935259,-1.2980092771413667,-1.2585255947998304,-1.2178190390952723,-1.1776218248581167,-1.1390627326495602,-1.10282621055249,-1.0692796748242939,-1.0385709743979845,-1.0107007456407626,-0.9855748250012821,-0.9630414304501542,-0.9429170387226744,-0.925004021947003,-0.9091023781389755,-0.8950172823712246,-0.8825637184284816,-0.8715690968833114,-0.8618745061611683,-0.8533350533204347,-0.8458196152399274,-0.8392102231636948,-0.8334012343126185,-0.8282983951719387
-1.365380716022318,-1.3382486066862462,-1.3032859976355313,-1.2641527779247608,-1.2234968851208419,-1.1831490017579531,-1.1443117923800794,-1.107723301130657,-1.0737886689396938,-1.0426815027768315,-1.0144194205094648,-0.9889189452816733,-0.9660345551298344,-0.9455859347148706,-0.9273766052521679,-0.9112063627211919,-0.8968793268540742,-0.8842089186059983,-0.8730207151115177,-0.8631538602901927,-0.8544615106682815,-0.8468106535251418,-0.8400815320043948,-0.8341668391984466,-0.8289707916742193
-1.3682391531746338,-1.3425307873782166,-1.308401128585082,-1.2696627271816703,-1.2290911318647786,-1.1886175453052727,-1.14952044846551,-1.1125931240632438,-1.078279753460206,-1.0467807167288512,-1.0181313768745808,-0.9922595083734719,-0.9690262617855409,-0.9482548283959783,-0.929750093457011,-0.9133118048461781,-0.8987431367521322,-0.8858560253243912,-0.8744742694865866,-0.8644351075617361,-0.8555897727942139,-0.8478033817975699,-0.840954402627194,-0.8349338730530256,-0.8296444855516352
-1.3708082224146896,-1.3465932054389445,-1.313353381377055,-1.2750543780170376,-1.2346009810514125,-1.1940269026067778,-1.1546883489364246,-1.1174354804041713,-1.0827528399306048,-1.0508686039522477,-1.0218366524292688,-0.9955965828311941,-0.972016636282508,-0.9509238136217635,-0.9321245821903827,-0.9154187979189076,-0.900608800806562,-0.8875051212923688,-0.8759298360386734,-0.8657183171572561,-0.8567199021647034,-0.8487978561276561,-0.8418288851300094,-0.8357023804757328,-0.830319516394004
-1.3730870180481218,-1.350434547718863,-1.318141469604757,-1.2803266576998196,-1.2400256229073223,-1.1993765095399356,-1.1598151323643904,-1.1222501639030602,-1.0872078346055023,-1.0549451485305794,-1.025535282554391,-0.9989302358631897,-0.9750057638304028,-0.9535929840694024,-0.9345001672198978,-0.9175274356844094,-0.902476408217373,-0.8891562897388731,-0.8773874913405032,-0.8670035587972842,-0.857851961765346,-0.8497941330751251,-0.8427050300648398,-0.8364724064825539,-0.8309959241700499
-1.3750746995473677,-1.3540535259924487,-1.3227641091135647,-1.285478485192984,-1.2453642359455515,-1.2046657905218072,-1.164900427656713,-1.1270369608426107,-1.0916446383312095,-1.0590103308537389,-1.029227300270783,-1.002260533307365,-0.9779937289757568,-0.9562624332412588,-0.936876944462997,-0.91963781224317,-0.9043460486610888,-0.8908096144315856,-0.8788473125257859,-0.868290902759149,-0.8589860151175406,-0.8507922697044343,-0.8435828884519142,-0.8372439965189219,-0.8316737492389668
-1.3767704917168624,-1.3574488772043516,-1.3272200180521083,-1.290508771026825,-1.250615986747831,-1.2098941582736995,-1.1699438538463667,-1.1317956498714938,-1.0960631464238926,-1.0630641275361241,-1.032912736189533,-1.005587539605617,-0.9809806155936454,-0.9589322544682906,-0.9392550099979222,-0.9217500220666313,-0.9062178123086212,-0.8924651796957198,-0.8803093773079438,-0.8695804198950308,-0.8601221262954947,-0.851792323600535,-0.844462511794128,-0.8380171964728198,-0.8323530323622361
-1.3781736848414436,-1.3606193637185633,-1.3315079169289623,-1.2954164171741436,-1.2557800297448027,-1.2150610135815647,-1.1749450198769877,-1.1365260018326333,-1.100463248543916,-1.067106511331916,-1.036591618460226,-1.008911317776919,-0.9839665068785588,-0.9616025409130613,-0.9416344600745656,-0.9238641600127534,-0.9080917898433423,-0.8941230704330747,-0.8817737639991498,-0.8708721816503353,-0.8612603599435558,-0.852794352884949,-0.8453439520917749,-0.8387920526881605,-0.8330338147156893
-1.3792836348179276,-1.3635637735706485,-1.3356265286749744,-1.3002003169273761,-1.2608555069942242,-1.2201657450520438,-1.1799035243827956,-1.1412277795867376,-1.1048448285662544,-1.071137451047369,-1.0402639727170737,-1.012231929389033,-0.9869514853344696,-0.9642733855723516,-0.9440153911252215,-0.9259803213416791,-0.9099680724793703,-0.8957833721413833,-0.8832405515296877,-0.8721662600824066,-0.8624007812938729,-0.8537984162321628,-0.8462272618575797,-0.8395686119784455,-0.8337161379018334
-1.3800997632698189,-1.3662809207230535,-1.3395745787113382,-1.3048593547777367,-1.2658415479571175,-1.2252077288640368,-1.18481895546328,-1.1459007378309176,-1.1092077644468272,-1.0751569114499957,-1.0439298220228468,-1.0155494345287788,-0.9899356327640368,-0.9669448812793464,-0.9463978997752134,-0.9280986017314777,-0.9118467519800764,-0.897446170933957,-0.8847098194676584,-0.8734627278795974,-0.8635434561844144,-0.8548045728863649,-0.8471124941320554,-0.8403469216407216,-0.834400043962445
-1.3806215576451315,-1.3687696453235116,-1.343350795023557,-1.3093924062964737,-1.2707372692718528,-1.2301863285156949,-1.189690890452506,-1.1505446229122396,-1.113551928084623,-1.079164853174547,-1.0475891868105387,-1.018863891770809,-0.9929190302569278,-0.9696171207053842,-0.9487820828533982,-0.9302190972939763,-0.9137279206768132,-0.8991115535596319,-0.8861816480390243,-0.8747616583806979,-0.8646884510773435,-0.855812882678527,-0.8479997024991803,-0.8411270294698353,-0.8350855753914376
-1.3808485712972856,-1.371028813966562,-1.3469539082414128,-1.3137983380183196,-1.2755417745261393,-1.2351008945667292,-1.1945188956828918,-1.1551591726360635,-1.1178771851794798,-1.0831612326256763,-1.0512420848226753,-1.022175358144842,-0.9959017581772187,-0.9722901963612467,-0.9511680374025419,-0.9323419045906891,-0.9156116714878763,-0.9007796074230343,-0.887656118148017,-0.8760631255947386,-0.8658358330777667,-0.8568234060438447,-0.8488889411024176,-0.8419089837730105,-0.8357727751480273
-1.3807804235490715,-1.37305731995819,-1.3503826517250734,-1.318076007327224,-1.2802541540269152,-1.2399507643759224,-1.199302526243292,-1.159744116068985,-1.122183395085367,-1.0871460018771635,-1.0548885310481877,-1.0254838891012898,-0.9988838961498474,-0.974964200597982,-0.9535558606895583,-0.934467120648827,-0.9174980979377021,-0.9024504206051682,-0.8891333113979158,-0.8773672042211854,-0.8669856699528679,-0.8578362040395497,-0.8497802646610815,-0.8426928333847358,-0.8364616866701817
-1.3804167997396526,-1.374854083583605,-1.3536357616574883,-1.3222242623444886,-1.2848734845681271,-1.2447352618337368,-1.204041325731234,-1.1642991733362333,-1.126470410659029,-1.0911191085675962,-1.0585285376567632,-1.0287895384752237,-1.0018655230460687,-0.9776392256072242,-0.9559456502156042,-0.9365948429774165,-0.9193872941763185,-0.9041240818843458,-0.8906133101122131,-0.878673969670535,-0.8681380301514454,-0.8588513383631102,-0.8506737284870733,-0.8434786276820072,-0.8371523538883929
-1.3797574512546045,-1.3764180523781566,-1.3567119771431804,-1.3262419418193776,-1.289398829196357,-1.2494536970898922,-1.2087348259991266,-1.1688240554133262,-1.1307380781038212,-1.0950804957923572,-1.0621621139305684,-1.0320923584486132,-1.0048467169678814,-0.9803153634210042,-0.9583375037260262,-0.9387251695835026,-0.921279354999045,-0.9058006807574641,-0.8920961973561756,-0.8799834980853267,-0.8692929828238583,-0.8598688713708231,-0.8515693885019843,-0.8442664165999032,-0.8378448212397576
-1.3788021955389769,-1.3777482014013973,-1.3596100403136,-1.330127875022321,-1.293829236974322,-1.2541053662758024,-1.2133825468942736,-1.1733184639118093,-1.1349862368085777,-1.0990301019918058,-1.0657892661932604,-1.0353923995107661,-1.0078275552313851,-0.9829927059110213,-0.9607315192201441,-0.9408581989884512,-0.9231743758664515,-0.9074803074616337,-0.8935820569588101,-0.8812958663615796,-0.8704505978424028,-0.8608888660968267,-0.8524673012545934,-0.8450562506475274,-0.8385391336823896
-1.3775509160933774,-1.3788435335142961,-1.3623286964391692,-1.3338808816408423,-1.2981637427422232,-1.2586895512217748,-1.217983995992531,-1.177782090858908,-1.1392147191813566,-1.102967860835515,-1.0694099977361877,-1.0386897104169148,-1.010808114349016,-0.9856713447873482,-0.9631277949608663,-0.9429940302443501,-0.9250724529245878,-0.9091630529961869,-0.8950709735352613,-0.8826111521706786,-0.8716109458221307,-0.8619113862725312,-0.8533675239387621,-0.8458481809243242,-0.8392353367101844
-1.3760035624530769,-1.3797030796595964,-1.364866694048159,-1.3374997716782864,-1.302401366876925,-1.2632055191688063,-1.2225386683254005,-1.1822146184708635,-1.143423350477865,-1.1068937011024143,-1.0730243087416567,-1.041984338144863,-1.013788470010632,-0.988351371596562,-0.9655264294841313,-0.9451327629505064,-0.9269736830254898,-0.910849009145061,-0.8965630325096423,-0.8839294339817174,-0.8727740981421221,-0.8629364963464945,-0.8542701144117458,-0.8466422591367756,-0.8399334763679194
-1.3741601501501441,-1.3803258991453204,-1.3672227850525527,-1.340983345355506,-1.3065411150489827,-1.2676525224749007,-1.2270460461003854,-1.1866157189197812,-1.1476119486243972,-1.1108075465566973,-1.076632196203176,-1.0452763278496215,-1.016768697063381,-0.9910328777192489,-0.9679275216081522,-0.9472744972700422,-0.9288781637479633,-0.9125382684995773,-0.8980583201383157,-0.8852507910843124,-0.8739401269672318,-0.8639642615047533,-0.8551751312129383,-0.8474385376155013,-0.8406335992667372
-1.3720207606586161,-1.3807110799314122,-1.369395724881045,-1.344330393015618,-1.310581977977511,-1.2720297983157676,-1.2315055984144385,-1.1909850540937832,-1.1517803240351014,-1.1147093158193464,-1.0802336538425568,-1.048565722815963,-1.0197488694903165,-0.9937159543668825,-0.9703311704424691,-0.9494193339465858,-0.9307859934186635,-0.9142309244816262,-0.8995569235336444,-0.8865753036119102,-0.8751091052703277,-0.8649947476916235,-0.856082633583056,-0.8482370693327691,-0.8413357525999947
-1.369585541322721,-1.380857738919509,-1.371384272619323,-1.3475396950319585,-1.3145229311828883,-1.276336568379771,-1.2359167809602623,-1.1953222753502297,-1.155928279423365,-1.1185989222351038,-1.083828672023741,-1.0518525644087986,-1.0227290603877082,-0.9964006925780311,-0.9727374753967877,-0.9515673743210712,-0.9326972711334732,-0.9159270713672698,-0.9010589306882237,-0.8879030525656022,-0.8762811068550307,-0.8660280216309928,-0.8569926814837878,-0.8490379079204351,-0.8420399841595144
-1.3668547052681694,-1.380765022245829,-1.3731871911577862,-1.3506100217193835,-1.318362934737309,-1.2805720385570127,-1.2402790357252926,-1.199627023261808,-1.1600556096071246,-1.122476273734729,-1.0874172376632507,-1.0551368920213027,-1.0257093419409793,-0.9990871832138608,-0.9751465361895904,-0.9537187203486197,-0.93461209677918,-0.9176268043107768,-0.9025644304996094,-0.8892341198384619,-0.8774562063789788,-0.867064150848114,-0.8579053356179163,-0.8498411076883234,-0.8427463423522342
-1.3638285312965412,-1.380432105577164,-1.3748032473468674,-1.3535401332490515,-1.3221009330131908,-1.2847353986224173,-1.2445917906831512,-1.203898927355252,-1.164162101307895,-1.1263412726923736,-1.0909993341371096,-1.0584187430206855,-1.0286897853992278,-1.0017755169529148,-0.9775584528565116,-0.9558734746155323,-0.9365305710554758,-0.9193302193690969,-0.904073512795559,-0.8905685882404204,-0.878634479377632,-0.8681032036919207,-0.8588206574499372,-0.8506467236430667,-0.8434548762172822
-1.3605073637627896,-1.3798581944099515,-1.3762312121601084,-1.3563287795668466,-1.325735854429456,-1.2888258219126993,-1.248854459477349,-1.2081376058424576,-1.1682475329432833,-1.1301938157778877,-1.0945749411841206,-1.061698152691532,-1.0316704610482692,-1.0044657842851274,-0.9799733257584609,-0.9580317403563712,-0.9384527954972693,-0.9210374135267996,-0.9055862683598037,-0.8919065415237,-0.8798160022886335,-0.8691452493578875,-0.8597387092271812,-0.8514548115074175,-0.8441656354434812
-1.3568916124358978,-1.3790425243724127,-1.3774698608651583,-1.3589747003155863,-1.3292666111956843,-1.292842464997062,-1.253066441097015,-1.2123426653437406,-1.1723116744127777,-1.134033793803871,-1.0981440348053377,-1.0649751541765897,-1.034651438182125,-1.0071580755050336,-0.9823912555894756,-0.9601936214711335,-0.9403788724973365,-0.9227484847214779,-0.9071027889583694,-0.8932480644088365,-0.8810008524767554,-0.8701903579114428,-0.8606595540014748,-0.8522654277400519,-0.8448786703873095
-1.352981752342723,-1.377984361529725,-1.3785179732028578,-1.3614766247611942,-1.3326920990541833,-1.2967844673415274,-1.2572271195444489,-1.216513700603009,-1.1763542868765704,-1.1378610915672867,-1.1017065871596086,-1.068249778414927,-1.0376327850729092,-1.0098524807041456,-0.9848123433842876,-0.9623592225425248,-0.9423089053292989,-0.9244635318696409,-0.9086231673664582,-0.8945932426112841,-0.8821891082594334,-0.8712386003119639,-0.8615832556513358,-0.8530786295558803,-0.8455940320913244
-1.3487783235950663,-1.3766830026922061,-1.3793743335745783,-1.3638332717229849,-1.3360111970199715,-1.300650950966722,-1.2613358634942355,-1.220650294194545,-1.180375122527158,-1.1416755876854088,-1.1052625664550064,-1.0715220540773271,-1.0406145689390298,-1.0125490897624494,-0.9872366905255935,-0.9645286488533152,-0.9442429981709562,-0.9261826548931049,-0.910147497395917,-0.8959421628686437,-0.8833808489329266,-0.8722900484373697,-0.8625098789047421,-0.8538944749468871,-0.8463117723030669
-1.3442819312000167,-1.3751377757264747,-1.3800377312379872,-1.3660433495082582,-1.3392227671187293,-1.3044410200990273,-1.265392025943708,-1.2247520162211756,-1.184373924353486,-1.1454771544259235,-1.1088119368360183,-1.0747920074988255,-1.0435968559116342,-1.0152479923389828,-0.9896643987509928,-0.9667020064037863,-0.9461812561279651,-0.9279059547458997,-0.9116758739233053,-0.8972949129685327,-0.8845761547991116,-0.8733447751093305,-0.8634394893624828,-0.8547130227035069,-0.8470319434944706
-1.339493244853613,-1.3733480398695526,-1.3805069605114162,-1.3681055558513744,-1.3423256541227313,-1.3081537608149278,-1.2693949438544978,-1.228818424003508,-1.1883504258973607,-1.14926565753094,-1.112354658266301,-1.078059662608263,-1.0465797109992305,-1.0179492778614505,-0.9920955701595946,-0.9688794019292637,-0.9481237852578829,-0.9296335334417025,-0.9132083929185848,-0.8986515817771048,-0.8857751071929425,-0.8744028541191222,-0.8643721535221173,-0.8555343324365723,-0.8477545988817838
-1.334412998717882,-1.3713131860458718,-1.380780820987002,-1.3700185778575045,-1.345318685284804,-1.31178824067843,-1.2733439377849347,-1.2328490617599646,-1.1923043510018458,-1.153040956034689,-1.1158906864068345,-1.0813250408547255,-1.0495631980503861,-1.0206530355148213,-0.9945303072182486,-0.9710609429177217,-0.9500706925945772,-0.9313654940818199,-0.9147451514744485,-0.9000122592682597,-0.8869777885105925,-0.8754643602541388,-0.8653079388025574,-0.8563584645998412,-0.8484797924460329
-1.3290419911813056,-1.3690326371871426,-1.38085811775279,-1.3717810919512554,-1.3482006700703568,-1.315343508371417,-1.277238311513029,-1.236843460277317,-1.1962354135513893,-1.156802902074681,-1.1194199724893015,-1.08458816113076,-1.0525473797144438,-1.023359354228879,-0.9969687127674047,-0.9732467376274732,-0.9520220861730185,-0.9331019408837286,-0.9162862478363147,-0.9013770365535495,-0.8881842822383001,-0.8765293693250937,-0.8662469135693047,-0.8571854805131311,-0.8492075789540359
-1.3233810846027791,-1.3665058485550379,-1.3807376616239748,-1.3733917638303739,-1.350970399887522,-1.3188185933167849,-1.2810773516497638,-1.2408011365713842,-1.200143317203338,-1.1605513406960473,-1.1229424631844775,-1.0878490396921996,-1.0555323174001376,-1.0260683226646492,-0.9994108900265453,-0.9754368951049261,-0.9539780750544515,-0.9348429792101952,-0.9178317814329999,-0.9027460059128187,-0.8893946729819544,-0.877597958193932,-0.867189147160355,-0.8580154423860724,-0.8499380139799912
-1.3174312050391324,-1.3637323080666364,-1.3804182693834635,-1.3748492484247488,-1.3536266478154726,-1.3222125052942468,-1.284860327242454,-1.2447215935376177,-1.2040277551105922,-1.164286109648846,-1.1264581004654648,-1.0911076900744958,-1.0585180712320497,-1.0287800291996678,-1.0018569425991943,-0.9776315252024026,-0.9559387693519643,-0.936588715598992,-0.9193818529080979,-0.9041192608255899,-0.8906090464974299,-0.8786702048024749,-0.868134709912806,-0.8588484133425253,-0.850671153927673
-1.311193341956274,-1.3607115366225875,-1.3798987640319562,-1.3761521898609277,-1.3561681683309645,-1.3255242340486233,-1.2885864893678467,-1.2486043195911816,-1.2078884096350064,-1.1680070391780126,-1.1299668214655192,-1.0943641230053613,-1.0615047000047668,-1.031494561912019,-1.0043069744774513,-0.9798307385960181,-0.9579042802564557,-0.9383392577932194,-0.920936564152086,-0.9054968960032335,-0.8918274897217098,-0.879746188201831,-0.8690836731901772,-0.859684457445649,-0.8514070560532273
-1.3046685479240423,-1.357443088437918,-1.3791779750477267,-1.3772992214323865,-1.3585936970331751,-1.328752748890513,-1.2922550707147196,-1.2524487882962445,-1.2117249520512785,-1.1717139518057151,-1.1334685583302933,-1.0976183463136095,-1.064492261134676,-1.034212008563093,-1.0067610900460369,-0.9820346468036134,-0.9598747200630149,-0.9400947147722589,-0.9224960183351802,-0.9068790074219322,-0.8930500908048172,-0.8808259885825852,-0.8700361094104854,-0.8605236397236806,-0.8521457784886246
-1.2978579382948334,-1.3539265513754355,-1.378254738656302,-1.3782889655757897,-1.3609019503669124,-1.3318969982891824,-1.2958652851556491,-1.2562544579840773,-1.2155370422409266,-1.1754066621057935,-1.1369632380642365,-1.1008703648340012,-1.0674808106092646,-1.0369324565789928,-1.009219394085811,-0.9842433622027287,-0.9618502021977154,-0.9418551967833789,-0.924060319940968,-0.9082656923564861,-0.8942769391425862,-0.8819096873058158,-0.8709920920750909,-0.8613660261964342,-0.8528873802657642
-1.2907626908660954,-1.3501615472816537,-1.3771278981102333,-1.3791200338534897,-1.3630916253442709,-1.3349559094575238,-1.2994163273076595,-1.2600207713596125,-1.2193243283760133,-1.1790849764699827,-1.1404507823709227,-1.1041201803079321,-1.070470402933812,-1.0396559930305194,-1.011681991776729,-0.9864569980486095,-0.963830841244834,-0.9436208153739964,-0.9256295748008371,-0.9096570494149687,-0.8955081254103007,-0.8829973669349477,-0.8719516957983434,-0.8622116839025429,-0.8536319213412742
-1.2833840455267724,-1.346147732325169,-1.375796303979159,-1.379791026942529,-1.3651613992648217,-1.337928387928958,-1.3029073720814393,-1.263747155096083,-1.2230864465922555,-1.1827486928656108,-1.143931107487068,-1.1073677912797915,-1.0734610910753752,-1.0423827046116776,-1.01414898870021,-0.9886756684922429,-0.9658167529745072,-0.9453916834246336,-0.9272038901292299,-0.9110531785742743,-0.8967437415972332,-0.8840891112684861,-0.872914996338065,-0.8630606809274783,-0.8543794626220221
-1.275723303887789,-1.3418847973374195,-1.374258814450363,-1.3803005346304125,-1.3671099294344344,-1.3408133171261118,-1.3063375742187966,-1.2674330194173276,-1.22682302065111,-1.1863976005844137,-1.1474041240099528,-1.1106131929887821,-1.0764529264039098,-1.0451126776166064,-1.0166204908408667,-0.9908994885984022,-0.9678080543708205,-0.9471679151825698,-0.9287833745597516,-0.9124541812165825,-0.8979838810421108,-0.8851850053736527,-0.8738820706268879,-0.8639130864323733,-0.8551300659913621
-1.2677818288966713,-1.3373724681557364,-1.3725142956400254,-1.3806471358179262,-1.3689358528828302,-1.3436095579211436,-1.3097060678180281,-1.2710777576673662,-1.2305336615904245,-1.1900314799821294,-1.1508697367179885,-1.1138563772560233,-1.079445958630417,-1.0478459979148702,-1.0190966045875594,-0.9931285743636944,-0.9698048636603487,-0.9489496262962209,-0.930368138182154,-0.9138601601667722,-0.8992286384695436,-0.8862851356209627,-0.8748529968044849,-0.8647689706836754,-0.8558837943361542
-1.2595610444364045,-1.332610505968614,-1.3705616219153824,-1.3808293985293,-1.3706377860799814,-1.3463159481875602,-1.31301196584687,-1.2746807458668195,-1.2342179673632727,-1.1936501022085189,-1.1543278443841463,-1.1170973323667166,-1.0824402357419725,-1.0505827509250194,-1.021577436733745,-0.9953630427345983,-0.9718073003411523,-0.950736933850264,-0.9319582925802283,-0.9152712197308133,-0.9004781100274545,-0.8873895897197754,-0.875827854250735,-0.8656284050836712,-0.8566407115745784
-1.2510624349086246,-1.3275987076630957,-1.3683996762279929,-1.3808458799300087,-1.3722143246514757,-1.3489313023433906,-1.3162543596426646,-1.278241342255728,-1.2378755224644855,-1.1972532289274125,-1.1577783395819365,-1.1203360429471645,-1.085435803933489,-1.0533230215863385,-1.0240630944770568,-0.9976030116254782,-0.9738154852122347,-0.9525299564015264,-0.9335539508706332,-0.9166874657351852,-0.9017323933255383,-0.8884984567548553,-0.8768067236198333,-0.8664914622018967,-0.8574008826847679
-1.2422875448012598,-1.3223369061742032,-1.3660273504583313,-1.3806951263525264,-1.3736640430929765,-1.3514544108855562,-1.319432318399402,-1.2817588868223102,-1.2415058975444513,-1.2008406120263873,-1.1612211084836266,-1.1235724898363997,-1.0884327075360498,-1.0560668943286724,-1.0265536854180755,-0.9998485999365503,-0.9758295404034665,-0.9543288140156582,-0.9351552277426909,-0.9181090055673296,-0.9029915874747851,-0.8896118272239693,-0.8777896868754076,-0.8673582158074856,-0.8581643737343103
-1.2332379782407277,-1.3168249708362811,-1.363443545771918,-1.380375673330357,-1.3749854944839206,-1.3538840399153074,-1.3225448886412616,-1.2852327008172004,-1.245108649009699,-1.2044119933156772,-1.1646560306503781,-1.126806649952202,-1.091430988941671,-1.0588144530402486,-1.0290493175582407,-1.002099927571799,-0.9778495894059878,-0.9561336283046203,-0.9367622394991778,-0.9195359482172029,-0.9042557931281182,-0.8907297930765792,-0.8787768273266603,-0.868228740902474,-0.8589312519106245
-1.223915398528801,-1.3110628077361817,-1.3606471729872003,-1.3798860456406756,-1.376177210200603,-1.3562189306545795,-1.3255910936822763,-1.2886620862526637,-1.2486833186097765,-1.20796710421586,-1.1680829788139455,-1.1300384961512355,-1.094430688524298,-1.0615657810333825,-1.031550099296846,-1.0043571154568078,-0.9798757571030876,-0.9579445224649932,-0.9383751040981474,-0.920968404319944,-0.9055251125221756,-0.8918524477536458,-0.8797682296655821,-0.8691031137561127,-0.8597015855522707
-1.2143215276642698,-1.3050503600681649,-1.3576371529554083,-1.3792247573559324,-1.3772376996288112,-1.3584577989531201,-1.3285699330717329,-1.2920463253862864,-1.2522294330099,-1.2115056654338803,-1.1715018186495807,-1.1332679970830468,-1.0974318445568785,-1.0643209610079554,-1.0340561394270633,-1.0066202855565023,-0.981908169801577,-0.9597616213171491,-0.9399939411958169,-0.9224064861997083,-0.9067996495202748,-0.8929798862286041,-0.8807639800052754,-0.8699814119402108,-0.8604754441812121
-1.2044581458495096,-1.2987876084903918,-1.3544124169525946,-1.3783903119047713,-1.3781654498761864,-1.3605993347862562,-1.3314803820249135,-1.295384680188618,-1.2557465033488406,-1.215027386626928,-1.1749124085397682,-1.1364951170376478,-1.1004344931243006,-1.067080075012546,-1.036567547130921,-1.0088895608927628,-0.9839469552636457,-0.9615850513452937,-0.9416188721905471,-0.9238503079147057,-0.9080795096566159,-0.894112205049544,-0.8817641659194286,-0.8708637143655646,-0.8612528985360723
-1.1943270909820958,-1.2922745714829134,-1.3509719070840938,-1.3773812021426444,-1.3789589254844938,-1.362642201743154,-1.3343213908387654,-1.2986763917942135,-1.2592340247814966,-1.2185319660536866,-1.1783145993283877,-1.139719815786384,-1.1034386680320178,-1.0698432044030968,-1.0390844319731958,-1.011165065561908,-0.9859922427392294,-0.9634149407384167,-0.9432500202679626,-0.9252999853034811,-0.9093648001817556,-0.8952495023826417,-0.8827688764829889,-0.8717501013194975,-0.8620340206064276
-1.1839302581315891,-1.2855113057070173,-1.3473145767016161,-1.3761959104325037,-1.3796165681420027,-1.3645850365054422,-1.3370918842920831,-1.301920679935518,-1.2626914760055512,-1.222019090212417,-1.181708234064891,-1.142942048415786,-1.1064444007101333,-1.0726104297989822,-1.0416069038941178,-1.013446924751994,-0.9880441629988633,-0.9652514194321579,-0.944887510447231,-0.9267556360324817,-0.9106556301093991,-0.8963918780568878,-0.8837782023140679,-0.8726406545045657,-0.8628188836681646
-1.1732695990016226,-1.2784979063657955,-1.3434393908332036,-1.374832908735974,-1.380136796396192,-1.3664264483160578,-1.339790761029768,-1.3051167423590038,-1.26611831877163,-1.2254884334653537,-1.1850931477380584,-1.1461617651540796,-1.1094517201127292,-1.0753818310363366,-1.0441350732008368,-1.0157352647599256,-0.9901028483670562,-0.9670946191516321,-0.946531469628562,-0.9282173796449633,-0.9119521102645708,-0.8975394336101666,-0.8847922356171434,-0.8735354570784712,-0.8636075623199648
-1.1623471213774343,-1.2712345075658038,-1.339345326626272,-1.373290658715415,-1.3805180053670074,-1.3681650184381926,-1.3424168929307376,-1.3082637542229603,-1.269513997376313,-1.2289396576488327,-1.1884691669988794,-1.1493789111900143,-1.1124606526122147,-1.078157487118504,-1.0466690505575624,-1.0180302130083412,-0.9921684327561647,-0.9689446734552305,-0.948182026641947,-0.9296853376112744,-0.9132543533331972,-0.8986922723367332,-0.8858110702275921,-0.8744345936952215,-0.8644001325209307
-1.151164888558991,-1.263721282679679,-1.33503137380398,-1.3715676118473115,-1.380758566460911,-1.3697992996041997,-1.3449691244590105,-1.311360867476292,-1.2728779381373354,-1.2323724116685633,-1.1918361098720651,-1.1525934264836462,-1.1154712218884235,-1.0809374761634427,-1.049208946974291,-1.020331898062227,-0.9942410517007823,-0.970801717779415,-0.9498393122971829,-0.931159633380567,-0.9145624739131667,-0.8998504993361375,-0.8868348016576144,-0.8753381505476043,-0.86519667162943
-1.1397250187798313,-1.2559584447095449,-1.3304965351351346,-1.3696622095474225,-1.3808568270859864,-1.371327815454353,-1.347446271997526,-1.3144072102176962,-1.2762095488503147,-1.2357863310794266,-1.1951937854557082,-1.155805245568715,-1.1184834488122333,-1.0837218753479338,-1.0517548737940339,-1.0226404496452421,-0.9963208423926426,-0.9726658894845509,-0.9515034594352345,-0.932640392433987,-0.9158765885669102,-0.9010142215636531,-0.8878635271435951,-0.8762462154109959,-0.8659972584431801
-1.1280296846118036,-1.2479462466510696,-1.3257398269178853,-1.367572883308162,-1.380811110368371,-1.3727490599653231,-1.3498471231642037,-1.3174018860345287,-1.2795082182262592,-1.2391810376491528,-1.1985419936085504,-1.1590142973462054,-1.1214973513234072,-1.0865107608484197,-1.0543069426784557,-1.0249559986557113,-0.9984079437160391,-0.9745373279017959,-0.953174602980965,-0.9341277423394064,-0.9171968158755743,-0.9021835478822784,-0.8888973456949707,-0.877158877688595,-0.8668019732406378
-1.1160811123558274,-1.2396849818580111,-1.3207602794774276,-1.365298054848674,-1.3806197148703114,-1.3740614968682705,-1.3521704361097657,-1.3203439733206535,-1.28277331530913,-1.2425561389051873,-1.2018805246242996,-1.1622205048686785,-1.1245129443023751,-1.089304207778265,-1.0568652655918034,-1.0272786771822302,-1.0005024962837559,-0.9764161743810635,-0.954852879997284,-0.9356218128077268,-0.9185232764948277,-0.9033585891163487,-0.8899363581446447,-0.8780762284581045,-0.8676108978237407
-1.1038815814188496,-1.2311749844070752,-1.3155569376779424,-1.3628361362781023,-1.3802809143101507,-1.375263559056438,-1.3544149387968196,-1.323232524572573,-1.2860041888726705,-1.2459112276640492,-1.2052091588924245,-1.1654237851149398,-1.1275302394356586,-1.0921022901212898,-1.0594299547830415,-1.0296086185188549,-1.0026046424735107,-0.9783025723401075,-0.956538429740761,-0.9371227357508404,-0.9198560932123782,-0.904539458106844,-0.890980667201027,-0.8789983605199394,-0.868424115562052
-1.0914334236771541,-1.2224166294629313,-1.310128861449031,-1.3601855302725618,-1.3797929572845815,-1.3763536479821425,-1.3565793282596883,-1.326066565663054,-1.2892001667956923,-1.2492458815424299,-1.2085276665448126,-1.1686240487545838,-1.1305492450746066,-1.0949050806613236,-1.0620011227660582,-1.0319459571798175,-1.004714526464915,-0.980196667314742,-0.9582313937187505,-0.9386306453412832,-0.9211953910072515,-0.9057262697684376,-0.8920303775017474,-0.8799253684470135,-0.869241711438374
-1.0787390228261773,-1.2134103336431705,-1.304475126326838,-1.3573446302663241,-1.3791540669935154,-1.3773301330430758,-1.3586622698444615,-1.328845095091502,-1.2923605554149726,-1.2525596624492548,-1.2118358070876423,-1.17182119990192,-1.133569966087109,-1.0977126509076007,-1.0645788822978384,-1.0342908289137251,-1.0068322942769397,-0.9820986070102367,-0.9599319157480857,-0.9401456780736626,-0.9225412971109146,-0.9069191411483772,-0.8930855956691259,-0.8808573486361695,-0.8700637720958782
-1.0658008137170136,-1.204156555383078,-1.298594824010142,-1.3543118206577818,-1.3783624409679396,-1.3781913509578154,-1.3606623964287365,-1.3315670832102495,-1.2954846388548757,-1.255852116057895,-1.2151333290178086,-1.1750151358587826,-1.1365924037019297,-1.1005250710157386,-1.067163346354452,-1.0366433707171656,-1.0089580938058793,-0.9840085413539037,-0.9616401420153732,-0.9416679728279004,-0.9238939410702902,-0.9081181914872405,-0.8941464303674518,-0.88179439936132,-0.8708903858868242
-1.0526212816797678,-1.1946557952999568,-1.2924870629316088,-1.3510854770307326,-1.3774162508011583,-1.3789356051304804,-1.3625783076204918,-1.3342314714259311,-1.298571678332778,-1.2591227712576625,-1.2184199694231728,-1.1782057468456668,-1.1396165553452673,-1.1033424097040674,-1.0697546281047363,-1.0390037208476832,-1.011092074863817,-0.9859266225489189,-0.9633562211389668,-0.9431976709343826,-0.9252534548127602,-0.9093235422816677,-0.8952129923621586,-0.8827366208283693,-0.8717216429229263
-1.039202961833934,-1.1849085965568689,-1.2861509688444723,-1.3476639663915773,-1.376313641883838,-1.3795611650044513,-1.3644085689355343,-1.3368371713750737,-1.3016209114393362,-1.2623711395837107,-1.221695453565917,-1.181392915720645,-1.1426424144691647,-1.1061647341650525,-1.0723528408815124,-1.0413720188360338,-1.0132343892175726,-0.9878530051294022,-0.9650803042326545,-0.9447349162410612,-0.9266199727132169,-0.9105353173491293,-0.8962853945809642,-0.8836841152319858,-0.8725576351274383
-1.025548438385983,-1.1749155452255353,-1.2795856854248444,-1.344045647423013,-1.3750527331432982,-1.380066265405099,-1.3661517109529484,-1.3393830640730036,-1.3046315513925952,-1.2655967146243898,-1.2249594944482007,-1.18457651768545,-1.145669970371332,-1.1089921099715385,-1.0749580981501945,-1.043748405497682,-1.0153851906281413,-0.9897878460167926,-0.9668125449711309,-0.9462798551826,-0.9279936316632479,-0.911753642894821,-0.897363752177057,-0.8846369868143042,-0.8733984562890285
-1.0116603439143206,-1.1646772706482171,-1.2727903748899225,-1.3402288707548646,-1.3736316167875207,-1.380449105871476,-1.367806228447948,-1.3418679990351219,-1.3076027862648751,-1.268798971405066,-1.228211792359296,-1.1877564199780881,-1.1486992080059228,-1.1118246009775028,-1.0775705134745945,-1.0461330229434127,-1.0175446348905752,-0.9917313045775344,-0.9685530996572985,-0.9478326368516233,-0.9293745711425321,-0.9129786475807619,-0.8984481825944131,-0.8855953419256384,-0.8742442021175157
-0.9975413586418282,-1.1541944457983364,-1.2657642186322886,-1.336211979252664,-1.3720483580543688,-1.3807078499769294,-1.3693705795015427,-1.3442907933695962,-1.3105337781813686,-1.2719773657473956,-1.231452034403353,-1.1909324815513407,-1.1517301077848248,-1.1146622692130417,-1.080190200479775,-1.0485260145890285,-1.0197128798743362,-0.9936835426821269,-0.9703021272914721,-0.949393413072152,-0.9307629332925393,-0.9142104625971912,-0.899538805635326,-0.88655928908728,-0.8750949703015489
-0.9831942096961473,-1.1434677876396089,-1.2585064178705532,-1.3319933083246578,-1.3703009949665483,-1.3808406246386191,-1.3708431845863989,-1.3466502308404564,-1.3134236624892843,-1.2751313336029528,-1.234679894006868,-1.194104552736432,-1.1547626453689308,-1.1175051747732394,-1.082817272811744,-1.0509275251640118,-1.0218900855640765,-0.995644724765558,-0.9720597896425468,-0.9509623384753161,-0.9321588629926245,-0.9154492217363607,-0.9006357435302548,-0.887528939056485,-0.8759508605683162
-0.9686216703579129,-1.1324980574834742,-1.2510161943165712,-1.3275711862479147,-1.3683875380928652,-1.3808455194159261,-1.3722224256282596,-1.348945060900038,-1.3162715468963433,-1.2782602903600733,-1.237895030404892,-1.1972724748911145,-1.1577967914488743,-1.1203533757005735,-1.0854518440937788,-1.0533377007190539,-1.024076414100826,-0.9976150178891501,-0.9738262513211828,-0.9525395705774086,-0.9335625079385985,-0.9166950614688016,-0.9017391210100635,-0.8885044048937265,-0.876811974745354
-0.9538265592971223,-1.1212860613445514,-1.2432927908594371,-1.3229439345142306,-1.3663059703163578,-1.380720585797768,-1.3735066450423052,-1.3511739976897221,-1.3190765105774034,-1.2813636301227445,-1.2410970881049885,-1.2004360800314242,-1.1608325115146794,-1.1232069278605037,-1.0880940278791864,-1.0557566886323706,-1.0262720298235835,-0.999594591803858,-0.9756016798550879,-0.9541252698603849,-0.9349740187238818,-0.9179481210221863,-0.9028490653807764,-0.8894858020323124,-0.8776784168245633
-0.9388117397978435,-1.1098326502938924,-1.2353354722665046,-1.318109868196566,-1.3640542466099421,-1.3804638364788384,-1.3746941447437786,-1.3533357190078164,-1.321837603247885,-1.2844407249602696,-1.244285696327861,-1.2035951904462374,-1.16386976561371,-1.1260658848098295,-1.0907439376002408,-1.0581846376146653,-1.02847709931126,-1.0015836190150478,-0.9773862457664616,-0.9557195998548942,-0.9363935489233532,-0.9192085424628862,-0.9039657066009341,-0.8904732483504798,-0.8785502930285213
-0.923580118971447,-1.0981387208097524,-1.2271435259016288,-1.3130672963367416,-1.3616302938202023,-1.3800732446248216,-1.3757831851322284,-1.3554288652434456,-1.3245538442026596,-1.2874909241264114,-1.2474604684235417,-1.206749618293796,-1.166908508096315,-1.1289302976574254,-1.09340168651308,-1.0606216977126468,-1.0306917914249734,-1.0035822748487928,-0.9791801226516756,-0.9573227272259344,-0.9378212551799812,-0.9204764707803289,-0.9050891773616783,-0.8914668642460546,-0.8794277118791882
-0.9081346469585816,-1.0862052151256356,-1.2187162624608625,-1.3078145223551871,-1.3590320104600389,-1.3795467431266422,-1.3767719840486832,-1.357452038275224,-1.327224221318966,-1.2905135532466252,-1.2506210012619476,-1.2098991651792428,-1.1699486873484826,-1.1318002149168866,-1.0960673876382663,-1.0630680203109433,-1.032916277350631,-1.0055907375197064,-0.9809834872632517,-0.9589348218612339,-0.9392572972943588,-0.9217520539742814,-0.9062196131696632,-0.8924667727138014,-0.8803107842691095
-0.8924783161200875,-1.0740331215753278,-1.2100530167258154,-1.302349844483512,-1.3562572665108878,-1.3788822238438407,-1.377658715705072,-1.3594038003334739,-1.3298476900218796,-1.2935079134719514,-1.2537668745965878,-1.2130436217122313,-1.1729902455108163,-1.1346756823506383,-1.098741153696757,-1.0655237581322976,-1.0351507306417842,-1.0076091882003573,-0.9827965195942334,-0.9605560569624607,-0.9407018383172645,-0.9230354431451713,-0.907357152432926,-0.8934730994255741,-0.8811996235352282
-0.8766141602170553,-1.06162347493463,-1.201153148334881,-1.2966715562207332,-1.3533039032352892,-1.3780775368371834,-1.3784415095851905,-1.3612826728246876,-1.3324231722107789,-1.2964732805980304,-1.25689765040008,-1.2161827670435499,-1.1760331181830745,-1.1375567428049909,-1.10142309704097,-1.0679890652358845,-1.0373953272627068,-1.009637811092296,-0.9846194029650178,-0.9621866091393703,-0.9421550446453673,-0.9243267925875909,-0.9085019365498472,-0.8944859728133897,-0.8820943455354289
-0.8605452535802537,-1.0489773567595186,-1.192016042572533,-1.2907779468139866,-1.350169733000614,-1.3771304895906453,-1.3791184493165005,-1.3630871351168954,-1.3349495551451913,-1.2994089041476675,-1.2600128721701274,-1.2193163683796857,-1.1790772341134905,-1.1404434360356253,-1.104113329580625,-1.070464097013579,-1.0396502456316419,-1.011676793498709,-0.9864523241127281,-0.9638266585069939,-0.9436170861201928,-0.9256262598870912,-0.9096541100013176,-0.8955055241555558,-0.8829950687279149
-0.8442747102691157,-1.036095895720407,-1.1826411111768902,-1.2846673017645966,-1.346852539114797,-1.376038846222928,-1.379687571512044,-1.364815623284544,-1.3374256902883233,-1.302314006415254,-1.263112064204475,-1.2224441804741866,-1.1821225148720287,-1.1433357985229335,-1.1068119627030226,-1.072949010184022,-1.0419156666641782,-1.0137263258987574,-0.9882954732832198,-0.9654763887860018,-0.9450881361305079,-0.9269340060204353,-0.910813820446268,-0.8965318876659822,-0.8839019142535686
-0.8278056832205262,-1.0229802679322342,-1.1730277931657498,-1.2783379033603968,-1.3433500756749885,-1.3748003266887119,-1.3801468645817334,-1.366466528811443,-1.3398503921065035,-1.3051877814712953,-1.2661947308433326,-1.2255659450945866,-1.1851688745066875,-1.1462338632766187,-1.1095191071873944,-1.075443962784274,-1.044191773816685,-1.015786602023603,-0.990149044325797,-0.9671359874063443,-0.9465683717182396,-0.9282501954594382,-0.911981218820705,-0.8975652005868298,-0.8848150060214108
-0.8111413633876083,-1.0096316972800414,-1.1631755556812544,-1.2717880312352154,-1.3396600674300636,-1.3734126059698673,-1.3804942675122849,-1.3680381972502853,-1.3422224368226825,-1.3080293941251888,-1.2692603556776185,-1.228681390463611,-1.1882162191819006,-1.1491376596289073,-1.112234873112917,-1.077949114158865,-1.046478753129739,-1.0178578189341594,-0.9920132347907372,-0.9688056456143068,-0.94805797368809,-0.9295749962785522,-0.9131564594403958,-0.8986056032846251,-0.885734470797312
-0.7942849788687462,-0.9960514557397109,-1.1530838948533946,-1.2650159629564677,-1.3357802096579885,-1.3718733132568857,-1.3807276686150398,-1.3695289268371915,-1.3445405611220647,-1.3108379788443179,-1.2723084007213488,-1.2317902306733184,-1.1912644467980515,-1.1520472130157136,-1.1149593697600078,-1.0804646249460306,-1.0487767932714886,-1.019940177100609,-0.9938882460297112,-0.9704855585831111,-0.9495571267209978,-0.9309085802663721,-0.9143397001073861,-0.8996532393500283,-0.8866604382961014
-0.777239794027058,-0.9822408636935678,-1.1427523366825005,-1.2580199746418412,-1.3317081680591056,-1.3701800311208405,-1.380844904240919,-1.37093696705967,-1.3468034608078296,-1.3136126386273967,-1.2753383055463328,-1.2348921650707008,-1.1943134465910017,-1.1549625447449952,-1.1176927055044075,-1.082990657060875,-1.0510860855808457,-1.0220338804836873,-0.9957742832991967,-0.9721759255272011,-0.9510660194916021,-0.9322511230412078,-0.9155311022204979,-0.900708255701384,-0.8875930412772208
-0.7600091086005424,-0.9682012902404472,-1.1321804379408835,-1.2507983416060477,-1.3274415786664235,-1.3683302946762037,-1.380843757461745,-1.3722605171763336,-1.3490097894048392,-1.3163524438299412,-1.2783494863772993,-1.237986877613249,-1.1973630987105461,-1.1578836717515748,-1.1204349877036186,-1.085527373675239,-1.0534068241104455,-1.0241391366177757,-0.9976715558669818,-0.9738769498203479,-0.9525848447898813,-0.9336028041709237,-0.9167308308900066,-0.9017708026922588,-0.8885324156440991
-0.7425962568031417,-0.9539341534999327,-1.121367787093798,-1.2433493390386972,-1.3229780477741027,-1.3663215907349182,-1.3807219567171656,-1.3734977246866404,-1.3511581567091078,-1.3190564309395714,-1.281341335145417,-1.241074036192831,-1.2004132737765492,-1.1608106063375554,-1.1231863225751462,-1.08807493919397,-1.055739205669246,-1.0262561566958188,-0.9995802771218589,-0.9755888391177385,-0.9541137996471437,-0.934963807297222,-0.9179390550566682,-0.9028410342231298,-0.8894787005474192
-0.7250046064169391,-0.9394409209103646,-1.1103140052398353,-1.2356712427143244,-1.318315151885332,-1.3641513569521495,-1.3804771744264035,-1.3746466837488862,-1.3532471272807185,-1.3217236012988,-1.284313218498109,-1.2441532919261955,-1.2034638324115208,-1.16374335589749,-1.1259468150660235,-1.0906335192273224,-1.0580834298646862,-1.0283851556560826,-1.0015006646866167,-0.9773118054821891,-0.955653085466551,-0.9363343202645689,-0.9191559476153142,-0.90391910785743,-0.8904320384924518
-0.7072375578757271,-0.9247231095202874,-1.0990187470709247,-1.2277623297356723,-1.3134504376809144,-1.361816980964202,-1.3801070255640582,-1.375705433544581,-1.355275218877754,-1.324352919772763,-1.2872644767628811,-1.247224278410255,-1.2065146247482526,-1.1666819226273484,-1.1287165687130187,-1.0932032805591576,-1.0604396991442593,-1.0305263522707788,-1.0034329405344309,-0.979046065514656,-0.9572029081583714,-0.9377145352539715,-0.9203816855432041,-0.9050051849421357,-0.891392575450654
-0.6892985433401885,-0.9097822862729167,-1.087481701852008,-1.2196208793113195,-1.3083814220098797,-1.3593157995191354,-1.379609066199182,-1.3766719565873131,-1.3572409008287178,-1.3269433133592867,-1.2901944228628301,-1.2502866109402384,-1.209565489911074,-1.1696263032162946,-1.1314956854929017,-1.0957843911106075,-1.0628082188363848,-1.032679969236557,-1.0053773311087733,-0.9807918404892153,-0.9587634782801655,-0.9391046489218237,-0.9216164500333693,-0.906099430733136,-0.8923604609757418
-0.6711910257649218,-0.8946200682832919,-1.075702594420561,-1.2112451735688348,-1.30310559190359,-1.3566450976006816,-1.3789807919968566,-1.3775441769741033,-1.3591425923407692,-1.3294936697384871,-1.2931023411812819,-1.2533398856886482,-1.2126162554691993,-1.172576488520192,-1.1342842656620893,-1.098377019898828,-1.0651891971904182,-1.0348462332668837,-1.007334067446938,-0.9825493564926742,-0.9603350111821166,-0.9405048625440482,-0.922860426633175,-0.9072020145255814,-0.8933358483244349
-0.6529184979575454,-0.8792381231076497,-1.0636811862059734,-1.2026334984045708,-1.2976204046147846,-1.3538021075461084,-1.3782196366815003,-1.3783199585772068,-1.3609786607410121,-1.3320028357589986,-1.2959874863729324,-1.2563836788428628,-1.215666736860518,-1.175532463215729,-1.1370824075849635,-1.1009813369904495,-1.0675828454156562,-1.0370253751863117,-1.0093033853073188,-0.9843188445690151,-0.9619177271577235,-0.9419153821657753,-0.9241138053883367,-0.9083131097894686,-0.8943188945821168
-0.6344844816301345,-0.8636381690046984,-1.051417276268967,-1.1937841443713655,-1.2919232876831752,-1.3507840081587719,-1.377322970461133,-1.3789971031742307,-1.3627474196479112,-1.3344696158577263,-1.29884908211866,-1.2594175456990646,-1.2187167367840952,-1.1784942054339125,-1.139890207550066,-1.1035975134492872,-1.0699893777191392,-1.0392176300266351,-1.0112855253005386,-0.9861005408688596,-0.9635118516001073,-0.9433364187568167,-0.9253767809926703,-0.9094328943107123,-0.895309760793639
-0.6158925264432318,-0.8478219751883098,-1.0389107023610324,-1.1846954076053315,-1.2860116390292182,-1.3475879238161368,-1.376288098411848,-1.3795733485143764,-1.3644471270697949,-1.336892770409894,-1.3016863198210529,-1.26244101971005,-1.2217660445595222,-1.181461686371664,-1.1427077595733608,-1.1062257212778523,-1.0724090113420743,-1.0414232371249335,-1.0132807330245668,-0.987894686804146,-0.9651176151641525,-0.9447681883731925,-0.9266495529438167,-0.9105615503379527,-0.8963086120995212
-0.5971462090426678,-0.8317913620712303,-1.0261613420039735,-1.1753655907930123,-1.2798828270777922,-1.34421092357415,-1.3751122588217393,-1.3800463663185303,-1.3660759834272616,-1.3392710140059552,-1.3044983572374882,-1.2654536114843165,-1.2248144354511383,-1.1844348698801066,-1.145535155187657,-1.1088661333521626,-1.0748419665946547,-1.0436424402234845,-1.0152892592039378,-0.9897015292082433,-0.9667352539347649,-0.9462109123250009,-0.9279323257052544,-0.9116992647353985,-0.8973156178778214
-0.5782491320894534,-0.8155482014994008,-1.0131691135896013,-1.1657930041802163,-1.27353419091362,-1.3406500202689204,-1.3737926214935527,-1.3804137602108513,-1.367632129496133,-1.3416030136517567,-1.3072843170474306,-1.2684548077336535,-1.2278616699550202,-1.1874137120280717,-1.1483724832172504,-1.1115189233493057,-1.0772884668890481,-1.0458754875715406,-1.017311359833211,-0.9915213205017042,-0.9683650096014985,-0.9476648173509173,-0.9292253088748823,-0.9128462291419891,-0.8983309518919502
-0.5592049232829741,-0.7990944169764012,-0.9999339774995633,-1.1559759666238167,-1.2669630404703098,-1.3369021696167485,-1.3723262860053465,-1.3806730635794326,-1.3691136442674772,-1.34388738688816,-1.310043285350429,-1.2714440701663081,-1.2309074930464892,-1.190398160639241,-1.1512198295367464,-1.114184265667177,-1.0797487387702902,-1.04812263202893,-1.019347296324787,-0.9933543188639051,-0.9700071296398485,-0.9491301357996453,-0.9305287173605039,-0.9140026401371857,-0.8993547924447275
-0.540017234377763,-0.7824319838776032,-0.9864559372453195,-1.145912806687894,-1.2601666567550418,-1.3329642693136434,-1.3707102799284638,-1.3808217373635192,-1.3705185427210234,-1.3461226998261002,-1.3127743100910547,-1.2744208343225818,-1.2339516333857388,-1.193388154801211,-1.154077276812968,-1.1168623353357563,-1.082223011944809,-1.0503841311714588,-1.0213973356612263,-0.9952007884107887,-0.971661867499503,-0.9506071058186355,-0.9318427715625406,-0.9151686994137387,-0.9003873225390044
-0.5206897401940782,-0.7655629296535618,-0.9727350406282533,-1.1356018637856087,-1.2531422921109863,-1.3288331581355732,-1.3689415570021577,-1.3808571677646924,-1.3718447735081454,-1.3483074650928524,-1.3154763994068173,-1.2773845083495425,-1.23699380247902,-1.1963836243446764,-1.156944904228761,-1.1195533079192383,-1.0847115193062629,-1.0526602473980642,-1.0234617505521995,-0.9970609993789805,-0.97332948279987,-0.9520959715504316,-0.9331676975643394,-0.9163446139577591,-0.9014287300451769
-0.5012261376225633,-0.7484893340221548,-0.9587713809198242,-1.1250414893681948,-1.2458871705196484,-1.3245056150407901,-1.3670169952642226,-1.3807766638793484,-1.3730902165403855,-1.3504401396850407,-1.3181485198948548,-1.2803344717113005,-1.2400336937926544,-1.1993844892907757,-1.1598227871874291,-1.1222573594082852,-1.087214496958361,-1.0549512480396634,-1.0255408195961997,-0.9989352283165154,-0.975010241533204,-0.9535969833369919,-0.9345037273304346,-0.9175305962364761,-0.902479207875944
-0.48163014462322573,-0.7312133291490457,-0.944565098061767,-1.1142300481625487,-1.2383984879454597,-1.3199783582757,-1.3649333951370402,-1.3805774552497003,-1.3742526804793238,-1.3525191227236775,-1.3207895947929265,-1.2832700738310754,-1.2430709818169556,-1.2023906592645126,-1.162710996996414,-1.1249746661015882,-1.0897321842342813,-1.0572574054696335,-1.0276348274471676,-1.000823758280458,-0.976704416275687,-0.9551103979323862,-0.9358510989131752,-0.9187268643940674,-0.9035389541686882
-0.4619054992190097,-0.713737099815901,-0.9301163798861523,-1.1031659194588581,-1.2306734127250123,-1.3152480444858599,-1.3626874774684716,-1.3802566893304622,-1.3753299001233796,-1.3545427531062582,-1.3233985020699852,-1.2861906326610506,-1.2461053210769426,-1.2054020328720254,-1.165609600528769,-1.1277054044758938,-1.0922648237123003,-1.059578997215843,-1.0297440649861571,-1.0027268790416997,-0.9784122864068229,-0.9566364787242714,-0.9372100566681301,-0.9199336424559812,-0.9046081724758798
-0.4420559584841967,-0.6960628835759468,-0.9154254633552789,-1.0918474984498017,-1.2227090860034877,-1.3103112678338253,-1.3602758815270957,-1.379811428868273,-1.3763195336869312,-1.3565093070506569,-1.3259740724212947,-1.28909543317571,-1.2491363450865007,-1.2084184970392928,-1.1685186598608217,-1.1304497510435363,-1.094812661227162,-1.0619163060741281,-1.031868829498197,-1.0046448872972156,-0.9801341383375295,-0.9581754959645641,-0.9385808514787194,-0.921151160542184,-0.9056870719639121
-0.4220852975279291,-0.6781929708963015,-0.9004926358211747,-1.0802731976228293,-1.2145026222209165,-1.305164559125711,-1.3576951629513268,-1.379238649190837,-1.3772191599669208,-1.3584169955252816,-1.3285150871627587,-1.2919837257841231,-1.2521636652424406,-1.2114399263097102,-1.1714382318843266,-1.1332078821964817,-1.0973759458767196,-1.0642696202231159,-1.0340094248544713,-1.0065780868900966,-0.9818702657473358,-0.9597277270097804,-0.9399637409905371,-0.9223796550898014,-0.9067758676208287
-0.4019973084730839,-0.6601297052865873,-0.88531823630458,-1.0684414482070967,-1.2060511096510491,-1.2998043849484648,-1.3549417916520234,-1.3785352354026643,-1.3780262753918826,-1.360263961559626,-1.3310202760187986,-1.294854724656282,-1.2551868696546193,-1.2144661820977705,-1.17436836789126,-1.1359799740357708,-1.0999549300232916,-1.066639233340235,-1.0361661616999736,-1.0085267890376612,-0.9836209698310936,-0.9612934565714971,-0.9413589898558582,-0.9236193690856362,-0.9078747804734022
-0.3817957994307797,-0.6418754834133108,-0.8699026567931993,-1.0563507016766573,-1.1973516109957598,-1.2942271468200524,-1.3520121496682722,-1.3776979794842097,-1.3787382909480819,-1.362048277429024,-1.3334883147977472,-1.2977076059583206,-1.2582055219080557,-1.2174971118958826,-1.1773091131292852,-1.13876620218518,-1.1025498692891644,-1.0690254447187915,-1.0383393576467708,-1.0104913125680037,-0.9853865595556717,-0.9628729769774702,-0.9427668699888716,-0.9248705523091062,-0.9089840378140824
