0,1,2,3,4,5,6,7,8,9,10,11,12,13,14,15,16,17,18,19,20,21,22,23,24
-0.15727138992227274,-0.17772775581811062,-0.20081532116927037,-0.2268550116020368,-0.2561981558404397,-0.28922519372635014,-0.32634211439974137,-0.36797365350278444,-0.4145520162006755,-0.466499812488691,-0.5242058666485833,-0.5879931657184673,-0.6580792650315137,-0.7345321137798705,-0.8172282078011295,-0.9058261433553039,-0.9997762096125073,-1.0983947739580835,-1.2010380855944358,-1.3074126655710727,-1.418057792856281,-1.5350430753578004,-1.6629644898117968,-1.8104522273176105,-1.8841960960705173
-0.14683727506514255,-0.16594672010207812,-0.18752057457691873,-0.2118627503497006,-0.23930757134085767,-0.27021941660370086,-0.30499054555319094,-0.3440362506997391,-0.3877862439769786,-0.4366710152288594,-0.4911017705391152,-0.5514428643769331,-0.6179762453723842,-0.6908593173231642,-0.7700806046604003,-0.8554226480787741,-0.9464483382942507,-1.0425350003028855,-1.1429878512040248,-1.2472693888253228,-1.3553807293186781,-1.4684322090466106,-1.589456966276176,-1.7245916888433133,-1.7921590501268818
-0.13639897181000893,-0.15415809343483633,-0.17421289280744878,-0.19684932225191853,-0.22238334503929258,-0.2511613601333007,-0.28355921962362196,-0.3199791052465706,-0.36084332381144946,-0.4065838598512228,-0.4576263307715295,-0.514367074334296,-0.5771423570306328,-0.6461899229089296,-0.7216052097565956,-0.8032984268820959,-0.8909643884272289,-0.9840844820708655,-1.0819881099611295,-1.1840079166440476,-1.2897651558626655,-1.3996216779582848,-1.5153385146385034,-1.6410131474051348,-1.7038504637884504
-0.1259572137948889,-0.14236301401175655,-0.16089399550579253,-0.1818172732869855,-0.2054291830337951,-0.23205633629020117,-0.26205563326702486,-0.2958126201824257,-0.33373741025016224,-0.37625713956031537,-0.42380371060491695,-0.47679550742916743,-0.5356117751050216,-0.6005590628879315,-0.6718304778618206,-0.7494612495163061,-0.8332885647963584,-0.922930025697527,-1.017802845490401,-1.117214076125611,-1.2205570036240843,-1.3276508141225218,-1.439259528972514,-1.5578363245949856,-1.6171247224062184
-0.11551274059176664,-0.1305626312831265,-0.14756562319273303,-0.16676918763900983,-0.18844886071108236,-0.2129097817947262,-0.2404875061768702,-0.27154759430524644,-0.30648335377846947,-0.3457108578389517,-0.3896601489208035,-0.43876137310660535,-0.49342443872424646,-0.5540111044392032,-0.6207991382952027,-0.6939399617832381,-0.7734143980046931,-0.8589961550459768,-0.9502395206736264,-1.0465160542151464,-1.1471319987616801,-1.2515630331428274,-1.3598426964197885,-1.473141335054251,-1.5297906543714794
-0.10506629757318642,-0.11875810561453037,-0.13422953651456848,-0.15170768616632468,-0.17144621978567864,-0.19372725263312462,-0.2188627713497815,-0.24719520562351271,-0.27909667417918005,-0.31496618874368165,-0.35522390826892014,-0.4003013278658041,-0.45062604889749835,-0.5065998175918685,-0.568568803885508,-0.6367860695024624,-0.711368238074081,-0.792251932965915,-0.8791609816017704,-0.9716028224035445,-1.0689203244898915,-1.1704325854354158,-1.2757013261986416,-1.3849588347623343,-1.4395875890441805
-0.09461863577745755,-0.10695060794114752,-0.12088751547423282,-0.13663542482050817,-0.15442516521557148,-0.17451441828230385,-0.19718956466188153,-0.22276699323997284,-0.25159353040427046,-0.284045429630464,-0.32052520692297526,-0.36145539204809063,-0.4072680024712533,-0.4583884252647774,-0.5152123791916874,-0.5780750217964065,-0.6472123944072455,-0.7227176046359973,-0.8044979682165776,-0.892245178955961,-0.9854378431000149,-1.0834040797675526,-1.1854782773049355,-1.2912885542812502,-1.3441936927694047
-0.08417051177245782,-0.09514131941606996,-0.10754135864441405,-0.12155509301756962,-0.1373896619985132,-0.1552770556480232,-0.17547621377584088,-0.1982748377058252,-0.22399068701926816,-0.2529719463566338,-0.28559613479620105,-0.3222668329515843,-0.3634072582609227,-0.40944952284395486,-0.4608182330761046,-0.5179071058746654,-0.5810477234902633,-0.6504706652892961,-0.7262615538843942,-0.8083185084926309,-0.8963232330696957,-0.9897456460810583,-1.0879099851013152,-1.1901564783438345,-1.2412797249650969
-0.07372268751795474,-0.08333143105277996,-0.09419288236326984,-0.10646941196293391,-0.12034373185337566,-0.1360210427272135,-0.153731226402537,-0.17373093989429822,-0.19630547730927206,-0.22177011108441835,-0.250470553272103,-0.2827820137630471,-0.3191061325702904,-0.35986485713321026,-0.40549010451013945,-0.45640786873138994,-0.5130154572623419,-0.5756508977269259,-0.6445546365734245,-0.7198258360378823,-0.8013793163125643,-0.8889149121109302,-0.9819184581039059,-1.0797215028839513,-1.1286230252739768
-0.06327593022664446,-0.07152214336201557,-0.08084391991339812,-0.09138113293214178,-0.10329144979126237,-0.11675235200624412,-0.1319632779447466,-0.14914779845305592,-0.168555763164982,-0.19046523289337203,-0.21518397922278276,-0.24305020834949342,-0.27443202263940647,-0.30972495745790196,-0.349346716236687,-0.3937279898861279,-0.4432980699971195,-0.4984638943572872,-0.5595814391235354,-0.6269192164333526,-0.7006155156235261,-0.7806343460332793,-0.8667302780509922,-0.9584392873946024,-1.0042937920664101
-0.05283101222379183,-0.059714665983179316,-0.0674963206845347,-0.07629303550896749,-0.0862369405815383,-0.097477043608038,-0.11018119855360498,-0.1245381859051542,-0.1407598918967412,-0.1590834814913511,-0.17977345371174847,-0.2031233825415868,-0.22945705804398586,-0.25912861521885655,-0.29252107858748766,-0.3300425439046434,-0.372119002557178,-0.41918258591203683,-0.4716538829541206,-0.5299170459016012,-0.59428696499009,-0.6649690900734334,-0.7420150976010453,-0.8252818136489426,-0.8669151716728898
-0.04238871080561313,-0.04791021731044287,-0.05415194932082146,-0.0612079257831466,-0.06918437511827247,-0.07820125820210411,-0.08839395963227137,-0.09991512347817533,-0.11293665015379706,-0.1276518043961089,-0.14427739610579082,-0.16305594315380312,-0.18425768166758227,-0.20818221218928956,-0.23515947518033264,-0.2655496118859513,-0.2997411015585344,-0.33814635408718485,-0.3811937175566493,-0.4293146341461551,-0.48292459967557433,-0.5423967011255304,-0.6080271968491285,-0.6799941325096148,-0.7159776003398566
-0.03194980809642367,-0.03611002411383624,-0.040812684853261394,-0.046128634509717825,-0.052137966692891724,-0.058931209692716924,-0.06661065982422609,-0.07529185475123601,-0.08510521515392722,-0.09619783804016291,-0.10873544454601536,-0.12290445660730065,-0.13891416353447594,-0.1569989021865309,-0.1774201330754288,-0.20046822679942178,-0.22646368715991128,-0.25575741341014313,-0.28872944949673574,-0.3257854631035645,-0.3673499891699544,-0.4138552322401151,-0.4657240833396997,-0.5233460620692909,-0.5521570514340851
-0.02151509090443926,-0.02431532115537982,-0.027480419818035062,-0.031058015232152125,-0.03510196717923242,-0.03967317770121326,-0.044840510526827915,-0.05068181821815676,-0.05728510345564264,-0.0647498133284713,-0.07318828394752286,-0.08272733963339274,-0.09351005247148769,-0.1056976552664679,-0.11947159177619904,-0.1350356673229164,-0.15261823461522883,-0.17247430730267244,-0.19488743467404868,-0.22017108437926425,-0.24866917115338172,-0.28075521374730517,-0.3168294176065817,-0.35731276717815286,-0.37755444196393706
-0.01108535057660065,-0.01252735080060352,-0.01415705936151368,-0.015998942371642233,-0.018080663137337583,-0.020433499859692783,-0.023092820973683037,-0.02609861887443443,-0.02949611753022552,-0.03333645625174242,-0.03767746290450069,-0.04258452512129196,-0.048131572201820516,-0.05440217808676817,-0.061490797617572146,-0.06950414693070728,-0.07856273689831883,-0.08880256508232709,-0.1003769651611558,-0.11345860248971051,-0.1282415884603677,-0.14494366179643725,-0.1638083489131359,-0.18510696474747235,-0.19575627266464335
-0.0006613828520463105,-0.000747362625583281,-0.0008445203326185036,-0.0009543092848895984,-0.0010783718428719613,-0.001218563933988448,-0.0013769829320775528,-0.0015559989428676202,-0.0017582904141277833,-0.0019868842241033136,-0.002245201067999081,-0.0025371067150864457,-0.0028669700004591014,-0.0032397283552865197,-0.0036609619002342386,-0.004136977222496396,-0.004674902097270839,-0.005282792601032926,-0.005969754233839386,-0.006746078913849596,-0.00762339990633687,-0.008614867076062183,-0.009735345133229933,-0.011001637888524707,-0.011634784266173481
0.009756012285402904,0.01102338698031613,0.012455269636538202,0.014072973707204839,0.01590056275097007,0.017965200205186105,0.020297544935926615,0.02293219213945763,0.025908171257138513,0.02926950112611959,0.03306581126710506,0.03735303375500265,0.04219417260062641,0.04766015489008901,0.05383076812583709,0.060795685576806036,0.06865557807026468,0.07752330540544694,0.0875251724883841,0.09880222303352282,0.11151152653405827,0.12582738807978833,0.14194237430264212,0.1600679981671821,0.16913081009945208
0.020166030755891518,0.02278363521565907,0.02574037306106447,0.029079981317303716,0.032851774111733456,0.037111328743372196,0.04192125299770644,0.047352028344319064,0.0534829455143937,0.060403123933355785,0.0682126194863436,0.0770236115194084,0.08696165643629905,0.09816698023622783,0.11079576736266195,0.12502137684948234,0.14103538178745767,0.15904827663821008,0.1792896274864786,0.202007338614138,0.2274655824912264,0.25594075576756414,0.2877146006847797,0.3230633586120385,0.3407377375756679
0.03056786453310978,0.034532113272009446,0.039008843543819616,0.04406377531329386,0.049770877278698666,0.05621333219552882,0.06348459680696472,0.07168953815133994,0.08094565428536371,0.09138434601889678,0.1031522148980335,0.11641233199389256,0.13134539718097082,0.1481506647800973,0.16704645542679475,0.18826999026463065,0.21207617533005318,0.2387348109183618,0.26852550953763155,0.3017293452251296,0.33861597910100627,0.3794246545638258,0.4243371713045105,0.47344080364067204,0.4979926198087528
0.04096070179500921,0.046267546742584376,0.052258726725259996,0.05902140656124377,0.06665347305893077,0.0752647037703641,0.08497801343869682,0.09593073598446189,0.10827592324456625,0.12218357991076734,0.13784174681993333,0.15545728677255066,0.1752561616441023,0.19748289822430765,0.22239881537650386,0.25027841309516463,0.2814031138322154,0.31605126884682033,0.35448303967493267,0.3969184164665823,0.44350641379977407,0.4942833990980666,0.5491189833516263,0.6076492200589853,0.6369143384126641
0.05134372707530088,0.05798865603418579,0.06548806124173356,0.07394991708674636,0.08349515226050153,0.09425892780458578,0.1063919379466427,0.1200616538438809,0.1354534419283432,0.1527714020881199,0.17223873439077275,0.19409734737806106,0.21860629565522705,0.2460384810852395,0.27667483980339524,0.3107949684454353,0.3486628468055891,0.390505972873198,0.43648596791343447,0.4866585917468233,0.5409215068998066,0.5989492423697464,0.6601173639559338,0.7234221694600487,0.7550745722121055
0.06171612141601668,0.06969415678234891,0.07869487969127398,0.08884634215204912,0.10029149995495201,0.11318948824529385,0.12771681988640593,0.1440683729895753,0.16245802375648988,0.18311866557101375,0.20630127597825454,0.23227255167203031,0.2613104314482084,0.2936966086084347,0.3297048382171569,0.3695835124352731,0.4135306836236724,0.46165949152401353,0.5139520717211271,0.570200703294725,0.6299367736637224,0.6923515005330158,0.7562178933705879,0.819830756415131,0.8516371879374026
0.07207706252075619,0.08138276026923297,0.09187720960609769,0.10370771234599063,0.117038099760719,0.13204987715846883,0.1489431398469382,0.16793705553096727,0.18926966560059155,0.2131966109797545,0.23998825408267643,0.26992447795441965,0.30328616294328925,0.3403420737143892,0.3813295454428378,0.42642705304201944,0.47571663245382645,0.5291343246426258,0.5864077912592552,0.6469824104963995,0.7099411032192388,0.7739292334740757,0.8371038228445662,0.8971338807028273,0.9271489096319571
0.08242572490891331,0.0930531738441931,0.10503307443083532,0.11853105568397082,0.133730538139476,0.15083360324140427,0.17006142593275764,0.19165397577800003,0.2158686065424409,0.2429769752037264,0.27325953370004874,0.30699660201896073,0.3444546781419089,0.38586636497629223,0.4314019792192231,0.4811307832554873,0.5349701033243295,0.5926216202442338,0.6534964674282523,0.7166349542139905,0.7806329490804759,0.8435950490534916,0.9031422102928982,0.9565042236206855,0.9831852302845792
0.09276128007056073,0.10470410134673092,0.11816049450546207,0.13331339971499045,0.150364408696943,0.16953420031669275,0.1910622701393,0.2152055512092077,0.24223538547205048,0.2724320968461563,0.30607615220712425,0.3434346327705451,0.3847413389588439,0.43016863911713443,0.479789005768029,0.5335244522647414,0.5910831540356792,0.6518847930583271,0.7149802685814762,0.7789777477564666,0.8419947735496841,0.9016640572887937,0.9552235477146134,0.9997139094272092,1.0219590902835072
0.10308289662214754,0.11633424353149069,0.13125748805226933,0.14805177363282906,0.16693531647984095,0.18814523578546682,0.21193634456410093,0.23857837291574868,0.2683508971850129,0.3015350176496817,0.3384004989627598,0.3791868224433531,0.42407620017519687,0.473156551628455,0.5263725841102503,0.5834640320602158,0.6438922477401743,0.7067601425141969,0.7707364243652537,0.8340030345772742,0.8942522126300353,0.9487640883848542,0.994589725611194,1.0288439729771206,1.0459710966600837
0.11338974046275763,0.1279422984952039,0.14432207216559245,0.16274321038844686,0.18343888226072524,0.20666031901763748,0.23267441739759365,0.26175923538289403,0.294196446652617,0.3302595791553703,0.3701964829806642,0.4142042479683139,0.4623944607480432,0.5147469336475904,0.5710506725842404,0.6308326705323899,0.6932785750697029,0.7571547602825731,0.8207487718706052,0.8818534563018273,0.9378248866587404,0.9857417477385805,1.022676124316136,1.0460530604550564,1.0577415285245166
0.12368097493116181,0.1395269621051437,0.15735226380361178,0.17738474880060195,0.19987074680224148,0.22507310965711458,0.2532673686379022,0.2847351654757496,0.31975380115482066,0.35858051390582346,0.4014296872146217,0.4484410606114375,0.4996368423984543,0.5548663079648047,0.6137377936243915,0.67554095353715,0.7391670650915241,0.8030421589514072,0.8650958353079787,0.9227955000370852,0.9732750760485027,1.013575208650043,1.0409824709970692,1.053415656646375,1.0596322494710282
0.1339557609633446,0.15108692842900062,0.17034608078111135,0.19197343566172143,0.21622657509251797,0.2433773258203431,0.2737062054759626,0.3074934505010951,0.345005239986268,0.3864735305686595,0.43206750820411477,0.4818547016219116,0.5357498921539458,0.5934512417481066,0.6543652647044886,0.7175265255630503,0.7815242636855776,0.8444561374380044,0.9039367123441985,0.9571915305315967,1.0012590788013946,1.0333003530376652,1.0509774170762272,1.0528238756868682,1.0537471049921885
0.14421325725061107,0.16262089016574888,0.18330154276230415,0.20650632783612843,0.23250206054351852,0.26156675216671976,0.2939820772985352,0.3300216652240645,0.36993360146785614,0.413915392429659,0.46207928005080473,0.5144060822730612,0.5706862072817148,0.6304485380697472,0.6928811138643937,0.7567531402337915,0.8203552931158,0.8814834270714957,0.9374959576363819,0.9854726018883833,1.0224844270206388,1.0459530435328268,1.0540351469157934,1.0459393231290013,1.0418914112356052
0.15445262039816277,0.17412753907742884,0.1962166722526859,0.2209804943475141,0.24869292914413976,0.2796352478201869,0.3140862902591718,0.35230769772573167,0.3945223270216375,0.4408839887835775,0.49143638192952477,0.5460597273312412,0.6044045827548278,0.665815272420199,0.7292497069957978,0.7932092271890179,0.855700122785058,0.9142556429738615,0.9660484785259903,1.008113626561972,1.0376746091848936,1.0525274812012846,1.05139877579669,1.0341801358960452,1.025570815945723
0.16467300508421212,0.18560556642139014,0.20908949558906265,0.2353930184529257,0.26479494356010935,0.2975767541216756,0.33401032136921305,0.3743397739959381,0.4187555020937206,0.4673583988332855,0.5201123285760236,0.5767838816303134,0.6368700829912657,0.699518683963711,0.7634511207956635,0.8269060707845638,0.887629380380582,0.9429410102272128,0.9899052326737136,1.0256118701691477,1.0475417205225843,1.053948863350452,1.0441641118265674,1.0187301922621366,1.0060132324799211
0.17487356421942435,0.19705366338282349,0.22191804392669157,0.24974099970017094,0.2808039071727636,0.31538530219297756,0.35374583206368715,0.3961064811647236,0.4426178937386199,0.49331894779361396,0.5480828434321766,0.6065505800456852,0.6680540410503172,0.7315359342260769,0.7954802998987515,0.8578756989298955,0.9162399180061134,0.9677362563826882,1.0094002803275306,1.0384692139343288,1.0527666116240004,1.051057736158719,1.033277644130071,1.0005605597981286,0.9842020176321573
0.18505344910665633,0.20847052150737844,0.23470035422256397,0.26402155596587096,0.29671566804905236,0.33305502029310763,0.3732846811996482,0.41759678928523225,0.4660949847082624,0.5187472549831303,0.5753259143634865,0.6353356817378627,0.6979339897266845,0.7618537481540705,0.8253460392120576,0.8861685780117242,0.9416503232327441,0.9888589734034371,1.0248795229572623,1.0471782189264902,1.0539856022316416,1.0446032697510197,1.0195436246596892,0.9804563099798861,0.9609126526399843
0.1952118096011729,0.21985483313342602,0.2474344702139586,0.2782318254712729,0.3125261228353243,0.3505801409493525,0.3926189374478556,0.43880007159124435,0.48917300391990576,0.543626273773834,0.6018218320881771,0.6631188700584753,0.7264935300255487,0.790467954030516,0.8530698330542485,0.9118512032631088,0.9639965341214841,1.0065406632962188,1.0366912725481903,1.0522117442410341,1.051782603423109,1.0352429084294668,1.0036363244955353,0.9590443460608538,0.9367483568435128
0.20534779427095473,0.23120529182387994,0.26011844339122736,0.29236896877301854,0.32823122056755416,0.36795500784592705,0.41174089104155376,0.4597061231627994,0.5118389532081865,0.5679403233537674,0.6275532116682511,0.6898836199722314,0.7537221433169025,0.8173829395894006,0.8786846316009413,0.9350036642579468,0.983427683670729,1.0210205998959443,1.0451786498080187,1.0540157022154908,1.0466854644581867,1.0235462618624127,0.9861146832519275,0.9368197419376131,0.9121722712804561
0.21546055055731428,0.24252059279715465,0.27275033396392256,0.30643017072621015,0.34382696639113364,0.385174082454226,0.4306430648499518,0.4803051779443679,0.5340806302979062,0.5916751123401078,0.652504997607295,0.7156171352394005,0.7796149540519881,0.8426110419015544,0.9022335426596167,0.955717253567593,1.0001022657079244,1.032540569164335,1.0506737055317756,1.053004455264874,1.0391654547480547,1.010001566930633,0.9674375083806634,0.9141693431843071,0.887535260586129
0.22554922493566443,0.25379943335714084,0.2853282118192607,0.3204126424169701,0.3593094251834045,0.4022319503897087,0.44931822474728045,0.5005879240708957,0.5558866479648996,0.6148177543583363,0.6766644532742158,0.7403102579206913,0.8041724502830124,0.8661718882657599,0.9237685132777187,0.9740921740337513,1.0141846831363772,1.0413404941376319,1.0534930932676192,1.0495583461624454,1.0296389472500185,0.9950234852411187,0.9479780924837891,0.8913921713053536,0.8630992107161358
0.2356129630763204,0.2650405133217709,0.29785015747209875,0.33431362306192147,0.374674725072513,0.4191233274815326,0.46775938925207455,0.5205455174681641,0.5772464493825415,0.6373567757765499,0.7000211355246977,0.7639573530083432,0.8274001693734268,0.8880917045308453,0.9433490214564966,0.9902353874592408,1.0258422120929367,1.047654908589602,1.0539350866132224,1.044022883794305,1.018470545558065,0.9789613706357873,0.9280376225338213,0.8687166335466293,0.8390561390530331
0.24565091000549877,0.27624253545003585,0.31031426300539566,0.3481303818721221,0.38991906084661077,0.4358430655422421,0.48595983841523693,0.5401695937049977,0.598150319680546,0.6592821158512299,0.7225668555215503,0.7865561711548175,0.8493083562393574,0.908402606087258,0.9610408036101519,1.0042586354756369,1.0352423927394994,1.0517102145252044,1.0522777235444865,1.0367091610208732,1.0059770672196435,0.9621074335924443,0.9078570948401615,0.8463147841356548,0.8155436287834017
0.25566221026618596,0.28740420586714777,0.32271863300032677,0.3618602198788845,0.40503869724733965,0.45238615782595,0.5039131219389176,0.5594522780855482,0.6185893937701872,0.6805851196014762,0.7442956268598477,0.8081076925659916,0.8699116012465674,0.9271418852994401,0.9769146386464395,1.0162766524014974,1.0425508393331575,1.0537226409698983,1.0487778660892435,1.0278951465195971,0.992431946523057,0.9447044492607761,0.8876276653786364,0.8243139902811725,0.7926571527324409
0.26564600807908734,0.2985242344875516,0.3350613854552098,0.3755004717190952,0.4200299721424994,0.46874774416479775,0.5216130665124608,0.5783861939807816,0.6385556605163906,0.7012585237823082,0.7652036021837713,0.8286159551548017,0.8892284645299314,0.9443513074975901,0.991045204876765,1.0264055803634633,1.0479294487287085,1.0538968130126842,1.0436709803533912,1.0178275590200834,0.9780697455533116,0.9269528137547822,0.8674994929798153,0.8028063837420836,0.7704598291232178
0.2756014475034263,0.3096013354355748,0.3473406526921907,0.38904850737783714,0.4348892995725259,0.4849231157746048,0.5390537823551963,0.5969644694083855,0.6580419633609558,0.7212964363735419,0.7852889995384582,0.8480878700189959,0.9072810930305653,0.9600764258943822,1.0035100215650405,1.0347615889643926,1.051534977127653,1.0524248385183506,1.0371714645744334,1.0067240944512783,0.9630905621882562,0.9090168618904604,0.8475892014007617,0.7818564627480439,0.7489900934216847
0.2855276725976852,0.3206342274634011,0.3595545822511176,0.4025017338860626,0.4496131726663244,0.5009077197219519,0.5562296689598428,0.6151807418803446,0.6770419975234532,0.7406943100391028,0.8045520197340339,0.8665330272211558,0.9240948359888312,0.974365924015605,1.0143884829212122,1.0414596953721365,1.0535179491133548,1.0494858233490938,1.0294733779529284,0.9947758311777031,0.9476642001672789,0.8910304307981562,0.8279861165427695,0.7615071721164081,0.7282676999032274
0.2954238275800297,0.3316216343662054,0.371701337769495,0.41585759697114477,0.46419816642194606,0.5166971630462827,0.5731354200338684,0.6330291615467956,0.6955503039259292,0.7594489100418794,0.8229947560109419,0.8839634947172575,0.939697864015776,0.9872709924952511,1.0237609888170462,1.0466127757988255,1.0540218601554525,1.0452457326225473,1.0207514480359179,0.98214968455112,0.9319340229149049,0.8731016979463341,0.8087574418278787,0.7417847448798309,0.7082983964058064
0.3052890569886557,0.3425622853940352,0.3837790998479196,0.42911358265839,0.47864094034835714,0.532287216531764,0.5897660276399347,0.6505043926735787,0.7135622600051391,0.7775582771221562,0.8406210972877581,0.900393613110928,0.9541207962165079,0.9988447454368721,1.0317081734888802,1.050330755809346,1.0531826331881107,1.0398575241092438,1.0111622578396298,0.968990819473018,0.9160204532301517,0.8553173471955524,0.7899525280049512,0.7227025439925135,0.6890775519862947
0.3151225058417667,0.3534549156603728,0.3957860669000668,0.44226721882166947,0.4929382409646785,0.547673818125087,0.6061167855399993,0.667601613499201,0.7310740675909435,0.7950216858627762,0.8574366262468754,0.9158397887114061,0.967396339178396,1.0091416800201516,1.038310231002494,1.0527199645663583,1.0511282909766546,1.0334614892904368,1.0008455348310028,0.9554249592575954,0.9000241088129207,0.8377461287103138,0.7716063799255539,0.7042641014448743,0.6705929622045338
0.3249233197972101,0.3642982665469974,0.40772045598659046,0.45531607668122254,0.5070869041538556,0.5628530759965541,0.622183291751098,0.6843165145244009,0.7480827380420219,0.8118395990723628,0.8734485134716488,0.9303202871525958,0.9795589409841932,1.01821718166092,1.0436463342719353,1.053882636798161,1.0479788082721353,1.0261857471013947,0.9899254819617891,0.9415605518350872,0.8840285819651794,0.8204418823901855,0.7537425261782326,0.6864655159550925,0.6528270108435221
0.33469064531184145,0.37509108610496167,0.419580503632086,0.46825777224712706,0.5210838573680417,0.5778212712430882,0.6379614503240413,0.7006452952944414,0.7645860748402885,0.8280136187192866,0.8886654087937651,0.943855029595645,0.9906444627807938,1.0261270758288144,1.0477941429115296,1.0539165457748148,1.0438461107860821,1.0181468444649657,0.9785121061198743,0.9274907713687435,0.8681028832001635,0.8034460931278433,0.7363753603233991,0.6692973396817999,0.6357583293610011
0.3444236298003417,0.38583212945141054,0.43136446662444816,0.4810899677067923,0.5349261216834502,0.5925748602330985,0.6534474723593794,0.7165846597402367,0.7805826538528127,0.8435464339443977,0.9030973309430146,0.9564653932948919,1.0006898698408242,1.0329272265952725,1.0508293941114288,1.0529147507170988,1.0388341914575567,1.0094504260593473,0.9667025117914573,0.9132953457641458,0.8523035749089469,0.7867900418546934,0.7195120461842307,0.6527460588456254,0.6193630651763229
0.3541214217935934,0.3965201591620421,0.4430706227959963,0.4938103727550672,0.5486108137027642,0.6071104765942178,0.6686378762778888,0.7321318101499593,0.796071801475623,0.8584417666701039,0.9167555565168906,0.9681740180631899,1.009732943505947,1.0386731811243146,1.052825570007884,1.0509654426800752,1.0330393180713195,1.00019194319394,0.9545821376901742,0.8990422093043413,0.836676624195087,0.7704966104601724,0.7031540648965683,0.6367952522005629,0.6036158458525606
0.36378317109663494,0.40715394565894736,0.45469727178559793,0.5064167458657051,0.5621351473037508,0.6214249328462457,0.6835294873655223,0.7472844398472275,0.8110535708766505,0.8727043153081093,0.9296525092054988,0.9790046199323311,1.0178120149038552,1.0434198586222263,1.0538536346140257,1.0481518739073272,1.0265503098296611,0.9904573781259903,0.9422259219310793,0.8847889855852344,0.8212590046328017,0.7545817922158631,0.6872984684640447,0.621426494306463,0.5884905072276722
0.37340802894587355,0.4177322675936068,0.46624273578126374,0.5189068955028838,0.5754964352329611,0.6355152216826365,0.6981194366152201,0.7620407246558658,0.825528716556044,0.8863396970483828,0.9418016501212739,0.9889818130721623,1.0249657208893301,1.0472212817185216,1.0539818332300035,1.044552356825506,1.0194488638504355,0.9803239656491427,0.9296993873423692,0.8705843097443058,0.8060800758614511,0.7390559528862771,0.6719388934231102,0.606620056876507,0.5739606386032055
0.3829951481658489,0.42825391222485326,0.4777053602425557,0.5312786812718268,0.5886920905439699,0.6493785169050525,0.7124051588903432,0.7763993132343063,0.8394986674411326,0.8993543891887098,0.9532173699939812,0.9981309408116964,1.031232782274688,1.0501303478455077,1.0532755473108688,1.0402403201457786,1.0118099156766331,0.9698608983801815,0.9170596430322913,0.8564690012275809,0.7911627681902209,0.7239248816054824,0.6570663787850872,0.5923554505214007,0.5599999863895574
0.3925436833252083,0.4387176757915112,0.4890835146022593,0.5435300150075456,0.601719627879875,0.6630121740164419,0.7263843904364533,0.790359316365051,0.8529654987301932,0.9117556699376874,0.9639148839021477,1.00647791639933,1.0366518040863062,1.0521986379013823,1.0517971979893699,1.0352844108843056,1.0037020206920408,0.9591300059461461,0.9043563016482176,0.842477099461994,0.7765245971633735,0.7091906650223107,0.6426700245158241,0.5786118404752877,0.5465827484550198
0.40205279089203794,0.44912236387958937,0.5003755929467848,0.5556588618008867,0.6145766646002693,0.6764137304792167,0.7400551657700205,0.8039202952862035,0.8659319026948372,0.9235515590953758,0.9739101291229346,1.0140490739497132,1.041261097309612,1.0534762593060805,1.0496061917870712,1.0297486324509937,0.9951877458239925,0.9481864013267092,0.891632314127058,0.8286367751290192,0.7621785306068795,0.6948524132410108,0.6287375202426733,0.5653683629371367,0.5336837842843688
0.41152162938841996,0.4594667917837622,0.5115800146748006,0.5676632409611956,0.6272609217532477,0.689580905645884,0.7534158139742564,0.8170822491530629,0.8784011586446663,0.9347507589852727,0.9832196665958338,1.0208710298527324,1.0450985213620736,1.0540117204734856,1.0467589024651283,1.0236925102435765,0.9863240630786332,0.9370790900353365,0.8789247253509384,0.8149711295256455,0.7481337282244198,0.6809068617201194,0.6152555684509786,0.5526043631403403,0.5212787604850219
0.4209493595442232,0.4697497848629287,0.5226952251336014,0.5795412269150548,0.6397702248933448,0.7025116003704451,0.7664649544335739,0.8298456017179475,0.8903771022504336,0.9453625959794931,0.9918605864117906,1.0269705547663792,1.0482013463583726,1.053851833712873,1.0433086834356793,1.0171712773943766,0.9771627383103904,0.9258515397225393,0.8662653551627791,0.8014988939394979,0.7343961714489727,0.667348869512447,0.602210221968829,0.5402995718829635,0.5093442468400312
0.4303351444499448,0.47997017888971594,0.533719696232808,0.5912909500406696,0.6521025047467446,0.7152038963096699,0.779201492039322,0.8422111873162371,0.9018640944135555,0.955396962926714,0.9998504176598956,1.032374456180106,1.0506061340998791,1.0530416436219419,1.0393059056516318,1.0102360744323298,0.9677507101977758,0.9145422092433866,0.8536814098039639,0.7882350401944793,0.7209691990520899,0.654171830986286,0.5895871518805641,0.5284342337777033,0.4978577747262722
0.4396781497087679,0.4901268203936743,0.5446519270349434,0.602910597437524,0.6642557977253744,0.7276560549240376,0.7916246119004045,0.8541802362455275,0.9128669898602892,0.9648642627597778,1.007207042889012,1.0371094714182627,1.0523486366269337,1.0516243781305081,1.0347980163973214,1.0029341576335984,0.958130455709345,0.9031850373280486,0.8411960291234453,0.7751913126404879,0.7078539620007741,0.6413680154061518,0.5773718590183552,0.5169891977272211,0.48679786708165396
0.44897754358765307,0.5002185669980064,0.5554904443225761,0.614398413631223,0.67622824629191,0.7398665161888681,0.8037337735930017,0.8657543596234857,0.9233911056287333,0.9737753535275367,1.0139486173723524,1.041202170853909,1.053463711112696,1.0496414194861776,1.0298296149000634,0.995309111737116,0.9483403394254353,0.8918098917970294,0.8288287749629996,0.7623766909348503,0.6950498092441797,0.6289288464119316,0.5655498397396159,0.5059459779472885,0.47614404705112534
0.458232497167399,0.5102442877496685,0.5662338031416303,0.6257527012133709,0.6880180991779297,0.7518338970267491,0.8155287049841072,0.8769355338079737,0.9334421896058861,0.9821414950637042,1.0200934932992685,1.0446788710205572,1.0539852498466407,1.0471322926310696,1.0244425411620073,0.9874010634981417,0.9384149449623745,0.8804429808306952,0.8165960660160346,0.749797792040826,0.6825546145080144,0.6168451314625317,0.554106714707532,0.49528679212922294,0.4658768308400684
0.4674421844917523,0.5202028634426425,0.5768805873206009,0.6369718214165543,0.6996237114579057,0.7635569894728841,0.8270093956638843,0.8877260844607077,0.943026389260887,0.9899742974747661,1.025660148960822,1.0475655572424822,1.0539461240497288,1.0441346685932558,1.0186759748650394,0.9792468932477061,0.9283853874537794,0.8691072281850593,0.8045115642398553,0.7374592189806572,0.6703650527636072,0.6051072496516097,0.5430283277702279,0.4849945819594262,0.45597770905402535
0.4766057827153822,0.5300931869342468,0.5874294099653954,0.6480541946246421,0.7110435444818916,0.7750347585854758,0.8381760900218832,0.8981286703329178,0.9521502207088556,0.9972856715993489,1.030667122943866,1.0498878153514184,1.0533781402776936,1.0406843807008659,1.0125665416236238,0.9708804422255416,0.9182796066043685,0.8578226144837199,0.792586517613944,0.7253638630457401,0.6584768338071519,0.5937053049124154,0.5323008207136201,0.4750530201240624,0.44642911982928357
0.4857224722507991,0.5399141634543011,0.5978789139295393,0.6589983008186153,0.7222761656700535,0.7862663401136893,0.8490292800020477,0.9081462668484641,0.9608205382281555,1.0040877815633267,1.0351329533025226,1.0516707720179659,1.0523120081997122,1.036815451614921,1.0061484242484566,0.9623327139663268,0.9081226402685654,0.8466064868429737,0.780830063708858,0.7135131653951403,0.6468848993155487,0.5826292504650659,0.5219106885877192,0.46544650706117907,0.43721441629790897
0.4947914369140924,0.5496647109070218,0.6082277722595799,0.6698026799583991,0.7333202481725656,0.7972510379359921,0.8595696975711858,0.9177821495563759,0.9690445043421619,1.0103929995284164,1.0390761216359352,1.0529390431979833,1.05077731858372,1.0325601293641868,0.9994534770362211,0.9536320684524557,0.8979368788399401,0.8354738391307015,0.769249498183669,0.7019073432702194,0.6355835888215685,0.5718689893868741,0.5118448194307034,0.4561601600351614,0.4283178303373911
0.5038118640694783,0.5593437601654802,0.6184746886155168,0.680465932301115,0.7441745703984176,0.8079883212820423,0.8697983069350587,0.9270398775213198,0.9768295605649554,1.0162138627072534,1.0425150019667115,1.0537166901766557,1.0488025303734252,1.0279489307480643,0.992511341417683,0.944804408109545,0.8877423009863563,0.8244375651416967,0.7578505119799156,0.6905455854180994,0.6245667792557731,0.561414455374494,0.5020905215021597,0.44717979656185014,0.41972443409169535
0.5127829447726286,0.5689502553585191,0.628618397666085,0.6909867186564319,0.7548380154171294,0.8184778217514288,0.8797162965356625,0.9359232767165965,0.984183398898994,1.0215630326949734,1.0454678142853544,1.054027182684285,1.0464149658031172,1.023010690649027,0.9853495615786452,0.935873355021875,0.8775566914452196,0.8135086869098203,0.7466374006374662,0.6794262207481576,0.6138280020197547,0.5512556770891276,0.4926355405560773,0.4384919137784951,0.411420100389704
0.5217038739127294,0.5784831541499599,0.638657665458843,0.7013637605796874,0.7653095702373769,0.8287193301427187,0.8893250708626177,0.9444364234803472,0.9911139341616755,1.0264532571463147,1.047952582601846,1.0538933685569147,1.0436408125622196,1.0177726159623712,0.9779936989176307,0.9268604189919211,0.8673958417168461,0.8026965602846023,0.7356132488296953,0.6685468637397953,0.6033605409703879,0.5413828289111341,0.48346806921099467,0.43008366500725675,0.4033914629053871
0.5305738503531832,0.587941428010022,0.648591289764977,0.7115958405035955,0.775588324966854,0.8387127931064497,0.8986262421105131,0.9525836280916001,0.9976292772069039,1.0308973338081173,1.0499870973260657,1.0533374494204915,1.0405051320902399,1.0122603430067825,0.9704674444225733,0.9177851562682953,0.8572737345730097,0.7920090597870643,0.7247800929065129,0.6579045396719718,0.5931575141945845,0.5317862704594188,0.47457675008896677,0.4219428344865772,0.3956258766853824
0.5393920770710464,0.597324062478824,0.658418100398779,0.7216818018094303,0.7856734718577507,0.8484583096355482,0.9076216217133337,0.9603694185186917,1.0037377090975323,1.0349080768998868,1.0515888817834669,1.0523809618883142,1.0370318731526305,1.0064979974236339,0.9627927282386012,0.9086653189266335,0.8472027133415543,0.7814527446347183,0.7141390639464944,0.647495792350293,0.5832119420269496,0.5224565768382746,0.4659506740803926,0.4140578110265414,0.38811137949961577
0.5481577612950025,0.606630057421835,0.6681369595118142,0.7316205488386934,0.7955643042424645,0.8579561274068254,0.9163132117857409,0.9677985243883948,1.0094476562746202,1.0384982858197465,1.0527751626610922,1.051044763776863,1.033243889917817,1.000508255705616,0.9549898258627676,0.8995169950141102,0.8371936369445484,0.7710330076952217,0.7036905135548034,0.6373167766607408,0.5735168033983461,0.5133845612470697,0.45757937483524025,0.4064175611711143,0.38083665433905206
0.5568701146419371,0.6158584272772202,0.6777467618617874,0.7414110468462978,0.8052602153642243,0.8672066389869837,0.9247031965000707,0.9748758612199808,1.014767666760208,1.0416807161395987,1.0535628441711213,1.0493490248640307,1.0291629638240107,0.9943124076162805,0.9470774605416874,0.8903547396657944,0.8272560216630381,0.7607542089962033,0.6934341244019516,0.6273633379754242,0.5640650822928646,0.5045612913151643,0.44945282037182066,0.3990116023125781,0.3737909932829568
0.5655283532520857,0.6250082012949881,0.6872464350562185,0.7510523218964962,0.8147606971074334,0.8762103779165364,0.9327939334264859,0.9816065149643199,1.0197063874215775,1.0444680528415455,1.0539684857143474,1.0473132217352779,1.0248098285907754,0.9879304188715163,0.9390729015670599,0.8811916974746207,0.8173981705815483,0.7506197952889655,0.6833690072790021,0.6176310801702355,0.5548498058260486,0.49597810029689826,0.4415614025233397,0.3918299760945487,0.3669642628801532
0.5741316979226307,0.6340784237678004,0.6966349397709362,0.7605434607026825,0.8240653386326291,0.884968014684756,0.9405879448625032,0.9879957268840847,1.0242725423167274,1.0468728857375118,1.0540082828239552,1.044956136286728,1.0202041977938028,0.9813809935523554,0.9309920582643014,0.8720397164504501,0.8076272916340842,0.7406324070382261,0.6734937862467656,0.6081154237828214,0.5458640752319999,0.487626594071492,0.4338959248031016,0.38486322235373044,0.36034687112904484
0.5826793742398264,0.6430681542534483,0.7059112699436279,0.7698836104124501,0.8331738249210324,0.893480352608704,0.9480879091767459,0.9940488788071383,1.0284749121333516,1.0489076870055558,1.0536980511702463,1.0422958574789691,1.015364794481642,0.9746816358062861,0.9228495695531649,0.8629094539410486,0.7979496051340438,0.7307939740903207,0.6638066732784109,0.5988116556374101,0.53710109085508,0.47949865473435604,0.42644758915532516,0.37810235378239465,0.35392973609592937
0.5911706127095225,0.6519764677888784,0.7150744529424796,0.7790719783392491,0.842085935233694,0.9017483236289744,0.9552966521904224,0.9997714787813666,1.0323223147265816,1.0505847907692094,1.0530532134093562,1.0393497859608938,1.0103093823698432,0.9678487104721838,0.9146588890284469,0.8538104749118786,0.7883704416258668,0.7211058011594891,0.6543055336352882,0.5897149710876348,0.5285541720786969,0.47158644143403744,0.4192079819656566,0.37153883144018796,0.3477042561774536
0.5996046488861123,0.6608024550956992,0.7241235497101747,0.7881078316420292,0.8508015414903216,0.9097729840346416,0.9622171386185214,1.0051691471554811,1.0358235867544092,1.0519163746406248,1.0520887886630497,1.036134641208748,1.0050547982009268,0.9608975023326582,0.9064323655654485,0.8447513429949138,0.7788943308484099,0.7115686441664006,0.644987943073333,0.5808205098758692,0.520216772984617,0.4638823889985627,0.41216905962968564,0.3651645412016402,0.3416622819876168
0.6079807234998513,0.6695452227771833,0.7330576548834358,0.7969904969544458,0.8593206065728193,0.9175555101294419,0.9688524635914207,1.0102476031067384,1.0389875664040065,1.0529144431438167,1.0508193844222053,1.0326664708513253,0.9996169849077141,0.953842273757835,0.898181319500549,0.8357397047214807,0.7695250825507781,0.7021827783652151,0.6358512378503253,0.5721233864750659,0.5120824944178877,0.45637920480279537,0.4053231339159885,0.35897177119315615,0.33579608983174
0.6162980825825128,0.6782038935066167,0.7418758968883318,0.8057193599650472,0.8676431825586917,0.9250971938509808,0.9752058442760155,1.015012651633094,1.0418230771969448,1.0535908129310263,1.0492591906732898,1.028960661877654,0.9940110252628174,0.9466963205570978,0.8899161144736086,0.8267823673521354,0.7602658598517865,0.6929480591052791,0.6268925583914363,0.5636187156640847,0.5041450930317561,0.44906986425142237,0.39866285730978807,0.3529531902478178,0.33009835671683263
0.6245559775913775,0.6867776062070687,0.7505774380116181,0.8142938649501413,0.8757694088893139,0.9323994383543005,0.9812806116141943,1.0194701710240777,1.0443389128567182,1.0539570997030512,1.0474219760547088,1.0250319534482153,0.988251175738561,0.9394720259007212,0.8816462250472411,0.817885370709508,0.7511192457852832,0.6838639759906874,0.6181088873702327,0.5553016339876226,0.49639848780105716,0.44194760518774384,0.3921812084824561,0.34710182738672407,0.32456213683885804
0.6327536655314853,0.695265516222461,0.7591614744484276,0.8227135142608935,0.8836995104781697,0.9394637535707697,0.987080202194901,1.0236261008215877,1.0465438232179645,1.0540247067430206,1.045321085858277,1.0208944510546774,0.9823509003393982,0.9321809122124682,0.8733803002395957,0.8090540534088683,0.7420873036261232,0.6749297011252888,0.6094970828735135,0.5471673176653175,0.4888367644195618,0.435005921484842,0.38587147799865884,0.34141105232084745,0.31918083948194176
0.640890409076153,0.7036667954799708,0.7676272363265929,0.8309778677663429,0.8914337957640378,0.9462917517528202,0.992608150274743,1.027486430278885,1.048446501153173,1.0538048149727055,1.0429694416998778,1.0165616417959729,0.9763229042031653,0.924833690967646,0.8651262231231738,0.800293113867263,0.7331716315458938,0.666144132061728,0.6010539072396709,0.539210997439439,0.4814541779344462,0.4282385560306176,0.37972725434598925,0.33587455695612695,0.3139482082611958
0.6489654766857241,0.711980632643748,0.7759739877079382,0.8390865422540597,0.8989726547141086,0.9528851430146174,0.9978680799606586,1.031057187323424,1.0500555704896868,1.0533083744406528,1.0403795426925926,1.012046410560357,0.97017916679841,0.9174403103594659,0.8568911666532706,0.7916066664559812,0.7243734121039902,0.657505930010524,0.592776052090805,0.5314279707854682,0.4742451539180126,0.4216394932808287,0.37374241035002254,0.33048633787636783,0.30885830163953976
0.6569781427245319,0.7202062332598915,0.784201026566933,0.8470392107901278,0.9063165567819039,0.959245730878347,1.002863697566781,1.0343444280265353,1.0513795748872068,1.0525460971523835,1.0375634679650083,1.0073610569236773,0.9639309745727999,0.9100100008204569,0.8486816458968187,0.7829982931437603,0.7156934570386227,0.6490135538084543,0.5846601600172585,0.5238136118533978,0.4672042884315733,0.4152029515227973,0.3679110900200247,0.32524067977262594,0.30390547464892653
0.6649276875760043,0.7283428198927439,0.7923076847470414,0.8548356020402061,0.9134660488248472,0.9653754078351812,1.0075987841563807,1.037354226580741,1.0524269676438713,1.0515284511543397,1.0345328803768934,1.002517312593431,0.9575889529324092,0.9025513184055809,0.8405035668362645,0.7744710909599255,0.7071322477837323,0.6406652900942278,0.5767028433190817,0.5163633794585717,0.4603263469978455,0.4089233749663912,0.362227695856418,0.3201321397836576,0.2990843617472781
0.6728133977559877,0.7363896322524945,0.8002933278952101,0.8624754995535056,0.9204217529861891,0.9712761509297514,1.0120771882784227,1.0400926657832745,1.0532061023972301,1.0502656557851855,1.0312990312938999,0.9975263592463072,0.9511630974537422,0.8950721860601515,0.8323622719243008,0.7660277155880906,0.6986899721017222,0.6324592800931755,0.5689007001609632,0.5090728233984321,0.4536062627653381,0.40279542575695215,0.3566868766396253,0.3151555327094338,0.29438986074433876
0.6806345660241214,0.7443459273140731,0.8081573553748708,0.8699587410113382,0.9271843645459688,0.9769500173762282,1.0163028189070604,1.0425658280224224,1.053725224685153,1.0487676780103816,1.0278727662923304,0.9923988466237564,0.9446628042498899,0.8875799328090815,0.8242625825644365,0.7576704213824524,0.690366557188491,0.6243935433710157,0.5612503284549181,0.5019375893346791,0.44703913402022594,0.39681397598669427,0.3512835157109276,0.31030591705820537,0.28981711773184426
0.6883904914933805,0.7522109794273923,0.8158992001579642,0.8772852174421752,0.9337546497455024,0.9823991402138118,1.0202796385912316,1.0447797867615425,1.0539924643305776,1.0470442297586233,1.024264531674141,0.987144910765728,0.9380968994294093,0.8800813309147223,0.8162088386896242,0.7494010980804141,0.6821616995760588,0.616465998879194,0.5537483377477836,0.4949534224483763,0.4406202211772056,0.39097409976592973,0.34601271974869646,0.305578581886963,0.2853615129560963
0.6960804797377192,0.7599840804189517,0.8235183286963473,0.8844548724048981,0.9401334435898551,0.9876257240088421,1.0240116568203166,1.0467405985139726,1.0540158286134458,1.045104766181604,1.0204843816812759,0.9817741922771399,0.9314736676016073,0.872582631059101,0.8082049356073234,0.7412213044672884,0.674074892129542,0.6086744835806519,0.5463913593576647,0.48811617004782465,0.43434494336057894,0.38527106540279243,0.3408698080378206,0.30096903439515155,0.28101864757381634
0.7037038428976933,0.7676645396848549,0.8310142407731397,0.8914677011421026,0.9463216476325836,0.9926320406103153,1.0275029236107915,1.0484542953006277,1.0538031961926653,1.0429584847616875,1.0165419863070426,0.9762958545348437,0.9248008793950865,0.8650895956128449,0.8002543582743222,0.7331322992315981,0.6661054484087013,0.6010167689145869,0.5391760549745196,0.4814217832849743,0.42820887466925583,0.379700327729654,0.3358503022257153,0.29647298823204243,0.2767843312352067
0.7112598997842501,0.7752516842752355,0.8383864693344608,0.8983237497052543,0.9523202277469347,0.9974204249650744,1.0307575233177582,1.049926877580776,1.0533623117408364,1.0406143251953366,1.0124466396104885,0.9707186017549715,0.9180858179677824,0.8576075300579626,0.7923602131588644,0.7251350692328594,0.6582525246400447,0.5934905753315893,0.5320991239145207,0.4748663181151719,0.4222077402046956,0.37425752060577244,0.33094991655495676,0.2920863524790443,0.27265457044108804
0.718747975980434,0.7827448589701871,0.8456345803020321,0.9050231140534659,0.9581302118875236,1.0019932709984927,1.033779568674216,1.0511643076454116,1.0527007812545557,1.0380809699834914,1.0082072684476604,0.9650506968515832,0.9113353044966157,0.8501413126350496,0.7845252578414341,0.7172303553878816,0.6505151395232396,0.5860935851062538,0.5251573091953183,0.46844593561707615,0.416337411928043,0.36893844961839034,0.3261645485601039,0.28780522126942987,0.2686255576240921
0.7261674039412025,0.7901434263472409,0.852758172367224,0.9115659391277078,0.9637526878464302,1.0063530275659898,1.0365731950601205,1.0521725034615774,1.0518260680033946,1.0353668456635372,1.003832441541116,0.9592999790275463,0.9045557226432691,0.8426954222877164,0.7767519284987833,0.7094186763665966,0.6428921920751437,0.578823453612471,0.5183474025794548,0.46215690177364016,0.4105939044019846,0.36373908499864743,0.32149027021438764,0.2836258640092723,0.26469366090671465
0.7335175230911719,0.7974467668404247,0.8597568767669928,0.9179524179022042,0.969188801007427,1.010502194480266,1.0391425550022897,1.0529573329552608,1.0507454890811112,1.0324801246209487,0.9993303788161978,0.9534738810476596,0.8977530419997989,0.8352739649782371,0.7690423654089908,0.701700350274314,0.6353824776961898,0.5716778192271698,0.5116662487157149,0.45599558680154834,0.4049733704636613,0.35865555476367744,0.31692331951070074,0.2795447161649145,0.2608554144920214
0.7407976799203699,0.8046542787910101,0.8666303570423306,0.9241827904147861,0.9744397521019958,1.0144433186186845,1.041491812905488,1.0535246087196972,1.049466212523299,1.029428727422147,0.9947089609392598,0.9475794461522129,0.8909328405238202,0.8278806984487238,0.7613984366083688,0.6940755144838378,0.627984702626843,0.5646543120106616,0.5051107484927604,0.44995846410453844,0.3994720968671289,0.3536841380923139,0.3124600924604398,0.27555837058381716,0.2571075096455065
0.7480072280779501,0.811765378489955,0.8733783087796654,0.9302573427779404,0.9795067949705867,1.0181789901148042,1.0436251400142675,1.0538800831353587,1.0479952549564135,1.0262203256135534,0.9899757389993556,0.9416233445765098,0.8841003259780676,0.8205190555018577,0.7538217598240492,0.6865441437684846,0.6206974969463541,0.5577505612962066,0.49867786170574924,0.4440421089157681,0.3940864999271973,0.3488212589384629,0.3080971354932585,0.2716635693172695,0.25344678622927425
0.7551455284638908,0.8187795002122272,0.8800004593358779,0.9361764061722468,0.9843912343324115,1.0217118386376234,1.0455467096044169,1.05402944388747,1.046339479744014,1.0228623449351686,0.9851379442807849,0.9356118896484612,0.8772603563932884,0.8131921658742172,0.7463137227992147,0.6791060668752978,0.6135194262518836,0.5509642023073164,0.49236460912470204,0.4382431966854117,0.38881312119080913,0.34406347988360647,0.30383113824057617,0.267857195915,0.24987022475221193
0.7622119493185558,0.825696096242956,0.8864965675474276,0.941940355823935,0.9890944235669593,1.0250445297617032,1.047260692402241,1.053978309866478,1.0445055955970113,1.0193619689003377,0.9802024980793909,0.9295510534422418,0.8704174595768354,0.8059028767739278,0.738875502121207,0.6717609816668607,0.6064490021433173,0.5442928819088276,0.48616807404281215,0.43255850126190376,0.3836486231573191,0.33940749622766997,0.2996589266856725,0.26413626816340213,0.24637493890226694
0.7692058663102754,0.8325146368956177,0.8928664234241462,0.9475496099681915,0.9936177625102196,1.0281797614309196,1.0487712522293273,1.0537322274366858,1.0425001556157905,1.0157261426965527,0.9751760215206284,0.9234464819711683,0.8635758516920337,0.7986537721525581,0.7315080806561902,0.6645084689499863,0.5994846916272951,0.5377342635865562,0.48008540337344113,0.42698489290850516,0.3785897850648798,0.3348501303158169,0.2955774566634081,0.2604979312405373,0.24295816852910185
0.7761266626208213,0.8392346105222742,0.899109847828329,0.9530046287998633,0.9979626952684735,1.0311202605182188,1.0500825418699007,1.053296667058073,1.0403295567331623,1.0119615773652877,0.9700648453421454,0.9173035099076075,0.8567394549355053,0.7914471907792073,0.7242122636876749,0.6573480051001196,0.5926249255434668,0.5312860317402703,0.4741138083565001,0.4215193361909453,0.37363349875676327,0.3303883260973764,0.29158380769284814,0.256939451262736,0.2396172730476806
0.7829737290287311,0.8458555235160009,0.9052266921396559,0.9583059134131641,1.0021307080523185,1.033868779483394,1.0511986991573785,1.052677020246229,1.038000039528292,1.0080747542218444,0.9648750196080124,0.9111271748217554,0.8499119143412659,0.7842852431824677,0.7169886938501923,0.6502789735815896,0.5858681061062937,0.5249458953658491,0.4682505649275054,0.41615888776687926,0.36877676463841214,0.3260191439119445,0.28767517712655205,0.25345820919894374,0.23634972523514028
0.7897464639906288,0.8523769003055737,0.9112168379065144,0.9634540047319436,1.0061233270335153,1.0364280931305245,1.0521238432763296,1.051878596855338,1.0355176883829302,1.004071929479092,0.9596123233257647,0.9049222309346773,0.8430966137415334,0.7771698275235356,0.7098378649434988,0.6433006754557525,0.5792126136469934,0.5187115911943478,0.46249301379623353,0.41090069410338187,0.3640166877335829,0.3217397554970733,0.2838488746007159,0.25005169513046405,0.23315310539533812
0.7964442737203759,0.8587982833425822,0.9170801964843517,0.9684494824320551,1.0099421162269786,1.038800995466386,1.0528620712756314,1.0509066226691754,1.032888431952521,0.9999591390417414,0.9542822739411292,0.898693162384131,0.8362966909149894,0.7701026444612645,0.7027601347072137,0.6364123389615888,0.5726568126322675,0.5125808863485972,0.45683856027628894,0.4057419891449393,0.35935047384586527,0.31754743921111883,0.28010231677091657,0.24671750283505461,0.23002509586712502
0.8030665722661409,0.865119233081002,0.9228167086616043,0.9732929638573202,1.0135886754001746,1.0409902966608597,1.0534174547882673,1.0497662372852434,1.0301180439259763,0.9957422034404433,0.9488901366887061,0.8924441960043329,0.8295150519536519,0.763085211067363,0.6957557366304441,0.6296131282464659,0.5661990570292812,0.5065515805715286,0.45128467390183613,0.4006800919509959,0.3547754258300298,0.31343957546455803,0.27643302231877137,0.24345332467564373,0.22696347585407922
0.8096127815853366,0.87133932794939,0.9284263442738028,0.9779851029305328,1.0170646380120114,1.042998820109991,1.053794036952941,1.0484624922772765,1.0272121440491788,0.9914267328774978,0.9434409337799798,0.8861793136231984,0.8227543848797102,0.7561188738473653,0.6888247908660362,0.6229021513183608,0.5598376950798046,0.5006215080746487,0.445828887863417,0.3957124043192789,0.3502889399762399,0.309413642352753,0.27283860721539904,0.24025694677509146,0.22396611655493837
0.816082331617457,0.8774581643158321,0.9339091018064085,0.9825265890609266,1.0203716691831115,1.0448293996021318,1.0539958295323777,1.04700034962165,1.0241761993884935,0.9870181323583488,0.937939453412857,0.8799022638825115,0.8160171725435656,0.7492048209203621,0.6819673143142704,0.6162784672850357,0.5535710735405437,0.4947885390499902,0.44046879829082314,0.3908364084085472,0.34588850250893144,0.3054672114828197,0.2693167802282445,0.23712624445962893,0.22103097657532045
0.8224746603547564,0.8834753564457412,0.9392650079870307,0.9869181460494814,1.0235114636992961,1.0464848765872898,1.054026810223004,1.0453846803734086,1.0210155258118117,0.982521606885282,0.9323902585894964,0.8736165735882009,0.8093057048340562,0.7423440934079449,0.6751832299364963,0.609741092940206,0.5473975414412753,0.48905058088421355,0.43520206340759426,0.38604966437229965,0.3415716862010573,0.30159794398739864,0.26586533865831374,0.23405917795466663,0.21815609760284377
0.8287892139108438,0.8893905364526306,0.9444941173675288,0.9911605309933714,1.0264857440498751,1.0479680975495669,1.0538909201504687,1.0436202635779945,1.0177352896658654,0.9779421666918673,0.9267976957315285,0.8673255585992762,0.8026220902314446,0.7355375960802268,0.6684723753548713,0.603289008751838,0.5413154534075953,0.4834055791094922,0.43002640257867597,0.381349808013072,0.3373361471036604,0.2978035867178985,0.2624821642956271,0.23105378831769496,0.2153396003287282
0.8350254465871149,0.8952033542420065,0.9495965118966262,0.9952545331908806,1.0292962585022671,1.0492819114823204,1.0535920615453611,1.0417117854050522,1.0143405096297402,0.9732846324986801,0.9211659030838554,0.861032334265175,0.7959682667331013,0.7287861073043654,0.661834510790589,0.5969211643030922,0.5353231725906494,0.477851518122082,0.42493959527010045,0.37673454846527815,0.3331796213899299,0.29408196860995633,0.25916521958114225,0.22810819359395523,0.21257968060036242
0.8411828209370947,0.9009134774485339,0.9545723004835929,0.9992009730479812,1.0319447792143035,1.0504291674654818,1.0531340955933197,1.0396638384910548,1.010836058725677,0.9685536407726982,0.9154988189001118,0.8547398254221866,0.7893460121811965,0.7220902883385428,0.6552693263891698,0.5906364832322736,0.529419073242221,0.4723864216962026,0.41993947993718694,0.3722016659132091,0.32909992231239665,0.2904309972139099,0.2559125439640833,0.22522058518147647,0.20987460579017236
0.8472608078285898,0.9065205913665622,0.9594216185535749,1.003000700987794,1.034433100385431,1.0514127123442296,1.0525208404536628,1.0374809214778833,1.0072266664694018,0.9637536489745333,0.9098001894045782,0.8484507759604347,0.7827569540209092,0.7154506920120818,0.648776448978032,0.5844338677142763,0.5236015429699641,0.4670083533178965,0.41502395285566984,0.36774900934955085,0.32509493727144456,0.28684865538320947,0.25272225044414703,0.22238922439289932,0.20722271136727477
0.8532588865037827,0.9120243988741783,0.9641446275951253,1.006654596364078,1.036763036447918,1.0522353885080489,1.0517560694405983,1.0351674387348815,1.0035169211433068,0.9588889407792737,0.9040735765268247,0.8421677579734453,0.7762025785168276,0.7088677708300246,0.6423554482982874,0.5783122025224775,0.5178689847042638,0.461715416360943,0.41019096690830814,0.36337449437872926,0.32116262499289894,0.28333299811389295,0.24959252228857892,0.21961243920235324,0.2046223976592397
0.8591765446371565,0.9174246203509775,0.9687415147004947,1.010163566379836,1.0389364202990352,1.0529000317690298,1.0508435093610309,1.0327277002523376,0.99971127217689,0.9539636312582469,0.898322365406759,0.8358931805028051,0.7696842394543324,0.7023418845384232,0.636005842749724,0.5722703587067883,0.5122198184052434,0.456505754124438,0.40543853033800925,0.3590761010684562,0.3173010128122669,0.27988214952838625,0.24652160991468497,0.21688862116632096,0.20207212679213826
0.8650132783913272,0.922720993589586,0.9732124920992645,1.0135285450121003,1.0409551015750564,1.0534094693380698,1.0497868390029808,1.0301659216947472,0.9958140326198779,0.9489816720104172,0.8925497716689047,0.829629297890732,0.763203166351821,0.6958733071844122,0.6297271046851121,0.5663071969205881,0.5066524825357778,0.4513775497496944,0.40076470547681653,0.35485187185220063,0.3135081940628462,0.27649429999714453,0.24350782792881553,0.21421622250822198,0.1995704197979259
0.8707685924707248,0.9279132737011822,0.9775577966858142,1.0167504919438983,1.0428209449678019,1.0537665178975422,1.0485896877686218,1.0274862246026732,0.9918293816944486,0.9439468562334473,0.8867588484658347,0.8233782177535947,0.7567604722086806,0.6894622337032543,0.6235186652873648,0.5604215704265371,0.5011654353238817,0.44632902603204266,0.3961676074592288,0.3506999094844379,0.3097823255648918,0.2731677033918356,0.240549552313353,0.21159375335701863,0.19711585387885214
0.8764420001732082,0.9330012330151307,0.9817776895412196,1.019830391504374,1.0445358285843518,1.0539739817688254,1.0472556344459827,1.0246926367324292,0.987761367413923,0.9388628237256617,0.8809524932915934,0.8171419085894749,0.7503571608129436,0.6831087860625106,0.6173799190606538,0.554612327808756,0.49575715583568825,0.4413584451415861,0.3916454029267838,0.34661837505013254,0.3061216252128074,0.2699006744639937,0.23764521775369446,0.20901977913078684,0.19470705981933442
0.882033023439524,0.9379846609728737,0.9858724554500653,1.022769251617947,1.0461016423504401,1.0540346511729741,1.0457882061134107,1.0217890925232789,0.9836139092562026,0.9337330658112687,0.8751334545667712,0.8109222070329831,0.7439941336316286,0.6768130189918009,0.6113102279642991,0.5488783154165469,0.4904261448781789,0.4364641082653123,0.3871963087302088,0.34260548602936675,0.3025243696572741,0.2666915863433178,0.2347933150976908,0.2064929180567901,0.19234271953633975
0.8875411929006899,0.9428633640162345,0.9898424024127286,1.0255681027634065,1.0475202864579134,1.0539513005827252,1.0441908771709292,1.0187794336822633,0.9793908008810872,0.9285609301822358,0.8693043379975905,0.8047208247703969,0.7376721963057338,0.6705749253248308,0.6053089252161574,0.5432183795627571,0.4851709257490913,0.431644355181697,0.38281859063433454,0.33865951441755665,0.29898889207924245,0.2635388681499956,0.2319923889403469,0.20401183882010898,0.19002156375998933
0.8929660479233187,0.9476371654703081,0.9936878611536144,1.0282279969437522,1.0487936698565952,1.0537266871638986,1.0424670684927289,1.0156674098772231,0.9750957128814467,0.92334962565114,0.8634676127119902,0.7985393551281139,0.731392064770961,0.6643944409787633,0.5993753187902712,0.5376313684979108,0.4799900448496784,0.42689756377766314,0.37851056203034444,0.3347787849014461,0.29551358005260875,0.2604410027156917,0.22924103532709073,0.2015752583333516,0.18774236983648135
0.8983071366527803,0.9523059054210525,0.997409184625881,1.0307500066675344,1.04992370879072,1.0533635493042215,1.0406201466951073,1.0124566795290093,0.9707321955589997,0.9181022268102191,0.8576256171762098,0.7923792793472983,0.7251543710242718,0.6582714495944427,0.59350869463171,0.5321161341795111,0.4748820721746094,0.42222214951670584,0.37427058265919744,0.3309616730906739,0.2920968734924395,0.25739652440802674,0.226537899569193,0.1991819396205033,0.18550395964615704
0.9035640160543673,0.9568694405878014,1.0010067475131126,1.0331352239424558,1.0509123253801047,1.0528646052274757,1.0386534235142626,1.009150810694305,0.9663036817161889,0.9128216785925989,0.8517805648958321,0.7862419725572667,0.718959668555446,0.6522057868595533,0.5877083196098691,0.5266715338542268,0.46984560169188866,0.41761656486598436,0.3700970573494805,0.3272066038045515,0.28873726268568434,0.25440401705364435,0.22388167416536042,0.19683068980834717,0.18330519762983916
0.9087362519523329,0.9613276441907869,1.0044809457284525,1.0353847592818932,1.0517614462460505,1.0522325516908528,1.0365701552884805,1.005753282030913,0.9618134894563642,0.9075108007324406,0.8459345499056005,0.7801287094600616,0.7128084374619259,0.646197244535391,0.581973444229912,0.5212964314692821,0.4648792516244754,0.41307929868932003,0.3659884347724393,0.3235120494133978,0.28543328640123766,0.25146211195513635,0.22127109682379964,0.1945203582193425,0.1811449889171153
0.9138234190669183,0.9656804058138769,1.0078321959116425,1.037499740724989,1.0524730011819514,1.0514700627633125,1.0343735425393545,1.0022674838377625,0.9572648249851335,0.9021722921213783,0.8400895520526575,0.7740406697382531,0.7067010892643499,0.6402455742066347,0.5763033051205693,0.5159896989279066,0.4599816646441421,0.4086088756122902,0.3619432062164932,0.3198765282336716,0.282183530076395,0.2485694859973478,0.2187049485794082,0.19224983456018335,0.17902227755057024
0.9188251010493239,0.9699276312626688,1.0110609349244626,1.0394813128709082,1.0530489218684793,1.05057978868273,1.0320667296468156,0.9986967191623105,0.9526607854063742,0.8968087350592414,0.8342474420780899,0.7679789431977995,0.7006379714393128,0.634350490772273,0.5706971273151992,0.5107502172025143,0.45515150798717124,0.4042038553648347,0.35795990438307473,0.3162986029759604,0.2789866240766978,0.24572485983879455,0.21618205200103074,0.19001804720065463,0.17693604480046587
0.9237408905146363,0.9740692424181115,1.0141676193449738,1.041330635927807,1.053491140633154,1.0495643547895612,1.029652804612879,0.9950442049683965,0.9480043615070002,0.8914225993975805,0.8284099865018723,0.7619445346574306,0.6946193716850804,0.6285116756947123,0.5651541263417228,0.5055768773181354,0.4503874735005034,0.3998628321062389,0.35403710220537343,0.3127768792447874,0.27584124202632704,0.2429269961840258,0.2137012694840401,0.18782396153771697,0.1748853075645554
0.9285703890727387,0.9781051770857953,1.0171527249610581,1.043048884777032,1.0538015892540151,1.048426360534729,1.027134798909153,0.9913130733579991,0.9432984405251192,0.8860162465750249,0.8225788523164509,0.7559383685956995,0.6886455219351821,0.6227287800229769,0.5596735101359211,0.5004685812175537,0.4456882776261509,0.3955844337367481,0.35017341169119726,0.3093100040891153,0.2727460992061892,0.24017469813317205,0.21126150162368434,0.18566657844008988,0.17286911684829334
0.9333132073572517,0.9820353888410918,1.0200167462636343,1.0446372480530202,1.0539821978070913,1.0471683785594366,1.0245156874033094,0.9875063728407157,0.9385458088967414,0.8805919335439188,0.816755611494337,0.7499612935664861,0.6827166021340466,0.6170014272048864,0.5542544807914919,0.4954242425185988,0.441052661330997,0.3913673211995858,0.34636748279090745,0.30589666460232867,0.2696999510169995,0.23746680760483446,0.20886168566501828,0.18354493276880463,0.17088655632069918
0.9379689650524256,0.9858598468702919,1.0227601959399855,1.0460969272393255,1.054034893557277,1.0457929538445814,1.0217983883598365,0.983627069645142,0.9337491549766926,0.8751518165881083,0.8109417453151274,0.7440140863934109,0.6768327437881013,0.6113292157022027,0.548896236159252,0.4904427871733272,0.4364793899882924,0.38721018777666955,0.3426180022911632,0.30253558657045015,0.2667015915047241,0.23480220382887523,0.20650079402536464,0.1814580919696357,0.16893674094177052
0.9425372909180989,0.989578535807898,1.0253836043676134,1.0474291357811563,1.0539615998921468,1.044302602927448,1.0189857635105843,0.9796780490666929,0.9289110717298374,0.8696979550320716,0.8051386485174585,0.7380974561532374,0.6709940333050675,0.6057117214217339,0.543597971307004,0.48552315403775287,0.43196725321671264,0.383111758380994,0.3389236927349826,0.299225533167298,0.26374985194576317,0.232179801905745,0.20417783288554092,0.1794051547333822,0.16701881565730353
0.9470178228126804,0.9931914555702511,1.027887519108974,1.0486350982147972,1.0537642352982566,1.0426998131833645,1.0160806181907163,0.9756621168467144,0.9240340593891456,0.8642323148419336,0.7993476332813637,0.7322120479579863,0.665200515133485,0.6001484999746419,0.5383588798506561,0.48066429536033,0.4275150646821005,0.3790707888481501,0.33528331136850886,0.2959653036952531,0.2608435994894881,0.22959855142909852,0.20189184084629108,0.1773852497203382,0.16513195415736107
0.951410207714199,0.9966986211856161,1.0302725044075116,1.0497160493142157,1.053444712379357,1.040987042170007,1.0130857015358816,0.9715820005780927,0.919120528077522,0.8587567721191666,0.7935699330465374,0.7263584465451229,0.6594521947138748,0.594639088775336,0.5331781551664687,0.4758651771964856,0.42312166186668776,0.37508606522930754,0.33169564911460503,0.2927537323703211,0.2579817358556488,0.2270574351687496,0.1996418876465289,0.1753975343454922,0.16327535769497317
0.9557141017394174,1.0001000626209282,1.0325391406853215,1.0506732332551272,1.0530049369159455,1.039166717032057,1.010003706736536,0.967440351132854,0.9141728003907091,0.8532731164880236,0.787806706171969,0.7205371796848505,0.6537490412523369,0.5891830089906291,0.5280549914935081,0.4711247797560228,0.41878590580997216,0.3711564030875164,0.3281595295734227,0.28958968715011024,0.2551631960844583,0.22455546781099955,0.19742707294023026,0.17344119362114607,0.16144825396160536
0.9599291701610196,1.0033958246053174,1.0346880240428222,1.0515079027967864,1.0524468069655444,1.0372412339639345,1.0068372713455136,0.9632397441075506,0.9091931139388949,0.8477830543779874,0.782059039442342,0.7147487214131366,0.64809099032676,0.5837797673491337,0.5229885849347603,0.4664420976895914,0.4145066808251274,0.36728064679907996,0.3246738080498246,0.2864720686034314,0.2523869473370355,0.22209169475365942,0.19524652512896284,0.17151543905391253,0.15964989601638807
0.964055087422952,1.0065859664505912,1.0367197657607656,1.0522213184816969,1.0517722120030202,1.0352129577283462,1.0035889776351048,0.9589826812825282,0.9041836238449763,0.8422882122026842,0.7763279514265506,0.708993495098812,0.6424779463353076,0.5784288578201998,0.5179781343646849,0.46181614031984425,0.4102828941943665,0.3634576688614208,0.32123737060753,0.2833998088201617,0.24965198774416358,0.21966519095312498,0.19309940024721667,0.16961950759316474,0.15787956126613947
0.968091537153827,1.0096705618688362,1.0386349918048974,1.0528147478534273,1.050983032100278,1.0330842212284252,1.000261353000029,0.9546715920914186,0.8991464051977536,0.8367901394368885,0.7706143956936008,0.7032718763526943,0.6369097847962725,0.5731297631711249,0.5130228422504373,0.45724593182259327,0.40611347584641466,0.3596863692087046,0.31784913314979873,0.2803718703600272,0.246957345301263,0.21727505982104128,0.19098488089785842,0.1677526606282731,0.15613655049347974
0.9720382121785366,1.0126496987872622,1.040434342333614,1.0532894646926798,1.0500811371445884,1.0308573251312605,0.9968568704028596,0.9503088350974878,0.8940834554585433,0.8312903115933842,0.7649192638910556,0.6975841957863805,0.6313863545079145,0.5678819564107741,0.5081219153934571,0.4527305113625882,0.40199737801882435,0.3559656745362849,0.31450804052626236,0.2773872452390719,0.24430207680764815,0.21492043216821133,0.18890217523517272,0.1659141830319691,0.15442018693036796
0.9758948145279979,1.0155234791604864,1.042118471208893,1.0536467482717213,1.0490683860948098,1.0285345375406538,0.9933779488585963,0.9458966994736896,0.8889966968200109,0.8257901331015702,0.7592433886911186,0.6919307416280135,0.6259074795764035,0.5626849021272008,0.5032745655975834,0.4482689331883921,0.39793357490769676,0.35229453763489654,0.3112130656656012,0.27444495395247404,0.241685266848167,0.21260046519350068,0.18685051599311164,0.1641033822475213,0.15272981537472613
0.9796610554470744,1.018292018780366,1.0436880455107904,1.0538878826272875,1.0479466262747228,1.026118093716979,0.9898269539552265,0.9414374064835467,0.8838879785162155,0.8202909400897757,0.7535875466093036,0.6863117622020367,0.6204729613195299,0.5575380577263915,0.4984800102694413,0.4438602666902547,0.39392106230707186,0.3486719367353161,0.30796320873367755,0.2715440445324485,0.23910602681543047,0.21031434151564943,0.1848291595564558,0.1623195874174005,0.15106480134787215
0.9833366554007329,1.0209554470835664,1.0451437450557952,1.054014155851992,1.0467176927026998,1.0236101958420505,0.9862061984072588,0.9369331109601537,0.8787590790830704,0.8147940030733825,0.7479524607005371,0.6807274682795967,0.6150825800534381,0.5524408745787648,0.4937374729563779,0.43950359642467435,0.3899588572399665,0.34509687486419666,0.3047574963165711,0.2686835916400898,0.23656349397088716,0.20806126824590293,0.18283738507282182,0.16056214855127843,0.14942453029050742
0.986921344078391,1.0235139069569965,1.0464862619192847,1.0540268594042996,1.0453834074568844,1.0210130128269654,0.9825179426393524,0.9323859027808766,0.8736117085686511,0.8093005295508549,0.7423388031374302,0.6751780353060066,0.6097360967691825,0.547392799079642,0.48904618382687587,0.4351980221090179,0.3860459975829414,0.3415683792114918,0.3015949806281573,0.2658626956898405,0.234056830543089,0.20584047609966266,0.18087449360339458,0.15883043573137745,0.14780840679536958
0.9904148603965685,1.025967554541246,1.0477162999623542,1.053927287437051,1.0439455790750636,1.0183286801609088,0.9787643953973062,0.9277978083354508,0.8684475106929105,0.8038116665098831,0.7367471976753214,0.6696636055113627,0.6044332547055782,0.5423932736294476,0.48440538009795475,0.43094265858913405,0.3821815416857721,0.33808550051000613,0.298474738741622,0.26308048200551215,0.23158522286158834,0.2036512185452144,0.17893980731058662,0.15712383835323196,0.14621585387455602
0.9938169524997403,1.0283165590322065,1.0488345743632383,1.0537167361445485,1.0424060019883943,1.0155592997989726,0.9749477143837939,0.9231707919854351,0.8632680649565613,0.7983285028458686,0.7311782220085452,0.6641842899101323,0.5991737808243982,0.5374417375391037,0.47981430641378453,0.42673663578293164,0.37836456798771984,0.3346473124272914,0.29539587184440885,0.2603361000066681,0.22914788052488672,0.20149277098789886,0.17703266868070583,0.1554417644000855,0.14464631225977465
0.997127377759538,1.0305611024809882,1.0498418111535754,1.053396503128134,1.040766455988135,1.0127069400870776,0.9710700069163775,0.9185067575131144,0.8580748886990175,0.7928520716949858,0.7256324100222956,0.6587401701952788,0.5939573871936589,0.5325376278656195,0.475272215179371,0.4225790986022854,0.37459417463164835,0.33125291097022,0.29235750451608866,0.2576287224242857,0.22674403560104806,0.19936442998802623,0.1751524397800172,0.15378363974922205,0.14309923973382516
1.000345902772238,1.0327013795922748,1.0507387467597145,1.0529678867802272,1.0390287057245315,1.0097736357221394,0.9671333306054372,0.9138075495581387,0.852869439105415,0.7873833526841102,0.7201102539442762,0.6533313005322158,0.5887837722843743,0.5276803801826518,0.47077836685292734,0.4184692068557594,0.37086947907719464,0.32790141390235256,0.2893587840284942,0.2549575445446317,0.22437294185953527,0.19726551251101898,0.17329850154252785,0.15214890750862436,0.141574110491674
1.0034723033546042,1.034737597521291,1.0515261275492664,1.0524321856867234,1.037194500236987,1.0067613877456703,0.9631396940497988,0.9090749550403321,0.8476531151628698,0.781923274099884,0.7146122064002155,0.6479577092576232,0.5836526221859033,0.5228694292903929,0.46633203020025465,0.41440613513417796,0.3671896177139977,0.3245919601742489,0.286398879667675,0.25232178348026657,0.2220338740329758,0.19519535520827191,0.1714702530879561,0.1505370273824594,0.14007041452971034
1.0065063645380803,1.036669975669468,1.052204709383105,1.0517906980476543,1.0352655725146624,1.0036721635690506,0.9590910575479429,0.9043107045672679,0.8424272595662179,0.7764727149792039,0.7091386823772139,0.6426194004879565,0.578563611744639,0.5181042098689456,0.4619324825142032,0.4103890726810444,0.36355374547587943,0.32132370936679977,0.2834769820769856,0.2497206774672453,0.21972612710755984,0.19315331372731503,0.16966711106847915,0.14894747506394718,0.1385876570616805
1.0094478805613836,1.0384987454789967,1.0527752571729905,1.0510447211159974,1.0332436390866357,1.0005078970287686,0.9549893338228024,0.8995164738253342,0.8371931605735954,0.7710325071233926,0.7036900610987092,0.6373163556422103,0.5735164056306051,0.5133841570790159,0.4575790098020671,0.4064172232495569,0.35996103545680863,0.3180958411475157,0.2805923026208232,0.2471534851874832,0.21744901564085678,0.19113876204997354,0.16788850904285862,0.14737974165427992,0.13712535795999056
1.0122966548614867,1.040224150226355,1.053238544444983,1.05019555065449,1.031130399640752,0.9972704884699659,0.9508363887582666,0.8946938849531605,0.8319520538123022,0.7656034370383251,0.6982666878147658,0.632048534883299,0.5685106593361932,0.5087087071135067,0.45327090694355365,0.4024898049478656,0.35641067852934666,0.31490755473986,0.27774407276836693,0.24461948511535075,0.2152018731059177,0.18915109185723422,0.1661338968766149,0.145833333106328,0.13568305122118318
1.0150525000630573,1.041846444814975,1.0535953529088058,1.0492444804102936,1.0289275366703023,0.9939618048566794,0.9466340421456075,0.8898445078963934,0.8267051240354664,0.7601862478027479,0.6928688755112412,0.6268158784822064,0.5635460201110511,0.5040772977033904,0.449007477821739,0.3986060500740407,0.3529018829661834,0.31175806840544606,0.2749315434968133,0.24211797488763592,0.21298405126050773,0.18718971191959838,0.16440274016709805,0.14430776969186626,0.13426028445425037
1.01771523796636,1.0433658955671568,1.0538464720333116,1.0481928016073436,1.026636715147675,0.9905836799072323,0.9423840684381661,0.8849698617429239,0.8214535068300953,0.754781640866984,0.6874969065412379,0.6216183081088428,0.5586221278369219,0.4994893685809812,0.44478803542930684,0.39476520494208106,0.34943387406534965,0.3086466189390985,0.27215398471349406,0.2396482706959316,0.21079491954043295,0.1852540475117917,0.16269451969218723,0.14280258549128205,0.13285661839082877
1.020284699533605,1.0447827800153686,1.0539926986281791,1.047041802456198,1.024259582224111,0.987137914253261,0.9380881975127107,0.8800714160377872,0.816198290277174,0.7493902777842412,0.6821510341821768,0.6164557280533541,0.5537386158459681,0.4949443619035175,0.440611901952119,0.3909665297002374,0.346005893779526,0.30557246117656756,0.26941068469635565,0.23720970670065983,0.20863386447595444,0.18334353985072493,0.16100873088160106,0.14131732790458595,0.1314716264160791
1.0227607248738668,1.046097386693042,1.0540348364319687,1.0457927676811818,1.0217977669547238,0.9836262756209339,0.9337481154360022,0.8751505920770474,0.8109405165644883,0.7440127818766531,0.6768314841216496,0.6113280263814851,0.5488951116859659,0.4904417226398297,0.43647840883204725,0.38720929814271693,0.34261720034990256,0.3025348675148462,0.26670094955221213,0.23480163446586572,0.2065002891303,0.18145764555568128,0.15934488330970054,0.1398515571827713,0.1301048941193081
1.0251431632264774,1.0473100149250145,1.0539736957066659,1.0444469780646257,1.0192528800479372,0.9800504990329517,0.9293654652351657,0.8702087641800811,0.8056811835529615,0.7386497398381638,0.6715384558751203,0.6062350760273407,0.5440912378354867,0.48598089892258056,0.4323868968109004,0.38349279751582477,0.3392670679449247,0.299533127444819,0.2640241026922688,0.23242342241404645,0.20439361255935873,0.17959583612971175,0.15770250020884502,0.13840484597852643,0.12875601886336852
1.0274318729430367,1.0484209746176962,1.0538100928387875,1.0430057100079742,1.0166265136385042,0.9764122870299832,0.9249418476705802,0.865247260939761,0.8004212462972498,0.7333017032763616,0.6662721241384139,0.6011767358268062,0.5393266123720832,0.48156134236854164,0.4283367159570062,0.37981632831945167,0.33595478630422254,0.2965665470961387,0.2613794843243575,0.2300744553002193,0.20231326929166654,0.1777575974613324,0.15608111800230057,0.13697677891540555,0.12742460937195804
1.029626721467973,1.049430586049103,1.0535448499471898,1.041470235109523,1.0139202410832833,0.972713309910233,0.9204788220100677,0.8602673664501195,0.7951616185214613,0.7279691901952601,0.6610326400778396,0.5961528514946635,0.5346008495962458,0.47718250836905685,0.4243272256760647,0.3761792041047568,0.33267966038798974,0.2936344487940959,0.258766450961366,0.22775413370450803,0.20025870882784264,0.17594242934562548,0.15448028585585277,0.13556695217456088,0.12611028533391633
1.031727585317721,1.0503391796588761,1.0531787944976259,1.039841819758555,1.011135616778959,0.9689552059858886,0.9159779068032425,0.8552703215111624,0.789903174050827,0.722652686421052,0.65582013256065,0.5911632565483299,0.52991356061379,0.4728438563528198,0.42035779470761536,0.37258075126878065,0.3294410100320305,0.29073617062827656,0.25618437494538127,0.22546187354256786,0.19822939515867222,0.17414984502382713,0.15289956524725812,0.13417497309824583,0.12481267702373969
1.0337343500585627,1.051147095838374,1.052712758924152,1.0381217247456134,1.0082741760009004,0.965139581855241,0.9114405806549727,0.8502573248105417,0.7846467482001983,0.7173526469727541,0.6506347093284515,0.5862077731809828,0.5252643538791492,0.46854485002287005,0.41642780110846683,0.36902030884672504,0.32623816960861973,0.28787106603278545,0.2536326439869882,0.22319710559314393,0.19622480630104855,0.17237937074072174,0.15133852955269422,0.13280045980931937,0.12353142493763195
1.035646910283118,1.0518546847209655,1.0521475802574478,1.036311204888657,1.0053374347623691,0.9612680126893218,0.9068682829969662,0.8452295340819059,0.7793931391202886,0.7120694973796721,0.645476458116085,0.5812862130866702,0.5206528357019014,0.4642849575696578,0.41253663222423353,0.3654972283024943,0.3230704876933471,0.28503850337781717,0.25111066071930727,0.22095927504213325,0.19424443385105544,0.1706305453189283,0.14979676364950956,0.13144304084594244,0.12226617944415819
1.0374651695855281,1.0524623059726255,1.0514840997601034,1.0344115086748293,1.0023268896932946,0.9573420425319529,0.902262414856566,0.8401880672397687,0.7741431091025545,0.706803634947515,0.6403454477183719,0.5763983782399312,0.5160786107187454,0.4600636518618362,0.4086836846501851,0.3620108733180541,0.31993732673805536,0.2822378655723212,0.248617842266248,0.2187478410425145,0.19228778255345608,0.16890291974945015,0.14827386353446353,0.1301023548108876,0.12101660044909895
1.0391890405353648,1.0529703285829244,1.0507231625689342,1.0324238779175687,0.9992440179378547,0.9533631846121315,0.8976243396219127,0.8351340034908189,0.7688973858436268,0.701555429974985,0.6352417290070294,0.5715440616322759,0.5115412823330091,0.45588041061638274,0.404868364182312,0.35856061958215724,0.31683806274993565,0.2794685496775487,0.24615361982452538,0.21656227628955582,0.19035436988696086,0.1671960567977207,0.14676943595683528,0.12877805003467108,0.11978235707358967
1.0408184446502786,1.053379130656533,1.0498656173443586,1.030349547428774,0.9960902770701104,0.9493329216677497,0.8929553838026899,0.8300683844216207,0.7636566636702632,0.6963252269225867,0.6301653358999855,0.566723047967762,0.5070404531236007,0.45173471654949143,0.4010900857596783,0.35514585457885745,0.31377208497685855,0.2767299665312098,0.24371743825901404,0.2144020666107166,0.18844372566457906,0.1655095306245316,0.14528309806570022,0.12746978425197952,0.11856312734511779
1.0423533123674416,1.0536890992053185,1.0489123159268767,1.0281897447057489,0.9928671050269563,0.9452527062796534,0.8882568377857325,0.8249922150627275,0.7584216047257147,0.6911133455353803,0.625116286285185,0.561935114319817,0.5025757252252815,0.4476260575096813,0.39734827339884676,0.35176597737625603,0.31073879559895545,0.2740215403820273,0.24130875571097,0.21226671056967933,0.1865553916484755,0.16384292642116216,0.14381447707075695,0.12617722429071748,0.11735859790069705
1.043793583013756,1.0539006299411429,1.047864113000685,1.02594568963263,0.9895759200576649,0.9411239612151217,0.8835299565848335,0.8199064649292657,0.7531928401184558,0.6859200819213325,0.6200945829009548,0.5571800307513238,0.4981467006819763,0.4435539265943145,0.393642360121213,0.3484203984158149,0.30773760942651024,0.27134270853440695,0.23892704321871738,0.21015571908400144,0.18468892117870922,0.1621958400581408,0.14236320991613677,0.12490004577318109,0.11616846370170325
1.0451392047749335,1.0540141270694414,1.0467218657644268,1.0236185941960045,0.986218120689322,0.9369480797798727,0.8787759605841376,0.8148120690380505,0.7479709710342397,0.6807457095868712,0.6151002141748331,0.552457560899873,0.4937529817747317,0.4395178222507942,0.3899717878740272,0.345108539302634,0.3047679536040959,0.26869292100301645,0.2365717843503895,0.20806861505585916,0.1828438788153433,0.1605678777470365,0.14092894296657693,0.12363793282874624,0.11499242775982951
1.0463901346633948,1.054030003083686,1.0454864336091194,1.0212096622144258,0.982795085707459,0.9327264261777423,0.8739960362745679,0.8097099289014211,0.7427565698123757,0.6755904804312359,0.6101331550227753,0.54776746253003,0.48939417132589574,0.4355172483635428,0.3863360074457173,0.34182983259690436,0.30182926732102155,0.26607164017699164,0.23424247484830352,0.2060049330153857,0.18101983999332938,0.15895865571475126,0.13951133170547608,0.1223905778176021,0.11383020087366649
1.047546338485053,1.053948678560809,1.0441586778032395,1.0187200890815202,0.979308174151209,0.9284603358772289,0.8691913369827813,0.8046009134978851,0.7375501809871815,0.6704546257011119,0.6051933676104667,0.5431094880543136,0.48506987298090054,0.43155171432780054,0.38273447837622876,0.3385837216068818,0.29892100152799916,0.26347834049356145,0.23193862228460815,0.2039642187761287,0.17921639068969597,0.15736779988976685,0.1381100404442892,0.12115768106506081,0.11268150137544661
1.0486077908050402,1.0537705819576724,1.0427394611849794,1.0161510615223899,0.9757587253223269,0.9241511159841325,0.8643629835921738,0.7994858602198243,0.7323523222955305,0.665338356907038,0.6002808020784962,0.5384833850245678,0.48077969146907773,0.42762073511121157,0.3791666688629028,0.3353696601835737,0.2960426186599849,0.2609125081208072,0.2296597457278074,0.2019460291022207,0.17743312710252063,0.15579494559987694,0.1367247420427653,0.1199389506059162,0.11154605488749303
1.049574474912333,1.0534961494086645,1.041229647861666,1.0135037573630032,0.9721480588074338,0.9198000456195475,0.8595120652555469,0.7943655757984481,0.727163485651388,0.6602418667030165,0.5953953972329923,0.5338888965952249,0.47652323284473397,0.42372383130413194,0.3756320556624351,0.3321871125173556,0.29319359236522763,0.2583736406493814,0.2274053754198077,0.19994993138673783,0.1756696553412332,0.15423973728089374,0.13535511763961006,0.11873410193848077,0.11042359408791613
1.0504463827833637,1.0531258245245108,1.039630102916324,1.010779345312273,0.9684774745128556,0.9154083763025211,0.8546396400990284,0.7892408372062402,0.7219841380882795,0.6551653297306864,0.5905370812033142,0.5293257619599923,0.4723001047096907,0.4198605291595034,0.3721301239894739,0.3290355529367073,0.2903734072403519,0.25586124679285727,0.22517505246313352,0.19797550334091085,0.17392559112779649,0.15270182819589473,0.13400085639306558,0.11754285778783347,0.10931385848521741
1.051223515044598,1.0526600581923558,1.037941692121371,1.0079789847565155,0.9647482527114504,0.9109773323367074,0.8497467359169348,0.784112392537169,0.7168147226705411,0.6501089034294132,0.5857057720682568,0.524793716763327,0.4681099164184646,0.4160303606230695,0.36866036741221714,0.3259144657092261,0.28758155857148554,0.25337484609658234,0.22296832851796816,0.19602233269373215,0.17220055950833008,0.15118088016459752,0.1326616552310464,0.1163649478779255,0.10821659420136576
1.051905880934173,1.0520993083772086,1.0361652816594156,1.0051038255659823,0.9609616541008293,0.9065081112003825,0.8448343508572614,0.7789809618649435,0.7116556593742509,0.6450727288135748,0.5809013784522414,0.5202924934880171,0.463952279267113,0.4122328633546793,0.3652222877455022,0.32282334484505376,0.28481755208133314,0.2509139686547174,0.22078476550869836,0.1940900169016102,0.17049419457476345,0.14967656330237555,0.13133721861039727,0.1152001087121074,0.10713155376296107
1.0524934982625265,1.0514440399248113,1.0343017378511323,1.0021550079131651,0.9571189198723975,0.902001883939242,0.8399034540975424,0.7738472380795988,0.7065073459387339,0.6400569312182997,0.5761238000928245,0.515821821820174,0.4598268066667438,0.408467580741409,0.36181539494172243,0.3197616939028619,0.2820809036821012,0.24847815483527158,0.2186239353396402,0.1921781628676525,0.16880613919612597,0.148188555768608,0.13002725828490103,0.11404808336177852,0.10605849590021796
1.0529863933721393,1.0506947243660008,1.0323519268901724,0.9991336621025699,0.9532212717906475,0.8974597955613934,0.8349549865108448,0.7687118877027568,0.701370158689426,0.635061621014852,0.5713729283808533,0.5113814289927854,0.45573311430269076,0.4047340619030712,0.3584392069799783,0.31672902579846507,0.27937113923421075,0.2460669550129413,0.2164854196196067,0.1902863866702756,0.1671360447591197,0.14671654352392954,0.1287314930816616,0.11290862126277779,0.10499718535333519
1.0533846010963548,1.049851839722624,1.0303167145850813,0.9960409084116484,0.9492699122821722,0.8928829654340303,0.8299898613216974,0.7635755516818589,0.6962444533330239,0.6300868942968336,0.5666486468745027,0.5069710401089694,0.45167082028017,0.40103186169078014,0.3550932497537185,0.3137248626161687,0.2766877943106899,0.24367992930946908,0.21436880939509212,0.18841431330076236,0.16548357091754895,0.14526022009605094,0.12744964868554726,0.11178147801918503,0.10394739268600323
1.0536881647173395,1.0489158703150814,1.0281969661081658,0.9928778569425997,0.9452660245338637,0.8882724876812683,0.8250089647517805,0.7584388461637226,0.6911305657256589,0.6251328335383305,0.5619508317884006,0.5025903784460113,0.44763954525730565,0.3973605406791175,0.3517770569572226,0.3107487354229402,0.2740304139671662,0.2413166473413622,0.21227370489170505,0.1865615764094275,0.16384838535036944,0.14381928635376906,0.12618145743131665,0.11066641521425974,0.10290889410573059
1.053897135923172,1.0478873065715462,1.0259935457512706,0.9896456074847281,0.9412107725997855,0.8836294315826734,0.8200131566552304,0.7533023632477764,0.6860288126149617,0.6201995082250771,0.5572793524589836,0.49823916574120786,0.4436389125662979,0.3937196651523728,0.3484901699711773,0.3078001840854466,0.2713985525173476,0.23897668797474708,0.21019971526362174,0.18472781806013194,0.16223016352789332,0.1423934502888788,0.1249266581031444,0.10956320022818267,0.10188147129070318
1.054011574764128,1.0467666448389186,1.0237073166884112,0.9863452493870699,0.9371053015162295,0.8789548419720394,0.815003271143442,0.7481666717193192,0.6809394923567795,0.6152869754596967,0.5526340717871461,0.49391712246047437,0.4396685483234672,0.39010880708541945,0.345232137747592,0.3048787570900144,0.26879177331389087,0.23665963908715282,0.2081464583507664,0.18291268849277148,0.16062858848594763,0.14098242680565254,0.1236849957412342,0.10847160606232559,0.10086491122287197
1.0540315496081687,1.0455543871955757,1.0213391407452006,0.9829778614409905,0.9329507374244743,0.8742497396359804,0.8099801171992712,0.7430323177631738,0.6758628856073194,0.6103952805420129,0.5480148466592755,0.4896239680505988,0.4357280815288897,0.3865275441196442,0.3420025166942814,0.3019840113655428,0.2662096485345891,0.23436509733602146,0.20611356044348828,0.18111584589348556,0.15904335060763913,0.13958593751758203,0.12245622145524021,0.10739141116980488,0.09985900602708722
1.0539571370956515,1.0442510412659662,1.0188898781750146,0.979544511772455,0.9287481877007807,0.8695151217119473,0.804944479280556,0.7378998256581004,0.6707992559914874,0.6055244575254234,0.5434215283476054,0.4853594211760896,0.4318171441562574,0.38297545953433487,0.3388008705591264,0.29911551210942827,0.26365175897370696,0.2320926679337587,0.2041006560544234,0.17933695617231987,0.1574741474123953,0.1382037105511158,0.12124009224420834,0.1063223992920137,0.09886355281591569
1.0537884220933018,1.0428571200370953,1.0163603874418303,0.9760462577436926,0.9244987410931783,0.8647519620853014,0.799897117912923,0.7327696984523443,0.665748850748149,0.6006745297502377,0.5388539628908972,0.4811231999413516,0.4279353712336065,0.3794521422139527,0.33562677031431926,0.29627283261648707,0.2611176938384585,0.22984196442912552,0.20210738769739361,0.17757569274802765,0.15592068335208847,0.1368354803560956,0.12003637082278057,0.10526435930094807,0.09787835354003113
1.053525497647474,1.0413731416769523,1.0137515250096687,0.9724841458639568,0.9202034678646156,0.8599612117850874,0.7948387702718093,0.7276424186206991,0.6607119013530421,0.5958455103549414,0.5343119914563134,0.47691502209902464,0.4240824009154723,0.37595718661165844,0.3324797940407173,0.2934555541109121,0.2586070505504037,0.2276126084948163,0.2001334056730017,0.17583173633980154,0.15438266961388808,0.13548098752264037,0.11884482545341524,0.10421708504704114,0.09690321484385409
1.0531684649367017,1.0397996293549272,1.011064145138572,0.9688592117091105,0.915863419942043,0.8551437993781823,0.7897701507537273,0.7225184487034588,0.6556886241200377,0.5910374027661882,0.529795450683377,0.4727346052452133,0.4202578745470434,0.372490192709396,0.3293595268125074,0.29066326558125355,0.256119434551777,0.225404229720981,0.19817836786078652,0.1741047747656252,0.15285982392966857,0.13413997860423077,0.11766522978439165,0.103180375212307,0.09593794792626398
1.052717433223609,1.0381371110642503,1.0082990996870451,0.9651724798497447,0.9114796310710424,0.8503006313615151,0.7846919515367361,0.7173982319276295,0.6506792207814429,0.5862502011684048,0.5253041730108251,0.46858166700229353,0.4164614367208025,0.36905076597489594,0.3262655605823228,0.28789556361845103,0.2536544591165396,0.22321646541458157,0.19624193951766067,0.172394502747103,0.1513518703916486,0.13281220594674736,0.11649736269335326,0.10215403316857358,0.09498236840618374
1.0521725198061542,1.0363861194465034,1.0054572379208786,0.9614249637875657,0.9070531169756021,0.8454325925520725,0.7796048431301547,0.7122821928108113,0.6456838790480097,0.5814838909537983,0.5208379869871583,0.46445592518997436,0.41269273532617,0.3656385173158763,0.323197494066893,0.28515205225686374,0.2512117451661411,0.2210489604043714,0.19432379308245845,0.17070062172041267,0.14985853927408505,0.13149742752324167,0.11534100813618137,0.10113786684061155,0.09403629619282594
1.0515338499682791,1.0345471916182425,1.0025394063282822,0.9576176658997709,0.9025848755226693,0.8405405464744272,0.7745094749135348,0.7071707377480904,0.6407027731493111,0.5767384491535438,0.5163967175656453,0.460357097985252,0.40895142159256964,0.3622530630317061,0.3201549326334069,0.2824323428183381,0.2487909210898101,0.21890136685135675,0.19242360798636116,0.1690228396532642,0.14837956686078457,0.13019540677420144,0.11419595500097857,0.10013168857395394,0.09309955536044232
1.0508015569299516,1.0326208689997538,0.9995464484412436,0.9537515773911555,0.8980758868911198,0.8356253357455417,0.7694064756649507,0.7020642555823541,0.635736064355099,0.5720138448509007,0.5119801863844815,0.45628490407183253,0.40523715012637934,0.35889402476280835,0.31713748818664317,0.2797360537592844,0.2463916225693169,0.2167733440645414,0.1905410704690247,0.1673608708676097,0.14691469527818718,0.12890591245311028,0.11306199696700242,0.09913531500722467,0.09217197402733648
1.049975781796657,1.0306076971459894,0.9964792046630286,0.9498276782536724,0.8935271137447989,0.8306877824566117,0.7642964540786445,0.6969631181583856,0.6307839014782851,0.5673100395769688,0.5075882120328153,0.4522390627795969,0.401549578942155,0.35556102943804513,0.3141447790569893,0.27706281052068127,0.24401349240809334,0.2146645583218476,0.18867587340021114,0.16571443586788914,0.1454636723338648,0.12762871847714075,0.11193893236829261,0.09814856694879831,0.09125338423905047
1.049056673508335,1.0285082255797162,0.9933385121017435,0.945846937233203,0.8889395014092988,0.8257286885517572,0.7591799992721054,0.6918676808611197,0.6258464213601371,0.5626269876897911,0.5032206103032788,0.4482192942146704,0.3978883694885041,0.35225370922026406,0.3111764298894232,0.2744122453811032,0.24165618036459668,0.21257468269600954,0.18682771610675497,0.16408326117463984,0.14402625136018254,0.12636360378268374,0.11082656406187635,0.09717126925761765,0.09034362185548969
1.0480443887878075,1.0263230076268897,0.9901252044098654,0.9418103118032716,0.8843139780521561,0.8207488362033444,0.7540576812826543,0.6867782831384346,0.6209237493382604,0.5579646367374582,0.4988771944316551,0.4442253193805479,0.39425318666898995,0.3489717014502722,0.30823207153354015,0.271783997312626,0.23931934298984242,0.2105033968853337,0.1849963042046432,0.16246707916328512,0.14260219106297517,0.12511035218566863,0.10972469930031897,0.09620325072801778,0.08944252644186648
1.0469390920887118,1.0240526002543024,0.9868401116296579,0.9377187481454633,0.8796514548661566,0.8157489881837748,0.7489300515536167,0.681695249008845,0.6160159996979546,0.5533229278058445,0.4945577753242898,0.44025686029083855,0.3906436988583478,0.34571464858939305,0.30531134093467194,0.2691777118396424,0.23700264346896427,0.2084503870491597,0.18318134943610676,0.16086562790787878,0.14119125537504634,0.1238687522463644,0.10863314960851411,0.09524434397839843,0.08854994116333989
1.0457409555429629,1.021697563909513,0.9834840600443802,0.9335731811362896,0.8749528262554637,0.8107298882335683,0.7437976434101802,0.6766188875544573,0.6111232761074836,0.5487017958516194,0.49026216177380927,0.43631364007399864,0.38705957791441425,0.3424821981607762,0.3024138810262006,0.266593040900559,0.23470575146676415,0.20641534564786873,0.1813825695115165,0.15927865102968314,0.139793213314289,0.12263859713858988,0.10755173066448187,0.09429438534356849,0.08766571268311318
1.0444501589077744,1.0192584623630914,0.9800578720351996,0.929374534340271,0.8702189700242762,0.8056922614256001,0.7386609725250494,0.6715494933995613,0.6062456720377939,0.5441011700210934,0.4859901606636616,0.4323953830705565,0.38350049918598195,0.3392740026896504,0.29953934062306314,0.264029642712299,0.23242834297708959,0.20439797128734144,0.17959968795591835,0.15770589755038367,0.13840783884630503,0.1214196845231108,0.10648026218408463,0.09335321477069447,0.08678969106400078
1.043066889512252,1.0167358625531948,0.9765623659437118,0.9251237200090002,0.8654507475677489,0.8006368145253406,0.73352053737398,0.6664873471751965,0.6013832711672107,0.5395209739554895,0.48174157716207794,0.42850181492320727,0.3799661415169145,0.3360897196426807,0.29668737431653713,0.26148718163761797,0.2301701001759915,0.2023979685676927,0.17783243396008036,0.15614712174977785,0.13703491075130747,0.12021181642511841,0.10541856780949266,0.09242067571860885,0.08592172967316694
1.0415913422035916,1.0141303344324983,0.9729983559399811,0.9208216390859484,0.8606490040649305,0.7955642363469891,0.7283768196813416,0.661432715970061,0.5965361477715974,0.5349611260831735,0.4775162149058591,0.42463266266017097,0.37645618724676116,0.3329290113665076,0.2938576423703182,0.25896532805515793,0.2279307112785553,0.2004150479361852,0.17608054223590824,0.15460208302780776,0.13567421249521816,0.11901479911557572,0.10436647500122881,0.09149661506046014,0.0850616850900765
1.040023719292896,1.0114424508174908,0.9693666518960019,0.9164691812167903,0.8558145686734474,0.7904751981053858,0.7232302848557935,0.6563858537680982,0.5917043671004873,0.5304215398993818,0.47331387617451853,0.42078765477218116,0.3729703222081354,0.3297915450256997,0.2910498106179535,0.25646375823223794,0.22570987039929602,0.19844892554417987,0.17434375287603832,0.1530705457707407,0.13432553210473708,0.11782844299634831,0.10332381493372289,0.09058088298949107,0.08420941701737586
1.0383642305006502,1.0086727872401609,0.9656680592644888,0.912067224765039,0.8509482547257169,0.7853703537635867,0.7180813824162413,0.6513470018731121,0.5868879857396626,0.5259021242339276,0.4691343620552166,0.4169665212834725,0.3695082357210583,0.3266769925401439,0.2882635503616185,0.2539821542002871,0.2235072774160532,0.1964993231080056,0.17262181121753262,0.15155227922141468,0.13298866204630444,0.11665256248896833,0.10229042239416897,0.08967333292788371,0.08336478819474247
1.0366130929018447,1.005821921802078,0.9619033789628997,0.9076166368327557,0.8460508599264521,0.7802503403760391,0.7129305464081609,0.6463163893207349,0.5820870519606044,0.5214027835074069,0.46497747259891253,0.41316899381707295,0.36606962058452763,0.32358503052204723,0.28549853827231214,0.2515202036329364,0.2213226378372929,0.19456596777364943,0.1709144677095098,0.15004705735335994,0.1316633991087765,0.11548697592686924,0.10126613568463838,0.08877382143853557,0.08252766431548417
1.0347705308708113,1.0028904350308874,0.9580734072625929,0.9031182732861373,0.8411231665512532,0.7751157784272544,0.7077781958104573,0.6412942332780904,0.577301606057315,0.5169234179763261,0.4608430069681507,0.4093948056547364,0.3626541730654867,0.32051534021263206,0.2827544562914411,0.24907759972668808,0.2191556626727098,0.1926485919851048,0.16922147778458269,0.14855465874867996,0.1303495442897179,0.11433150545099441,0.10025079652725977,0.08788220813965297,0.08169791394584958
1.0328367760257504,0.9998789097392241,0.9541789356830301,0.8985729787857712,0.8361659416460693,0.7699672721659285,0.7026247349329856,0.6362807394314739,0.5725316806709007,0.512463923967637,0.45673076357688747,0.4056436917917877,0.35926159288539733,0.3174676074186242,0.2800309915338417,0.2466540410841267,0.2170060683070546,0.19074693335633386,0.16754260173399566,0.14707486647959067,0.1290469026851357,0.11318597690865573,0.09924424997242165,0.08699835562205882,0.08087540844687602
1.0308120671730123,0.9967879308860589,0.9502207508909156,0.8939815868213571,0.8311799372273387,0.7648054099344354,0.6974705538048597,0.6312761023623513,0.5677773011023429,0.5080241941030912,0.4526405402226902,0.4019153889872118,0.3558915832045956,0.31444152244862605,0.2773278361922413,0.24424923159963585,0.21487357637713644,0.1888607345466961,0.16587760458631612,0.14560746799343605,0.12775528338259123,0.11205021975552454,0.09824634430982693,0.08612212936914138,0.0800600218987993
1.0286966502511121,0.9936180854404827,0.9461996346041865,0.8893449197506946,0.826165890482633,0.7596307644936428,0.6923160285537238,0.626280505912024,0.5630384856138821,0.5036041175138166,0.4485721342117152,0.39820963580918384,0.35254385060460997,0.3114367800494483,0.2746446874431707,0.24186288034756254,0.21275791365185648,0.18698974313972605,0.16422625598961765,0.1441522550011176,0.12647449935753868,0.11092406696062151,0.09725693098232707,0.08525339767929824,0.07925163102778382
1.0264907782745352,0.9903699622479316,0.9421163635007539,0.8846637888427533,0.8211245239715979,0.7544438933430347,0.6871615217761063,0.62129412353523,0.558315245719386,0.4992035800455409,0.4445253424767856,0.3945261726763724,0.3492181050685786,0.30845307934247446,0.2719812473543193,0.2394947014728116,0.21065881191524444,0.18513371152520802,0.16258833009695217,0.14270902336881164,0.12520436737276514,0.10980735491425003,0.09627586450244308,0.08439203159082559,0.07845011513501754
1.0241947112773315,0.987044151898861,0.9379717091318932,0.8799389943246367,0.8160565458270603,0.7492453390360532,0.6820073828990088,0.6163171186430019,0.5536075864640735,0.49482246445481937,0.4404999616888644,0.3908647418951888,0.3459140599599536,0.305490123760134,0.2693372227933727,0.2371444140837689,0.20857600785240404,0.18329239678441384,0.16096360545512084,0.14127757301282268,0.12394470788086587,0.1086999233386926,0.09530300237145378,0.08353790480915696,0.07765535602800716
1.0218087162565261,0.9836412465998697,0.9337664378401941,0.8751713254322498,0.8109626499561127,0.7440356294906871,0.6768539485328864,0.6113496449350775,0.548915506693999,0.4904606505966344,0.43649578836230524,0.38722508769324787,0.342631431999596,0.302547620982567,0.266712325338285,0.23481174214759898,0.20650924293828948,0.1814655605784074,0.15935186489654113,0.13985770779752216,0.1226953449296242,0.10760161520166484,0.0943382050009739,0.08269089363633214,0.07686723795401126
1.019333067115367,0.9801618400472779,0.9295013106819656,0.870361560464512,0.8058435162410348,0.7388152782952586,0.6717015428161693,0.6063918467221353,0.5442389993156133,0.48611801560373147,0.43251261895409093,0.3836069562492467,0.3393699412414103,0.29962528287447304,0.2641062711890199,0.23249641438775476,0.20445826332923384,0.17965296903935668,0.15775289543415033,0.13844923543625404,0.1214561060701877,0.1065122766323423,0.09338133563692452,0.08185087690268794,0.07608564753557034
1.016768044606428,0.9766065273031521,0.925177083354013,0.8655104668409189,0.8006998107399074,0.7335847850093828,0.6665504777514646,0.6014438592381537,0.5395780515457679,0.4817944340580117,0.4285502499574115,0.3800100957194824,0.33612931104664845,0.29672282542228257,0.2615187810807579,0.2301981641837772,0.20242281975716286,0.17785439266472108,0.1561664881592706,0.1370519673950757,0.12022682226797143,0.10543175683993128,0.09243226028582963,0.08101773590059036,0.07531047370797073
1.0141139362745835,0.9729759046737831,0.9207945061246741,0.8606188011623103,0.7955321858867891,0.7283446354601222,0.6614010535335967,0.596505808943161,0.5349326451524771,0.47748977815432536,0.4246084779898032,0.37643425626116556,0.3329092680569898,0.29383996867163586,0.25894958019852254,0.2279167294732376,0.2004026674264442,0.17606960621428525,0.15459243814229667,0.13566571879928824,0.11900732781617712,0.10435990803467216,0.09149084764333015,0.08019135432024427,0.07454160765870133
1.011371036399878,0.9692705695906138,0.9163543237690325,0.8556873092746671,0.7903412806913076,0.7230953020333192,0.6562535588696433,0.5915778138166502,0.5303027566867832,0.4732039178569423,0.4206870998761478,0.3728791900527398,0.32970954216652026,0.29097643666523704,0.2563983980932785,0.2256518526558532,0.1983975659132456,0.17429838860987673,0.15303054433613295,0.1342903083426425,0.11779746025183668,0.10329658535118968,0.09055696902485894,0.07937161818742239,0.0737789427687055
1.0085396459403106,0.9654911204936053,0.9118572755082078,0.85071672633578,0.785127720937569,0.7178372439600941,0.6511082712911155,0.5866599836419073,0.5256883577060119,0.46893672104905554,0.416785912726729,0.3693446513113846,0.3265298664926822,0.28813195738113667,0.2538649685994432,0.2234032804996705,0.19640727906741762,0.17254052283777188,0.15148060948234482,0.13292555819910956,0.1165970602743191,0.10224164677412328,0.0896304982983917,0.07855841580308581,0.07302237455543356
1.0056200724745439,0.9616381567170488,0.9073040949526284,0.8457077768846469,0.7798921193822559,0.7125709075985476,0.6459654574584229,0.581752420281538,0.5210894149887485,0.464688053675516,0.4129047140106257,0.36583039630786185,0.32336997734633693,0.285306262671442,0.2513490297538293,0.2211707640493346,0.19443157491675078,0.17079579585364824,0.1499424400198221,0.13157129393719103,0.11540597166618677,0.10119495306592924,0.08871131181920067,0.07775163768482529,0.0722718006176383
1.0026126301445653,0.9577122783778039,0.9026955100492,0.8406611749134343,0.7746350759518048,0.7072967267106579,0.6408253734577839,0.5768552179444164,0.5165058907417648,0.4604577798791795,0.40904330162464253,0.362336183378853,0.32022961420098417,0.2824990882015238,0.24885032371600585,0.21895405853633587,0.19247022557359744,0.16906399849004744,0.14841584599601387,0.1302273444366231,0.11422404121634033,0.10015636769681452,0.08779928836654682,0.07695117651005806,0.07152712058181299
0.9995176395983109,0.9537140862659679,0.8980322430322578,0.8355776239418761,0.7693571779385726,0.7020151227343882,0.6356882650907398,0.5719684634443174,0.5119377427992733,0.4562457621310412,0.4052014739579779,0.3588617729369345,0.3171085196612605,0.2797101733897453,0.24636859669002753,0.21675292329125656,0.19052300714379466,0.1673449253662418,0.14690064098055455,0.128893541807433,0.11305111864537282,0.09912575677671898,0.0868943090822541,0.07615692706089972,0.07078823605022322
0.996335427932276,0.9496441817379585,0.8933150103782419,0.8304578170939613,0.7640590001958915,0.696726505051047,0.6305543681563982,0.567092236450465,0.5073849248146834,0.4520518613544536,0.40137902995287245,0.35540692747835917,0.31400643943077233,0.27693926134770563,0.24390359884759044,0.21456712165792147,0.18858969963779088,0.1656383748004725,0.1453966419812297,0.12756972131126726,0.11188705653306236,0.09810298898927372,0.08599625741105982,0.07536878617069309,0.07005505055050903
0.9930663286341217,0.9455031666120067,0.8885445227639729,0.8253024371767639,0.7587411053319094,0.6914312712479095,0.62542390872658,0.5622266097302326,0.5028473864451787,0.4478759370436666,0.39757576916137627,0.351971411588739,0.31092312227935237,0.2741860988210748,0.24145508425252454,0.21239642090943867,0.1866700868839527,0.16394414872445,0.14390366936225252,0.12625572128490692,0.11073171024792716,0.0970879355276455,0.08510501904273604,0.07458665267209424,0.06932746948677265
0.9897106815253008,0.9412916430660478,0.8837214850284578,0.8201121567613118,0.7534040439021672,0.6861298073761165,0.620297103413997,0.5573716493842209,0.4983250735293529,0.4437178473769038,0.39379149179849665,0.3485549919467812,0.30785832000977537,0.27145043613098635,0.23902281078665988,0.2102405921660902,0.18476395644397708,0.16226205260007898,0.1424215467647233,0.1249513830659188,0.1095849378787761,0.09608047003225595,0.08422048185588032,0.07381042734670301,0.06860540009211366
0.9862688327037143,0.9370102135379964,0.8788465961381334,0.8148876382653402,0.7480483546007894,0.6808224882039262,0.6151741596336232,0.5525274150739348,0.4938179282581688,0.4395774493242355,0.39002599879179173,0.3451574373261809,0.3048117874240669,0.2687320271160698,0.23660654007702647,0.2080994103150116,0.18287109953036285,0.16059189533833423,0.14095010102921912,0.1236565509203355,0.1084466001681883,0.09508046853027446,0.08334253586334689,0.07304001287614659,0.06788875138254713
0.9827411344864202,0.9326594806284007,0.8739205491554436,0.8096295340378232,0.7426745644502547,0.6755096774652892,0.6100552758573893,0.5476939602422765,0.48932588933940924,0.43545459875042464,0.3862790918277001,0.3417785185958158,0.3017832822893876,0.26603062907505776,0.23420603742436846,0.20597265393164088,0.18099131092588205,0.15893348922021572,0.13948916212049162,0.12237107197236585,0.10731656044786486,0.0940878093768388,0.08247107315922653,0.07227531379457725,0.0671774341122533
0.9791279453524023,0.9282400470054513,0.8689440312106951,0.8043384864451546,0.737283188989659,0.6701917281038611,0.6049406418623455,0.5428713323270731,0.4848488921559514,0.43134915051296074,0.3825505733946813,0.33841800871828726,0.29877256530359136,0.2633460027100798,0.23182107173298216,0.2038601052029007,0.17912438890498456,0.15728664981973506,0.1380385630541242,0.12109479613599539,0.10619468457579023,0.09310237319791331,0.08160598786738221,0.07151623644257865,0.06647136073017548
0.9754296298854224,0.9237525153123477,0.8639177234770645,0.7990151279588752,0.731874732461403,0.6648689825124142,0.5998304389724547,0.5380595729678195,0.48038686891800075,0.4272609585555129,0.3788402468233601,0.3350756827469742,0.29577940006051684,0.2606779120705574,0.22945141544181424,0.20176154985204614,0.17727013515711487,0.15565119592887283,0.13659813982518226,0.11982757604846739,0.10508084087513525,0.09212404283480968,0.08074717609140997,0.07076268892236143,0.06577044533783855
0.9716465587169664,0.9191974880769879,0.8588423011487132,0.7936600812448215,0.7264496879962702,0.6595417727677452,0.5947248402941301,0.5332587182058652,0.47593974880953127,0.42318987599693075,0.37514791632379113,0.33175131782165745,0.2928035530150433,0.2580261244977844,0.22709684445685746,0.19967677706517473,0.1754283547118568,0.154026949484444,0.13516773133871868,0.11856926700558601,0.10397490007484911,0.09115270329023567,0.07989453586606243,0.07001458105425212,0.06507460364834836
0.9677791084692988,0.9145755676239842,0.8537184334218909,0.7882739592536027,0.7210085377968127,0.6542104208611149,0.589624010945658,0.528468798678227,0.4715074581291362,0.4191357552160435,0.3714733870200146,0.32844469316283126,0.2898447934479423,0.25539041057017625,0.22475713808478015,0.19760557941933127,0.17359885586587798,0.15241373549680914,0.1337471793421266,0.11731972689873749,0.1028767352519,0.0901882416758426,0.07904796711001444,0.06927182433443257,0.06438375294664164
0.9638276616986421,0.9098873559889735,0.8485467834789703,0.7828573653122888,0.7155517533190131,0.6488752389242416,0.5845281082806658,0.5236898398052039,0.4670899204254883,0.41509844793236605,0.3678164649820223,0.32515559006474765,0.2869028934306156,0.2527705440491815,0.22243207896778944,0.19554775281219738,0.17178145011163548,0.15081138198040495,0.13233632835926018,0.11607881615362942,0.10178622177509783,0.08923054716126616,0.07820737157996638,0.06853433189386443,0.06369781205081346
0.959792606838495,0.905133454835225,0.8433280084753112,0.7774108932172196,0.7100797954521766,0.6435365294509179,0.5794372821057443,0.5189218619720083,0.4626870566275851,0.41107780528293475,0.36417695725525084,0.3218837918873188,0.2839776277897166,0.250166301825884,0.22012145301971292,0.1935030963933118,0.1699759520677538,0.14921971988601374,0.1309350256262748,0.11484639767067456,0.10070323725043656,0.08827951092453545,0.07737265282603822,0.06780201845836831,0.06301670127453335
0.9556743381430999,0.900314465372499,0.8380627595288948,0.7719351273278454,0.7045931146970018,0.6381945855143053,0.5743516748923677,0.5141648807045498,0.4582987851699971,0.40707367789539484,0.36055467188773616,0.31862908404694246,0.2810687740717077,0.24757746386828983,0.2178250493632669,0.1914714124967909,0.16818217941108743,0.1476385830347246,0.1295431210291506,0.1136223367669359,0.09962766146794366,0.08733502610389632,0.07654371614839589,0.06707480030984647,0.062340342390572456
0.9514732556310771,0.8954309882781739,0.8327516817126304,0.7664306426614794,0.6990921513418007,0.6328496909799294,0.569271421983239,0.5094189068395982,0.4539250221132621,0.40308591595751425,0.3569494179550464,0.3153912540062906,0.278176112507382,0.24500381316929776,0.21554266026850427,0.18945250657552565,0.1663999528103685,0.14606780805356268,0.12816046704280937,0.11240650111966205,0.0985593763499576,0.0863969877509127,0.07572046855507941,0.06635259524855192,0.06166865859528747
0.9471897650292376,0.8904836236205929,0.8273954140492618,0.7608980049889136,0.6935773356368302,0.6275021207144654,0.5641966517931939,0.5046839466894478,0.44956568125960467,0.39911436928327937,0.3533610055830694,0.31217009126318224,0.275299425976408,0.2424451356953808,0.21327408109242385,0.1874461871367833,0.16462909586144048,0.14450723431271711,0.12678691867181457,0.11119876071126883,0.09749826590078337,0.08546529278486426,0.0749028187210038,0.06563532255643295,0.061001574474148224
0.9428242777165828,0.8854729707846256,0.8219945895088034,0.7553377709307634,0.6880490879667113,0.6221521407903454,0.5591274860047839,0.4999600022012697,0.44522067426419343,0.3951588873756601,0.34978924596883454,0.3089653873385681,0.2724384999718721,0.23990122033594047,0.21101911021969982,0.18545226567924927,0.16286943502401147,0.14295670386430676,0.1254223333926191,0.10999898777579592,0.09644421615772752,0.08453983994840125,0.07409067694806454,0.06492290296149089,0.060339015968203374
0.9383772106685155,0.8803996283994298,0.8165498350084301,0.7497504880545097,0.682507819020891,0.6168000086862323,0.5540640397586712,0.4952470711113252,0.4408899107419942,0.39121931948628563,0.34623395139937313,0.30577693576369913,0.2695931225649123,0.23737185885336215,0.20877754900454348,0.18347055663139322,0.16112079955989678,0.14141606138269314,0.12406657109723246,0.10880705674675833,0.09539711514341548,0.0836205297643583,0.07328395512635616,0.06421525860309113,0.05968091034146
0.9338489864012565,0.8752641942683794,0.8110617714147305,0.7441366949721264,0.6769539299621451,0.6114459734834481,0.5490064218389364,0.49054514709414365,0.4365732983705156,0.38729551467203,0.3426949352687836,0.30260453206654714,0.26676308436942575,0.2348568458337752,0.20654920171365165,0.18150087729120745,0.15938302147269767,0.1398851541062271,0.1227194940383855,0.10762284420636481,0.09435685281938416,0.0827072644937657,0.07248256669642877,0.06351231299825955,0.059027186149175626
0.9292400329164952,0.8700672653011484,0.8055310135482691,0.7384969214382149,0.6713878125930807,0.6060902760583853,0.5439547348534641,0.4858542199068942,0.4322707429884498,0.3833873218487577,0.33917201209356235,0.29944797375751064,0.26394817850685787,0.23235597863848212,0.20433387547023896,0.17954304776721108,0.15765593544890544,0.13836383178045808,0.12138096677604543,0.10644622883604071,0.09332332104089319,0.0817999480949641,0.07168642661256053,0.06281399100887125,0.058377773207028
0.9245507836462753,0.8648094374479242,0.7999581701903867,0.7328316884485944,0.6658098495206356,0.600733149270969,0.5389090754094599,0.4811742755290352,0.4279821486904589,0.37949458984224277,0.33566499752631096,0.2963070603144838,0.26114820057117766,0.2298690573561163,0.20213138019911925,0.17759689092076147,0.15593937880036407,0.13685194660269795,0.12005085612528527,0.10527709136825131,0.09229641351293921,0.0808984861838169,0.07089545130704034,0.06212021880972196,0.05773260256106347
0.9197816773981342,0.859491305635741,0.794343844092148,0.7271415083392698,0.6602204143185457,0.5953748181492302,0.5338695342842772,0.4765052962973984,0.42370741791820377,0.37561716743647056,0.33217370836784443,0.2931815931673243,0.25836294859394454,0.22739588475543387,0.19994152857284592,0.17566223230957995,0.15423319140806524,0.13534935316796282,0.11872903110548838,0.1041153145395407,0.09127602574740407,0.08000278599497174,0.07010955865536656,0.06143092385750143,0.057091606458568867
0.9149331583004982,0.8541134637068903,0.7886886319853931,0.7214268848856897,0.6546198716877693,0.5900155000700374,0.5288361965916296,0.4718472610368507,0.4194464515477517,0.3717549034193607,0.32869796257786604,0.29007137568175384,0.2555922230095792,0.2249362662388496,0.19776413595884862,0.17373890013251264,0.15253721566724776,0.13385590841620415,0.11741536289079924,0.10296078304479345,0.09026205502132983,0.07911275634414766,0.06932866794242543,0.06074603486054403,0.05645471831960264
0.9100056757483491,0.8486765043594083,0.7829931245958044,0.7156883134022657,0.6490085776148748,0.5846554049360554,0.5238091419433168,0.46720014518670666,0.4151991489734788,0.36790764662604364,0.32523757928420716,0.2869762131427672,0.2528358266208078,0.22249000979659844,0.1955990203675831,0.17182672517545294,0.15085129643377104,0.1323714715808194,0.11610972476180925,0.10181338349264518,0.08925440033627774,0.07822830759140614,0.06855269982951606,0.06006548174942866,0.055821872709383574
0.9049996843491822,0.8431810190896043,0.7772579066579427,0.7099262808420631,0.6433868795283473,0.579294735348991,0.5187884446065535,0.4625639209229371,0.41096540818864324,0.3640752459798141,0.32179237879074035,0.28389591273755427,0.25009356456431736,0.2200569259616092,0.1934460024016718,0.16992554075844074,0.1491752809716959,0.13089590413841445,0.11481199205846254,0.10067300436204657,0.088252962378714,0.07734935160539774,0.067781576322265,0.059389195648335,0.05519300531137139
0.899915643869239,0.8376275981366171,0.771483556932167,0.7041412658966129,0.637755116452849,0.5739336867791704,0.5137741736570458,0.45793855727637445,0.4067451258626731,0.36025755053082226,0.3183621825840352,0.28083028353801526,0.2473652442766025,0.21763682776504562,0.19130490520598287,0.16803518268387746,0.14750901890208667,0.12942906975972612,0.11352204213410377,0.09953953595989856,0.08725764348145176,0.07647580172850665,0.06701522073939842,0.05871710884716996,0.05456805290105504
0.8947540191800555,0.8320168304289655,0.7656706482233849,0.6983337390957924,0.6321136191613917,0.5685724477315259,0.5087663931278782,0.45332402024700624,0.4025381974153683,0.3564544094926153,0.3149468133387942,0.2777791364828572,0.24465067546006747,0.21522953069247897,0.1891755544186871,0.1661554891858541,0.14585236215296643,0.12797083426178552,0.1122397543106668,0.0984128703797646,0.08626834758603541,0.07560757274293617,0.06625355768229285,0.058049154774419964,0.05394695332048213
0.8895152802053132,0.826349303533078,0.7598197474015849,0.6925041629077179,0.6264627103254496,0.5632111999080335,0.5037651621543398,0.44872027291449346,0.3983445170880437,0.3526656722766239,0.3115460949221896,0.27474228435935694,0.2419496700493559,0.21283485264076973,0.18705777812320495,0.16428630088052842,0.14420516491041452,0.12652106556114012,0.11096500983494573,0.09729290146163472,0.0852849802061087,0.07474458083762542,0.06549651300534892,0.05738526797070542,0.05332964545338437
0.8841999018680116,0.8206256036037862,0.7539314154240522,0.6866529918385912,0.6208027046629885,0.5578501183666748,0.4987705351147939,0.44412727554499765,0.39416397801180225,0.34889118852466094,0.30815985239706495,0.2717195417847776,0.23926204217792624,0.21045261387556552,0.18495140680109684,0.16242746071759018,0.1425672835707742,0.12507963362823615,0.10969769183596101,0.09617952475264313,0.08430744839170168,0.07388674357604874,0.06474401378711442,0.056725384063048556,0.052716069201015625
0.8788083640379706,0.8148463153367324,0.7480062073592579,0.6807806725324702,0.6151339090844248,0.5524893716769737,0.4937825617676611,0.43954498569447054,0.3899964722729729,0.34513080813953767,0.30478791202416533,0.26871072518751815,0.2365876081449017,0.20808263698945811,0.18285627328582937,0.1605788139327144,0.14093857669392473,0.12364641044284308,0.10843768528332881,0.09507263746880851,0.08333566069441828,0.07303397986481441,0.06399598830215264,0.05606943973977263,0.05210616545858332
0.8733411514796691,0.8090120219226993,0.7420446724123196,0.6748876438708896,0.6094566228365128,0.5471291220721625,0.4888012873846499,0.43497335830848527,0.3858418909758854,0.34138438131386395,0.3014301012633655,0.2657156527879692,0.2339261863821676,0.20572474686078035,0.18077221271739635,0.15874020800103888,0.13931890495761656,0.12222126995054539,0.1071848769466352,0.09397213845769858,0.08236952713348289,0.07218620992306135,0.0632523659936296,0.05541737272607428,0.05149987609229592
0.8677987538004219,0.8031233050038205,0.7360473539519969,0.6689743370723061,0.6037711376441733,0.5417695255980536,0.4838267528802981,0.43041234581872867,0.38170012430297495,0.3376517585571004,0.29808624877400575,0.26273414457914507,0.23127759742177095,0.20337877061303994,0.17869906249783352,0.1569114925916132,0.13770813111281116,0.12080408802023351,0.10593915535582477,0.09287792816199819,0.08140895916265711,0.07134335525263852,0.0625130774465979,0.05476912176020782,0.05089714391701139
0.8621816653989214,0.797180744631646,0.7300147895391774,0.6630411757913304,0.5980777378502493,0.5364107322586513,0.478858994937946,0.4258618982362461,0.3775710615724556,0.33393279072095605,0.2947561844143215,0.25976602230711465,0.2286416638635852,0.20104453757495977,0.1766366622475382,0.1550925195227773,0.13610611994004512,0.11939474240258013,0.10470041076248299,0.09178990858398489,0.08045386963795448,0.07050533860901015,0.061778054361957824,0.05412462657028161,0.0502979126744435
0.8564903854141347,0.7911849192270489,0.7239475109567662,0.657088576217682,0.5923767005532161,0.5310528861585825,0.47389804613219355,0.42132196324156795,0.3734545912934914,0.3302273290231861,0.29143973924009164,0.2568111094512243,0.22601821034327202,0.1987218792411663,0.17458485376242033,0.1532831427185133,0.13451273820671433,0.11799311268949342,0.10346853510208726,0.09070798325085949,0.07950417278616839,0.06967208397291591,0.06104722953107489,0.05348382785164557,0.0497021270119323
0.8507254176745603,0.7851364055419523,0.7178460442409634,0.6511169471748478,0.586668295742851,0.525696125642388,0.4689439350479774,0.41679248627175813,0.3693506012190942,0.32653522506986554,0.28813674550248053,0.2538692312041707,0.2234070635005317,0.19641062923345387,0.17254348097187622,0.15148321816565863,0.13292785462535317,0.11659908027449317,0.10224342195711278,0.08963205718091893,0.07855978417415643,0.06884351652271109,0.06032053681103017,0.05284666724482828,0.049109732461726646
0.8448872706478757,0.779035778622825,0.7117109097138447,0.6451266902184137,0.5809527864338554,0.5203405834307402,0.4639966863963188,0.41227341060455086,0.365258978396725,0.3228563308761881,0.2848470366451514,0.25094021445192655,0.22080805194767267,0.19411062326267908,0.17051238989751333,0.14969260387203004,0.13135133981279912,0.11521252831397794,0.10102496652104193,0.0885620368505341,0.07762062067888653,0.06801956260740344,0.05959791110049101,0.05221308731406249,0.04852067542084823
0.8389764573909532,0.7728836117759665,0.7055426220172231,0.6391181997340095,0.5752304287974643,0.5149863867536457,0.4590563211268356,0.4077646774396024,0.36117960921675657,0.31919049888586987,0.2815704473006872,0.24802388775355122,0.2182210062384518,0.19182169909122138,0.16849142861268124,0.14791115982541042,0.1297830662502636,0.11383334168941772,0.09981306556318542,0.08749783016193252,0.07668660045820896,0.06720014972034088,0.05887928831617151,0.05158303152631022,0.04793490313138096
0.8329934955002678,0.7666804765345189,0.699341690147718,0.6330918630348598,0.5695014722910403,0.5096336574806786,0.45412285653711193,0.40326622597698786,0.35711237945881547,0.31553758198922255,0.2783068132863345,0.24512008132088342,0.2156457588372518,0.18954369649606811,0.1664804472027423,0.1461387479533588,0.1282229082442618,0.11246140697036139,0.09860761739435703,0.08643934641173051,0.07575764292232917,0.06638520647355428,0.05816460536988144,0.050956444230827735,0.04735236366130158
0.8269389070627131,0.7604269426271966,0.6931086174930101,0.627048060458895,0.5637661597856635,0.5042825122483101,0.44919630637899194,0.3987779934930019,0.35305717433612854,0.31189743353990523,0.2750559715991599,0.24222862699815606,0.2130821440885569,0.1872764572324312,0.16447929772607228,0.1443752320838848,0.1266707418884086,0.11109661237829471,0.09740852183331428,0.08538649626022576,0.07483366870597447,0.06557466257270939,0.057453800146135825,0.05033327063924675,0.046773005885802216
0.8208132186067856,0.754123577948717,0.6868439018691996,0.6209871654654066,0.5580247276917472,0.4989330625843925,0.44427668096188866,0.3942999154133736,0.3490138785379057,0.30826990737048005,0.2718177604105837,0.23934935824154874,0.210529998186737,0.18501982499796454,0.16248783417581042,0.14262047790687266,0.1251264450260331,0.10973884775132142,0.09621568017399718,0.08433919170140053,0.07391459964121438,0.06476844879268889,0.05674681148030436,0.04971345680609973,0.04619677946899742
0.8146169610542147,0.7477709485318936,0.6805480355592648,0.6149095447312,0.552277406082672,0.49358541502982006,0.4393639872531774,0.3898319253839433,0.3449823762698631,0.3046548578067715,0.26859201906037355,0.23648211009867776,0.2079891591461533,0.18277364539752983,0.16050591244229917,0.14087435293631545,0.12358989721358571,0.10838800450962693,0.09502899515350799,0.08329734603364503,0.07300035873093885,0.06396649695372819,0.05604357913730762,0.049096949609871154,0.045623634846153616
0.8083506696719839,0.7413696185213772,0.6742215053525423,0.6088155582462479,0.5465244188164672,0.4882396712574989,0.4344582289757509,0.38537395533889685,0.3409625512929157,0.30105213968109057,0.2653785880501233,0.23362671918805145,0.2054594667715695,0.18053776590852139,0.1585333902762165,0.13913672647332953,0.1220609796848432,0.10704397562169843,0.09384837092082376,0.0822608738311359,0.072090870122965,0.06316873989814648,0.05534404379079344,0.048483696734480386,0.04505352320632247
0.8020148840247571,0.7349201501490251,0.6678647925852044,0.6027055594087845,0.5407659836555695,0.4828959281885557,0.42955940670280357,0.3809259355666672,0.33695428696015745,0.297461608344389,0.26217730903621284,0.23078302367849496,0.2029407626288976,0.178312035846713,0.1565701272524006,0.1374074695698807,0.12053957531587972,0.10570665557131098,0.09267371300622773,0.08122969091591686,0.07118605908472964,0.06237511146762187,0.05464814700285314,0.04787364665121835,0.044486396475399564
0.7956101479277583,0.7284231037108596,0.6614783731816808,0.5965798951198503,0.5350023123846317,0.47755427810597867,0.4246675179499462,0.3764877947734807,0.33295746625211925,0.29388311967736835,0.2589880248223417,0.2279508632685709,0.20043289001623193,0.17609630633267925,0.15461598473432842,0.1356864549932557,0.1190255685907568,0.10437594032523811,0.09150492829142903,0.08020371433057338,0.07028585197861315,0.061585546481011944,0.053955831204190174,0.04726674860110747,0.04392220729956611
0.7891370094000587,0.7218790375456051,0.6550627176970066,0.5904389058772531,0.529233610926455,0.47221480876562455,0.41978255726466407,0.3720594601447427,0.32897197181044474,0.29031653010059,0.25581057935158275,0.22513007916599576,0.19793569393522087,0.1738904302586941,0.15267082583924896,0.13397355719124981,0.11751884556797099,0.10305172730164791,0.0903419249803375,0.0791828623115956,0.06939017623779631,0.06079998071268217,0.05326703967477309,0.046662952577707084,0.04336090902917478
0.7825960206182897,0.7152885080147816,0.6486182913600105,0.5842829258689196,0.5234600794560278,0.4668776035047187,0.41490451631325115,0.36764085740422225,0.32499768596997713,0.2867616965836664,0.2526448176980542,0.2223205140670717,0.1954490210627588,0.1716942622561904,0.15073451540394273,0.13226865225802187,0.11601929384757736,0.10173391533922216,0.08918461257052535,0.07816705426327702,0.06849896034271385,0.060018350871342274,0.05258171652495064,0.046062209310296365,0.04280245570296923
0.775987737870816,0.7086520694843209,0.6421455541173675,0.5781122830656279,0.5176819125126859,0.461542741347859,0.41003338396524147,0.36323191087117845,0.3210344907893514,0.2832184766534962,0.24949058605818752,0.21952201213612105,0.1929727197229683,0.1695076586637076,0.14880691995112216,0.1305716179006572,0.1145268025390167,0.10042240466692082,0.08803290182529677,0.07715621073227791,0.06761213379800346,0.059240594579393346,0.051899806676986016,0.045464470247477684,0.04224680203272352
0.769312721512324,0.7019702743076873,0.6356449606784206,0.5719272993131103,0.5118992991104493,0.45621029711060274,0.40516914637542534,0.3588325435154485,0.31708226808013773,0.2796867284016652,0.2463477317416321,0.21673441898498597,0.19050663985951954,0.1673304774953241,0.1468879076564178,0.128882333406366,0.11304126222960592,0.09911709687440012,0.08688670474638338,0.07615025338270354,0.0667296271100376,0.05846665035274118,0.05122125584703929,0.04486968754115056,0.041693903388204806
0.7625715359188691,0.6952436728104839,0.629116960560782,0.5657282904234902,0.5061124228465177,0.45088034150064654,0.40031178706350784,0.3544426770105816,0.31314089943455387,0.2761663104909995,0.24321610316182796,0.2139575816525338,0.18805063300825348,0.16516257840962084,0.14497734831597914,0.1272006796103231,0.11156256495367806,0.0978178948830788,0.0857459345472461,0.07514910497177507,0.06585137176491618,0.05769645758104541,0.050546010527571794,0.044277814030867224,0.041143715782514245
0.7557647494433578,0.6884728132765243,0.6225619981366358,0.5595155662660563,0.5003214620079598,0.44555294121670225,0.3954612869914498,0.35006223178507684,0.309210266251872,0.2726570821613192,0.24009554982624276,0.21119134858423455,0.185604552270123,0.16300382267909197,0.1430751133146474,0.12552653886415688,0.11009060416235783,0.09652470291780652,0.08461050562695582,0.07415268932602359,0.0649773002069906,0.05692995650848215,0.04987401797013624,0.043688803228535134,0.040596195857733886
0.7488929343715117,0.6816582419353207,0.6159805126797493,0.5532894308573566,0.49452658967662766,0.44022815904506407,0.39061762463862004,0.34569112707176913,0.30529024976349156,0.26915890323442604,0.23698592232631321,0.20843556961176596,0.18316825228443107,0.16085407316005773,0.14118107559469573,0.1238597950050338,0.10862527469396172,0.09523742647913613,0.08348033354463186,0.07316093131803508,0.06410734581784733,0.05616708821487293,0.049205226168580474,0.04310260930350668,0.04005130087096909
0.7419566668782351,0.6748005029510111,0.6093729384131288,0.5470501824506077,0.4887279738322904,0.43490605395394566,0.38578077607471645,0.3413292809554533,0.30138073105676066,0.2656716341183793,0.23388707232710887,0.20569009593272292,0.18074158920239058,0.15871319426301045,0.1392951096251302,0.1222003333253327,0.10716647274499058,0.09395597231619118,0.08235533499446474,0.07217375684367422,0.06324144289577005,0.0554077945972925,0.04853958384261753,0.04251918706795199,0.039508988680619916
0.7349565269844912,0.6679001384126554,0.6027397045573146,0.5407981136243772,0.482925777454056,0.42958668118562304,0.3809507150306077,0.33697661041874466,0.2974815910975995,0.26219513581103304,0.23079885255671007,0.20295478009036555,0.17832442066098436,0.1565810519234559,0.13741709137154168,0.12054804054291435,0.10571409584171076,0.09268024840008299,0.08123542778122744,0.07119109279983132,0.0623795266356697,0.05465201835206657,0.04787704042177321,0.04193849196263422,0.03896921773306403
0.7278930985146065,0.6609576883259222,0.5960812353792435,0.5345335113705829,0.4771201586200341,0.42427009234645013,0.376127412967088,0.33263303138631045,0.29359271075193594,0.2587292699029478,0.22772111679537216,0.2002294759534326,0.17591660575712736,0.15445751357317516,0.13554689826646704,0.11890280477196147,0.10426804281231661,0.09141016389789536,0.08012053079635567,0.07021286706265645,0.06152153310942238,0.05389970295716501,0.04721754602970418,0.04136048004294707,0.038431947049569204
0.7207669690540451,0.6539736906061091,0.5893979502417102,0.5282566571817388,0.4713112706053228,0.418956335494744,0.37131083914164614,0.3282984587674384,0.2897139708060298,0.2552738985796277,0.22465371986441912,0.19751403869608525,0.1735180050221205,0.15234244811194175,0.13368440918029995,0.11726451549435857,0.10282821375962453,0.09014562914720498,0.0790105639945124,0.0692390084662306,0.06066739924668607,0.053150792654999,0.046561051468836656,0.040785107965291,0.03789713621351887
0.7135787299076601,0.6469486810724894,0.5826902636533398,0.5219678271375011,0.46549926197832214,0.41364545522663,0.3665009606732439,0.32397280649705124,0.28584525198572935,0.25182888462315506,0.22159651761495675,0.19480832477787452,0.17112848039642775,0.1502357258796605,0.1318295043926873,0.11563306353161856,0.10139451003434441,0.08888655563111941,0.0779054483706354,0.06826944678174629,0.059817062816086564,0.052405232435588645,0.04590750820538114,0.04021233297376442,0.03736474535795606
0.7063289760583964,0.6398831934439699,0.5759585853190731,0.5156672919904473,0.4596842766953893,0.4083374927598818,0.3616977426052381,0.31965598757520974,0.281986434974614,0.24839409141324542,0.2185493669163499,0.19211219192384887,0.16874789520471556,0.14813721862895757,0.12998206556442543,0.11400834101734786,0.09996683420884639,0.08763285595383141,0.07680510593749967,0.0673041126970697,0.05897046240684323,0.05166296802009973,0.04525686835465531,0.039642112887122716,0.03683473515335711
0.6990183061264692,0.632777759336034,0.5692033201911368,0.509355317251145,0.4538664541938492,0.40303248601578356,0.35690114796640554,0.3153479141051019,0.2781374004312179,0.24496938292772885,0.2155121256445361,0.18942549910473117,0.1663761141312156,0.14604679949814237,0.12814197570985703,0.11239024137019715,0.09854509005145645,0.08638444381666582,0.07570945970371834,0.06634293779680112,0.0581275374107737,0.05092394584473581,0.044609084666728804,0.03907440608604262,0.03630706679569953
0.6916473223290156,0.625632908258928,0.5624248685204759,0.503032163272439,0.44804592948342326,0.397730469699073,0.3521111378301939,0.31104849732964124,0.27429802900520023,0.24155462374249453,0.2124846526701571,0.18674810651719415,0.16401300319534295,0.1439643429846163,0.12630911916972215,0.11077865926733405,0.09712918250126268,0.08514123399461643,0.07461843365219184,0.06538585454270579,0.05728822800469269,0.05018811304497717,0.04396411051239002,0.03850917150066274,0.0357817019947991
0.6842166304402187,0.6184491676171217,0.5556236259085995,0.4966980853330145,0.4422228332360445,0.3924314753759872,0.3473276713722037,0.3067576476666542,0.27046820135263744,0.2381496790309301,0.20946680784651867,0.18407987556425254,0.1616584297276319,0.14188972491866875,0.12448338158448924,0.10917349061841525,0.09571901764337531,0.08390314231333657,0.07353195271904145,0.06443279625456821,0.05645247513316881,0.049455417440165406,0.04332189986940155,0.03794636859838496,0.03525860296287597
0.6767268397519024,0.6112270627099563,0.5487999833598391,0.4903533337201872,0.4363972918741382,0.38713553155048236,0.34255070592597164,0.3024752747427334,0.26664779815035733,0.2347544145628544,0.2064584519974086,0.18142066883574393,0.15931226234592588,0.1398228224376588,0.12266464986812053,0.10757463253999316,0.09431450268470448,0.08267008562660438,0.07244994277292582,0.06348369709145568,0.055620220491658934,0.048725807518403,0.04268240730906786,0.03738595737195205,0.03473773240339484
0.6691785630346065,0.6039671167335128,0.5419543273340051,0.4839981538119445,0.43056942765733464,0.3818426637386435,0.3377801970370742,0.2982012874257922,0.2628367001094381,0.23136869670299376,0.20345944690477458,0.178770350088929,0.15697437093186023,0.13776351396059122,0.12085281218230104,0.10598198333044428,0.09291554593016949,0.08144198179422663,0.07137233059479331,0.0625384920333566,0.054791406509983875,0.04799923242177345,0.04204558798306668,0.03682789832776534,0.03421905350011467
0.6615724164991329,0.5966698507836556,0.5350870397993778,0.47763278615822674,0.42473935876769786,0.3765528945413224,0.3330160985156441,0.2939355938563301,0.25903478798784824,0.2279923924089905,0.20046965529625926,0.17612878422919032,0.15464462660762096,0.13571167916306692,0.11904775791108518,0.1043954424452917,0.09152205675936748,0.08021874966036985,0.07029904385804364,0.06159711686319347,0.05396597633615663,0.04727564193189038,0.04141139761058149,0.03627215247447024,0.03370252990641531
0.6539090197585778,0.5893357838602404,0.5281984982860665,0.47125746656143247,0.41890719939343124,0.371266243715071,0.3282583624872701,0.28967810147752515,0.2552419426022773,0.22462536922899512,0.19748894083263663,0.17349583729085183,0.1523229017129618,0.13366719895258755,0.1172493776359626,0.10281491047301333,0.09013394560369176,0.0790003090323177,0.06923001110910043,0.060659508149192576,0.053143873820535315,0.04655498645570327,0.04077979246567831,0.03571868131175687,0.03318812573479754
0.6461889957908286,0.5819654328724583,0.521289075939655,0.46487242615619456,0.4130730598111379,0.3659827282413708,0.32350693944240005,0.28542871706408457,0.2514580448391826,0.22126749529883388,0.1945171680951152,0.17087137641810385,0.15000906978250156,0.13162995544425682,0.11545756311134858,0.10124028911125821,0.08875112392385809,0.07778658065964728,0.06816516174831533,0.059725603227638036,0.052325043500292545,0.04583721701165444,0.04015072936496694,0.035167446819422965,0.03267580554664959
0.638412970901548,0.5745593126453001,0.514359141575188,0.4584778914883639,0.4072370464666103,0.360702362394226,0.31876177828424196,0.2811873467499934,0.2476829756650617,0.21791863933879885,0.1915542025725525,0.16825526984606543,0.1477030055232656,0.12959983193679692,0.11367220724046861,0.09967148114348734,0.08737350418785844,0.07657748621377886,0.06710442601131766,0.05879534018594368,0.05150943058422064,0.045122285216063485,0.03952416565550787,0.034618411446622754,0.03216553434218089
0.630581574687647,0.5671179359271368,0.507409059731393,0.45207408459324583,0.4013992620542209,0.35542515780613293,0.3140228263752043,0.27695389605511683,0.24391661613604038,0.21457867065002023,0.18859991064856946,0.16564738688190916,0.14540458479251617,0.12757671288892852,0.11189320405163433,0.09810839041603236,0.08600099984931997,0.07537294826794882,0.06604773495066385,0.05786865784605799,0.05069698093782826,0.04441014326982545,0.038900059202966186,0.034071538101405896,0.03165727755062714
0.6226954400012169,0.5596418133983726,0.5004391907252042,0.44566122307307804,0.3955598055949028,0.35015112353249805,0.30929002958192814,0.27272826991074084,0.2401588474066907,0.21124745911053067,0.18565415958858855,0.16304759788618173,0.14311368457580187,0.12556048389610053,0.11012044867490384,0.09655092181552888,0.08463352532625257,0.07417289027752821,0.06499502041789201,0.056945495748220165,0.04988764106872434,0.04370074394535878,0.03827836837999726,0.033526790140385454,0.031151001020580243
0.6147552029139559,0.5521314536811616,0.4934498907065002,0.4392395201737592,0.3897187725127482,0.34488026611447925,0.304563332318962,0.2685103726840665,0.2364095507382466,0.20792487517093255,0.18271681752677488,0.16045577425416874,0.14083018296528194,0.12355103166752646,0.10835383731911952,0.09499898124676748,0.08327099598018639,0.07297723656072425,0.06394621504587361,0.05602579413501313,0.049081358112312845,0.04299404057382383,0.03765905205488501,0.03298413135867789,0.03064667101057572
0.6067615026820627,0.5445873633501949,0.48644151171308575,0.4328091848608051,0.3838762547102581,0.3396125896403743,0.29984267759106675,0.2643001082016719,0.2326686075060841,0.20461078984977538,0.17978775345292158,0.15787178839742066,0.13855395913829477,0.12154824400356784,0.10659326724931084,0.09345247561090564,0.0819133280956813,0.07178591227964548,0.06290125223154391,0.05510949393571912,0.04827807981774984,0.04228998703258435,0.03704206958039663,0.03244352598002348,0.03014425417983621
0.5987149817116288,0.5370100469444846,0.4794144017259014,0.4263704218945799,0.37803234064226476,0.33434809580547425,0.29512800703425657,0.2600973797720216,0.2289358992066337,0.20130507472857911,0.1768668371992646,0.1552955137253717,0.13628489333615268,0.11955200977342428,0.10483863676443855,0.0919113127840529,0.08056043886019437,0.07059884342169587,0.06186006611891698,0.05419653675100139,0.047477754534186456,0.04158853773292004,0.036427380782848295,0.03190493864709959,0.02964371757922385
0.5906162855244881,0.5294000069801948,0.47236890472439064,0.41992343190475206,0.37218711538854615,0.32908678397054747,0.2904192609555434,0.25590209020699556,0.2252113074636436,0.19800760194657596,0.17395393942723075,0.15272682462711684,0.13402286684319475,0.11756221889313578,0.10308984517551079,0.09037540159620716,0.07921224634431095,0.06941595678132545,0.06082259158245035,0.053286864837844006,0.046680331197261615,0.04088964760798064,0.035814945951404,0.031368334412029686,0.029145028642343224
0.5824660627245564,0.5217577439644399,0.4653053607420951,0.41346841146403385,0.3663406607251382,0.32382865121887844,0.2857163783714589,0.25171414184249896,0.221494714033868,0.19471824419516476,0.17104893161414697,0.1501655964532514,0.13176776196606038,0.11557876230388481,0.10134679278402253,0.0888446518105504,0.07786866948231441,0.06823717994209888,0.05978876421070256,0.05238042109481089,0.04588575931586958,0.0401932721009704,0.03520472582756867,0.030833678727081038,0.028648155176836526
0.5742649649646485,0.5140837564100852,0.4582241059223807,0.4070055531611688,0.3604930551944205,0.31857369241194006,0.28101929704539425,0.24753343655820048,0.21778600081218819,0.19143687471205595,0.1681516860398788,0.14761170549787705,0.12951946201320147,0.11360153195060646,0.09960938086071847,0.08731897410309414,0.07652962805309027,0.06706244125908589,0.0587585202902835,0.05147714904753936,0.045093988959159226,0.039499367153547627,0.03459668159488949,0.030300937435528974,0.028153065355848023
0.5660136469137677,0.5063785408514883,0.45112547257435687,0.40053504567319487,0.35464437417392497,0.31332190024374457,0.27632795352375006,0.24335987579636453,0.2140850498361685,0.18816336727519312,0.16526207577345076,0.14506502898069956,0.12727785127460145,0.11163042076087204,0.09787751162469854,0.0857982800426288,0.07519504266136345,0.06589166984157235,0.057731796790103096,0.05057699283453343,0.04430497074379425,0.03880788919446848,0.033990774868845886,0.02977007676272375,0.02765972770966338
0.5577127662248771,0.49864259186121335,0.44400978922891216,0.3940570738369689,0.3487946899439473,0.3080732652938664,0.27164228317096417,0.2391933605798799,0.21039174329010452,0.1848975961963789,0.16237997465959886,0.14252544502924291,0.12504281500174963,0.10966532262407097,0.09615108822282614,0.08428248207102834,0.07386483471924221,0.0647247955360572,0.05670853134591425,0.04967989719320137,0.04351865582143122,0.0381187951284126,0.03338696768694499,0.029241063307287873,0.027168111117459315
0.5493629835031307,0.49087640206764843,0.4368773806948986,0.38757181871998947,0.34294407175396446,0.3028277760792106,0.26696222020342747,0.2350337915294376,0.20670596350854248,0.18163943631467894,0.15950525730532156,0.13999283266120793,0.12281423938778624,0.10770613237085641,0.09443001470943457,0.08277149348383667,0.07253892642808263,0.06356174890955885,0.05568866224509306,0.04878580744615696,0.04273499586645163,0.03743204232503766,0.03278522249898497,0.028713864032522962,0.026678184799291266
0.54096496227461,0.48308046217355527,0.429728568115427,0.38107945769048496,0.3370925858878812,0.2975854191045027,0.2622876977223465,0.23088106887994425,0.20302759297930184,0.17838876298958833,0.15663779906636144,0.13746707176690715,0.12059201154791394,0.1057527457528698,0.09271419602634307,0.08126522841118977,0.07121724076064734,0.062402461233193596,0.05467212841174102,0.04789466948774135,0.04195394306388267,0.03674758860823246,0.03218550215750848,0.028188446257934596,0.02618991830814696
0.5325193689554905,0.4752552609755073,0.42256366902431036,0.37458016448681797,0.33124029572810937,0.29234617891160664,0.2576186477455278,0.22673509249614698,0.1993565143460413,0.17514545209395688,0.15377747603369518,0.1349480430918315,0.11837601949995363,0.10380505942272633,0.09100353798316835,0.0797636017990197,0.06989970144355706,0.061246864466055206,0.05365886939198983,0.047006429770815594,0.041175450097563626,0.03606539224554478,0.03158776990843798,0.02766477765094727,0.025703281522203303
0.5240268728217214,0.46740128538421966,0.4153829974025344,0.36807410928615947,0.3253872618185383,0.28711003812759844,0.25295500123818926,0.22259576188753266,0.19569261041032793,0.17190938000672396,0.1509241650199722,0.1324356282193448,0.11616615214516818,0.10186297091425017,0.08929794723789575,0.07826652939055267,0.0685862329400197,0.06009489123934009,0.052648825339599026,0.04612103529376271,0.04039947013851769,0.0353854119378369,0.030991989381851104,0.027142826218744254,0.02521824463718944
0.5154881459791288,0.4595190204457589,0.40818686373491897,0.36156145877250384,0.3195335419263978,0.28187697751173163,0.24829668814272815,0.2184629762224971,0.19203576413330398,0.16868042360542318,0.1480777435459435,0.1299297095534599,0.1139622992492359,0.09992637862297621,0.0875973312777556,0.07677392770808755,0.06727676043285502,0.05894647484073895,0.0516419370017826,0.04523843358772012,0.03962595683351389,0.03470760680907986,0.030398124582958763,0.02662256030027399,0.024734778158931603
0.5069038633340461,0.4516089493635758,0.40097557506677817,0.3550423762039803,0.3136791911030265,0.27664697600122967,0.24364363740759232,0.21433663434180378,0.18838585863687474,0.1654584602585038,0.14523808982687264,0.1274301703017594,0.11176435142344204,0.09799518178687794,0.08590159840034528,0.07528571403504908,0.065971209807765,0.057801549199100466,0.05063814570526737,0.044358572704034094,0.038854864293833,0.034031936396360096,0.02980613988322195,0.02610394855838416,0.024252852895965266
0.49827470256434275,0.4436715535214089,0.3937494350607168,0.34851702147949,0.30782426174358196,0.2714200107560155,0.23899577701514407,0.2102166347713874,0.1847427772045218,0.16224336781744814,0.1424050827589382,0.12493689445838702,0.10957220010606034,0.09606928046733965,0.0842106576950219,0.07380180639831174,0.06466950763688306,0.05666004886932946,0.04963739334259837,0.0434814012019169,0.03808614708424307,0.033358360640051155,0.029216000011618448,0.02558695997211674,0.02377243995236658
0.489601344090973,0.43570731250700684,0.38650874405347924,0.3419855512046682,0.30196880364572326,0.2661960572023128,0.23435303400868163,0.20610287573447766,0.18110640328168337,0.1590350246087141,0.1395786019055975,0.12244976678717212,0.10738573754391356,0.09414857553037559,0.0825244190245461,0.072322123550779,0.06337158116256209,0.05552190901752935,0.04863962235865521,0.04260686813632175,0.03731976021212752,0.032686839874140894,0.028627670046074694,0.025071563829090482,0.023293510720597682
0.48088447104994714,0.42771670413667,0.37925379911283447,0.33544811875723113,0.29611286406723836,0.2609750890752438,0.2297153345185335,0.2019952551630913,0.17747662047576385,0.1558333094255071,0.13675852748396,0.11996867280485851,0.10520485677411318,0.09223296862804764,0.08084279300698688,0.07084658495421364,0.06207735828141492,0.05438706540637078,0.04764477573738907,0.04173492304601206,0.03655565911683395,0.03201733481673352,0.028041115405044725,0.024557729718070742,0.02281603687458375
0.4721247692648048,0.41970020448056367,0.37198489409456803,0.32890487435160154,0.290256487782721,0.255757078460353,0.22508260378730355,0.1978936707088999,0.17385331255575787,0.15263810151936313,0.1339447403511565,0.11749349876443854,0.10302945160598764,0.09032236218012857,0.07916569099783166,0.06937511076231251,0.06078676752861445,0.05325545438070317,0.046652796988778944,0.040865515941819475,0.035793799659164516,0.031349806560716786,0.02745630183920711,0.024045427521635077,0.022339990362849754
0.46332292721948803,0.41165828788886916,0.3647023196994892,0.3223559651029717,0.2843997171392318,0.25054199583419007,0.22045476619428073,0.19379801975351885,0.17023636345149806,0.14944928059159035,0.13113712199067512,0.11502413163854974,0.10085941660317316,0.08841665935595683,0.07749302507237266,0.0679076218040281,0.05949973806237546,0.052127012853379895,0.0456636301359753,0.03999859729509614,0.03503413811106609,0.030684216564566547,0.026873195423332552,0.023534627408947073,0.02186534340175364
0.4544796360317238,0.403591427018668,0.35740636353051025,0.31580153509065956,0.27854259211101684,0.2453298101038559,0.2158317452790326,0.1897081994181829,0.1666256572525865,0.14626672678453717,0.12833555449871664,0.11256045910303658,0.0986946470658806,0.0865157640565245,0.07582470800829022,0.06644403956711648,0.058216199648718214,0.05100167829127783,0.04467721970266986,0.039134118026344644,0.03427663114545232,0.030020526643308176,0.026291762548254216,0.02302529982869672,0.021392068468916586
0.445595589426831,0.39550009286160176,0.3500973101497454,0.3092417254209237,0.2726851503532954,0.2401204886456343,0.21121346376419686,0.18562410657286116,0.1630210782069444,0.1430903206727216,0.12553992057052488,0.11010236952056218,0.09653503901330962,0.0846195808967401,0.07416065326847077,0.06498428618189472,0.05693608264641381,0.04987938870156944,0.043693510700633376,0.03827202949404085,0.03352123582622407,0.029358698959625062,0.025711969912997623,0.022517415502094906,0.020920138296644936
0.4366714837119867,0.3873847547722964,0.3427754411356593,0.3026766742891124,0.26682742725511466,0.2349139973426867,0.20659984357754152,0.181545637844846,0.15942251071904695,0.13991994325380647,0.12275010348671567,0.10764975192432136,0.09438048916625558,0.08272801518791062,0.07250077498403562,0.06352828440524538,0.05565931799216134,0.04876008261814058,0.042712448617440724,0.03741228348360104,0.03276790959841763,0.028698696015094782,0.025133784517009095,0.022010945416041372,0.020449525865556817
0.4277080177509246,0.37924588049750435,0.33544103514026175,0.2961065170412308,0.260969455991332,0.22971030062183817,0.2019908058732145,0.17747268962677865,0.15582983934784994,0.13675547593944293,0.1199659870996378,0.10520249600186465,0.09223089492982894,0.08084097292040543,0.07084498793756555,0.06207595760479717,0.05438583718595513,0.04764369908825533,0.04173397940440554,0.036554832196530884,0.032016610278519375,0.02804048064159459,0.02455717365251603,0.021505860816345423,0.019980204398259427
0.4187058929391155,0.3710839362059959,0.32809436794631747,0.2895313862349244,0.2551112675737127,0.22450936148948053,0.1973862710523147,0.17340515808418333,0.1522429488043861,0.1335968005459598,0.11718745581965201,0.10276049207899735,0.09008615437635786,0.0789583607465047,0.06919320754655567,0.060627229743354105,0.05311557227666713,0.04653017765937073,0.04075804946466338,0.035699628239746484,0.031267296044906745,0.027384015992786004,0.023982104897010692,0.02100213320109373,0.019512147353134557
0.4096658131793371,0.36289938651915404,0.3207357125245974,0.2829514116998805,0.2492528909011596,0.21931114156664294,0.19278615878273453,0.16934293916247428,0.14866172394906868,0.13044379928494748,0.11441439460150582,0.10032363110376724,0.0879461662284281,0.0770800859634227,0.06754534984703409,0.05918202536346895,0.05184845584781106,0.04541945836615824,0.03978460564142139,0.03484662461503002,0.03051992542846549,0.02672926553577426,0.02340854610584503,0.02049973431409169,0.019045328418215712
0.400588484857739,0.35469269454226765,0.3133653390911456,0.2763667205976733,0.24339435280912175,0.21411560112317846,0.1881903880183125,0.16528592859349628,0.14508604978871048,0.12729635475370177,0.11164668893061808,0.09789180463055658,0.08581082984205207,0.07520605649652679,0.06590133147738736,0.05774026957226647,0.05058442100349669,0.044311481717694556,0.038813595206407814,0.03399577470864501,0.02977445730330819,0.026076193042863516,0.022836465404922623,0.019998636138425507,0.018579721505177643
0.39147461682029205,0.3464643218965599,0.30598351516459565,0.2697774374810377,0.23753567811819615,0.20892269911117617,0.18359887701733385,0.16123402190158648,0.14151581147325704,0.12415434992553154,0.10888422480943155,0.09546490480421554,0.08368004519000438,0.07333618088268823,0.06426106966236772,0.05630188802640407,0.0493234013545743,0.04320618868481202,0.037844965848438106,0.03314703228110838,0.029030850877644065,0.025424762583449445,0.022265831183523876,0.01949881089009925,0.01811530074338763
0.38232492034970117,0.33821472875184555,0.2985905056234861,0.26318368435261363,0.2316768896819102,0.2037323931975657,0.1790115433603523,0.15718711440915328,0.1379508942922325,0.1210176681399805,0.1061268887437114,0.09304282434433458,0.08155371284525315,0.07147036825384812,0.06262448219727518,0.05486680691723783,0.0480653310049442,0.04210352068765161,0.036878665662172516,0.032300351457083265,0.028289065684773684,0.024774938516006206,0.021696612087206135,0.0190002310117815,0.01765204047406918
0.37314010914276385,0.32994437385991393,0.2911865727636159,0.2565855807231593,0.2258180084337466,0.1985446397959445,0.17442830396739994,0.15314510124185277,0.13439118367093716,0.11788619309290177,0.10337456772887138,0.09062545652953335,0.07943173396455089,0.06960852832068182,0.06099148743230337,0.053434952956164794,0.04681014453803006,0.04100341958333531,0.03591464313699583,0.031455686715428643,0.02754906157421272,0.024126685480210797,0.021128777010832878,0.018502869166615865,0.017189915244508747
0.36392089928810045,0.32165371458854897,0.2837719763554278,0.24998324366923147,0.21995905343340783,0.19335939409766412,0.16984907511458092,0.149107877333296,0.1308365651663826,0.11475980882642983,0.10062714923630284,0.08821269518188013,0.07731401027213786,0.06775057135645773,0.05936200425707833,0.05200625336011927,0.04555777700343683,0.039905827653811954,0.03495284714604835,0.030612992879373857,0.026810798702922578,0.023479968389156225,0.020562295091662575,0.018006698232161944,0.01672889980241163
0.3546680092443563,0.31334320695623474,0.2763469737014093,0.24337678789037726,0.21410004191233095,0.18817661010216702,0.1652737724500461,0.14507533742934148,0.12728692446296874,0.11163839971885942,0.09788452119966623,0.08580443465133758,0.0752004440435633,0.06589640818104592,0.05773595208531934,0.05058063583724126,0.04430816390375708,0.03881068759385986,0.03399322693541512,0.029772225106813877,0.026074237526675648,0.02283475242166738,0.01999713570256939,0.017511691294368192,0.016268969090267593
0.345382159818812,0.3050133056674634,0.26891181969349864,0.23676632576582063,0.20824098931850749,0.1829962406466365,0.16070231100943078,0.1410473760919989,0.12374214736792233,0.10852185047439539,0.0951465720012229,0.08340056980030985,0.07309093808962608,0.06404595014503356,0.05611325083968166,0.049158028572701684,0.04306124118151622,0.03771794249922966,0.03303573211342614,0.02893333888073918,0.02533933879151351,0.022191003014740418,0.019433268445340213,0.01701782164165999,0.015810098239820575
0.3360640741463944,0.29666446414873676,0.2614667668705828,0.23015196741067306,0.20238190936057165,0.17781823743493186,0.1561346052306692,0.1370238877028973,0.12020211980649648,0.10541004611280547,0.09241319045813212,0.08100099598824378,0.07098539574043605,0.06219910911401394,0.054493820936744874,0.047738360214678865,0.041816945206288314,0.03662753585491341,0.032080312640095365,0.028096289999782198,0.02460606352532313,0.02154868585605707,0.018870663144036903,0.016525062759097098,0.015352262566627889
0.32671447766913914,0.28829713458515677,0.25401206547594063,0.22353382073165978,0.19652281405124067,0.17264255106586024,0.15157056896830945,0.1330047664664144,0.1166667278169553,0.10230287195898413,0.0896842658087621,0.07860560905628561,0.06888372082954758,0.060355797452986415,0.05287758327213177,0.0463215598604752,0.04057521276194659,0.03553941152357187,0.03112691881668045,0.027261034568870635,0.023874373029530993,0.0209077668765989,0.01830928983848623,0.016033388322594933,0.014895437564649283
0.3173340981159886,0.27991176795767597,0.24654796351477742,0.2169119914824269,0.19066371375006802,0.16746913106079064,0.14701011550726922,0.12898990641239116,0.11313585754529482,0.09920021363239856,0.08695968769899115,0.07621430531201817,0.06678581767825265,0.05851592801088823,0.051264459205783985,0.04490755704277816,0.039335981034037404,0.03445351373407152,0.03017550127539792,0.026427528990008442,0.023144228870859707,0.020268212243362838,0.017749118777800332,0.015542772193231913,0.01443959890094701
0.30792366548308275,0.27150881408092575,0.23907470681177045,0.21028658331833788,0.1848046172055598,0.162297925890649,0.14245315757608068,0.12497920139849933,0.10960939523979307,0.09610195703646102,0.08423934616848677,0.073826981514237,0.06469159107992117,0.056679414105263726,0.049654370547355664,0.04349628171606973,0.03809918759730552,0.033369787070165746,0.029226010969171656,0.02559572995313869,0.022415592873230306,0.019629988352143357,0.01719012041402762,0.01505318841162756,0.01398472241042753
0.2984839120144092,0.2630887216416869,0.23159253906862992,0.20365769785092858,0.1789455315966776,0.15712888300224992,0.13789960735964557,0.12097254511224814,0.10608722724531894,0.09300798834776663,0.08152313163701658,0.07144353485779714,0.06260094628446067,0.05484616950701682,0.04804723954173612,0.04208766424314003,0.036864770403334524,0.03228817645927612,0.028278399161608958,0.024765594427135496,0.021688427109710362,0.018993061820414547,0.016632265395834234,0.014564611192365018,0.01353078409063041
0.28901557218283247,0.2546519382379375,0.22410170192175005,0.19702543470186545,0.17308646257370025,0.15196194884409125,0.133349376511456,0.1169698310726594,0.10256923999744372,0.08991819400528678,0.07881093489070512,0.06906386295849609,0.0605137889828522,0.05301610842531057,0.04644298885470716,0.04068163538174102,0.03563266776832191,0.031208627161405378,0.02733261741696691,0.02393707965087921,0.020962693894591156,0.018357399480296854,0.016075524562284005,0.014077014918520425,0.01307776009663933
0.27951938267155724,0.24619891041851166,0.21660243499984216,0.19038989155655273,0.1672274142985472,0.1467970688915174,0.1288023761654114,0.1129709526315914,0.09905532001633494,0.08683246069943612,0.07610264706831849,0.06668786383801223,0.05843002529180019,0.051189145492551436,0.044841541558705844,0.039278126271363734,0.03440281836094572,0.03013108475814763,0.026388617590322738,0.02311014312443016,0.02023835577553007,0.017722968371582104,0.015519868936676728,0.013590374136195071,0.012625626735954937
0.26999608235594996,0.23773008372332954,0.2090949759816621,0.18375116421731758,0.16136838948447862,0.1416341876713273,0.12425851694711221,0.10897580297473813,0.09554535390048496,0.08375067536106201,0.07339815964750723,0.06431543590889599,0.05634956173842243,0.049365195749488666,0.04324282111870109,0.037877068420116844,0.033175161190374114,0.029055495141827592,0.025446351817765,0.0222847426002995,0.019515375525773482,0.01708973573485012,0.01496526972046136,0.013104663549171058,0.012174360463525213
0.2604464122857822,0.22924590272422746,0.20157956065375154,0.17710934665624706,0.1555093894352752,0.13647324878585942,0.11971770898473455,0.10498427512232594,0.09203922832021066,0.08067272515033252,0.07069736443106878,0.061946477959583246,0.05427230524504417,0.04754417463039701,0.041646751378182634,0.03647839369173567,0.031949635594355486,0.02798180450471477,0.02450577250673186,0.021460836074785328,0.01879371613647124,0.016457669004657505,0.01441169828720612,0.012619858013578067,0.011723937876764734
0.25087111566781256,0.22074681106635102,0.19405642296825704,0.1704645310676406,0.1496504140838656,0.13131419493652013,0.11517986191946772,0.10099626192949102,0.08853683001099205,0.07759849744555375,0.06800015353317646,0.05958088913947113,0.052198163114057505,0.045725997948362074,0.04005325654523606,0.035082034292661934,0.030726181227437588,0.026909959328347277,0.023566832326422926,0.020638381779422565,0.018073340809064697,0.015826735802772218,0.013859126176633818,0.012135932532626736,0.011274335710622502
0.2412709378487754,0.21223325151010913,0.18652579510080453,0.16381680792011966,0.14379146203046117,0.12615696794680137,0.11064488491552699,0.09701165608634876,0.08503804576660973,0.07452787983188575,0.06530641936558085,0.05721856894400079,0.05012704301286114,0.043910581880653166,0.03846226117875107,0.033687922759256805,0.02950473804925191,0.02583990637295558,0.02262948419828187,0.01981733817249809,0.017354212947735814,0.01519690393149975,0.013307525088715466,0.011652862251415597,0.010825530832764968
0.2316466262987399,0.20370566597372602,0.1789879075084183,0.15716626600842803,0.13793253058014404,0.12100150878480431,0.1061126866697612,0.09303035011779398,0.08154276243211994,0.07146076008997804,0.06261605462382774,0.05485941719981097,0.04805885295882523,0.042097842954177955,0.036873690174667184,0.03229599194510269,0.028285246312918788,0.024771592666970876,0.021693681286588662,0.018997663930635234,0.01663629615193396,0.01456814136707174,0.012756866877813855,0.01117062245174355,0.010377500238709786
0.22199893059482584,0.19516449557630267,0.17144298898754962,0.15051299250486982,0.13207361578001509,0.1158477575852912,0.10158317542085515,0.08905223638299847,0.0780508668966326,0.06839702618450655,0.05992895227344003,0.05250333404987345,0.04599350130436858,0.04028769803100657,0.035287468752358275,0.030906175008359182,0.02706764655353716,0.023704965496601504,0.020759376989108735,0.01817931794046712,0.015919554208981834,0.013940416253066523,0.012207123546892351,0.010689188547030604,0.009930221047101118
0.21232860240531642,0.18661018068147212,0.16389126673213433,0.143857073010481,0.1262147124558577,0.11069565367124307,0.09705625895816972,0.08507720707462557,0.07456224608593243,0.06533656625264672,0.057245005536052385,0.050150219938698004,0.04393089672204559,0.03848006429397338,0.033703522441071165,0.029518405399260594,0.025851879576735404,0.02263997239551202,0.019826524927851752,0.01736225929035856,0.015203951086711909,0.013313696893921256,0.011658267241766718,0.010208536077217778,0.009483670494944696
0.20263639547408313,0.178043160941585,0.15633296639177424,0.13719859160589432,0.12035581424836017,0.10554513557499423,0.09253184463016983,0.08110515421781428,0.07107678695492392,0.0622792685924356,0.05456410787557098,0.047799975597513644,0.041870948189719204,0.0366748592323593,0.03212177706644198,0.02813261684764673,0.024637886447334556,0.021576561134570293,0.018895078939838716,0.016546447262218156,0.014489450926198633,0.012687951748459325,0.011110270245405507,0.009728640703768332,0.009037825932948357
0.19292306560541178,0.16946387534244878,0.1487683121299821,0.13053763090192932,0.11449691364888992,0.10039614105892686,0.08800983935253054,0.07713596966884284,0.06759437647991251,0.0592250216510562,0.051886152984283174,0.04545250202951795,0.039813564975746396,0.034872000627610145,0.030542158737092984,0.026748743350596405,0.023425608478054583,0.020514679711669537,0.0179649930680037,0.015731841323350648,0.013776018034519777,0.012063149423521824,0.010563104972277637,0.009249478204666206,0.008592664820861184
0.18318937064914498,0.1608727622485831,0.14119752668252383,0.12387427208993551,0.10863800203488316,0.09524860713572142,0.08349014961587797,0.07316954511360357,0.06411490165071643,0.05617371401305388,0.04921103476893118,0.043107700495095824,0.03775865662423161,0.0330714065391452,0.02896459383129879,0.025366719160117845,0.022214987218320548,0.019454276341600296,0.01703622155211776,0.014918401118378666,0.01306361687758717,0.011439258667587937,0.010016743962748542,0.00877102446948802,0.008148164722858453
0.17343607048622006,0.15227025944905687,0.13362083141588849,0.11720859499186331,0.10277906970481698,0.0901024700882408,0.07897268149317654,0.06920577206575435,0.060638249462638405,0.05312523438843891,0.04653864733676211,0.0407654724970688,0.035706132940308,0.031272995290197725,0.027389008983691454,0.02398647877090848,0.02100596444310765,0.018395299446007096,0.01610871881979614,0.014106086461218581,0.012352212073019064,0.01081624836449524,0.00947115987750824,0.008293255494484786,0.007704303302973753
0.16366392701448462,0.14365680420380528,0.12603844638583717,0.11054067811013951,0.09692010591280525,0.08495766548898553,0.07445734064681075,0.06524454186470768,0.05716430690824309,0.050079471600711356,0.043868884981564105,0.0384257197659596,0.033655903975447765,0.02947668545369847,0.025815331072076564,0.022607956908177185,0.01979848214186397,0.017337697643407535,0.0151824394775249,0.013294857327110499,0.011641768383072182,0.010194087527151674,0.008926325492045195,0.007816147377710803,0.007261058320543606
0.1538737041349103,0.13503283329050347,0.11845059039609085,0.10387059867731085,0.0910610989028296,0.07981412821921052,0.06994403233534091,0.06128574567331457,0.05369296096902343,0.047036314574816496,0.04120164216964567,0.036088344245234494,0.03160788001280862,0.027682395838235507,0.024243487204225755,0.021231088515528962,0.018592482507495678,0.016281419739230807,0.014257338301798539,0.012484673844688488,0.010932250707595959,0.009572745291336338,0.008382213691152107,0.007339676314188637,0.006818407625705514
0.14406616773810915,0.12639878305198415,0.11085748105713195,0.09719843270548228,0.08520203594263864,0.07467179248764472,0.06543266141994519,0.0573292744753609,0.05022409860687693,0.043995652324979595,0.038536813525782976,0.03375324807657343,0.02956197155259549,0.025890045474018242,0.02267340470478163,0.01985580874288434,0.0173879079253772,0.01522641471595615,0.01333337023024378,0.011675496288104936,0.010223624077056181,0.008952190909501667,0.00783879746346916,0.006863818591101856,0.006376329154918897
0.13424208569117746,0.1177550894441215,0.10325933484516547,0.09052425503559003,0.07934290335731425,0.06953059184889726,0.060923132370566124,0.0533750190728266,0.046757606755451486,0.04095737394248927,0.03587429381913393,0.03142033358511653,0.02751808929744859,0.024099553598899703,0.02110501110218349,0.0184820529344612,0.016184700962439125,0.014172631723263773,0.012410490352833536,0.010867285069189603,0.009515853645571115,0.008332393744632516,0.00729604989605781,0.006388550582996089,0.00593480092646384
0.12440222782488519,0.10910218808429656,0.09565636716118847,0.0838481393865026,0.07348368656251159,0.06439045922150555,0.056415349271783655,0.049422870082926895,0.04329337231133573,0.03792136858336154,0.033213977949098084,0.029089503264707883,0.02547614413784538,0.022310839644403002,0.019538234115620834,0.017109756616805194,0.014982804356294954,0.013120020068241312,0.01148865390311754,0.010060000729655849,0.008808904684005914,0.0077133232641260485,0.006753944169000936,0.005913848747048089,0.00549380103607236
0.11454736592116099,0.10044051430032619,0.08804879239025093,0.07717015840396912,0.06762437009742023,0.05925132690569046,0.05190921582839125,0.04547271793493568,0.03983128212510928,0.03488752545592749,0.030555760931158527,0.026760659763121197,0.023436047137503913,0.020523823221814397,0.0179730016420368,0.015738855486831238,0.013782161004384508,0.012068529205627732,0.010567816249504314,0.009253603933333243,0.008102742573080912,0.007094949033702169,0.006212453550032138,0.00543968961832092,0.005053307652463923
0.1046782737009061,0.09177050317995955,0.08043682396085272,0.07049038370942479,0.061764937657453334,0.05411312660077161,0.047404635370720816,0.041524452866817385,0.03637122299223333,0.03185573380833501,0.027899537882623837,0.02443370586728555,0.021397709518808372,0.018738424108245832,0.016409241743149672,0.014369285399919163,0.012582713953182556,0.011018108728097498,0.009647932886568122,0.008448055458437631,0.007397332796517386,0.0064772407113514174,0.005671551389196949,0.004966049805056605,0.0046132990129871265
0.0947957268121205,0.08309258962083538,0.07282067440452372,0.06380888594870598,0.055905372126657804,0.04897578942233555,0.04290151085968724,0.03757796492162846,0.03291308164382195,0.028825882915940737,0.02524520400838809,0.02210854448846944,0.019361042648219362,0.016954562232751602,0.014846882632502112,0.013000982358048196,0.01138440638742133,0.009968708356569711,0.00872895942638785,0.007643316189864802,0.00669264093421662,0.005860168041292579,0.0051312111135168315,0.004492905983992379,0.004173753419229459
0.08490050281832195,0.0744072083809777,0.06520055541559405,0.05712573484063094,0.0500456556098941,0.04383924591910837,0.03839974489161929,0.033633143943755106,0.02945674473723292,0.02579786206863416,0.02259265458657289,0.01978507864745238,0.01732595802168696,0.015172157662442232,0.013285852662535402,0.011633882497923131,0.010187181619343566,0.008920277930533904,0.007810851589917789,0.006839347111521621,0.005988632655455628,0.005243700847962218,0.004591406221700345,0.00402023489568526,0.003734649232678411
0.07499338118726745,0.06571479412981196,0.05757667791115029,0.05044099922552614,0.0441857694647968,0.038703426089539694,0.03389923970281428,0.02968987957494007,0.026002098846564237,0.022771560558039472,0.01994178495414861,0.01746321145967289,0.015292367250059613,0.013391130588587263,0.01172608031166783,0.010267922079149061,0.008990983077976356,0.007872767398436897,0.006893565198382023,0.00603610929866133,0.005285273712095362,0.004627809030023633,0.004052110278844612,0.003548013339860212,0.003295964870368706
0.06507514327998704,0.05701578149965858,0.04994925209118317,0.04375474711366539,0.03832569433350891,0.033568259398190914,0.02939989717388458,0.02574806125011514,0.022549030452971575,0.019746867664649503,0.017292490492488988,0.015142846120323739,0.013260182044470825,0.011611401312762448,0.010167494171382796,0.008903037472414443,0.007795754298428603,0.006826126808046062,0.005977056164674366,0.005233563910257699,0.004582529931822232,0.00401246255438692,0.0035132969111714707,0.003076218170774969,0.0028576788005760245
0.05514657234007153,0.04831060513774549,0.04231848749898792,0.03706704573367414,0.03246541017423582,0.028433674791850105,0.024901618833875205,0.02180757819306295,0.019097425934874734,0.016723672644830545,0.01464466661285635,0.012823885889434727,0.01122931420171197,0.009832890232928937,0.008610022933337735,0.0075391651476644506,0.0066014389111968,0.005780306296850057,0.00506128048479576,0.0044316721813764115,0.0038803672114104404,0.0033976314502498495,0.0029749398007705707,0.002604826292583462,0.00241976953848852
0.04520845348328223,0.03959969975873556,0.03468459308175187,0.03037796158088385,0.02660489629262991,0.023299600715430413,0.02040430586417591,0.017868319411895595,0.015647171558008655,0.013701864717761969,0.01199820874182439,0.010506234076887444,0.00919967558959539,0.008055517829565206,0.007053595376448063,0.006176241662317339,0.0054079806314805134,0.004735256082466499,0.004146194229288913,0.0036303954155741947,0.0031787515099621078,0.0027832858031456853,0.0024370126803535674,0.0021338146547270065,0.001982215641913032
0.0352615736874326,0.03088350019775088,0.02704777725139884,0.02368756046570164,0.020744131372994745,0.018165965127681094,0.015907859102205768,0.013930173694365333,0.012198153465345363,0.010681333052242614,0.009353012306627384,0.008189794027414765,0.007171178132257816,0.006279204651750414,0.0054981403539863805,0.0048142036494419616,0.004215323248507596,0.003690926453059351,0.0032317535346826354,0.002829694977302122,0.0024776488421973664,0.0021693957489979376,0.001899489328015258,0.0016631602473130003,0.0015449957069625653
0.025306721782504538,0.0221624414638924,0.019408247945701396,0.01699590756194247,0.014883093509386602,0.013032695516670967,0.01141217904494507,0.009993029603000414,0.008750257666874373,0.007661966753425009,0.006708972720440021,0.005874469105524027,0.005143733795461014,0.004503871303226936,0.003943586780662256,0.0034529878059713637,0.0030234106148468998,0.0026472677577590864,0.0023179145949514535,0.0020295322843019714,0.0017770252717361212,0.001555931468194549,0.001362343562004431,0.001192840096526926,0.0011080883637888672
0.015344688441108756,0.013436958794278697,0.011766212689610922,0.010303067455222359,0.009021760236556375,0.007899718915126142,0.0069171658522312884,0.00605677547006328,0.0053033700292609565,0.004643654849420531,0.0040659853675739654,0.0035601626803660746,0.0031172545718508027,0.0027294384284587414,0.002389863619689514,0.0020925308808664167,0.0018321866357529082,0.001604230397081463,0.0014046336529710546,0.001229868800040057,0.0010768469043645479,0.0009428631796468134,0.0008255492354947158,0.000722831260020762,0.0006714722722837851
0.005376266169131172,0.004707487708580094,0.0041218786569041654,0.0036091041913710598,0.0031601085608165547,0.0027669619155748504,0.0024227193499162802,0.0021212993923602763,0.0018573762653517623,0.001626286277810196,0.0014239455886078112,0.0012467781105723885,0.0010916524661508387,0.0009558266986384178,0.0008368998698285446,0.0007327696633030456,0.0006415952584465368,0.0005617648133449116,0.0004918669919598551,0.00043066602609664884,0.0003770798813293452,0.0003301611348663358,0.00028908023136653416,0.00025311082232359894,0.00023512611780213133
-0.004597750703311254,-0.004025535935948954,-0.0035245472678843703,-0.0030859186751011625,-0.0027018850092000446,-0.0023656493146603785,-0.0020712609671624804,-0.001813510774090199,-0.0015878380764541844,-0.0013902501279611235,-0.0012172513345926061,-0.0010657812710077041,-0.0009331605196574722,-0.0008170432023266172,-0.0007153754475852647,-0.0006263590291821775,-0.0005484195385679902,-0.0004801785189328944,-0.0004204290730544513,-0.0003681145054099111,-0.0003223096273666237,-0.0002822043879566194,-0.000247089543027601,-0.000216344109765787,-0.00020097139313626777
-0.014576566030687077,-0.012761675888915691,-0.011172858427264953,-0.009781938032439597,-0.008564244431842616,-0.007498189018581569,-0.006564875932377201,-0.005747767419593541,-0.0050323876229302344,-0.004406065652289015,-0.003857710193926056,-0.0033776121726156183,-0.002957272401238331,-0.002589250591868153,-0.002267033301657506,-0.0019849183625519906,-0.0017379137562223423,-0.0015216491026245893,-0.0013322982038141418,-0.0011665112394323995,-0.0010213554297158756,-0.0008942630899080872,-0.0007829861610825217,-0.0006855564117641544,-0.0006368415371049707
-0.024559381860585205,-0.021500495450765822,-0.01882284832823572,-0.016478891163006215,-0.01442699410179743,-0.012630731834807618,-0.011058226704656338,-0.009681583186406384,-0.008476387186952261,-0.007421271711237354,-0.006497535870185478,-0.005688811358975365,-0.004980771226847924,-0.004360874802862569,-0.0038181446649729334,-0.003342971498170033,-0.002926943385625491,-0.0025626964276340147,-0.0022437840473940596,-0.001964562605594189,-0.0017200913184148292,-0.0015060446572706665,-0.0013186356821751066,-0.0011545489461167735,-0.0010725055780883008
-0.034545398442072106,-0.030241557416200993,-0.02647431057941768,-0.02317671569451174,-0.020290158819462334,-0.01776335278294572,-0.015551414765946348,-0.013615070974561105,-0.011919951778492643,-0.010435979866479927,-0.009136833348326323,-0.007999475666747857,-0.007003745092337699,-0.006131995197804219,-0.005368780526678052,-0.004700581604728804,-0.004115564418825934,-0.00360336998051769,-0.0031549302447947403,-0.002762307025826194,-0.002418551077618125,-0.002117578767475703,-0.001854064156907309,-0.0016233445668048518,-0.0015079847717529293
-0.04453381423372982,-0.03898442401716051,-0.03412703882784279,-0.029875349551121422,-0.026153763760365656,-0.02289612724907658,-0.020044541918870507,-0.017548343947790257,-0.015363196615793273,-0.013450301839358636,-0.011775707732786245,-0.010309702020114275,-0.00902628215625062,-0.00790269118297049,-0.0069190119056233845,-0.00605781187020954,-0.005303832859608615,-0.0046437192541728955,-0.004065780439556355,-0.003559782921984389,-0.0031167684896762915,-0.002728895095083228,-0.00238929763234641,-0.0020919661239529597,-0.0019433003697548468
-0.054523825911534374,-0.047728656865222985,-0.04178082669540617,-0.03657473090438734,-0.03201783444455736,-0.02802913097131321,-0.024537710284451564,-0.021481515539630014,-0.01880623713664542,-0.016464349525069366,-0.014414264262957444,-0.012619587446380254,-0.0110484706549549,-0.009673042222749229,-0.008468909863525165,-0.007414725513896214,-0.006491804734322371,-0.005683793757516042,-0.004976378286393468,-0.0043570287235242255,-0.003814777341930309,-0.00334002331772304,-0.002924362157297189,-0.002560436468476701,-0.0023784736240650695
-0.06451462837645389,-0.05647381689357078,-0.049435467714888104,-0.04327479812403917,-0.0378823967059988,-0.03316244002546098,-0.02903102229999399,-0.025414699459624934,-0.022249189009834747,-0.019478235006953337,-0.017052608328713137,-0.014929229091729945,-0.013070398917902626,-0.011443127853925927,-0.0100185455182214,-0.008771385798418685,-0.007679536102746243,-0.0067236430252290424,-0.0058867674598533926,-0.005154082875175048,-0.004512611433492297,-0.003950993122105173,-0.0034592837875754845,-0.0030287784566984666,-0.0028135257912599576
-0.07450541476187733,-0.06521946429838138,-0.057090755265658266,-0.049975489728548705,-0.0437474766618734,-0.0382961308107041,-0.03352458071707587,-0.02934800969970064,-0.02569216814667652,-0.022492070570934164,-0.019690845486106112,-0.01723872423705919,-0.015092155382924466,-0.01321302770013466,-0.011567990056947364,-0.010127856041866612,-0.008867083069005743,-0.007763316627509842,-0.006796991663013396,-0.005950983844658919,-0.005210304582051184,-0.004561834210037308,-0.003994088591290079,-0.00349701495501592,-0.0032484781368788407
-0.08449537644076577,-0.0739651584797607,-0.06474648250891918,-0.0566767443354918,-0.04961310068190006,-0.04343028003536281,-0.038018488599617095,-0.03328156054062115,-0.029135290712743733,-0.025505968720081207,-0.022329081473146384,-0.019548170313898883,-0.017113828611660387,-0.014982821486322906,-0.01311731474972766,-0.011484199629947789,-0.010054501792527981,-0.008802864179888181,-0.007707094636207057,-0.006747770130413611,-0.005907890630731105,-0.00517257630444079,-0.004528802654163444,-0.003965168844570488,-0.00368335193977401
-0.09448370303267034,-0.08271045798212973,-0.07240244232257359,-0.06337850061166744,-0.05547929535751617,-0.048564964702653424,-0.042512849322075275,-0.03721546655862523,-0.03257867313966878,-0.028520042189289496,-0.024967422225702363,-0.021857664920477138,-0.019135507305056976,-0.016752589053327382,-0.014666590962787718,-0.012840480028218637,-0.011241848499066176,-0.009842335353077436,-0.00861712016579641,-0.007544480269373877,-0.006605403454948422,-0.0057832491554152266,-0.005063452084867748,-0.004433263025924172,-0.004118168496450997
-0.10446958241047688,-0.09145492043411141,-0.08005842723563528,-0.07008069722296006,-0.06134608747098008,-0.053700262096502416,-0.04700776656771377,-0.0411498426321405,-0.036022432137119975,-0.031534403960109536,-0.02760597389355468,-0.02416730583787996,-0.021157280318974403,-0.01852241037255259,-0.01621589017208741,-0.014196760794361885,-0.012429179491758868,-0.010881779882879195,-0.009527112092984347,-0.008341152844787425,-0.0073028769693131435,-0.00639388254632528,-0.0055980630203650295,-0.004901320423784938,-0.004552949125495587
-0.11445220070697704,-0.1001981024879181,-0.0877142293621791,-0.07678327278394514,-0.0672135039643626,-0.058836249767339754,-0.05150334432693915,-0.04508480394864317,-0.03946668470491688,-0.03454916727571866,-0.03024484285654855,-0.02647719104632157,-0.023179236679908566,-0.02029236556071179,-0.017765283976910184,-0.015553105590572491,-0.013616551162273782,-0.011921247580137795,-0.010437114322670027,-0.009137826494048928,-0.00800034513457476,-0.0070045062999068985,-0.006132661631305658,-0.0053693639917237745,-0.004987715171933527
-0.12443074232129508,-0.10893955975816993,-0.09536964033484141,-0.0834861658071423,-0.07308157190839965,-0.06397300551787694,-0.05599968689573853,-0.04902046601162058,-0.042911548145256606,-0.03756444565601591,-0.03288413574091403,-0.028787418741557658,-0.025201465600820094,-0.022062534894692898,-0.019314844113553498,-0.01690957819598521,-0.01480402000201414,-0.012960788340760088,-0.01134717083235287,-0.009934539916613139,-0.008697841964581954,-0.007615150284440153,-0.006667274127435119,-0.0058374167169431,-0.005422488011695703
-0.13440438992503162,-0.11767884676025797,-0.10302445123785003,-0.09018931465198804,-0.07895031847117984,-0.06911060738888225,-0.06049689887413778,-0.05295694464765438,-0.046357140075101166,-0.04058035291287787,-0.035523959435701524,-0.031098087351447146,-0.027224056497089644,-0.023832998826524288,-0.0208646424691164,-0.018266242519203446,-0.015991642613381873,-0.014000452155793486,-0.012257325681114262,-0.010731331881923267,-0.009395401533311698,-0.008225844419892936,-0.007201926763029942,-0.0063055016250507245,-0.005857289056060422
-0.14437232446831427,-0.12641551684812596,-0.11067845253948938,-0.09689265747344494,-0.08481977088667242,-0.07424913364489083,-0.06499508516475544,-0.05689435601360926,-0.04980357843867855,-0.04359700316556164,-0.0381644211093754,-0.033409295552604135,-0.02924709900258976,-0.02560383799846966,-0.022414751095378715,-0.019623162610918343,-0.017179475721142146,-0.01504028912158173,-0.01316762301862423,-0.01152824123740459,-0.010093057981930276,-0.008836618684189557,-0.007736645842386369,-0.006773641784883766,-0.006292139756133158
-0.1543337251856347,-0.13514912215157743,-0.11833143402412566,-0.10359613217024305,-0.09068995642302902,-0.07938866275987305,-0.06949435097136636,-0.0608328166039368,-0.05325098152016289,-0.046614510856238245,-0.04080562822657424,-0.035721142287233054,-0.03127068298590663,-0.027375133258204787,-0.02396524222279678,-0.02098040267661666,-0.018367576183866974,-0.016080349449973386,-0.014078107094241121,-0.012325306916530221,-0.01079084552589038,-0.009447503119440481,-0.00827145772532012,-0.00724186031333951,-0.006727061607349205
-0.16428776960152186,-0.14387921351301097,-0.12598318472363534,-0.11029967633272852,-0.0965609023507008,-0.08452927340283634,-0.07399480179752643,-0.06477244325806264,-0.05669946795644337,-0.04963299076572031,-0.043447688564988984,-0.038033726780108135,-0.03329489856667839,-0.02914696567416497,-0.025516188274601892,-0.02233802708940108,-0.01955600100544408,-0.017120683478627496,-0.014988822266161217,-0.01312256794690908,-0.011488798462104544,-0.01005852783827893,-0.00880638883273277,-0.007710180380270104,-0.007162076154037383
-0.17423363353605698,-0.15260534042365603,-0.13363349284828824,-0.11700322719028072,-0.10243263591028784,-0.0896710444233409,-0.07849654344521256,-0.06871335316790822,-0.06014915675008198,-0.052652558029310514,-0.046090710232440935,-0.040347148555699985,-0.035319836132102767,-0.03091941655100766,-0.027067661881036154,-0.023696100402879894,-0.020744807346706473,-0.018161341681403875,-0.015899813010650243,-0.013920063458471021,-0.012186951176151872,-0.010669723030198863,-0.009341465652192016,-0.008178625213384194,-0.007597204993980977
-0.18417049111020822,-0.16132705095924516,-0.1412821457170907,-0.12370672155832402,-0.10830518428014968,-0.09481405483689198,-0.08299968201348207,-0.07265566388547084,-0.06360016728238077,-0.0556733281528346,-0.048734801684119367,-0.04266150745546177,-0.037345586353580706,-0.03269256744519583,-0.028619735893692377,-0.025054687364231554,-0.021934052537153637,-0.019202374678807532,-0.016811123931335936,-0.014717832691697741,-0.012885338149562497,-0.01128111896797901,-0.009876714743582704,-0.008647218103217946,-0.008032469783035567
-0.19409751475106402,-0.1700438917151853,-0.148928929687471,-0.13041009578482476,-0.11417857454370656,-0.09995838381024608,-0.08750432389715013,-0.07659949333051613,-0.06705261932660328,-0.058695417028839514,-0.05138007173996623,-0.04497690365531104,-0.039372240203530695,-0.0344665001807562,-0.030172483400001116,-0.026413852927321957,-0.023123794086762905,-0.020243833248576037,-0.01772279976861718,-0.015515915005941128,-0.01358399396714366,-0.011892746014136035,-0.010412162744781461,-0.009115982408103296,-0.008467892239764907
-0.20401387519688036,-0.178755407741156,-0.15657363008440423,-0.1371132856963428,-0.12005283365646019,-0.10510411064657554,-0.09201057578546307,-0.08054495979837178,-0.07050663306134436,-0.061718940952947,-0.054026629602281495,-0.04729343768324623,-0.04139988897235297,-0.03624129686518457,-0.03172597773784258,-0.027773662265993815,-0.024314089697938246,-0.02128576833631962,-0.018634885409105073,-0.016314349887792956,-0.014282953324386283,-0.012504634627456823,-0.01094783637739516,-0.009584941559244442,-0.008903494150169083
-0.21391874150199636,-0.1874611424751732,-0.16421603112887762,-0.14381622654352916,-0.12592798841267183,-0.11025131477047784,-0.09651854466074944,-0.0844921819677949,-0.07396232908404021,-0.06474401664040424,-0.056674584873479816,-0.04961121043719208,-0.04342862428558941,-0.038017039905496874,-0.03328029251033482,-0.029134180787455943,-0.025504997277549235,-0.022328231066280624,-0.01954742589520414,-0.017113176959561438,-0.014982251034934002,-0.013116815369565438,-0.011483762452557666,-0.01005411906577075,-0.009339297372377292
-0.22381128104162207,-0.1961606376771119,-0.17185591586571097,-0.15051885294610073,-0.13180406541169337,-0.11540007571282374,-0.10102833779708498,-0.08844127890891423,-0.07741982842462136,-0.0677707612427969,-0.05932404757404974,-0.051930323202988016,-0.04545853812125411,-0.03979381202446203,-0.03483550160072596,-0.03049547414582937,-0.026696574949100493,-0.023371272752215067,-0.02046046643476157,-0.01791243598780745,-0.01568192203813268,-0.013729318911576138,-0.012019967876766846,-0.010523538519884024,-0.009775323841442612
-0.2336906595165264,-0.2048534333616736,-0.1794930660906871,-0.1572210988372444,-0.13768109102392512,-0.12055047309541961,-0.10554006275889788,-0.09239237009127516,-0.08087925255931688,-0.07079929236494392,-0.061975128160723925,-0.05425087767261527,-0.04748972282733743,-0.041571696276999914,-0.0363916791874877,-0.03185760825582806,-0.027888881065032955,-0.02441494490835333,-0.021374052410810807,-0.018712166891987625,-0.016382001406638202,-0.014342176040813004,-0.012556479657788167,-0.010993223602043245,-0.010211595574170784
-0.24355604095754602,-0.21353906773079329,-0.1871272622769926,-0.16392289740741472,-0.1435590913563614,-0.12570258661547956,-0.11005382739955466,-0.09634557539194705,-0.08434072342461268,-0.07382972808200328,-0.06462793754482693,-0.05657297596260158,-0.04952227113953073,-0.04335077606677645,-0.03794889975955312,-0.03322064930657287,-0.02908197421916392,-0.025459299260514878,-0.022288229391456693,-0.01951240975316959,-0.01708252435412977,-0.01495541766757813,-0.013093324910620763,-0.01146319808621038,-0.010648134674005882
-0.2534065877300318,-0.22221707710547572,-0.1947582835009648,-0.17062418104752675,-0.14943809221772547,-0.13085649602988664,-0.11456973985989466,-0.10030101510370704,-0.08780436343134718,-0.07686218695673458,-0.06728258711083956,-0.05889672063265072,-0.051556276199138384,-0.045131135162965186,-0.03950723813174878,-0.03458466377560254,-0.03027591325923812,-0.026504387757327053,-0.023203043139818913,-0.02031320482286242,-0.017783526243091152,-0.01556907483201836,-0.013630530863520396,-0.011933485845137815,-0.011084963335947218
-0.2632414605381758,-0.23088699585711026,-0.20238590736704615,-0.17732488129146157,-0.1553181190831615,-0.13601228113917507,-0.11908790856671736,-0.10425880994330006,-0.09127029547896653,-0.07989678805698786,-0.06993918873520744,-0.061222214704470534,-0.053591831571211945,-0.04691285771722398,-0.04106676946036142,-0.0359497184430152,-0.03147075729966753,-0.027550262581568785,-0.024118539624116975,-0.021114592531935872,-0.018485042592682188,-0.01618317871105307,-0.01416812486411817,-0.01240411085571963,-0.011522103851519666
-0.2730598184292096,-0.23954835633816646,-0.21000990993203655,-0.18402492875793375,-0.16119919705842867,-0.14117002177134047,-0.12360844223117118,-0.10821908105975164,-0.0947386429699354,-0.08293365097337413,-0.07259785480532993,-0.06354956168086179,-0.05562903126288127,-0.04869602828087849,-0.04262756925895589,-0.037315880405781876,-0.0326665657343822,-0.028596976161666954,-0.02503476502789259,-0.02191661349964652,-0.01918710908671295,-0.01679776062539634,-0.014706134385558678,-0.012875097204427532,-0.011959578613863348
-0.2828608187975673,-0.24820068881234725,-0.2176300656285074,-0.19072425309160923,-0.16708135084361891,-0.1463297977652933,-0.12813144984710478,-0.11218195004274734,-0.09820952982429326,-0.08597289583715251,-0.07525869823880732,-0.06587886556501665,-0.0576679697419466,-0.050480731822304115,-0.044189713414341525,-0.03868321709225159,-0.03386339824987539,-0.02964458118332597,-0.025951765760318102,-0.022719308542780425,-0.019889761581692866,-0.017412852046654048,-0.015244587032771373,-0.013346469092775926,-0.01239741012277959
-0.2926436173888769,-0.2568435213841619,-0.22524614718744812,-0.19742278290352244,-0.17296460469632818,-0.1514916889540835,-0.13265704068930045,-0.11614753893109953,-0.10168308049436636,-0.08901464333832959,-0.07792183250291268,-0.06821023088005862,-0.05970874195567466,-0.052267053744536884,-0.04575327820276753,-0.0400517962768257,-0.035061314838387425,-0.030693130601298912,-0.026869588466663097,-0.023522718684902688,-0.020593036115013064,-0.01802848460451395,-0.015783510548772473,-0.013818250842879964,-0.012835620989934404
-0.30240736830396964,-0.26547637992790085,-0.23285792556005241,-0.20412044571067878,-0.1788489823942918,-0.15665577514777512,-0.13718532431161445,-0.12011597022120596,-0.10515941997964878,-0.09205901474395733,-0.08058737163431501,-0.07054376268884194,-0.06175144334986116,-0.05405507990313141,-0.04731834030631127,-0.041421686094851584,-0.036260375811275614,-0.031742677651318274,-0.027788280038880397,-0.024326885165730505,-0.021296968913209202,-0.01864469009402875,-0.016322932821076497,-0.014290466903082999,-0.013274233944087638
-0.3121512240027158,-0.27409878801604864,-0.2404651698386731,-0.21081716787489657,-0.1847345071974163,-0.16182213611602436,-0.14171641054502027,-0.12408736687562483,-0.10863867384181408,-0.09510613191668488,-0.08325543025904242,-0.07287956661400918,-0.06379616988813758,-0.05584489662422143,-0.04888497682950105,-0.04279295505768277,-0.03746064181256309,-0.03279327586218905,-0.02870788762636134,-0.025131849450631127,-0.02200159640032978,-0.019261500482992133,-0.01686288188817997,-0.014763141853646466,-0.013713271836380408
-0.32187433530785625,-0.2827102668470957,-0.24806764717688057,-0.21751287454078727,-0.19062120180922265,-0.16699085157028393,-0.1462504094954964,-0.12806185233166095,-0.11212096821992534,-0.09815611733349078,-0.08592612361271595,-0.075217748858325,-0.06584301807153192,-0.05763659072286487,-0.05045326531617905,-0.04416567206796257,-0.03866217383266535,-0.03384497906804701,-0.02962845864679514,-0.025937653240257208,-0.02270695520645294,-0.019878947919420298,-0.01740338594614227,-0.015236300412523052,-0.014152757645712055
-0.331575851408758,-0.2913103351727453,-0.2556651227086218,-0.22420748957289321,-0.19650908833763053,-0.17216200114563707,-0.15078743154181007,-0.13203955050999222,-0.11560642984576736,-0.10120909410469003,-0.08859956756104848,-0.07755841622525544,-0.06789208495832366,-0.05943024952162479,-0.05202328376655713,-0.04553990643512279,-0.039865033222334645,-0.034897841420779285,-0.030550040797222566,-0.026744338480302887,-0.023413082176285127,-0.020497064739133375,-0.017944473355242796,-0.015709967441213113,-0.014592714484197578
-0.3412549198651055,-0.2998985092245346,-0.2632573594664428,-0.23090093549190394,-0.20239818825509015,-0.17733566438224713,-0.15532758733314556,-0.13602058582335014,-0.11909518605936475,-0.10426518599314788,-0.09127587862059611,-0.07990167613987492,-0.06994346818415403,-0.061225960869419616,-0.053595110654576505,-0.0469157278911253,-0.041069281706762606,-0.03595191740264625,-0.0314726820652228,-0.027551947371412533,-0.024120014377902732,-0.021115883473460384,-0.018486172646749177,-0.016184167950709927,-0.015033165602690995
-0.3509106866105477,-0.3084743026398426,-0.2708441182987714,-0.23759313340995236,-0.20828852235798417,-0.1825119207063977,-0.15987098778654923,-0.14000508318521843,-0.12258736482465976,-0.10732451743374755,-0.09395517397983305,-0.08224763667004087,-0.07199726598243888,-0.06302381316065087,-0.055168824945479866,-0.04829320660638542,-0.0422749813999479,-0.037007261839062944,-0.032396430740287696,-0.028360522379231035,-0.024827789111621368,-0.02173543685702467,-0.01902851252978538,-0.016658927107511545,-0.01547413439637324
-0.36054229595628706,-0.31703722638729004,-0.2784251577862176,-0.24428400296495345,-0.21418011072534965,-0.18769084941107073,-0.16441774408423315,-0.14399316801856632,-0.1260830947453384,-0.11038721355311476,-0.09663757152046232,-0.08459640654786688,-0.07405357720509237,-0.06482389535462929,-0.05674450611366788,-0.049672413206000576,-0.043482194819230435,-0.038063929911609506,-0.033321335425341714,-0.029170106244606753,-0.025536443919001173,-0.022355757835683387,-0.019571521898283095,-0.01713427023975339,-0.01591564441048715
-0.3701488905946987,-0.3255867886915148,-0.2860002341568288,-0.2509734622539242,-0.22007297267676862,-0.19287252963608864,-0.16896796767066624,-0.14798496626460822,-0.1295825050808469,-0.11345340018956568,-0.09932318983908589,-0.08694809519154134,-0.07611250134353098,-0.0666262969952619,-0.05832223416082083,-0.05105341878618025,-0.04469098490008511,-0.03912197717120813,-0.03424744504847144,-0.029980741993958226,-0.02624601659197423,-0.022976879574576614,-0.02011522983807329,-0.017610222843399137,-0.01635771934606206
-0.3797296116028137,-0.3341224949573507,-0.2935691012003597,-0.25766142776526835,-0.2259671267295288,-0.19805704034774885,-0.17352177024948928,-0.1519806043915689,-0.133085725762562,-0.11652320391335041,-0.10201214826911498,-0.08930281272743479,-0.07817413855003841,-0.06843110823108595,-0.0599020896343172,-0.05243629493096036,-0.0459014150111306,-0.040181459551526244,-0.03517480887481189,-0.030792472949794925,-0.02695654518214824,-0.023598835466291657,-0.020659665634059632,-0.01808681058856898,-0.016800383065823654
-0.38928359844585814,-0.3426438476933469,-0.3011315101814585,-0.2643478143100064,-0.23186259055490432,-0.20324446031797644,-0.17807926378016758,-0.15598020940346402,-0.1365928874101266,-0.11959675204713666,-0.10470456690306051,-0.09166067001256661,-0.08023858965942876,-0.07023841983559709,-0.0614841536459354,-0.053821113729170256,-0.047113548969396346,-0.04124243338260308,-0.03610347651864659,-0.03160534274141841,-0.027668068010230917,-0.02422165913917862,-0.02120485877751821,-0.0185640593259373,-0.017243659600146843
-0.3988099889807917,-0.3511503464346838,-0.30868720975174846,-0.2710325349518622,-0.2377593809335818,-0.20843486810290524,-0.18264056047448268,-0.15998390884890135,-0.14010412134796008,-0.12267417268676944,-0.10740056661509984,-0.09402177865740491,-0.08230595621106229,-0.07204832322789678,-0.0630685078908566,-0.05520794779170363,-0.04832745105582403,-0.0423049554046831,-0.03703349795569494,-0.03241939531579835,-0.028380623675623717,-0.024845384465790876,-0.021750838973529085,-0.019041995093253827,-0.0176875731531162
-0.4083079194597772,-0.359641487665438,-0.3162359458608058,-0.2777155009362209,-0.24365751371022287,-0.21362834202092867,-0.1872057727926965,-0.1639918308298613,-0.14361955962194223,-0.1257555947223099,-0.11010026908400278,-0.09638625104901322,-0.08437634047122888,-0.0738609104937088,-0.06465523466699374,-0.0565968702690392,-0.04954318603103691,-0.04336908278229912,-0.037964923535618866,-0.03323467494861926,-0.029094251066176524,-0.025470045571469868,-0.022297636148510547,-0.019520644121966135,-0.018132148108695317
-0.4177765245336612,-0.36811676474022004,-0.3237774616659847,-0.2843966216178981,-0.24955700374703071,-0.2188249601301387,-0.19177501343952824,-0.168004104010476,-0.14713933501627058,-0.128841147859364,-0.1128037968163853,-0.09875420037458588,-0.08644984545587153,-0.07567627440670938,-0.06624441689465355,-0.05798795486910285,-0.050760819151386694,-0.04443487311858452,-0.03889780399472936,-0.03405122625552981,-0.029808989368110272,-0.026095676843071458,-0.022845280457917116,-0.020000032843962845,-0.018577409036986403
-0.4272149372555323,-0.37657566780512075,-0.3313114974410697,-0.2910758043876624,-0.25545786487637945,-0.22402480020516646,-0.19634839535980497,-0.172020857625807,-0.15066358107047734,-0.13193096264068893,-0.11551127317033089,-0.1011257406453428,-0.08852657495371785,-0.07749450845024458,-0.06783613813649975,-0.059381275875403094,-0.0519804161852655,-0.04550238446984489,-0.039832190468923334,-0.03486909420360729,-0.030524878076110262,-0.026722312937874082,-0.023393802294013888,-0.020480187898426483,-0.019023380700631393
-0.4366222890842236,-0.38501768371808076,-0.33883779048368423,-0.2977529545974966,-0.2613601098524293,-0.22922793971335564,-0.20092603173381685,-0.17604222149059934,-0.15419243209663785,-0.13502517046809076,-0.11822282237935883,-0.10350098672081143,-0.0906066335497599,-0.07931570683941125,-0.06943048261791596,-0.06077690816551351,-0.05320204342971896,-0.0465716753603837,-0.04076813450685918,-0.03568832412296913,-0.03124195700360266,-0.027349988792603475,-0.02394323229386458,-0.020961136138816783,-0.019470088061292884
-0.4459977098877965,-0.39344229596852687,-0.3463560750215311,-0.30442797548455997,-0.26726375030166893,-0.23443445579030692,-0.20550803597239042,-0.18006832600799133,-0.15772602319674145,-0.13812390362465954,-0.12093856957677285,-0.1058800543335292,-0.0926901266491878,-0.08113996454353067,-0.07102753524768635,-0.06217492722985496,-0.0544257677273452,-0.04764280479759436,-0.04170568808335162,-0.0365089617186648,-0.031960266293211415,-0.027978739632644745,-0.024493601347401472,-0.02144290463997056,-0.0199175562862558
-0.45534032794721235,-0.40184898459637575,-0.3538660821172879,-0.3111007680937458,-0.2731687966723906,-0.2396444252146246,-0.21009452171160542,-0.18409930217821446,-0.16126449028024403,-0.1412272952972582,-0.12365864082039546,-0.10826306011413461,-0.09477716050168422,-0.0829673773090081,-0.072627381639076,-0.06357540919085941,-0.05565165648352549,-0.04871583228733822,-0.04264490361302331,-0.03733105308273976,-0.032679846427420556,-0.028608600981434862,-0.02504494060566881,-0.02192552070534315,-0.020365810755181707
-0.46464926995983813,-0.4102372261103965,-0.3613675395722188,-0.31777123119891837,-0.2790752581830022,-0.24485792438205395,-0.21468560280715893,-0.18813528160723375,-0.16480797008180392,-0.14433547959938203,-0.1263831631176826,-0.11065012161689258,-0.09686784222619899,-0.08479804168261412,-0.07423010813128045,-0.06497843082245575,-0.05687977768394914,-0.04979081784959455,-0.04358583396423116,-0.03815464470653812,-0.03340073823941969,-0.029239608669996697,-0.02559728148924384,-0.022409011874381657,-0.02081487706694987
-0.4739236610431685,-0.4186064934058348,-0.36886017182851394,-0.32443926122261296,-0.2849831427691796,-0.25007502927872904,-0.21928139332836882,-0.19217639651535473,-0.16835660017917864,-0.1474485915942944,-0.12911226445125462,-0.11304135734567233,-0.09896227983610534,-0.08663205503520038,-0.07583580181128868,-0.06638406956992748,-0.05811019991247973,-0.05086782203442969,-0.04452853247321614,-0.03897978349324954,-0.03412298292417848,-0.02987179884669372,-0.026150655696764724,-0.022893405930037025,-0.021264781046672482
-0.4831626247385007,-0.42695625568140994,-0.3763436998701408,-0.33110475215431256,-0.2908924570297941,-0.25529581545369606,-0.2238820075517775,-0.19622277974575414,-0.17191051901131182,-0.1505667673185357,-0.1318460738048352,-0.11543688678034708,-0.1010605822648794,-0.08846951558583033,-0.07744455053613902,-0.06779240357016603,-0.059342992369385006,-0.05194690593825074,-0.04547305295856813,-0.039806516770687916,-0.03484662204970984,-0.03050520798715678,-0.026705095213679086,-0.023378730906420397,-0.021715548752791747
-0.4923652830146813,-0.43528597835558736,-0.3838178411224108,-0.33776759546715607,-0.2968032061715739,-0.26052035799056794,-0.22848755995435732,-0.20027456477294397,-0.17546986589660196,-0.15369014380573198,-0.13458472118961506,-0.1178368304036892,-0.10316285939218905,-0.09031052242638449,-0.0790564429556273,-0.06920351167229583,-0.06057822488988729,-0.05302813122039507,-0.04641944973595158,-0.0406348923043226,-0.03557169756858297,-0.031139872904392685,-0.027260632321127187,-0.023865015096617703,-0.022167206484362267
-0.5015307562719229,-0.44359512298220716,-0.3912823093500384,-0.34442768003305757,-0.3027153939524435,-0.2657487314783047,-0.23309816520626359,-0.20433188571118005,-0.17903478105133902,-0.15681885911077303,-0.13732833767105407,-0.12024130972871083,-0.1052692220705101,-0.09215517554662656,-0.08067156853542451,-0.07061747345871172,-0.06181596796309696,-0.05411156012003898,-0.04736777763312966,-0.04146495831058167,-0.0362982518296362,-0.03177583075912316,-0.02781729960502216,-0.02435228706065551,-0.022619780788470795
-0.5106581633457591,-0.4518831471653606,-0.39873681455375454,-0.3510848920361742,-0.3086290226234953,-0.2709810099810944,-0.23771393816313935,-0.20839487732274703,-0.18260540560833122,-0.1599530523343176,-0.14007705539614002,-0.12265044732654024,-0.10737978215220878,-0.09400357585975933,-0.08229001758066345,-0.072034369266534,-0.06305629275133035,-0.05519725547345339,-0.04831809200528253,-0.042296763470409116,-0.03702632758995489,-0.03241311907030697,-0.028375129965303725,-0.024840575633622297,-0.023073298467781583
-0.5197466215109303,-0.46014950447358094,-0.4061810628654072,-0.3577391148847697,-0.31454409286956336,-0.276217267007281,-0.24233499385793722,-0.21246367502618657,-0.18618188163569277,-0.1630928636476972,-0.14283100762109702,-0.12506436685475325,-0.10949465251717388,-0.09585582522845942,-0.0839118812600112,-0.07345428020948952,-0.06429927110980921,-0.056285280731609155,-0.04927044875066844,-0.0431303569431038,-0.037755968027079756,-0.03305177572590773,-0.028934156625397278,-0.025329909933975714,-0.023527786588264932
-0.5287952464855528,-0.4683936443533654,-0.4136147564415382,-0.36439022912116703,-0.3204606037483404,-0.28145757547730355,-0.24696144749223603,-0.21653841490437004,-0.18976435215584675,-0.16623843431813473,-0.14559032873956157,-0.12748319308626688,-0.11161394710094419,-0.09771202649146021,-0.08553725163018971,-0.07487728820025907,-0.06554497560677802,-0.05737569997813635,-0.05022490432658455,-0.043965788380451176,-0.03848721675147326,-0.03369183899384759,-0.02949441314185064,-0.0258203193719983,-0.023983272487072133
-0.5378031524351873,-0.47661501204191714,-0.42103759335533064,-0.37103811233011874,-0.3263785526279428,-0.2867020076906035,-0.2515934144270232,-0.22061923371250736,-0.19335296116466116,-0.16938990673437682,-0.14835515431127905,-0.12990705193876295,-0.11373778092341191,-0.09957228349063985,-0.08716622166102389,-0.07630347597325643,-0.06679347954402087,-0.05846857794767901,-0.05118151576565255,-0.044803107941157605,-0.03922011781924972,-0.03433334753323719,-0.030055933414185887,-0.026311833658460015,-0.024439783780597774
-0.5467694519771693,-0.484813048479224,-0.4284492674869994,-0.37768263904512656,-0.3322979351229466,-0.29195063529147136,-0.25623101017292066,-0.22470626888596995,-0.1969478536508043,-0.1725474244326966,-0.1511256210912526,-0.13233607050464197,-0.11586627011807432,-0.10143670109866304,-0.08879888526100166,-0.0777329271079083,-0.0680448569778308,-0.05956398004463431,-0.05214034069248863,-0.04564236630558299,-0.03995471574518433,-0.03497634040579983,-0.030618751694969082,-0.026804482813438946,-0.024897348372673878
-0.5556932561849637,-0.4929871902193711,-0.4358494684125025,-0.38432368065298983,-0.33821874502878435,-0.29720352923375687,-0.26087435037983053,-0.2287996585479929,-0.20054917561523888,-0.17571113212327405,-0.1539018670594347,-0.13477037708158057,-0.11799953196187929,-0.10330538524720156,-0.09043533730336145,-0.07916572605241451,-0.06929918274041491,-0.060661972362273386,-0.05310143734070932,-0.0464836146907871,-0.04069105551598867,-0.03562085708759266,-0.031182902600082607,-0.027298297175339103,-0.02535599446296874
-0.5645736745926638,-0.5011368693411372,-0.44323788129053965,-0.39096110529635575,-0.3441409742544199,-0.30246075974445646,-0.26552355082595513,-0.23289954151723274,-0.20415707409094236,-0.1788811757169953,-0.15668403145094184,-0.1372101012036525,-0.12013768490566207,-0.10517844295572787,-0.09207567365274172,-0.08060195814801607,-0.07055653246177268,-0.06176262170231178,-0.05406486457030513,-0.047326904865932495,-0.04142918260388595,-0.03626693748093601,-0.03174842111923343,-0.027793307410148294,-0.025815750555605033
-0.5734098151996325,-0.5092615133578837,-0.4506141867478497,-0.39759477777422947,-0.3500646127533591,-0.3077223962860448,-0.27017872740616455,-0.23700605731511587,-0.20777169716274801,-0.18205770235264207,-0.1594722547867869,-0.13965537367304215,-0.12228084860519961,-0.10705598236091102,-0.09371999119238555,-0.0820417096538073,-0.07181698259203506,-0.06286599559488515,-0.05503068188541377,-0.04817228916799421,-0.04216914298050406,-0.03691462192665085,-0.0323153426266945,-0.02828954452082505,-0.026276645467890325
-0.582200784475273,-0.51736054512663,-0.457978060762701,-0.40422455944038593,-0.3559896484527786,-0.31298850751759755,-0.27483999611972454,-0.24111934617304237,-0.21139319398740808,-0.185240860424489,-0.16226667890521101,-0.14210632659242828,-0.12442914395291438,-0.10893811274665377,-0.09536838785194762,-0.08348506777206138,-0.0730806104243184,-0.06397216231897457,-0.05599894945247652,-0.04901982051784409,-0.04291098313105035,-0.03756395121653905,-0.03288370289228765,-0.02878703985696729,-0.026738708339305722
-0.5909456873638808,-0.5254333827564822,-0.46532917454662204,-0.4108503080996889,-0.3619160671808369,-0.31825916125457765,-0.2795074730572694,-0.24523954903934997,-0.21502171481379284,-0.18843079961035347,-0.16506744699352066,-0.14456309339794943,-0.1265826931102318,-0.11082494457473752,-0.09702096263589782,-0.08493212067415268,-0.07434749411807662,-0.06508119092330927,-0.0569697281188164,-0.04986955243670155,-0.043654750068829185,-0.038214966606173184,-0.03345353809261348,-0.02928582512466693,-0.027201968640693658
-0.5996436272897976,-0.5334794395162129,-0.47266719442420335,-0.41747187790215634,-0.3678438525920341,-0.32353442442727004,-0.2841812743870603,-0.24936680758608082,-0.21865741100328545,-0.1916276709000353,-0.16787470362056855,-0.14702580889285888,-0.1287416195405955,-0.11271658951616942,-0.09867781565255918,-0.08638295752701336,-0.0756177127229904,-0.06619315124771208,-0.05794307943163268,-0.05072153906294369,-0.044400491350087,-0.038867709827965224,-0.03402488482254912,-0.029785932396592107,-0.027666456183613602
-0.6082937061625521,-0.5414981237411437,-0.4799917817110727,-0.4240891192347801,-0.3737729860905814,-0.3288143630378104,-0.2888615163404551,-0.2535012642155096,-0.22230043505032937,-0.19483162662422698,-0.17068859476980086,-0.14949460928185276,-0.13090604804322087,-0.11461316048318737,-0.10033904814379657,-0.08783766852024366,-0.076891346203381,-0.06730811394497493,-0.05891906565743954,-0.05157583516932074,-0.045148255089211276,-0.039522223104540566,-0.034597780106998544,-0.030287394122320566,-0.02813220112998227
-0.6168950243823079,-0.5494888387392566,-0.48730259258986663,-0.43070187861096454,-0.37970344675167245,-0.3340990421157375,-0.293548315196579,-0.2576430620664122,-0.225950940603159,-0.19804282048385552,-0.17350926787291915,-0.15196963220609205,-0.1330761047875384,-0.11651477166197827,-0.1020047625153564,-0.08929634489379945,-0.0781684754632278,-0.0684261505032091,-0.05989774980196261,-0.05243249618057805,-0.04589808997426531,-0.04017854916243124,-0.035172261412934336,-0.030790243138904827,-0.02859923400188938
-0.625446680845379,-0.5574509826965224,-0.4945992779842756,-0.43730999855759456,-0.38563521124068134,-0.33938852567203526,-0.29824178726610695,-0.2617923450200621,-0.22960908248467055,-0.20126140757988353,-0.1763368718441849,-0.15445101677894063,-0.13525191734838904,-0.11842153854614013,-0.10367506236792223,-0.09075907896633484,-0.07944918237172277,-0.06954733326874074,-0.06087919563049493,-0.05329157819148056,-0.0466500452829241,-0.040836731246098046,-0.035748366661726705,-0.03129451268168992,-0.029067585691670145
-0.6339477729500442,-0.5653839485814521,-0.5018814834310076,-0.44391331749962515,-0.391568253730068,-0.3446828766515586,-0.3029420488741885,-0.2659492577059386,-0.23327501671347034,-0.20448754444357814,-0.17917155711537208,-0.15693890362245277,-0.13743361474198024,-0.12033357797085337,-0.1053500525288617,-0.09222596416421092,-0.08073354978946623,-0.07067173546955324,-0.06186346768874418,-0.05415313798528276,-0.04740417089875437,-0.04149681313228293,-0.036326134241750074,-0.0318002363953962,-0.029537287472219953
-0.6423973966024954,-0.573287124048924,-0.5091488489497337,-0.4505116696420397,-0.39750254581404076,-0.34998215688384626,-0.30764921634241493,-0.27011394550710693,-0.23694890052507606,-0.20772138906723775,-0.18201347567135956,-0.159433434904592,-0.13962132746264955,-0.12225100814789586,-0.1070298390847324,-0.09369709505118035,-0.08202166159526625,-0.07179943123926391,-0.06285063132419194,-0.055017233052628844,-0.04816051732793036,-0.042158839144718074,-0.03690560302132412,-0.03230744834546301,-0.030008371007532453
-0.650794646222902,-0.5811598913431693,-0.5164010089108495,-0.4571048848492826,-0.4034380564208684,-0.3552864270321948,-0.31236340596982604,-0.2742865545652978,-0.24063089239325097,-0.21096310093542958,-0.18486278108644782,-0.1619347543772756,-0.14181518752042072,-0.12417394870139487,-0.10871452941452336,-0.09517256735877555,-0.08331360271358335,-0.07293049564171816,-0.06384075270794987,-0.05588392161094413,-0.04891913571632295,-0.042822854169180524,-0.03748681236194623,-0.03281618302968664,-0.030480868363556846
-0.6591386147518918,-0.5890016271999948,-0.5236375919010994,-0.46369278852194384,-0.4093747517226687,-0.36059574654095927,-0.31708473401287907,-0.2784672317855799,-0.24432115205151456,-0.21421284105669486,-0.1877196285613253,-0.16444300741518536,-0.144015328479416,-0.12610252070444083,-0.11040423222370421,-0.09665247801743798,-0.0846094591426455,-0.07406500469616245,-0.06483389885718616,-0.05675326262427477,-0.04968007786704115,-0.04348890366893676,-0.03806980213187372,-0.03332647539013023,-0.030954812019257788
-0.6674283936571018,-0.5968117027482289,-0.5308582205870355,-0.47027520147061297,-0.4153125950427661,-0.36591017358098554,-0.32181331666433777,-0.2826561248406717,-0.24801984051477238,-0.21747077199574943,-0.19058417496078534,-0.166958341055419,-0.1462218854971234,-0.12803684671655186,-0.11209905757907923,-0.09813692518839262,-0.08590931798325291,-0.0752030354030403,-0.0658301376580725,-0.05762531582363534,-0.05044339625838168,-0.044157033700571724,-0.038654612720036285,-0.03383836082535285,-0.03143023487801114
-0.6756630729399388,-0.6045894834103588,-0.5380625115760984,-0.4768519397869514,-0.42125154676032894,-0.3712297649931806,-0.32654927003106793,-0.28685338217487727,-0.25172712010109455,-0.2207370579062104,-0.1934565788521858,-0.1694809040380163,-0.14843499536455612,-0.1299770508220069,-0.11379911694447964,-0.09962600829630103,-0.08721326746829461,-0.07634466577043642,-0.06682953788933327,-0.058500141727863,-0.0512091440622614,-0.044827290930206376,-0.03924128505029545,-0.03435187520291483,-0.03190717027922382
-0.6838417411427128,-0.6123343288023858,-0.5452500752754968,-0.48342281471175086,-0.42719156421237303,-0.3765545762299871,-0.3312927101106533,-0.29105915300751267,-0.2554431544536065,-0.22401186456383615,-0.19633700054461356,-0.17201084684732026,-0.1506547965473462,-0.13192325866910604,-0.11550452321732185,-0.10111982806272762,-0.08852139699299655,-0.07748997484119113,-0.06783216924636931,-0.05937780166501844,-0.05197737516310502,-0.04549972265013441,-0.03982986059607729,-0.03486705487224934,-0.032385652010334665
-0.6919634853559259,-0.6200455926328563,-0.5524205157486445,-0.48998763249999966,-0.4331326015929393,-0.3818846612948845,-0.33604375276674037,-0.2952735873359244,-0.25916810856251304,-0.22729535940027856,-0.19922560212888435,-0.1745483217542823,-0.1528814292277622,-0.13387559751035089,-0.11721539076605947,-0.10261848654043865,-0.08983379714593287,-0.07863904272068234,-0.06883810236602006,-0.06025835779430305,-0.05274814417720458,-0.046174376795897476,-0.040420381395382676,-0.035383936677811645,-0.03286571431902682
-0.7000273912257882,-0.6277226226011318,-0.5595734305692379,-0.4965461942828042,-0.4390746098493492,-0.38722007267964764,-0.3408025137031895,-0.2994968359380096,-0.2629021487872432,-0.23058771153738195,-0.2021225475182964,-0.17709348285967486,-0.1551150353477443,-0.1358341962436116,-0.11893183546857478,-0.10412208714854626,-0.09115055974082825,-0.07979195060533739,-0.06984740885195156,-0.06114187312857011,-0.05352150647260634,-0.046851301963785064,-0.041012890066179086,-0.035902557972623816,-0.033347391925846875
-0.7080325429620948,-0.6353647602947848,-0.5667084106728337,-0.5030982959260993,-0.44501753657552323,-0.39256086129941525,-0.34556910843681066,-0.30372905037417547,-0.2666454428786949,-0.23388909182203016,-0.2050280024902193,-0.1796464861382588,-0.15735575865289675,-0.1377991854542876,-0.1206539747514987,-0.10563073470856721,-0.09247177784918043,-0.08094878081188334,-0.07086016130068706,-0.06202841155741462,-0.05429751818949724,-0.04753054742881041,-0.0416074298222005,-0.03642295663214418,-0.03383072003711601
-0.7159780233463031,-0.6429713410862625,-0.5738250402059025,-0.5096437278860944,-0.4509613259021411,-0.39790707642543277,-0.35034365226871145,-0.30797038298877866,-0.27039816000155453,-0.23719967286152527,-0.20794213472849488,-0.1822074894839612,-0.15960374473757422,-0.139770697458505,-0.12238192763055489,-0.10714453548138353,-0.09379754583369454,-0.08210961680733958,-0.07187643332835225,-0.06291803787086409,-0.05507623626114927,-0.04821216316314714,-0.04220404448917331,-0.03694517106849343,-0.034315734358153493
-0.72386291373992,-0.650541694028664,-0.58092289637236,-0.516182275061286,-0.456905918383646,-0.4032587656153164,-0.35512626025420435,-0.312220986910941,-0.2741604707567541,-0.24051962905955737,-0.21086511386672474,-0.18477665275603988,-0.1618591410910003,-0.14174886634736733,-0.12411581475189198,-0.10866359720515945,-0.0951279593826404,-0.08327454323981409,-0.0728962995980964,-0.06381081778371045,-0.055857718435393944,-0.04889619985506549,-0.04280277852146269,-0.03746924024510684,-0.03480247110692822
-0.7316862940932062,-0.6580751417507691,-0.5880015492773727,-0.5227137166409518,-0.4628512508819127,-0.4086159746408857,-0.3599170471711849,-0.3164810160547621,-0.2779325472039393,-0.2438491366527143,-0.21379711153241693,-0.18735413782630106,-0.16412209714452008,-0.14373382803234275,-0.12585575843448993,-0.11018802913425746,-0.09646311554506459,-0.08444364597011284,-0.07391983584828093,-0.06470681796046651,-0.056642023296693544,-0.049582708928384844,-0.04340367701917147,-0.037995203691726376,-0.03529096702800383
-0.7394472429541249,-0.6655710003511894,-0.5950605617686039,-0.5292378259501379,-0.4687972564465126,-0.4139787474133211,-0.364716127486861,-0.32075062511881663,-0.28171456288406393,-0.24718837374758523,-0.2167383013920332,-0.18994010862739552,-0.16639276431998223,-0.1457257202917464,-0.12760188271365852,-0.11171794207913283,-0.09780311276695874,-0.08561701210418882,-0.07494711892136602,-0.06560610604104261,-0.05742921028881326,-0.05027174256243272,-0.044006785745710764,-0.03852310151984811,-0.03578125940691748
-0.7471448374776563,-0.6730285792917484,-0.602099489274574,-0.5357543702908696,-0.474743864191407,-0.4193471259056586,-0.36952361532285594,-0.32502996958501396,-0.28550669284198443,-0.2505375203584667,-0.2196888591969759,-0.19253473120222908,-0.16867129607930076,-0.14772468281844253,-0.12935431338563924,-0.11325344844734658,-0.09914805092838541,-0.08679473002646404,-0.07597822679364652,-0.06650875066707279,-0.05821933973808868,-0.05096335371257005,-0.04461215114584527,-0.039052974438549826,-0.03627338608490141
-0.7547781534354203,-0.6804471812900004,-0.6091178796403918,-0.5422631107795922,-0.4806909991680236,-0.42472115007239075,-0.3743396244185626,-0.3293192057166078,-0.28930911364913603,-0.25389675844561393,-0.22264896283049757,-0.19513817375448744,-0.17095784797524494,-0.14973085726872198,-0.1311131780534186,-0.11479466228558888,-0.10049803138161423,-0.08797688943406323,-0.07701323860576093,-0.06741482150898065,-0.05901247287735806,-0.05165759613127152,-0.04521982036423261,-0.03958486377080295,-0.0367673854740895
-0.7623462652256219,-0.6878261022109616,-0.6161152729604602,-0.5487638021806962,-0.48663858223452205,-0.4301008577662274,-0.3791642680926077,-0.3336184905555234,-0.2931220034261786,-0.25726627195415824,-0.22561879235561272,-0.1977506067003615,-0.17325257770345603,-0.1517443873124663,-0.13287860617370306,-0.11634169932289579,-0.10185315699026976,-0.08916358137198432,-0.07805223469403294,-0.06832438929381818,-0.05980867187054123,-0.052354524389795765,-0.04582984126448447,-0.040118811470193916,-0.03726329657304933
-0.7698482458833478,-0.6951646309579923,-0.6230912014083684,-0.5552561927360311,-0.4925865299211518,-0.4354862846517593,-0.383997659202473,-0.337927981918712,-0.29694554186571326,-0.26064624685358806,-0.22859853006397812,-0.2003722027214605,-0.1755556451557963,-0.15376541868459548,-0.13465072910515824,-0.1178946770150055,-0.10321353216957985,-0.09035489826921955,-0.07909529662272347,-0.06923752583383874,-0.060607999837906934,-0.05305419390045918,-0.04644226244877453,-0.040654860138149285,-0.03776115898283666
-0.7772831670912056,-0.7024620493628508,-0.6300451890637992,-0.5617400239902565,-0.49853475429157135,-0.44087746411595463,-0.3888399101021095,-0.34224783839372497,-0.30077991025491413,-0.2640368711778793,-0.23158836052580428,-0.20300313681898413,-0.1778672124749997,-0.15579409923784787,-0.13642968015794704,-0.11945371458990245,-0.10457926292769815,-0.09155093397590769,-0.0801425072171319,-0.07015430405589301,-0.06141052088207977,-0.05375666093954817,-0.047057133277964014,-0.04119305304162019,-0.03826101292344827
-0.7846500991903177,-0.7097176320749438,-0.6369767517363512,-0.568215030611996,-0.5044831627999513,-0.4462744271754082,-0.39369113259740407,-0.3465782193332545,-0.30462529149821727,-0.26743833506622655,-0.23458847064083133,-0.20564358636916413,-0.1801874441107229,-0.15783057899696473,-0.13821559464459038,-0.12101893309465067,-0.10595045690820482,-0.0927517838015049,-0.08119395059767581,-0.07107479803167144,-0.06221630011472995,-0.05446198267086422,-0.04767450389235178,-0.04173343413129971,-0.038762899250772975
-0.791948111191762,-0.7169306464497621,-0.6438853967862868,-0.5746809402105341,-0.5104316581438284,-0.4516772023801352,-0.3985514378995192,-0.3509192848487164,-0.30848187013985534,-0.2708508308044241,-0.23759904969034018,-0.20829373118002315,-0.18251650687699933,-0.1598750102142915,-0.14000860993219483,-0.12259045544348729,-0.1073272234337827,-0.0939575445540422,-0.08224971221490601,-0.07199908300877939,-0.06302540368409021,-0.0551702171699725,-0.04829442523297811,-0.04227604806034957,-0.039266859474036686
-0.7991762707881933,-0.7241003524364215,-0.6507706229421484,-0.5811374731481189,-0.516380138112385,-0.45708581571384244,-0.40342093657592115,-0.35527119580275046,-0.3123498323864285,-0.27427455286689884,-0.24062028939030866,-0.21095375354950874,-0.18485457001119338,-0.16192754742686832,-0.1418088654961458,-0.12416840646727462,-0.10870967355110506,-0.09516831458050434,-0.0833098788855513,-0.0729272354427199,-0.06383789880322066,-0.055881423449112566,-0.0489169490635627,-0.042820940203668056,-0.039772935773720736
-0.8063336443661778,-0.7312260024644607,-0.6576319201150593,-0.5875843423475108,-0.5223284954301993,-0.46250029049049457,-0.40829973849905166,-0.35963411380059707,-0.3162293661292781,-0.27770969795936074,-0.24365238394564587,-0.21362383832500276,-0.18720180523444097,-0.1639883475150289,-0.1436165029752398,-0.12575291296431784,-0.11009792007704161,-0.09638419380834928,-0.08437453882956525,-0.07385933302981873,-0.06465385377910221,-0.05659566148289302,-0.04954212799308799,-0.04336815667772692,-0.04028117102004708
-0.8134192970185777,-0.7383068413297805,-0.6644687692098333,-0.5940212530949063,-0.5282766175961406,-0.4679206472470415,-0.4131879527924459,-0.36400820118030197,-0.32012066096682584,-0.28115646506211983,-0.24669553010564227,-0.21630417296428922,-0.18955838681365828,-0.16605756976262598,-0.14543166622835862,-0.1273441037526371,-0.11149207764614283,-0.09760528378823519,-0.08544378170829564,-0.07479545474106952,-0.06547333804261396,-0.05731299223466768,-0.050170015499038934,-0.04391774436097312,-0.04079160879193952
-0.8204322925576241,-0.7453421060797494,-0.6712806419326312,-0.6004479028378806,-0.5342243867173357,-0.47334690363220466,-0.4180856877742972,-0.36839362100163364,-0.324023908226706,-0.2846150554740856,-0.2497499272205453,-0.21899494759798632,-0.1919244916251922,-0.1681353759188306,-0.14725450139273094,-0.12894210972372172,-0.11289226275951192,-0.09883168773799911,-0.08651769866372533,-0.07573568085702392,-0.06629642217934745,-0.058033477683752666,-0.05080066595133104,-0.044469750914880035,-0.04130429339665384
-0.8273716935282699,-0.7523310258975208,-0.6780670005952311,-0.6068639809783422,-0.5401716793380584,-0.47877907429105804,-0.42299305089827655,-0.37279053703369314,-0.32793930098774515,-0.2880856728573869,-0.25281577729937277,-0.22169635509353552,-0.19430029922009873,-0.1702219302616742,-0.14908515694383173,-0.13054706389780957,-0.11429859383508961,-0.10006351058789581,-0.08759638235890377,-0.07668009300367123,-0.06712317796137152,-0.05875718085342485,-0.05143413463694624,-0.045024224805582935,-0.04181926988990198
-0.8342365612219738,-0.759272821985485,-0.6848272979158382,-0.6132691686602854,-0.5461183662632846,-0.48421717074534076,-0.42791014869147936,-0.3771991137411057,-0.3318670341017349,-0.2915685232826981,-0.2558932850689921,-0.22440859112073247,-0.19668599189119063,-0.1723173996633215,-0.15092378375695242,-0.13215910148076937,-0.11571119125942247,-0.10130085902720493,-0.0886799270195554,-0.07762877418941716,-0.06795367837993949,-0.05948416583975713,-0.05207047778533619,-0.045581215326183366,-0.042336584096606955
-0.8410259556910243,-0.7661667074479794,-0.6915609768162134,-0.6196631385522511,-0.5520643123767627,-0.4896612012693008,-0.4328370866893999,-0.3816195162687219,-0.3358073042149662,-0.29506381527522746,-0.25898265803444565,-0.22713185421889132,-0.19908175474182,-0.17442195365713203,-0.1527705351705766,-0.1337783599226483,-0.11713017744092447,-0.10254384155219676,-0.0897684284769551,-0.07858180884315613,-0.06878799767916915,-0.06021449784135574,-0.05270975259455968,-0.04614077261973215,-0.04285628263231908
-0.847738935763212,-0.7730118871731056,-0.6982674702152997,-0.6260455546243104,-0.5580093764534805,-0.4951111707608813,-0.43777396936779955,-0.3860519104247895,-0.33976030978944693,-0.2985717598613574,-0.26208410654056796,-0.22986634586569382,-0.20148777575653004,-0.17653576450663844,-0.15462556705150565,-0.13540497897791132,-0.11855567686474416,-0.10379256851554275,-0.09086198421206226,-0.07953928285352047,-0.06962621139076502,-0.06094824318996911,-0.05335201725823746,-0.046702947702911835,-0.04337841292524902
-0.8543745590570501,-0.7798075577137825,-0.7049462008190205,-0.6324160719194144,-0.5639534109662225,-0.5005670806080081,-0.4427209000713278,-0.39049646266237914,-0.34372625112388533,-0.30209257061599715,-0.26519784383498973,-0.23261227054773292,-0.2039042458735943,-0.17865900727640632,-0.15648903786193158,-0.1370391007674568,-0.11998781614926124,-0.10504715217721367,-0.09196069340104834,-0.08050128360928277,-0.07046839636979246,-0.06168546938204039,-0.05399733099334392,-0.04726779249044355,-0.043903023238994754
-0.8609318819973705,-0.7865529071680227,-0.7115965809063762,-0.6387743363189646,-0.5698962618860964,-0.5060289285499731,-0.44767798093864886,-0.3949533400591565,-0.3477053303742206,-0.305626463710619,-0.26832408613245984,-0.2353698358328396,-0.2063313590595181,-0.18079185990494961,-0.15836110872841647,-0.13868086984249045,-0.1214267241042788,-0.1063077067569293,-0.09306465696213989,-0.08146790004104898,-0.0713146308315607,-0.06242624511127032,-0.054645754068831376,-0.04783535982027104,-0.04443016269599226
-0.8674099598315443,-0.793247115058357,-0.7182180121116211,-0.6451199843024363,-0.5758377684767751,-0.5114967085334682,-0.4526453128241237,-0.3994227102952108,-0.35169775157384564,-0.3091736579619267,-0.2714630526806025,-0.23813925244424022,-0.2087693123855608,-0.18293450327967475,-0.1602419435129135,-0.1403304332502825,-0.12287253179097818,-0.10757434848818886,-0.09417397760398544,-0.08243922266421011,-0.07216499438963964,-0.06317064030214176,-0.05529734783517315,-0.04840570347949269,-0.044959881301653154
-0.8738078466460492,-0.7998893522104894,-0.7248098852025597,-0.6514526427008976,-0.5817777630823001,-0.5169704105632306,-0.4576229952156563,-0.4039047416290187,-0.35570372065329425,-0.3127343748812614,-0.27461496582708855,-0.24092073433658878,-0.21121830610636716,-0.18508712131400096,-0.16213170888586675,-0.14198794060191616,-0.12432537258369597,-0.10884719567401252,-0.09528875987544483,-0.08341534362324432,-0.0730195680950757,-0.06391872614454064,-0.055952174754828055,-0.0489788782311526,-0.04549222996931626
-0.8801245953836634,-0.8064787806311674,-0.7313715798547976,-0.6577719284442257,-0.5877160709081203,-0.5224500205470356,-0.46261112614869315,-0.4083996028712483,-0.3597234454595061,-0.3163088387246535,-0.2777800510882958,-0.24371449877394202,-0.21367854374074874,-0.1872499010266926,-0.16403057440149277,-0.14365354414207915,-0.12578538223361052,-0.1101263687443399,-0.09640911021699672,-0.08439635673739565,-0.07387843447685394,-0.06467057512943575,-0.056610298433658335,-0.04955493984184628,-0.04602726054594025
-0.8863592578611468,-0.8130145533852912,-0.7379024644218884,-0.664077448301853,-0.5936525097952144,-0.5279355201347868,-0.4676098021161146,-0.4129074633564406,-0.3637571357744951,-0.3198972765435709,-0.2809585372194612,-0.246520766409708,-0.21615023215470208,-0.18942303262348414,-0.1659387125753059,-0.145327398820988,-0.12725269893439362,-0.11141199031528409,-0.09753513701372951,-0.08538235754781548,-0.07474167758360628,-0.0654262610857187,-0.05727178365336205,-0.05013394511022978,-0.046565025838662955
-0.8925108847873703,-0.8194958144722209,-0.7444018957013715,-0.6703687986168938,-0.5995868899870693,-0.5334268865515107,-0.47261911797388256,-0.41742849291237505,-0.3678050033334296,-0.3234999182363127,-0.28415065628636105,-0.249339761368704,-0.21863358164675023,-0.19160670958110887,-0.16785629896396842,-0.1470096623685191,-0.12872746338987162,-0.11270418525021614,-0.09866695065000042,-0.0863734433661889,-0.07560938302669101,-0.0661858592182124,-0.05793669640493798,-0.05071595189643091,-0.04710557964217807
-0.8985785257821011,-0.8259216987013318,-0.7508692186965399,-0.6766455650333875,-0.6055190138891775,-0.5389240924239452,-0.47763916684218644,-0.4219628618269772,-0.37186726184204044,-0.3271169966001075,-0.28735664373861075,-0.25217171133126576,-0.22112880603566143,-0.19380112873375044,-0.16978351224756077,-0.14870049537061836,-0.13020981888387378,-0.1140030807227882,-0.09980466356586531,-0.08736971332493071,-0.07648163802464053,-0.0669494461469064,-0.05860510392323853,-0.05130101915242352,-0.04764897676701671
-0.9045612293953009,-0.8322913315668257,-0.757303766373818,-0.6829073222165555,-0.6114486758208776,-0.5444271056005506,-0.4826700400019396,-0.42651074081269946,-0.3759441269932745,-0.3307487473838411,-0.29057673848451177,-0.2550168476195991,-0.2236361227506506,-0.19600649036210227,-0.17172053431437073,-0.15040006134810352,-0.1316999113522177,-0.11530880628196766,-0.100948390315303,-0.08837126842898974,-0.07735853144904686,-0.0677170999474605,-0.05927707472263982,-0.051889206953389944,-0.0481952730687657
-0.9104580431269799,-0.8386038291217951,-0.7637048594158313,-0.689153633565795,-0.617375661759248,-0.5499358889645867,-0.48771182678635505,-0.43107230096812443,-0.3800358164831652,-0.33439540934146195,-0.29381118296760433,-0.2578754052863577,-0.22615575292411483,-0.19822299828504003,-0.17366755034825682,-0.15210852683791298,-0.13319788945701516,-0.11662149391915566,-0.10209824762632963,-0.08937821160933945,-0.07824015387195571,-0.06848890019304638,-0.05995267863388859,-0.05248057653009369,-0.04874452547819694
-0.9162680134475798,-0.8448582978515334,-0.7700718059699185,-0.6953840509202724,-0.6232997490747183,-0.555450400240054,-0.4927646144674308,-0.43564771373678923,-0.38414255002582887,-0.33805722428600915,-0.29706022324486464,-0.26074762320554,-0.22868792148704464,-0.20045085995404333,-0.17562474891872348,-0.15382606147694572,-0.13470390466334553,-0.11794127813747612,-0.10325435446305598,-0.09039064777823513,-0.07912659761480367,-0.06926492799757406,-0.06063198684216481,-0.05307519030235547,-0.0492967920324508
-0.9219901858190549,-0.8510538345461532,-0.776403901392092,-0.7015981142568267,-0.6292207062582406,-0.5609705917901581,-0.49782848813705316,-0.44023715086288495,-0.3882645493674619,-0.34173443714427265,-0.3003241090666617,-0.2636337441657838,-0.231232857267126,-0.20269028655045818,-0.17759232207379405,-0.1555528380885171,-0.13621811131840078,-0.11926829602332129,-0.1044168320897848,-0.09140868388626544,-0.08001795679898338,-0.07004526606031736,-0.06131507192640301,-0.05367311191362828,-0.049852131907240915
-0.9276236047164405,-0.8571895261724638,-0.7827004279863159,-0.7077953513800778,-0.6351382926395727,-0.566496410407985,-0.5029035305825269,-0.44484078434383345,-0.3924020382993526,-0.34542729601208244,-0.3036030939584364,-0.26653401496611745,-0.23379079308970957,-0.2049414930857113,-0.1795704654357841,-0.15728903277161949,-0.1377406667331979,-0.120602687320219,-0.1055858041372551,-0.09243242898131776,-0.0809143273980989,-0.07082999871206586,-0.06200200789993893,-0.054274406266718866,-0.05041060545010745
-0.933167313650099,-0.863264449745188,-0.7889606547390737,-0.713975277604359,-0.6410522580964667,-0.5720277970991255,-0.5079898221561685,-0.44945878637948633,-0.39655524266967723,-0.34913605221017774,-0.30689743530422087,-0.2694486865142634,-0.23636196588166097,-0.20720469850457335,-0.18155937830008906,-0.15903482499302762,-0.1392717312669406,-0.12194459450519252,-0.10676139667101792,-0.0934619942695128,-0.08181580729195448,-0.07161921196282839,-0.0626928702525259,-0.0548791395607387,-0.05097227421484371
-0.938620355188563,-0.8692776721974604,-0.795183837049035,-0.7201373954274559,-0.6469623427544036,-0.5775646868558942,-0.513087440638807,-0.4540913293177101,-0.4007243903941443,-0.35286096034067016,-0.3102073944319522,-0.2723780139275489,-0.23894661677828777,-0.2094801257915696,-0.18355926373708614,-0.16079039768238518,-0.14081146841418563,-0.12329416286757655,-0.10794373826218673,-0.09449749317817224,-0.08272249632239326,-0.07241299355112557,-0.0633877359937654,-0.05548737932929981,-0.05153720099706771
-0.9439817709819942,-0.8752282502506564,-0.8013692164518915,-0.7262811941956826,-0.6528682766765465,-0.583107008422748,-0.5181964610968343,-0.4587385855962911,-0.40490971146524557,-0.35660227834405644,-0.3135332367007068,-0.2753222566365135,-0.2415449912333334,-0.21176800208071722,-0.18557032869730983,-0.16255593733039975,-0.14236004489485143,-0.12465154059053962,-0.10913296006048734,-0.09553904142094449,-0.08363449635100939,-0.07321143299499483,-0.06408668369805304,-0.05609919448002071,-0.052105449871004544
-0.9492506017863667,-0.8811152302836106,-0.8075160203400905,-0.7324061497602424,-0.658769779543561,-0.588654684052578,-0.5233169557325085,-0.463400727680785,-0.4091114379600719,-0.3603602675567502,-0.31687523158981934,-0.2782816784913114,-0.24415733913227128,-0.21406855876861391,-0.18759278411998315,-0.16433163409024232,-0.1439176307472631,-0.12601687883530693,-0.11032919586985435,-0.09658675706513409,-0.08455191131887113,-0.07401462164472739,-0.0647897935510261,-0.056714655335396436,-0.052677086227581604
-0.9544258874881445,-0.8869376482011582,-0.8136234616775206,-0.7385117241245354,-0.6646665603229629,-0.5942076292535986,-0.5284489937272124,-0.4680779279982533,-0.41332980404658326,-0.3641351927691272,-0.320233652789971,-0.2812565478709658,-0.24678391490889628,-0.21638203163108077,-0.18962684504504335,-0.1661176818823218,-0.14548439942428382,-0.12739033182826154,-0.1115325822265742,-0.09764076060135296,-0.08547484730826865,-0.0748226527374482,-0.06549714739767787,-0.05733383367508699,-0.05325217681379224
-0.959506667129853,-0.8926945293020322,-0.8196907387089697,-0.7445973650821808,-0.6705583169275969,-0.5997657525262184,-0.5335926410772796,-0.47277035886651997,-0.41756504598813304,-0.3679273222840451,-0.32360877829627627,-0.28424713779558464,-0.2494249776654328,-0.21870866094348823,-0.19167273072883823,-0.16791427850250118,-0.14706052789272284,-0.1287720569510084,-0.11274325848012745,-0.09870117501558362,-0.08640341260663098,-0.07563562145357777,-0.0662088287921081,-0.05795680277968507,-0.05383078977347286
-0.9644919789360912,-0.8983848881462642,-0.825717034664325,-0.7506625058454341,-0.6764447358629161,-0.6053289550896762,-0.5387479604221423,-0.47747819241879264,-0.42181740214624064,-0.37173692797578817,-0.32700089050339,-0.28725372604161553,-0.25208079129619837,-0.22104869160483737,-0.19373066476355838,-0.16972162573397342,-0.14864619673609358,-0.13016221483353324,-0.11396136687682468,-0.09976812586375006,-0.0873377177726703,-0.07645362497530062,-0.06692492304903874,-0.05858363747603401,-0.05441299468953026
-0.9693808603404547,-0.9040077284218795,-0.8317015174573728,-0.7567065646638532,-0.6823254918625121,-0.610897130598001,-0.5439150108643043,-0.4822016005233104,-0.4260871129813104,-0.37556428534939457,-0.33041027630270614,-0.290276595260254,-0.2547516246150086,-0.22340237326582135,-0.19580087520065792,-0.1715399294628689,-0.15024159026089667,-0.13156096945058093,-0.11518705264637191,-0.10084174134890322,-0.08827787570486467,-0.0772767625470766,-0.06764551729716989,-0.05921441418414164,-0.054998862627627515
-0.9741723480129694,-0.909562042811099,-0.837643339379121,-0.7627289444328028,-0.6882002475117527,-0.6164701648446652,-0.5490938477808377,-0.4869407546978316,-0.43037442105128,-0.3794096736003588,-0.33383722718164366,-0.2933160330990739,-0.257437751486414,-0.22576996046096975,-0.19788359467829697,-0.17336939979781807,-0.15184689660658335,-0.1329684882214216,-0.11642046409147261,-0.10192215240113767,-0.08922400171236661,-0.07810513553833387,-0.06837070053441474,-0.059849210965773336,-0.05558846618145333
-0.9788654778884104,-0.9150468128560241,-0.843541636785558,-0.7687290322915985,-0.6940686528587786,-0.6220479354557329,-0.5542845226259835,-0.49169582601859274,-0.4346795710079593,-0.38327337567457265,-0.3372820393251208,-0.2963723323269954,-0.26013945096093755,-0.2281517127450297,-0.19997906055308629,-0.1752102511935527,-0.1534623078592992,-0.13438494211306523,-0.11766175268058399,-0.10300949276036003,-0.09017621358844014,-0.07893884750836827,-0.06910056368513717,-0.06048810757482148,-0.05618187951966294
-0.9834592851952539,-0.920461008823717,-0.8493955297797451,-0.7747061992109616,-0.6999303450126837,-0.6276303115707677,-0.5594870827244192,-0.49646698502341935,-0.439002809590891,-0.38715567832861286,-0.34074501371916255,-0.299445790962688,-0.26285700741444096,-0.23054789483378663,-0.20208751503621725,-0.17706270257879242,-0.15508802016962753,-0.13581050574716785,-0.118911073144011,-0.10410389906200107,-0.09113463168655411,-0.07977800427363818,-0.06983519965945012,-0.06113118550944985,-0.056779178434448324
-0.9879528044853259,-0.9258035895709033,-0.8552041218881395,-0.780659799569472,-0.7057849477282246,-0.6332171535111814,-0.5647015710546904,-0.5012544016087916,-0.4433443856185909,-0.39105687219009033,-0.3442264562567854,-0.3025367124065481,-0.26559071069176127,-0.23295877674943677,-0.20420920533420345,-0.1789269774885291,-0.15672423387445567,-0.13724535751072492,-0.12016858357341148,-0.10520551092584596,-0.09209937899922471,-0.08062271397746568,-0.07057470341469557,-0.06177852806618367,-0.05738044039192772
-0.9923450696643576,-0.9310735024081168,-0.860966499731064,-0.7865891707187739,-0.7116320709766838,-0.6388083124353627,-0.569928026022451,-0.5060582449203321,-0.44770454997690723,-0.3949772518181821,-0.34772667784613576,-0.3056454055762617,-0.2683408562547826,-0.23538463397074216,-0.20634438379438652,-0.1808033042009119,-0.15837115362315884,-0.1386896796707171,-0.12143444552491639,-0.10631447104808012,-0.09307058123974449,-0.08147308716231205,-0.071319172019145,-0.06243022039598006,-0.0579857445843969
-0.9966351140231589,-0.9362696829634587,-0.8666817326871884,-0.7924936325370696,-0.7174713105023933,-0.6444036299800698,-0.5751664812229246,-0.5108786832365236,-0.45208355560431845,-0.3989171157642052,-0.3512459945208768,-0.3087721850462091,-0.2711077453350891,-0.23782574758812736,-0.20849330805543798,-0.18269191587896305,-0.1600289885082956,-0.1401436584929111,-0.12270882412600687,-0.10743092529671011,-0.09404836692689933,-0.08232923684470539,-0.07206870471810345,-0.06308634956236625,-0.05859517198449696
-1.0008219702696524,-0.9413910550459231,-0.8723488725520173,-0.7983724869707831,-0.7233022473642714,-0.6500029378875533,-0.5804169651920654,-0.5157158838451248,-0.4564816574739644,-0.4028767666321015,-0.3547847275529675,-0.31191737119068,-0.27389168509140693,-0.2402824044639082,-0.2106562412030208,-0.18459305071723692,-0.16169795220096345,-0.14160748436496812,-0.12399188818627421,-0.10855502281049284,-0.09503286747285233,-0.0831912785929742,-0.07282340300242829,-0.06374700460176075,-0.059208805401426284
-1.0049046705616487,-0.9464365305083627,-0.8779669531901124,-0.8042250175638505,-0.7291244474620401,-0.6556060576177053,-0.5856795011459498,-0.5205700129120056,-0.46089911257209126,-0.40685651113884225,-0.35834320356777083,-0.3150812903311498,-0.2766929887719302,-0.24275489739785522,-0.2128334519308564,-0.18650695209374707,-0.16337826309107822,-0.14308135192404592,-0.12528381031231828,-0.10968691610155207,-0.09602421727427368,-0.08405933060787046,-0.07358337067965709,-0.06441227658604415,-0.05982672953923629
-1.008882246540449,-0.9514050091100651,-0.8835349901811701,-0.810050488974462,-0.7349374610463616,-0.6612127999446993,-0.5909541067077001,-0.5254412353418614,-0.4653361798727773,-0.41085666017457445,-0.36192175466155385,-0.3182642748876058,-0.279511975881791,-0.24524352529833177,-0.21502521470738445,-0.18843386872727935,-0.16507014443272877,-0.1445654601891222,-0.12658476702686466,-0.11082676116182244,-0.09702255380691777,-0.08493351380623321,-0.07434871394780829,-0.06508225868751272,-0.060449031057363545
-1.0127537293652733,-0.9562953783790545,-0.8890519804596403,-0.8158481464787259,-0.7407408222124573,-0.6668229645373558,-0.5962407936214581,-0.5303297146304148,-0.46979312030851483,-0.4148775288624257,-0.3655207185214421,-0.32146666353418535,-0.282348972355817,-0.24774859335918026,-0.21723180994830116,-0.19037405484039344,-0.16677382449488687,-0.1460600126981959,-0.1278949388923714,-0.11197471757350558,-0.09802801772377662,-0.0858139519078413,-0.07511954147197547,-0.0657570462463189,-0.0610757986334913
-1.016518149748488,-0.9611065134741026,-0.8945169019479476,-0.8216172154610429,-0.746534048376557,-0.6724363395226335,-0.6015395674526497,-0.535235612707613,-0.4742701967364621,-0.4189194366178761,-0.369140438547752,-0.3246888013591534,-0.28520431073677244,-0.2502704132426162,-0.21945352419514563,-0.19232777032831966,-0.16848953671763645,-0.14756521765065117,-0.1292145106392792,-0.11313094862371864,-0.09904075295695675,-0.08670077152558714,-0.0758959644638943,-0.06643673684046669,-0.061707123028751504
-1.0201745379916916,-0.9658372770464496,-0.8999287131831013,-0.8273569008907772,-0.7523166397345099,-0.6780527010314202,-0.6068504272739778,-0.5401590897712527,-0.47876767390001573,-0.42298270720751985,-0.37278126397890243,-0.3279310400293639,-0.2880783303592996,-0.252809303268374,-0.22169065030028245,-0.194295280934019,-0.1702175198742495,-0.14908128805493776,-0.13054367129915062,-0.11429562142351718,-0.10006090682348617,-0.08759410225910452,-0.07667809676454723,-0.06712143035856599,-0.062343097155576066
-1.0237219240226303,-0.9704865191013767,-0.9052863529366656,-0.8330663867847088,-0.7580880787019878,-0.6836718127259805,-0.6121733653363576,-0.5451003041105934,-0.4832858183853428,-0.4270676688071462,-0.37644355001868746,-0.33119373795942597,-0.2909713775397643,-0.25536558860933256,-0.22394348761844707,-0.1962768584296795,-0.17195801823929463,-0.1506084418818776,-0.13188261434286946,-0.11546890703151569,-0.10108863013522235,-0.0884940767920589,-0.07746605493001713,-0.06781122907536102,-0.06298381614803367
-1.027159337433009,-0.9750530768595667,-0.9105887398279333,-0.8387448356550725,-0.7638478293355538,-0.6892934253081406,-0.617508366724076,-0.5500594119192265,-0.48782489857257527,-0.4311746540588829,-0.38012765796617276,-0.3344772604855939,-0.29388380577220763,-0.25793960149390754,-0.226212342205237,-0.19827278080491034,-0.1737112817630962,-0.15214690222381672,-0.13323153782418967,-0.11665098058228351,-0.1021240773130011,-0.0894008309932276,-0.07825995832067001,-0.06850623773031056,-0.06362937743513222
-1.030485807517162,-0.979535774618312,-0.9158347719302684,-0.8443913879426251,-0.7695953367339331,-0.6949172760074424,-0.6228554089933863,-0.5550365670967949,-0.4923851845811872,-0.43530400012735393,-0.38383395534805076,-0.3377819800446019,-0.2968159759306782,-0.26053168141545874,-0.22849752702274323,-0.20028333246197016,-0.175477566252788,-0.15369689745986792,-0.13459064452884112,-0.11784202141976868,-0.1031674065053223,-0.09031450402156027,-0.07905992919389204,-0.06920656360918098,-0.06427988081682545
-1.033700363311571,-0.9839334236127262,-0.9210233263703987,-0.8500051614343584,-0.7753300264186885,-0.700543088048397,-0.6282144617937219,-0.5600319210387339,-0.49696694820923204,-0.4394560487546051,-0.3875628160535244,-0.34110827635756014,-0.29976825647811123,-0.26314217534905565,-0.2307993621527324,-0.2023088044182747,-0.1772571335603268,-0.15525866142759026,-0.13596014212947233,-0.11904221323595227,-0.10421877971168308,-0.09123523843541093,-0.07986609280050405,-0.06991231662897557,-0.06493542854321202
-1.036802033635395,-0.9882448218767714,-0.926153258920695,-0.8555852506654887,-0.781051303693639,-0.7061705700958959,-0.6335854864706336,-0.5650456224134043,-0.5015704628659884,-0.44363114631356393,-0.3913146204717527,-0.3444565366190949,-0.3027410236820724,-0.2657714379757925,-0.2331181750176034,-0.20434949451659246,-0.1790502517776807,-0.1568324336013352,-0.13734024334667028,-0.12025174421503443,-0.10527836291084891,-0.09216318030614845,-0.08067857748503132,-0.07062360942621526,-0.06559612539680723
-1.0397898471317946,-0.9924687541043947,-0.9312234035842221,-0.8611307263051399,-0.7867585529821808,-0.7117994156778523,-0.6389684356495673,-0.5700778169259624,-0.5061960034974416,-0.44782964385993995,-0.39508975563178617,-0.34782715569183775,-0.30573466183756864,-0.26841983191511487,-0.23545430060955552,-0.2064057076431966,-0.18085719543964596,-0.15841845927761083,-0.13873116611640146,-0.12147080718334091,-0.10634632619426904,-0.09309847933631904,-0.08149751479005485,-0.07134055744884293,-0.06626207877823767
-1.0426628323102483,-0.9966039915106806,-0.9362325721725129,-0.8666406345254618,-0.7924511371416754,-0.7174293025840384,-0.6443632527994542,-0.5751286470681155,-0.5108438465042969,-0.45205189718216243,-0.3988886153450638,-0.351220536306443,-0.3087495634972168,-0.2710877279653495,-0.23780808172823992,-0.208477755954381,-0.18267824573452024,-0.16001698976776946,-0.14013313376410597,-0.12269959976528716,-0.10742284390488077,-0.09404128898264641,-0.08232303956476894,-0.07206327905183163,-0.06693339879536297
-1.0454200175897599,-1.0006492916930758,-0.9411795538759732,-0.8721139963534769,-0.7981283967541358,-0.7230598922400716,-0.6497698717751688,-0.5801982518529342,-0.5155142696517873,-0.4562982668493004,-0.40271160035039444,-0.3546370892673234,-0.31178612970905045,-0.27377550535287454,-0.2401798692273291,-0.21056595911170956,-0.18451369072310791,-0.16162828259838613,-0.14154637518583035,-0.12393832454565129,-0.10850809478157725,-0.09499176658400998,-0.08315529007802136,-0.07279189559675076,-0.06761019835611615
-1.048060431343109,-1.0046033984927816,-0.9460631148267451,-0.8775498070054261,-0.8037896493922253,-0.7286908290555227,-0.6551882163377376,-0.5852867665339434,-0.5202075519707916,-0.4605691182564958,-0.4065591184613859,-0.3580772336641891,-0.3148447702622348,-0.27648355199024893,-0.24257002227037333,-0.21267064452639012,-0.18636382556635606,-0.1632526017196781,-0.14297112503668802,-0.12518718923847927,-0.10960226210960239,-0.09595007349474799,-0.08399440813603165,-0.07352653155545119,-0.06829259326516235
-1.050583101941921,-1.0084650418563461,-0.9508819976540017,-0.8829470352028912,-0.8094341888597839,-0.7343217397448615,-0.6606181996511473,-0.5903943223074692,-0.5249239736497213,-0.464864821667757,-0.41043158471636976,-0.36154139708967636,-0.31792590394100206,-0.27921226474368205,-0.2449789085963619,-0.21479214761319504,-0.1882289527620984,-0.1648902177223549,-0.14440762392701756,-0.12644640686295117,-0.11070553387717702,-0.09691637522346447,-0.08484053920496948,-0.07426731461806502,-0.06898070232461209
-1.05298705780289,-1.012232937697513,-0.9556349210315479,-0.8883046224703595,-0.8150612844057797,-0.7399522326201696,-0.6660597237545751,-0.5955210459973437,-0.5296638159163397,-0.46918575225567694,-0.4143294215306986,-0.3650300158630798,-0.32102995878713486,-0.2819620497102479,-0.24740690479542193,-0.2169308120543889,-0.19010938239129443,-0.16654140806330597,-0.14585611862662357,-0.1277161959265194,-0.11181810293864197,-0.0978908415776622,-0.08569383253873714,-0.07501437580557518,-0.06967464743899282
-1.0552713274347785,-1.0159057877593662,-0.9603205792176162,-0.8936214824136118,-0.820670179910829,-0.7455818968542693,-0.6715126790088205,-0.6006670597208663,-0.5344273609090233,-0.47353229013784026,-0.41825305885140884,-0.36854353526050987,-0.32415737237126846,-0.2847333225052637,-0.24985439659512138,-0.21908699007411048,-0.192005432374244,-0.16820645730055567,-0.14731686227751478,-0.12899678061572134,-0.11294016718446376,-0.09887364681447908,-0.08655444131211026,-0.07576784958711891,-0.07037455372462462
-1.0574349394866123,-1.0194822794768936,-0.9649376415867494,-0.8988964999784244,-0.8262600930452085,-0.7512103017129595,-0.6769769435155254,-0.6058324805349707,-0.5392148915365186,-0.4779048204094083,-0.4222029343141226,-0.3720824097515646,-0.3273085920734109,-0.28752650856025547,-0.252321779157845,-0.22126104272370273,-0.1939174287372336,-0.16988565733793842,-0.14879011461547825,-0.13028839099502448,-0.1140719297184456,-0.09986496979781101,-0.08742252275957679,-0.07652787400234395,-0.07108054962372615
-1.0594769227967953,-1.0229610858399296,-0.9694847521536931,-0.9041285306890467,-0.8318302143972334,-0.7568369957550197,-0.6824523825078255,-0.6110174200614271,-0.5440266913255332,-0.48230373317154074,-0.4261794934022123,-0.37564710324268225,-0.33048407537301094,-0.2903420434319612,-0.25480945738976385,-0.22345334017853796,-0.19584570589015193,-0.17157930767997265,-0.15027614220103902,-0.1315912632140967,-0.11521359904249351,-0.1008649941621989,-0.08829823832015166,-0.07729459078900935,-0.07179276702343959
-1.0613963064432046,-1.0263408652566308,-0.9739605290891962,-0.9093163998658949,-0.8373797065710453,-0.7624615059984574,-0.6879388477109533,-0.6162219840897543,-0.5488630442552572,-0.48672942355521553,-0.43018318960801327,-0.3792380893274494,-0.3336842901489001,-0.2931803731228713,-0.25731784626190773,-0.22566426204683326,-0.1977906069155863,-0.17328771569743162,-0.15177521866019394,-0.1329056397239639,-0.11636538924932882,-0.1018739084837697,-0.08918175378844206,-0.07806814551613445,-0.07251134137997994
-1.0631921197944316,-1.0296202614175103,-0.9783635642276328,-0.9144589018218408,-0.8429077032524684,-0.7680833370515033,-0.6934361766712249,-0.6214462721566283,-0.5537242345778431,-0.49118229173990835,-0.43421448459605716,-0.382855851543884,-0.3369097149895556,-0.29604195441376574,-0.2598473711439342,-0.22789419769108227,-0.19975248386995825,-0.17501119690418038,-0.15328762493547338,-0.13423176950247695,-0.11752752022356205,-0.10289190645863394,-0.09007323947231999,-0.07884868772297382,-0.07323641184830074
-1.0648633925619877,-1.032797903160118,-0.9826924225662975,-0.9195547990365677,-0.8484133082418993,-0.7737019702067777,-0.6989441920517064,-0.6266903771003474,-0.558610546623936,-0.4956627429665933,-0.4382738483681592,-0.386500883639046,-0.340160839514006,-0.29892725520884594,-0.2623984681511579,-0.2301435465626958,-0.20173169809733216,-0.1767500752457865,-0.15481364954779003,-0.13556990828957338,-0.1187002178515556,-0.10391918708910763,-0.09097287035755713,-0.07963637106412069,-0.07396812141740386
-1.0664091548535786,-1.0358724043344036,-0.9869456417563455,-0.9246028213083429,-0.853895594452872,-0.7793168624969343,-0.7044627008928855,-0.6319543845888009,-0.5635222645921423,-0.5001711875445625,-0.44236175943023204,-0.39017368984101963,-0.343438164703877,-0.30183675489390827,-0.2649715845054579,-0.23241271855047874,-0.20372862055648144,-0.17850468340056685,-0.1563535888697093,-0.13692031883285743,-0.11988371424052902,-0.104955954878172,-0.09188082627971939,-0.08043135346107733,-0.07470661705175768
-1.0678284372275082,-1.0388423636688986,-0.9911217315852483,-0.929601664882565,-0.8593536028750848,-0.7849274457099514,-0.7099914938364427,-0.6372383726194392,-0.5684596723213448,-0.5047080408513621,-0.44647870496059283,-0.39387478513853436,-0.3467422032468914,-0.30477094470824917,-0.2675671789107492,-0.23470213434363535,-0.2057436321619241,-0.18027536309365155,-0.1579077474106544,-0.13828327114401157,-0.12107824794739541,-0.10600242003261928,-0.09279729210380366,-0.08123379726061447,-0.07545204983901918
-1.0691202707480418,-1.0417063646377067,-0.995219173450751,-0.9345499915565048,-0.8647863415004786,-0.7905331253623887,-0.7155303443102307,-0.6425424109894912,-0.573423053044611,-0.5092737233251626,-0.45062518097966076,-0.397604695568346,-0.3500734798923766,-0.30773032813078555,-0.27018572194367624,-0.237012225810046,-0.20777712413960342,-0.18206246542478016,-0.159476438114739,-0.139659042766635,-0.12228406421785354,-0.10705879867531076,-0.09372245791194472,-0.08204386940028202,-0.07620457514445067
-1.070283687042059,-1.0444629753284862,-0.9992364198260384,-0.9394464277595382,-0.870192784211013,-0.7961332796284915,-0.7210790076723067,-0.6478665607346751,-0.578412689123417,-0.5138686604489212,-0.454801692520726,-0.40136395851058937,-0.3534325318191478,-0.31071542128116303,-0.27282769646026495,-0.23934343639050726,-0.20982949839796067,-0.1838663512105168,-0.16105998267183091,-0.14104791905608927,-0.12350141523627262,-0.10812531306708534,-0.09465651919967899,-0.08286174158149001,-0.07696435277239552
-1.0713177183565707,-1.0471107483113944,-1.0031718937163618,-0.9442895636081972,-0.8755718696266707,-0.8017272582231977,-0.726637220311957,-0.6532108735344544,-0.5834288617608124,-0.5184932827253991,-0.45900875380157635,-0.4051531229922689,-0.3568199090163232,-0.31372675333638106,-0.27549359801930934,-0.24169622150981285,-0.21190116791523217,-0.1856873913416504,-0.16265871184258374,-0.14245019347202265,-0.12473056038693892,-0.10920219183880586,-0.09559967708119704,-0.08368759045052077,-0.07773154713518263
-1.0722213976175732,-1.049648220509211,-1.0070239881066756,-0.9490779519353759,-0.8809224999121651,-0.8073143812369704,-0.7322046987052799,-0.6585753910818309,-0.5884718506919684,-0.5231480256422755,-0.46324688839671224,-0.4089727499990231,-0.36023617467747515,-0.3167648669637452,-0.2781839353232979,-0.2440710490054565,-0.2139925571437537,-0.1875259671565585,-0.16427296579819006,-0.14386616788423373,-0.1259717665273108,-0.11028967023409414,-0.09655213850410654,-0.08452159778795792,-0.078506327429885
-1.0729937584898956,-1.052073913068563,-1.0107910654005126,-0.9538101072929794,-0.8862435395408208,-0.8128939379200562,-0.7377811384230104,-0.6639601444154458,-0.5935419338505582,-0.527833329626351,-0.4675166294097671,-0.41282341279539336,-0.36368190560873703,-0.3198303187708029,-0.28089923067771,-0.2464683995749145,-0.21610410243220052,-0.18938247083144094,-0.16590309447559876,-0.1452961528925989,-0.12722530827392192,-0.11138799036336938,-0.09751411647420799,-0.08536395070696534,-0.07928886782334471
-1.0736338354382036,-1.0543863312325013,-1.0144714568498385,-0.9584845049272622,-0.8915338140139201,-0.8184651854139885,-0.7433662130878982,-0.6693651532117734,-0.5986393870092643,-0.5325496399858604,-0.47181851964580857,-0.4167056972536942,-0.3671576926512987,-0.3229236797730961,-0.28364002046961656,-0.24888876724240838,-0.2182362524666956,-0.19125730578823802,-0.16754945794912046,-0.14674046816185726,-0.1284914683016225,-0.11249740146978826,-0.0984858302908384,-0.0862148418609196,-0.0800793476459602
-1.074140663789247,-1.056583964214436,-1.0180634619758793,-0.9630995797261455,-0.8967921085339253,-0.8240273474277526,-0.7489595732789789,-0.6747904250348602,-0.6037644833924549,-0.5372974068397651,-0.47615311178306474,-0.42062020219161556,-0.37066414111889545,-0.3260455358804787,-0.28640685566653085,-0.25133265984615266,-0.220389468731777,-0.19315088712129336,-0.16921242681920273,-0.14819944277204844,-0.12977053765691332,-0.1136181602077832,-0.09946750579339497,-0.08707446966090548,-0.08087795159466213
