0,1,2,3,4,5,6,7,8,9,10,11,12,13,14,15,16,17,18,19,20,21,22,23,24
-0.7,-0.7062908555968909,-0.7133999658296153,-0.7214325786763861,-0.7305067791404676,-0.7407547053740852,-0.7523237131231392,-0.7653773976991288,-0.7800963438392402,-0.7966784244872672,-0.8153384169868149,-0.8363066516527582,-0.8598263782814969,-0.8861495488827574,-0.9155308334339523,-0.9482199617459974,-0.9844530074802096,-1.0244440558647099,-1.0683798468230332,-1.1164213702468107,-1.1687178768696536,-1.2254401885839048,-1.2868419115982168,-1.3533604911906887,-1.425778580283393
-0.6967935871743487,-0.7026670781769544,-0.7093049469810375,-0.7168057699641143,-0.7252802799781023,-0.7348525828317366,-0.7456613594958846,-0.7578609813180123,-0.7716224313460018,-0.787133881105081,-0.8046007217142354,-0.8242447925358,-0.8463025071108773,-0.8710215569257727,-0.8986559296186992,-0.9294591538051152,-0.9636760597282662,-1.0015339932600362,-1.0432353932721516,-1.0889549073203126,-1.1388456828733255,-1.1930609120460727,-1.251798200407937,-1.3153764790589841,-1.3843601466127167
-0.6935871743486973,-0.6990431332210977,-0.7052094569584911,-0.7121779726707891,-0.7200519455608658,-0.7289472793624375,-0.7389937337677696,-0.7503361025527144,-0.7631352667625773,-0.7775689997150352,-0.7938323541090841,-0.8121374073399453,-0.8327120903133172,-0.8557977845945425,-0.8816453815108997,-0.9105095899011635,-0.9426415269764473,-0.9782801025135365,-1.017643481796371,-1.0609230061948163,-1.1082833228605782,-1.1598739290950848,-1.2158587962134162,-1.2764723367989563,-1.3421128626951617
-0.6903807615230461,-0.6954190500748416,-0.7011135706353119,-0.7075493304555436,-0.714822021387023,-0.7230391887083748,-0.7323214421599828,-0.7428036674906638,-0.7546361722979609,-0.7679856687079674,-0.78303595429038,-0.7999881027145767,-0.8190599230117434,-0.8404843940159442,-0.8645067565314615,-0.8913799756459343,-0.9213584256265865,-0.9546899682184409,-0.991607169246342,-1.032319283065958,-1.0770078461109824,-1.1258301262559458,-1.1789361588208467,-1.2365065399797472,-1.2988199929635467
-0.6871743486973948,-0.6917948583210655,-0.6970173635723905,-0.7029199885000998,-0.7095907560056602,-0.7171287104341035,-0.7256451017058926,-0.7352646019529674,-0.7461265057251772,-0.758385839876316,-0.7722142741898741,-0.7878006801467062,-0.8053511350709704,-0.8250881126199403,-0.8472485567975084,-0.8720805223293165,-0.8998381208006461,-0.9307746967208338,-0.9651345429226729,-1.003144123749618,-1.0450047659182238,-1.090890045868691,-1.140952567194404,-1.1953462750511956,-1.2542719284533657
-0.6839679358717434,-0.6881705877746709,-0.6929209119992521,-0.6982900934598348,-0.7043584009064878,-0.711216249697915,-0.71896533980324,-0.7277198506572312,-0.7376076588821717,-0.7487715258493389,-0.7613701733990862,-0.775579129729843,-0.7915911828444752,-0.8096162248003751,-0.8298802175040498,-0.8526229696594702,-0.8780944124395687,-0.9065491419625319,-0.9382392192811685,-0.9734056585452393,-1.012269771441381,-1.0550265844209767,-1.1018438878383934,-1.152871940886339,-1.2082702942768324
-0.6807615230460922,-0.6845462684771905,-0.6888242927948364,-0.6936597934138057,-0.699125210406626,-0.7053022170152489,-0.712282793746541,-0.7201703763330163,-0.7290810560626152,-0.739144797278786,-0.7505066144640046,-0.7633276227409236,-0.7777858384228472,-0.7940765585216973,-0.8124120955322884,-0.8330205906999559,-0.8561435915718122,-0.882032087348102,-0.9109407915335419,-0.943120710262205,-0.9788105174204434,-1.018228031144444,-1.0615641943351461,-1.1089833254273436,-1.1606348675985936
-0.6775551102204408,-0.6809219306913391,-0.6847275834679819,-0.6890292378137585,-0.6938914415344613,-0.6993870280144018,-0.7055981102403227,-0.7126171587913563,-0.7205481522995894,-0.7295077797803601,-0.7396266576346254,-0.7510505030264735,-0.7639411763445368,-0.7784774666749738,-0.794855447588732,-0.8132881769117761,-0.8340044611467627,-0.8572463700863733,-0.8832651966979451,-0.9123156588533209,-0.9446483991930261,-0.980501328515814,-1.0200911543590563,-1.063607553763109,-1.1112138128968623
-0.6743486973947895,-0.6772976048955077,-0.6806308621376189,-0.6843985774321497,-0.6886573539106671,-0.6934711031848021,-0.6989119448938906,-0.7050611939499921,-0.712010431545764,-0.7198626506381349,-0.7287334550815117,-0.7387522772123958,-0.7500635577629177,-0.7628278030657293,-0.7772223973510577,-0.7934420015314633,-0.8116983162807189,-0.8322189345712125,-0.8552449704802896,-0.8810271559432266,-0.9098201893847419,-0.9418753620372444,-0.9774319585216816,-1.0167086968458379,-1.059897556961196
-0.6711422845691383,-0.673673321778204,-0.6765342075126847,-0.6797679643092206,-0.6834232096265063,-0.6875548676181568,-0.6922249616984065,-0.6975034928161964,-0.7034694047543186,-0.7102116352809179,-0.7178302445966528,-0.7264376037655641,-0.7361596120995438,-0.7471368930051201,-0.7595258913034362,-0.7734997599529037,-0.7892488795483488,-0.8069808023482336,-0.826919358122525,-0.8493026156874665,-0.8743793843448006,-0.9024040049697416,-0.9336293788110728,-0.9682985899331125,-1.0066361614288966
-0.6679358717434869,-0.6700491122324386,-0.6724376988717657,-0.6751375516991471,-0.6781892731195058,-0.6816387507427674,-0.6855378324870889,-0.6899450804292331,-0.6949266078654392,-0.7005570035413089,-0.7069203428009629,-0.7141112809494329,-0.7222362162510964,-0.7314144985728558,-0.74177964318161,-0.7534804863251096,-0.7666821880812953,-0.7815669481835824,-0.7983342516200639,-0.8172004069382287,-0.8383970887742928,-0.8621685673738964,-0.8887673309768337,-0.9184479348808755,-0.9514592074268332
-0.6647294589178356,-0.6664250073500602,-0.6683414160424779,-0.6705074940153107,-0.6729558110466366,-0.6757231860513675,-0.6788512363794517,-0.6823869947647425,-0.6863835997038695,-0.6909010657100214,-0.6960071378858658,-0.7017782337300974,-0.7083004714562495,-0.7156707787229528,-0.7239980672105244,-0.7334044462177377,-0.7440264306931758,-0.7560160747555171,-0.7695419289190045,-0.7847896776212705,-0.8019622629871167,-0.8212792469741397,-0.8429751150191609,-0.867296202893126,-0.8944959681935106
-0.6615230460921844,-0.6628010384160413,-0.6642454393805948,-0.6658779467747252,-0.6677230921551139,-0.6698086108228296,-0.6721658592105383,-0.6748302856035073,-0.6778419597935568,-0.6812461683997139,-0.6850940819213204,-0.689443499703161,-0.694359677967453,-0.699916244508832,-0.7061962005962933,-0.7132930059193104,-0.7213117349912873,-0.7303702824776838,-0.7406005790140895,-0.7521497569939589,-0.7651811755181015,-0.7798751750848997,-0.7964293843745043,-0.8150583477080923,-0.8359921901908639
-0.658316633266533,-0.6591772369027106,-0.6601498497489258,-0.6612490665416472,-0.6624913871509333,-0.6638954658381025,-0.6654823929461511,-0.6672760133672242,-0.6693032860959505,-0.6715946902341762,-0.674184682767315,-0.6771122141252159,-0.6804213077105516,-0.6841617098094112,-0.6883896160200699,-0.6931684796911178,-0.6985699063840345,-0.7046746357686436,-0.7115736080607505,-0.7193691054477125,-0.7281759488228831,-0.7381227156690183,-0.7493529242189105,-0.7620261009231738,-0.7763186116102999
-0.6551102204408817,-0.6555536344639458,-0.6560547284959699,-0.6566210108704305,-0.6572609685652961,-0.6579841950907896,-0.6588015350851774,-0.6597252479241247,-0.6607691926791021,-0.6619490373803111,-0.6632824956303808,-0.6647895941465608,-0.6664929751514125,-0.6684182380394853,-0.670594325162956,-0.6730539570676589,-0.6758341229448872,-0.67897663242082,-0.682528735024113,-0.6865438136305593,-0.6910821577301477,-0.6962118212685624,-0.7020095677404199,-0.7085619016969453,-0.7159661802868442
-0.6519038076152304,-0.6519302629293122,-0.6519601574343356,-0.6519939382476403,-0.6520321106190359,-0.6520752454927508,-0.6521239880501103,-0.6521790673673934,-0.6522413073251081,-0.6523116389416732,-0.6523911143106373,-0.6524809223533573,-0.6525824066219608,-0.6526970854219791,-0.6528266745561906,-0.6529731130322,-0.6531385921210998,-0.6533255882049906,-0.653536899909032,-0.6537756900783855,-0.6540455332349395,-0.654350469231193,-0.6546950639142355,-0.6550844777195647,-0.6555245432351057
-0.6486973947895791,-0.648307154298163,-0.6478662188189503,-0.6473680080334888,-0.6468050890852006,-0.6461690665751618,-0.6454504585669544,-0.6446385567695173,-0.643721269083939,-0.6426849422336535,-0.6415141621886087,-0.6401915297379245,-0.6386974083877244,-0.6370096414836993,-0.6351032352880958,-0.6329500045630623,-0.63051817713999,-0.6277719540171794,-0.6246710218009616,-0.6211700149014262,-0.6172179259800853,-0.612757464918723,-0.6077243693955314,-0.6020466744234257,-0.5956439544967385
-0.6454909819639278,-0.6446843407336922,-0.6437729953250658,-0.6427433804026232,-0.6415801811499311,-0.6402661101854618,-0.6387816570357269,-0.6371048069158186,-0.6352107257820458,-0.6330714079614701,-0.6306552830041359,-0.6279267782246821,-0.6248458337639058,-0.6213673675064538,-0.6174406882970047,-0.6130088576024982,-0.6080080025285189,-0.6023665872570206,-0.5960046561914922,-0.5888330710920331,-0.5807527775474676,-0.5716541542478185,-0.561416524017116,-0.5499079399897248,-0.5369854056452432
-0.6422845691382765,-0.6410618545569521,-0.6396805700260717,-0.6381202162843189,-0.6363576652717872,-0.6343668301806392,-0.6321182968928181,-0.6295789130205395,-0.6267113314944859,-0.6234735053230713,-0.6198181314823155,-0.6156920428863941,-0.6110355496066384,-0.6057817337193996,-0.5998557071281957,-0.5931738489111239,-0.5856430493005387,-0.5771600022873365,-0.5676106098506021,-0.5568695894690968,-0.5448004156600916,-0.5312557764960514,-0.5160787903134983,-0.49910530346131793,-0.48016767131569105
-0.6390781563126252,-0.6374397282408248,-0.6355890263711215,-0.6334986773021111,-0.6311378210396613,-0.6284716821173041,-0.6254610939664895,-0.6220619734289417,-0.6182247439895632,-0.6138937070597805,-0.6090063638633498,-0.6034926939905525,-0.5972744025196505,-0.5902641560538864,-0.5823648401249141,-0.5734688875098539,-0.5634577509860473,-0.5522016264327587,-0.5395595756788859,-0.5253802540918886,-0.5095035174332253,-0.49176326088123434,-0.4719919249173117,-0.4500271655832466,-0.4257211967808872
-0.635871743486974,-0.6338179944039619,-0.6314984481625945,-0.6288789257129251,-0.6259209290294553,-0.6225811229390352,-0.6188107658268518,-0.6145550883089861,-0.6097526221552309,-0.6043344844780971,-0.5982236283945723,-0.5913340790189414,-0.583570185123819,-0.5748259332976099,-0.5649843940542003,-0.5539174004620645,-0.5414856017242471,-0.5275390878520235,-0.5119188489370956,-0.4944594102205582,-0.4749930665506853,-0.45335620627469303,-0.42939823657990317,-0.4029935420216658,-0.37405665524326387
-0.6326653306613226,-0.6301966858046819,-0.627408919533388,-0.624261124345737,-0.620707270659655,-0.616695610661457,-0.6121680311316452,-0.607059358336189,-0.601296623416606,-0.5947983024663464,-0.5874735558435058,-0.5792215048043756,-0.5699306027374944,-0.5594781854795661,-0.5477303211352287,-0.5345421276065424,-0.5197587871091315,-0.5032175597641846,-0.48475118010322404,-0.46419309723437896,-0.44138506910258996,-0.41618759815604106,-0.38849353813472043,-0.3582448223998969,-0.32545159214329167
-0.6294589178356713,-0.6265758353348411,-0.6233205249240718,-0.6196454365398278,-0.6154971280459882,-0.6108156040555595,-0.6055336089692207,-0.5995758833753432,-0.5928584011541045,-0.5852876145300808,-0.5767597500908906,-0.5671602199275836,-0.5563632408094068,-0.5442317942916752,-0.5306181113430997,-0.5153649295253862,-0.4983078474037054,-0.4792791821055523,-0.4581138091198473,-0.43465749746947707,-0.4087782010496211,-0.38038055692085154,-0.3494233875818885,-0.31593923466810586,-0.28005387943999277
-0.62625250501002,-0.6229554760136635,-0.6192333490598958,-0.6150320260826624,-0.6102907838553036,-0.6049415623297245,-0.5989082182000683,-0.592105761162758,-0.584439602131638,-0.5758048578699404,-0.5660857788617913,-0.5551553975137894,-0.542875533433031,-0.5290973463073546,-0.5136626917083029,-0.496406612539534,-0.4771613812093145,-0.4557625770763413,-0.43205771226657197,-0.4059178535694419,-0.37725245540088226,-0.3460271374376632,-0.31228333547552356,-0.27615764706380763,-0.2378974781189802
-0.6230460921843687,-0.6193356409815463,-0.615147476927677,-0.6104210571474585,-0.6050885211588589,-0.5990739448109812,-0.5922925767983135,-0.5846500859927415,-0.5760418639443732,-0.5663524485254912,-0.5554551646516449,-0.5432121185633599,-0.5294747332525381,-0.5140850796941844,-0.496878334129499,-0.47768677389877784,-0.4563457958081882,-0.432702469646761,-0.4066270779244279,-0.3780278671811689,-0.3468687572709102,-0.31318896632892285,-0.2771224040373711,-0.23891346212878656,-0.1989249057516982
-0.6198396793587174,-0.6157163634938315,-0.6110629937525719,-0.6058126942304811,-0.599890623285168,-0.5932132106259743,-0.5856874011945556,-0.5772099474119916,-0.5676668124953617,-0.5569327766079611,-0.5448713759019739,-0.5313353559434635,-0.5161678830457294,-0.4992048350387215,-0.4802785729735833,-0.45922366960917327,-0.43588510832676464,-0.41012941841715767,-0.3818590127165898,-0.35102955574197964,-0.31766943435888867,-0.28189934585368726,-0.2439487823182931,-0.20416519329384533,-0.1630114343747605
-0.616633266533066,-0.6120976769145557,-0.6069799849747476,-0.6012071020881239,-0.594697373672586,-0.587359818382157,-0.5790934056214515,-0.5697864289255478,-0.559316059510232,-0.5475482016441273,-0.5343378184779125,-0.5195299591586859,-0.5029617892399534,-0.48446601081003166,-0.46387613346412804,-0.4410341065607584,-0.4158007997394628,-0.3880696567366747,-0.3577834663253718,-0.32495351545054757,-0.2896793771984745,-0.25216638173212486,-0.21273671182258164,-0.1718296668499362,-0.12998754443173394
-0.6134268537074148,-0.6084796147101683,-0.6028985362259626,-0.5966044456738181,-0.589509055721794,-0.5815142258497044,-0.5725113014634198,-0.5623806067179037,-0.5509912000988737,-0.5382010480526809,-0.5238578274964479,-0.5078006400078631,-0.48986299758340557,-0.4698775238874674,-0.4476828715688752,-0.42313335982389955,-0.39611172168241354,-0.3665450390787526,-0.3344233527206963,-0.29981951930837714,-0.2629076993068937,-0.22397669626495362,-0.1834336879189519,-0.14179438907906913,-0.09965776281321413
-0.6102204408817635,-0.6048622104432297,-0.5988187333060697,-0.5920048900748253,-0.5843259526483564,-0.5756768896446557,-0.565941796611842,-0.5549935483928035,-0.5426938103727597,-0.5288936007733089,-0.5134346595505626,-0.49615195922239796,-0.4768777711575215,-0.45544777547136367,-0.4317097258014394,-0.40553511521325986,-0.37683405419073784,-0.34557308364331474,-0.31179483814579456,-0.2756373696520266,-0.23734970843076275,-0.19729934527870696,-0.15596733115720035,-0.11392823447415126,-0.07181527944667654
-0.6070140280561122,-0.6012454977660877,-0.5947406621594578,-0.5874086004489656,-0.5791483473355205,-0.5698482649137797,-0.5593855948271109,-0.5476263117351695,-0.5344254451262069,-0.5196281010674927,-0.5030714853703063,-0.48458831416827414,-0.4640120708773517,-0.4411846225860831,-0.4159666810632932,-0.38825143650871746,-0.3579813108993658,-0.3251670991747338,-0.28990776209187397,-0.2524079237864187,-0.21298901971088335,-0.1720896426300578,-0.13025152088874473,-0.08809011501211299,-0.04625254208695293
-0.6038076152304609,-0.5976295104145344,-0.5906644088514372,-0.5828157419613298,-0.5739765221874292,-0.5640288050216636,-0.5528433951088562,-0.5402799434984893,-0.52618763558946,-0.5104067425085945,-0.4927713829572514,-0.47311392768007043,-0.4512715385868208,-0.4270953552766277,-0.4004627443798197,-0.3712927560999878,-0.3395643870124271,-0.30533638210102476,-0.2687661563820703,-0.2301242172410307,-0.18979967217855181,-0.14829268781115607,-0.10619158856310468,-0.06413563753123708,-0.022768432095395263
-0.6006012024048095,-0.594014282201441,-0.5865900595445854,-0.5782264797210229,-0.5688107589829059,-0.5582189612405015,-0.5463158910756345,-0.532955478220866,-0.5179818872610285,-0.5012316671772796,-0.4825373312239482,-0.46173283808090726,-0.4386614828156947,-0.4131866794960441,-0.38520593213749565,-0.3546678873056691,-0.32159164447428656,-0.2860864692590633,-0.24836882884997477,-0.20877261954302623,-0.16774814473626032,-0.12584647591535694,-0.08368852138133887,-0.041921956908276166,-0.0011727492177907028
-0.5973947895791583,-0.5903998470103813,-0.5825177004750683,-0.5736409787180007,-0.5636513387299938,-0.5524191824430833,-0.5398037703553642,-0.5256539370728167,-0.5098096778262278,-0.492104962076683,-0.4723722041649384,-0.45044889042765135,-0.42618686722582394,-0.39946470558381125,-0.3702032682147682,-0.3383840562188181,-0.3040690282616223,-0.26741943154137776,-0.22870998128607023,-0.188333970072969,-0.14679520151559586,-0.10468453705063584,-0.06264222760428707,-0.021311121839084228,0.018711300552840923
-0.594188376753507,-0.5867862387892407,-0.5784474179289456,-0.569059403760043,-0.5584985415214082,-0.5466299147994461,-0.5333077139877218,-0.5183763267397359,-0.5016724551683266,-0.4830286557799961,-0.4622787655806709,-0.4392657290061314,-0.4138523017366169,-0.38593494214754953,-0.3554607922213867,-0.3224469506529044,-0.28700020753243544,-0.24933419460312567,-0.20977983566698818,-0.1687846547486977,-0.1268975259916381,-0.08473810190237242,-0.04295397111233163,-0.0021722261259440644,0.037046026273251376
-0.5909819639278556,-0.5831734915438087,-0.5743792982184717,-0.5644819194099133,-0.5533526463910624,-0.5408516014776494,-0.5268283958396753,-0.5111236383417611,-0.49357163547811134,-0.4740047153213151,-0.45225966437036175,-0.42818679108683466,-0.40166203628449565,-0.3726022950834737,-0.34098357692225306,-0.3068607836000831,-0.27038673546955877,-0.2318268741046994,-0.19156524757285065,-0.15009759667092304,-0.10800912690128167,-0.0659378227643573,-0.024528106427178634,0.015617346552642786,0.053979120395076935
-0.5877755511022044,-0.5795616393313662,-0.570313427658411,-0.5599086899227619,-0.5482139311718411,-0.535084682349139,-0.5203664820353019,-0.5038968463936397,-0.48550860146712776,-0.4650350433388003,-0.4423174304046496,-0.41721530193791956,-0.3896199571390303,-0.3594710714063542,-0.3267757538227782,-0.2916283685587405,-0.25422822198842265,-0.2148911146415935,-0.17405029064575572,-0.13224314465343498,-0.09008251656481535,-0.04821509798648788,-0.007273247511991378,0.032171339818085724,0.06964412949559025
-0.5845691382765531,-0.5759507162542605,-0.5662498925423743,-0.5553398791838174,-0.543082672354769,-0.5293295936991237,-0.5139226304009546,-0.4966969078069566,-0.47748470068918186,-0.4561214754772656,-0.4324544709836613,-0.4063542710793695,-0.3777295856697935,-0.34654498750771395,-0.3128405458316518,-0.2767512041252671,-0.23852251398256338,-0.1985184233542464,-0.157216800587673,-0.11518985236640199,-0.07306967415580702,-0.03150305596588483,0.008897006711340485,0.04759450704656702,0.0841612807739393
-0.5813627254509017,-0.5723407564534752,-0.5621887791191895,-0.5507756506464191,-0.5379591449497403,-0.5235867679424041,-0.5074974899268158,-0.48952476093692454,-0.4695012439740887,-0.4472657780554927,-0.42267306788115927,-0.39560648975019064,-0.365994079433363,-0.3338271814220425,-0.2991803058914121,-0.26222956536030334,-0.2232658783989533,-0.1826984910734982,-0.14104487130799293,-0.09890514757728816,-0.05692281373079034,-0.0157372558407896,0.02406368356885515,0.061982807268206715,0.09763849412042086
-0.5781563126252505,-0.5687317941021977,-0.5581301735693268,-0.5462161672704429,-0.532843622347966,-0.5178566333450655,-0.5010917002458042,-0.4823813246757212,-0.46155950397699463,-0.43846964600169297,-0.41297537497063097,-0.38497452954964306,-0.35441623542930933,-0.32132022865437226,-0.28579656047313845,-0.2480625996148786,-0.20845318411650895,-0.1674194956327915,-0.1255132992892074,-0.0833558958246785,-0.0415949804729063,-0.0008561586505837029,0.03830229617484779,0.07542380107620064,0.11017246641806581
-0.5749498997995992,-0.5651238633993793,-0.5540741619813778,-0.541661591461162,-0.5277363761862771,-0.5121396137524127,-0.494705891130723,-0.4752674975941135,-0.4536607138459136,-0.42973470105869177,-0.4033634164246426,-0.37446074220378056,-0.34299849535758786,-0.30902616110801356,-0.27269005686452324,-0.23424842472011717,-0.1940780793010917,-0.15266838359151172,-0.11059997501050355,-0.06850886606872408,-0.027040499627889153,0.013198583060896588,0.05168288040459436,0.08799716419820082,0.12184975556362701
-0.5717434869739478,-0.5615169985633004,-0.5500208303286145,-0.5371120850086014,-0.522637676213446,-0.5064361283235524,-0.48834068201051445,-0.46818415713295775,-0.4458060660095358,-0.42106249025872833,-0.3938390854746693,-0.36406726040027537,-0.3317429526976357,-0.296946488647773,-0.2598608132357954,-0.22078422768993783,-0.18013316159387793,-0.13843112802055163,-0.0962822223817557,-0.05433110773818596,-0.013215301877402072,0.02648197598352021,0.06427015395395126,0.09977526056909672,0.13274782018034362
-0.5685370741482966,-0.5579112338251331,-0.545970264445631,-0.5325678090274226,-0.5175477901586588,-0.5007465912729588,-0.48199668150636693,-0.4611321588458685,-0.43799671108663724,-0.4124544846659816,-0.3844041437146893,-0.35379599962733843,-0.32065136142114636,-0.2850822228399491,-0.2473081705400455,-0.2076663623449749,-0.16661013913043637,-0.12469296118128803,-0.08253708866078066,-0.04079024944664501,-7.714708584168409e-05,0.039045642736290784,0.07612375528648208,0.11082373500567469,0.14293599035535803
-0.5653306613226452,-0.5543066034225081,-0.5419225500050852,-0.5280289238973975,-0.512466983602284,-0.495071411619383,-0.4756744869883988,-0.45411233569419096,-0.43023375691785554,-0.4039120783834173,-0.37506022092847563,-0.3436486609469373,-0.30972514614617747,-0.27343390242495486,-0.23503084538917957,-0.19489044452657794,-0.15349998096800224,-0.11143858188289613,-0.0693415883421621,-0.02785472975918476,0.012414234018866379,0.05093785650639662,0.08729853098201504,0.1212020990380455,0.15247635754796726
-0.5621242484969939,-0.5507031415930865,-0.5378777724945505,-0.5234955892045058,-0.5073955198490633,-0.4894109929424103,-0.46937468415353223,-0.4471254973951385,-0.42251826771992473,-0.3954365878189866,-0.3658088154174225,-0.33362673462806114,-0.2989654135392149,-0.26200162009966166,-0.22302698313903746,-0.18245144382218897,-0.14079305600730352,-0.09865233804276932,-0.05667290510880557,-0.015493969990688436,0.024297063256419685,0.06220363126311084,0.09784484849503709,0.13096429315674787,0.1614245800414042
-0.5589178356713427,-0.5471008825681415,-0.5338360171934933,-0.5189679636827135,-0.5023336598038677,-0.48376573314698984,-0.46309784662513853,-0.4401724298237838,-0.41485126336191197,-0.3870292512048748,-0.3566512948031996,-0.32373150456276195,-0.28837296477407165,-0.2507850502134406,-0.21129421051363056,-0.17034377096094871,-0.1284792599289957,-0.0863183855227776,-0.04450855621787571,-0.0036784982964389937,0.035607489085605806,0.072884850002202,0.10780891792005537,0.14015921559317052,0.16983060538836375
-0.5557114228456913,-0.5434998605661451,-0.5297973691503837,-0.5144462051564669,-0.4972816618501313,-0.478136024236197,-0.45684453557492644,-0.43325389446932905,-0.4072337187623859,-0.37869122836218033,-0.3475888972772941,-0.31396405338578376,-0.27794830886134664,-0.23978347701268632,-0.19982968719521144,-0.15856136025565623,-0.11654813002328239,-0.07442082469575796,-0.03282652373138821,0.007619966582196977,0.0463795993611177,0.08302041749032377,0.11723311137814586,0.1488312124983439,0.17773931425804446
-0.55250501002004,-0.5399001097863694,-0.5257619131599545,-0.5099304704839518,-0.492239781731085,-0.4725222520924979,-0.4506152993674944,-0.4263706279458944,-0.3996665634059264,-0.37042360070228864,-0.3386227332677776,-0.30432526821790257,-0.2676916766694463,-0.22899582310231048,-0.18863015590150442,-0.14709774666140465,-0.10498894807875032,-0.06294381643968414,-0.02160535686806667,0.01842846452517344,0.056645462895477255,0.09264642724799409,0.12615627239640664,0.1570205275934288,0.18519109165122377
-0.5492985971943887,-0.5363016644025003,-0.5217297337406204,-0.5054209155011568,-0.48720827243390785,-0.46692479626775363,-0.44441067322789146,-0.41952334155784754,-0.3921506809768715,-0.3622273714551906,-0.3297537874922961,-0.29481584695343016,-0.2576030354673263,-0.2184206778279586,-0.1776919905615218,-0.13594613719064438,-0.09379083171871794,-0.05187167938783253,-0.010824249503776737,0.028772769774694822,0.06643519184809832,0.1017963351267055,0.1346140104223129,0.16476371146944221,0.19222233210764592
-0.5460921843687374,-0.5327045585562638,-0.5177009151120653,-0.5009176949667818,-0.48218738407689676,-0.4613440297821751,-0.43823117893245156,-0.4127127209194899,-0.38468690910771225,-0.3541034661141007,-0.32098292136532924,-0.28543630501357864,-0.24768210382975284,-0.20805632531852108,-0.1670112422853685,-0.12509947656890733,-0.08294281473791473,-0.04118897030647145,-0.0004630965278728163,0.038677387716922154,0.07577701857167189,0.11050113389967843,0.14263897762479216,0.17209399203772813,0.19886588562500013
-0.5428857715430861,-0.5291088263510725,-0.5136755411730161,-0.49642096250803813,-0.47717736379976644,-0.45578031893242843,-0.4320773245231045,-0.4059394256287293,-0.37727603923911984,-0.34605273308500734,-0.31231087572723143,-0.27618698248951085,-0.23792836675771517,-0.1979007719640822,-0.1565836829002713,-0.11455050713581415,-0.0724339171071302,-0.03088054944882792,0.009497467593545972,0.048165568065204264,0.0846973818957701,0.11878952489212798,0.1502611265663157,0.17904160841368494,0.20515145076750996
-0.5396793587174349,-0.5255145018456912,-0.5096536954792095,-0.4919308705673696,-0.47217845565716693,-0.45023402310905636,-0.42594960404528764,-0.3992040889941721,-0.3699188165881737,-0.3380759445291488,-0.30373827386234464,-0.267068051601669,-0.22834109087914142,-0.18795177313890354,-0.14640484589393096,-0.10429182309361561,-0.0622532053864126,-0.020931632663559817,0.01907604506419778,0.05725933057180475,0.0932210189439784,0.12668808391178188,0.15750794833018877,0.1856341109260515,0.21110592101407402
-0.5364729458917835,-0.5219216190479181,-0.5056354612215602,-0.4874475703501363,-0.4671909005155081,-0.44470549462335807,-0.41984849730950824,-0.39250731781488735,-0.36261594022099825,-0.3301737973859322,-0.29526562477360785,-0.2580795244053879,-0.21891933960809465,-0.17820685901194044,-0.1364700646670514,-0.09431591928249036,-0.05238984432619727,-0.011327831933010823,0.028290463192028794,0.06597950006927197,0.10137105949268135,0.13422141967799342,0.16440469136662794,0.19189663010518973,0.21675368987744825
-0.5332665330661323,-0.5183302119082973,-0.501620921204553,-0.4829712117733025,-0.46221493595318713,-0.4391950785438687,-0.41377446967656323,-0.3858496922119544,-0.3553680632257198,-0.322346914563478,-0.2868933266815427,-0.24922126067669176,-0.20966198815380527,-0.16866335931823206,-0.1267745080494912,-0.08461523472029106,-0.04283314044727082,-0.0020551858932534046,0.037157772732712306,0.07434574822640708,0.10916912061617931,0.14141232365063736,0.17097456176608844,0.19785211750301285,0.22211691977807313
-0.5300601202404809,-0.5147403143138469,-0.4976101578248528,-0.47850194341515057,-0.4572507961642775,-0.4337031125425187,-0.4077279718663166,-0.37923176551070287,-0.3481757929813306,-0.3145958462836853,-0.2786216707161369,-0.24049297591637767,-0.2005677382839098,-0.15931842699292229,-0.11731321307910197,-0.07518219118666722,-0.03357257838083607,0.006899818246229261,0.04569425418143652,0.08237663990272817,0.1166353999518314,0.14828191067944024,0.17723890594365954,0.20352156109506303,0.22721577911591906
-0.5268537074148296,-0.5111519600818213,-0.49360325305016084,-0.47403991246607047,-0.45229871186576864,-0.42822992675057364,-0.40170943978991597,-0.37265406417245783,-0.3410396915178558,-0.30692107156864806,-0.27045084477114056,-0.23189424941505465,-0.19163513275908145,-0.1501690605956292,-0.10808111507957391,-0.06600922715999911,-0.024597850724626887,0.01555023010305475,0.05391543034090059,0.0900896824068293,0.12378876638530906,0.154849750271844,0.18321737687273643,0.2089241778533694,0.2320686514723809
-0.5236472945891784,-0.5075651829534968,-0.48960028839831327,-0.46958526468044187,-0.4473589102084064,-0.42277584362439563,-0.39571929440522696,-0.36611708777442614,-0.333960275962978,-0.2993229998551845,-0.2623809374913695,-0.2234245323264521,-0.18286256936846357,-0.1412121254760791,-0.09907307510383587,-0.05708882743235302,-0.015898882134313272,0.023908627698646427,0.061836083751714795,0.09750137631679712,0.1306468473219579,0.16113398854623306,0.1889280850758735,0.21407758588558043,0.2366923204030659
-0.520440881763527,-0.5039800165879902,-0.4856013449166397,-0.4651381443296477,-0.44243161469119985,-0.41734117782106994,-0.3897579415952346,-0.3596213090362643,-0.3269380190701418,-0.29180197272435515,-0.25441194236494424,-0.2150831557011109,-0.1742483145070016,-0.13244437365251865,-0.09028390483357923,-0.048413548734974096,-0.00746584832523103,0.03198711419791429,0.06947027779932775,0.10462726681336529,0.1372261119943911,0.1671514611233679,0.19438773559217268,0.21899795833021182,0.24110213285582544
-0.5172344689378757,-0.5003964945561068,-0.48160650316158965,-0.4606986941562456,-0.4375170450796434,-0.4119262360839096,-0.3838257720690918,-0.35316717389174884,-0.31997334982303094,-0.2843582657330136,-0.24654376189383387,-0.20686933843736224,-0.16579051624670707,-0.12386246239237217,-0.08170838904385724,-0.03997604170643007,0.0007108093893449935,0.03979731892176061,0.07683138051066218,0.11148199471717335,0.14354195047475327,0.17291779733271218,0.19961175211321006,0.22370016099196322,0.24531214386728176
-0.5140280561122244,-0.49681465033422656,-0.4776158431786379,-0.4562670553293256,-0.4326154173276988,-0.40653131713782903,-0.37792316128544223,-0.34675510160386935,-0.31306665411121987,-0.27699209033467764,-0.23877621181760908,-0.19878219511121326,-0.15748721686400902,-0.11546297150001385,-0.07334130575513617,-0.031769069529070895,0.0086403734482223,0.04735040185613333,0.0839320902258688,0.11807934661802735,0.14960874822580653,0.17844751618789012,0.20461438942734156,0.22819787550256412,0.24933524485367226
-0.5108216432865731,-0.4932345172982224,-0.4736294444824754,-0.45184336740107767,-0.4277269435035767,-0.40115671159456173,-0.3720504693976002,-0.34038548492158405,-0.30621827547176295,-0.2697035958773514,-0.23110902536696026,-0.19082074365139978,-0.14933636479466927,-0.10724241932959193,-0.0651774442043716,-0.023785523548478744,0.016331842756865184,0.05465706098523899,0.09078446247836093,0.12443230364329874,0.15543995614891826,0.18375411462894922,0.2094088352451953,0.2325037096059295,0.25318327751501835
-0.5076152304609218,-0.4896561287174157,-0.46964738603749545,-0.4474277682645924,-0.4228518317193435,-0.3958027018676671,-0.36620804122011236,-0.3340586902763923,-0.29942851589145286,-0.26249287166630353,-0.22354185752520206,-0.18298391283030796,-0.1413358259961516,-0.09919727755164376,-0.05721162077219665,-0.016018436176194112,0.02379392829329053,0.06172754187030794,0.09739993754218912,0.1305530885407091,0.1610481561781031,0.1888501485478703,0.21400730240434757,0.2366292959939322,0.25686713511182374
-0.5044088176352705,-0.4860795177485745,-0.46566974623858776,-0.44302039411292254,-0.4179902860643877,-0.3904695620972705,-0.36039620621620055,-0.32777505801683626,-0.2926976366645173,-0.25535994908028187,-0.2160742892777337,-0.17527054954576296,-0.13348339470494067,-0.09132398471107504,-0.049438693005832264,-0.00846099135935197,0.0310350511805737,0.06857164897906869,0.10378936821229649,0.13645321085293788,0.16644512253457092,0.1937473071148915,0.21842111237339276,0.24058538096169405,0.26039685264686296
-0.5012024048096192,-0.4825047174299491,-0.4616966028922434,-0.43862137939941936,-0.4131425065427572,-0.38515755808444097,-0.3546152785055256,-0.3215349026789702,-0.2860258593005419,-0.24830480373010644,-0.2087058318311158,-0.16767942587268292,-0.12577680358298363,-0.08361895862099447,-0.04185357187726424,-0.0011065328826626673,0.03806334284724558,0.07519875834539676,0.10996304747279913,0.14214351004239334,0.17164187880161963,0.19845648091216392,0.2226607708982283,0.24438190400903742,0.26378168728741447
-0.4979959919839679,-0.4789317606753526,-0.4577280331979827,-0.4342308567993669,-0.4083086890143812,-0.37986694723510556,-0.3488655568916865,-0.3153385132908112,-0.2794133664774945,-0.24132735764914026,-0.2014359307851663,-0.16020924586741167,-0.11821373325335494,-0.07607860764224719,-0.03445123241421256,0.006051429250732394,0.044886646939754055,0.08161783120392879,0.11593073578327759,0.14763419648783535,0.17664875100966496,0.20298782436195104,0.22673603655844765,0.24802806938699246,0.26703019019195495
-0.49478957915831656,-0.4753606802682846,-0.45376411373011255,-0.429848957172931,-0.40348902514018636,-0.3745979785133842,-0.34314732490883665,-0.30918615370875474,-0.2728603030348162,-0.23442748150568996,-0.1942639702431569,-0.15285865211105598,-0.11079182123033735,-0.06869934090234886,-0.027226722837752015,0.013019214132186246,0.05151252269083932,0.08783742830158194,0.12170168777530088,0.1529348903236552,0.18147541693946082,0.20735081291208277,0.2306559829306854,0.25153241047419417,0.27015027075664133
-0.4915831663326653,-0.4717915088561016,-0.44980492041982073,-0.42547580952943753,-0.39868370233110156,-0.36935089240419894,-0.33746085088675926,-0.3030780629839118,-0.2663667770016568,-0.2276049968279703,-0.18718927684683365,-0.14562623198139624,-0.1035086702534769,-0.061477577510128105,-0.02017517233556063,0.019802966745888217,0.05794824948398645,0.09386572463758405,0.1272846782028121,0.15805465813015887,0.18613095186096765,0.2115542954138304,0.23442905498930536,0.2549028477665335,0.27314925416793995
-0.488376753507014,-0.46822427894423485,-0.44585052853761564,-0.42111154099299497,-0.39389290370095037,-0.36412592088501367,-0.33180638803373197,-0.2970144557563296,-0.2599328606554768,-0.2208596782328786,-0.18021112372458847,-0.13851052364592,-0.09636185603885378,-0.05440975482391677,-0.013291797593994202,0.026408656062713122,0.06420083238709492,0.09971052442654918,0.13268802703221705,0.16300204751141367,0.19062387092813765,0.21560654209836858,0.23806312031334834,0.2581467411734347,0.27603393303590873
-0.48517034068136267,-0.4646590228904575,-0.44190101267611676,-0.41675627676947335,-0.3891168080232161,-0.3589232874065309,-0.32618417453647375,-0.29099552267504725,-0.2535585916063834,-0.21419125565042363,-0.1733287343426247,-0.13151002177121052,-0.08934893446383911,-0.04749233583171442,-0.0065719082057533375,0.03284207425739247,0.07027700845826747,0.10537927611607625,0.13791962359246906,0.16778511961796772,0.19496216844789402,0.2195152885286842,0.24156551561224932,0.2612709372344924,0.2788106137856322
-0.4819639278557114,-0.4610957728992022,-0.43795644673320383,-0.4124101401148501,-0.3843555896916626,-0.35374320688216754,-0.3205944336764588,-0.2850214308419541,-0.2472439739027402,-0.20759941653627317,-0.16654128625042058,-0.12462318294634674,-0.08246744820407015,-0.040721815701581364,-1.0911063086514045e-05,0.03910883689361871,0.07618325365329555,0.1108790873219694,0.1429869497333535,0.1724114796865413,0.19915335423613312,0.22328777587494864,0.244943089031394,0.2642818117998338,0.28148515840012406
-0.4787575150300601,-0.45753456101593276,-0.4340169038955319,-0.4080732523049328,-0.379609418684789,-0.3485858856861148,-0.3150373739618568,-0.2790923242774363,-0.2409889791537723,-0.20108380806549614,-0.15984791471317145,-0.11784843082012882,-0.07571493284330916,-0.03409472755969956,0.006395686160571734,0.045214383937474664,0.08192579018820648,0.11621673957112687,0.14789710196260944,0.17688830567886996,0.20320448726574883,0.2269307878335322,0.24820223865190896,0.26718530865546763,0.2840630220349307
-0.47555110220440877,-0.4539754191215669,-0.43008245662241396,-0.4037457326064628,-0.3748784605340856,-0.34345152165977555,-0.3095131892743536,-0.27320832440582027,-0.2347935476650726,-0.1946440393011713,-0.15324771622517583,-0.11118416095383715,-0.06908892247830459,-0.02760764755219937,0.012652272344745988,0.051163981474290035,0.08751059423135538,0.12139870276501755,0.15265681255040628,0.18122237510826605,0.20712220680227778,0.23045068448335576,0.25134894755688675,0.26998697452010245,0.2865492869611641
-0.4723446893787575,-0.4504183789269574,-0.426153176630084,-0.39942769824961144,-0.3701628762960637,-0.3383403041263651,-0.3040220590300921,-0.26736953055866247,-0.22865758958312668,-0.18827968333214187,-0.146739751899352,-0.10462874539290833,-0.06258695484183381,-0.021257199245121136,0.018763130983103504,0.05696272401761421,0.09294340381817862,0.12643114929596055,0.15727246960376942,0.18542009014596156,0.2109127612123912,0.23385343334832503,0.2543888157982078,0.27269199079161743,0.288948693238462
-0.46913827655310614,-0.44686347196742865,-0.42222913487633984,-0.39511926440186834,-0.36546282252801643,-0.33325241391344745,-0.2985641483539681,-0.2615760204939653,-0.22258098604516605,-0.18199027937475773,-0.14032305072917378,-0.09818053696232892,-0.056206575967767694,-0.015040057414807264,0.024732438889843954,0.06261553731151145,0.09822972689814323,0.13131996776466476,0.1617501361245129,0.18948750110059095,0.21458203461960793,0.2371446379113225,0.2573270895639291,0.2753052023788019,0.29126566647130503
-0.4659318637274549,-0.44331072959737144,-0.4183104015455719,-0.3908205441433232,-0.36077845126746333,-0.328188023383166,-0.29313960826650454,-0.2558278509294451,-0.2165635903308723,-0.1757753348340092,-0.13399661272034738,-0.09183787329177348,-0.04994534442236237,-0.008952951278731351,0.030564265476129303,0.0681271815388117,0.10337484943779653,0.13607077626105846,0.16609556807261708,0.19343032836377716,0.21813557157058658,0.24032956380362852,0.26016868781550445,0.27783114391643804,0.29350434296022
-0.46272545090180356,-0.43976018298489833,-0.4143970460341863,-0.38653164844334886,-0.35610991001524156,-0.3231472964699364,-0.28774857588254615,-0.250125058088046,-0.21060522901268264,-0.16963432732001354,-0.12775941189051307,-0.08559908057755486,-0.04380083512608574,-0.0029926672143336316,0.036262572527760585,0.07350225485833264,0.10838384351635065,0.14068893518171402,0.17031423146324307,0.1972539829131137,0.22157859986442655,0.24341316287370654,0.2629182266365662,0.2802740636286903,0.2956685925228395
-0.45951903807615224,-0.4362118631065592,-0.41048913693642125,-0.38225268613867613,-0.35145734172217813,-0.31813038872533683,-0.28239117462098867,-0.24446765825391883,-0.2047057031016333,-0.16356670661629924,-0.121610399136077,-0.07946247708926715,-0.03777064279010839,0.002843948989157288,0.04183121442140873,0.07874519720353533,0.11326157536117727,0.14517955956653902,0.17441131853015185,0.20096358546128829,0.2249160516867847,0.2464000953209879,0.26558004151036213,0.28263794507657514,0.2977620392278709
-0.456312625250501,-0.4326658007421201,-0.40658674203056494,-0.37798376391286576,-0.3468208847792958,-0.31313744736994803,-0.27706751442478905,-0.23885564833717216,-0.1988647891859175,-0.15757189659685422,-0.11554850496608585,-0.0734263764297116,-0.03185238499127585,0.008559990303517884,0.04727393872240524,0.08386029428354312,0.11801271328001826,0.14954753094505294,0.1783917629914325,0.20456398433684403,0.22815258318034942,0.2492947500634973,0.2681582077208588,0.28492652699948506,0.2997880802570926
-0.45310621242484966,-0.42912202646940517,-0.4026899282655772,-0.3737249862771702,-0.34220067301148904,-0.3081686113518762,-0.2717776919904905,-0.23328900644574965,-0.1930822405595304,-0.15164929708935404,-0.10957264210372905,-0.06748909055720706,-0.026043704908857143,0.01415848701917993,0.05259438711248626,0.0888516817351042,0.12264173545490076,0.15379750868883715,0.18226025445549318,0.2080597721784265,0.23129259257346127,0.25210126349284595,0.27065655905278846,0.2871433214379759,0.3017499030860415
-0.44989979959919835,-0.4255805706592043,-0.39879876174811696,-0.3694764555527795,-0.3375968356746017,-0.3032240114116889,-0.26652179100651124,-0.22776769246285442,-0.18735778833858488,-0.14579828568242462,-0.10368170795667195,-0.06164893257978373,-0.020342273745730714,0.019642405650577847,0.05779609660089125,0.09372334938091322,0.12715293756977245,0.15793394087180357,0.18602125200641217,0.2114553015204252,0.23434023697942782,0.25482353675614333,0.27307870494825515,0.2892916303048947,0.30365050115262093
-0.44669338677354703,-0.4220414634702465,-0.39491330772998184,-0.36523827185444857,-0.3330094974558467,-0.298303770153499,-0.2612998823994598,-0.22229164862841916,-0.1816911425630954,-0.14001821947521761,-0.09787458695797656,-0.05590421933104497,-0.014745792855938807,0.025014648154573892,0.06288250097685781,0.09847914555580216,0.13155044024988757,0.16196107464395904,0.1896789970081702,0.21475469934382765,0.23729944797039104,0.2574652516916613,0.2754280462617182,0.2913745605541097,0.3054926881640224
-0.44348697394789577,-0.41850473484424067,-0.3910336305959579,-0.3610105330754932,-0.32843877847748754,-0.293408002121915,-0.25611202458774296,-0.21686080012317518,-0.17608199328221208,-0.13430843676794335,-0.0921501527798213,-0.050253273737632956,-0.009251995599704339,0.030278051429838103,0.06785693246586695,0.1031227814677566,0.13583819629613691,0.16588296612754824,0.19323752516717574,0.21796188066198505,0.24017394602148995,0.26002988553353223,0.277707789741042,0.29339503808034023,0.3072791111758092
-0.44028056112224445,-0.41497041450098504,-0.3871597938520866,-0.3567933348741495,-0.32388479430371375,-0.28853681388458696,-0.25095826374175617,-0.21147505565396013,-0.17053001162109663,-0.12866825869237805,-0.08650727042265723,-0.04469442698832614,-0.0038586489461390414,0.03543538706743689,0.07272262355593562,0.10765783556551944,0.14001999770187418,0.1697034898469191,0.19670067789193066,0.2210805612068712,0.2429672539134839,0.26252072449026637,0.27992096134966005,0.2953558204696064,0.3090122625624403
-0.43707414829659313,-0.411438531933547,-0.3832918601143482,-0.35258677066128447,-0.31934765595063075,-0.28369030412006924,-0.24583863404995643,-0.2061343080389667,-0.1650348508278113,-0.12309699078168439,-0.08094479818277617,-0.03922602051478105,0.0014364451570578612,0.04048936132518447,0.07748270896389031,0.11208775788881727,0.1440994824435078,0.17342634770534354,0.20007211298781266,0.2241142692773995,0.24568270917497706,0.2649408762923549,0.2820704185335796,0.2972595087074192,0.31069449098566426
-0.4338677354709418,-0.40790911640351285,-0.37942989109776293,-0.3483909315894454,-0.314827469899283,-0.27886856371071866,-0.24075315799013397,-0.20083843479170763,-0.15959614729877067,-0.1175939244791832,-0.07546158950155708,-0.03384640779385338,0.006635448628560903,0.045442615300497306,0.08214022771487595,0.11641587438100677,0.14808014103924602,0.17705507752340563,0.2033553147238266,0.2270663568074588,0.24832347563887752,0.267293281795598,0.2841588615268312,0.2991085579408321,0.3123280114558868
-0.43066132264529056,-0.4043821969363093,-0.3755739476059136,-0.3442059065432363,-0.3103243381116312,-0.274071675840355,-0.23570184660522114,-0.1955872987025499,-0.1542135215814885,-0.11215833858600022,-0.07005649469990488,-0.02855395598130455,0.011740486295642536,0.05029772527855453,0.0866981253113728,0.12064539114724555,0.15196532287299597,0.18059306115454088,0.20655360330687905,0.2299400097075694,0.2508925541817053,0.26958072571896824,0.28618884377988013,0.3009052873806811,0.31391491457158616
-0.42745490981963924,-0.40085780231659907,-0.3717240895208893,-0.34003178213100765,-0.3058383580493994,-0.2692997160964055,-0.23068469978299827,-0.19038074841674305,-0.1488865793535134,-0.10678950064775855,-0.06472836260158496,-0.023347047386509223,0.016753645117228013,0.05505720323452438,0.09115925597074762,0.1247793986441982,0.15575824228259522,0.1840435321939445,0.20967014379771362,0.2327382575304769,0.25339279270881976,0.2718058465887336,0.2881627815873892,0.30265188942164595,0.31545717501299225
-0.4242484969939879,-0.3973359610837484,-0.36788037579364863,-0.3358686426778402,-0.3013696226957,-0.26455275257625244,-0.22570170653906238,-0.18521861900792547,-0.1436149123765945,-0.10148666828070528,-0.059476042049297864,-0.01822408079754187,0.021676973572310416,0.0597234974704601,0.09552638491286616,0.1288208757898382,0.15946198441336182,0.1874095832974307,0.21270795450115773,0.23546398250759626,0.25582689544353354,0.27397114595414707,0.29008296298442515,0.30435043805001016,0.3169566593583875
-0.4210420841683366,-0.39381670152737175,-0.3640428644348088,-0.331716570219814,-0.29691822057936046,-0.2598308459975217,-0.22075284530247258,-0.18010073254619016,-0.13839809942529327,-0.09624909043788715,-0.05429838331747189,-0.013183472665778672,0.026512481199171586,0.06429899336916718,0.09980219068153044,0.1327726939841079,0.163079510839406,0.19069417312694564,0.21566991486178627,0.238119927999983,0.25819743157337016,0.2760789969341792,0.29195155597364697,0.3060028966020841,0.3184151332844123
-0.41783567134268534,-0.3903000516829501,-0.36021161250585443,-0.32757564449953586,-0.29248423580184885,-0.25513404981202875,-0.21583808420347628,-0.175026898659827,-0.1332357071893653,-0.0910760086161422,-0.04919423942579727,-0.00822365815883163,0.03126213827179749,0.06878601424897386,0.10398926748556275,0.13663762103314772,0.1666136649563643,0.19390013293940664,0.2185587728945744,0.24070870640448574,0.2605068433024208,0.278131652149509,0.2937706161401462,0.30761112493009407,0.3198342682055726
-0.414629258517034,-0.38678603932752526,-0.3563866761107672,-0.3234459429629133,-0.28806774806671737,-0.25046241032312316,-0.21095738136276948,-0.16999691508995682,-0.12812729114939791,-0.08596665800486009,-0.04416246735759592,-0.0033430920903448885,0.035927875600740705,0.073186822304805,0.10809012754716904,0.14041832497146198,0.17006717715015351,0.1970301728353352,0.22137715217856127,0.24323280655286786,0.26275745335478085,0.280131251089204,0.2955420937053157,0.3091768860268285,0.3212156474026346
-0.4114228456913827,-0.383274691975475,-0.3525681103880808,-0.3193275407571552,-0.2836688327114711,-0.24581596680616774,-0.20611068518175513,-0.16501056823732346,-0.12307239642529835,-0.08092026857759174,-0.039201929187124236,0.0014597502651574681,0.040511584446551216,0.07750361962235468,0.11210720344686848,0.14411737777784137,0.1734426697471053,0.20008688768345334,0.22412755844003682,0.2456946006390176,0.2649514719704166,0.2820798269571868,0.29726784006637297,0.3107018521554016,0.3225607716846833
-0.4082164328657314,-0.3797660368743614,-0.34875596950335197,-0.31522051072997354,-0.27928756074176336,-0.24119475163188597,-0.201297934633283,-0.16006763370057267,-0.11807055859734163,-0.07593606612770817,-0.03431149311989471,0.006186372464524831,0.04501511653472369,0.08173854925343499,0.1160428504557535,0.14773725898210807,0.17674266175142245,0.20307276273702424,0.2268123857502878,0.24809635070686864,0.2670910034314755,0.28397931303966334,0.29894961386389424,0.3121876105260925,0.3238710646252543
-0.40501002004008013,-0.37626010100086277,-0.3449503066420553,-0.311124923429974,-0.27492399886783536,-0.23659879039233442,-0.1965190595523947,-0.15516787680542607,-0.11312130449960961,-0.07101327324942738,-0.029490034450087733,0.010838256287818683,0.04944028416188201,0.08589369634174664,0.11989934884714862,0.15128035916080598,0.17996957337632125,0.20599017895725083,0.22943392236150098,0.2504402147293137,0.26917805215399676,0.2858315486311185,0.3005890866158541,0.31363566855825825,0.32514787740903545
-0.4018036072144288,-0.3727569110567807,-0.3411511740028911,-0.3070408471082021,-0.2705782095430938,-0.2320281020292366,-0.191773980926597,-0.15031105312419218,-0.10822415298572909,-0.0661511102655933,-0.024736436439051806,0.015416861222592832,0.05378886038369468,0.08997108928942545,0.1236789061809341,0.15474898332088544,0.1831257303755493,0.20884141805855505,0.2319943562030539,0.2527282523062321,0.2712145283771777,0.2876382845532571,0.30218784795320297,0.3150474587617785,0.32639249332214937
-0.3985971943887775,-0.3692564934651306,-0.33735862279151363,-0.3029683477208339,-0.26625025100474575,-0.22748269896444867,-0.18706261118523804,-0.14549690898514644,-0.10337861566693601,-0.061348796103691566,-0.02004959111885362,0.01992362403379429,0.058062579275700674,0.09397270095569263,0.12738365955482212,0.15814535417118175,0.1862133681821543,0.2116286672900019,0.2344957800590887,0.2549624300077173,0.2732022534797792,0.2894011882983257,0.30374741048887277,0.3164243432693008,0.3276061319158974
-0.3953907815631262,-0.3657588743663114,-0.333572703214671,-0.29890748893297775,-0.2619401773163863,-0.22296258723230647,-0.1823848544875591,-0.14072518197133957,-0.09858419762255168,-0.05660554912161971,-0.015428400024733837,0.024359958412836554,0.06226313625892507,0.09790044987987788,0.13101567781782683,0.16147161528216158,0.1892346358615151,0.2143540239665888,0.23694019644701528,0.2571446263867257,0.27514296495090723,0.2911218488255924,0.30526921434928495,0.31776761804770254,0.3287899528710552
-0.3921843687374749,-0.3622640796143569,-0.3297934644747587,-0.2948583321235721,-0.2576480384124545,-0.21846776661363101,-0.17774060700903885,-0.13599560140846814,-0.09384039808305379,-0.05192058788479725,-0.010871774860255111,0.02872725469971912,0.06639218848277952,0.10175620152190222,0.13457696374197653,0.1647298341349385,0.19219159988567788,0.21701949976353205,0.2393295222153803,0.2592766366836103,0.277038321040241,0.2928017810373289,0.3067546313948674,0.31907851681459776,0.32994505958728854
-0.3889779559118236,-0.35877213477326797,-0.3260209547647789,-0.29082093639134377,-0.2533738801444539,-0.21399823077115743,-0.1731297572256525,-0.13130788884147582,-0.08914671108597702,-0.047293131896216464,-0.006378638098809713,0.03302687967242168,0.07045135525836013,0.10554176951409167,0.13806945614906035,0.16792200506102894,0.19508624773604086,0.2196270247861162,0.24166559287840886,0.26136017724339694,0.2788899051108134,0.2944424299584458,0.30820496915379003,0.3203582146834131,0.3310725025200131
-0.3857715430861723,-0.35528306511343005,-0.3222552212637118,-0.2867953585618147,-0.2491177443288573,-0.20955396738617893,-0.1685521861957108,-0.12666175849962116,-0.08450262610496205,-0.042722402281081595,-0.0019479235250680893,0.037260176398107546,0.07444221853579722,0.10925891691887063,0.14149503198982774,0.17105005207467602,0.19792049134135045,0.22217845142708315,0.24395016670343625,0.26339688966514874,0.2806992297156249,0.29604517464191765,0.30962147449102445,0.32160783155845135,0.33217328228498744
-0.382565130260521,-0.35179689560811,-0.3184963101322853,-0.28278165319531945,-0.2448796687965918,-0.205134958296183,-0.16400776783894622,-0.12205691774977312,-0.07990762865230569,-0.03820762242767407,0.0024214232801880358,0.04142846414101318,0.07836632341985991,0.11290935748754126,0.14485550837364358,0.1741158315998912,0.20069617035789064,0.22467555802298245,0.2461849285664447,0.26538834470138234,0.28246774041772255,0.29761133182031774,0.3110053370329504,0.32282843529948674,0.33324835254910823
-0.3793587174348697,-0.34831365093003686,-0.3147442665091459,-0.2787798725960127,-0.2406596874440182,-0.20074117963327925,-0.1594963692125505,-0.11749306753775447,-0.07536120085543155,-0.03374801858610506,0.006730444508506449,0.045533038322192264,0.08222517871849656,0.11649475691591678,0.14815264454708507,0.17712113509459207,0.20341505529859685,0.22712005232033552,0.24837149358994634,0.26733604592420634,0.28419681937184416,0.2991421593221147,0.31235769236600974,0.32402104467372367,0.3342986227242331
-0.3761523046092184,-0.34483335544806915,-0.3109991345074291,-0.27479006682184287,-0.2364578302853163,-0.19637260196322356,-0.1550178507838878,-0.11296990281759266,-0.07086282200774349,-0.029342820426611814,0.010980169742261963,0.04957517052658246,0.08602025751945268,0.12001673409310332,0.15138814382040203,0.18006769157440972,0.2060788505176733,0.22951357476192505,0.250511410576559,0.26924143317365923,0.2858877886843344,0.3006388592698709,0.31367962502634866,0.32518663211141074,0.3353249604793685
-0.3729458917835671,-0.3413560332239419,-0.307260957211719,-0.2708122836954584,-0.23227412350618065,-0.19202919042484004,-0.15057206669961906,-0.10848711296856588,-0.06641196909435236,-0.02499126155903515,0.015171615620128531,0.05355610855315912,0.08975299779054621,0.12347686234020755,0.15456365544114897,0.18295717003888892,0.20868919705711902,0.23185770160299876,0.2526061652507727,0.271105885802622,0.2875419135667573,0.3021025810761006,0.31497217129598354,0.3263261262800122,0.33632819408523074
-0.3697394789579158,-0.3378817080091008,-0.3035297766753975,-0.2668465688160234,-0.22810858951874122,-0.18771090486966208,-0.14615886505100664,-0.10404438219998138,-0.062008117293214364,-0.020692580015113524,0.019305785546556133,0.0574770765042013,0.09342480299956654,0.12687667063616612,0.1576807764146167,0.18579118180290524,0.2112476753613688,0.2341539478666595,0.2546571833206034,0.27293072573165494,0.2891604052974525,0.3035344242512871,0.3162363218197319,0.32744041449056854,0.33730911460397073
-0.3665330661322645,-0.33441040324161886,-0.2998056339183788,-0.2628929655719146,-0.2239612470176218,-0.1834177000016148,-0.14177808813518042,-0.09964138994364972,-0.05765074045223999,-0.016446018695200938,0.023383669442416793,0.06133927490996504,0.09703704275013836,0.13021764482828443,0.16074105327097896,0.18857128273619672,0.21375580786605536,0.2364037701472266,0.25666583337008775,0.2747172203261612,0.29074442400420103,0.3049354410374022,0.31747302405598454,0.3285303449487354,0.33826847793576115
-0.3633266533066132,-0.3309421420431997,-0.2960885689252241,-0.258951515154272,-0.2198321110370507,-0.17914952551657023,-0.1374295727121706,-0.09527781123405296,-0.0533393115429619,-0.012250825780994748,0.027406243534105167,0.06514388088530436,0.1005910534302323,0.1335012288254207,0.16374598377931532,0.19129897541395677,0.2162150614666912,0.23860856926988339,0.25863342959286933,0.276466585107406,0.29229508128017717,0.30630663887922677,0.3186831845733369,0.32959672886195285,0.3392070067329565
-0.36012024048096186,-0.3274769472162636,-0.2923786206436303,-0.25502225657137395,-0.21572119300893688,-0.17490632624161243,-0.13311315025752715,-0.09095331707623204,-0.04907330309136604,-0.008106255115826296,0.031374470178507655,0.06889204831502194,0.1040881388703224,0.13672882577206502,0.1666970186088795,0.19397571118145032,0.21862684987285175,0.2407696928144735,0.2605612343764731,0.27817998630810603,0.2938134426444479,0.3076489827448052,0.31986767120411796,0.33064034241324775,0.3401253921916329
-0.3569138276553106,-0.32401484124112034,-0.2886758269832907,-0.25110522666380947,-0.2116285008218302,-0.17068804227385836,-0.12882864721036677,-0.08666757480144661,-0.044852187586510266,-0.004011566554037803,0.03528929772137348,0.07258490806495334,0.10752957100848137,0.13990179920184362,0.16959556293816141,0.19660289213562127,0.2209925358532295,0.24288843751088052,0.26245046074624906,0.27985854328255283,0.2953005298574448,0.3089633973054871,0.32102731506498305,0.3316619286113156,0.34102429572950227
-0.3537074148296593,-0.32055584627322553,-0.2849802248151203,-0.24720046012041916,-0.2075540388806843,-0.1664946091186893,-0.12457588521670662,-0.08242024841068787,-0.040675437867568096,3.3973719066524716e-05,0.03915166038674122,0.07622356821600236,0.11091659055997341,0.1430214741692312,0.17244297801244027,0.19918187302663512,0.22331343337670864,0.24496605151301246,0.26430227467739215,0.2815033307805392,0.29675732310106206,0.3102507689852085,0.3221629124539244,0.3326621990257495,0.3419043505584573
-0.35050100200400797,-0.31709998414052337,-0.2812918499708431,-0.24330798949497806,-0.20349780816734284,-0.16232595782725215,-0.12035468136795933,-0.07821099890614489,-0.0365425274899428,0.004031092895246811,0.04296247819519401,0.07980911431854823,0.11425040768915523,0.14608913835847928,0.1752405826506539,0.20171396308227746,0.22559080965440115,0.24700373655802713,0.2661177972829104,0.2831153810937144,0.29818476303232555,0.31151194788792275,0.323275226632321,0.3336418354155667,0.3427661631593249
-0.34729458917835665,-0.31364727634087286,-0.2776107372429315,-0.2394278452235878,-0.19945980630166854,-0.1581820151330964,-0.11616484843447714,-0.07403948461074435,-0.03245293107110215,0.00798051127792494,0.046722656908832864,0.08334260966483734,0.1175322026817248,0.14910604316897266,0.17798965470251438,0.20420042775808117,0.22782588708737211,0.24900265001706096,0.26789810688490906,0.28469568608239654,0.2995837527189249,0.31274774961142077,0.32436498949997716,0.3346014912585405,0.34361031466579955
-0.3440881763527054,-0.3101977440395618,-0.2739369203848993,-0.2355600556427563,-0.19544002760324455,-0.1540627035878273,-0.11200619509405813,-0.06990536147591161,-0.028406124616796286,0.011882942041979785,0.050433088000961114,0.08682509557714424,0.12076312661556163,0.152073404776398,0.18069143245688127,0.20664249041600255,0.2300198451245736,0.25096390684337216,0.269644240976088,0.2862451990903148,0.30095515946429685,0.31395895695515463,0.325432903170483,0.3355417931882489,0.34443736216396487
-0.34088176352705407,-0.30675140806690276,-0.27027043211193563,-0.23170464700813062,-0.1914384631535675,-0.14996794169565078,-0.10787852615532882,-0.06580828337770489,-0.02440158582830963,0.015739091017422647,0.0540946486485936,0.09025759170966659,0.1239443020286044,0.1549924051692775,0.1833471160024785,0.20904133393441,0.2321738220353091,0.25288858142347964,0.27135719807791736,0.2877648367542497,0.30229981652939886,0.3151463215291148,0.32647964145367053,0.3364633423452137,0.3452478399133078
-0.33767535070140275,-0.3033082889159165,-0.2666113041018774,-0.2278616435138576,-0.18745510085866415,-0.14589764404670275,-0.10378164277594155,-0.06174790240150032,-0.020438794391406816,0.01954965649566879,0.057708201745998666,0.09364109636226903,0.12707682358238123,0.15786419316055453,0.18595786854209145,0.21139810225208042,0.23428891660035195,0.2547777093365617,0.2730379395015392,0.2892554807150596,0.3036185247577978,0.3163105652702885,0.32750585125142395,0.33736671564801135,0.3460422604946642
-0.33446893787575144,-0.29986840674009835,-0.2629595669965149,-0.22403106731254432,-0.1834899255120603,-0.14185172144905805,-0.09971534267553527,-0.057723869115416035,-0.01651723224762615,0.023315329057168967,0.061274595937585656,0.09697658680434185,0.13016175871997113,0.16068988537404397,0.18852481766142046,0.21371390184882494,0.23636618972564846,0.2566322890270796,0.27468739101706735,0.29071797923614,0.30491205411022804,0.3174523818727419,0.32851215387262767,0.3382524669897803,0.34682111589010917
-0.3312625250501002,-0.2964317813512712,-0.2593152504032239,-0.22021293853579132,-0.1795429188580354,-0.13783008105932332,-0.09567942034342163,-0.05373583283267675,-0.012636383848569823,0.027036791419208117,0.06479466566854601,0.1002650196071794,0.13320014831732319,0.1634705672056704,0.19104905655380058,0.21598980316529517,0.23840666598235666,0.25845328339531193,0.27630644443659363,0.2921531487349628,0.3061811451143403,0.318572438136936,0.3294991462726094,0.3391211283651435,0.34758487849942427
-0.32805611222444886,-0.29299843221752053,-0.2556783828969153,-0.21640727531526652,-0.17561405965509155,-0.13383262651171748,-0.09167366724096447,-0.04978344186312516,-0.008795736393827986,0.03071471830272893,0.0682692312517554,0.10350733098341913,0.13619300732699813,0.16620729375951587,0.1935316452020163,0.21822684196444245,0.2404113350767927,0.2602416213102202,0.27789595911588366,0.293561775232955,0.3074265102349603,0.3196713752434726,0.33046740222203236,0.33997321093218014,0.3483340020974116
-0.32484969939879754,-0.2895683784612166,-0.25204899202230163,-0.21261409380429902,-0.17170332373958114,-0.12985925804556353,-0.08769787199864457,-0.04586634375410814,-0.004994780053176986,0.03434977631707112,0.07169909894952187,0.10670443713219271,0.13914132541351204,0.16890109075877718,0.19597361151844922,0.22042602063702119,0.24238115325368306,0.2619981990488102,0.2794567633794227,0.29494461572863107,0.30864883516980574,0.3207498099560967,0.3314174734098294,0.34080920601373704,0.34906892273600865
-0.3216432865731462,-0.28614163885711863,-0.24842710429646925,-0.2088334081999601,-0.16781068408942384,-0.1259098726311073,-0.0837518206077983,-0.041984185520961136,-0.001233008173670602,0.03794262386157289,0.07508506106886233,0.10985723458876595,0.14204606757958183,0.17155295543181118,0.1983759524448044,0.2225883094534507,0.244317044635961,0.26372388166592464,0.2809896558731925,0.2963023994985659,0.30984878007526817,0.32180833575843787,0.3323498904844377,0.34162958604205157,0.34979005959485593
-0.31843687374749496,-0.2827182318305622,-0.2448127452117499,-0.20506523076560532,-0.16393611088785523,-0.12198436409359142,-0.07983529660703548,-0.03813661386732632,0.0024900825277626003,0.04149391104302047,0.07842789606906607,0.11296660057754568,0.14490817478267023,0.17416385737350867,0.2007396350126592,0.22471464776427005,0.2462199025041865,0.2654195042981736,0.28249540684928015,0.29763582933049393,0.31102698072655177,0.3228475239286561,0.3332651640372838,0.3424348054503674,0.3504978157837015
-0.31523046092184365,-0.27929817545573243,-0.24120593923889033,-0.2013095718538551,-0.16007957158715372,-0.11808262323552492,-0.07594808126335606,-0.034323275395551765,0.006174991785608602,0.04500427960796859,0.08172836868037736,0.11603339336742576,0.1477285645413177,0.17673473938228856,0.20306559736606627,0.22680594515133468,0.24809059051851512,0.2670858734054995,0.28397475938616773,0.2989455826925356,0.3121840496161626,0.32386792455586016,0.33416378553218123,0.34322530151494896,0.3511925790997691
-0.31202404809619233,-0.27588148745401764,-0.23760670983050558,-0.19756643992998107,-0.15624103097228284,-0.11420453795707865,-0.07208995374797962,-0.03054381680740911,0.009822215620363096,0.04847436288901065,0.0849872300327146,0.11905845262854789,0.15050813153083856,0.1792665182730564,0.20535474974743853,0.2288630825318333,0.24992994388600237,0.2687237679536779,0.2854284305483173,0.3002323128422965,0.3133205769944786,0.32487006750190595,0.3350462281840517,0.34400149515066614,0.351874722743
-0.308817635270541,-0.2724681851924477,-0.23401507942481622,-0.19383584159567813,-0.1524204512244024,-0.11034999337456038,-0.06826069130692626,-0.026797885095387036,0.013432246185849487,0.05190478576410405,0.08820521779340168,0.1220425997896257,0.15324774816802816,0.1817600856665052,0.20760797544792084,0.23088691321711732,0.2517387704758886,0.2703339405408676,0.2868571124884404,0.301496649879338,0.3144371318558739,0.3258544633119234,0.33591294779012887,0.34476379166308085,0.35254460599185455
-0.30561122244488975,-0.269058285682213,-0.23043106944965794,-0.19011778161319223,-0.14861779198419267,-0.10651887193691462,-0.06446006942638212,-0.02308512772480793,0.017005571628702573,0.055296164628107915,0.09138305631296305,0.12498663839506935,0.15594826518459948,0.18421630875517347,0.20982613172343886,0.23287826392826164,0.2535178518853779,0.2719171184711436,0.2882614734956352,0.3027392017442949,0.3155342628736418,0.3268216040766976,0.3367643835165915,0.3455125814597678,0.35320257484217515
-0.30240480961923843,-0.2656518055772655,-0.22685470032675872,-0.18641226292978022,-0.1448330104149439,-0.10271105354020472,-0.060687861992895525,-0.0194051928070229,0.020542675959469524,0.05864910737572449,0.09452145677809415,0.12789135446121774,0.15861051218912972,0.18663603104670223,0.21201005067759315,0.23483793577020112,0.2552679444583017,0.27347400477778855,0.28964215899238194,0.3039605551677049,0.31661249928674334,0.32777196424981125,0.33760095864336304,0.34624824072340427,0.35384896261143045
-0.2991983967935871,-0.26224876117300167,-0.2232859914762772,-0.18271928670247825,-0.14106606126536597,-0.09892641564003982,-0.05694384144845737,-0.01575772926394221,0.024044038934793652,0.06196421339507366,0.09762111737097688,0.13075751683105177,0.161235298217349,0.18902007308475222,0.2141605401125407,0.23676670516620962,0.25698978025893504,0.2750052791989552,0.29099979248320473,0.30516127657141967,0.31767235174121117,0.32870600142226425,0.3384230812696253,0.3469711320489869,0.35448409051049556
-0.2959919839679358,-0.25884916840502625,-0.21972496132159444,-0.17903885232315211,-0.13731689693207083,-0.09516483336191023,-0.05322777894052107,-0.01214238698415494,0.02751013595016502,0.06524207357116979,0.10068272343417078,0.13358587752682882,0.1638234122706568,0.1913692331480641,0.21627838434898317,0.23866532475442,0.25868406800312216,0.2765115991081682,0.2923349764576381,0.306341912925286,0.3187143130888506,0.3296241570570982,0.33923114498242507,0.34768160504737244,0.35510826818497604
-0.29278557114228454,-0.25545304284799447,-0.2161716272943508,-0.17537095744380543,-0.13358546752168463,-0.09142617960940097,-0.049539444467023505,-0.008558816970891132,0.030941437942737494,0.06848327029860715,0.10370694764036391,0.1363771721001374,0.16637562384279683,0.1936842879281587,0.21836434501635416,0.24053452424801383,0.2603514939487578,0.27799360040199766,0.2936482932499811,0.3075029925616174,0.31973885914571054,0.3305268571863905,0.3400255294905839,0.34837999691718463,0.3557217942279368
-0.2895791583166332,-0.2520603997145362,-0.21262600583972452,-0.1717155980021251,-0.12987172091255209,-0.087710325170261,-0.04587860701647775,-0.005006671482084285,0.034338411303721394,0.0716883775027891,0.10669445016631343,0.13913211997891853,0.16889268343465497,0.19596599318617902,0.22041916181426713,0.2423750112606372,0.2619927227475703,0.279451898347102,0.29494030585816877,0.3086450259498153,0.3207464494126333,0.33141451307282227,0.3408066012259773,0.34906663298699186,0.3563249566657773
-0.2863727454909819,-0.24867125385425795,-0.20908811242194203,-0.1680727682472375,-0.12617560281599124,-0.08401713882030537,-0.04224503470320745,-0.0014856041627840828,0.03770151779988363,0.07485796066907713,0.10964587887036,0.14185142481105834,0.17137532305718783,0.19821508438939053,0.2224435532462599,0.24418747209854005,0.26360839826005017,0.2808870883887187,0.29621155872395843,0.30976850643335774,0.32173752776004966,0.3322875218378802,0.34157471391411,0.3497418272295316,0.3569180334188669
-0.28316633266533064,-0.24528561975282342,-0.20555796153001338,-0.1644424607656544,-0.12249705683706252,-0.08034648742513226,-0.03863849489779768,0.002004729829830974,0.04103121450369955,0.07799257687926538,0.11256186947294272,0.14453577480419727,0.17382425672251672,0.20043227732785612,0.2244382173268418,0.24597257252086804,0.26519914433528124,0.28229974692256526,0.29746257847649127,0.3108739109312316,0.32271252307904175,0.33314626705862127,0.3423302091157852,0.35040588274963685,0.3575012927384504
-0.2799599198396793,-0.24190351153111136,-0.20203556668368672,-0.16082466650738625,-0.11883602453481762,-0.07669823603964333,-0.03505875435284305,0.0054646737085922185,0.04432795373171593,0.08109277485481681,0.11544304573958347,0.14718584306144497,0.1762401809232499,0.20261826871180488,0.22640383226281832,0.24773095846947707,0.2667655655573365,0.283690432032004,0.2986938746411763,0.3119617006057605,0.32367184990057335,0.3339911193347993,0.3430734167415493,0.35105909224741044,0.35807499362123013
-0.276753507014028,-0.2385249429444513,-0.19852094043961419,-0.15721937481220133,-0.11519244548199624,-0.07307224800535841,-0.03150557932407613,0.008894568945385303,0.047592182990699464,0.08415909500632783,0.11829001966584878,0.14980228791272754,0.17862377510012156,0.20477373675021504,0.2283410571098402,0.24946325676958053,0.26830824795982144,0.28505968419222033,0.299905940315721,0.3130323214986579,0.3246159089846623,0.33482243682804064,0.3438046555404806,0.35170173845808983,0.3586393862029357
-0.2735470941883767,-0.2351499273819359,-0.19501409439772321,-0.15362657343601033,-0.11156625732413887,-0.0694683850455171,-0.027978735686959712,0.012294755166860832,0.05082434493116286,0.08719206948871866,0.12110339166383816,0.15238575324153183,0.1809757020980573,0.2068993417111277,0.23025053240509305,0.25117007580248346,0.2698277597100671,0.2864080269430722,0.3010992528150354,0.3140862051370284,0.32554508788116565,0.33564056577464707,0.34452423356479345,0.35233409456995196,0.35919471213210846
-0.27034068136272543,-0.23177847786580735,-0.1915150392077837,-0.15004624857735308,-0.1079573958380852,-0.06588650735796439,-0.02447798904883054,0.01566557005657366,0.05402487730787479,0.09019222226167384,0.12388375074978121,0.15493686880684324,0.18329660861079572,0.20899572646420803,0.23213288077701602,0.2528520061516034,0.2713246517643972,0.28773596753217184,0.3022742742866287,0.3151237691109299,0.32645976146373634,0.3364458409735029,0.3452324486116279,0.35295642462151655,0.35974120492524314
-0.2671342685370741,-0.22841060705092103,-0.18802378457616759,-0.1464783849039717,-0.1043657949898346,-0.06232647370582348,-0.021003104856686477,0.019007349263314686,0.05719421294697143,0.09316006915488158,0.12663167473235712,0.15745625056010115,0.18558712561420893,0.21106351700605983,0.23398870753290482,0.2545096212229223,0.27279945849582604,0.28904399752968263,0.3034314522980308,0.31614541762402276,0.32736029243842385,0.33723858625047437,0.345929588643316,0.35356898387923036,0.3602790903043613
-0.2639278557114228,-0.22504632722428133,-0.18454033927279084,-0.14292296557944628,-0.10079138699173909,-0.05878814150595555,-0.01755384850070513,0.02232042631540925,0.06033277971930876,0.0960961179376505,0.12934773040138586,0.15994450095702809,0.1878478687884833,0.21310332296879989,0.23581860122523085,0.25614347784096914,0.27425269829547266,0.29033259341622564,0.30457122039767703,0.31715154201872753,0.3282470318282904,0.33801911490059633,0.3466159321873248,0.3541720191967317,0.36080858651801045
-0.2607214428857715,-0.22168565030465157,-0.1810647111382321,-0.1393799722898764,-0.09723410235900753,-0.05527136691521514,-0.014129985413588987,0.02560513254075487,0.06344100051970246,0.0990008683925029,0.1320324737165657,0.16240220926421045,0.190079438929331,0.21511573811238713,0.23762313419747516,0.2577541168213785,0.2756848741489142,0.29160221714522205,0.3056939986506179,0.31814252127724196,0.3291203194353409,0.3387877301092676,0.34729174871700763,0.3547657693567321,0.36132990464663295
-0.2575150300601202,-0.21832858784223724,-0.1775969070910226,-0.13584938527059098,-0.09369386996549948,-0.05177600491451057,-0.010731281165831413,0.02886179699237765,0.06651929325171951,0.10187481239236813,0.13468644999595916,0.1648299518603313,0.19228242234841278,0.21710134080119398,0.23940286311024964,0.2593420635210273,0.2770964741886375,0.29285331668092035,0.306800194150333,0.3191187224996801,0.32998048428097804,0.33954472535359526,0.34795729901422123,0.35535046539647946,0.3618432488931755
-0.2543086172344689,-0.2149751510184396,-0.17413693313509693,-0.13233118333286512,-0.09017061709878543,-0.04830190939067744,-0.007357501556995416,0.03209074637929493,0.06956807081770108,0.1047184339810239,0.1373101941039592,0.16722829253198068,0.19445739126316455,0.21906069446530207,0.24115832944845267,0.2609078283667078,0.27848797222369476,0.2940863265132934,0.3078902015078613,0.32008050136052413,0.3308278450261277,0.3402903847849632,0.3486128355147993,0.3559263309177122,0.36234881685976333
-0.2511022044088176,-0.21162535064568194,-0.17068479436740208,-0.1288253438906307,-0.0866642695144587,-0.04484893321618332,-0.0040084127031047,0.035292305002469396,0.07258774111370446,0.1075322094564505,0.1399042306384847,0.1695977827639819,0.19660490417622217,0.22099434804698947,0.24289006001017516,0.2624519073632502,0.2798598282476109,0.29530166815092856,0.30896440331938824,0.32102820254451453,0.33166271037210815,0.3410249835938317,0.3492586026378182,0.356493582381954,0.3628467998112091
-0.24789579158316627,-0.20827919716730353,-0.1672404949856537,-0.12533184298715952,-0.08317475148967747,-0.04141692832667493,-0.0006837811202385705,0.03846679469565368,0.07557870702907171,0.11031660745678813,0.14246907411718346,0.1719389620241963,0.19872550624465082,0.22290283643287395,0.24459856737805186,0.26397478258197005,0.2812124889255354,0.2964997505929663,0.31002317061336654,0.3219621601630314,0.3324853794432519,0.34174878835771544,0.349894837099524,0.3570524293919475,0.36333738292607676
-0.244689378757515,-0.2049367006575254,-0.16380403829623713,-0.1218506553217076,-0.07970198587592565,-0.038005745796389885,0.0026166261955690214,0.04161453477092078,0.07854136645033818,0.11307208904860064,0.14500522916243538,0.1742523580427772,0.2008197296391825,0.22478668087215842,0.24628435037372257,0.26547692263027395,0.2825463880615912,0.2976809707811,0.31106686327819166,0.322882698151968,0.33329614215223474,0.3424620573732302,0.35052176821274617,0.3576030749599744,0.3638207455359778
-0.2414829659318637,-0.20159787082148217,-0.16037542672224264,-0.11838175427609962,-0.07624589415097426,-0.03461523591144885,0.005893041692034256,0.044735841968689356,0.08147611226921393,0.11579910781717463,0.14751319068497407,0.1765384870858659,0.20288809389367704,0.2266463893814234,0.24794789449604818,0.266958783103223,0.28386194704731443,0.29884571403258037,0.31209583047138917,0.3237901306520327,0.33409527954900414,0.34316504097304606,0.3511396181725671,0.3581457157637678,0.3642970613537367
-0.23827655310621237,-0.19826271699532286,-0.15695466181163187,-0.11492511194124329,-0.0728063964700342,-0.031245248241052938,0.009145697187832641,0.04783103041205013,0.08438333239437568,0.11849810995859228,0.1499934440659567,0.17879785422372774,0.20493110624501637,0.22848245713639134,0.24958967234369742,0.2684208070178145,0.2851595752920449,0.2999943544551327,0.3131104110112268,0.32468476237236654,0.3348830641541518,0.3438579818285332,0.351748602328974,0.3586805423906751,0.36476649869102007
-0.23507014028056106,-0.19493124814637688,-0.15354174424552525,-0.11148069914355459,-0.06938341171608566,-0.027895631706606177,0.012374823803220632,0.050900411565212585,0.08726340976682587,0.12116953437334066,0.15244646533733602,0.18103095359334465,0.20694926196364957,0.2302953668510857,0.2512101440227014,0.2698634252307116,0.2864396706360787,0.30112725534463863,0.3141109337516086,0.3255668889383156,0.33565976027752625,0.3445411152388453,0.35234892944717616,0.3592077395706944,0.3652292206659928
-0.2318637274549098,-0.19160347287338658,-0.15013667384660787,-0.10804848547128366,-0.06597685754937749,-0.024566234648790986,0.015580651893971037,0.05394429419588875,0.09011672237857947,0.12381381276122819,0.15487272136039634,0.1832382686554849,0.20894304467500316,0.23208558914478872,0.25280975753954654,0.27128705684011467,0.28770261974735645,0.3022447695663916,0.3150977179410636,0.32643679722414304,0.33642562432283285,0.34521466940713524,0.35294080195622785,0.359727486398967,0.3656853854015249
-0.22865731462925848,-0.18827939940680313,-0.14673944958764326,-0.10462843930072364,-0.06258665045608375,-0.02125690489261832,0.01876341098853243,0.05696298434144453,0.0929436432944579,0.1264313697174017,0.1572726700023374,0.18542027244628578,0.2109129266719742,0.2338535828971984,0.25438894918035904,0.2726921095724417,0.288948798502424,0.30334723992069634,0.31607107356659697,0.3272947656714299,0.3371809050789292,0.3458788657045635,0.35352441618656244,0.3602399565482768,0.366135146214448
-0.22545090180360716,-0.1849590356091477,-0.1433500696000935,-0.10122052782229418,-0.05921270579611458,-0.017967489810484506,0.02192332972831413,0.05995678527864479,0.09574454067677121,0.1290226228292633,0.1596467603107963,0.18757742782338693,0.2128593692187189,0.23559979559216662,0.2559481438767069,0.27407898015444904,0.29017857235236366,0.30443499949353753,0.3170313016831319,0.3281410645938666,0.33792584399848064,0.34653391892271734,0.3540999625970067,0.3607453184720713,0.36657865179632443
-0.22224448897795585,-0.18164238897543356,-0.13996853118283456,-0.09782471706648233,-0.05585493785007058,-0.01469783638325849,0.02506063581100869,0.06292599749683299,0.09851977781268872,0.13158798277410738,0.1619954326862173,0.18971018770666695,0.2147828228459552,0.23732466365039726,0.25748775555853287,0.27544805467140243,0.29139229667436406,0.3055083719930114,0.31797869472922924,0.32897595646910177,0.3386606754646072,0.3471800375150275,0.35466762599181145,0.3612437355984954,0.36701604638617
-0.21903807615230458,-0.17832946663365018,-0.1365948308109639,-0.09444097192963144,-0.05251325986533769,-0.011447791259430693,0.0281755559368586,0.06587091867438524,0.1012697131441022,0.13412785341730601,0.16431911905198537,0.1918189953136349,0.2166837276379886,0.23902861275146547,0.2590081874947047,0.276799708911877,0.29259031710956024,0.3065676720721742,0.31891353682973816,0.3297996962182779,0.3393856270461152,0.3478174238277325,0.3552275857282042,0.36173536651589167,0.36744746993554295
-0.21583166332665327,-0.17502027534530906,-0.13322896414469432,-0.09106925619956716,-0.04918758410131924,-0.008217200812354799,0.031268315757775646,0.06879184365828407,0.10399470029979556,0.13664263191088252,0.16661824302225217,0.19390428438953924,0.2185625135116734,0.24071205814551214,0.26050983262165284,0.2781343086997376,0.2937729698877471,0.30761320563892813,0.31983610408599084,0.33061253147384506,0.34010091974187145,0.34844627432090963,0.35578001591493863,0.36222036515020267,0.3678730582663861
-0.21262525050100195,-0.17171482150604728,-0.1298709260383256,-0.08770953258104684,-0.045877821873799574,-0.005005911195610622,0.034339139829226734,0.07168906444666683,0.10669508812974872,0.13913270879232825,0.16889322006739438,0.19596647943226037,0.22041960048751977,0.2423754049549584,0.2619930738605516,0.2794522102138335,0.29494058213954216,0.30864527015353826,0.3207466648541321,0.3314147028362206,0.3408067682148552,0.3490667797800672,0.3563250856022945,0.3626988809346825,0.36829294322199335
-0.20941883767535063,-0.16841311114629154,-0.12652071054929095,-0.08436176272102432,-0.04258388359843929,-0.0018137683965217932,0.03738825156479628,0.0745628701742029,0.10937122074140615,0.1415984680835246,0.17114445767705116,0.19800599591205598,0.2222553989531496,0.24401904846656908,0.2634582844234723,0.2807537602959083,0.2960934721965413,0.3096641549143383,0.32164548001213106,0.3322064441198218,0.34150338101638367,0.349679125518758,0.3568629589639465,0.3631710589723003,0.36870725281144134
-0.20621242484969937,-0.1651151499319779,-0.12317831094727005,-0.08102590723371855,-0.03930567883339958,0.001359381712140587,0.04041587319333992,0.07741354710016313,0.11202343753775357,0.14404028738964356,0.17337235552069802,0.20002324048623457,0.22407030991930682,0.24564337441419015,0.2649058281089318,0.28203929674721206,0.29723194987999013,0.31067014133215903,0.3225328032160046,0.3329879825889789,0.34219096080098765,0.3502834915726543,0.3573937954711076,0.36363704019119963,0.36911611134781586
-0.20300601202404805,-0.16182094316532913,-0.11984371972336501,-0.07770192572547742,-0.0360431163210965,0.004513693322234832,0.043422225718644146,0.08024137859904686,0.11465207325705164,0.1464585379979101,0.1755773056057205,0.20201861120883408,0.22586472526862061,0.24724875925247045,0.2663360595872327,0.2833091486142753,0.2983563167784656,0.31166350319398517,0.323408881145749,0.33375953918420365,0.34286970453238397,0.3508800528854977,0.3579177500593227,0.3640969614935568,0.36951963958053924
-0.19979959919839674,-0.1585304957856879,-0.11651692859933285,-0.07438977681942782,-0.03279610402908562,0.0076493206420727355,0.04640752888150828,0.08304664515363798,0.11725745801408448,0.14885358497611756,0.17775969243295964,0.20399249773538564,0.22763902799731883,0.24883557042187043,0.2677493246759832,0.28456363646428784,0.29946686651503907,0.3126445069163203,0.32427395374145135,0.3345213287392666,0.3435398036809693,0.3514689794873162,0.3584349732882693,0.3645509558981596,0.36991795482208945
-0.19659318637274548,-0.15524381237040297,-0.11319792853686801,-0.07108941817990193,-0.02956454919007739,0.010766417849958628,0.049372001124168265,0.08582962435036717,0.11983991734278884,0.15122578727079677,0.17991989314970694,0.205945281522845,0.2293935924500843,0.2504041666052503,0.2691459606061651,0.28580307265050375,0.30056388500437276,0.31361341178871754,0.32512825443002896,0.3352735601895085,0.34420144441323425,0.3520504366652762,0.35894561149490506,0.36499915267701283,0.3703111710693856
-0.1933867735470941,-0.15196089713576938,-0.10988670974693075,-0.06780080653663284,-0.026348358341086564,0.013865139049408197,0.05231585955698107,0.08859059087685972,0.12239977224013596,0.1535754978049475,0.18205827770013439,0.2078773360247778,0.2311287845482446,0.25195489797632065,0.27052629627910696,0.2870277615680763,0.3016476507001761,0.31457047020790996,0.32597201034302264,0.33601643677179494,0.34485480777348027,0.3526245851275225,0.3594498069402796,0.36544167748626,0.3706993991200977
-0.19018036072144284,-0.14868175393802172,-0.1065832616991167,-0.06452389770871256,-0.02314743736171938,0.016945638226012402,0.05523931992729052,0.09132981652155316,0.1249373392111439,0.15590306357524608,0.18417520897314668,0.20978902688188156,0.2328449620114788,0.2534881064402286,0.27189065251470207,0.2882379999007095,0.30271843483343164,0.31551592790295385,0.3268054425258467,0.3367501562164966,0.3455000698581972,0.35319158116033544,0.35994769795031345,0.365878652491692,0.3710827466841275
-0.18697394789579158,-0.145406386274377,-0.10328757313106002,-0.06125864662830265,-0.019961691511599905,0.020008069205914282,0.058142596590399546,0.09404757017527605,0.1274529303149088,0.1582088257486539,0.1862710429476533,0.21168071210793446,0.2345424745732255,0.25500412586654586,0.27323934229120117,0.28943407685849365,0.30377650164177994,0.31645002415177736,0.3276287661388793,0.33747491093186033,0.34613740198344256,0.353751576778921,0.3604394190508298,0.36631019648910323,0.3714613184904901
-0.1837675350701402,-0.14213479728412906,-0.09999963205786774,-0.0580050073640934,-0.01679102546694244,0.02305258561586198,0.06102590248257197,0.09674411783467957,0.1299468532115444,0.16049311975835492,0.1883461288352584,0.2135527422712578,0.2362216641899683,0.2565032823149123,0.274572670976892,0.2906162744072791,0.3048221085904334,0.31737299198950775,0.32844219065075614,0.3381908881811167,0.34676697084554536,0.3543047198721285,0.3609251010971098,0.3667364250197378,0.371835216389817
-0.18056112224448895,-0.13886698974979128,-0.09671942578157854,-0.054762933144503464,-0.013635343356273508,0.026079340844804746,0.06388944909599088,0.09941972260742019,0.13241941120992928,0.16275627539895787,0.19040080922037309,0.21540546067178049,0.23788286524457317,0.2579858942535844,0.2758909365539717,0.29178486748992555,0.3058555065849758,0.318285058408934,0.3292459200242151,0.3388982702526539,0.3473889386754411,0.3548511543413801,0.3614048713982266,0.36715745048105686,0.37220453945268556
-0.17735470941883769,-0.13560296609828745,-0.09344694090064173,-0.051532376380614336,-0.010494548795309137,0.029088488006997464,0.06673344645560234,0.10207464471899567,0.1348709033161663,0.16499861692090453,0.19243542019775783,0.21723920351379603,0.23952640474384898,0.25945227277112803,0.2771944298349006,0.29294012423974913,0.30687694017638173,0.31918644455344214,0.3300401528948184,0.3395972346235671,0.34800346338692717,0.35539102023407554,0.36187885383640117,0.36757338223304664,0.3725693840639739
-0.1741482965931863,-0.13234272840218897,-0.09018216331941131,-0.048313288688834236,-0.00736854492099405,0.03208017990657883,0.06955810309777374,0.10470914152113925,0.13730162428266127,0.16722046312403085,0.1944502915075057,0.21905430007449903,0.24115260251049395,0.2609027217814832,0.278483434671515,0.2940823061864761,0.30788664775858143,0.32007736590274527,0.33082508274286593,0.3402879541168815,0.3486106987191159,0.3559244538717296,0.36234716898161107,0.36798432670027414,0.372929844013424
-0.17094188376753505,-0.12908627838099926,-0.08692507825765182,-0.04510562091328704,-0.004257234424710008,0.03505456900358835,0.07236362605069804,0.10732346750168076,0.1397118646577376,0.16942212745023263,0.19644574666748207,0.2208510728683931,0.2427617713695943,0.2623375382226301,0.27975822815717183,0.2952116684550005,0.3088848617588767,0.32095803245171756,0.3316008980587972,0.34097059705272936,0.3492107943733448,0.35645158797307797,0.362809934201668,0.36839038746988706,0.37328601058259114
-0.16773547094188368,-0.12583361740248156,-0.0836756702600492,-0.04190932314791962,-0.0011605195846588032,0.038011807381389554,0.07515022081647871,0.10991787429578996,0.14210191083570536,0.17160391807519262,0.1984221031032371,0.22262983780765577,0.24435421732982832,0.26375701224906434,0.28101908082217636,0.2963284599572255,0.3098718088215008,0.32182864888262075,0.3323677825023632,0.34164532739374753,0.3498038961447927,0.3569725517723805,0.3632672637679712,0.36879166538574276,0.3736379726283452
-0.16452905811623242,-0.12258474648403081,-0.08043392320572391,-0.03872434475832474,0.0019216977025708556,0.04095204671546393,0.07791809135482923,0.11249261069851618,0.14447204510730915,0.17376613799913038,0.2003796722754119,0.22439090435855175,0.24593023975953446,0.26516142741829757,0.28226625682274603,0.29743292357726214,0.3108477099846051,0.3226894147310045,0.3331259150558368,0.34231230488494907,0.3503901460490379,0.3574874711331387,0.3637192689571338,0.3691882586388444,0.37398581666308106
-0.16132264529058116,-0.11933966629408783,-0.07719982031774125,-0.035550634403274606,0.004989515891245527,0.04387543824354288,0.08066744006832478,0.11504792267854666,0.1468225457104846,0.1759090851365401,0.20231875980466077,0.22613457569398046,0.24749013155778946,0.2665510608715788,0.2835000141237441,0.2985252963502415,0.3118127808509357,0.3235405245455448,0.3338754701715201,0.3429716851883124,0.3509696824437819,0.35799646865743123,0.364166058148667,0.3695802628542514,0.3743296269317906
-0.15811623246492978,-0.11609837715359524,-0.07397334417261481,-0.03238814005596185,0.008043033756529077,0.0467821327370433,0.08339846778914414,0.11758405339310528,0.14915368688135489,0.17803305240488607,0.20423966559411352,0.2278611488422461,0.24903417932064578,0.2679261835090334,0.28472060467541355,0.2996058096349925,0.3127672317524608,0.32438216804207487,0.33461661791378916,0.3436236200123145,0.35154264014595094,0.3584996637910628,0.3646077369188986,0.3699677711746212,0.37466948548613455
-0.15490981963927852,-0.1128608790374946,-0.07075447670980037,-0.02923680902494552,0.011082350365315106,0.04967228047377312,0.08611137376724141,0.12010124320391881,0.15146573890540557,0.18013832781222722,0.20614268394940374,0.22957091483213402,0.2505626635026671,0.2692870601594057,0.28592827458432846,0.30067468928081714,0.3137112679091862,0.3252145302520456,0.3353495240959089,0.34426825723662763,0.3521091505443769,0.3589971729247101,0.365044408131294,0.3703508743405359,0.3750054722556529
-0.15170340681362726,-0.10962717157626034,-0.067543199241172,-0.026096587974795374,0.014107565047843917,0.05254603121187709,0.0888063556598924,0.12259972969418285,0.1537589681687806,0.18222519454375063,0.20802810369629363,0.23126415883438328,0.25207585857390397,0.2706339497445885,0.28712326427877566,0.30173215578859575,0.3146450895823979,0.3260377916656512,0.3360743504118399,0.34490574103218785,0.35266934170825226,0.3594891094912428,0.3654761720233378,0.3707296607677537,0.375337665116238
-0.1484969939879759,-0.10639725405747483,-0.06433949246048237,-0.022967422946437083,0.017118777370089523,0.055403534164985425,0.0914836095225551,0.1250797476864568,0.15603363720964075,0.1842939310471901,0.2098962082959221,0.23294116029963507,0.25357403317244204,0.2719671054391118,0.28830580866876815,0.30277842446643705,0.3155688922225515,0.32685212836983557,0.33679125456324643,0.34553621197683204,0.35322333849153814,0.3599755840593832,0.3659031262901275,0.37110421662152354,0.3756661399559947
-0.14529058116232463,-0.10317112542743906,-0.06114333645279903,-0.019849259377192133,0.020116087106910662,0.05824493797853656,0.0941433298009923,0.1275415292614261,0.15829000476953636,0.1863448111171134,0.21174727595770748,0.2346021930929416,0.25505745025265303,0.27328677482476066,0.2894761373008835,0.30381370558008264,0.31648286661202124,0.32765771218138967,0.3375003903819073,0.3461598071666916,0.3537712626335026,0.3604567044238674,0.3663253661648246,0.37147462588809105,0.37599097073860216
-0.14208416833667326,-0.09994878429281906,-0.0579547107039141,-0.016742042120510846,0.02309959421595509,0.061070390707241975,0.09678570932460319,0.12998530377747108,0.16052832584474544,0.1883781039780664,0.21358157974993974,0.23624752562491985,0.25652636722927863,0.27459320004048543,0.29063447450811664,0.3048382044982654,0.3173871990029121,0.3284547107753397,0.3382019079477185,0.34677666032352217,0.35431323285555266,0.3609325756922546,0.36674298449609666,0.37184097044351855,0.37631222956428595
-0.138877755511022,-0.09673022892232841,-0.054773594109725154,-0.013645715465398521,0.026069398812305467,0.06388003979366001,0.09941093930091074,0.13241129789098197,0.16274885173753087,0.19039407436655723,0.21539938770809045,0.23787742097962647,0.2579810361174669,0.27588661792775915,0.29178103955492385,0.30585212183321275,0.31828207125013036,0.329243287808817,0.3388959537024715,0.3473869018981397,0.3548493649545168,0.3614033003685316,0.36715607182268234,0.372203330119935,0.3766299867285054
-0.13567134268537073,-0.09351545724844386,-0.05159996498558201,-0.01056022315553119,0.029025601143857934,0.06667403204784936,0.1020192093111563,0.1348197355773655,0.16495183010727657,0.19239298261187504,0.21720096294087812,0.23949213703923747,0.2594217036688858,0.2771672601715377,0.2929160467776326,0.3068556535764797,0.31916766093989757,0.3300236030405915,0.33958267055958136,0.3479906591701262,0.3553797718925315,0.36186897843364724,0.3675647164452024,0.37256178276932816,0.37694431077845547
-0.13246492985971936,-0.09030446686915423,-0.04843380107559749,-0.007485508408061043,0.03196830156742175,0.06945251362807094,0.10461070730695252,0.1372108381526902,0.16713750502146296,0.19437508471573414,0.218986563734122,0.24109192660560785,0.26084861150402683,0.2784353534369655,0.2940397057203823,0.307848991230286,0.32004414151388655,0.3307958124464422,0.3402621980099283,0.34858805634395895,0.3559045638836698,0.3623297074231077,0.3679690044953338,0.3729164043249832,0.3772552685674762
-0.1292585170340681,-0.08709725504974135,-0.04527507956191832,-0.004421513932110294,0.03489760052552933,0.0722156300225083,0.10718561960794752,0.13958482429591837,0.16930611700644532,0.1963406324307381,0.22075644365241862,0.24267703751878963,0.2622619962408136,0.2796911195019692,0.29515222126675494,0.3088323219345262,0.3209116823891479,0.3315600683305315,0.34093467222397233,0.34917921464171187,0.3564238484774513,0.36278558250175685,0.36836902000246013,0.37326726886066974,0.37756292530746194
-0.12605210420841684,-0.08389381872459077,-0.04212377707395212,-0.0013681819469515324,0.03781359852394667,0.0749635260319779,0.10974413090045579,0.14194191007167803,0.17145790309800205,0.19828987333766154,0.22251085163867848,0.2442477127725827,0.2636620896196263,0.2809347753858766,0.29625379376725,0.30980582858961503,0.32177044907399216,0.33231651943294044,0.3416002261502908,0.3497642523924677,0.3569377306393605,0.36323669653585633,0.36876484495790096,0.3736144486476693,0.37786734461934984
-0.12284569138276547,-0.08069415449903339,-0.038979869697549574,0.0016745458001236387,0.04071639610987134,0.07769634575359848,0.11228642423701053,0.14428230895352745,0.17359309689162122,0.20022305092154719,0.2242500321115567,0.24580419062719258,0.26504911862484665,0.2821665334741909,0.297344619162749,0.3107696899753218,0.32262060327998127,0.3330653110335196,0.3422589896106846,0.35034328511858037,0.3574463128285015,0.363683140162585,0.36915655937682884,0.37395801420974006,0.378168588581778
-0.1196392785571142,-0.07749825865121525,-0.03584333298413716,0.004706728016249584,0.04360609385080786,0.08041423256539248,0.11481268103679598,0.14660623184766836,0.17571192859249632,0.202140404646618,0.22597422506081566,0.2473467047190682,0.2664233056030292,0.2833866016396481,0.2984248891041144,0.3117240808657431,0.3234623030301796,0.33380658505219574,0.3429110893919884,0.35091642561890846,0.3579496950725005,0.36412500185705604,0.36954424135796166,0.37429803437609827,0.3784667177779799
-0.11643286573146283,-0.07430612713399476,-0.03271414195979767,0.007728423845745213,0.046482792314109636,0.08311732911179136,0.11732308108691865,0.14891388711706774,0.1778146250652061,0.2040421700300076,0.22768366614065513,0.2488754841679902,0.26778486837779875,0.2845951833596805,0.2994947910680563,0.3126691721405566,0.32429570276380676,0.33454048014587784,0.3435566493347171,0.35148378404914854,0.35844797503977355,0.3645623679969603,0.3699279671411295,0.3746345763325052,0.37876179134099747
-0.11322645290581157,-0.07111775557686721,-0.029592271134297205,0.010739692853184594,0.049346592047174384,0.08580577729001608,0.11981780254447669,0.15120548060594613,0.1799014098830513,0.20592857871430903,0.22937858676104522,0.25039075368147823,0.26913402036156997,0.28579247783040207,0.3005545084693979,0.3136051308926908,0.32512095343742886,0.33526713180209045,0.3441957904186737,0.35204546799938014,0.35894124810926425,0.3649953229249302,0.3703078111628001,0.3749677056705342,0.37905386699727717
-0.11002004008016031,-0.06793313928791414,-0.026477694510054002,0.013740595006781141,0.05219759355828377,0.08847971823730785,0.12229702193939075,0.15348121566459694,0.1819725033770294,0.20779985853894978,0.2310592141771017,0.25189273365658804,0.270470970664187,0.2869786800772338,0.30160422076986887,0.3145321205325446,0.32593820262281914,0.3359866724294648,0.34482863084563964,0.352601582568938,0.3594296074377545,0.3654239490087179,0.37068384610964755,0.3752974864350948,0.37934300110871927
-0.10681362725450894,-0.06475227325577777,-0.023370385591048072,0.016731190662083215,0.05503589729807405,0.09113929231898082,0.12476091417795791,0.1557412931744993,0.18402812268442292,0.20965623361039537,0.23272577157653712,0.25338164027916293,0.271795924198573,0.2881539810622758,0.30264410358354404,0.3154503008888803,0.32674759460161384,0.33669923144520625,0.3454552861192605,0.35315223043871496,0.35991314402484553,0.3658483266992769,0.371056142970245,0.3756239811702841,0.3796292487132423
-0.10360721442885767,-0.06157515215165961,-0.02027031739166946,0.01971154054598028,0.0578616036416265,0.09378463911727129,0.12720965254709296,0.157985911573691,0.18606848179698515,0.2114979243711891,0.23437847816522514,0.2548576856206044,0.2731090817834777,0.2893185677885329,0.3036743287790452,0.31635982830651094,0.3275492704568823,0.337404935359655,0.34607586912223665,0.35369751194099763,0.360391946775702,0.3662685345868295,0.3714247710849539,0.375947250963634,0.379912663563923
-0.10040080160320641,-0.05840177033134013,-0.01717746244550055,0.022681705741020596,0.060674812871167494,0.09641589742095945,0.12964340871922392,0.1602152668823697,0.18809379160870512,0.21332514766783653,0.23601754925091528,0.2563210777322279,0.2744106402434118,0.290472623401098,0.3046950645786198,0.31726085574089935,0.3283433681617266,0.33810390785805033,0.34669049019092424,0.3542375251269327,0.36086610256164825,0.36668464945500284,0.37178979819408847,0.3762673554888202,0.3801932981667721
-0.09719438877755504,-0.055232121837221634,-0.01409179281403299,0.02564174767003675,0.06347562515936488,0.09903320521573683,0.13206235275780712,0.16242955272869133,0.19010425996313612,0.2151381168175416,0.23764319632513325,0.2577720207372644,0.2757007925058512,0.2916163272853914,0.30570647565420195,0.3181535328497789,0.329130022665023,0.33879626987960687,0.34729925718744725,0.35477236583171745,0.36133569627870304,0.36709674633311035,0.3721512904844177,0.37658435304689275,0.38047120381719746
-0.09398797595190378,-0.05206620040039148,-0.011013280095315887,0.028591728081078734,0.0662641405532096,0.10163669967529584,0.13446665312342962,0.1646289603747358,0.19210009170027317,0.2169370416738036,0.23925562714330192,0.25921071492056813,0.27697972769579005,0.29274985516254964,0.30670872322056053,0.31903800608190214,0.3299093659744072,0.3394821396940009,0.3479022755694142,0.35530212773759995,0.36180081090413135,0.36750489854665036,0.3725093126340771,0.37689830060608986,0.3807464306352106
-0.09078156312625241,-0.04890399944270393,-0.007941895432531838,0.031531709032654474,0.06904045895847301,0.10422651715311927,0.13685647668047027,0.16681367874261493,0.19408148870296874,0.21872212869088692,0.2408550458031207,0.2606373568160923,0.27824763122772583,0.29387337918205975,0.30770196512563547,0.31991441876302235,0.33068152723660804,0.3401616329753666,0.348499648457333,0.35582690243477727,0.3622615275510924,0.3679091777660943,0.37286392785594885,0.3772092538402894,0.38101902759942535
-0.08757515030060115,-0.04574551207888263,-0.004877609522502109,0.0344617528792731,0.07180468012472468,0.10680279317494323,0.13923198870428596,0.16898389444069317,0.19604864994287147,0.2204935809871708,0.2424416528212356,0.26205213929218796,0.2795046848951479,0.2949870680117245,0.3086863559381555,0.32078291117920354,0.3314466328152259,0.34083486287389647,0.3490914766998112,0.3563467794802719,0.3627179255214592,0.36830965405403077,0.37321519793957436,0.37751726716615364,0.3812890425798964
-0.08436873747494988,-0.042590731118638904,-0.0018203926241152518,0.037381922257292734,0.07455690363090357,0.10936566243187462,0.14159335288889863,0.1711397917899006,0.19800177152588305,0.2222515984073948,0.24401564520823854,0.263455251634785,0.28075106695760726,0.29609108692504654,0.30966204703263256,0.3216436206575551,0.33220480636604705,0.34150194008513063,0.3496778589366243,0.356861846454861,0.36317008235687637,0.36870639591072857,0.373563183291653,0.3778223937790164,0.38155652236984416
-0.08116232464929851,-0.03943964906880844,0.001229785433319355,0.04029228007106783,0.07729722887142784,0.1119152587741378,0.14394073135515142,0.17328155285011063,0.1999410467371185,0.22399637758380692,0.2455772165420265,0.2648468796285096,0.2819869522254379,0.2971855978861145,0.3106291866718217,0.3224966816444832,0.3329561689099879,0.3421629729170276,0.3502588916597353,0.3573721890181385,0.3636180738881296,0.3690994703181819,0.37390794297518665,0.37812468568756635,0.3818215127163107
-0.07795591182364725,-0.03629225813550359,0.0042729552417963435,0.043192889479395584,0.08002575504283352,0.11445171520543074,0.1462742846593103,0.17540935744656397,0.2018666660853664,0.2257281119962303,0.24712655703955724,0.2662272056357916,0.28321251214219845,0.2982707596320689,0.3115879200867292,0.3233422257815419,0.33370083890374824,0.34281806735489045,0.35083466927233786,0.3578778909617742,0.3640619742828865,0.36948894278269523,0.37424953474731826,0.3784241937473674,0.3820840583497858
-0.07474949899799599,-0.033148550226280146,0.007309147806419488,0.046083813882259565,0.08274258113093118,0.11697516387786908,0.1485941718020845,0.17752338319631625,0.20377881734704018,0.22744699203105967,0.24866385362703494,0.2675964086740157,0.28442791486490293,0.29934672775322835,0.31253838955425634,0.3241803819789745,0.334438932308264,0.34346732712423583,0.351405284146003,0.35837903426104456,0.3645018560918742,0.36987487737606367,0.3745880150959176,0.3787209676932665,0.38234420301284616
-0.07154308617234462,-0.030008516952318612,0.010338394537287823,0.04896511690786738,0.08544780589846894,0.11948573608749762,0.15090055023804108,0.17962380553469073,0.20567768560961522,0.22915320503920172,0.25018929000855883,0.2689546644907675,0.2856333253421064,0.3004136547709487,0.3134807344725545,0.3250112764870192,0.3351705626550307,0.34411085375167283,0.35197082667599305,0.35887569912469436,0.36493779029355095,0.3702573367754031,0.37492343927496186,0.3790150561707286,0.38260198948784396
-0.06833667334669336,-0.02687214963061957,0.013360727241463553,0.05183686239997954,0.08814152787328977,0.12198356227034786,0.15319357588538943,0.18171079774171586,0.20756345331454526,0.23084693539296944,0.2517030467332657,0.2703021456372222,0.28682890538990513,0.30147169021328624,0.3144150914341681,0.3258350329650606,0.33589584111037807,0.3447487466238698,0.35253138533481576,0.35936796404319615,0.36536984633733055,0.3706363823016816,0.3752558613387564,0.3793065067661419,0.38285745962368334
-0.0651302605210421,-0.02373943928620964,0.01637617811502586,0.05469911440552958,0.09082384533697507,0.1244687719990252,0.15547340313611538,0.18378453096853367,0.2094363002996573,0.2325283645419499,0.25320530126100294,0.27163902153972896,0.2880148137659184,0.3025209806885379,0.31534159429704317,0.3266517725487008,0.33661487653776834,0.34538110304467673,0.3530870467240809,0.35985590583546423,0.3657980921854114,0.37101207395700014,0.3755853341750399,0.3795953660361303,0.38311065436171643
-0.06192384769539072,-0.0206103766543607,0.01938477973520826,0.057551937162529467,0.09349485631396032,0.1269414939798031,0.15774018486644023,0.18584517426375965,0.2112964038410186,0.23419767106785463,0.2546962280265601,0.2729654585696356,0.2891912062413071,0.303561669956723,0.316260374253468,0.32746161391482165,0.3373277755581867,0.3460080182904689,0.35363789562472225,0.3603395996940821,0.3662225943532657,0.37138447046067113,0.37591190953701736,0.37988167953591423,0.3833616137607966
-0.05871743486973946,-0.017484952182818966,0.022386565052623392,0.060395395088260015,0.0961546585611143,0.12940185605020785,0.15999407244758526,0.18789289459977965,0.2131439386942737,0.23585503073836742,0.25617599850249106,0.27428162011139867,0.29035823567088714,0.30459389899907097,0.317171559897016,0.32826467334470566,0.3380346426086911,0.34662958566377655,0.3541840150456444,0.36081911922909704,0.3666434179488345,0.37175362928413813,0.3762356380743591,0.3801654918467522,0.38361037702151785
-0.05551102204408809,-0.014363156034043601,0.02538156738357571,0.06322955276774317,0.09880334955777095,0.13184998517707627,0.16223521575682198,0.18992785689897093,0.2149790771354519,0.23750061656000718,0.25764478126055984,0.27558766662902845,0.2915160520613958,0.3056178060855802,0.31807527728755813,0.32906106478528496,0.33873557999918746,0.3472458965452617,0.35472548627085077,0.36129453651043547,0.3670606267104802,0.3721196066847817,0.3765565693632066,0.38044684660249967,0.3838569825096716
-0.052304609218436826,-0.011244978087455422,0.028369820402461846,0.066054474942492,0.10144102649620214,0.13428600745506605,0.16446376318878744,0.1919502240598317,0.2168019890012409,0.23913459883001634,0.259102742031838,0.2768837557309094,0.2926648026379643,0.30663352684070744,0.3189716500144064,0.3298508999085792,0.33943068796749165,0.34785704044410143,0.35526238890510975,0.36176592210898784,0.3674742830437403,0.3724824577386509,0.3768747519352209,0.38072578651531863,0.38410146777895166
-0.049098196392785565,-0.008130407941692305,0.03135135813426213,0.06887022649953786,0.10406778627252333,0.13671004810560575,0.16667986166704787,0.19396015698300823,0.2186128417287283,0.24075714518729124,0.260550043765484,0.2781700422330386,0.29380463190884615,0.3076411943072443,0.31986079925764965,0.33063428816938456,0.3401200647327353,0.3484631050468315,0.35579480091820803,0.36223334513641287,0.3678844480569258,0.3728422363721604,0.3771902333057081,0.38100235340056626,0.38434386959293254
-0.04589178356713419,-0.005019434916873153,0.03432621494712164,0.0716768724607294,0.1066837254780194,0.1391222314762639,0.1688836566558914,0.19595781459720685,0.22041180039460995,0.2423684206623699,0.2619868466862353,0.2794466782207275,0.2949356817284574,0.30864093900844125,0.32074284384774393,0.33141133686127533,0.3408038065471793,0.34906417626471087,0.35632279868784716,0.3626968732837088,0.3682911815956097,0.37319899539279466,0.37750306000086126,0.3812765882009002,0.3845842239463535
-0.04268537074148293,-0.0019120480568682484,0.03729442554502287,0.0744744779723015,0.10928894039088198,0.14152268104052337,0.17107529217233372,0.1979433538849805,0.2221990277538659,0.24396858772649044,0.2634133083506397,0.28071381310880333,0.2960580913587732,0.3096328890084296,0.32161790032340853,0.33218215117096933,0.3414820077464795,0.3496603382796489,0.35684645704122314,0.36315657285858916,0.3686945422760393,0.3735527865188468,0.3778132775841405,0.3815485310096175,0.384822566085725
-0.03947895791583167,0.0011917638684254498,0.040256024960551536,0.07726310829471206,0.11188352696834881,0.1439115193979451,0.17325491079832042,0.199916929908379,0.22397468427790515,0.24555780633973587,0.26482958370205634,0.2819715937003528,0.2971719975291321,0.31061716997099803,0.32248608298788933,0.33294683423111965,0.34215476079847074,0.35025167358875725,0.3573658492953461,0.3636125088217169,0.36909458751751995,0.3739036604082388,0.37812093068183605,0.38181822109326924,0.38505893052929285
-0.0362725450901803,0.004292012360803036,0.043211048547754365,0.08004282879274133,0.11446758083923374,0.1462888682747053,0.1754226536931102,0.20187869583445406,0.2257389281921805,0.24713623399827958,0.2662358251244526,0.2832201642440447,0.29827753449449135,0.31159390521677094,0.3233475039636364,0.3337054871715773,0.3428221563505068,0.35083826304756455,0.35788104729613596,0.3640647448218278,0.36949137357379935,0.37425166668644644,0.3784260630078333,0.38208569691356653,0.3852933510863763
-0.033066132264529036,0.007388709191466083,0.04615953197509064,0.08281370492585194,0.11704119729683862,0.14865484852449093,0.1775786606058237,0.20382880296060943,0.22749191551327544,0.24870402578074677,0.26763218249502446,0.2844596664900704,0.29937483409217996,0.3125632157788408,0.32420227324545026,0.3344582091691814,0.3434842832754155,0.35142018591194535,0.3583921214563404,0.36451334322978574,0.36988495556349144,0.3745968539735649,0.3787287173876125,0.38235099614860685,0.38552586087610374
-0.029859719438877663,0.01048186639873476,0.04910151121847897,0.08557580223880729,0.11960447129223849,0.15100958012974125,0.17972306988814502,0.20576740073978964,0.22923380008546593,0.2502613343937064,0.2690188032356686,0.2856902397447378,0.30046402579719317,0.31352522045690046,0.3250504987521459,0.33520509749612365,0.34414122871611047,0.3519975198788072,0.35889914079231805,0.36495836517161184,0.3702753874995762,0.374939269910549,0.3790289357815139,0.3826141557134496,0.385756492345573
-0.026653306613226402,0.013571496285755354,0.052037022554437304,0.08832918635254244,0.12215749742792832,0.15335318220321856,0.18185601850716046,0.20769463680549738,0.2309647336167589,0.25180831021630884,0.2703958323633295,0.2869120209237545,0.301545236776069,0.31448003586992246,0.32589228637678014,0.3359462475669333,0.3447930781289067,0.3525703411255767,0.35940217295972265,0.36539987056051554,0.3706627223180032,0.37527896118465065,0.3793267593072878,0.38287521178005585,0.38598527728744886
-0.02344689378757514,0.01665761141820747,0.05496610255331963,0.09107392295528763,0.124700369951825,0.1556857729898972,0.1839776420583235,0.20961065699663486,0.23268486571441152,0.2533451013440821,0.2717634125392493,0.288125144604235,0.3026185919393891,0.3154277765074285,0.32672774003548943,0.33668175298412967,0.3454399153255831,0.353138724348527,0.3599012842881289,0.36583791812796945,0.3710470119054344,0.375615973554088,0.37962222826196057,0.38313419979662244,0.38621224685702477
-0.020240480961923768,0.019740224622008667,0.057888788072647385,0.0938100777939377,0.12723318275161274,0.15800746986915565,0.18608807477853118,0.21151560538216077,0.23439434391993347,0.2548718536319044,0.27312168411714605,0.28932974307546516,0.30368421399294254,0.31636855477939296,0.3275569617149828,0.3374117055825839,0.34608182251423414,0.3537027427999859,0.3603965398146356,0.3662725654538578,0.3714283071261551,0.37595035187197,0.37991538214303877,0.38339115450632894,0.3864374315887649
-0.017034068136272507,0.022819348981018537,0.06080511625053688,0.09653771666566656,0.129756029349425,0.16031838935726067,0.18818744955930256,0.21340962428555849,0.2360933137435771,0.2563887107361644,0.27447078519034257,0.29052594638845747,0.30474222348759183,0.31730248106482273,0.32838005151873095,0.33813619547263457,0.34671888033895143,0.35426246832446306,0.36088800331648196,0.36670386899573115,0.37180665784818184,0.37628214010950434,0.3802062596690753,0.3836461099655177,0.3866608614123454
-0.013827655310621245,0.025894997834743624,0.0637151244992239,0.09925690540978281,0.13226900289685337,0.16261864711012974,0.19027589796004613,0.21529285430910933,0.23778191869831863,0.2578958141561258,0.27581085163787245,0.2917138824043275,0.30579273886787706,0.31822966375905115,0.32919710771189414,0.3388553110819951,0.34735116791837267,0.3548179713937308,0.3613757373427088,0.3671318841171989,0.37218211296859516,0.37661138137851224,0.38049489879961806,0.3838990995613275,0.3868825656682113
-0.010621242484969873,0.02896718477604216,0.06661885049868407,0.10196770989982239,0.13477219617027486,0.16490835792636155,0.1923535502214062,0.2171654343579661,0.23946030033333493,0.25939330327450905,0.2771420171695852,0.29289367684152506,0.3068358765193963,0.3191502093197873,0.3300082267650268,0.3395691391964932,0.3479787628831368,0.35536932114089587,0.361859803244899,0.36755666511548796,0.3725547204381247,0.37693811795327575,0.380781336754566,0.3841501560288012,0.3871025731226693
-0.007414829659318611,0.03203592364882996,0.06951633219034982,0.10467019603587516,0.13726570156648876,0.16718763575052034,0.1944205352786774,0.21902750166402232,0.24112859826697972,0.26088131539730647,0.2784644133702759,0.29406545332194756,0.3078717508149948,0.32006422231195747,0.33081350339660026,0.3402777649996813,0.3486017414122818,0.3559165853934963,0.36234026120702967,0.36797826524819843,0.37292452728501185,0.3772623912917394,0.38106561003295036,0.38439931146748424,0.3873209119825301
-0.004208416833667239,0.03510122854578957,0.0724076077709256,0.10736442973714334,0.13974961109865627,0.16945659367666646,0.19647698077527803,0.2208791918095736,0.24278695021926466,0.26235998579284103,0.279778169742858,0.295229333415966,0.30890047415979865,0.32097180545137416,0.33161303061437647,0.3409812721113512,0.34922017826861684,0.3564598307056521,0.36281717027446075,0.3683967367592804,0.37329157963817505,0.37758424205608965,0.3813477544311632,0.38464659735753226,0.38753760990931535
-0.0010020040080159776,0.03816311380608012,0.07529271568629817,0.11005047693472597,0.14222401639253215,0.17171534395211852,0.19852301307627296,0.22272063875076678,0.2444354920438497,0.26382944773008776,0.2810834137506062,0.29638543668639344,0.30992215703512493,0.3218730596472686,0.3324068997556718,0.34167974262499107,0.3498341468331071,0.3569991223893065,0.3632905883820959,0.36881213090426085,0.37365592274970066,0.3779037101327323,0.3816278050606488,0.3848920445753441,0.38775269403304724
0.002204408817635284,0.04122159401305218,0.07817169462554609,0.11272840356462867,0.14468900868298368,0.1739639979814398,0.20055875728193637,0.22455197484083456,0.24607435775954734,0.26528983251626737,0.2823802708584879,0.2975338807314223,0.31093690804130125,0.3227680840437219,0.3331952005265442,0.3423732571442168,0.35044371913829864,0.35753452454458323,0.36376057238173815,0.36922449797474544,0.37401760101668413,0.37822083465168954,0.38190579636508193,0.3851356834087383,0.3879661909656328
0.005410821643286656,0.04427668399196531,0.08104458351504483,0.11539827556099336,0.14714467881078622,0.17620266633063703,0.20258433724134683,0.22637333085311204,0.24770367958134665,0.2667412695337279,0.28366886457360513,0.2986747812265568,0.31194483393942307,0.3236569760600248,0.3339780210399362,0.3430618948182105,0.35104896590081747,0.35806610008929174,0.3642271780686695,0.36963388732221825,0.3743766580024417,0.37853565400543565,0.3821817621370451,0.3853775435716876,0.38817812681385766
0.008617234468937918,0.04732839880770987,0.08391142151266924,0.11806015884954488,0.14959111721968898,0.1784314587315615,0.2045998755660061,0.2281848360038324,0.2493235879509615,0.26818388627612694,0.2849493164847687,0.29980825196556926,0.3129460396920825,0.3245398314300002,0.33475544785280725,0.34374573337619846,0.3516499565529717,0.35859391078760683,0.3646904602074792,0.37004034738116426,0.37473313645711376,0.37884820586718976,0.38245573553422346,0.38561765421862404,0.38838852719200134
0.011823647294589179,0.050376753762534865,0.08677224800209381,0.12071411934125262,0.15202841395374417,0.1806504840865047,0.20660549364347436,0.229986617974701,0.25093421156690915,0.2696178083839287,0.2862217463012233,0.3009344049005042,0.3139406285030941,0.32541674424031874,0.335527566002286,0.3444248491609976,0.3522467592734855,0.3591180172779509,0.3651504725571671,0.3704439256915375,0.3750870783376827,0.3791585272086866,0.38272774909513724,0.3858560439583359,0.38859741723409047
0.015030060120240551,0.05342176439378035,0.08962710258718935,0.1233602229262018,0.15445665865489058,0.18285985047297765,0.20860131165101437,0.23177880293524414,0.25253567741412447,0.2710431596792279,0.28748627189054526,0.3020533501807553,0.31492870185624805,0.3262878069678367,0.3362944590408721,0.3450993171616606,0.35283944101739306,0.3596384791001032,0.36560726789554376,0.37084466892059476,0.37543852482742174,0.3794666543174392,0.3829978347544206,0.38609274086746215,0.3888048216057969
0.018236472945891813,0.05646344647161581,0.09247602508651577,0.12599853546767156,0.15687594056078538,0.18505966514866545,0.21058744856923767,0.23356151556493238,0.25412811079311437,0.27246006219991425,0.28874300931573005,0.3031651961912395,0.3159103595531172,0.3271531105159855,0.3370562090707171,0.34576921104524777,0.3534280675451194,0.3601553547215629,0.3660608980429519,0.3712426228841179,0.37578751635479535,0.3797726228135131,0.38326602385766895,0.3863277725036048,0.38901076451599864
0.021442885771543074,0.05950181599678616,0.09531905552791312,0.12862912279641833,0.1592863485028775,0.18725003455654954,0.21256402219574672,0.23533487907507628,0.2557116353486602,0.2738686362331907,0.28999207287149126,0.3042700495896931,0.31688569974994474,0.32801274425024,0.33781289677701193,0.3464346031877521,0.3540127034507731,0.36066870156318787,0.3665114138853304,0.37163783256704275,0.37613409261182923,0.38007646766582753,0.38353234717586404,0.3865611659180672,0.3892152697280093
0.024649298597194447,0.06253688919836395,0.09815623414318767,0.13125205070515814,0.16168797090471468,0.1894310643301879,0.2145311491587665,0.23709901523049426,0.2572863730980722,0.27526900034845636,0.29123357511978754,0.3053680153431103,0.3178548189936376,0.3288667960326939,0.33856460146050915,0.3470955647042061,0.35459341218967744,0.36117857602413506,0.36695886539664374,0.3720303421435163,0.3764782925719671,0.3803782232079984,0.383796834919393,0.38679294766823313,0.38941836057049045
0.027855711422845708,0.06556868253150902,0.10098760136289404,0.13386738494324618,0.16408089578047672,0.19160285929914517,0.216488944930759,0.23885404437095034,0.25885244445900113,0.27666127142956887,0.29246762692459527,0.30645919676334865,0.3188178122568914,0.32971535225576626,0.3393114010692039,0.34775216547799187,0.35517025610516184,0.3616850335061223,0.36740330166069457,0.37242019499639933,0.37682015450743117,0.38067792315374027,0.3840595167516763,0.3870231438295989,0.38962005994805854
0.03106212424849708,0.0685972126752377,0.1038131978112149,0.1364751912115521,0.1664652107337325,0.19376552349456813,0.21843752384201742,0.24060008543236427,0.2604099682768173,0.27804556470649705,0.2936943374859485,0.3075436955419234,0.31977477297247137,0.33055849787506786,0.34005337222920234,0.3484044741893841,0.3557432964546398,0.3621881284370357,0.3678447708923434,0.3728074337362327,0.37715971600610304,0.38097560061183966,0.384320421802414,0.38725178000746824,0.3898203903515919
0.03426853707414834,0.0716224965301986,0.10663306430093378,0.139075535157523,0.16884100295640805,0.19591916015489386,0.22037699909423178,0.24233725596778924,0.261959061851555,0.2794219937863756,0.2949138143732568,0.30862161178400815,0.32072579306667004,0.33139631644144707,0.3407905902747981,0.34905255834334414,0.35631259343499244,0.36268791429390035,0.36828332045814943,0.37319210021968485,0.37749701398793944,0.3812712881007148,0.38457957868046544,0.3874788813483226,0.39001937386825297
0.0374749498997996,0.07464455121645941,0.10944724182850535,0.1416684823704361,0.1712083592279647,0.19806387173168793,0.22230748277402335,0.2440656721681619,0.2634998409644377,0.2807906706839757,0.296126163557926,0.3096930440416685,0.3216709629919689,0.3322288901322432,0.3415231292777825,0.34969648429659206,0.3568782062072805,0.3631844436252367,0.36871899689645504,0.37357423556749686,0.3778320847209385,0.3815650175625742,0.3848370154863728,0.3877044725508752,0.39021703219123005
0.040681362725450976,0.07766339407130199,0.11225577156921895,0.14425409837683442,0.1735673659147782,0.20019975989560362,0.22422908586644238,0.24578544888282078,0.2650324199039822,0.28215170585160054,0.29733148944529025,0.3107580893463427,0.32261037175892204,0.33305629978176915,0.3422510620760138,0.35033631728397857,0.35744019292080903,0.3636777680728236,0.3691518459369315,0.3739538801819429,0.378164963836673,0.38185682037719054,0.3850927598245432,0.38792857787682483,0.3904133866292137
0.04388777555110224,0.0806790426470276,0.11505869487245725,0.14683244863614317,0.17591810896971397,0.2023269255424558,0.226141918268425,0.2474966996397961,0.26655691149169203,0.2835052082084202,0.298529894905879,0.3118168432405928,0.32354410696728575,0.33387862491104353,0.3429744603012609,0.3509721214441747,0.3579986107365579,0.36416793839288053,0.36958191251959904,0.3743310737638186,0.3784956863454002,0.38214672737529637,0.38534683881509524,0.3881512211613099,0.39060845811560996
0.0470941883767535,0.08369151470877342,0.11785605325704904,0.14940359853646476,0.17826067393189235,0.20444546879940312,0.22804608880220462,0.2491995366658698,0.26807342710734383,0.2848512851692539,0.2997214813060283,0.31286939980914297,0.3244722548364131,0.3346959437567963,0.34369339440635027,0.3516039598447042,0.3585535158500047,0.36465500447669463,0.3700092408133428,0.37470585532897477,0.3788242866507665,0.3824347688516197,0.3855992791053856,0.3883724258230826,0.3908022672175044
0.05030060120240487,0.08670082823233884,0.12064788840671517,0.15196761339054735,0.18059514592663797,0.20655548903123297,0.2299417052286752,0.25089407090640786,0.26958207671387613,0.2861900426728153,0.300906348537857,0.3139158517092253,0.325394900234936,0.3355083332997683,0.34440793369163225,0.3522318945063356,0.3591049635133537,0.36513901537070453,0.3704338742339373,0.3750782632244097,0.3791507985641155,0.3827209745775666,0.38585010688122284,0.3885922148744035,0.39099483414438063
0.05350701402805613,0.08970700140202342,0.1234342421656076,0.1545245584319253,0.18292160966560783,0.20865708484674172,0.23182887426070137,0.2525804120449635,0.271082968881881,0.2875215852094267,0.3020845950486193,0.3149562902002489,0.32631212670975107,0.33631586929232377,0.34511814633078813,0.352855986426855,0.35965300805719264,0.36562001929606047,0.37085585546159705,0.37544833514393555,0.3794752553184174,0.383005373813566,0.3860993478777819,0.3888106109306725,0.3911861787566059
0.056713426853707505,0.09271005260847706,0.12621515653394175,0.15707449881122842,0.18524014944709294,0.2107503541052069,0.23370770157637372,0.25425866852265555,0.27257621081371053,0.28884601584821745,0.30325631786945034,0.31599080517281175,0.32722401651433236,0.33711862628539646,0.3458240993959983,0.3534762956042376,0.3601977029115927,0.36609806366767617,0.3712752264580652,0.37581610814342936,0.3797976895818253,0.3832879953210834,0.38634702739022364,0.3890276362197996,0.3913763205736864
0.059919839679358766,0.09571000044656099,0.1289906736637196,0.159617499592655,0.1875508491564867,0.21283539392294237,0.2355782918322034,0.25592894755731854,0.2740619083671988,0.2901634362638135,0.30442161264351814,0.3170194851770699,0.3281306506363842,0.3379166776547869,0.34652585888248605,0.35409288105923353,0.3607391006266677,0.36657319511278635,0.3716920284832578,0.37618161865568445,0.38011813347087503,0.38356886737431645,0.3865931702840339,0.3892433125913256,0.3915652787823024
0.06312625250501003,0.09870686371322256,0.13176083585454568,0.16215362575060907,0.1898537922669178,0.21491230067993577,0.2374407486762571,0.2575913551624307,0.27554016607901044,0.2914739467625322,0.30558057365359714,0.3180424174504847,0.329032108824859,0.33871009562683324,0.34722348973246403,0.35470580085739223,0.36127725289261337,0.36704545948902995,0.37210630211147555,0.3765449025048734,0.38043661856333877,0.3838480177715831,0.38683780100508813,0.3894576615253021,0.3917530722441303
0.0663326653306614,0.10170066140538186,0.1345256855495333,0.1646829421664954,0.19214906184003905,0.2169811700265586,0.23929517476122558,0.25924599616581734,0.27701108718761724,0.29277764630808933,0.30673329384907577,0.31905968794495837,0.3299284696163495,0.3394989513034665,0.34791705585848914,0.355315112130533,0.3618122105592366,0.3675149019020676,0.37251808724719704,0.3769059949206355,0.3807531759107412,0.38412547384640927,0.3870809435894512,0.3896707041409358,0.39193971950345774
0.06953907815631266,0.10469141271783149,0.13728526533130078,0.1672055136256711,0.1944367405269699,0.2190420968903469,0.24114167175742585,0.2608929742281323,0.2784747736559111,0.29407463254683003,0.30787986487241153,0.32007138135337815,0.3308198103608789,0.34028331468667494,0.34860662016625327,0.35592087109768644,0.362344023654995,0.367981566722752,0.37292742314046573,0.3772649305517989,0.3810678360505512,0.38440126247832795,0.38732262167292053,0.38988246120500664,0.39212523879459754
0.07274549098196392,0.10767913704115069,0.14003961791805866,0.16972140481455145,0.19671691056938703,0.22109517548284754,0.24298034036573404,0.26253239186112004,0.27993132619345945,0.29536500183249487,0.3090203770850494,0.32107758113558404,0.3317062072471028,0.3410632547023895,0.34929224457682073,0.3565231330855166,0.36287274140555814,0.3684454976038628,0.3733343484018846,0.37762174347975,0.38138062901805797,0.3846754101033973,0.38756285850031974,0.3900929531400649,0.3923096480491079
0.0759519038076153,0.11066385395963217,0.142788786159785,0.17223068031786487,0.19898965380075712,0.22314049930652405,0.2448112803304462,0.2641643504456581,0.28138084427840726,0.29664884925052626,0.3101549195928103,0.3220783695437705,0.3325877353269363,0.34183883922380714,0.34997399004832874,0.3571219525482421,0.3633984122519066,0.36890673749641906,0.3737389010172284,0.3779764672314614,0.3816915843579413,0.3849479427244476,0.38780167693455314,0.39030220003241706,0.39249296490282537
0.07915831663326656,0.11364558324922341,0.14553281303448926,0.17473340461605635,0.20125505164770957,0.22517816116171954,0.2466345904520656,0.26578895024958343,0.2828234261790333,0.2979262686419315,0.31128358027076974,0.3230738276473426,0.3334644685396272,0.3426101350941706,0.350651916597169,0.3577173830870705,0.3639210838679816,0.3693653286655834,0.3741411183616866,0.37832913479218594,0.38200073113554533,0.3852188859210635,0.3880390994654239,0.39051022163990223,0.3926752067027135
0.08236472945891793,0.11662434487548332,0.14827174164456527,0.17722964208283593,0.2035131851315432,0.22720825315367185,0.24845036860001515,0.2674062904453029,0.2842591689749656,0.29919735262670527,0.3124064457876327,0.3240640353572364,0.33433647973528535,0.34337720814901623,0.3513260833186629,0.3583094774691597,0.36444080317790023,0.3698213127061688,0.37454103721374854,0.37867977861783203,0.3823080979478664,0.38548826485931315,0.3882751482182298,0.3907170373994728,0.3928563905135386
0.08557114228456919,0.1196001589915516,0.1510056152132297,0.17971945698286823,0.20576413486986214,0.22923086669957618,0.2502587117252717,0.2690164691271908,0.2856881685780611,0.3004621926268249,0.3135236016296195,0.32504907144971873,0.33520384069788556,0.3441401232379068,0.351996548407245,0.35889828764612003,0.3649576163727464,0.3702747305577605,0.3749386937687402,0.37902843064702474,0.3826137129342615,0.38575610430122775,0.3885098449621362,0.3909226664345774,0.39303653312437054
0.08877755511022045,0.12257304593613548,0.15373447708104848,0.18220291346960227,0.20800798107833882,0.23124609253569303,0.25205971587292264,0.2706195833287754,0.2871105197529574,0.3017208788888264,0.31463513212387395,0.32602901358968,0.33606662216775707,0.344898944245664,0.35266336917617114,0.35948386477207167,0.36547156892695287,0.37072562251946484,0.37533412365202395,0.37937512231286563,0.382917603786887,0.38602242861404246,0.3887432111183386,0.39112712756235823,0.39321565105492073
0.09198396793587182,0.12554302623150995,0.15645837070254862,0.18468007558323754,0.21024480357259792,0.2332540207244965,0.2538534761946423,0.27221572903971575,0.28852631613729984,0.3029735005059701,0.3157411204614049,0.3270039383534324,0.33692489386357444,0.3456537341131125,0.35332660207676136,0.3600662592212686,0.36598270561428503,0.3711740282642956,0.3757273619318723,0.3797198845543997,0.383219797760877,0.38628726177920536,0.388975267768019,0.39133043930066586,0.39339376056171826
0.09519038076152309,0.1285101205815338,0.15917733964291456,0.18715100724882328,0.21247468177021767,0.23525474066185928,0.2556400869610864,0.2738050012225709,0.2899356502616504,0.30422014544000303,0.31684164871957193,0.3279739212510253,0.33777872450386065,0.3464045548573507,0.35398630271719345,0.36064552060530314,0.3664910705234375,0.37161998685320796,0.3761184431320224,0.3800627478277967,0.3835203216842659,0.3865506274011591,0.38920603566010126,0.3915326198748965,0.3935708776441296
0.09839679358717435,0.13147434986968287,0.16189142757477074,0.18961577227449114,0.21469769469284694,0.23724834108427348,0.2574196415742059,0.27538749382936556,0.29133861356908564,0.3054609005425308,0.317936797884127,0.3289390367480934,0.3386281818280196,0.3471514675915619,0.35464252588085915,0.36122169778990204,0.36699670707325743,0.3720635367487938,0.37650740124392557,0.38040374211725814,0.38381920196766717,0.38681254871590615,0.3894355352188145,0.39173368722465995,0.3937470180502298
0.10160320641282572,0.13443573515709714,0.16460067827504582,0.1920744343498138,0.21691392096843007,0.23923491007609995,0.25919223257947566,0.2769632998179512,0.29273529643448615,0.3066958515760024,0.3190266478708216,0.3298993582872449,0.3394733326169069,0.34789453254437636,0.35529532554429494,0.36179483891132735,0.36749965802760226,0.3725047158286436,0.37689426973869644,0.38074289694565633,0.38411646461371235,0.3870730485993609,0.3896637865510685,0.39193365901028066,0.39392219728252464
0.10480961923847698,0.13739429768064557,0.1673051356219213,0.1945270570442919,0.2191234388335399,0.2412145350768468,0.2609579516780396,0.2785325111681667,0.2941257881835244,0.30792508323431894,0.3201112775465898,0.33085495830900474,0.34031424271295185,0.348633809078798,0.3559447548946992,0.36236499139239114,0.36799996550984376,0.3729435613983872,0.37727908157877227,0.3810802413849126,0.3844121352262584,0.38733214957549594,0.38989080945364507,0.3921325526191374,0.3940964306035322
0.10801603206412835,0.1403500588510077,0.1700048435918628,0.1969737038059645,0.2213263261358144,0.2431873028884731,0.26271688973877305,0.2800952188978031,0.29551017711135896,0.3091486791630756,0.3211907647503192,0.33180590827232415,0.3411509770398462,0.349369355710709,0.35659086634704984,0.3629322019580985,0.3684976710170317,0.3733801102044254,0.37766186922929335,0.3814158040661263,0.38470623901937173,0.38758987382429033,0.3901166234202162,0.39233038517184793,0.39426973304122714
0.11122244488977961,0.1433030402507699,0.1726998462567309,0.19941443796013908,0.22352266033649046,0.24515329968271324,0.26446913681025547,0.2816515130783676,0.2968885505010343,0.3103667219794406,0.32226518631321616,0.33275227867466467,0.34198359962180447,0.35010123012696037,0.3572337115608289,0.3634965166509249,0.36899281543372014,0.37381439844635533,0.3780426646692078,0.3817496131894569,0.38499880082609356,0.38784624318948274,0.3903412476481876,0.39252717352830174,0.3944421193943505
0.11442885771543088,0.1462532636325412,0.1753901877809756,0.20184932270824282,0.22571251851303684,0.2471126110084221,0.26621478213266125,0.2832014828506591,0.29826099464159833,0.3115792932916831,0.32333461807877784,0.3336941390716715,0.34281217360241434,0.3508294892030636,0.3578733414563708,0.3640579808457439,0.36948543904547415,0.3742464617891044,0.37842149940211395,0.3820816965337711,0.38528984510699404,0.38810127918613857,0.39056470104537905,0.39272293429354665,0.39461360423759095
0.11763527054108225,0.1492007509170846,0.1780759124189088,0.20427842112678907,0.2278959773618792,0.2490653217989374,0.2679539141495624,0.28474521644014894,0.29962759484593865,0.31278647371835644,0.32439913492238004,0.33463155809644335,0.3436367612630832,0.351554189020492,0.3585098062308398,0.36461663926440974,0.36997558155205973,0.37467633537477857,0.3787984044668445,0.382412081466058,0.3855793959585218,0.38835500300803366,0.39078700223654095,0.39291768382353187,0.39478420192664015
0.12084168336673351,0.1521455241914651,0.18075706451205636,0.20670179616645679,0.23007311320121357,0.2510115163794547,0.2696866205196434,0.2862828011721735,0.30098843546834236,0.31398834290714145,0.3254588107704881,0.3355646034784103,0.34445742404109314,0.3522753848836035,0.3591431553738511,0.3651725359900088,0.3704632820803297,0.3751040538342328,0.3791734104478017,0.3827407949506227,0.38586747712115377,0.3886074355348623,0.391008169569716,0.39311143823071404,0.3949539266031259
0.12404809619238477,0.1550876057072174,0.18343368848659025,0.20911951065128495,0.23224400197391007,0.2529512784744175,0.27141298812833187,0.2878143234869415,0.30234359992178866,0.3151849795533627,0.32651371861950257,0.33649334206183007,0.3452742225472749,0.35299313133619364,0.35977343768274195,0.36572571448078683,0.3709485791968131,0.3755296512983738,0.3795465474850506,0.3830678635580625,0.3861541119873536,0.38885859733927375,0.3912282211224495,0.3933042133895289,0.39512279219942803
0.12725450901803614,0.1580270178785291,0.1861058288508366,0.21153162727797342,0.23440871925049783,0.2548846912149158,0.2731331030993399,0.2893398689543569,0.30369317069497487,0.3163764614181804,0.327563930554247,0.33741783982391227,0.3460872165833117,0.3537074821776925,0.36040070127750545,0.36627621758376216,0.3714315109200168,0.37595316140920104,0.37991784528417705,0.3833933134740324,0.3864393236093405,0.38910850869374203,0.3914471747078517,0.39349602494173325,0.39529081244337927
0.1304609218436874,0.16096378328044217,0.18877353019286153,0.2139382086152928,0.23656734023223241,0.2568118371460931,0.274847050806119,0.2908595222886593,0.30503722936908256,0.3175628653464647,0.3286095177661047,0.3383381618925778,0.34689646515867917,0.3544184904790093,0.36102499361539414,0.3668240875480333,0.37191211473244623,0.37637461733059335,0.3802873331259165,0.38371717050780635,0.38672313470667735,0.389357189577274,0.3916650478805158,0.3936868883016187,0.3954580008628534
0.13366733466933867,0.16389792464707298,0.19143683717813395,0.21633931710359938,0.23871993975424163,0.25873279823456,0.2765549158832281,0.2923733673628861,0.3063758566342892,0.31874426728436406,0.3296505505708168,0.33925437256386654,0.3477020265072359,0.35512620859804084,0.3616463615052045,0.3673693660377904,0.3723904275923567,0.376794051758851,0.38065503987556326,0.3840394601006415,0.38700556767368244,0.38960465968196206,0.39188185794230135,0.3938768186611068,0.3956243707902482
0.13687374749499004,0.1668294648698505,0.19409579454726333,0.2187350150544533,0.24086659228874757,0.2606476558758127,0.27825678223761524,0.29388148722316004,0.3077091323060308,0.31992074229657047,0.3306870984259475,0.34016653531900004,0.3485039581034707,0.3558306881948479,0.36226485112125023,0.36791209414503806,0.3728664859452394,0.3772114969329979,0.3810209939921633,0.3843602073339486,0.38728664458667,0.3898509384193839,0.3920976219479788,0.39406583099472203,0.3957899353668623
0.1400801603206413,0.1697584269957707,0.19675044711381115,0.2211253646503363,0.2430073719483606,0.26255649090165223,0.27995273305981005,0.2953839641027987,0.30903713534101684,0.32109236458328727,0.33171922994802244,0.3410747128411068,0.3493023166784157,0.35653198024651134,0.36288050801703176,0.36845231240203696,0.37334032573505027,0.3776269846448499,0.38138522353749754,0.38467943693727613,0.3875663872110231,0.3900960449268539,0.3923123567107456,0.3942539400644503,0.3959547075471684
0.14328657314629267,0.17268483422567232,0.19940083976217854,0.22351042794447112,0.2451423524894462,0.26445938358760845,0.2816428508350334,0.2968808794362577,0.31035994385300747,0.32225920749691145,0.33274701292935277,0.3419789670316212,0.3500971582352358,0.35723013506167517,0.3634933771386134,0.36899006079347507,0.37381198241519165,0.3780405462488601,0.3817477561848634,0.3849971732961125,0.38784481700810575,0.39033999807353253,0.3925260788076152,0.3944411604244861,0.3961187001029915
0.14649298597194393,0.1756087099125282,0.20204701744556508,0.22589026686073482,0.24727160731555814,0.2663564136603595,0.2833272173542175,0.29837231387290103,0.31167763512835345,0.3234213435584309,0.3337705143545488,0.3428793590263637,0.350888538064501,0.3579252022947861,0.3641035028377131,0.36952537876837177,0.37428149095925023,0.3784522126717429,0.3821086192276587,0.38531344045951293,0.3881219551420192,0.3905828164663961,0.3927388045846827,0.39462750642587086,0.39628192562758874
0.1496993987975952,0.178530077559757,0.20468902518400137,0.22826494319366977,0.24939520948093932,0.26824766030515224,0.285005913724942,0.29985834729060784,0.3129902856413054,0.32457884447354657,0.3347898004167317,0.34377594921130844,0.35167651075915185,0.35861723096003667,0.36471092888451434,0.37005830525172634,0.3747488858715007,0.37886201442188566,0.38246783958777386,0.38562826214755436,0.3883978224862036,0.390824518456071,0.392950550162271,0.39481299222102445,0.3964443965396361
0.15290581162324657,0.18144896081955297,0.20732690806245255,0.23063451860858614,0.2515132316940862,0.27013320217321907,0.28667902038228427,0.301339058809214,0.31429797106909607,0.32573178114852525,0.33580493653345145,0.3446687972380497,0.3524611302291647,0.3593062694450218,0.36531569848020823,0.3705888786559157,0.37521420119718046,0.37926998159855424,0.382825443823799,0.38594166175862443,0.3886724396298943,0.39106512214253775,0.3931613314399613,0.39499763176817654,0.3966061250871271
0.15611222444889783,0.1843653834912337,0.20996071122899249,0.2329990546417554,0.2536257463213733,0.2720131173891889,0.28834661709958415,0.30281452680379367,0.31560076630680206,0.3268802237057866,0.33681598736231644,0.34555796203897043,0.3532424497159244,0.359992365524113,0.3659178542692713,0.37111713689184833,0.37567747053254225,0.3796761439008961,0.38318145813904936,0.38625366237654934,0.38894582688443213,0.39130464538070586,0.39337116410150985,0.39518143883569606,0.396767123351181
0.1593186372745491,0.18727936951960786,0.21259047989304922,0.2353586127006947,0.2557328253907405,0.27388748355849446,0.2900087829991258,0.304284828917782,0.3168987454819861,0.3280242414992348,0.33782301681634397,0.3464435018421254,0.35402052180631466,0.3606755663715633,0.366517438351489,0.37164311737988326,0.37613872703469114,0.3800805306367494,0.38353590838941604,0.38656428677756477,0.3892180042894368,0.39154310578586776,0.3935800636196572,0.39536442700632635,0.39692740324976805
0.16252505010020046,0.1901909429933611,0.2152162593237182,0.23771325406453725,0.2578345405954348,0.27575637777477174,0.29166559656273466,0.3057500420759424,0.31819198196912807,0.3291639031293361,0.33882608807903586,0.34732547418584214,0.3547953984465299,0.3613559185743436,0.3671144922937283,0.37216685706051716,0.3765980034312105,0.38048317073126103,0.3838888200910457,0.38687355743713336,0.3894889916188416,0.3917805207390293,0.3937880452608284,0.395546609681324,0.3970869765413505
0.16573146292585172,0.19310012814346048,0.21783809484814534,0.24006303988448932,0.2599309632978099,0.2776198766272517,0.29331713564229117,0.3072102424971793,0.3194805484038455,0.330299276457951,0.3398252636191882,0.34820393593304894,0.35556713095561904,0.3620334681447243,0.36770905714147106,0.37268839240485063,0.37705533202958724,0.38088409273532225,0.3842402184278557,0.3871814965366174,0.3897588083868001,0.39201690739212686,0.3939951240897335,0.39572800008450953,0.39724585482844493
0.1689378757515031,0.1960069493415792,0.22045603184997745,0.24240803118437101,0.2620221645331785,0.27947805620814403,0.2949634774701633,0.3086655057072022,0.32076451669691153,0.3314304286229258,0.34082060520544,0.34907894328533634,0.3563357700387661,0.36270826053260313,0.3683011734301095,0.3732077594248343,0.37751074472643403,0.3812833248338222,0.3845901282588864,0.3874881259698034,0.39002747385346165,0.392252282673128,0.3942013149738641,0.39590861126622684,0.3974040495611049
0.17214428857715436,0.19891143109853862,0.22307011576787913,0.24474828886123934,0.2641082150137171,0.2813309921200105,0.29660469866955624,0.3101159065510392,0.3220439580480709,0.3325574260524484,0.3418121739205682,0.34995055179675916,0.3571013658003163,0.3633803406375907,0.3688908811960144,0.3737249936833064,0.3779642730165242,0.38168089485373097,0.38493857412550003,0.38779346734929176,0.39029500703062603,0.3924866632910254,0.3944066325878963,0.396088456107219,0.3975615720403296
0.17535070140280562,0.20181359806277094,0.22568039209411717,0.24708387368609228,0.26618918513242135,0.28317875948312926,0.29824087526478216,0.3115615192054079,0.3233189429596611,0.33368033447917506,0.3428000301755347,0.35081881638738505,0.35786396775655266,0.3640497528208575,0.3694782199873802,0.3742401303038236,0.37841594800163525,0.38207683027200995,0.38528558025842474,0.3880975420127465,0.3905614266872742,0.3927200657407205,0.3946110914179961,0.39626754732241937,0.3977184334213982
0.178557114228457,0.2047134750188001,0.22828690637320972,0.24941484630465238,0.2682651449671097,0.28502143294284693,0.29987208269144977,0.3130024171909406,0.3245895412500416,0.33479921895413267,0.3437842337232925,0.35168379135659794,0.358623624848232,0.3647165409167505,0.370063228874854,0.3747532039802925,0.378865800399213,0.3824711582233607,0.3856311705846534,0.3884003710290174,0.3908267513549851,0.39295250630780654,0.39481470576603467,0.3964458974646618,0.3978746447171321
0.18176352705410825,0.2076110868857414,0.23088970420063973,0.25174126723822593,0.2703361642844737,0.28685908667691923,0.30149839580657406,0.31443867338427006,0.32585582206683344,0.33591414386040075,0.3447648436723541,0.3525455303961587,0.35938038545288287,0.36538074824418293,0.3706459464619532,0.37526424898640715,0.3793138605508575,0.3828639055078118,0.3859753687341977,0.3887019752041303,0.3910909993332358,0.3931840010732475,0.3950174897537137,0.3966235189283124,0.3980302168010893
0.18496993987975952,0.21050645871582144,0.23348883122163344,0.25406319688464096,0.2724023125441755,0.28869179440283993,0.30311988889860897,0.31587036002997865,0.3271178538999784,0.33702517292658085,0.3457419185001328,0.3534040866030349,0.3601342973968775,0.36604241761780815,0.37122641089528,0.37577329918489877,0.37976015843063826,0.3832550985981526,0.38631819804670375,0.38900237508715646,0.3913541886945942,0.39341456591796303,0.39521945732660557,0.3968004239528259,0.3981851604106908
0.1881763527054109,0.21339961569291677,0.23608433313000224,0.25638069551925796,0.2744636589029878,0.29051962938515663,0.30473663569740195,0.3172975487524101,0.3283757045946148,0.3381323692400564,0.3467155160660572,0.354259512492,0.36088540796727636,0.366701591358977,0.37180465987453415,0.3762803880365995,0.3802047236532408,0.3836447636472136,0.38665968157793157,0.3893015909759581,0.39161633728980044,0.3936442165273136,0.3954206222581066,0.39697662462622524,0.3983394861502815
0.19138276553106215,0.21629058313111083,0.23867625566704573,0.2586938232960539,0.276520272218977,0.2923426644427731,0.30634870938407305,0.3187203105673502,0.3296294413637798,0.33923579526004743,0.34768569362446866,0.3551118600080122,0.3616337639234595,0.36735831130649155,0.37238073066233557,0.3767855486093317,0.3806475854819529,0.384032926495003,0.3869998421061041,0.3895996429228198,0.3918774627527486,0.39387296839549757,0.3956209981533119,0.3971521328885118,0.39849320449412723
0.19458917835671352,0.21917938647327176,0.24126464462051822,0.26100264024877823,0.2785722210557286,0.2941609719562385,0.3079561826008177,0.3201387158935762,0.33087913080093884,0.3403355128304687,0.348652507837306,0.355961180538377,0.36237941150854375,0.368012618827155,0.3729546600938561,0.37728881358662086,0.38108877283649156,0.384419612675699,0.387338702138128,0.38989655073996293,0.39213758250536346,0.39410083682985597,0.3958205984528089,0.3973269605350043,0.39864632578935144
0.19779559118236478,0.2220660512896473,0.2438495458236551,0.2633072062921785,0.2806195736866107,0.29597462387502105,0.309559127460636,0.3215528345642787,0.33212483889234556,0.3414315831925889,0.34961601478657994,0.3568075249246968,0.36312239646059363,0.3686645548261254,0.37352648458626814,0.37779021527624057,0.3815283143006768,0.38480484742450405,0.38767628391568987,0.3901923340049516,0.3923967137623804,0.3943278369550904,0.39601943643639376,0.3975011192196096,0.39879886025881056
0.20100200400801604,0.2249506032764812,0.24643100515426059,0.26560758122329664,0.28266239809907984,0.2977836917247704,0.3111576155569894,0.32296273583835966,0.3333666310292405,0.34252406699750587,0.35057626998664904,0.3576509434746196,0.3638627640236345,0.3693141597570806,0.37409624014801757,0.3782897856185951,0.3819662381299572,0.385188655684365,0.38801260942123283,0.3904870120659895,0.39265487353602957,0.394553983717397,0.39621752522671383,0.39767462045802776,0.39895081800391174
0.20420841683366742,0.22783306825464694,0.24900906853385474,0.26790382472283036,0.28470076199902045,0.2995882466145623,0.3127517179733842,0.3243684884116059,0.33460457201988575,0.3436130243184315,0.35153332839629453,0.35849148597338376,0.36460055895846843,0.3699614736321962,0.37466396238792166,0.3787875561949421,0.3824025722587904,0.3855710621125628,0.38834770038381583,0.39078060404711384,0.3929120786406276,0.39477929188851807,0.3964148777928373,0.39784747563089345,0.39910220900737464
0.20741482965931868,0.23071347216830093,0.2515837819268785,0.27019599635656233,0.2867347328151237,0.3013883592441292,0.31434150529288435,0.3257701604277427,0.33583872610144266,0.3446985146627974,0.352487244430604,0.35932920169516985,0.3653358255532999,0.3706065360319423,0.3752296865240977,0.3792835582354586,0.38283734430788063,0.3859520910871732,0.38868157828485717,0.39107312885328527,0.3931683456970777,0.3950037760697125,0.3966115069537513,0.39801969598685405,0.3992530431359373
0.21062124248496994,0.23359184108355588,0.2541551913399593,0.2724841555768545,0.28876437770330127,0.3031840999110781,0.3159270476075557,0.32716781948937146,0.3370691569516995,0.345780596984187,0.35343807197266924,0.3601641394142644,0.3660686076341795,0.37124938611470754,0.3757934473927318,0.37977782262716053,0.3832705815912843,0.3863317667134079,0.38901426436377134,0.3913646051753827,0.39342369113728426,0.39522745069565063,0.39680742538179253,0.3981912926455881,0.39940333014300927
0.2138276553106213,0.23646820118717202,0.25672334282123155,0.2747683617242058,0.2907897635511336,0.3049755385180906,0.3175084145278404,0.3285615326687904,0.338295927700645,0.3468593296940917,0.35438586438509945,0.3609963474160375,0.36679894857526546,0.3718900626262495,0.3763552794566844,0.38027037992167234,0.3837023111233775,0.38671011282983203,0.3893457796234949,0.39165505149509905,0.3936781312084804,0.39545033003823216,0.3970026456060109,0.39836227660076473,0.3995530796712737
0.21703406813627257,0.23934257878526766,0.2592882824597162,0.2770486740288727,0.29281095698235143,0.3067627445801093,0.319085675191864,0.32995136651870255,0.33951910094189774,0.3479347706735019,0.3553306745213571,0.36182587350774104,0.36752689130891075,0.37252860390898074,0.3769152168139436,0.3807612603428566,0.38413255962569776,0.38708715301446744,0.38967614483590973,0.3919444860897463,0.39393168197747436,0.3956724282103316,0.3971971800154681,0.3985326587229459,0.3997023012552374
0.22024048096192395,0.24221500030204918,0.2618500563847551,0.27932515161255106,0.29482802436135064,0.3085457872315092,0.32065889827467764,0.33133738708281474,0.34073873874399224,0.34900697728433394,0.3562725547369211,0.36265276502913396,0.3682524783355823,0.37316504791109373,0.377473293205928,0.38125049379430537,0.38456135353365883,0.38746291059078214,0.3900053805471645,0.3922329270369682,0.3941843593348145,0.39589375916947256,0.39739104086247407,0.39870244976243346,0.3998510043237344
0.2234468937875752,0.2450854922785596,0.2644087107655018,0.2815978534901189,0.2968410317977383,0.31032473523325355,0.32222815199743365,0.3327196599063275,0.3419549026615253,0.35007600638069736,0.3572115569002809,0.36347706886293535,0.36897575173361163,0.3737994321955282,0.378029542025643,0.3817381098666967,0.3849887190031443,0.3878374086335702,0.39033350708289793,0.3925203922193676,0.39443617899887723,0.39611433672143254,0.39758424026576183,0.3988716603520622,0.39999919820237956
0.22665330661322647,0.2479540813714461,0.2669642918104664,0.2838668385714388,0.2988500451509115,0.3120996569800359,0.32379350413650015,0.33409825004632127,0.34316765374616715,0.3511419143200088,0.35814773240376707,0.3642988314451149,0.36969675316878814,0.3744317939487863,0.37858399632569534,0.38222413784502207,0.38541468191698286,0.38821066997472514,0.39066054455336735,0.39280689932904694,0.39468715651987957,0.3963341745237821,0.3977767902136039,0.3990403010099414,0.4001468921159793
0.22985971943887784,0.2508207943517467,0.2695168457671155,0.28613216566321686,0.30085513003466324,0.3138706205074048,0.3253550220325087,0.3354732220820363,0.3443770525575376,0.3522047569739507,0.35908113217421966,0.36511809877501855,0.37041552390379234,0.37506216998959907,0.3791366888261691,0.3827086067156849,0.385839267891307,0.3885827172089078,0.3909865128584814,0.39309246587206537,0.3949373072838159,0.3965532860893566,0.39796870256687006,0.3992083821421441,0.4002940951908939
0.2330661322645291,0.25368565810369426,0.2720664189215246,0.28839389347092137,0.3028563518218215,0.31563769349887744,0.3269127725993467,0.3368446401250558,0.3455831591739557,0.35326458973928787,0.3600118066835048,0.36593491642534254,0.37113210480748093,0.37569059677745037,0.3796876519223694,0.38319154517347964,0.38626250228180314,0.38895357269911734,0.3913114316927469,0.3933771091728182,0.395186646516327,0.39677168478966757,0.39815998906203076,0.3993759140453491,0.40044081645736007
0.23627254509018036,0.2565486996235422,0.27461305759808524,0.29065208060075637,0.3048537756489156,0.31740094329303664,0.32846682233308583,0.3382125678293895,0.34678603320306167,0.35432146754853666,0.3609398059588768,0.3667493295519517,0.3718465363640221,0.3763171104209598,0.3802369176924349,0.3836729816284487,0.38668441018985067,0.38932325858216127,0.3916353205501253,0.393660846378336,0.39543518928649735,0.39698938385825067,0.39835066131410507,0.39954290690943395,0.4005870648517693
0.23947895791583174,0.25940994601840545,0.2771568081592618,0.2929067855616905,0.3068474664208701,0.31916043689061335,0.330017237320854,0.33957706840145974,0.34798573379231523,0.3553754448804961,0.36186517959319403,0.36756138290355156,0.37255885868188704,0.37694174668612945,0.38078451790482304,0.3841529442126239,0.3871050164685564,0.3896917967740317,0.3919581987288049,0.3939436944625088,0.3956829505105855,0.3972063963939552,0.39854073081955727,0.399709370820022,0.4007328492189067
0.242685370741483,0.2622694245051219,0.2796977170054022,0.29515806676754136,0.3088374888157281,0.320916240961557,0.33156408324964953,0.3409382046099968,0.3491823196393759,0.35642657577064324,0.3627879767549918,0.3683711208312157,0.3732691115027026,0.37756454100445913,0.38133048402567415,0.384631460786656,0.38752434572868716,0.39005920897518964,0.3922800853358908,0.394225670230237,0.3959299449556899,0.397422735364175,0.39873020895914063,0.3998753157609836,0.40087817831414724
0.24589178356713426,0.26512716240913214,0.28223583057459894,0.2974059825391123,0.31082390728940157,0.3226684218520911,0.33310742541510086,0.3422960387958422,0.35037584900236585,0.3574749138213964,0.3637082461984167,0.3691785872977751,0.3739773342099694,0.37818552848093395,0.38187484722605586,0.38510855894633533,0.3879424223445039,0.3904255166757605,0.3926009992920153,0.39450679032151087,0.39617618724335135,0.3976384136080247,0.39891910700069405,0.40004075161689584,0.40102306080561867
0.24909819639278563,0.2679831871633778,0.28477119534260037,0.2996505911063831,0.31280678608044715,0.324417045591756,0.3346473287301701,0.34365063288166225,0.35156637971001825,0.35852051221224857,0.3646260362730231,0.36998382588706935,0.3746835658376469,0.3788047439018864,0.38241763838909154,0.3855842660290048,0.3883592704594973,0.3907907411606419,0.39292095933587,0.39478707121542117,0.39642169185309395,0.39785344383946053,0.3991074361018892,0.4002056881754575,0.4011675052763229
0.2523046092184369,0.2708375263072164,0.2873038578227712,0.30189195061075075,0.3147861892148696,0.3261621779004389,0.3361838577338065,0.3450020483815777,0.3527539691717185,0.3595634237097784,0.365541394933442,0.370786879813069,0.375387845078611,0.37942222174273793,0.3829588881169762,0.3860586091198711,0.38877491399203223,0.39115490351452725,0.39323998402866245,0.39506652923410146,0.3966664731259053,0.39806783865034795,0.3992952073129306,0.4003701351298639,0.4013115202262218
0.25551102204408827,0.2736902074853572,0.28983386456610394,0.30413011910732435,0.31676218051095073,0.3279038841953914,0.33771707659954564,0.34635034641070694,0.35393867438743426,0.3606037006775377,0.3664543697489192,0.37158779192886787,0.37609021029298934,0.38003799617562456,0.38349862673788554,0.38653161505821715,0.3891893766409018,0.39151802462685054,0.39355809175850165,0.39534518054660844,0.39691054526766223,0.3982816105134803,0.39948243157921265,0.4005341020811428,0.4014551140742907
0.2587174348697395,0.27654125844681277,0.29236126216127684,0.30636515456726665,0.3187348235841036,0.3296422295982354,0.3392470491440608,0.34769558769462866,0.3551205519575431,0.3616413950858209,0.36736500791272975,0.37238660473555074,0.37679069951637323,0.3806521010769056,0.3840368843127752,0.38700331044351405,0.38960268189078984,0.3918801251966464,0.39387530074470917,0.3956230411727345,0.39715392235249614,0.3984947717855451,0.3996691197439301,0.40069759854045,0.4015982951605338
0.2619238476953908,0.27939070704387026,0.2948860972347621,0.3085971148801885,0.320704181851753,0.33137727894195756,0.34077383883566503,0.3490378325787667,0.35629965809256053,0.3626765585213224,0.36827335625147467,0.3731833603909433,0.37748935046791615,0.3812645700345664,0.3845736906420828,0.3874737216414442,0.39001485301765404,0.3922412257373405,0.3941916290420661,0.39590012698676375,0.3973966183261078,0.3987073347100445,0.3998552825506483,0.40086063393132865,0.4017410717479703
0.26513026052104216,0.28223858123107914,0.2974084164509793,0.3108260578565898,0.322670318538239,0.3331090967778923,0.3422975088027658,0.3503771410376944,0.35747604862276555,0.36370924219667955,0.36917946123425727,0.3739781007182428,0.37818620055831736,0.3818754363555105,0.38510907527232674,0.38794287478982936,0.39042591309402125,0.39260134658145945,0.39450709454498967,0.3961764537211659,0.3976386470090271,0.3989193114201679,0.4000409306458317,0.4010232175919323,0.40188345202458614
0.2683366733466934,0.28508490906425804,0.2999282665124979,0.3130520412303506,0.32463329667974755,0.33483774738269606,0.3438181218422753,0.35171357268436787,0.3586497790077352,0.36473949695991065,0.37008336898174904,0.3747708672145351,0.378881286897695,0.3824847330727493,0.3856430675026095,0.38841079580447174,0.3908358849942059,0.3929605078852726,0.3948217149916474,0.39645203697023396,0.3978800220998238,0.3991307139416201,0.4002260745813315,0.40118535877721195,0.4020254441052557
0.2715430861723447,0.28792971869951817,0.30244569416028433,0.3152751226612682,0.32659317912926344,0.33656329476530983,0.34533574042797555,0.3530471867792849,0.3598209043457839,0.36576737330374665,0.37098512527514454,0.3755617010592048,0.37957464630335547,0.3830924929524926,0.3861756963910295,0.38887751038491086,0.3912447913994496,0.39331872963336206,0.3951355079680084,0.39672689219366525,0.39812075717826645,0.39934155419540507,0.40041072481683604,0.40134706666106984,0.4021670560336335
0.27474949899799606,0.2907730383923056,0.3049607461739963,0.31749535973764215,0.3285500285615491,0.33828580267391395,0.3468504267188411,0.3543780422395736,0.36098947938331344,0.36679292137486186,0.37188477556500993,0.37635064312223465,0.3802663153074569,0.383698748501139,0.38670699076100007,0.38934304402009556,0.3916526548029862,0.3936760316431261,0.39544849091183387,0.3970010347200902,0.398360865708436,0.3995518440005683,0.40059489172228285,0.40150835033847976,0.4023082957840168
0.2779559118236473,0.293614896496459,0.3074734693723214,0.3197128099789052,0.33050390747814673,0.3400053346028746,0.3483622425673216,0.355706197648015,0.36215555852407844,0.3678161909830087,0.37278236498003,0.37713773397240724,0.38095633016457586,0.38430353197217604,0.38723697920748357,0.3898074219939783,0.39205949751503444,0.3940324335692174,0.3957606811166099,0.3972744797505474,0.39860036104179175,0.3997615950768975,0.4007785855802355,0.40166921882757645,0.4024491712631804
0.2811623246492987,0.29645532146328674,0.30998391061336056,0.3219275308383,0.33245487821240455,0.34172195379968096,0.3498712495275836,0.3570317112619977,0.3633191958383638,0.3688372316100531,0.3736779383356523,0.3779230138854008,0.38164472685917417,0.3849068753729843,0.3877656901031382,0.3902706693910292,0.39246534166771874,0.3943879549079165,0.39607209573542257,0.39754724236190947,0.3988392564201928,0.39997081904758375,0.400961816588224,0.40182968107171224,0.4025896903121835
0.28436873747494995,0.2992943418406605,0.31249211679505706,0.3241395797056017,0.33440300293452807,0.34343572327187794,0.3513775088637157,0.3583546410224117,0.3644804450720858,0.3698560924189233,0.3745715401426394,0.37870652285179424,0.38233154111297557,0.3855088104715576,0.3882931516043849,0.390732811101677,0.3928702092199236,0.3947426150014448,0.3963827517847782,0.39781933751025805,0.3990775649788752,0.4001795274418437,0.40114459486105214,0.40198974594148545,0.4027298607081501
0.2875751503006012,0.30213198627212523,0.3149981348556672,0.3263490139098843,0.33634834365665356,0.34514670579398987,0.35288108155789644,0.3596750445624797,0.3656393596558115,0.3708728222624668,0.375463214615524,0.3794883005849761,0.38301680839225133,0.38610936880313684,0.38881939165739515,0.3911938718276783,0.39327412196208306,0.39509643304222053,0.396692666148373,0.39809078003421494,0.3993152997493899,0.4003877316975068,0.40132693043307305,0.40214942223673955,0.40286969016602603
0.2907815631262526,0.30496828349602684,0.3175020117742762,0.3285558907223326,0.3382909622379477,0.34685496391444093,0.3543820283185276,0.36099297921652945,0.3667959927137031,0.37188746969222186,0.37635300568097624,0.3802683865289629,0.3837005639150164,0.3867085816767589,0.38934443800400076,0.39165387608741353,0.3936771015209032,0.39544942807705347,0.39700185558080786,0.39836158465822447,0.399552473662497,0.40059544316356405,0.40150883326043074,0.4023087186885335,0.40300918634030825
0.29398797595190385,0.3078032623446563,0.32000379457135486,0.3307602673590948,0.34023092038972763,0.34856055996246793,0.3558804095883334,0.3623085020287106,0.3679503970723906,0.37290008296710747,0.3772409569860833,0.3810468198661322,0.3843828426581446,0.38730648018172964,0.389868318187531,0.39211284822111825,0.3940791693640263,0.39580161901128696,0.39731033671125615,0.3986317659957932,0.39978909955102276,0.4008026731026833,0.4016903132232729,0.40246764396108653,0.40314835682675293
0.2971943887775551,0.3106369517434109,0.32250353030936035,0.33296220098418366,0.3421682796806106,0.35026355605503345,0.35737628555243073,0.3636216697616575,0.3691026252697734,0.37391071006203325,0.37812711190654547,0.38182363952487075,0.3850636793644005,0.38790309519401794,0.3903910595585785,0.3925708123960483,0.39448034680463545,0.396153024612887,0.3976181260470835,0.39890133855268733,0.4000251901526786,0.40100943269369155,0.40187138012793383,0.4026262066536953,0.4032872091640592
0.3004008016032065,0.31346938070997205,0.3250012660933783,0.33516174871241594,0.34410310154168233,0.35196401410373196,0.35886971614636637,0.36493253890509875,0.3702527295637553,0.37491939867643354,0.3790115135547929,0.3825988841871434,0.3857431085493948,0.3884984573825767,0.39091268928069617,0.39302779261158144,0.39488065500600045,0.3965036635164783,0.3979252399774212,0.3991703167300884,0.40026075811284323,0.40121573303402447,0.4020520437090884,0.4027844153026279,0.40342575083553167
0.30360721442885774,0.3163005783534973,0.3274970490718043,0.3373589676123954,0.3460354472716925,0.3536619958216952,0.36036076106412684,0.3662411656844176,0.37140076194091326,0.37592619624272505,0.379894204788021,0.38337259229598064,0.38642116450846137,0.3890925972155915,0.391433234336027,0.39348381270425836,0.3952801149859695,0.396853554227331,0.39823169477669385,0.39943871482770976,0.4004958159873101,0.4014215851421445,0.402232313631879,0.402942278382991,0.4035639892707203
0.306813627254509,0.3191305738738323,0.32999092643706934,0.33955391470954016,0.3479653780422737,0.35535756273049607,0.36184947976612203,0.36754760606916526,0.37254677412510523,0.37693114993469695,0.3807752282161554,0.38414480206289486,0.38709788132346434,0.3896855449666612,0.39195272153087174,0.39393889635276597,0.39567874762140876,0.397202715125301,0.3985375066081076,0.39970654704687447,0.400730376245,0.40162699995992923,0.40241219949401497,0.40309980431057607,0.4037019318470412
0.31002004008016026,0.32195939656073663,0.3324829454264041,0.3417466469891493,0.34989295490318645,0.35705077616705355,0.36333593148714355,0.36885191578152937,0.3736908175860193,0.37793430667583205,0.3816546262097427,0.3849155514752234,0.38777329286953527,0.3902773307209137,0.39247117750119437,0.3943930670828638,0.3960765736525894,0.3975511644687228,0.39884269152709384,0.3999738274935582,0.4009644512706436,0.40183198835503203,0.4025917108278486,0.403257001443682,0.4038395858913766
0.31322645290581175,0.32478707579312505,0.33497315332264255,0.34393722139951255,0.35181823878758717,0.3587416972905352,0.3648201752442988,0.37015415030475707,0.37483294354766344,0.3789357131475612,0.38253244090777266,0.38568487830340087,0.3884474328217407,0.3908679843810548,0.3929886287180672,0.3948463482722555,0.39647361368752515,0.397898920398258,0.39914726548471424,0.4002405701813929,0.4011980533674281,0.40203656112321173,0.4027708571024236,0.40341387808491497,0.4039769586816558
0.316432865731463,0.3276136410383253,0.33746159745506576,0.34612569485505945,0.35374129051732156,0.36043038708926345,0.36630226984492414,0.3714543648915406,0.37597320299680426,0.37993541579745765,0.3834087142254351,0.38645282010816784,0.3891203346616883,0.39145753567336034,0.3935051014930624,0.3952987631554106,0.3968698882062652,0.398246000940703,0.3994512443310289,0.4005067890346418,0.401431194759619,0.40224072899064023,0.4029496477255035,0.4035704424829706,0.4041140574484184
0.31963927855711427,0.33043912185135227,0.33994832520028545,0.34831212423955193,0.35566217080824464,0.3621169063876238,0.3677822738944769,0.37275261457236136,0.3771116466913509,0.3809334608473703,0.38428348786181277,0.38721941424771306,0.3897920316840689,0.3920460141536058,0.39402062198358534,0.3957503348283334,0.39726541756513806,0.398592424012753,0.3997546438184261,0.4007724978911367,0.4016638875951487,0.40244450261617964,0.40312809204557365,0.4037267028343921,0.40425088937635895
0.32284569138276553,0.3332635478741968,0.3424333839831659,0.350496566409316,0.35758094027556586,0.36380131585297687,0.36926024580441125,0.37404895416380063,0.37824832516869367,0.3819298943015021,0.3851568033075154,0.38798469788475815,0.3904625570031415,0.39263344921294324,0.3945352161981591,0.3962010862532864,0.39766022200095585,0.3989382074247301,0.40005747960491866,0.40103771050518794,0.40189614394817935,0.4026478925936382,0.4033061993538245,0.40388266728531275,0.40438746160585587
0.3260521042084168,0.3360869488351293,0.34491682127778334,0.3526790781965136,0.35949765943921924,0.36548367600257387,0.37073624380003467,0.3753434382768134,0.379383288753993,0.3829247619544327,0.38602870185225485,0.3887487079935819,0.39113194355916076,0.39321987008372306,0.39504891000165754,0.396651040263467,0.39805432163517346,0.39928336888427096,0.40035976725740485,0.40130244055046177,0.4021279758216387,0.40285090945400126,0.40348397888611215,0.4040383439331775,0.40452378123448257
0.3292585170340683,0.3389093545480193,0.34739868460842366,0.35485971641245584,0.3614123887292606,0.36716404721047907,0.3722103259283511,0.3766361213249722,0.38051658756842616,0.38391810939909055,0.386899224592366,0.3895114813669892,0.39180022412474924,0.3938053058452637,0.3955617291204898,0.39710021956763986,0.39844773647801013,0.3996279259999802,0.40066152225489843,0.4015667016228297,0.4023593951497296,0.40305356366763906,0.40366143982489905,0.40419374082844767,0.4046598553185043
0.33246492985971954,0.34173079491166913,0.3498790215506182,0.3570385378509549,0.36332518849129203,0.3688424897144978,0.37368255006588996,0.3779270575326804,0.38164827153739217,0.38490998203467697,0.3877684124382761,0.3902730546232292,0.39246743131122164,0.39438978542957465,0.39607369914774176,0.39754864675472845,0.39884048643253256,0.3999718962850493,0.40096275999172815,0.4018305072431917,0.4025904138004171,0.40325586564649446,0.40383859130117733,0.4043488659762899,0.4047956908743596
0.3356713426853708,0.34455129990916383,0.35235787973221594,0.3592155992917179,0.3652361189919127,0.3705190636231133,0.37515297392652497,0.3792163009433592,0.3827783903986791,0.3859004250745444,0.3886363061219247,0.3910334642128623,0.3931335975748572,0.39497333762703196,0.3965848455482722,0.39799634429836656,0.3992325912987009,0.4003152971608424,0.40126349578070647,0.4020938708602708,0.4028210435778895,0.4034578257462488,0.40401544239637144,0.40450372733824713,0.40493129488012836
0.33887775551102206,0.3473708996072347,0.3548353068344936,0.361390957503779,0.3671452404241982,0.3721938289224325,0.37662165506928225,0.38050390542760903,0.38390699371059406,0.38688948355403135,0.3895029462041372,0.3917927464255793,0.39379875522312724,0.39555599109200906,0.397095193663768,0.39844333456141084,0.39962407077738127,0.4006581459604507,0.40156374485627117,0.40235680585338524,0.4030512962249996,0.40365945426846805,0.4041920021442249,0.4046583328338956,0.4050666742769843
0.3420841683366733,0.35018962415563665,0.35731135059330005,0.363564669248971,0.3690526129132068,0.3738668454831412,0.37808865090614097,0.38178992469134776,0.38503413086006033,0.3878772023382573,0.3903683730819547,0.39255093739697755,0.3944629364208781,0.39613777434846686,0.39760476871776124,0.3988896398004189,0.4000149444743248,0.40100045993221817,0.401863522377601,0.4026193255351945,0.40328118342568325,0.4038607614627312,0.4043682795326696,0.4048126903424858,0.4052018359706365
0.3452905811623246,0.35300750378654105,0.359786058800239,0.3657367912854383,0.37095829652151546,0.37553817306747106,0.37955401870982813,0.38307441228392936,0.38615985107068307,0.38886362612987957,0.3912326269959218,0.39330807311529314,0.39512617319647386,0.3967187157955037,0.3981135958206081,0.39933528217009184,0.4004052319041157,0.4013422562432379,0.40216284343170466,0.4028814431544248,0.40351071680735884,0.40406175752873963,0.4045442835056805,0.4049668077045716,0.40533678683275826
0.34849699398797607,0.35582456881394187,0.3622594793038852,0.36790738037118614,0.37286235125478356,0.3772078713361789,0.38101781562160775,0.38435742160624287,0.387284203410787,0.38984879947681567,0.3920957480373378,0.39406418942809507,0.3957884974478989,0.39729884371286817,0.398621699974434,0.3997802837276859,0.40079495249409064,0.40168355198282346,0.4024617230364875,0.4031431718985722,0.40373990794330733,0.4042624526184108,0.40472002296511433,0.4051206927236243,0.4054715337024038
0.35170340681362733,0.35864084963307613,0.3647316600110384,0.37007649326767394,0.3747648370673485,0.37887599985554116,0.3824800986590708,0.38563900591879785,0.388407236801428,0.39083276677993356,0.3929577761554711,0.3948193220489416,0.39644994094882435,0.3978781862664367,0.3991291060780446,0.40022466643739224,0.4011841255882286,0.4020243641659529,0.40276017614379317,0.403404524896585,0.40396876835503376,0.4044628568379545,0.40489550677253433,0.40527435316763466,0.40560608338741405
0.3549098196392786,0.361456376719858,0.3672026488880102,0.3722441867434437,0.37666581386784925,0.38054261810436146,0.3839409247239209,0.3869192183497933,0.3895290000243816,0.39181557230071135,0.3938187511647398,0.39557350656400236,0.39711053535464075,0.39845677151365866,0.3996358389318066,0.40066845217468966,0.40157277045101675,0.4023647097366913,0.4030582176424276,0.4036655152215286,0.404197309514613,0.4046629802499359,0.405070743751022,0.4054277967707038,0.4057404426658122
0.35811623246492985,0.36427118063032626,0.3696724939619464,0.37441051757779004,0.37856534152488247,0.38220778548099565,0.3854003506097641,0.3881981119031777,0.3906495417301103,0.39279726016887123,0.3946787127518639,0.3963267784386497,0.3977703122084591,0.39903462740897144,0.40014192324250086,0.4011116627306699,0.40196090627129105,0.4027046055715909,0.4033558623611601,0.40392615589323205,0.4044255428470196,0.40486283287532343,0.4052457426869769,0.40558103123462297,0.4058746182871905
0.3613226452905811,0.3670852920001055,0.37214124332218484,0.3765755425644701,0.3804634798726894,0.38387156131039496,0.38685843300990075,0.38947573946669856,0.391768910445713,0.39377787438998807,0.39553770048298725,0.3970791730240186,0.3984293029470815,0.39961178180918533,0.40064738362814606,0.4015543198163373,0.4023485521660527,0.4030440684830678,0.40365312507170603,0.4041864598809158,0.40465347973244,0.4050624246955222,0.4054205123319023,0.40573406423044106,0.40600861697408513
0.3645290581162326,0.3698987415438797,0.37460894512164455,0.3787393185154512,0.3823602887168748,0.38553400485116734,0.38831522852512323,0.3907521538199459,0.39288715458285894,0.394757458853077,0.3963957538107766,0.39783072556354193,0.3990875389069466,0.40018826247884454,0.4011522446228005,0.40199644506688786,0.4027357271842663,0.4033831152227639,0.40395002049169443,0.40444644010580777,0.40488113150857535,0.4052617656543982,0.4055950614041835,0.4058869034000258,0.40614244542334565
0.36773547094188386,0.37271156005487927,0.3770756475782511,0.38090190226469867,0.38425582784015877,0.38719517530265923,0.38977079367151946,0.3920274076423908,0.3940043224457079,0.3957360573381613,0.39725291208149577,0.3985814711994597,0.399745051330048,0.4007640970955618,0.40165653068133794,0.4024380600459628,0.403122450310635,0.4037217624848868,0.40424656328761643,0.40470610944374114,0.40510850947292737,0.4054608656602876,0.40576939859085265,0.4060395563576127,0.4062761103074946
0.3709418837675351,0.37552377840438156,0.3795413989763946,0.38306335067200464,0.3861501570081634,0.3888551318120602,0.39122518488828784,0.3933015535214235,0.3951204622388209,0.3967137135238253,0.3981092145420624,0.3993314449793087,0.4004018713698336,0.40133931325533373,0.4021602661842063,0.4028791862498878,0.403508740469361,0.4040600269095364,0.4045427680777615,0.4049654807277417,0.405335624885075,0.40565973458799826,0.40594353254934634,0.4061920306913476,0.40640961827608046
0.3741482965931864,0.3783354275412226,0.382006247668421,0.3852237206268551,0.3880433359752321,0.39051393348153024,0.3926784585455611,0.39457464396038994,0.39623562207506263,0.39769047099475197,0.39896470034708537,0.4000806818623903,0.40105803009708174,0.4019139384778341,0.4026634754421639,0.4033198451118899,0.40389461652788666,0.40439792508601397,0.40483864943513787,0.4052245667506006,0.4055624889689381,0.4058583822807988,0.40611747190925285,0.4063443339648207,0.406542975957023
0.37735470941883764,0.38114653849132246,0.3844702420761559,0.3873830690523368,0.38993542449028507,0.3921716393753514,0.3941306709522448,0.3958467313866323,0.3973498499834974,0.3986663732492503,0.39981940856588793,0.40082921672622346,0.40171355850576224,0.402488000211691,0.4031661827010011,0.40376005800630116,0.4042800973006231,0.40473547355611994,0.40513422189038273,0.40548338026743824,0.40578911291503283,0.4060568185524015,0.4062912252740532,0.4064964737185939,0.40667618995795357
0.3805611222444891,0.383957142357222,0.3869334306924611,0.3895414529090849,0.3918264823027101,0.3938283085271059,0.3955818783638702,0.397117868159535,0.3984631939172852,0.3996414637067745,0.40067337818951987,0.4015770843729828,0.4023684875188809,0.40306152583974836,0.40366841214624605,0.40419984625274746,0.4046652015526644,0.40507268881743813,0.4054294999346595,0.4057419339982562,0.40601550788271706,0.4062550531889353,0.4064648012228538,0.4066484574717218,0.4068092668675492
0.3837675350701404,0.3867672703176311,0.38939586208282356,0.3916989291992696,0.3937165691682906,0.3954839999468825,0.3970321369904641,0.39838810657857665,0.39957570176157425,0.4006157857154368,0.4015266481377584,0.40232431953592435,0.40302284799431126,0.40363454268431365,0.40417018790785714,0.40463923112032385,0.4050499480034898,0.40540958732660887,0.40572449802254634,0.4060002406304816,0.4062416850024281,0.4064530959509119,0.40663820831211284,0.4068002927232666,0.40694221325686103
0.38697394789579165,0.38957695362699113,0.3918575848869775,0.3938555549706248,0.3956057448551714,0.39713877262851177,0.3984815030044394,0.3996574988913948,0.4006874213413994,0.40158938255951826,0.40237925726610424,0.4030709568858038,0.40367667073061675,0.4042070780123956,0.4046715340649061,0.4050782338317614,0.40543435533065797,0.4057461855025951,0.40601923057491696,0.40625831282150393,0.40646765537791424,0.40665095657518713,0.4068114550773626,0.40695198695380946,0.40707503568064046
0.3901803607214429,0.39238622361504577,0.3943186478205556,0.3960113873205151,0.3974940691498621,0.3987926855568315,0.3999300325485055,0.4009260973018605,0.40179840042958304,0.402562297466978,0.40323124437277125,0.4038170310372855,0.4043299864728629,0.40477915904093137,0.4051724746502485,0.40551687556758204,0.4058184421734886,0.4060824997299365,0.4063137119818105,0.4065161632012023,0.4066934300884574,0.4068486447769138,0.4069845500349238,0.4071035476269546,0.40720774067865795
0.39338677354709417,0.39519511168642546,0.3967790996767749,0.39816648340004496,0.3993816018632803,0.4004457977149855,0.4013777817436027,0.40219395397816976,0.4029086867546456,0.40353457361696593,0.4040826482056764,0.4045625765553494,0.4049828259184249,0.4053508129420087,0.4056730336551913,0.40595517747024923,0.4062022271367419,0.40641854636200114,0.4066079566052998,0.40677380437447136,0.4069190201910943,0.4070461702514928,0.40715750168361864,0.4072549821908328,0.40734033477702186
0.39659318637274543,0.39800364932024274,0.39923898932815277,0.4003209004182087,0.4012684028368368,0.4020981680917566,0.4028248066968638,0.40346112106095205,0.40401832800872667,0.4045062541473405,0.4049335074694302,0.4053076279616953,0.4056352197227919,0.4059220668480822,0.4061732350341522,0.40639316064831166,0.40658572879428934,0.40675434172422964,0.406901978782352,0.4070312489237393,0.4071444367228314,0.4072435426765193,0.4073303185064792,0.4074062980795998,0.40747282448949235
0.3997995991983969,0.4008118680696971,0.4016983657282528,0.40247469564608085,0.40315453194855855,0.403749855688934,0.40427116350960085,0.40472765067139865,0.40512737185551867,0.40547738216219364,0.40578386083233065,0.40605221974114825,0.4062871985053692,0.40649294785718765,0.4066731027093167,0.4068308461805432,0.40696896569278207,0.40708990211737595,0.4071957928276863,0.40728850941148437,0.40736969070285645,0.4074407717137259,0.4075030089724537,0.40755750271493385,0.4076052163187949
0.4030060120240482,0.4036197995616925,0.4041572779134637,0.4046279264210481,0.405040049119257,0.40540091952871926,0.4057169082853243,0.40599359491941356,0.4062358659382161,0.40644800073938653,0.40663374693336335,0.4067963863480663,0.40693879285528095,0.407063483038155,0.40717266057529333,0.4072682551200809,0.40735195635531557,0.4074252438207457,0.40748941303662894,0.4075455983827478,0.4075947931347494,0.40763786701092397,0.40767558153810984,0.40770860350752963,0.40773751675793046
0.40621242484969944,0.4064274754964647,0.4066157750048079,0.40678065015108406,0.4069250143187389,0.40705141866117156,0.40716209713779455,0.4072590059117912,0.4073438578874856,0.4074181529380997,0.4074832043892121,0.4075401622127564,0.4075900333371793,0.40763369943582534,0.4076719325037709,0.407705408498564,0.40773471928509614,0.407760383095434,0.4077828536879678,0.4078025283676462,0.40781975500869005,0.40783483820394323,0.4078480446493379,0.40785960785859254,0.4078697322914855
0.4094188376753507,0.40923492764721825,0.4090739062097803,0.4089329243190649,0.40880948757206087,0.40870141217169287,0.40860678619910645,0.40852393576041995,0.40845139532945635,0.4083878818063982,0.40833227180127973,0.40828358174789603,0.4082409504970557,0.4082036240762694,0.40817094234817636,0.40814232733027295,0.40811727296910566,0.40809533618756294,0.4080761290468056,0.40805931188388345,0.40804458730366705,0.4080316949185724,0.4080204067430541,0.408010523161333,0.4080018693969424
0.41262525050100196,0.4120421878597745,0.41153172082421785,0.41108480648712725,0.41069352896582967,0.41035095918855596,0.4100510316278127,0.4097884365905176,0.40955852589373387,0.40935723038881666,0.4091809877627251,0.40902667935496806,0.40889157486806343,0.4087732839720139,0.4086697139483392,0.4085790326162729,0.4084996358817708,0.4084301193315219,0.4083692533674169,0.40831596143926435,0.40826930098968706,0.4082284467724984,0.4081926762489021,0.4081613568024588,0.40813393454598823
0.41583166332665344,0.41484928805223004,0.4139892682341994,0.41323635430107,0.4125771986545497,0.41200011889047783,0.4114948896170855,0.41105256054889927,0.410665297221443,0.4103262417339649,0.41002939086551543,0.409769489430708,0.409541936976349,0.4093427061272751,0.4091682711351606,0.40901554534856166,0.40888182648863486,0.40876474875320984,0.4086622408961045,0.4085724895342087,0.40849390702998495,0.40842510337724836,0.40836486159095753,0.4083121161636705,0.40826593420582585
0.4190380761523047,0.4176562602146218,0.4164465979179738,0.4153876254947971,0.4144605568670166,0.4136489505142381,0.4129384164029203,0.41231635981228243,0.4117717569733,0.4112949589021603,0.4108775197075011,0.41051204637356803,0.4101920673468981,0.4099119175432046,0.40966663773529244,0.4094518865142253,0.40926386325003616,0.4090992406732831,0.4089551058740624,0.40882890866427063,0.4087184163832376,0.40862167434013286,0.40853697118943383,0.40846280862315754,0.40839787484048534
0.42224448897795597,0.4204631364086068,0.41890375944792035,0.41753867789480664,0.4163436639127618,0.41529751336234716,0.4143816682723841,0.4135798865956293,0.41287795283771767,0.41226342497308593,0.4117254128995116,0.41125438459020014,0.41084199650939557,0.41048094522314554,0.4101648375758267,0.4098880770996018,0.4096457646247934,0.40943361131040906,0.40924786254024215,0.4090852313226599,0.4089428400057805,0.40881816926619347,0.40870901346239014,0.4086134415570963,0.40852976291213816
0.42545090180360723,0.42326994876714585,0.42136080249253693,0.4196895694247207,0.4182265801885452,0.4169458668107629,0.41582470157191037,0.4148431931605323,0.4139839325389471,0.4132316830534813,0.4125731090724785,0.4119965385019602,0.411491755004105,0.4110498161779068,0.41066289448899684,0.41032413809445584,0.4100275490739,0.4097678768845271,0.40954052513422645,0.4093414700027707,0.40916718885382974,0.40901459776015253,0.4088809968274436,0.4087640223411517,0.40866160488241265
0.4286573146292585,0.42607672949420033,0.4238177768184575,0.421840358109862,0.4201093661849004,0.41859407031666046,0.417267572715642,0.41610633182364226,0.41508974384525726,0.4141997762848639,0.41342064688458574,0.4127385425514372,0.412141373387768,0.4116185574310519,0.4111608323168949,0.410760090496166,0.41040923506422927,0.4101020536201194,0.40983310789911026,0.4095976372007161,0.4093914738857091,0.40921096942836943,0.4090529297034852,0.4089145583519822,0.40879340721371427
0.43186372745490975,0.42888351086443466,0.4262747322924994,0.4239911020818731,0.4219920824927311,0.4202421834262562,0.418710338193828,0.417369354965145,0.41619543457715696,0.4151677478512899,0.41426806502845254,0.4134804312090083,0.4127908822395259,0.41218719602420895,0.41165867491620356,0.41119595531392567,0.410790841072251,0.41043615774949077,0.4101256250843904,0.40985374541786984,0.4096157060640835,0.40940729388080144,0.40922482051239994,0.40906505696874834,0.4089251763705477
0.43507014028056124,0.4316903252229306,0.4287317188837402,0.4261418595833834,0.42387478980996374,0.42189026578268773,0.4201530545812732,0.41863231503728854,0.4173010526156637,0.41613564098715394,0.4151154022383507,0.41422223897942484,0.4134403121668689,0.41275575902240247,0.41215644616294955,0.41163175357296045,0.41117238558776253,0.4107702055160614,0.4104180909488659,0.4101098071634176,0.40983989635820106,0.4096035807329718,0.4093966776807942,0.40921552557462765,0.40905691882084483
0.4382765531062125,0.4344972049849057,0.4311887866656205,0.42829268897271755,0.42575754894825085,0.4235383771339502,0.42159577854584407,0.41989526457296106,0.41840664591061605,0.4171034989850293,0.4159626972974577,0.4149640004084296,0.41408969381161054,0.41332427351940826,0.41265416995727516,0.41206750631876365,0.4115538871176349,0.41110421317767226,0.41071051976354916,0.4103658349569173,0.41006405574614235,0.4097998396079444,0.4095685096417278,0.4093659715583331,0.40918864103729613
0.44148296593186376,0.4373041826354447,0.4336459858180802,0.4304436487286548,0.4276404208397364,0.4251865773408972,0.4230385668570371,0.42115825619432856,0.41951226248904294,0.41807136520355814,0.41680998904515376,0.4157057500894116,0.4147390578558964,0.4138927666431374,0.4131518702282353,0.4125032346213518,0.4119353641895773,0.41143819700990697,0.4110029258145918,0.41062184133087243,0.41028819521708093,0.4099960801383084,0.4097403248364554,0.4095164023156408,0.4093203494986894
0.444689378757515,0.44011129072923594,0.4361033666297192,0.43259479745523205,0.42952346654387424,0.42683492638529974,0.42448147639460615,0.4224213426215286,0.42061795046358286,0.4190392830753862,0.41765731638435744,0.4164475226700955,0.41538843502824263,0.4144612655610463,0.4136495709386178,0.4129389595795414,0.4123168353559185,0.41177217330942756,0.41129532340622205,0.41087783883331525,0.4105123257735533,0.4101923119681703,0.409912131716174,0.4096668252509218,0.40945205069125284
0.4478957915831663,0.4429185618903145,0.4385609794999877,0.434746193886594,0.43140674725430833,0.42848348437797235,0.42592456415725727,0.4236845766814277,0.4217237580409629,0.42000729611515264,0.418504718288912,0.41718935285927544,0.41603785610961314,0.41502979748558033,0.4141472960897926,0.4133747023252505,0.41269831919741107,0.4121061583973305,0.4115877268637001,0.411133840030406,0.41073645843374146,0.4103885447551582,0.4100839387437806,0.40981724777868317,0.40958375111000545
0.45110220440881776,0.4457260288118165,0.4410188749414062,0.4368978968918922,0.43329032430581266,0.43013231156696546,0.4273678872714102,0.42494801131644466,0.4228297335305385,0.42097544792753444,0.4193522338110193,0.41793127543359126,0.4166873519395334,0.4155983896796498,0.4146450697265888,0.41381048402782417,0.41307983432705603,0.41244016862252075,0.411880150536289,0.41138985750904444,0.4109606042337675,0.41058478817243504,0.4102557543956393,0.40996767732511813,0.4097154572601161
0.454308617234469,0.44853372425573645,0.4434771035818114,0.43904996548023184,0.43517425918129404,0.43178146834582715,0.4288115030000315,0.4262116995934413,0.4239359253528969,0.4219437822153498,0.4201999020887273,0.4186733252443523,0.41733695342224814,0.41616706946214455,0.41514291594220576,0.4142463258983906,0.4134613993939539,0.4127742203651082,0.4121726088002449,0.41164590387949995,0.41118477423000377,0.41078105191072656,0.410427587163359,0.4101181213296635,0.40984717565826817
0.4575150300601203,0.4513416810526949,0.4459357161666318,0.4412024588056668,0.43705861351885705,0.4334310152619359,0.43025546875154097,0.4274756947126863,0.42504238204852884,0.42291234278772233,0.4210477623534728,0.41941553722440983,0.4179866915329205,0.41673586421348424,0.41564085888315605,0.4146822491942442,0.4138430330871795,0.41310833003982483,0.4124651160618259,0.41190199177805625,0.41140897950139504,0.41097734568035943,0.4105994455555818,0.410268587246569,0.4099789128340354
0.46072144288577155,0.4541499321017107,0.44839476356119023,0.4433554361722448,0.4389434491189357,0.43508101302490765,0.4316998420887942,0.42874005001689314,0.42614915228657063,0.4238811735683129,0.4218958539376841,0.4201579463950845,0.4186365973238802,0.41730480138121306,0.41613892275424647,0.4151182752232624,0.41422475413968635,0.4134425140994686,0.4127576867603235,0.41215813386967703,0.41163323115180067,0.4111736792133165,0.41077133809978533,0.410419082546476,0.4101106753312652
0.4639278557114228,0.45695851036998053,0.4508542967530343,0.44550895703910276,0.44082882795149153,0.43673152251508,0.4331446807381464,0.4300048190003379,0.42725628487362155,0.42485031860361827,0.42274421628244585,0.4209005878731482,0.4192867019309202,0.4178739084856361,0.4166371318235958,0.41555442534835435,0.41460658133223915,0.4137767890383709,0.41305033537111474,0.41241434285068873,0.4118575403123499,0.4113700622653038,0.41094327334409586,0.4105696147180082,0.4102424697094728
0.4671342685370743,0.45976744889266596,0.45331436685429616,0.44766308102561253,0.44271481216327957,0.4383826047920736,0.4345900425985979,0.4312700553180586,0.4283638287626398,0.42581982207134456,0.42359288894523117,0.4216434968778664,0.4199370365796479,0.4184432131255047,0.41713551042769687,0.41599072099194917,0.4149885334973799,0.41411117139589376,0.41334307640874146,0.412670631451488,0.4120819181438201,0.4115665046178376,0.41111525985911845,0.41072019126937515,0.4103743025452464
0.47034068136272555,0.462576780772683,0.4557750251040756,0.44981786791657674,0.44460146408518375,0.4400343211034355,0.43603598575102565,0.43253581279513964,0.429471833061919,0.42678972828885486,0.4244419116077013,0.42238670873810263,0.4205876325918902,0.41901274298374896,0.4176340829765187,0.41642718364051867,0.4153706295234258,0.4144456777599553,0.41363592443001224,0.41292701243926755,0.4123063758390299,0.41176301608034416,0.4112873062397787,0.41087081972998746,0.4105061804336633
0.4735470941883768,0.4653865391805016,0.45823632287085536,0.4519733776674792,0.4464888462396255,0.4416867328933671,0.43748256846750405,0.43380214543608553,0.43058034704415066,0.4277600817216969,0.425291324083579,0.42313025889948774,0.4212385213921579,0.4195825258332638,0.4181328739586564,0.4168638348491427,0.41575288835850294,0.4147803247705854,0.4139288940371326,0.4131834986207684,0.4125309246252567,0.41195960649228125,0.411459421107183,0.41102150765208717,0.4106381099897174
0.4767535070140281,0.4681967573539482,0.4606983116549413,0.4541296704097862,0.448377021348045,0.44333990181153815,0.43892984922071904,0.43506910743428906,0.43168942015557726,0.42873092699221566,0.4261411663265995,0.4238741829316603,0.4218897345141726,0.42015258954274903,0.41863190794652916,0.41730069624611577,0.4161353290146175,0.41511512912351556,0.41422199988086433,0.41344010284505617,0.4127555757666737,0.41215628572527635,0.41163161311049373,0.4111722626123914,0.4107700978497606
0.47995991983967934,0.47100746859801446,0.46316104309093,0.45628680645630154,0.4502660523384575,0.4449938897219898,0.4403778866934768,0.43633675318159343,0.43279910202523686,0.429702308888252,0.42699147843854013,0.42461851653557814,0.4225413036074586,0.42072296208260845,0.41913120960163,0.41773778953760093,0.41651797057176776,0.41545010757380374,0.41451525666371514,0.4136968380063247,0.4129803405668124,0.41235306368528707,0.411803890928824,0.41132309221375335,0.410902150672958
0.4831663326653306,0.47381870628466954,0.4656245689502026,0.4584448463065751,0.45215600235308534,0.44664875871212834,0.44182673978831155,0.43760513727795564,0.43390944247430463,0.43067427237193195,0.4278423006773342,0.42536329555090524,0.42319326044400063,0.42129367153090713,0.41963080367982714,0.4181751365123276,0.4169008321820945,0.4157852769394932,0.41480867914315905,0.4139537170467266,0.4132052303710471,0.4125499503147816,0.41197626327314907,0.41147400408683754,0.4110342751427558
0.4863727454909821,0.47663050385268024,0.4680889411434485,0.4606038506523688,0.4540469347560722,0.44830457110181776,0.4432764676371986,0.4388743145412164,0.4350204915255385,0.431646862588554,0.4286936734652739,0.4261085559634808,0.42384563692497673,0.4218647460793955,0.42013071503672444,0.4186127590463423,0.4172839330740794,0.41612065410531285,0.41510228213489225,0.414210752959234,0.4134302565691072,0.412746955594942,0.4121487388882389,0.41162500589181406,0.41116647796836564
0.48957915831663334,0.4794428948074321,0.47055421172321305,0.46276388038317445,0.4559389131412734,0.44996138945256436,0.4447271296113689,0.4401443400169731,0.43613229941282483,0.43262012487557094,0.42954563739730156,0.426854333912868,0.42449846508756195,0.4224362140395964,0.4206309686330778,0.41905067910780786,0.41766729255678375,0.41645625602641423,0.41539608051612115,0.4144679587905284,0.4136554305976139,0.41294408954789025,0.4123213265546095,0.4117761053200687,0.4112987658862632
0.4927855711422846,0.4822559127207576,0.47302043288647316,0.4649249965917913,0.45783200134013285,0.4516192765768064,0.4461787853312394,0.4414152689885707,0.4372449165908387,0.43359410477168003,0.4303982332494005,0.4276006656999922,0.4251517771118134,0.4230081038489649,0.42113158954027596,0.4194889187618615,0.4180509300241409,0.4167920997321542,0.41569008922889145,0.41472534764392677,0.41388076394264933,0.41314136223894204,0.4124940350904999,0.4119273100959352,0.4114311456617064
0.49599198396793587,0.4850695912307675,0.4754876569772408,0.46708726057995936,0.459726263429642,0.45327829554730487,0.44763149467645125,0.4426871569872044,0.43835839374481433,0.4345688480260169,0.43125150198708195,0.42834758779486876,0.4258056053276343,0.42358044407711903,0.4216326029458839,0.41992750017552566,0.4184348649592944,0.4171282023299191,0.4159843232834524,0.4149829326823367,0.41410626814235085,0.41333878377888233,0.4126668733538665,0.41207862797844413,0.41156362409026703
0.49919839679358713,0.48788396404168444,0.47795593648919055,0.46925073386405025,0.4616217637403859,0.4549385097066411,0.4490853177960294,0.4439600598021452,0.4394727818004353,0.4355444006074636,0.4321054847739775,0.4290951368444252,0.4264599822218245,0.42415326343214665,0.4221340341592545,0.42036644562268083,0.41881911693899077,0.41746458100899575,0.4162787977616627,0.41524072713125,0.41433195478953877,0.41353636432627106,0.4128398502444049,0.41223006676309404,0.411696207999383
0.5024048096192386,0.49069906492368354,0.48042532406831706,0.47141547818081914,0.46351856686467824,0.4565999826768251,0.45054031511866177,0.44523403349108975,0.4405881319338458,0.4365208087140711,0.43296022298053793,0.4298433496804214,0.4271149404452191,0.4247265907669921,0.4226359086172106,0.4208057774890999,0.4192037056380269,0.4178012530444914,0.41657352782043944,0.4154987442817729,0.4145578355343768,0.4137341140897763,0.4130129747055957,0.4123816342836448,0.41182890424992963
0.5056112224448899,0.4935149277127311,0.48289587251561505,0.47358155549321296,0.4654167376647858,0.45826277836901413,0.45199654736310313,0.44650913439063855,0.4417044955817903,0.43749811878260436,0.43381575819284607,0.43059226332747347,0.4277705128199198,0.42530045508592534,0.4231382518898001,0.42124551827754764,0.4195886508337536,0.41813823580130255,0.4168685286952498,0.4157569974936946,0.4147839220870654,0.413932043330537,0.41318625572677586,0.4125333384139328,0.4119617197378095
0.5088176352705411,0.4963315863104325,0.48536763478979056,0.47574902799624363,0.46731634128124777,0.4599269609933511,0.45345407554871014,0.44778541912690933,0.44282192445188434,0.4384763774982118,0.4346721322215444,0.4313419150111827,0.4284267323466223,0.4258748855510968,0.42364108968612796,0.4216856906129479,0.4199739724106406,0.4184755467381381,0.4171638157036505,0.41601550019859607,0.4150102262205708,0.41413016236455763,0.41335970234523794,0.41268518706971075,0.4120946613955649
0.5120240480961924,0.49914907468387815,0.4878406640099943,0.4779179581229191,0.4692174431412876,0.4615925950689187,0.45491296100610734,0.4490629446262875,0.44394047053302105,0.43945563180422403,0.4355293871108844,0.43209234216637576,0.42908363221204276,0.4264499114891815,0.4241444478602669,0.42212631724761973,0.42035969036490123,0.4188132034115946,0.41745940424887273,0.41627426590300093,0.41523675977339064,0.4143284815651325,0.4135333236483557,0.41283718821051,0.4122277361940091
0.5152304609218437,0.5019674268654933,0.4903150134585835,0.48008840855023865,0.4711201089673229,0.4632597454338177,0.4563732653879922,0.4503417681263198,0.44506018610592013,0.44043592891208944,0.43638756514790183,0.4328435824454599,0.4297412457964497,0.42702556239811673,0.42464835241725174,0.42256742106658945,0.42074582480918454,0.41915122348029116,0.41775530982346,0.4165333081915711,0.41546353465235897,0.41452701136530756,0.41370712877574223,0.4129893498415325,0.412360951143884
0.5184368737474951,0.5047866769528909,0.49279073658390954,0.4822604422052518,0.47302440478557567,0.46492847725537206,0.4578350506800822,0.45162194718675636,0.44618112375382235,0.44141731631144776,0.43724670887172185,0.433595673726898,0.430399606681303,0.42760186795393684,0.42515282951916006,0.423009025092977,0.421132395977332,0.4194896247090615,0.41805154801295563,0.4167926407303467,0.4156905628354902,0.4147257622603741,0.4138811269214357,0.4131416800155657,0.41249431329753733
0.5216432865731464,0.5076068591087245,0.4952678870031308,0.48443412227117993,0.47493039693478184,0.4665988560404625,0.45929837921220656,0.4529035397007446,0.44730333637333586,0.44239984178034947,0.43810686108299957,0.43434865412380624,0.4310587486570046,0.42817885801770705,0.425657905491281,0.4234511524934618,0.4215194242292064,0.4198284249732085,0.418348134499646,0.41705227727003447,0.4159178563748652,0.41492474481040037,0.4140553273361194,0.41329418683492797,0.4126278297506275
0.5248496993987977,0.5104280075605462,0.4977465185050546,0.4866095121936059,0.47683815207500774,0.46827094764599375,0.4607633136695509,0.4541866039061816,0.44842687718543894,0.4433835533956254,0.4389680648535008,0.4351025619926823,0.43171870573076765,0.42875656264256395,0.4261636068283788,0.42389382658383207,0.42190693005559204,0.4201676422628228,0.41864508506635845,0.4173122316493448,0.4161454273995605,0.41512396964280046,0.4142297393293731,0.4134468784534418,0.41276150764385167
0.5280561122244489,0.513250156600661,0.5002266850530004,0.48878667568672723,0.47874773719657027,0.4699448182894995,0.462229917104056,0.4554711983972293,0.449551799746645,0.4443684995434111,0.4398303635358285,0.43585743594226506,0.4323795121346034,0.42933501208086217,0.4266699602010517,0.42433707083461886,0.42229493408317165,0.42050729468716824,0.4189424156003199,0.41757251779838106,0.41637328811862273,0.41532344745494376,0.4144043722719607,0.41359976307843777,0.4128953541647018
0.5312625250501002,0.5160733405859876,0.5027084407876936,0.4909656767396792,0.4806592196290685,0.47162053455988734,0.4636982529459774,0.4567573821359978,0.45067815796033506,0.4453547289298326,0.44069380077329856,0.43661331484253396,0.43304120233343657,0.42991423679143503,0.4271769924621916,0.4247809088768189,0.4226834570795805,0.42084740047913527,0.4192401420970742,0.41783314974208174,0.41660145082408995,0.415523189016804,0.41457923559815235,0.41375284897278997,0.4130293765492472
0.5344689378757514,0.5188975939379171,0.5051918400301832,0.4931465796229249,0.48257266705052465,0.4732981634283285,0.4651683850156094,0.4580452144644027,0.45180600608826416,0.4463422905918591,0.4415584205099736,0.4373702378338512,0.43370381103334854,0.4304942674469714,0.4276847306535475,0.4252253645077101,0.4230725199585433,0.4211879779997674,0.4195382806644633,0.41809414160371744,0.4168299278940607,0.41572320517365147,0.4147543388080843,0.4139061444569836,0.4131635820839461
0.5376753507014029,0.5217229511421713,0.5076769372847839,0.495329448894714,0.4844881474966395,0.4749777722592962,0.46664037753518,0.4593347551162007,0.45293539876224465,0.44733123390832624,0.44242426700085546,0.43812824433625147,0.4343673731899553,0.4310751349415128,0.4281932020123969,0.42567046169676265,0.4234621437850945,0.42152904574286154,0.4198368475266742,0.4183555076084464,0.4170587317958145,0.41592350684878954,0.4149296914701579,0.41405965791121674,0.4132979781074866
0.5408817635270542,0.5245494467486631,0.5101637872420456,0.49751434940761335,0.4864057293701645,0.4766594288217556,0.46811429514091846,0.4606260642292106,0.45406639099601614,0.44832160861113846,0.44329138482224606,0.43888737405888595,0.4350319240169254,0.43165687039807626,0.4287024339783279,0.42611622459164816,0.4238523497808866,0.4218706223396451,0.42013585902835315,0.4186172620869284,0.41728787508898363,0.41612410504633657,0.4151053032234778,0.41421339777753735,0.4134325720126587
0.5440881763527055,0.527377115371359,0.5126524447817502,0.4997013463151108,0.4883254814503949,0.47834320130051367,0.4695902028953081,0.461919202357727,0.45519903819730795,0.4493134647966571,0.44415981888228256,0.43964766700962715,0.4356974989946437,0.43223950517640886,0.4292124542001405,0.42656267752435434,0.4242431593295902,0.42221272656353476,0.4204353316387914,0.4188794194790022,0.417517370428781,0.4163250108540566,0.41528118378033374,0.41436737256201706,0.41356737124825854
0.5472945891783567,0.5302059916881354,0.5151429649759306,0.5018905050782878,0.4902474729027813,0.48002915830772613,0.4710681662995195,0.4632142304851273,0.456333396180095,0.4503068529372759,0.44502961443164835,0.4404091635048351,0.4363641338790214,0.4328230708808727,0.4297232905428629,0.4270098450174029,0.4246345939823868,0.42255537733497617,0.42073528195618237,0.41914199433742544,0.41774723056928115,0.41652623544623674,0.4154573429287218,0.4145215908369612,0.41370238332102416
0.550501002004008,0.533036110440639,0.5176354030919158,0.5040818914725684,0.49217177328866857,0.4817173688945714,0.47254825130603717,0.4645112100366845,0.4574695211770605,0.451301823893195,0.4459008170744714,0.441171904179297,0.43703186471046457,0.4334075993684742,0.4302349710948977,0.4274577517901811,0.42502667546356054,0.4228985937263718,0.42103572671195644,0.41940500133168207,0.4179774683667633,0.4167277900866192,0.41563379053491506,0.4146760612431605,0.4138376157976078
0.5537074148296595,0.5358675064341476,0.5201298145954065,0.5062755715945453,0.4940984525751629,0.4834079025630961,0.47403052433148385,0.46581020289258823,0.4586074698522686,0.4522984289243989,0.44677347277941254,0.4419359299963416,0.43770072782300046,0.43399312275703295,0.4307475241752917,0.42790642276538426,0.42541942567619007,0.42324239496709626,0.4213366827751925,0.4196684552518584,0.4182080967831118,0.41692968613138337,0.4158105365460776,0.4148307924921815,0.4139730763065827
0.5569138276553107,0.5387002145374222,0.5226262551535672,0.5084716118688757,0.49602758114512585,0.48510082927823023,0.47551505226964524,0.467111271401181,0.45974729931405245,0.4532967197028427,0.44764762789095236,0.44270128225813654,0.43837075985357116,0.4345796734335038,0.43126097834114346,0.4283558830755804,0.42581286670794605,0.423586800448605,0.4216381671571115,0.41993237101259057,0.418439128889281,0.41713193503218415,0.41598759099292676,0.4149857933687,0.4141087725404863
0.560120240480962,0.5415342696825685,0.5251247806381526,0.5106700790552638,0.4979592298073071,0.486796219479987,0.47700190250470487,0.4684144783924185,0.46088906712812916,0.454296748324857,0.4485233291408817,0.4434680026161744,0.4390419977514987,0.43516728406245075,0.4317753623951462,0.42880615806989497,0.42620702083699674,0.4239318297296388,0.421940197015655,0.42019676365708575,0.4186705778688242,0.41733454833924744,0.41616496399244757,0.4151410727328778,0.41424471225790255
0.5633266533066132,0.5443697068648865,0.5276254471286531,0.5128710402555126,0.49989346980660804,0.48849414409584085,0.4784911429246917,0.46971988719155694,0.46203283133094275,0.4552985673237756,0.44940062366000383,0.44423613308195364,0.43971447878812675,0.43575598759468254,0.4322907053932745,0.429257273320823,0.4266019105380259,0.4242775025415267,0.4222427896601495,0.42046164836122085,0.41890245702149087,0.41753753770452373,0.416342665750656,0.4152966395227854,0.4143809032855839
0.5665330661322645,0.5472065611427245,0.5301283109154681,0.5150745629206624,0.50183037283449,0.4901946745532982,0.47998284193515034,0.47102756163307924,0.4631786504432491,0.4563022296827966,0.4502795589900552,0.44500571603786176,0.4403882405666479,0.4363458172760527,0.4328070366526195,0.42970925463117393,0.4269975584883673,0.4246238387935919,0.42254596255606186,0.42072704043771914,0.4191347797668916,0.4177409148849032,0.41652070656541695,0.4154525027568698,0.414517353520613
0.5697394789579158,0.5500448676373285,0.532633428503105,0.5172807148582086,0.5037700110395223,0.4918978827926594,0.4814770684730367,0.4723375660748624,0.4643265834839446,0.45730778884808054,0.45116018309585126,0.44577679424826666,0.4410633210321191,0.43693680665643153,0.43332438575937615,0.43016212804115106,0.4273939875742592,0.42497085857866373,0.42284973332984793,0.42099295534040987,0.41936755964823696,0.41794469174549365,0.41669909682931794,0.41560867153647285,0.41465407093260814
0.5729458917835673,0.5528846615326903,0.535140856613402,0.5194895642394005,0.5057124570380782,0.49360384127998047,0.4829738920208483,0.47364996541259774,0.46547668998415054,0.458315298742097,0.45204254437766606,0.4465494108708239,0.44173975848167546,0.43752898959885506,0.43384278257699,0.430615919835573,0.42779122089722454,0.42531858217870067,0.4231541197738991,0.4212594086685739,0.41960081033615065,0.4181488802629652,0.4168778470326003,0.4157651550483994,0.4147910635659732
0.5761523046092185,0.5557259780753881,0.5376506521887737,0.5217011796066235,0.5076577839251766,0.49531262302023676,0.484473382620993,0.4749648250944674,0.46662903000155753,0.4593248137772243,0.4529266916838516,0.447323609468006,0.44241759157494437,0.438122400288856,0.43436225725446564,0.4310706565512391,0.42818928178057775,0.42566703007052453,0.4234591398515864,0.4215264161713751,0.41983454563255873,0.41835349252896054,0.41705696776614826,0.4159219625675361,0.4149283395421912
0.5793587174348698,0.5585688525744326,0.5401628723954893,0.523915629880873,0.5096060652854822,0.4970243015706997,0.48597561089040847,0.476282211136091,0.4677836641350435,0.4603363888696158,0.4538126743237079,0.44809943401886404,0.4430968593446739,0.43871707324398695,0.4348828402348486,0.43152636498444813,0.42858819377606855,0.4260162229316762,0.4237648117024118,0.4217939937523851,0.4200687794746609,0.41855854075357773,0.4172364697245414,0.41607910345952553,0.4150659070621665
0.582565130260521,0.5614133204010989,0.5426775746269643,0.5261329843693028,0.5115573752044561,0.4987389510545225,0.48748064803543034,0.4776021901357409,0.4689406535395661,0.46135007945333223,0.45470054208060684,0.4488769289310244,0.4437776012075737,0.43931304332353593,0.4354045622638775,0.43198307219866994,0.4289879806706596,0.42636618164638845,0.424071153647263,0.4220621574741996,0.42030352593898157,0.41876403726892264,0.41741636370916874,0.4162365871834947,0.4152037744086148
0.5857715430861723,0.5642594169887648,0.5451948165070881,0.5283533127728749,0.5135117882796701,0.5004566461745524,0.4889885658669283,0.47892482928984736,0.47010005994134707,0.4623659414947606,0.45559034522538555,0.4496561390529344,0.44445985697538387,0.4399103457384474,0.4359274543988218,0.43244080553238085,0.4293886664934506,0.42671692731168975,0.4243781841937826,0.4223309235631565,0.4205387992455102,0.4189699945327402,0.4175966606314107,0.4163944232948433,0.4153419499485049
0.5889779559118238,0.567107177832737,0.547714655893568,0.5305766851940881,0.515469379632283,0.5021774622273651,0.4904994368157063,0.48025019640878946,0.47126194565335067,0.4633840315073185,0.45648213453001063,0.4504371096863605,0.44514366686617485,0.4405090160614519,0.43645154801750535,0.4328995926070653,0.42979027552274895,0.4270684812436357,0.42468592204185035,0.4226003084141508,0.4207746137619275,0.4191764251321201,0.4177773715158881,0.41655262144808936,0.4154804421355518
0.592184368737475,0.5699566384900765,0.5502371508813017,0.5328031721448016,0.517430224918682,0.5039014751175306,0.4920133339481803,0.4815783599329871,0.4724263735910674,0.4644044065664578,0.45737596128152685,0.45121988659914947,0.44582907151588624,0.4411090902374111,0.436976874827523,0.43335946133538855,0.43019283229329197,0.4274208649836754,0.42499438608918444,0.42287032859555607,0.4210109840079246,0.41938334178728504,0.41795850750378133,0.416711191399778,0.41561925951276446
0.5953907815631263,0.5728078345794198,0.5527623598057743,0.5350328445541527,0.5193944003422984,0.5056287613721216,0.4935303309823434,0.4829093889493052,0.4735934072886159,0.4654271243249782,0.45827187729629837,0.4520045160382607,0.4465161119901146,0.4417106045938881,0.437503466875659,0.43382043992954933,0.4305963616036287,0.4277741003051578,0.4253035954370653,0.4231410008542531,0.4212479246596158,0.41959075735546036,0.4181400798562229,0.4168701430114536,0.41575841071504765
0.5985971943887776,0.5756608017807923,0.5552903412464769,0.5372657737765629,0.5213619826655937,0.5073593981554594,0.4950505023040176,0.484243353207771,0.4747631109151664,0.46645224302865645,0.45916993493455077,0.4527910447430793,0.4472048297961576,0.4423135958519496,0.4380313565575132,0.43428255690981776,0.43100088852366547,0.42812820921998407,0.42561356939618866,0.4234123421207721,0.42148545055405234,0.4197986848348322,0.41832209995776615,0.41702948625269837,0.41589790447186537
0.6018036072144288,0.5785155758354179,0.5578211540303527,0.5395020315998447,0.5233330492222292,0.5090934632841181,0.4965739229834142,0.4855803231386252,0.4759355492917035,0.4674798215322072,0.4600701871152276,0.4535795199590192,0.44789526689532205,0.4429181011372055,0.4385605766273393,0.4347458411132614,0.43140643840237897,0.42848321398540623,0.42592432749264725,0.4236843695145482,0.4217235766938344,0.4200071373685924,0.41850457931993085,0.41718923120423934,0.41603774960996065
0.6050100200400803,0.5813721925455251,0.5603548572352658,0.5417416902534009,0.5253076779294134,0.5108310352421799,0.49810066879199677,0.486920369869706,0.477110787908132,0.4685099193155803,0.46097268733116614,0.4543699894514253,0.44858746571550734,0.44352415799109807,0.43909116020810857,0.43521032170267265,0.43181303687570655,0.4288391371109835,0.4262358894740511,0.42395710034929845,0.4219623182518304,0.4202161282490772,0.4186875295848303,0.41734938806112576,0.4161779550561391
0.6082164328657316,0.5842306877741397,0.5628915101934912,0.543984822416523,0.5272859473004368,0.5125721931967554,0.4996308162196646,0.4882635652441822,0.47828889294073895,0.46954259650060753,0.4618774896646061,0.4551625015197834,0.449281469164069,0.4441318043824452,0.43962314080179843,0.43567602817569606,0.4322207098746155,0.4291960013656959,0.42654827531578743,0.4242305521385221,0.4222016905760044,0.4204256709220009,0.4188709625288823,0.4175099671359803,0.41631852984011664
0.6114228456913828,0.5870910974448807,0.565431172495235,0.5462315012267921,0.5292679364574009,0.5143170170137776,0.5011644424922652,0.489609981838647,0.47946993127002663,0.47057791386801345,0.4627846488030444,0.45595710501225234,0.44997732064097823,0.4447410787192494,0.4401565522999219,0.43614299037417004,0.4326294836333603,0.42955382978522505,0.42686150522742605,0.42450474260112847,0.42244170919435564,0.4206357789907872,0.41905489006660557,0.4176709788623256,0.4164594830974328
0.6146292585170341,0.5899534575417418,0.5679739039921715,0.5484818002885768,0.5312537251441383,0.5160655872740714,0.5027016255894419,0.4909596929815787,0.4806539704989222,0.47161593287479586,0.46369422005544164,0.4567538493405249,0.4506750640522812,0.44535201986077966,0.4406914289943005,0.43661123849368627,0.4330393846979343,0.4299126456794052,0.4271755996592768,0.4247796896671983,0.4226823898199752,0.4208464662210046,0.41923932425450733,0.41783243379798995,0.41660082407243376
0.6178356713426854,0.5928178041088702,0.5705197648010093,0.5507357936816383,0.5332433937393345,0.5178179852897072,0.5042424442628258,0.49231277277218155,0.48184107897137907,0.47265671567199224,0.4646062593687969,0.4575527844950295,0.4513747438238719,0.4459646671299363,0.4412278055880907,0.4370808030933738,0.43345043993472043,0.4302724726398515,0.4274905793091019,0.4250554114838821,0.4229237483562229,0.4210577465449059,0.419424277295062,0.4179943426285929,0.4167425621213253
0.6210420841683366,0.5956841732503348,0.5730688153070768,0.5529935559698365,0.5352370232698515,0.5195742931206487,0.5057869780545864,0.49366929609961885,0.4830313257913813,0.4737003251228425,0.46552082334509937,0.4583539610604845,0.45207640491558637,0.44657906032590716,0.441765717207073,0.43755171510591856,0.4338626765393501,0.4306333345477715,0.42780646512898934,0.4253319264214396,0.42316580090202827,0.4212696340660781,0.4196097615407868,0.41815671617111677,0.4168847067153009
0.6242484969939881,0.5985526011298883,0.5756211161679313,0.555255162209942,0.5372346954242604,0.5213345935916988,0.5073353073163449,0.4950293386626483,0.48422478084236403,0.474746824821361,0.4664379692586715,0.4591574302318171,0.4527800928356334,0.44719523973712744,0.4423051994112116,0.4380240058478223,0.4342761220457751,0.43099525558196444,0.4281232783323939,0.4256092530794262,0.42340856375732105,0.42148214306420384,0.4197957894984151,0.41831956537756215,0.41702726744374363
0.6274549098196394,0.6014231239707233,0.5781767283169965,0.5575206879605625,0.5392364925665912,0.5230989703097565,0.5088875132284687,0.49639297698967566,0.48542151480706375,0.4757962791113337,0.4673577550739165,0.4599632438304586,0.4534858536553676,0.44781324615455076,0.44284628820649496,0.43849770702991403,0.434690804335563,0.4313582602270197,0.42844104040135095,0.42588741029303295,0.4236520534285952,0.42169528799994227,0.41998237383317505,0.4184829013386972,0.41717025401750973
0.6306613226452906,0.604295778055215,0.5807357129672152,0.5597902092911712,0.5412424977502934,0.5248675076813867,0.5104436778197483,0.49776028845923315,0.48662159918780995,0.47684875310574937,0.4682802394634816,0.46077145432102856,0.45419373402442115,0.4484331208852445,0.4433890200570669,0.4389728507681187,0.4351067516474212,0.43172237328171537,0.42875977309386887,0.4261664171395814,0.42389628663461043,0.4219090835199288,0.4201695273731713,0.41864673528789637,0.41731367627229116
0.6338677354709419,0.6071705997246578,0.5832981316147287,0.5620638027912472,0.5432527947324227,0.5266402909307121,0.5120038839874727,0.49913135132089914,0.4878251063272723,0.4779043127066814,0.4692054818268514,0.46158211482842,0.4549037811862032,0.4490549057663183,0.4439334318976562,0.43944946959449305,0.43552399258695734,0.4320876198676272,0.4290794984515056,0.4264462929451827,0.4241412803122373,0.42212354446190203,0.42035726311387916,0.4188110786050777,0.4174575441720636
0.6370741482965931,0.6100476253789956,0.5858640460425812,0.5643415455795373,0.5452674679880593,0.5284174061176461,0.5135682155179189,0.5005062447166762,0.48903210942968106,0.4789630246256373,0.47013354230938886,0.46239527915530143,0.4556160429937808,0.44967864317919853,0.44447956114631826,0.4399275964685391,0.43594255613668703,0.43245402543795525,0.4294002388071378,0.42672705729156446,0.42438705162244994,0.4223386858599595,0.42054559422275123,0.4189759428207394,0.4176018678126228
0.6402805611222446,0.6129268914765361,0.5884335183244407,0.5666235153134208,0.5472866027249508,0.5301989401564559,0.5151367571072564,0.5018850487028302,0.49024268258252973,0.48002495640438547,0.471064481821832,0.4632110018000475,0.4563305679261547,0.4503043760642608,0.4450274457174966,0.4404072647888037,0.4363624716662946,0.43282161578657474,0.4297220167929271,0.4270087300230723,0.4246336179564716,0.4225545229499474,0.420734534043942,0.4191413396200989,0.41774665742520894
0.6434869739478959,0.6158084345336589,0.5910066108283446,0.5689097901983988,0.5493102848983988,0.5319849808346813,0.5167095943828859,0.5032678442722163,0.4914569007787793,0.48109017643627877,0.47199836206026763,0.46402933797511225,0.45704740510494096,0.4509321479358305,0.44557712403541644,0.44088850840477406,0.4367837689431565,0.4331904170573192,0.4300448553484919,0.4272913312538511,0.424880996942079,0.4227710711749908,0.4209240961031549,0.4193072808473396,0.4178919233802271
0.6466933867735472,0.6186922911245156,0.5935833862204704,0.5712004489977008,0.5513386012263887,0.5337756168324147,0.5182868139252288,0.5046547133771012,0.49267483993958083,0.4821587539880911,0.4729352455265958,0.46485034362586397,0.457766604311477,0.4515620028975672,0.44612863504782274,0.44137136162907975,0.4372064781431379,0.43356045575350477,0.4303687777292913,0.4275748813752132,0.4251292064500704,0.42298834619116615,0.42111429411261475,0.4194737785099676,0.41803767619106263
0.6498997995991984,0.6215784978807146,0.5961639074689232,0.5734955710420099,0.5533716392049659,0.535570937741945,0.5198685032899684,0.5060457389524959,0.4938965769375289,0.4832307592223811,0.4738751955494999,0.46567407544989114,0.4584882160043608,0.4521939856582449,0.4466820182400734,0.44185585925001347,0.4376306298616708,0.43393175874770357,0.43069380751522823,0.42785940106320075,0.42537826460090417,0.4232063638733243,0.42130514197617186,0.41964084478328384,0.4181839265179981
0.6531062124248497,0.6244670914909976,0.598748237847547,0.575795236239311,0.5554094871238672,0.5373710340877815,0.5214547510307642,0.5074410049400158,0.4951221896204646,0.48430626322040243,0.4748182763059414,0.4665005909168016,0.4592122913374432,0.4528281415479402,0.4472373136496,0.4423420365443778,0.4380562551251225,0.4343043532917747,0.4310199686194811,0.428144911286347,0.42562818977151246,0.4234251403210665,0.4214966537945406,0.41980849201497367,0.41833068517223393
0.6563126252505009,0.6273581087009041,0.6013364409397576,0.5780995250848632,0.5574522340824117,0.5391759973470659,0.5230456467224532,0.5088405963122851,0.4963517568358474,0.48538533800557726,0.47576455284319497,0.467329948288526,0.4599388821782844,0.45346451653464437,0.4477945618807497,0.442829929290674,0.4384833854024676,0.434678267027162,0.43134728529756944,0.4284314333136456,0.42587900060229716,0.4236446918648814,0.4216888438706788,0.4199767327298203,0.418477963120016
0.6595190380761524,0.6302515863124242,0.6039285806423934,0.5804085186712985,0.5594999700056604,0.5409859199703839,0.5246412809847485,0.5102445990979011,0.4975853584557106,0.48646805656755304,0.47671409110144447,0.4681622066401478,0.46066804112709575,0.45410315724131495,0.44835380412002124,0.44331957378264164,0.43891205261727134,0.43505352799546876,0.43167578215666425,0.428718988722733,0.42613071600431435,0.4238650350724466,0.4218817267153112,0.42014557963454435,0.4186257714868753
0.6627254509018037,0.6331475611836387,0.6065247211695911,0.582722298698847,0.5615527856608414,0.5428008954029809,0.5262417455064481,0.5116531004069736,0.498823075402221,0.4875544928868584,0.477666957936955,0.4689974258812737,0.46139982153617787,0.4547441109633786,0.4489150821517087,0.4438110068431624,0.43934228915999707,0.4354301646493187,0.43200548416515117,0.4290075994082965,0.4263833551666548,0.4240861867551023,0.422075317052605,0.42031504562277655,0.4187741215619826
0.6659318637274549,0.6360460702283487,0.6091249270566788,0.5850409474856958,0.563610772674061,0.5446210181064047,0.5278471330701784,0.5130661884572641,0.5000649896738636,0.4886447219601842,0.47862322114584555,0.4698356667779665,0.46213427752987735,0.4553874256867053,0.4494784383739676,0.44430426583854205,0.4397741279006482,0.43580820586351277,0.4323364166624542,0.42929728759070834,0.42663693756402543,0.4243081639745019,0.4222696298259991,0.42048514378016527,0.4189230248026233
0.6691382765531062,0.6389471504156894,0.6117292631640894,0.5873645479784737,0.56567402354729,0.5464463835805691,0.5294575375776734,0.5144839526009309,0.5013111843722666,0.4897388198263012,0.47958294948847663,0.4706769909752567,0.46287146402507723,0.45603315010606743,0.45004391581531855,0.4447993886931818,0.44020760220175825,0.4361876809464937,0.43266860536913115,0.4295880758249007,0.4268914829645415,0.42453098404944717,0.4224646802041963,0.420655887389627,0.4190724928387949
0.6723446893787575,0.6418508387697326,0.6143377946812941,0.5896931837628757,0.5677426316756479,0.548277088386267,0.5310730540756179,0.5159064833519136,0.5025617437296926,0.4908368635926455,0.48054621271447917,0.47152146102025466,0.4636114367522402,0.45668133364410196,0.4506115581516033,0.4452964139046552,0.44064274593173935,0.43656861965212856,0.4330020763972492,0.4298799870094879,0.42714701143773515,0.4247546645629135,0.42266048358732167,0.4208272899367423,0.41922253747793453
0.675551102204409,0.644757172369075,0.6169505871307553,0.5920269390744206,0.5698166913649794,0.5501132301681333,0.5326937787820629,0.517333872413964,0.5038167531372155,0.491938931462587,0.48151308158844347,0.47236914038588435,0.4643542522770259,0.4573320264707941,0.45118140972341025,0.4457953805592039,0.4410795934786037,0.4369510521918205,0.43333685626105173,0.4301730443961428,0.42740354336278924,0.42497922336927296,0.4228570556132546,0.4209993651153036,0.41937317070977764
0.6787575150300602,0.647666188346412,0.619567706371898,0.594365898809346,0.5718962978497357,0.5519549076780729,0.5343198091134347,0.5187662127093503,0.5050762991736013,0.49304510276340474,0.48248362791628957,0.4732200934952574,0.46509996802249803,0.45798527952349805,0.45175351555398413,0.44629632834766625,0.44151817976407015,0.4373350092469622,0.4336729718879259,0.43046727159924064,0.4276610994370049,0.42520467860172173,0.4230544121641398,0.42117212683302124,0.41952440471135644
0.6819639278557115,0.6505779238880988,0.622189218605101,0.596710148535647,0.5739815473111671,0.5538022207991691,0.5359512437121527,0.5202035984082566,0.5063404696349264,0.4941554579749977,0.48345792457234865,0.4740743857467154,0.46584864229194883,0.4586411445275199,0.45232792136764133,0.4467992975818577,0.4419585402580717,0.4377205219817435,0.4340104506296833,0.43076269260577627,0.4279197006845094,0.4254310486799202,0.42325256937308564,0.42134558921739157,0.4196762518521396
0.6851703406813627,0.6534924162336923,0.6248151903757018,0.5990597745042503,0.5760725368958289,0.5556552705700758,0.5375881824748704,0.5216461249588896,0.507609353564941,0.49527007875934675,0.4844360455271698,0.4749320835395562,0.46660033429235526,0.4592996740172753,0.4529046736087036,0.44730432921141583,0.44240071099367634,0.43810762205632503,0.43434932027416334,0.4310593317855671,0.4281793684652159,0.4256583523178523,0.4234515436310534,0.4215197666217343,0.4198287246993203
0.688376753507014,0.6564097026754863,0.6274456885780294,0.6014148636603435,0.5781693647344187,0.5575141592099233,0.5392307265813696,0.5230938891183328,0.5088830412862227,0.4963890479907656,0.48541806587608965,0.4757932543004773,0.46735510415849696,0.4599609213580492,0.4534838194609745,0.44781146484112866,0.4428447285824377,0.43849634164039347,0.4346896090571733,0.43135721390175125,0.42844012448404245,0.4258866085319136,0.4236513515939491,0.4216946736314066,0.4199818360232599
0.6915831663326655,0.6593298205580184,0.6300807804594399,0.6037755036548376,0.5802721299609371,0.5593789901437292,0.5408789785241094,0.5245469889841473,0.5101616244321234,0.4975124497869523,0.4864040618685779,0.47665796651075204,0.46811301297775193,0.4606249407683743,0.45406540686777314,0.44832074674876354,0.44329063023019083,0.43888671342710917,0.4350313456747752,0.4316563641215926,0.42870199080039983,0.42611583664923575,0.42385201018992,0.4218703250701965,0.42013559880308743
0.6947895791583167,0.6622528072775736,0.6327205336243824,0.6061417828559891,0.5823809327321928,0.5612498680283472,0.5425330421384655,0.5260055240267677,0.5114451959795556,0.4986403695408826,0.4873941109383978,0.4775262897341721,0.46887412281560054,0.4612917873430542,0.45464948455254917,0.4488322179034148,0.44373845375330934,0.4392787706474636,0.4353745592959342,0.4319568080276024,0.4289649898379596,0.42634605631625505,0.42405353662686834,0.4220467360069068,0.42029002623246786
0.697995991983968,0.665178700281663,0.6353650160384731,0.6085137903611678,0.5844958742476526,0.5631268987789592,0.544193022633671,0.5274695951226991,0.5127338502826337,0.4997728939535655,0.4883882917346021,0.47839829464578026,0.4696384967418608,0.4619615170768531,0.4552361020400999,0.44934592198439066,0.4441882375954418,0.4396725470850613,0.43571927957554135,0.43225857162899234,0.4292291443947114,0.4265772875075375,0.4242559484001874,0.42222392176213414,0.42044513172553893
0.7012024048096193,0.6681075370684885,0.6380142960325876,0.6108916160087784,0.5866170567696447,0.5650101895961224,0.54585902662448,0.528939304588549,0.5140276831072013,0.5009101110676915,0.489386684153396,0.47927405306142107,0.47040619885767965,0.4626341868888757,0.45582530967840873,0.44986190340065546,0.4446400208447431,0.4400680770913395,0.43606553666782366,0.4325616813734675,0.42949447765332066,0.4268095505348658,0.4244592633007288,0.42240189791525096,0.42060092892302764
0.7044088176352705,0.6710393551863916,0.6406684423069722,0.6132753503903386,0.5887445836439272,0.5668998489933958,0.5475311621635822,0.530414756215923,0.5153267916662788,0.5020521103022094,0.4903893693709015,0.4801536379681418,0.4711772943233125,0.4633098546476649,0.456417158661132,0.45038020731085393,0.44509384325162316,0.44046539560124626,0.43641336124015806,0.43286616415937584,0.42976101319179916,0.4270428660566016,0.4246634994230113,0.42258068031159784,0.4207574316985505
0.7076152304609218,0.6739741922332808,0.6433275239353616,0.6156650848627131,0.590878559320623,0.5687959868255525,0.5492095387747805,0.5318960553072045,0.5166312746564556,0.503198982487857,0.4913964298768479,0.48103712355547007,0.4719518493867144,0.4639885791970416,0.45701170105075634,0.4509008796439333,0.44554974524702734,0.44086453814939036,0.4367627844873025,0.4331720473482243,0.43002877499449804,0.4272772550873313,0.42486867517367705,0.42276028506989466,0.4209146541651054
0.7108216432865733,0.6769120858560448,0.6459916103691206,0.6180609115605086,0.5930190893755362,0.5706987143173969,0.5508942674869617,0.5333833087122497,0.5179412322952581,0.5043508199036802,0.49240794950922595,0.48192458524760323,0.4727299314129755,0.4646704203827143,0.45760898980244874,0.4514239671203885,0.44600776796127206,0.4412655408866823,0.4371138381460606,0.4334793587775781,0.4302977874634373,0.4275127390078067,0.4250748092802079,0.4229407285898784,0.42107261068176194
0.7140280561122245,0.6798530737499425,0.6486607714413912,0.6204629234086304,0.5951662805318538,0.5726081440932049,0.5525854608688846,0.5348766248660315,0.5192567663595363,0.5055077163145809,0.493424013489941,0.48281609973654144,0.4735116089146321,0.46535543907968835,0.4582090787886321,0.45194951727415483,0.44646795324345656,0.4416684405974861,0.43746655451039757,0.43378812677435563,0.4305680754299843,0.4277493395751926,0.425281920799911,0.42312202756017725,0.4212313158605595
0.7172344689378758,0.682797193657981,0.6513350773712601,0.622871214135005,0.5973202406822464,0.5745243902068026,0.5542832330648036,0.5363761138272577,0.5205779802248914,0.5066697670099226,0.49444470846149785,0.48371174501619946,0.4742969515828859,0.46604369722050515,0.45881202282430716,0.4524775784751705,0.4469303436814709,0.44207327471729974,0.43782096644702256,0.43409838016853697,0.430839664166895,0.4279870789336326,0.42549002912918177,0.4233041989664285,0.42139078457361767
0.720440881763527,0.6857444833702653,0.654014598767931,0.6252858782834662,0.5994810789113687,0.5764475681722977,0.555987699830959,0.537881887317994,0.5219049789061856,0.5078370688432318,0.4954701225247547,0.4846116004175306,0.475086030319761,0.46673525782433856,0.45941787769315157,0.453008199952635,0.4473949826226237,0.4424800813509846,0.43817710741145705,0.4344101483072976,0.4311125794007292,0.42822597962514364,0.42569915401305797,0.42348726009965104,0.42155103196047133
0.7236472945891783,0.6886949807233363,0.6566994066349168,0.6277070112268144,0.6016489055187785,0.5783777949954865,0.5576989785729572,0.539394058764331,0.5232378690991702,0.5090097202730385,0.496500345277788,0.4855157466447045,0.47587891727124093,0.46743018502698624,0.4600267001744262,0.45354143181899154,0.4478619141949149,0.44288889929156705,0.43853501146460655,0.43472346106958876,0.431386847324659,0.42846606460085596,0.42590931555507433,0.4236712285648812,0.4217120734356351
0.7268537074148298,0.6916487235994833,0.6593895723742366,0.6301347091800447,0.6038238320422756,0.5803151892059508,0.5594171883840694,0.5409127433381217,0.5245767592232717,0.5101878214048915,0.49753546785590536,0.4864242658123735,0.47667568586141584,0.4681285441117859,0.4606385480707182,0.4540773250946585,0.4483311833289753,0.4432997680396309,0.4388947132898573,0.43503834888117743,0.4316624946116816,0.42870735723260744,0.42612053422743,0.4238561222900837,0.42187392469640983
0.7300601202404811,0.6946057499260352,0.6620851677906235,0.632569069213748,0.6060059712816739,0.5822598708898653,0.5611424500844738,0.5424380579998292,0.5259217594655716,0.5113714740345918,0.498575582972849,0.48733724148407054,0.4774764108276822,0.46883040154149414,0.46125348023655477,0.45461593173354253,0.448802835780703,0.44371272782332727,0.4392562482107159,0.4353548427301667,0.4319395484282541,0.42894988132490985,0.4263328308814811,0.4240419595353466,0.42203660173093743
0.7332665330661323,0.6975660976746375,0.6647862650957487,0.6350101892676938,0.6081954373230181,0.5842119617235353,0.5628748862614749,0.5439701215425196,0.5272729818260246,0.5125607816926874,0.49962078496323487,0.4882547587117804,0.47828116825703226,0.46953582499116225,0.4618715566079179,0.45515730464935916,0.4492769181546184,0.44412781961902353,0.4396196522090149,0.43567297418301487,0.4322180364483673,0.4291936611272997,0.4265462267585712,0.42422875890237366,0.4222001208265164
0.7364729458917836,0.7005298048604995,0.6674929369124463,0.6374581681645847,0.6103923455632492,0.5861715850076821,0.5646146213107243,0.5455090546370368,0.5286305401639577,0.5137558496902761,0.5006711698262718,0.48917690407672737,0.47909003562347674,0.4702448833820503,0.46249283823270027,0.45570149774279783,0.4497534779279731,0.44454508517261815,0.4399849619437066,0.435992775401072,0.4324979868680748,0.42943872134708916,0.4267607435012129,0.42441653934428336,0.4223644985781864
0.7396793587174348,0.7034969095416228,0.6702052562789498,0.6399131056239971,0.6125968127353348,0.5881388657024997,0.5663617814784777,0.5470549798784001,0.5299945502458921,0.5149567851661612,0.5017268352708075,0.49010376573142705,0.4799030918266431,0.47095764691661707,0.463117387302133,0.45624856592955815,0.450232563475634,0.4449645670215453,0.4403522147702666,0.43631427915765447,0.4327794284204949,0.429685087162533,0.4269764031646346,0.424605320175729,0.4225297518975934
0.7428857715430861,0.7064674498180069,0.6729232966531351,0.6423751022765019,0.61480895693387,0.5901139304635001,0.5681164949049167,0.5486080218334625,0.5313651297947375,0.5161636971354109,0.5027878807617524,0.49103543344304823,0.4807204172315939,0.47167418711462933,0.4637452671832277,0.45679856516929745,0.45071422409578094,0.44538630851750033,0.4407214487607341,0.4366375188556809,0.43306239039130734,0.4299327842364291,0.42719322822870726,0.4247951210833517,0.42269589802214796
0.7460921843687376,0.7094414638308344,0.6756471319167731,0.6448442596779763,0.6170288976411654,0.5920969076781767,0.5698788916685745,0.5501683070898773,0.5327423985404057,0.5173766965393726,0.5038544075679322,0.4919719986381376,0.481542093709916,0.47239457685043423,0.4643765424522725,0.45735155249552356,0.45119851003644573,0.4458103538499119,0.44109270272441287,0.4369625285458906,0.4333469026347612,0.4301818387301691,0.4274112416102661,0.4249859621365795,0.4228629545244853
0.7492985971943888,0.7124189897616267,0.6783768363797805,0.6473206803240968,0.6192567557538238,0.5940879275034942,0.5716491038318878,0.5517359643064057,0.5341264782718903,0.5185958962971918,0.5049265188114209,0.49291355444875445,0.4823682046821231,0.47311889039143806,0.46501127892941974,0.457907586046468,0.4516854725229273,0.44623674807019126,0.4414660162292584,0.437289342945667,0.4336329955902164,0.43043227731825706,0.42763046667584437,0.42517786379878825,0.4230309393222431
0.7525050100200401,0.7154000658313825,0.6811124847844839,0.6498044676650313,0.6214926536098282,0.5960871219042453,0.5734272654879259,0.5533111242646248,0.5355174928908715,0.5198214113588974,0.5060043195184141,0.4938601957600766,0.4831988351614319,0.47384720343784353,0.4656495437144151,0.4584667250969837,0.45217516378611894,0.446665537116791,0.44184142962398226,0.43761799745849206,0.43392070029923935,0.4306841272033154,0.42785092725483276,0.4253708469388352,0.42319987068816645
0.7557114228456914,0.7183847302996874,0.6838541523098799,0.6522957261203169,0.6237367150161426,0.5980946246922839,0.5752135128083189,0.5548939199220722,0.5369155684668927,0.5210533587601056,0.5070879166716985,0.49481201925952967,0.48403407179895913,0.4745795931636927,0.46629140522350976,0.4590290300915062,0.4526676370917851,0.44709676784110747,0.44221898406089977,0.43794852819405905,0.43421004842327854,0.43093741613160036,0.4280726476530872,0.4255649328429862,0.42336976726055664
0.7589178356713426,0.7213730214638001,0.6866019145759017,0.6547945610939403,0.6259890652768421,0.6001105715666659,0.5770079840924301,0.5564844864668779,0.5383208332941695,0.5222918576784037,0.5081774192647769,0.4957691234874988,0.48487400293039684,0.47531613825926533,0.46693693322760255,0.4595945626781191,0.4531629467708237,0.44753048803425627,0.4425987215195532,0.43828097198906574,0.43450107226193885,0.4311921724090431,0.4282956526669981,0.4257601432272475,0.4235406480540755
0.7621242484969941,0.7243649776577143,0.6893558476476881,0.6573010789896124,0.6282498312217851,0.6021351001547233,0.5788108198178133,0.55808296137394,0.5397334179500883,0.5235370294914785,0.5092729383577163,0.496731608889688,0.48571871862422744,0.4760569189748941,0.4675861988916654,0.460163385743773,0.45366114825055703,0.447966746454763,0.4429806848311414,0.4386153664287219,0.4347938047718841,0.43144842491784374,0.42851996759804395,0.42595650025012183,0.423712532470921
0.7653306613226454,0.7273606372511907,0.6921160280398463,0.6598153872262427,0.630519141235833,0.6041683500540905,0.5806221626919874,0.5596894844626871,0.5411534553554557,0.5247889978370528,0.5103745871347828,0.49769957787119,0.48656831073153756,0.4768020171662467,0.46823927481550215,0.4607355634507028,0.45416229808709313,0.4484055928572026,0.44336491770379033,0.43895174986899615,0.4350882795863908,0.43170620313363595,0.42874561826784685,0.4261540265258058,0.42388544031238995
0.7685370741482966,0.7303600386487709,0.6948825327207245,0.6623375942536237,0.6327971252886423,0.6062104628757238,0.5824421577055798,0.5613041979564913,0.5425810808365612,0.5260478886746979,0.5114824809639328,0.49867313485233394,0.4874228729374953,0.47755151634113946,0.46889623507589623,0.4613111612740945,0.4546664539988016,0.44884707802183027,0.4437514647486998,0.43929016145963684,0.4353845310355827,0.431965537143252,0.42897263103375405,0.42635274513784693,0.42405939179084345
0.7717434869739479,0.7333632202887538,0.6976554391166725,0.6648678095683137,0.6350839149650265,0.6082615822879226,0.5842709521868739,0.5629272465437827,0.5440164321891219,0.5273138303495966,0.5125967374582348,0.4996523863263837,0.4882825008145603,0.478305501707943,0.4695571552702035,0.46189024604104995,0.4551736749009499,0.449291253785241,0.44414037150720065,0.43963064116799555,0.4356825941673722,0.43222645766310697,0.42920103280496386,0.42655267965327953,0.42423440754209213
0.7749498997995992,0.7363702206421555,0.700434825116305,0.667406143729732,0.6373796434959146,0.6103218540613979,0.5861086958578109,0.5645587774409252,0.5454596497441735,0.5285869536583239,0.5137174765392923,0.5006374409191567,0.4891472918774921,0.4790640602256442,0.4702221125614507,0.46247288597090835,0.4556840209415494,0.4497381730721057,0.44453168447876434,0.43997322980369136,0.43598250476914135,0.43248899605823454,0.4294308510592225,0.42675385413726097,0.4244105086382196
0.7781563126252506,0.7393810782116325,0.7032207690747573,0.6699527083764624,0.6396844457899082,0.6123914261154078,0.5879555408914877,0.5661989404569155,0.5469108764359831,0.5298673919167307,0.5148448205027549,0.5016284094506467,0.4900173456402365,0.4798272806556362,0.4708911857250033,0.463059150716977,0.45619755353846225,0.4501878899280264,0.44492545115000315,0.44031796904414827,0.43628429939019214,0.43275318436199756,0.4296621138601145,0.4269562931682277,0.42458771660086203
0.7813627254509019,0.7423958315303831,0.7060133498179392,0.6725076162427743,0.6419984584654622,0.6144704485649921,0.5898116419712055,0.567847888059972,0.5483702578720587,0.5311552810300075,0.5159788940859932,0.5026254049987274,0.4908927636747645,0.4805952536153079,0.4715644551968691,0.46364911140973725,0.4567143354178245,0.4506404595535612,0.4453217200247043,0.4406649014610454,0.4365880153649999,0.43301905529650525,0.4298948498749719,0.4271600218535953,0.4247660534149644
0.7845691382765532,0.7454145191610168,0.7088126466467758,0.6750709811753535,0.6443218198836895,0.6165590737693384,0.5916771563511091,0.5695057754460697,0.549837942405326,0.5324507595650076,0.5171198245380247,0.5036285429650199,0.4917736496719401,0.4813680716335026,0.4722420031237014,0.46424284070157795,0.45723443065383584,0.4510959383394639,0.44572054065494127,0.4410140705477179,0.4368936908373035,0.4332866422937659,0.43012908839343117,0.4273650658460257,0.4249455415430328
0.7877755511022044,0.7484371796943943,0.7116187393414456,0.6776429181502558,0.6466546701818173,0.61865745638131,0.5935522439184793,0.5711727606095025,0.5513140812085657,0.5337539688249301,0.5182677416917856,0.5046379411430191,0.49266010950451156,0.4821458292079339,0.47292391341458245,0.46484041281313376,0.45775790470998207,0.45155438390319697,0.44612196367331025,0.4413655207475498,0.43720136478506977,0.4335559795176076,0.4303648593466621,0.42757145136028407,0.4251262039399061
0.7909819639278557,0.7514638517484427,0.7144317081656065,0.680223543290081,0.6489971513073021,0.6207657533981731,0.5954370672577258,0.5728490044155382,0.5527988283511865,0.5350650529264429,0.5194227780388393,0.5056537197885679,0.49355225129230595,0.4829286228646355,0.47361027179465803,0.4654419035812899,0.45828482448174873,0.4520158551267705,0.4465260408263415,0.44171929748340505,0.4375110770463712,0.4338271018864022,0.4306021933273036,0.42777920519071577,0.4253080640680684
0.794188376753507,0.7544945739669326,0.717251633870608,0.6828129738813654,0.6513494070526145,0.6228841242135471,0.5973317917161326,0.5745346706752346,0.5542923408784213,0.536384158879345,0.5205850688066177,0.5066760016927723,0.4944501854697218,0.4837165512195305,0.4743011658607008,0.46604739050892535,0.4588152583408889,0.4524804121959625,0.44693282500913384,0.4420754471881372,0.437822868346214,0.4341000450966242,0.4308411216101317,0.4279883547293659,0.4254911459135267
0.7973947895791584,0.7575293850182321,0.7200785976996937,0.6854113283922062,0.6537115830907234,0.6250127306706277,0.5992365854714249,0.5762299262225079,0.555794778893047,0.5377114366688742,0.521754752038306,0.5077049122574709,0.4953540248556226,0.484509715042219,0.4749966851386939,0.4666569528164764,0.4593492761813179,0.45294811664098605,0.4473423703012696,0.44243401733622933,0.43813678032436093,0.43437484564728496,0.43108167617349674,0.4281989279847726,0.42567547400227795
0.8006012024048097,0.7605683235940236,0.7229126813921867,0.688018726490106,0.6560838270112747,0.6271517371167038,0.6011516196012017,0.577934940993519,0.5573063056397141,0.5390470393407555,0.5229319686754714,0.5087405795733527,0.4962638847257255,0.48530821732206925,0.4756969211435129,0.4672706714953921,0.4598869494667026,0.4534190313786641,0.44775473200406535,0.4427950564766144,0.43845285556419467,0.4346515408652806,0.4313238897215616,0.4284109536014645,0.42586107341739404
0.803807615230461,0.763611428407995,0.7257539671876605,0.690635289060056,0.658466288357502,0.6293013104590204,0.6030770681543122,0.5796498881084742,0.558827087591994,0.5403911230891103,0.5241168626435566,0.5097831345008458,0.4971798828875998,0.4861121633367226,0.47640196744080837,0.4678886293635741,0.46042835127982423,0.4538932207561811,0.44816996667921927,0.44315861426672654,0.43877113762266445,0.4349301689316935,0.4315677957073787,0.4286244608801924,0.42604796981675064
0.8070140280561122,0.7666587381944943,0.7286025378300917,0.6932611382228449,0.6608591186638664,0.6314616202220119,0.6050131082242239,0.5813749439559159,0.5603572945422415,0.5417438473473304,0.5253095809403474,0.5108327107538853,0.498102139758381,0.4869216607231094,0.4771119197111761,0.46851091112288074,0.46097355637378956,0.4543707505964804,0.4485881321889155,0.44352474150784094,0.43909167106136804,0.43521076890909133,0.431813428356842,0.42883947979892967,0.42623618945142916
0.8102204408817635,0.7697102917071525,0.7314584765719904,0.6958963973536048,0.6632624714944557,0.6336328386059574,0.6069599200244632,0.5831102882796049,0.5618970996943883,0.5431053748820477,0.5265102737275507,0.511889444986693,0.49903077844532556,0.4877368195510929,0.47782687581672567,0.4691376034187936,0.4615226412251779,0.4548516882453824,0.4490092877374546,0.4438934901817597,0.4394145014788195,0.43549338076986843,0.4320608226935548,0.42905604103467576,0.426425759184823
0.813426853707415,0.7727661277174754,0.7343218671785113,0.6985411911005934,0.6656765024821517,0.6358151405470894,0.6089176869661841,0.5848561042680781,0.5634466797597736,0.5444758718903151,0.5277190944256,0.51295347688369,0.49996592482932384,0.48855775239985294,0.4785469358701483,0.46976879490234247,0.4620756840892097,0.4553361026205042,0.4494334939144782,0.444264913488907,0.43973967554395826,0.43577804542568,0.4323100145646565,0.42927417598610074,0.42661670651248207
0.8166332665330662,0.7758262850133986,0.7371927939315406,0.7011956454042165,0.6681013693685854,0.638008703779205,0.6108865957379482,0.5866125786469891,0.565006215056139,0.5458555081001384,0.5289361998118376,0.5140249492526815,0.5009077076515069,0.48938457443713496,0.4792722023064,0.4704045762943887,0.46263276505702794,0.45582406426205796,0.44986081273986045,0.4446390658878944,0.44006724103095374,0.4360648047580143,0.4325610406676501,0.4294939167970682,0.4268090595827256
0.8198396793587175,0.7788908023978123,0.7400713416337572,0.7038598875162906,0.6705372320449022,0.6402137088968227,0.6128668363877835,0.5883799017743292,0.5665758896099055,0.5472444568744917,0.5301617501222059,0.5151040081214584,0.5018562586030814,0.4902174035014908,0.4800027799571175,0.4710450404523796,0.4631939661151924,0.45631564538562064,0.45029130771034553,0.44501600313663076,0.44039724685537013,0.43635370164996123,0.4328139385782789,0.4297152963810782,0.42700284721806375
0.8230460921843687,0.7819597186870484,0.7429575956126657,0.7065340460195484,0.6729842525933455,0.6424303394199233,0.6148586024075977,0.5901582677386347,0.5681558912618656,0.5486428953189626,0.5313959091566073,0.5161908028379604,0.5028117124185366,0.4910563601876483,0.480738776127892,0.47169028243968253,0.4637593712074861,0.45681091993696227,0.4507250438480096,0.445395782335042,0.44072974311175067,0.4366447800192306,0.4330687467795015,0.4299383484466747,0.4271980989374623
0.82625250501002,0.7850330727093335,0.745851641724601,0.7092182508473903,0.6754425953296853,0.644658781860328,0.6168620908200303,0.5919478744602948,0.569746411776423,0.5500510043931756,0.5326388443880814,0.5172854861741594,0.5037742069723753,0.49190156793514817,0.4814803006785298,0.4723403995976201,0.4643290662991413,0.45730996364902976,0.45116208775063504,0.4457784619694814,0.44106478111269065,0.43693808485247776,0.43332550469161535,0.43016310752385967,0.4273948449794924
0.8294589178356715,0.7881109033032087,0.7487535663586996,0.7119126333038837,0.6779124268465093,0.6468992257897618,0.6188775022678259,0.593748923796077,0.5713476469545277,0.5514689690261584,0.5338907270759742,0.5183882144338332,0.5047438833795308,0.49275315312040635,0.4822274661064441,0.47299549162033483,0.46490313944360384,0.45781285410119077,0.45160250764408716,0.44616410195890827,0.4414024134294702,0.43723366224100285,0.4335842527035864,0.43038960899156625,0.42759311632640723
0.8326653306613228,0.791193249315907,0.7516634564408361,0.7146173260840083,0.6803939160573887,0.6491518639096432,0.6209050411058074,0.595561621646982,0.5729597967504458,0.5528969782358063,0.5351517323832637,0.5194991475643936,0.5057208860996298,0.49361124515234694,0.48298038763331524,0.4736556606326111,0.4654816808519474,0.4583196707808402,0.4520463734367868,0.44655276370291996,0.4417426939343186,0.43753155941788463,0.4338450322056387,0.43061788910623744,0.42779294472918883
0.835871743486974,0.7942801496017022,0.7545813994375264,0.7173324632941576,0.682887234241952,0.6514168921226647,0.6229449154955506,0.597386178069568,0.5745830653925295,0.5543352252526318,0.5364220394982342,0.5206184492729627,0.5067053630452892,0.4944759765717865,0.4837391832951819,0.4743210112707997,0.4660647829650718,0.458830495147486,0.45249375677638154,0.4469445101317255,0.44208567784439184,0.4378318247966211,0.4341078856231683,0.4308479850315661,0.4279943627336124
0.8390781563126253,0.7973716430202153,0.7575074833597881,0.7200581804728876,0.6853925550918691,0.6536945096062021,0.6249973375028406,0.5992228073908624,0.5762176615081378,0.5557839076479659,0.5377018317606794,0.5217462871468769,0.5076974656946192,0.4953474831547305,0.4845039740361165,0.4749916507669869,0.46665254052881167,0.45934541069943086,0.4529447311087201,0.44733940575815584,0.44243142176754435,0.4381345080113491,0.43437285645204327,0.4310799348694525,0.42819740370737924
0.8422845691382765,0.8004677684346861,0.7604417967669631,0.7227946146119242,0.6879100547577851,0.6559849188876197,0.6270625231980168,0.6010717283270101,0.5778637982528927,0.5572432274668212,0.5389912967928492,0.5228828327788334,0.5086973492081405,0.49622590401977845,0.48527488380566347,0.4756676890365703,0.4672450506721019,0.4598645030431776,0.45339937173924216,0.44773751673180895,0.4427799837499829,0.4384396599587198,0.4346399892953594,0.43131377769223855,0.4284021018683685
0.8454909819639278,0.8035685647102034,0.7633844287704922,0.7255419041774224,0.6904399118972053,0.6582883259215163,0.6291406927592954,0.6029331641057859,0.5795216934444282,0.5587133913655965,0.5402906266353367,0.5240282618968812,0.5097051725503137,0.4971113817398243,0.4860520396602143,0.4763492387693994,0.4678424129883438,0.46038785996568954,0.4538577558969024,0.4481389108954349,0.4431314233258957,0.43874733284151163,0.4349093299017217,0.43154955357628044,0.4286084923140624
0.8486973947895793,0.8066740707119024,0.7663354690376486,0.7283001891314885,0.6929823077233729,0.6606049401689815,0.6312320705791871,0.6048073425931412,0.5811915697008424,0.5601946107548536,0.5416000178881433,0.5251827544994885,0.5107210986159014,0.49800406245826134,0.48683557186851406,0.4770364155246596,0.4684447296201318,0.46091557150964785,0.45431996280075365,0.44854365784367295,0.4434858015691549,0.4390575802140678,0.43518092520512924,0.43178730363693046,0.42881661105220786
0.8519038076152305,0.809784325303115,0.7692950077952144,0.7310696109539525,0.6955374260551381,0.6629349746789069,0.6333368853741002,0.6066944964239172,0.5828736545840234,0.5616871019473698,0.5429196718571427,0.5263464949959148,0.5117452943613916,0.4989040960099062,0.4876256140214963,0.4777293378296794,0.46905210534750386,0.4614477300518521,0.45478607372931984,0.4489518289842549,0.4438431811471941,0.43937045702964844,0.43545482336654195,0.43202707006499247,0.42902649503276946
0.8551102204408818,0.8128993673434907,0.772263135833116,0.7338503126644114,0.6981054533678669,0.6652786461714337,0.635455370297263,0.6085948631369101,0.5845681807480755,0.5631910863117146,0.5442497947062009,0.5275196723521446,0.5127779309417242,0.49981163604687345,0.4884223031466629,0.47842812728285805,0.46966464767989363,0.46198443038492387,0.45525617209290165,0.44936349760180105,0.4442036263771722,0.43968601968979365,0.4357310738172145,0.4322688961647301,0.4292381821812453
0.8583166332665331,0.8160192356870686,0.7752399445079928,0.7366424388445229,0.7006865788453859,0.6676361751235775,0.6375877630550592,0.6105086853144381,0.5862753860930393,0.5647067904315786,0.5455905976152022,0.5287024802426373,0.5138191838525747,0.5007268401696383,0.4892257798272281,0.4791329086609143,0.4702824669519662,0.46252576980247684,0.4557303435089593,0.44977873892434017,0.4445672032845392,0.44000432609580137,0.4360097273038889,0.43251282639350586,0.4294517114334121
0.8615230460921843,0.8191439691803125,0.7782255257467153,0.7394461356605676,0.7032809944330057,0.6700077858571164,0.6397343060269156,0.6124362107266026,0.5879955139241455,0.5662344462711242,0.5469422969442626,0.5298951172081741,0.5148692330784668,0.5016498700635463,0.4900361883262679,0.47984381003067733,0.4709056764235358,0.46307184818792974,0.45620867588073083,0.45019763019268927,0.4449339796641254,0.44032543570242566,0.4362908359359377,0.43275890640313164,0.42966712277157126
0.8647294589178358,0.8222736066601076,0.7812199720498424,0.7422615508862745,0.7058888948916388,0.6723937066287969,0.6418952463888586,0.6143776924804205,0.5897288131168303,0.56777429134662,0.5483051144044114,0.5310977868200909,0.5159282632469929,0.5025808916410369,0.49085367671612207,0.48056096286564576,0.4715343923837724,0.463622768107149,0.4566912594792517,0.45062025073284395,0.4453040251438854,0.44064940957391224,0.43657445323456145,0.43300718308302377,0.4298844572623784
0.8679358717434871,0.8254081869517098,0.7842233764950094,0.7450888339259041,0.7085104778530305,0.6747941697229317,0.6440708362408716,0.6163333891740226,0.5914755382877575,0.5693265689046437,0.5496792772350474,0.5323106978512051,0.5169964637894497,0.5035200751898675,0.4916783970133169,0.4812845021675595,0.47216873425991623,0.4641786349051179,0.4571781870289507,0.45104668203153175,0.4456774112514327,0.4409763104424902,0.43686063418414484,0.43325770460525204,0.4301037570963331
0.8711422845691383,0.8285477488666588,0.7872358327402541,0.7479281358376022,0.7111459438761395,0.6772094115464635,0.6462613327381924,0.6183035650561242,0.5932359499721103,0.5708915281071528,0.5510650183884891,0.5335340644537627,0.5180740291082009,0.5044675955276406,0.4925105053192868,0.4820145665932405,0.47280882473073266,0.46473955680683937,0.4576695537970079,0.4514770078150963,0.4460542114835134,0.44130620276945115,0.43714943528588684,0.43351052047158456,0.43032506562901973
0.8743486973947896,0.8316923312006465,0.7902574350272703,0.7507796093570165,0.7137954965046828,0.6796396727265679,0.6484669982266905,0.6202884901909751,0.5950103148074231,0.5724694242237374,0.5524625767219549,0.5347681063447456,0.5191611587511048,0.5054236321629497,0.4933501619671934,0.4827512985869751,0.4734547898449559,0.46530564502269667,0.458165457686674,0.4519113141318856,0.4464345013785713,0.44163915280895016,0.4374409146138233,0.4337656815626345,0.4305484274241914
0.8775551102204409,0.8348419727313405,0.7932882781845846,0.7536434089211747,0.716459342325872,0.6820851982108687,0.6506881003824706,0.6222884406290129,0.5967989057242353,0.5740605188313815,0.553872197197327,0.5360130489989033,0.520258057593362,0.5063883694634863,0.49419753167515634,0.4834948445187264,0.47410675914498096,0.465877013858504,0.45866599933475793,0.45234968943833176,0.4468183585925713,0.4419752286746755,0.4377351318733707,0.43402324018921856,0.430773888298794
0.8807615230460921,0.8379967122161704,0.7963284576306622,0.7565196906926321,0.719137691030372,0.6845462373703528,0.6529249123558573,0.624303698583448,0.5986020021438684,0.5756650800220839,0.5552941310890774,0.537269123849891,0.5213649360271572,0.5073619968314621,0.4950527837062307,0.48424535482848363,0.4747648657960818,0.46645378083049766,0.45917128221350645,0.4527922246889169,0.4472058629782515,0.44231450040953735,0.4380321484625249,0.43428325014604713,0.43100149537003585
0.8839679358717436,0.8411565883900612,0.7993780693769218,0.7594086125838803,0.7218307554734987,0.6870230441050582,0.6551777129199186,0.6263345526130263,0.6004198901836393,0.5772833826187026,0.5567286362007458,0.5385365684999167,0.5224820101594931,0.5083447088867272,0.4959160920354807,0.4850029841770701,0.4754292467214498,0.4670360667855314,0.4596814127371107,0.4532390134302375,0.4475970966679939,0.442657040058543,0.4383320275358596,0.43454576676787243,0.43123129710461283
0.8871743486973949,0.844321639963132,0.8024372100306763,0.7623103342820218,0.7245387517376939,0.6895158769526271,0.6574467866236992,0.6283812978112209,0.6022528628698427,0.5789157083994102,0.5581759770903942,0.5398156269383312,0.5236095020186404,0.5093367056579875,0.49678763552453226,0.4857678916037599,0.47610004274336737,0.4676239960267581,0.46019650037309207,0.4536901518993887,0.4479921441605078,0.44300292174503025,0.438634834071478,0.43481084698823014,0.4314633433702093
0.8903807615230461,0.8474919056183432,0.8055059767979748,0.7652250172737077,0.7272618991962927,0.6920249991998061,0.6597324239503273,0.6304442360021161,0.6041012203588428,0.5805623463311641,0.5596364253054731,0.5411065497696046,0.5247476397696437,0.5103381927825447,0.49766759810399486,0.48654024069106294,0.4767773987308447,0.46821769644509453,0.4607166577588322,0.4541457391269046,0.44839109241153524,0.4433522217504428,0.43894063494107904,0.4350785494009148,0.43169768548939647
0.8935871743486974,0.8506674240091016,0.808584467486359,0.7681528248703385,0.7300004205786194,0.6945506789969865,0.6620349214801843,0.6325236759432639,0.605965270166646,0.5822235928126237,0.5611102596275697,0.542409594451179,0.5258966579393632,0.5113493817150138,0.49855616896418165,0.48732019973707325,0.47746146375407666,0.46881729965678864,0.461242000823531,0.45460587704450706,0.4487940309288031,0.4437050185978462,0.43924949898331145,0.43534893432434313,0.4319343762960645
0.8967935871743486,0.8538482337568205,0.8116727805075205,0.7710939222335269,0.7327545420364364,0.6970931894758796,0.6643545820593201,0.6346199335358041,0.6078453274073332,0.5838997519269626,0.5625977663275282,0.5437250255416959,0.5270567976515481,0.5123704899454962,0.4994535427545723,0.48810794193578766,0.4781523912460913,0.4694229411474235,0.461772648915894,0.45507067059792916,0.44920105187145487,0.44406139313938997,0.43956149708059844,0.4356220638689649,0.4321734701945281
0.9,0.8570343734484301,0.8147710148798527,0.7740484764008175,0.7355244932117717,0.6996528088704147,0.6666917149733046,0.6367333320421454,0.609741715040751,0.5855911357050528,0.5640992394314622,0.5450531149601396,0.528228306872475,0.5134017412277192,0.5003599197925,0.4889036455658388,0.4788503391719927,0.47003476042272163,0.4623087249378699,0.4555402278651018,0.44961225015421985,0.4444214286479433,0.439876702239632,0.4358980020078962,0.43241502322145997
