0,1,2,3,4,5,6,7,8,9,10,11,12,13,14,15,16,17,18,19,20,21,22,23,24,25,26,27,28,29,30,31,32,33,34,35,36,37,38,39,40,41,42,43,44,45,46,47,48,49,50,51,52,53,54,55,56,57,58,59,60,61,62,63,64,65,66,67,68,69,70,71,72,73,74,75,76,77,78,79,80,81,82,83,84,85,86,87,88,89,90,91,92,93,94
0.5,0.47259645907235404,0.44647516763613265,0.42143132009604817,0.39731190438605024,0.3739976894670528,0.3513926659871028,0.32941736551411965,0.3080045237473701,0.2870961098763158,0.2666412352731167,0.24659463136091544,0.22691554116909332,0.20756687514889097,0.18851456502266395,0.16972706371698612,0.15117495440508627,0.13283063072024692,0.11466805864664233,0.09666257186552762,0.0787907107694247,0.06103009121579797,0.04335929873471625,0.02575780466077865,0.008205887232005974,-0.009315410091010199,-0.02682433194332042,-0.044338445154665104,-0.06187466155827287,-0.07944926075502262,-0.09707790368145916,-0.11477563870367327,-0.1325569069252294,-0.15043554434771217,-0.16842477586296042,-0.1865372025404174,-0.2047848043171697,-0.22317891930827524,-0.24173023421139406,-0.2604487653608192,-0.27934384246361676,-0.2984240880296115,-0.31769739774315486,-0.3371709174130075,-0.35685102089949056,-0.3767432858053485,-0.3968524696028709,-0.4171824812237028,-0.4377363587083951,-0.4585162472181789,-0.4795233648406966,-0.5007579834166661,-0.5222194080552434,-0.5439059430441073,-0.5658148773366982,-0.5879424679606357,-0.6102839085922943,-0.6328333234398904,-0.6555837577956452,-0.6785271522391743,-0.7016543494853605,-0.7249550958351574,-0.7484180251576896,-0.7720306834490767,-0.7957795453284214,-0.8196500131498821,-0.8436264634836305,-0.8676922829032576,-0.8918298884492956,-0.9160207985678961,-0.9402456920467335,-0.9644844561089125,-0.9887162784224555,-1.012919737711923,-1.0370728886634675,-1.0611533610978245,-1.0851384755105908,-1.109005363265592,-1.1327310940395117,-1.1562928043897285,-1.1796678298963137,-1.2028338566829844,-1.2257690468323041,-1.2484521986595771,-1.2708628736942016,-1.2929815385863999,-1.314789710698655,-1.33627005711944,-1.3574065299814386,-1.3781844740484799,-1.398590720990004,-1.418613658472378,-1.4382433073404626,-1.457471366004288,-1.4762912460942397
0.5226130653266332,0.49582495602001114,0.47030317175106084,0.44584541169758823,0.42230033371723974,0.39954983771320446,0.37749867786446495,0.3560678894568757,0.33519052140553224,0.31480871281698,0.2948716347833005,0.27533399229137406,0.2561549332868962,0.23729721784381075,0.21872658228004188,0.2004112470795496,0.18232153223077943,0.16442954263280532,0.14670893391108508,0.12913471116210057,0.11168307068873351,0.09433127100366806,0.07705752888539297,0.05984093700883511,0.04266138646333548,0.025499525897921135,0.00833670921200395,-0.008845037838434693,-0.02606303991804422,-0.04333399433766428,-0.060673984221130864,-0.07809848429138208,-0.09562236585946282,-0.11325989871299652,-0.13102474486810628,-0.1489299457287592,-0.16698792432319617,-0.18521046449175205,-0.20360870085973587,-0.22219309959883765,-0.24097344163604326,-0.25995880161429036,-0.2791575275410475,-0.2985772170493413,-0.31822469434208517,-0.3381059848547628,-0.3582262900848377,-0.3785899580796046,-0.3992004591670951,-0.4200603617778907,-0.441171296990028,-0.4625339364779845,-0.48414796905445173,-0.5060120645584213,-0.5281238555719463,-0.5504799170308569,-0.5730757317376616,-0.5959056796330044,-0.6189630237162624,-0.6422398799664701,-0.665727218948286,-0.6894148618944782,-0.713291459108677,-0.7373445091252149,-0.7615603693607881,-0.7859242484618424,-0.810420248026086,-0.8350313925436254,-0.8597396423261945,-0.8845259614404669,-0.9093703715170508,-0.9342519923661938,-0.9591491332466606,-0.9840393814083889,-1.0088996826392067,-1.033706440344065,-1.0584356299845505,-1.083062923790644,-1.1075638199361622,-1.1319137754389217,-1.1560883459335813,-1.1800633435376682,-1.203814973821708,-1.2273200062865428,-1.250555914541525,-1.2735010329163756,-1.2961347176863034,-1.3184374620570931,-1.3403910498680602,-1.361978680794628,-1.3831850835823571,-1.4039966023562367,-1.4244012926615148,-1.4443889820522595,-1.4639513224122023
0.5452261306532663,0.5190393264125285,0.4941025854422347,0.4702161034366382,0.44723020975930694,0.425027943551338,0.40351483578043834,0.38261244260018196,0.3622541465055379,0.3423822796379226,0.3229460983522536,0.30390030891908515,0.2852039939034899,0.2668197945266854,0.24871328490805122,0.23085248785066398,0.21320749635959663,0.1957501641297274,0.17845387518070208,0.16129334589550953,0.14424446937388916,0.12728418858304638,0.1103903941595269,0.09354184343571394,0.07671808427361632,0.05989941493149458,0.043066832658029436,0.02620200089695808,0.009287227431959474,-0.007694557411101753,-0.02475981364291649,-0.04192439720666405,-0.059203564768410336,-0.07661197545475318,-0.09416368449767165,-0.1118721303998491,-0.1297501368559421,-0.14780989196568609,-0.16606293793226892,-0.18452015169186783,-0.20319172777173083,-0.22208715696055467,-0.24121520543139058,-0.26058389051483755,-0.28020045688097933,-0.30007135040084654,-0.3202021919219526,-0.3405977468993377,-0.3612618994803679,-0.3821976264226002,-0.4034069606545951,-0.4248909666455536,-0.4466497142771774,-0.4686822410416658,-0.4909865302730024,-0.5135594872545919,-0.5363969020537871,-0.5594934343994646,-0.5828425952180935,-0.6064367126806086,-0.6302669286425054,-0.6543231895039332,-0.6785942194126118,-0.703067533869764,-0.7277294445144759,-0.7525650449703698,-0.7775582473359988,-0.8026918060125484,-0.8279473231288221,-0.8533053126324491,-0.8787452483907011,-0.9042455969896215,-0.9297839071460162,-0.9553368951321178,-0.9808805200741625,-1.0063900818576992,-1.0318403330748902,-1.0572056069237776,-1.082459946633983,-1.1075772413241773,-1.1325313720896768,-1.157296374477708,-1.1818465860986327,-1.2061568255945114,-1.2302025452173282,-1.2539600011098708,-1.2774064291110137,-1.3005201757389298,-1.3232808696198644,-1.3456695642009282,-1.3676688702237174,-1.38926305991294,-1.4104381824386445,-1.4311821417132495,-1.4514847665569424
0.5678391959798995,0.5422399027111803,0.5178741142225638,0.4945445146161437,0.47210310640188285,0.45043407618940495,0.4294437447795573,0.40905420596201264,0.389199195610676,0.3698212612585726,0.35086976909929785,0.33229945322610877,0.3140693591260107,0.2961420390679597,0.27848293632872273,0.26105990871582635,0.24384285615059703,0.2268034161290218,0.20991473707449798,0.1931512835714037,0.17648868324051836,0.15990360194317776,0.14337364323653615,0.12687726870458088,0.11039372301647801,0.09390299442476938,0.07738576417226714,0.060823374204788776,0.044197805646859684,0.027491657339575173,0.010688133156780091,-0.006228963496554118,-0.023275234374190226,-0.04046568807390836,-0.05781473368298201,-0.07533616805691795,-0.09304317753934144,-0.110948317318898,-0.12906350098219732,-0.14739998114207029,-0.16596833209073153,-0.1847784283272377,-0.2038394233202433,-0.22315972496121533,-0.24274697117147256,-0.26260800315576194,-0.28274883833461345,-0.3031746393272105,-0.3238896866328307,-0.3448973509022449,-0.3662000557501837,-0.38779925082302663,-0.4096953832836926,-0.43188785861048734,-0.45437501562200244,-0.47715409936861714,-0.500221221636351,-0.5235713416653998,-0.5471982435603758,-0.5710944988493778,-0.5952514578819248,-0.6196592356499468,-0.6443066801726148,-0.6691813804754109,-0.6942696655522324,-0.7195565840144611,-0.7450259349902002,-0.7706602856713751,-0.7964409693512802,-0.8223481449608114,-0.8483608390070285,-0.8744569703550953,-0.9006134367803273,-0.9268061963549298,-0.953010336761238,-0.9792001710381595,-1.005349345800648,-1.0314309710421916,-1.057417748444757,-1.0832821088807532,-1.1089963635007376,-1.1345328691503325,-1.1598641856265115,-1.1849632614274437,-1.2098035978385182,-1.2343594317401847,-1.258605924827515,-1.2825193104651922,-1.3060770820172476,-1.3292581528073437,-1.3520430079172148,-1.3744138267553823,-1.3963546183192712,-1.4178513170686797,-1.4388918719619181
0.5904522613065326,0.5654270091812802,0.5416184446782782,0.5188317321878055,0.4969205489085863,0.4757702369348965,0.455287919592485,0.4353962445679059,0.4160293202376007,0.3971299310295453,0.37864757651284575,0.3605370439121652,0.34275736851355443,0.3252710419114015,0.30804340607505265,0.2910421844839264,0.27423711566242764,0.2575996535086914,0.241102744268685,0.22472063487186464,0.20842872223990225,0.19220343045883664,0.17602211180481075,0.15986296829900662,0.14370497791043896,0.12752785560937127,0.11131200350936427,0.09503847901224997,0.0786889735392248,0.062245791328250755,0.045691836869153624,0.02901060941887528,0.012186198332897719,-0.004796718646928665,-0.021952869124876387,-0.03929637352889226,-0.05684074672211797,-0.07459887759793793,-0.09258301859305619,-0.11080476642009801,-0.12927504463631675,-0.14800408214916244,-0.16700139175753914,-0.18627574542516767,-0.20583514947229975,-0.2256868173862545,-0.245837142092835,-0.2662916644688252,-0.2870550448363013,-0.3081310338192046,-0.3295224346086686,-0.3512310739857448,-0.3732577716819746,-0.3956023000344313,-0.4182633560745264,-0.44123853148011893,-0.4645242710636967,-0.48811584957685433,-0.5120073452589431,-0.5361915992713119,-0.5606602022134407,-0.585403475115494,-0.6104104333824022,-0.6356687891413232,-0.6611649444811329,-0.6868839652329726,-0.7128096060165119,-0.7389243214238388,-0.765209256853816,-0.7916443028959336,-0.8182081307647484,-0.8448782089788993,-0.8716308861620607,-0.8984414675945704,-0.9252842779415527,-0.9521327539495112,-0.9789595478529256,-1.005736657853366,-1.0324355540646126,-1.059027316415972,-1.0854827894421284,-1.1117727490561402,-1.1378680683897238,-1.1637399086388995,-1.189359893685952,-1.2147003042083278,-1.2397342790578343,-1.2644359777149858,-1.2887807845518136,-1.31274548563217,-1.3363084397348104,-1.35944971964347,-1.3821512674101266,-1.4043970090310995,-1.4261729632236837
0.6130653266331658,0.5886009621110615,0.5653362450470352,0.543078811852552,0.5216840157264538,0.5010383619236428,0.4810497885184792,0.4616415127450384,0.44274803384301853,0.4243123937150813,0.4062842477525595,0.38861846035964503,0.3712740820652702,0.35421357046017987,0.33740219396182364,0.32080757043824715,0.304399306585102,0.2881487030211982,0.2720285347929089,0.2560128627252302,0.24007688508236924,0.22419681663058783,0.20834979116053443,0.19251378419543538,0.17666754026845433,0.16079053446693684,0.14486292324377176,0.12886551293147064,0.11277973866693176,0.09658764338619588,0.08027186531711587,0.06381563244964472,0.04720275782518407,0.03041763773445488,0.013445257829375341,-0.003728794620401675,-0.021118332306192488,-0.03873654778788761,-0.05659600305307347,-0.07470861043891794,-0.09308561521559373,-0.1117375741690736,-0.13067433403691983,-0.14990500671868023,-0.16943794418811672,-0.1892807110013393,-0.20944005606504093,-0.22992188083030085,-0.2507312097923774,-0.27187216014072996,-0.2933479036491845,-0.31516063589105525,-0.33731154371846656,-0.3598007639979269,-0.3826273530225828,-0.40578925378979697,-0.42928325275872903,-0.45310495299045683,-0.47724874410011037,-0.5017077589056558,-0.5264738552501328,-0.551537592395722,-0.5768881908952173,-0.6025135293593853,-0.6284001321167868,-0.6545331374705362,-0.6808963167155913,-0.7074720789478551,-0.7342414549311247,-0.7611841458377132,-0.7882785519353498,-0.8155017811726265,-0.8428297274465072,-0.8702371416372207,-0.8976976872745894,-0.9251840293855867,-0.9526679321465984,-0.9801203888787883,-1.0075117444964083,-1.0348118326434623,-1.0619901329173436,-1.089015937504507,-1.1158585244949129,-1.1424873521809726,-1.1688722431790102,-1.1949835885500062,-1.2207925600167095,-1.2462712876072466,-1.271393078762032,-1.2961326114345324,-1.3204661240641171,-1.3443715757719221,-1.3678288216567602,-1.390819746856456,-1.4133283957762117
0.635678391959799,0.6117620700239625,0.5890281657751426,0.5672867791157958,0.5463949402131741,0.5262403247139777,0.5067316971023389,0.4877928591182944,0.4693587183950117,0.4513725939145351,0.4337843182133703,0.41654885564832655,0.3996252960077791,0.3829760879705372,0.366566452428035,0.35036392847622566,0.3343380185285615,0.31845989808177627,0.3027021996650995,0.2870388271262636,0.2714448095695566,0.2558961822397885,0.2403698904757496,0.22484371351008434,0.20929619276063882,0.1937065938117327,0.17805485783938438,0.16232157044248613,0.14648794071133928,0.1305357803695297,0.1144474912753182,0.0982060597982962,0.08179505201669927,0.0651986117758577,0.048401466590642,0.031388939584161925,0.014146947881034454,-0.0033379776707367845,-0.021078682174403392,-0.0390873678634304,-0.05737557678097026,-0.07595416952073417,-0.09483330365426125,-0.11402240897570756,-0.13353016225020853,-0.1533644595396205,-0.173532387604205,-0.19404019190721947,-0.21489324629176018,-0.2360960216114057,-0.2576520473923786,-0.2795638794597457,-0.30183306575987207,-0.32446010437377704,-0.34744441050036196,-0.3707842813113857,-0.3944768512361861,-0.41851806168767614,-0.4429026276802891,-0.4676239920093017,-0.49267430258713724,-0.5180443844816441,-0.543723696070532,-0.5697003203260749,-0.5959609470719978,-0.622490836068804,-0.6492738299005439,-0.6762923524567906,-0.7035273861064174,-0.730958514401616,-0.7585639438597446,-0.7863205045426161,-0.8142037231125909,-0.8421878877769633,-0.8702460965255776,-0.898350341419045,-0.9264715996807201,-0.9545799621203991,-0.9826447510693325,-1.0106346556610462,-1.0385178902608951,-1.0662623595701668,-1.0938358382713524,-1.1212061671958957,-1.1483414458584522,-1.1752102452558022,-1.2017818295528446,-1.2280263483772047,-1.2539150695810277,-1.2794205879831533,-1.304517033853973,-1.3291802520486131,-1.3533879972056542,-1.3771200876321206,-1.400358555535814
0.6582914572864322,0.634910633884537,0.6126948400547942,0.5914566302996859,0.5710547122865752,0.5513779387541903,0.5323359116187913,0.5138530313282923,0.49586463055835356,0.4783143239645198,0.46115214140856053,0.44433316869647166,0.4278165574824608,0.41156477108241196,0.3955430072145964,0.37971875124192256,0.36406142691876187,0.3485421107350793,0.333133319230524,0.31780882614101075,0.3025435185465706,0.28731327951411445,0.27209489342430576,0.2568659708097923,0.24160487760836324,0.22629069753677145,0.21090318408353348,0.1954227296148714,0.17983034454727706,0.16410763659651773,0.14823679824952227,0.1322006010098369,0.1159823904642213,0.09956608416363642,0.08293617727479158,0.06607775416164535,0.04897648670216884,0.03161865359532194,0.013991150515168912,-0.003918491378712936,-0.022122088283129844,-0.04063078271581995,-0.05945502201502224,-0.0786045336995813,-0.09808830015179602,-0.11791453086315959,-0.13809063358785667,-0.15862318226869898,-0.179517886043832,-0.200779557026126,-0.2224120718633414,-0.24441833797646145,-0.26680025793196616,-0.2895586869065103,-0.3126933974758899,-0.3362030422858429,-0.3600851080967456,-0.3843358823430391,-0.4089504166738743,-0.4339224789562022,-0.4592445263470232,-0.4849076732260699,-0.5109016439739267,-0.5372147589085802,-0.5638339113419384,-0.590744525847478,-0.6179305649790934,-0.6453745215225694,-0.6730573892781784,-0.7009586994231921,-0.7290565353056924,-0.7573275251685379,-0.7857469094150934,-0.8142885989892387,-0.8429252159147521,-0.8716281723992847,-0.9003677546867944,-0.9291132488984333,-0.957833053550274,-0.9864948119701415,-1.0150655707546212,-1.043511942050935,-1.0718002883703346,-1.0998969191101318,-1.1277682903772326,-1.155381225104244,-1.1827031428058798,-1.2097022658685213,-1.236347864697018,-1.262610481332241,-1.2884621558598703,-1.313876624364703,-1.3388295337501475,-1.3632986157416993,-1.3872638585174084
0.6809045226130653,0.6580469472982251,0.6363368843421826,0.6155893335144723,0.5956646800005752,0.5764529597306742,0.5578646223763697,0.5398246804898216,0.5222689075208108,0.5051412313597884,0.4883918982240395,0.4719761355978841,0.4558531782234942,0.4399855261035049,0.4243383765241282,0.40887918443356724,0.39357731872474333,0.37840378107063766,0.3633309965287669,0.34833263347980137,0.333383461923884,0.3184592378265791,0.3035366097685318,0.2885930447761648,0.2736067584919969,0.25855667790470804,0.24342239387125847,0.22818413046365885,0.21282272421451826,0.19731960344194494,0.18165677566271154,0.16581682167827197,0.14978289048142868,0.13353869693137582,0.11706852712313956,0.10035724958291466,0.08339031347024262,0.06615376743688127,0.048634269565464974,0.030819105527524635,0.012696205525358762,-0.00574583494905033,-0.024517733753073763,-0.043629497635915664,-0.06309039693952641,-0.08290893785164641,-0.10309283341365004,-0.1236489714622081,-0.14458338310194369,-0.16590120978451756,-0.18760666487472344,-0.20970299868546646,-0.2321924615898983,-0.25507626109015247,-0.27835452463370414,-0.3020262603247076,-0.3260893099388381,-0.3505403125586029,-0.37537466528615504,-0.400586473341473,-0.42616851910134823,-0.45211222617995506,-0.4784076091550721,-0.5050432543204301,-0.5320062917635995,-0.5592823491663574,-0.5868555523730602,-0.6147085115483102,-0.6428222858893603,-0.6711764134219453,-0.6997489187873422,-0.72851629831275,-0.7574535810007714,-0.7865343799630664,-0.8157309250780139,-0.845014136367025,-0.8743537000456902,-0.903718190850121,-0.9330751783418737,-0.9623913555346478,-0.9916326962568729,-1.020764613426537,-1.049752147863542,-1.0785601637307467,-1.1071535544989528,-1.1354974690074429,-1.1635575478789206,-1.1913001430412207,-1.2186925739268744,-1.2457033651053038,-1.2723024898902957,-1.2984615868577318,-1.3241541938613532,-1.3493559423076755,-1.3740447504229176
0.7035175879396984,0.6811712967051873,0.6599548988572841,0.6396858295909376,0.6202261510514931,0.601467087803651,0.5833199468519157,0.5657103654076857,0.5485745724852115,0.5318568257276742,0.5155076055913067,0.4994823002180908,0.48374024730885967,0.46824400415179185,0.4529587887947839,0.43785204744946793,0.42289311621612596,0.40805294432778577,0.3933038879758194,0.3786195329775849,0.3639745551657782,0.3493446063881207,0.33470622243559844,0.3200367498263783,0.3053142768553521,0.2905175966512565,0.2756261601968679,0.2606200458899028,0.24547993883792193,0.230187110235345,0.21472340469628828,0.1990712341607226,0.18321357261992746,0.1671339535650936,0.15081647505196139,0.13424581048960335,0.1174072066986654,0.10028650229813088,0.08287013739394314,0.06514517135267317,0.04709929948390297,0.028720873480404627,0.009998922584038193,-0.009076822194449299,-0.02851590286531486,-0.048327106794529735,-0.06851843765475829,-0.08909708346326779,-0.11006938464169036,-0.13144080053025628,-0.15321587105224355,-0.17539818071466992,-0.1979903206347448,-0.22099384534710528,-0.24440923385605554,-0.268235848598485,-0.29247188761842396,-0.3171143455137961,-0.3421589715620285,-0.3676002181637601,-0.3934312060842061,-0.4196436849350522,-0.4462279801560695,-0.4731729687701516,-0.5004660467179368,-0.5280930785343402,-0.5560383918304102,-0.5842847575262579,-0.612813348826153,-0.6416037642938546,-0.6706340286692668,-0.699880570527182,-0.7293182765913574,-0.7589205359238288,-0.7886592645929905,-0.8185049728560716,-0.8484268329554776,-0.8783927970794814,-0.9083696967624972,-0.9383233668774152,-0.9682188008440689,-0.9980203038185099,-1.0276916843403883,-1.0571964473438895,-1.0864980051036388,-1.1155599078689853,-1.144346085526459,-1.1728210794955283,-1.2009503086032487,-1.228700319787663,-1.2560390480550305,-1.2829360511688872,-1.3093627623052913,-1.3352927046129743,-1.360701706202645
0.7261306532663316,0.7042839615684108,0.6835494680661022,0.6637470329757772,0.6447403942184212,0.6264219697369086,0.6087039326660844,0.5915125565656956,0.5747845398501126,0.558464485388036,0.5425031246224874,0.526856024107121,0.5114826430588267,0.49634561525133375,0.4814101992068463,0.4666438525187992,0.4520158989294224,0.43749725590466765,0.4230602316166246,0.40867835028233773,0.39432621459619066,0.37997939333949726,0.36561433054889003,0.35120827322012554,0.3367392032048581,0.3221858005718033,0.3075273970998586,0.2927439460326531,0.27781600140548146,0.26272469745697263,0.2474517358663977,0.23197937946607533,0.21629044677094816,0.20036830918689186,0.18419689575490564,0.16776070352001,0.1510447954235148,0.13403481820124086,0.11671701179557571,0.09907822672094277,0.08110594045231183,0.06278827751335658,0.044114030401511864,0.025072683524613247,0.005654438261990725,-0.01414975951514405,-0.03434819041464286,-0.05494832972619101,-0.0759568151760007,-0.0973794129976765,-0.11922097977411562,-0.1414854255586111,-0.16417567497554172,-0.18729362388443851,-0.21084009886357594,-0.2348148146220878,-0.2592163255050947,-0.2840419839792561,-0.3092878964019841,-0.3349488700413537,-0.36101837475705323,-0.3874885001343657,-0.41434990001098754,-0.44159176343906464,-0.4692017775209376,-0.4971660732956628,-0.5254692142374116,-0.5540941707584632,-0.5830222737860249,-0.6122332310266825,-0.6417051208958211,-0.6714143630378043,-0.701335765645709,-0.7314425621846284,-0.7617064280284602,-0.7920975410551655,-0.8225846408337987,-0.8531351414491163,-0.8837152234036685,-0.9142899522124961,-0.9448234304641271,-0.9752789449511462,-1.005619160004295,-1.0358063068151975,-1.06580239820053,-1.0955694624537504,-1.1250697888574956,-1.1542661710116777,-1.1831221809756627,-1.2116024320283965,-1.2396728540164086,-1.2673009456956117,-1.2944560453474396,-1.3211095655025638,-1.3472352295905201
0.7487437185929648,0.7273852145562894,0.7071211611460999,0.6877738325916894,0.6692086407411049,0.6513192009275617,0.634018560409476,0.6172336399033655,0.6009016201000901,0.5849674635280073,0.5693821682470893,0.5541014957812128,0.5390850441495468,0.5242955414671583,0.5096983050291436,0.49526082244892655,0.4809524240029882,0.46674401446302727,0.45260787317553247,0.43851748201870666,0.4244473898328501,0.4103731016010908,0.39627098882465517,0.3821182181184563,0.36789268392833724,0.35357297217859357,0.3391383142181372,0.3245685567535293,0.30984414119594433,0.29494608309536974,0.2798559592725467,0.26455590132915774,0.24902858997235988,0.23325725197445654,0.2172256645868119,0.20091816548132138,0.18431965046078952,0.16741559085836924,0.15019204265324881,0.13263566341079802,0.11473372835027697,0.09647415005514988,0.07784549911986849,0.05883702776630758,0.03943869470515844,0.019641192457759703,-0.0005640237012261504,-0.021184704169805436,-0.04222777256418999,-0.06369929145518344,-0.08560442445514004,-0.10794739860084883,-0.13073146467486774,-0.15395885383053187,-0.17763073568966262,-0.2017471743884511,-0.2263070795670286,-0.25130816261207717,-0.2767468902899998,-0.30261843055510684,-0.32891661090629964,-0.35563387241918987,-0.382761212090448,-0.41028814922387824,-0.438202684016897,-0.466491239979316,-0.49513864658385237,-0.5241281082540225,-0.5534411528832448,-0.5830576412540633,-0.6129557542029872,-0.6431119562985953,-0.673501035921686,-0.7040961343698322,-0.7348687544787158,-0.765788814305011,-0.7968246974396294,-0.8279433600055455,-0.8591104145607825,-0.8902902426114747,-0.9214461426013036,-0.9525404701134436,-0.9835348317678937,-1.0143902696919647,-1.0450674789475871,-1.0755270432693447,-1.1057296830536743,-1.1356365091057434,-1.1652093036259312,-1.1944107939524156,-1.2232049422445286,-1.2515572148407337,-1.2794348700459495,-1.3068072127662473,-1.3336458526141646
0.771356783919598,0.7504753217198531,0.7306705324355056,0.7117670926638241,0.6936320856385683,0.6761603273414337,0.6592657463283376,0.642875920393771,0.6269285244250257,0.6113688940184495,0.5961483083867406,0.5812227394211482,0.5665519400031818,0.5520987491568841,0.5378285599019099,0.5237089071077499,0.5097091450240168,0.49580018330031855,0.48195429010763485,0.468144922664667,0.4543465936256904,0.44053476179820966,0.42668574369642925,0.4127766430051118,0.3987852840951113,0.38469017594414334,0.3704704665206367,0.35610591288460347,0.34157686054711284,0.3268642229193801,0.3119494683339755,0.2968146133488167,0.2814422168620444,0.2658153768192568,0.24991773429210257,0.23373348298950758,0.2172473667753499,0.20044469656393865,0.18331135912514085,0.16583383358763837,0.14799920716517034,0.12979519446942633,0.11121015784821409,0.09223313065176253,0.07285384185178441,0.0530627431193623,0.03285103762392774,0.012210711334525991,-0.008865434401822823,-0.030383748359561657,-0.052349691824295504,-0.07476780036649326,-0.09764164351733842,-0.12097378144622165,-0.14476572184304654,-0.16901787476987373,-0.1937295032733948,-0.21889867759316856,-0.2445222268682878,-0.2705956839284868,-0.29711324055956556,-0.3240676986734164,-0.3514504107250027,-0.3792512417482887,-0.4074585239451588,-0.4360589959458383,-0.46503777977378163,-0.49437834454845225,-0.5240624502851107,-0.5540701504836177,-0.5843797726843156,-0.6149678756174519,-0.6458092818657645,-0.676877099259459,-0.7081427215477033,-0.7395758749075733,-0.77114465920042,-0.8028156485302166,-0.8345539667331885,-0.8663233932022771,-0.8980865059519973,-0.9298048141220376,-0.96143895134713,-0.9929488543069106,-1.0242939816774195,-1.0554335504588215,-1.0863267851022056,-1.1169331806015077,-1.1472127888982446,-1.1771265024833288,-1.2066363572773573,-1.2357058182592533,-1.2643000835347347,-1.2923863585038107,-1.3199341350807594
0.7939698492462312,0.7735545426648435,0.7541981218671778,0.7357276535141843,0.718011888971549,0.700946847359322,0.6844473448781796,0.6684416254350676,0.6528678690862905,0.6376717968968587,0.6228049827011573,0.6082236230307811,0.5938876405104802,0.5797600004095506,0.5658061871434773,0.5519937987479014,0.5382922295165157,0.5246724101429346,0.5111066138324833,0.49756828935328556,0.4840319293451107,0.4704729625437935,0.4568676664882714,0.44319309783320804,0.4294270266446267,0.4155479005847142,0.4015347997218787,0.3873674067926303,0.37302598656978525,0.35849136532254827,0.34374491772532595,0.32876855995523696,0.31354474359645995,0.2980564520949533,0.2822872045005955,0.26622106454919,0.24984263798086617,0.23313708893053753,0.21609014841294805,0.1986881303820579,0.18091794710041587,0.16276712804027724,0.14422383988884624,0.12527690944055514,0.10591584793810967,0.08613087786818192,0.06591296156732032,0.04525383220859288,0.02414602642811989,0.0025829189752970723,-0.01944124002873089,-0.041931286373235795,-0.0648911009105439,-0.08832356636642962,-0.11223052316569848,-0.1366127232495459,-0.1614697804354138,-0.18680012278938488,-0.21260094260492596,-0.2388681403552901,-0.2655962770959145,-0.2927785230046705,-0.3204065961097888,-0.3484707202069158,-0.3769595757017279,-0.40586023600758514,-0.4351581390086522,-0.4648370457185248,-0.49487897969404254,-0.5252642228512912,-0.5559712895953455,-0.5869768777658385,-0.6182558937650112,-0.6497814662075685,-0.6815249387507019,-0.7134559092265317,-0.7455422617316358,-0.7777502602088491,-0.8100446151899615,-0.8423885823989369,-0.8747441001110896,-0.9070719132850829,-0.9393317653542567,-0.9714825698833914,-1.0034826299293436,-1.0352898737043648,-1.0668621035433563,-1.0981572672183535,-1.1291337483441988,-1.1597506586777113,-1.1899681529866404,-1.2197477301039188,-1.249052552297662,-1.2778477384737137,-1.3061006640397448
0.8165829145728644,0.7966231307187965,0.7777044553876405,0.7596563323254529,0.7423491770515966,0.7256802135390429,0.7095651511530623,0.6939329080672437,0.6787221795463484,0.6638790835394929,0.6493555009358034,0.6351078660955611,0.6210962851367196,0.6072838637356277,0.5936361921599049,0.5801209462692317,0.5667075751863312,0.5533670454986407,0.5400716503127309,0.5267948447890546,0.5135111163389394,0.5001958783292046,0.4868253839216772,0.4733766572185602,0.4598274283234244,0.4461560977841363,0.43234169182093,0.41836383274567635,0.4042027183381471,0.3898391013162938,0.3752542761340483,0.3604300718750737,0.3453488459487689,0.32999348029543,0.31434738479398816,0.29839450591890687,0.2821193238562519,0.2655068683913978,0.24854272706835215,0.2312130608020585,0.21350461887990815,0.19540475744109218,0.1769014591297389,0.15798335559440355,0.1386397515214027,0.11886065111624108,0.09863678647403604,0.077959648216274,0.05682151809832328,0.0352155037312718,0.013135575446941853,-0.009423394599880876,-0.03246559117242211,-0.055994212965767565,-0.08001142752314325,-0.10451832416747664,-0.1295148642204354,-0.1549998317273263,-0.18097078189555024,-0.2074239843715262,-0.23435437300226244,-0.26175549196983516,-0.2896194330523684,-0.317936789656169,-0.34669660416076986,-0.37588630173511167,-0.40549165649986335,-0.43549674539028027,-0.4658838835100548,-0.49663361326913347,-0.5277246722922563,-0.5591339384923353,-0.5908364476020074,-0.6228053990918944,-0.6550121413039837,-0.6874262030594357,-0.7200153165366645,-0.7527455034122748,-0.785581132597921,-0.8184850111608863,-0.8514185152684162,-0.8843417053670557,-0.917213515389701,-0.9499919166419102,-0.9826341364872904,-1.0150968921416146,-1.0473366382322633,-1.07930984517515,-1.1109732921830358,-1.142284367071363,-1.1732013918505049,-1.2036839382706992,-1.2336931614350757,-1.2631921114265434,-1.292146053223424
0.8391959798994975,0.8196813330933076,0.8011900453619037,0.7835539238756551,0.7666450435995349,0.7503618342978542,0.7346209031977777,0.719351850024848,0.7044938943770531,0.6899935615436873,0.6758030508992197,0.6618790467774694,0.6481818514574622,0.634674724066384,0.6213233740292738,0.6080955685067827,0.5949608250278916,0.5818901596924135,0.5688558991235358,0.5558315184483886,0.5427915133535561,0.5297112952464801,0.516567106209463,0.5033359509647585,0.4899955326891454,0.4765242177118471,0.4629009911552,0.44910542751035987,0.4351176700235089,0.4209184101780864,0.4064888743854371,0.39181081667995843,0.37686651221142065,0.36163875320596844,0.3461108520440741,0.3302666494989162,0.31409051164994894,0.2975673452728057,0.28068260567046616,0.2634223118383554,0.2457730610907002,0.2277220471117654,0.20925707924207135,0.1903666045706794,0.1710397316362978,0.15126625656771744,0.13103669118242744,0.11034229324395255,0.08917509899080169,0.06752795786021097,0.045394568924548934,0.02276952028047198,-0.0003516693820418901,-0.023972508058796214,-0.048095484575076494,-0.07272202076902931,-0.09785242167018253,-0.12348582475500917,-0.1496201470219264,-0.17625202774189985,-0.2033767757944053,-0.23098831361123265,-0.25907911317708376,-0.2876401464111127,-0.3166608292589537,-0.34612895319419573,-0.37603064629406935,-0.40635032255934644,-0.43707061352517407,-0.4681723508470245,-0.49963452821060084,-0.5314342408677066,-0.5635466955586351,-0.5959452087556385,-0.6286011842753055,-0.6614841372636034,-0.6945617078759334,-0.7277997395823955,-0.7611623277086547,-0.7946119022804137,-0.8281093519149817,-0.8616141295544526,-0.8950844381327964,-0.928477385907778,-0.9617492034232855,-0.994855474284304,-1.027751380114817,-1.0603919848100634,-1.0927325287773013,-1.124728735038082,-1.1563371442335793,-1.1875154436452149,-1.2182228139238354,-1.2484202584244257,-1.2780709424665546
0.8618090452261307,0.8427293910416344,0.8246553909646337,0.8074212012449886,0.7909005508558261,0.7749930755195609,0.759616284209682,0.7447004646356811,0.7301853689607833,0.7160179393397046,0.70215070409573,0.6885406086797349,0.6751481631665405,0.6619367921155856,0.6488723363257749,0.6359226666232062,0.6230573813871949,0.6102475586975735,0.5974655711437898,0.5846849262163414,0.5718801401940199,0.5590266347414541,0.5461006529622802,0.5330791921735035,0.5199399404644063,0.5066612416486402,0.4932220513143962,0.479601907557798,0.4657809103830147,0.4517397012002723,0.4374594494152078,0.4229218449325104,0.4081090914511939,0.3930039021887868,0.37758950263616775,0.36184963838596745,0.34576857184583343,0.32933109713761066,0.31252254760055975,0.2953288105116501,0.27773634133255565,0.25973218132945647,0.24130397648123303,0.22243999915382623,0.203129171449071,0.1833610909820501,0.1631260586769223,0.14241510862028406,0.1212200404588645,0.09953345406298908,0.07734878550486554,0.05466034664609886,0.031463366924200556,0.007754035754210953,-0.016470450969021423,-0.041211842433379886,-0.06647078313735093,-0.09224676084434275,-0.11853805246048996,-0.14534166639506035,-0.17265328767834082,-0.2004672199205701,-0.22877632024389002,-0.2575719462460925,-0.2868438970786941,-0.31658034288592585,-0.3467677810177621,-0.3773909810615571,-0.40843291301644646,-0.4398747234806363,-0.4716956917989633,-0.5038731643957877,-0.5363825571194458,-0.5691973459056549,-0.6022890370702828,-0.6356271836191852,-0.66917938979488,-0.7029113812173035,-0.736787044101515,-0.770768499697008,-0.8048162205585498,-0.83888912642236,-0.8729447654313692,-0.9069394602197975,-0.9408285221462334,-0.9745664779588927,-1.0081073110173593,-1.0414047502162174,-1.0744125641241218,-1.1070848721614714,-1.1393764876754562,-1.1712432593511966,-1.2026424298721037,-1.2335329821476435,-1.2638759971060785
0.8844221105527639,0.8657675400117958,0.848100978558224,0.8312589164960797,0.8151167306452269,0.7995752620903331,0.7845529246364639,0.7699806995747255,0.755798878997509,0.7419548305499668,0.7284014210371738,0.7150958672119186,0.70199889759505,0.6890741131518171,0.6762874972427941,0.6636070356772154,0.6510024190665369,0.6384447988631596,0.6259066049871426,0.613361388596105,0.6007836977799097,0.5881489755760927,0.5754334771091799,0.5626142031660495,0.5496688374920644,0.5365757119984284,0.5233137632206851,0.5098625032128439,0.4962019989670301,0.48231285193277285,0.4681761845125066,0.45377363238232965,0.4390873375984281,0.4240999440933283,0.40879460011590013,0.39315496565984415,0.3771652089807632,0.36081002101338167,0.34407462254918536,0.3269447785163506,0.3094068118457474,0.2914476206585065,0.2730546967882386,0.25421614702988404,0.23492071612009685,0.21515781213344654,0.19491753394917158,0.17419070068033202,0.15296888389370955,0.13124444215760084,0.10901055653739192,0.08626127030104788,0.06299153083896773,0.039197231699231956,0.014875259618810165,-0.009976456535804992,-0.035358896126231214,-0.06127189355349065,-0.08771408309461709,-0.11468284099692026,-0.14217422857716183,-0.17018293239190518,-0.19870219827848024,-0.2277237751306566,-0.25723785319530945,-0.28723299168676175,-0.31769607036800107,-0.3486122305485119,-0.37996480011752387,-0.4117352635083963,-0.44390321233040897,-0.47644627483045787,-0.5093401107296309,-0.5425583944342491,-0.5760727782316752,-0.6098529009140519,-0.643866383301142,-0.6780788899499913,-0.7124541589797164,-0.7469540678373687,-0.7815387414482485,-0.8161666379018643,-0.8507947243901681,-0.8853786134398303,-0.9198727734557377,-0.9542307502488634,-0.9884054034499099,-1.022349198893085,-1.0560145013622315,-1.089353889620215,-1.1223205061882373,-1.1548684100019702,-1.1869529457700303,-1.2185311061896769,-1.2495619073621256
0.907035175879397,0.8887960097953103,0.8715272820582834,0.8550678013288611,0.8392945853979882,0.8241096793670258,0.8094324041757337,0.7951944394819468,0.781336623829922,0.7678067581121539,0.7545580562554363,0.7415480155834505,0.7287375927768382,0.7160905752254945,0.7035730990688898,0.6911532754330696,0.6788008975484066,0.6664872006287563,0.6541846822791747,0.6418669476141384,0.6295085867375393,0.6170850741598102,0.6045726870123251,0.5919484394173263,0.5791900205159647,0.5662757599335635,0.5531845846468484,0.539895990043293,0.5263900193672588,0.5126472432673679,0.49864874620682687,0.4843761186111023,0.4698114497948999,0.4549373232405307,0.439736818732619,0.4241935193978956,0.4082915080317271,0.3920153810434357,0.37535025531249544,0.35828178203417776,0.34079616020507053,0.32288015337969334,0.304521107801468,0.2857069732211282,0.2664263254958244,0.24666839158959045,0.2264230766888578,0.2056809931909243,0.18443349270503645,0.1626727004352555,0.1403915501730194,0.1175838240477407,0.09424419450360977,0.07036826592753022,0.0459526221011857,0.020994875536277498,-0.004506283084702851,-0.030551030725363304,-0.05713835593690563,-0.08426600079915143,-0.11193040219188612,-0.14012663036331943,-0.16884832224440774,-0.19808762226183338,-0.22783511807850487,-0.25807976660699433,-0.2888088411941236,-0.32000786883744897,-0.3516605523606806,-0.38374873434956236,-0.4162523425217779,-0.4491493146443521,-0.4824155859665211,-0.5160250651345439,-0.5499495905304438,-0.5841589312363303,-0.6186207736820245,-0.653300774715459,-0.6881625820168595,-0.723167890979936,-0.7582765443078603,-0.7934466072482841,-0.8286345374581336,-0.863795310863124,-0.8988826276007013,-0.9338491274483616,-0.9686466204226507,-1.0032263814134905,-1.037539440294886,-1.0715368995872585,-1.1051702895639033,-1.1383919309559667,-1.171155313737521,-1.2034154743419074,-1.2351293877014835
0.9296482412060302,0.9118150246717239,0.8949347632870429,0.8788485677112017,0.8634350891297211,0.8485975745815432,0.834256253681925,0.8203435084520062,0.8068007295979016,0.7935761581814234,0.7806233630358543,0.767900130451429,0.7553676540930214,0.7429899168908589,0.7307332170657854,0.7185658004701918,0.7064575724087845,0.6943798613093168,0.6823052418767523,0.6702073825316155,0.6580609246550397,0.645841383393162,0.6335250669371933,0.6210890116830026,0.6085109209872309,0.5957691308943541,0.5828425674143124,0.5697107177527028,0.5563536097913759,0.542751791671719,0.5288863181294104,0.5147387424796895,0.5002911093752056,0.48552594987742287,0.47042628329652136,0.4549756238545751,0.4391579768284042,0.42295785203405145,0.40636027036708533,0.38935077722135136,0.3719154555962834,0.3540409424255663,0.33571444631385267,0.3169237679220547,0.2976573221752312,0.2779041628557668,0.2576540093491041,0.23689727517832643,0.215625099750353,0.1938293825301612,0.1715028175137854,0.14863893295805877,0.1252321333450821,0.10127774056740065,0.0767720417012927,0.05171233863656986,0.026096997251705306,-7.449754798600355e-05,-0.026801485013288637,-0.054082070441484595,-0.08191306480207729,-0.11028992188048609,-0.13920667101751494,-0.16865585517967097,-0.19862846436086218,-0.2291138602049597,-0.26009971903110307,-0.2915719655178259,-0.3235146922916118,-0.35591011804381206,-0.38873852789727315,-0.4219781940997598,-0.45560535618702425,-0.4895941897818005,-0.5239167563290661,-0.558542996461435,-0.5934407079539016,-0.6285755900013353,-0.6639112542513308,-0.6994092726428398,-0.7350292680774605,-0.7707289790101911,-0.8064644225144926,-0.842190009329276,-0.8778587443424479,-0.9134224350248532,-0.9488319152753587,-0.9840373411060576,-1.0189884769287254,-1.0536350146432536,-1.0879269326921708,-1.1218148675771908,-1.155250500770215,-1.1881869498691975,-1.2205791761847098
0.9522613065326633,0.9348248035490545,0.9183238723151431,0.9026019084863556,0.887539188381927,0.8730401581845835,0.8590259569856407,0.8454296724033608,0.8321932522327523,0.8192653838258418,0.8065999978899949,0.7941551772464065,0.7818923605253393,0.7697757344597723,0.7577717677931868,0.7458488496466944,0.7339770059836046,0.7221276670247578,0.7102734931163752,0.6983882244620506,0.6864465621141999,0.6744240701527817,0.6622970960230056,0.6500427064809173,0.6376386270749683,0.6250632081397408,0.6122953824866534,0.5993146368114993,0.5861009912182303,0.5726349788467298,0.5588976321422915,0.5448704746897906,0.5305355138133699,0.515875235452442,0.500872605717961,0.48551107719167547,0.46977458489311374,0.4536475593150029,0.4371149326543622,0.4201621518127747,0.40277519112922056,0.384940568285194,0.366645361646081,0.347877230212556,0.3286244354298163,0.30887586536454964,0.2886210610655299,0.2678502446339593,0.24655435068315612,0.22472506026542338,0.20235483481221256,0.179436955783379,0.15596556655657573,0.1319357131391219,0.10734339217077515,0.08218560075603831,0.056460385316651956,0.030166897354447497,0.0033054508995148772,-0.024122419422683644,-0.05211389654489716,-0.08066481684467885,-0.10976960244898132,-0.13942119677571013,-0.16961099580569114,-0.20032877151112854,-0.23156261095929423,-0.2632988467086213,-0.2955219740687866,-0.3282146036202293,-0.36135739683859486,-0.3949289828765469,-0.42890593161663193,-0.4632627155553649,-0.49797165319914793,-0.5330028949214516,-0.5683243924358273,-0.6039019341774867,-0.6396991470262307,-0.6756775349942601,-0.7117965606631209,-0.7480136989992185,-0.7842845929536936,-0.8205631573337325,-0.8568017730221379,-0.892951487590495,-0.9289622315195176,-0.9647831137529577,-1.0003627030286686,-1.0356493472046349,-1.0705915348895039,-1.1051382745015903,-1.1392394879848116,-1.1728464147775979,-1.2059120337981244
0.9748743718592965,0.9578255601002952,0.9416950477922695,0.9263284979582581,0.9116078031250929,0.8974386051319002,0.8837429526302616,0.8704546413337475,0.8575161803009462,0.844876708528117,0.8324905247849276,0.820316015198038,0.808314870545769,0.7964514888210938,0.7846925169213965,0.7730064949658725,0.7613635773464097,0.7497353038422199,0.7380944281701716,0.7264147699853973,0.7146710976018477,0.7028390315336444,0.690894965883526,0.6788160050717928,0.6665799040416858,0.6541650345253834,0.6415503431512313,0.6287153230357767,0.6156399933600084,0.6023048790507441,0.5886909969955925,0.5747798477377498,0.5605534079289447,0.545994125022006,0.5310849185551724,0.5158091861005086,0.5001507990635503,0.48409411528196783,0.46762398495502333,0.450725763234565,0.4333853225883026,0.415589068286929,0.3973239553506915,0.3785775080677233,0.3593378413993516,0.33959368473421303,0.3193344078511616,0.2985500485174967,0.27723134363452306,0.25536976288287655,0.2329575421194512,0.20998772289235063,0.18645419419847592,0.1623517326959071,0.13767605085180995,0.11242384689265629,0.08659285328349346,0.060181893093640776,0.03319093795721685,0.005621166013397599,-0.022524974939798742,-0.05124370223338513,-0.08052983032602676,-0.11037670402397952,-0.14077612782383872,-0.17171828833090663,-0.2031916896776771,-0.2351830808705937,-0.2676773709674171,-0.30065757623015144,-0.33410475126897116,-0.3679979022157748,-0.40231395284841875,-0.4370276997778653,-0.4721117497766709,-0.5075364982455359,-0.5432700904400865,-0.5792784479003085,-0.6155252609725418,-0.6519720182841809,-0.6885780786943481,-0.7253007142606029,-0.7620952577691514,-0.7989151951396868,-0.8357123526322092,-0.8724370888818745,-0.909038502692769,-0.9454647273027419,-0.9816632056888357,-1.017581008966596,-1.0531651992398556,-1.0883632149101754,-1.1231232698648197,-1.1573947690753679,-1.1911287437718778
0.9974874371859297,0.9808175028960948,0.9650487172670508,0.9500289924556201,0.9356418276261173,0.9217940561160132,0.908408635530309,0.8954200714685491,0.8827714377063866,0.8704123295057228,0.8582974191447684,0.8463854020807172,0.8346382276675514,0.8230205118565485,0.8114990865691587,0.8000426498903744,0.7886214916499794,0.7772072681926283,0.7657728335808076,0.7542920938402731,0.742739891393553,0.7310919099532671,0.719324596955327,0.7074151010694029,0.6953412131272276,0.6830813326670216,0.6706144264612661,0.6579200003008422,0.6449780786333505,0.6317691843075939,0.6182743247450687,0.6044749835073621,0.5903531126140381,0.575891127063993,0.5610719058597701,0.5458787976184626,0.5302956162130645,0.5143066529470238,0.49789668219031646,0.4810509735709629,0.46375530397462533,0.44599597262020724,0.42775981761351367,0.40903423503469694,0.3898071999362311,0.37006728966951796,0.34980370944002315,0.32900631942767805,0.30766566559428127,0.2857730130171852,0.26332037873509373,0.24030057108022218,0.2167072312528728,0.19253487301205097,0.16777893089105927,0.14243581018800638,0.11650293502707591,0.08997880521342136,0.06286305459557312,0.03515650880253011,0.0068612495487532996,-0.022019319204317708,-0.051480403059431176,-0.08151574828179761,-0.11211756940441746,-0.1432764708081491,-0.17498137868882374,-0.20721946558696508,-0.23997606371563568,-0.2732346069843636,-0.30697655792314893,-0.3411813175412882,-0.3758261847231282,-0.41088630495020273,-0.4463346018395434,-0.48214174836087736,-0.5182761200729784,-0.5547038125877273,-0.5913886250334561,-0.6282920802966383,-0.665373487288999,-0.7025899730444647,-0.7398966216358186,-0.7772465548902922,-0.8145911118916329,-0.8518800317478245,-0.8890616522254151,-0.92608320159807,-0.9628910669195118,-0.9994311103612522,-1.0356490319477123,-1.0714907598097432,-1.1069028535078032,-1.141832930028522,-1.176230110885333
1.020100502512563,1.0038008355337444,0.988385297496642,0.9737040308757452,0.959642131281767,0.9461076187461462,0.9330243585557796,0.9203275673081271,0.9079608862596023,0.8958743708606602,0.8840230716391235,0.8723659986977892,0.8608653656808085,0.8494860124815004,0.8381949622010411,0.8269610771449448,0.8157547888800916,0.8045478766176702,0.7933133010400598,0.7820250607683611,0.7706580784936377,0.7591881072123656,0.7475916536991357,0.7358459167974205,0.7239287290705021,0.7118185236308494,0.6994942930928623,0.6869355615570112,0.6741223643200634,0.6610352276923395,0.6476551551369203,0.6339636187217161,0.6199425513141055,0.6055743409433962,0.590841831577276,0.5757283284086148,0.560217593347928,0.5442938567866584,0.5279418229486309,0.5111466816923209,0.49389412015342227,0.47617033741613274,0.45796206067694045,0.43925656390449297,0.4200416884284442,0.40030586583561156,0.3800381431094275,0.35922820926868504,0.3378664258159825,0.3159438597333667,0.29345231577131,0.27038437555447853,0.24673343892715988,0.22249376310332236,0.19766051087888684,0.17222980059139714,0.14619875372378202,0.11956555214260003,0.09232949675969158,0.06449106499720898,0.03605197609611657,0.007015258086554083,-0.022614683944688227,-0.0528319970232092,-0.08362930633792989,-0.11499763614298214,-0.1469263385036097,-0.1794030152341433,-0.21241342959712523,-0.24594144344044536,-0.27996894015956186,-0.3144757315247015,-0.3494395105637624,-0.38483579406252394,-0.4206378485932325,-0.456816654644477,-0.4933408521395357,-0.5301767489611598,-0.5672882955278559,-0.6046370958215705,-0.6421824598254,-0.6798814247777987,-0.7176888849915803,-0.7555576607210847,-0.7934386693247518,-0.8312810981449974,-0.8690325933186529,-0.9066395481181143,-0.9440473632501151,-0.9812007600312093,-1.018044141703956,-1.0545219873220117,-1.090579257875165,-1.1261618314120985,-1.161216960761004
1.042713567839196,1.0267757567625815,1.01170519474638,0.9973542352089368,0.9836095594197487,0.9703803686789919,0.9575914340464102,0.9451786835798043,0.9330863281217026,0.9212648865692896,0.9096697917719623,0.8982603731215021,0.886999113594091,0.8758510823367232,0.8647834991157944,0.8537653960451255,0.8427673520653611,0.8317612748982908,0.8207202374699084,0.8096183365781771,0.798430580707563,0.787132797597444,0.7757015587496251,0.7641141184986358,0.7523483563854028,0.7403827442783316,0.7281963057557024,0.7157685882978614,0.7030796430792449,0.6901100048681597,0.6768406781449053,0.6632531284505658,0.6493292744702144,0.6350514822487807,0.6204025657318056,0.6053657917415369,0.5899248753301318,0.5740639911445808,0.5577677785026751,0.5410213528165492,0.5238103168854745,0.5061207751706155,0.48793934957292934,0.46925319766971324,0.450050032893916,0.4303181469983985,0.4100464347736988,0.38922442020292786,0.3678422865333641,0.34589090891099117,0.3233618861088871,0.3002475793674813,0.2765411534693566,0.2522366153330728,0.2273288621571085,0.20181373128361876,0.1756880473099662,0.14894967961187577,0.12159760120912373,0.09363194589643285,0.06505407441603693,0.0358666421048399,0.006073667140783459,-0.024319396881652494,-0.05530558562226495,-0.08687634436784644,-0.11902145378243645,-0.15172894947138704,-0.1849850322604139,-0.21877400069086445,-0.2530781702746491,-0.2878777775620812,-0.32315092674022194,-0.35887352616288765,-0.39501920915130273,-0.4315592912166758,-0.46846270814629304,-0.5056960156508955,-0.543223355251059,-0.5810064561454269,-0.6190046777213972,-0.6571750200371478,-0.6954722441174623,-0.7338489288725074,-0.7722556333434696,-0.8106410591408811,-0.8489522288342122,-0.8871347697353934,-0.9251331653481081,-0.9628910643187237,-1.00035163906502,-1.037457981981908,-1.0741535130454554,-1.1103824227582992,-1.1460901391482625
1.0653266331658293,1.0497424606059318,1.03500880507989,1.0209802110443196,1.0075449340689009,0.9946133507027588,0.982111135259579,0.9699749270998046,0.9581495081303846,0.9465858633219254,0.9352398112834601,0.924071004704549,0.9130422003015228,0.9021187011551627,0.891267928554539,0.8804590893861481,0.8696629149833117,0.8588514466113167,0.8479978744597312,0.8370763984892505,0.8260621179156967,0.8149309401027259,0.8036595060998794,0.7922251304919621,0.7806057444958647,0.768779863380199,0.7567265462821618,0.7444253686158601,0.7318564019559849,0.7190001940298248,0.7058377548254143,0.6923505478489769,0.6785204821084143,0.6643299061947622,0.6497616085993613,0.6347988223925223,0.6194252204472043,0.6036249264184741,0.5873825195533595,0.5706830457463699,0.5535120284902382,0.5358554827623746,0.5176999304216555,0.49903241802668546,0.47984053660636006,0.4601124436920717,0.4398368876094674,0.41900323314872645,0.39760149124402216,0.3756223512269138,0.3530572119920657,0.32989822053697926,0.3061383127289668,0.2817712513298439,0.2567916740121194,0.23119514306740138,0.2049781919953129,0.17813838322013945,0.15067436707236553,0.12258593852963369,0.0938741041219599,0.06454115013181475,0.034590710728088905,0.004027842109293765,-0.027140900952746624,-0.058907385094904605,-0.09126182133757683,-0.12419268248488259,-0.15768661218044522,-0.19172835300676375,-0.22630066228273038,-0.26138421363326536,-0.2969575375415115,-0.3329969521667576,-0.3694764791986655,-0.40636779436801157,-0.44364015839662874,-0.4812604078616087,-0.5191929126110592,-0.5573995685597419,-0.5958398302200988,-0.6344707105219455,-0.6732468912166573,-0.7121207678024556,-0.7510426023325854,-0.789960674923958,-0.8288214511950784,-0.867569860486791,-0.9061495376537686,-0.9445031267706147,-0.9825726358457706,-1.0202998340457465,-1.0576266594721886,-1.0944956686026606,-1.1308505111980607
1.0879396984924623,1.0727011364796892,1.0582965146399954,1.0445825480578559,1.0314490546999262,1.0188075797768015,1.006584697755312,0.9947177585501066,0.9831521160147825,0.9718392232211935,0.9607352873764252,0.9498002878778601,0.9389972589936845,0.9282917418257733,0.917651363455266,0.9070455099233965,0.896445069399407,0.8858222211567545,0.8751502771084186,0.864403544812262,0.8535572186111392,0.8425872898416242,0.8314704733986114,0.8201841483635156,0.8087063018248175,0.7970154966030969,0.7850908315072057,0.7729119139667454,0.7604588400171092,0.7477121743933097,0.7346529366390859,0.7212625922847308,0.7075230447424015,0.6934166292651516,0.6789261130524924,0.664034699644713,0.6487260240267847,0.6329841632351486,0.6167936409109713,0.6001394379984332,0.5830070033614932,0.5653822672905946,0.5472516565237684,0.5286021116522898,0.5094211064843035,0.48969666964593356,0.4694174084441886,0.44857253405309283,0.42715189078808036,0.4051459879609315,0.3825460304822156,0.3593439570692448,0.3355324806719428,0.311105125917994,0.2860562769470624,0.26038122690964377,0.2340762240069199,0.20713852931612872,0.1795664758063793,0.15135952463963823,0.12251833268495496,0.09304482115544124,0.06294224354641739,0.03221526117737186,0.0008700207930781405,-0.03108576515616948,-0.06364273892824963,-0.0967898129275643,-0.1305140777228631,-0.16480072599628898,-0.19963296512792514,-0.234991916517128,-0.27085655033480105,-0.3072036108917368,-0.344007527826239,-0.3812403601115746,-0.4188717201735584,-0.45686875609491057,-0.49519610079859805,-0.5338158558869371,-0.5726876141820862,-0.6117684490285231,-0.651013014492387,-0.6903735782987626,-0.7298001647380774,-0.7692406948207205,-0.8086411422969908,-0.8479458053585144,-0.8870975380307289,-0.926038047659059,-0.9647082445265258,-1.0030486388099713,-1.040999747247099,-1.078502547729384,-1.1154989607298862
1.1105527638190955,1.0956519693076505,1.0815686999207865,1.0681618204833199,1.0553226989380255,1.0429640420290338,1.0310133207216907,1.019408594174889,1.0080957885055364,0.9970268263475708,0.9861583057781309,0.9754505357482516,0.9648668313290283,0.9543729751748187,0.9439368038780602,0.9335278864732637,0.9231172718727247,0.9126772812947045,0.9021813523160179,0.8916039040157858,0.8809202297586599,0.8701064087115552,0.8591392334309923,0.8479961512699534,0.8366552089227888,0.8250950204623989,0.8132947280404933,0.8012339747520946,0.7888928847314572,0.776252043357089,0.7632924833725038,0.7499956759959013,0.7363435227385923,0.7223183492533355,0.7079029052400585,0.6930803685686711,0.677834340272881,0.662148854796939,0.6460083843018717,0.6293978490173355,0.6123026275327311,0.59470856993295,0.5766020124497436,0.5579697944609812,0.5387992774500254,0.5190783661776646,0.4987955321146215,0.4779398381450813,0.4565009674251972,0.4344692548247296,0.41183571696689547,0.3885920900767384,0.36473087003621274,0.34024534924160305,0.31512966420638217,0.2893788448011812,0.2629888597217062,0.23595667434434006,0.2082803097009049,0.17995889829493572,0.1509927521087721,0.12138343156892839,0.0911338132123363,0.060248166466001334,0.028732232156814287,-0.003406697064981132,-0.03615969478622641,-0.06951611450120915,-0.10346349676573352,-0.1379874892397602,-0.1730717562973263,-0.20869787633819345,-0.24484527099218803,-0.28149112530306775,-0.31861029452646644,-0.3561752418535061,-0.39415595600513625,-0.4325199249259798,-0.47123207698944086,-0.510254756022588,-0.5495477338838237,-0.5890681894247242,-0.6287707982245632,-0.6686077535915095,-0.7085288991580944,-0.7484818573192095,-0.7884121734303501,-0.8282635800846821,-0.8679782174321191,-0.9074969235183292,-0.946759577674538,-0.9857054959410918,-1.0242738353697216,-1.0624040524169034,-1.1000363894921572
1.1331658291457287,1.118595139633693,1.1048257280311586,1.0917185875669124,1.0791666232486847,1.0670836957131453,1.0553981682436966,1.044048807400883,1.03298211134597,1.0221504731998778,1.011510883647541,1.0010239835084758,0.9906533713812873,0.9803650744833767,0.9701271421234331,0.9599093296608319,0.9496828501590859,0.939420170227466,0.9290948565655834,0.9186814432257614,0.9081553260266348,0.8974926753700361,0.8866703648473561,0.8756659134248934,0.8644574307137395,0.8530235853256926,0.8413435660222434,0.8293970548187624,0.8171642072005397,0.8046256324481129,0.7917623797800559,0.7785559294056602,0.7649881842774723,0.7510414638403549,0.7366985037488817,0.7219424597311856,0.7067569024822445,0.6911258275629969,0.675033659469115,0.6584652616471693,0.6414059464685865,0.62384148800338,0.6057581363081593,0.5871426340256196,0.5679822349431023,0.5482647247380988,0.5279784439799562,0.5071123123532767,0.48565585709161224,0.46359924399319713,0.4409333069000128,0.4176495851619241,0.39374036329460393,0.3691987072430189,0.3440185117080299,0.31819454908267386,0.2917225143285073,0.26459908278887323,0.23682196905314806,0.20838998224842714,0.17930309443054968,0.14956250977653218,0.11917073190964309,0.08813164176350022,0.05645057685998976,0.024134411765875483,-0.008808357815488804,-0.042367527132162255,-0.07653108883743792,-0.11128514936726758,-0.14661383580726642,-0.1824991914220568,-0.21892109956757333,-0.25585719895658926,-0.2932827863399856,-0.3311707481748755,-0.36949147200802457,-0.4082128118315819,-0.4473000215774131,-0.486715721493524,-0.526419900822101,-0.5663698866251583,-0.6065204228452968,-0.6468236794651266,-0.6872293744365103,-0.7276848900988327,-0.7681354052122585,-0.8085241509593062,-0.8487926195822088,-0.8888808466975722,-0.9287277473802923,-0.9682715088174234,-1.0074499910241728,-1.0462011876847872,-1.0844637164172701
1.1557788944723617,1.1415308237309,1.128067956950143,1.1152533940062077,1.1029815635978364,1.0911674721275837,1.0797403705184048,1.0686397303857422,1.0578126212099392,1.0472119070180281,1.0367949723372658,1.0265227916713604,1.016359249377231,1.0062706197584066,0.9962251675644557,0.986192837338716,0.9761450092399795,0.9660542982594761,0.9558944032324992,0.9456399761998748,0.9352665184393549,0.9247502945748877,0.9140682621982779,0.9031980148327953,0.8921177279285633,0.8808061275435602,0.8692424519457722,0.8574064249644551,0.8452782363352189,0.8328385221544664,0.8200683510542615,0.8069492152088079,0.793463022031757,0.7795920878370636,0.7653191373792734,0.7506273074706181,0.7355001417831454,0.7199216004123693,0.7038760637180743,0.6873483420154297,0.6703236852403821,0.6527877953704013,0.634726840355837,0.6161274703266081,0.5969768357540167,0.5772626077732839,0.5569730007550426,0.5360967960518896,0.5146233700000519,0.4925427244986219,0.4698455159306274,0.44652309222117437,0.4225675320748666,0.39797168064092553,0.37272919652280706,0.3468346003701887,0.3202833191470428,0.2930717438355826,0.2651972881260469,0.23665844314838685,0.2074548461452091,0.17758734979678864,0.14705808914204915,0.11587056038153828,0.08402970079077575,0.05154196910832468,0.018415431585592175,-0.015340148696220957,-0.049713217732917814,-0.08469034354705962,-0.12025612053671357,-0.1563930634387581,-0.19308152620731978,-0.23029961262673382,-0.26802307514433926,-0.3062252407185405,-0.3448769163049821,-0.3839463460668617,-0.4233991374367449,-0.4631982190310812,-0.5033038335242671,-0.5436734965670452,-0.5842620650132317,-0.6250217343701775,-0.6659021497588181,-0.7068505100661459,-0.7478116875283279,-0.7887284746613427,-0.8295417806733438,-0.8701909049296254,-0.9106138647088771,-0.9507477838831808,-0.9905292888639459,-1.029894970542996,-1.0687818768724773
1.178391959798995,1.1644591937077349,1.1512957357743416,1.1387667703740836,1.1267682360875482,1.1152162764981235,1.104041025019234,1.0931826554982471,1.0825888075315324,1.072212815994824,1.0620124600189227,1.0519490491388748,1.041986755238061,1.0320921017734075,1.022233571211762,1.0123812996994814,1.0025068370033103,0.9925829490650256,0.9825834694553992,0.9724831708154127,0.9622576624929495,0.9518833059366864,0.941337145329271,0.9305968513288214,0.9196406677901899,0.9084473807771299,0.8969962806218085,0.8852671355302186,0.8732401720648805,0.860896055736843,0.8482158772222994,0.8351811433332701,0.8217737686699722,0.8079760692041595,0.7937707616531975,0.7791409668622549,0.7640702045244329,0.7485424024208304,0.7325419000427504,0.7160534579682566,0.6990622672276329,0.6815539613802013,0.6635146300959963,0.6449308349768791,0.6257896273262121,0.606078568052492,0.5857857498120973,0.564899820282965,0.5434100097285461,0.5213061611317752,0.49857875856178807,0.47521896380696105,0.4512186551712532,0.4265704625381136,0.40126781402625616,0.3753049842006447,0.34867713771826014,0.3213803868609947,0.29341184999220304,0.2647697056970806,0.23545326164212893,0.20546302394477634,0.17480076363322475,0.14346959625028138,0.11147406227711573,0.07882020735903125,0.045515670126518984,0.011569772747931886,-0.02300638457367088,-0.05819983335572715,-0.09399563888394805,-0.13037679281491538,-0.1673241272796251,-0.20481622110808204,-0.24282929507628453,-0.2813371321750514,-0.32031097751232745,-0.35971948758848016,-0.399528649212387,-0.4397017291588877,-0.4801992573640549,-0.5209789761866375,-0.5619958976867083,-0.6032022895347635,-0.6445477747501878,-0.6859794233963211,-0.7274418594839408,-0.7688774980925247,-0.8102267290780025,-0.8514281809158801,-0.8924190391666722,-0.9331354300154321,-0.9735128103054949,-1.013486429244511,-1.0529918219077605
1.2010050251256281,1.1873804176113372,1.1745094049577236,1.1622592335282187,1.1505273375683025,1.1392309888257464,1.1283011976118158,1.1176788367339385,1.1073121142514568,1.0971548353831233,1.0871651741799557,1.0773047761161585,1.0675381019367298,1.0578319258934699,1.0481549500290006,1.0384775041022507,1.0287713095998896,1.0190092855912163,1.0091654025999333,0.9992145561058544,0.9891324657744185,0.9788955921273832,0.9684810681836183,0.9578666439779412,0.9470306340084272,0.9359518865855031,0.924609746352721,0.9129840281530514,0.901054997657387,0.8888033521021831,0.8762102065570836,0.863257084869807,0.8499259112834748,0.8361990039527246,0.8220590741621174,0.8074892294849004,0.7924729684300315,0.7769941893702325,0.7610371939548168,0.7445866961819968,0.7276278314730321,0.7101461684141627,0.6921277219957588,0.6735589690552863,0.6544268656598953,0.634718866595736,0.6144229470841892,0.5935276255872368,0.5720219909293996,0.5498957319793205,0.5271391654665162,0.5037432721726203,0.4796997352686249,0.45500097477613843,0.4296401938360511,0.4036114265054222,0.3769095807693234,0.3495304958458842,0.32147100035569826,0.2927289658433415,0.26330337573428814,0.23319439466735223,0.2024034344418269,0.1709332342915166,0.13878794170127445,0.10597319238415795,0.07249619969424438,0.03836584625388218,0.0035927787202068295,-0.031810499003555134,-0.06782952572456855,-0.10444777439690045,-0.14164656170866485,-0.17940495017981692,-0.21769964007984077,-0.2565048843620526,-0.2957923832936793,-0.33553122602181096,-0.37568780263703383,-0.4162257457946011,-0.4571059043828136,-0.49828628339620706,-0.5397220901957662,-0.5813657090754787,-0.6231667895755106,-0.6650723255800289,-0.707026749364635,-0.7489721582276655,-0.7908484850757587,-0.8325937519271565,-0.8741443781835592,-0.9154355579043879,-0.9564016428313482,-0.996976602542298,-1.0370945175018431
1.2236180904522613,1.2102946595280388,1.1977092965440854,1.1857312870067602,1.174259546228901,1.163212464701452,1.152521923623862,1.142129491069528,1.1319839414846429,1.122039549504283,1.1122548839994253,1.1025919268798623,1.0930154286825917,1.0834924156984294,1.0739918110149789,1.064484139632522,1.0549412964976865,1.0453363556214024,1.0356434263440661,1.02583752887853,1.0158944951199245,1.00579088658523,0.9955039270576138,0.985011447881821,0.9742918361374588,0.9633240043304298,0.95208735337855,0.9405617467450756,0.9287274912207933,0.9165653178149726,0.9040563680828458,0.8911821850542703,0.8779247048255043,0.8642662500179662,0.850189528851153,0.8356776380890553,0.8207140576226947,0.805282659097415,0.7893677091253618,0.7729538780636417,0.7560262488057315,0.7385703281975111,0.720572059941187,0.7020178396676728,0.6828945319375218,0.6631894893209483,0.6428905736904353,0.6219861785628754,0.6004652557764226,0.5783173447140542,0.5555325995753837,0.5321018251116332,0.5080165144880833,0.4832688831425005,0.45785191463675645,0.4317594080098714,0.40498602014650187,0.37752732280197965,0.3493798604352124,0.32054120308723977,0.29101001535255433,0.2607861255984483,0.22987059135293736,0.19826578012550533,0.1659754505059129,0.13300483181341272,0.09936071492923537,0.06505154484521944,0.03008751557500665,-0.005519333890575781,-0.041755017650615206,-0.07860349334871296,-0.1160465675006109,-0.15406379372319978,-0.1926323615727711,-0.23172700639201407,-0.27131989897651787,-0.31138057967005967,-0.3518758638736723,-0.39276977586505396,-0.43402351311597887,-0.47559537706160526,-0.5174408083130148,-0.5595123501078779,-0.6017597250412845,-0.6441299014754892,-0.6865671746053124,-0.7290133819771456,-0.7714080605949564,-0.8136886894205595,-0.8557909866108458,-0.8976492794474819,-0.9391968793034764,-0.9803665389515804,-1.021090943807485
1.2462311557788945,1.233202079681195,1.2208957343924312,1.209183421410716,1.1979655221649872,1.1871615360895706,1.1767042088713477,1.1665357997592989,1.156605647113345,1.1468684936634437,1.1372833026098101,1.1278123924095242,1.1184208039440195,1.1090758164168666,1.0997465750675777,1.0904038014128048,1.0810195652541958,1.0715670970224112,1.062020646411319,1.0523553599430462,1.0425471833455084,1.0325727807527874,1.022409468348733,1.0120351604378715,1.00142831834431,0.9905679204505576,0.9794334256512206,0.9680047477597259,0.9562622364513577,0.9441866583147831,0.9317591832477938,0.9189613753788849,0.9057751846425451,0.892182940190111,0.8781673493269955,0.8637115002574416,0.8487988566108845,0.8334132657793993,0.8175389619386504,0.8011605745417777,0.7842631368365507,0.7668320969644004,0.7488533305365013,0.7303131553432259,0.7111983479791589,0.6914961625192158,0.6711943513910978,0.6502811872597156,0.6287454892569946,0.6065766517431211,0.5837646710390004,0.5603001806925083,0.5361744888525943,0.5113796115258216,0.4859083179840832,0.4597541776471617,0.4329116018004097,0.4053759002919768,0.37714333898410585,0.3482111919677861,0.3185778104711727,0.28824269189547996,0.2572065446018815,0.22547136916243338,0.19304053963748294,0.15991888282418182,0.12611277034395416,0.09163021196709584,0.056480950552206914,0.020676560529276418,-0.015769448472085952,-0.052841521269357955,-0.09052195844949021,-0.1287908109828038,-0.1676257662246101,-0.20700205292338184,-0.2468923262282517,-0.28726659456321835,-0.3280921188824676,-0.3693333389342246,-0.41095182842455785,-0.45290621698032707,-0.4951522143233246,-0.537642562856344,-0.5803271026991215,-0.6231528253653742,-0.6660639417678978,-0.7090020860612174,-0.7519064589688104,-0.7947140586721869,-0.8373599662349934,-0.8797777071575837,-0.9218996172875231,-0.963657296018268,-1.0049820943971126
1.2688442211055277,1.2561028345263872,1.2440690343955134,1.2326161147735868,1.2216459079270896,1.2110790120810055,1.2008490306430983,1.1908989095764246,1.1811785483096893,1.1716431559767855,1.162252089251317,1.152968002890041,1.1437562283187819,1.1345842981826924,1.1254215806432966,1.1162389946802553,1.1070087860255904,1.0977043426968807,1.0883000559761435,1.078771199977672,1.069093835580556,1.0592447308816044,1.0492012958336996,1.03894152909089,1.028443967632272,1.0176876571528501,1.0066521159881825,0.995317309799858,0.9836636326864066,0.9716718884022358,0.9593232768296038,0.946599384901811,0.9334821781706503,0.9199539941783696,0.9059975412686321,0.891595901139884,0.8767325233235453,0.8613912332421871,0.8455562350475403,0.829212119839739,0.8123438739185924,0.7949368895743993,0.7769769773436206,0.7584503803631206,0.7393437906252529,0.7196443672557715,0.6993397569701075,0.678418115505951,0.6568681334050438,0.6346790643090282,0.6118407511586055,0.5883436609804729,0.564178921761483,0.5393383551052291,0.5138145211718645,0.48760076506640987,0.4606912578999693,0.4330810531154184,0.40476614351598744,0.3757435127979678,0.3460112043243756,0.3155683899122941,0.28441543398129604,0.2525539751247359,0.21998700746864835,0.1867189594529482,0.15275578701655684,0.11810506756016692,0.08277609480559793,0.04677997959661248,0.010129755036327587,-0.027159512515780332,-0.06507062101183289,-0.10358412396300062,-0.1426782138399187,-0.18232862249065812,-0.22250850178877934,-0.2631883435449912,-0.30433587281095986,-0.34591596684357645,-0.3878906013315101,-0.4302187638601227,-0.4728564670924052,-0.515756690763355,-0.5588694349507781,-0.6021417610183646,-0.6455178465271865,-0.6889391768958596,-0.7323446747057353,-0.7756709184256345,-0.8188524153072998,-0.8618219535857501,-0.9045109583885658,-0.9468499395944612,-0.9887689755098953
1.291457286432161,1.2789970768440972,1.2672295046917934,1.2560298329187558,1.2453013290490724,1.2349656796177961,1.2249573386458237,1.215219934002034,1.2057039229914224,1.1963649791156106,1.187162851324831,1.1780605300927978,1.1690236372613667,1.1600199591252824,1.15101908722535,1.1419921386463516,1.1329115358299917,1.12375082526049,1.114484540763774,1.1050880850587483,1.0955376352319313,1.0858100644344517,1.075882877510382,1.0657341586143785,1.05534252155957,1.0446870805647164,1.0337474146523016,1.0225035426178999,1.01093590431546,0.9990253420500559,0.9867530871336175,0.9741007508179937,0.9610503158627778,0.9475841298769626,0.9336849040126624,0.919335715336975,0.9045200012696728,0.8892215673723411,0.8734245900117932,0.8571136243140421,0.8402736121579312,0.8228898926663759,0.804948214149074,0.7864347481092654,0.7673361051350772,0.7476393527851805,0.7273320356332894,0.706402196255088,0.6848384005619326,0.662629765629311,0.6397659853691653,0.6162373648286125,0.5920348565543527,0.5671500926521215,0.5415754292372585,0.5153039923076576,0.4883297181444812,0.4606474092264077,0.4322527907981204,0.40314256170567836,0.37331446296874554,0.3427673462592561,0.311501237377938,0.2795174180426556,0.2468185072379655,0.21340853946815422,0.17929305888998864,0.144479213783244,0.10897585122938669,0.07279362002682674,0.03594507715924677,-0.0015552007183459449,-0.039690511339755805,-0.07844191495169002,-0.11778811534077924,-0.15770535590912024,-0.19816729625662988,-0.23914492539584759,-0.28060644940651935,-0.3225172033642489,-0.3648395888628305,-0.4075329792981083,-0.45055372213424016,-0.4938550705980614,-0.5373872251545188,-0.5810973617550724,-0.6249296736645262,-0.6688255504898235,-0.7127236932736087,-0.7565603205561406,-0.8002694280895767,-0.843783130758792,-0.8870320075989506,-0.9299455431218248,-0.9724526053012787
1.314070351758794,1.3018849558299168,1.2903774458710395,1.2794250298051084,1.2689323945578368,1.2588223041903095,1.249030055911491,1.2394999543646428,1.2301830112143703,1.2210353619717806,1.2120171463491956,1.203091689642479,1.1942249036757489,1.1853848283032997,1.176541278612254,1.1676655701524907,1.1587303025808269,1.1497091814622749,1.1405768838651227,1.1313089418761646,1.1218816496044013,1.1122719861134112,1.1024575520346043,1.0924165179554541,1.0821275754900896,1.0715699083866055,1.0607231574007154,1.0495673955537272,1.0380831095982586,1.026251181590781,1.0140528755381903,1.0014698283485597,0.9884840414071305,0.9750778738958155,0.9612340413783261,0.9469356180000067,0.9321660308923679,0.9169090677030753,0.9011488790928567,0.8848699864333175,0.8680572895510108,0.8506960769276037,0.8327720373370516,0.8142712735125989,0.7951803176807289,0.7754861490607219,0.755176213502152,0.734238444032596,0.7126612857439654,0.6904337231525666,0.6675453053513953,0.6439861798132865,0.6197471282374042,0.5948195980151617,0.5691957461726387,0.5428684847095272,0.5158315203367762,0.48807940994307075,0.4596076166693362,0.43041256003381073,0.40049168424106985,0.3698435262965826,0.33846777878164774,0.3063653717617182,0.2735385540417816,0.2399909708357819,0.20572775870413995,0.17075564040882932,0.1350830193181082,0.09872008423979228,0.061678917050078226,0.023973604523150352,-0.014379652462901654,-0.053362424163851105,-0.09295393084297517,-0.133130934750193,-0.17386761292597896,-0.21513546399049843,-0.2569031904500953,-0.2991366038606448,-0.3417985538931858,-0.3848488257603731,-0.42824413167740194,-0.4719380325641405,-0.5158809677326808,-0.5600202705181,-0.6043001970690395,-0.6486620923525597,-0.6930444908977088,-0.7373833097502334,-0.7816120944158739,-0.8256623496319501,-0.8694638726587497,-0.9129451869236331,-0.956034013095992
1.3366834170854272,1.3247666171823724,1.3135131511737885,1.3028021478613367,1.292539697465045,1.2826496305082866,1.2730680796688354,1.2637400209324339,1.254617016504885,1.2456556612487426,1.2368164838281512,1.228063143176114,1.2193618403815314,1.2106808684916495,1.2019902660379802,1.193261547134367,1.1844674889050384,1.1755819563648315,1.166579770285659,1.1574365926560997,1.1481288352009116,1.1386335835398267,1.1289285347803812,1.1189919466744458,1.10880258940988,1.098339717081438,1.0875830330417056,1.0765126654519883,1.0651091489340814,1.0533534063281549,1.04122673543681,1.0287108000009095,1.0157876212910995,1.0024395714128895,0.9886493717914512,0.9744000952085018,0.9596751601806932,0.9444583382399919,0.9287337562719077,0.9124859039659952,0.8956996413182804,0.8783602085486786,0.8604532374400198,0.8419647646729754,0.8228812470090795,0.8031895784105052,0.7828771092756506,0.7619316665542776,0.7403415781879026,0.7180957000013319,0.6951834403420246,0.6715947933817308,0.6473203744383934,0.6223514508528323,0.5966799854063686,0.5702986811094007,0.543201020274731,0.5153813195033021,0.4868347852340766,0.4575575631480751,0.42754680615707064,0.396800742103033,0.36531873580524143,0.33310137099753084,0.3001505314103884,0.26646947780635,0.23206294358648996,0.1969372299137856,0.16110029975755122,0.12456188445533772,0.08733359233958146,0.04942902077410011,0.010863868389674777,-0.028343947497995726,-0.06817416782066119,-0.10860407988373881,-0.14960838667199494,-0.19115910748818762,-0.2332254552103457,-0.2757737349649794,-0.31876726499595986,-0.36216626656207607,-0.40592784473025717,-0.45000590040687866,-0.4943511482803007,-0.5389111199459974,-0.5836301797460757,-0.628449677412697,-0.673308034372044,-0.7181409232007131,-0.762881499270261,-0.8074607195569121,-0.8518076634293275,-0.8958499575062289,-0.9395142386454952
1.3592964824120604,1.3476422031884363,1.3366369066848953,1.3261616183093878,1.3161238152416552,1.3064483831469336,1.297072282180708,1.2879411539607317,1.2790071071353988,1.2702271929821354,1.2615623270319352,1.252976500400501,1.244436202460863,1.2359099788303507,1.2273680911339937,1.2187822519070868,1.2101254157598593,1.2013716072999812,1.1924957912458187,1.1834737598106346,1.174282042724454,1.1648978326100734,1.15529892354982,1.1454636610077493,1.1353708943403784,1.1249999486342204,1.1143305905353453,1.1033430040970618,1.09201777262294,1.0803358606151623,1.0682786006222806,1.055827684247081,1.042965153760589,1.0296733954000417,1.0159351377612373,1.001733453681166,0.9870517545969255,0.9718737975857,0.9561836875518712,0.9399658844387787,0.9232052104972397,0.9058868599283693,0.8879964099317798,0.8695198337160652,0.8504435153374409,0.8307542664461866,0.8104393451256778,0.7894864755817715,0.7678838721393182,0.7456202656658385,0.7226849277052958,0.699067703273569,0.6747590456504671,0.6497500466720808,0.6240324796090714,0.5975988433906112,0.5704424010133406,0.542557234016516,0.513938297479666,0.4845814686968902,0.45448361479249366,0.42364265995849143,0.39205764675085475,0.3597288179703809,0.326657697497854,0.2928471666497238,0.2583015603246604,0.22302676228567284,0.18703029876445487,0.15032144656962831,0.11291134255618912,0.07481309574070417,0.036041902335994885,-0.0033848343990378737,-0.043447379354635246,-0.0841235500837295,-0.12538858288209093,-0.167215027554248,-0.2095726199172526,-0.25242817426234776,-0.29574549629754326,-0.3394852658479981,-0.38360500714505474,-0.4280589915194243,-0.4727982436746516,-0.5177705324508742,-0.5629203738325759,-0.6081891699467303,-0.6535152808837689,-0.6988341903167705,-0.744078722380635,-0.7891793477653657,-0.8340644912804637,-0.8786609468705928,-0.922894331390797
1.3819095477386933,1.3705118528067821,1.3597489915213519,1.349503861477442,1.339685310275946,1.3302192671691393,1.3210435115488515,1.3121043446968519,1.3033544173459648,1.29475123399369,1.2862560946981834,1.2778333210536987,1.2694496894929947,1.2610739973434808,1.2526767287427147,1.2442297942820584,1.235706325860797,1.227080507614243,1.2183274482490773,1.2094230703322453,1.200344021801497,1.191067602549136,1.1815717039567548,1.171834759580132,1.1618356983767075,1.1515539169123812,1.1409692456706497,1.1300619252005546,1.1188125881557336,1.1072022414379428,1.0952122531543098,1.0828243436637695,1.070020577220103,1.0567833552697008,1.043095414758982,1.0289398298710766,1.0143000063716197,0.9991596884171968,0.98350296059863,0.9673142549223003,0.9505783578523095,0.9332804196866684,0.915405965321912,0.8969409069466988,0.8778715585426733,0.8581846522641177,0.8378673568860111,0.8169072970746086,0.7952925769427031,0.7730118060068221,0.7500541228229469,0.726409227272343,0.7020674148196382,0.6770196062262847,0.6512573898769,0.6247730654262549,0.597559681544882,0.5696110898567167,0.5409219993597646,0.5114880243638147,0.4813057516844383,0.4503728073756567,0.41868791725522914,0.38625098864936735,0.35306319091250205,0.3191270310619572,0.28444645034239485,0.24902691956363676,0.21287553219132796,0.17600111382639527,0.13841433236976455,0.10012781009619852,0.06115624126371523,0.02151651417842372,-0.018772162459687616,-0.05968814069403226,-0.10120719643084941,-0.1433024186115088,-0.18594407725442266,-0.2290995099859384,-0.272733027335757,-0.31680578857356956,-0.3612757616809341,-0.4060976170481998,-0.4512227221855913,-0.4965991202994656,-0.5421715206190783,-0.5878814235176157,-0.6336671778504132,-0.6794641324490602,-0.7252048378285337,-0.7708193388682721,-0.8162354684914619,-0.8613792518347138,-0.906175349731562
1.4045226130653266,1.3933757017488655,1.382849678014593,1.3728292871028431,1.3632247303157354,1.3539629687248946,1.3449825924876302,1.3362305563444135,1.3276600485145444,1.3192290232819348,1.3108991626565287,1.3026351167759578,1.2944039476829257,1.2861747033358204,1.2779180895913207,1.2696062145259586,1.261212386932601,1.2527109502174563,1.2440771569326796,1.2352870599498875,1.2263174254454696,1.21714566068233,1.2077497545063423,1.1981082287906386,1.1882000923771485,1.1780048136548953,1.167502287349285,1.1566728109733864,1.1454970670673743,1.1339561055415257,1.1220313307483452,1.1097044925737087,1.0969576781150803,1.0837733049855744,1.0701341195435918,1.056023198491499,1.0414239432143144,1.026320086365165,1.0106956937717717,0.994535171195368,0.9778232711538571,0.9605451020391429,0.9426861386053098,0.9242322343528037,0.9051696356981513,0.8854849979934323,0.8651654035891305,0.8441983806929587,0.8225719264869944,0.800274532620416,0.7772952083548652,0.7536235123382274,0.7292495863258698,0.7041641843211213,0.6783587143388442,0.6518252814649469,0.6245567249406323,0.5965466715383447,0.5677895893833286,0.538280835149604,0.5080167207876782,0.47699457971317766,0.4452128265438122,0.41267103863343524,0.3793700362128941,0.34531195726652475,0.31050035439886026,0.27494029013134513,0.23863842941157326,0.20160315029599063,0.1638446546697016,0.12537508016666804,0.08620862013599262,0.046361647712079214,0.005852843513272421,-0.03529668235117865,-0.07706325069645487,-0.11942049712015634,-0.16233923586925428,-0.20578734072197885,-0.24972964292224775,-0.2941278004863299,-0.3389402480658358,-0.38412208199740133,-0.42962504358656384,-0.4753974856974062,-0.5213843505780414,-0.5675272809229158,-0.6137646627695881,-0.660031762629482,-0.7062609136748559,-0.752381794370971,-0.7983217076665893,-0.8440059733673504,-0.8893583603023412
1.4271356783919598,1.4162338825578822,1.4059392318874668,1.3961382946253549,1.3867426088954389,1.3776801556288971,1.3688903270681336,1.3603207249890648,1.3519250702785948,1.3436617633529817,1.3354928653809666,1.327383352895067,1.3193005718901163,1.311213819674271,1.3030940228341474,1.2949134861713092,1.2866456947941054,1.2782651509468694,1.2697472507148433,1.2610681770620653,1.252204814277321,1.2431346769438654,1.233835851391031,1.2242869478942746,1.2144670553277535,1.2043557141159673,1.1939328835034002,1.1831789183118073,1.1720745513840114,1.1606008761302748,1.1487393337202765,1.1364717042246995,1.1237800983343913,1.1106469506768386,1.0970550179748195,1.082987380514657,1.0684274364834971,1.0533589083399955,1.0377658445907647,1.0216326263346514,1.0049439738740473,0.987684955580942,0.9698409981157085,0.9513978985092308,0.9323418380081269,0.9126593977406873,0.8923375764004434,0.871363808700356,0.8497259880553965,0.8274124916134092,0.8044122029179412,0.7807145431685418,0.7563095044032919,0.7311876780726264,0.7053402962309614,0.6787592739998627,0.651437245993798,0.6233676191127492,0.5945446257450044,0.5649633702177934,0.5346198950177592,0.5035112463998351,0.4716355333210372,0.43899200869441035,0.4055811490921312,0.3714047288304857,0.336465917029569,0.30076937277807947,0.2643213369989087,0.22712974417424123,0.18920433348743773,0.15055676048475336,0.11120071918734648,0.07115206796438213,0.030428958404286534,-0.01094803976122884,-0.0529557966166473,-0.0955685008847798,-0.1387575199002463,-0.18249127512407104,-0.22673513300875087,-0.2714512681078358,-0.31659860305734944,-0.3621326853325828,-0.4080056592661678,-0.45416622087652675,-0.5005595833982228,-0.5471275741521927,-0.5938086630808861,-0.6405380853254632,-0.6872480116014218,-0.7338678122042376,-0.780324321165208,-0.8265422159337988,-0.8724444372567763
1.449748743718593,1.439086524685671,1.4290179124260518,1.4194312734711039,1.4102394657485815,1.4013714779173003,1.392767495434031,1.384375760487484,1.3761505216104069,1.368050621494506,1.3600384974738613,1.3520794501308304,1.344141107562905,1.3361930149607,1.3282063184714314,1.320153518687571,1.3120082762870995,1.3037452517581725,1.295339984251297,1.286768786461174,1.2780086605189356,1.2690372281395634,1.2598326730217952,1.2503736937999503,1.2406394594041954,1.230609582386994,1.220264086672943,1.2095833846243549,1.1985482596929746,1.1871398491732528,1.1753396315187565,1.1631294175395603,1.1504913421677316,1.1374078577919655,1.1238617323517044,1.109836050682195,1.0953142088557375,1.0802799203455191,1.0647172176785127,1.048610458772617,1.0319443333430773,1.0147038715246428,0.9968744538278795,0.978441822926504,0.9593920971847365,0.939711785976385,0.9193878069951664,0.8984075043114306,0.8767586706241483,0.8544295718329968,0.8314089692265739,0.8076861502286741,0.7832509610411912,0.758093834657959,0.7322058314767828,0.7055786811589255,0.6782048184000015,0.6500774351199963,0.6211905330299257,0.59153896933494,0.5611185224100929,0.5299259567970118,0.49795908132199185,0.46521683000517927,0.4316993412715437,0.39740803121457724,0.36234569074587103,0.3265165805429302,0.2899265222140961,0.25258301091225965,0.21449532677279068,0.17567464621903361,0.136134166015812,0.09588923075047852,0.05495746270438903,0.013358889472031843,-0.028883911782276145,-0.07174568838735534,-0.11519836852071398,-0.15921093163654293,-0.20374929255707477,-0.24877615871598158,-0.29425096050248856,-0.34012972008326475,-0.38636501234015097,-0.43290590818494584,-0.4796979280248087,-0.526683124353305,-0.5738000960396329,-0.6209840962084684,-0.6681671865682289,-0.7152784862713394,-0.7622444205468663,-0.8089890868541789,-0.8554346615605379
1.4723618090452262,1.461933754567619,1.4520859726464943,1.4427086033275636,1.4337158072063554,1.4250375683844907,1.41661485649043,1.4083965473213715,1.4003374118484473,1.392396730995789,1.3845373150851643,1.3767247862230219,1.368927052583843,1.36111390560235,1.3532567096515495,1.3453281600209985,1.3373020920586158,1.3291533237540674,1.32085753671301,1.3123911728623021,1.3037313517739526,1.2948558019796936,1.2857428043120276,1.2763711456035436,1.2667200747511926,1.2567692764186387,1.2464988392657785,1.2358892333245353,1.2249212928616904,1.2135761993422023,1.2018354688742658,1.1896809434674869,1.1770947828497242,1.1640594578252583,1.1505577483104998,1.1365727445627423,1.1220878415304592,1.1070867448178856,1.0915534722206086,1.0754723598628135,1.0588280684055669,1.041605591432264,1.023790265149267,1.0053677798855807,0.9863241933089433,0.9666459454047263,0.9463198754191476,0.925333239525726,0.9036737326509803,0.881329512591289,0.8582892217344762,0.8345420172923244,0.8100776034037979,0.7848862585958833,0.7589588758097775,0.732287003650761,0.7048628815085688,0.6766794911277779,0.6477306085231006,0.6180108489340521,0.5875157319218387,0.5562417457244417,0.5241864045486244,0.49134832907428894,0.45772732512314945,0.4233244560747278,0.3881421400086394,0.352184244355887,0.315456176310996,0.2779649961875316,0.23971952903283011,0.2007304754862982,0.16101053757722117,0.12057454762618788,0.07943959895212285,0.03762517597012523,-0.004846699566679255,-0.047951338145025224,-0.0916612354982514,-0.13594593822649945,-0.1807719214127068,-0.22610244032774363,-0.2718974513964209,-0.3181134734445601,-0.3647035377637445,-0.4116171201797764,-0.45880008270503514,-0.5061947418072994,-0.5537398686021907,-0.6013707819364982,-0.6490194864862893,-0.6966149060111487,-0.7440831160316281,-0.7913476956747625,-0.8383301202937583
1.4949748743718594,1.4847756956956264,1.475143659457034,1.465970654409905,1.4571721265827764,1.4486790431007603,1.440433148566984,1.432383945418113,1.4244867216868853,1.4167011923165875,1.4089905372702494,1.4013206974869499,1.3936598590308662,1.3859780577856136,1.37824687486348,1.3704391990109743,1.3625290392054135,1.354491370060269,1.3463020148961737,1.3379375442487567,1.3293751946095067,1.3205928008967076,1.311568740730183,1.3022818888735055,1.292711573998279,1.282837552763135,1.2726399785220812,1.26209937901206,1.2511966394297314,1.2399129856076179,1.2282299715916651,1.2161294709648272,1.20359366871994,1.1906050546464564,1.177146421313539,1.1632008651890746,1.148751781003792,1.1337828675239108,1.1182781289753998,1.1022218809883202,1.085598756613524,1.068393714478377,1.050592048238391,1.032179397796252,1.0131417622132093,0.9934655143544547,0.9731374174714317,0.9521446424852242,0.9304747893905737,0.9081159109214655,0.8850565338141175,0.8612856885267242,0.8367929408037295,0.8115684185909141,0.7856028514707817,0.7588876112981874,0.731414746675146,0.7031770338866106,0.6741680281511521,0.6443821078274569,0.6138145389012469,0.5824615386722785,0.5503203322118476,0.5173892324066148,0.48366771803880854,0.44915650533119306,0.41385764499064065,0.3777746164886395,0.340912417673134,0.30327767872590383,0.2648787738414291,0.22572593155346934,0.1858313620871015,0.14520938750037665,0.1038765730698536,0.06185185965658653,0.019156711710821908,-0.02418474809155584,-0.06814558876927877,-0.11269593212423501,-0.15780282418190844,-0.20343008168231813,-0.2495382039401502,-0.2960842268777706,-0.34302166244421556,-0.390300419722239,-0.4378667350390127,-0.48566322591156214,-0.5336288773224704,-0.581699119950284,-0.6298059519058621,-0.6778781559772986,-0.7258415159758396,-0.7736191535527799,-0.8211319059636436
1.5175879396984926,1.5076124686891919,1.4981912138153826,1.4892177877190431,1.4806089045469877,1.4722965019116767,1.4642230900563749,1.4563387909396441,1.4485994041253119,1.4409650742073767,1.4333993472895306,1.4258684803004713,1.4183409348588938,1.4107869893585512,1.4031784400257328,1.3954883676899894,1.3876909537887951,1.3797613285580976,1.3716754561746665,1.3634100350456528,1.35494241795137,1.3462505456615461,1.3373128921360538,1.3281084197051054,1.3186165365292477,1.3088170710553906,1.2986902412028065,1.2882166323636661,1.2773771806962444,1.266153156516343,1.2545261520108433,1.2424780726309925,1.2299911290256484,1.2170478304612709,1.2036309827578917,1.189723689304635,1.1753093454421446,1.160371644050329,1.1448945768670196,1.12886244024615,1.1122598409892255,1.0950717042781104,1.0772832828841827,1.0588801681135973,1.039848302420482,1.0201739937254266,0.9998439316431443,0.9788452043899888,0.9571653197711586,0.934792228399318,0.911714344507046,0.8879205751554637,0.8634003512610027,0.8381436539722047,0.8121410535105416,0.785383749188358,0.7578636032436323,0.7295731911280923,0.700505852081881,0.6706557325932089,0.6400178502471325,0.608588156720668,0.576363593399196,0.5433421709081983,0.5095230465625965,0.4749065950202606,0.4394945051409737,0.40328987382693493,0.36629729479113504,0.32852297298339156,0.289974836227051,0.2506626449354546,0.2105981208352952,0.16979507817576084,0.1282695556429726,0.08603995078961738,0.04312716958889607,-0.00044523498144627416,-0.04465091002807467,-0.08946055957171457,-0.13484181011220434,-0.1807590522246592,-0.22717334359717503,-0.2740422562099453,-0.3213198053535559,-0.36895636007501054,-0.41689856203550624,-0.4650893651709289,-0.5134680082593434,-0.5619700782829172,-0.6105276157199268,-0.6590693154333783,-0.7075207263635331,-0.7558045726551401,-0.803841115827941
1.5402010050251256,1.5304441913646594,1.5212288708815913,1.512450355291666,1.5040266094831978,1.4958905289199214,1.4879853800292775,1.4802618970410024,1.4726763853805784,1.4651894147833961,1.4577648938528547,1.4503693925260772,1.4429716455061512,1.435542171627203,1.4280529804775965,1.4204773434739686,1.412789613227362,1.4049650744822144,1.396979831304532,1.388810709132127,1.380435176304114,1.3718312788112064,1.3629775864144487,1.3538531485582068,1.3444374525212794,1.3347103982500232,1.3246522680205062,1.3142437047528968,1.3034656955232407,1.2922995551722631,1.2807269141580875,1.2687297100231743,1.2562901793919548,1.243390851428452,1.230014545730311,1.216144373246777,1.2017637306836346,1.186856305912804,1.1714060791908876,1.1553973287376869,1.138814636388595,1.121642895311043,1.1038673189775678,1.0854734518440576,1.0664471816711976,1.046774753522659,1.0264427856444007,1.0054382860034832,0.9837486728635574,0.9613617975611425,0.9382659648755957,0.914449961728878,0.8899030876769073,0.8646151807557245,0.8385766557250741,0.8117785434663216,0.7842125241831723,0.7558709770308608,0.7267470300051153,0.6968346026572563,0.6661284692793921,0.6346243211863787,0.6023188214861989,0.5692096840519898,0.5352957503016983,0.5005770589423838,0.465054942564004,0.4287321209755103,0.391612789090666,0.3537027316961273,0.31500943494583683,0.2755421953948154,0.2353122499180951,0.19433290782194534,0.15261968314491672,0.11019043095284903,0.06706549823716465,0.023267866184308962,-0.021176694329701377,-0.06623947557882395,-0.1118886929761524,-0.1580893220894004,-0.20480299314913028,-0.25198783173237005,-0.2995983776412047,-0.3475854850016226,-0.39589623017240194,-0.44447393719643097,-0.493258136894616,-0.5421846153826105,-0.5911855028826872,-0.6401894579641167,-0.6891218503136136,-0.7379050655714395,-0.7864588512298764
1.5628140703517588,1.5532709788026968,1.5442568601665831,1.5356687004425582,1.5274256978387624,1.5194616929503364,1.511720698826837,1.5041540545999605,1.496718565762565,1.4893752225547827,1.4820882923114775,1.474824654871435,1.4675533154292497,1.4602450310704127,1.4528720228781593,1.4454077512491907,1.437826738574778,1.4301044228914388,1.4222170470893252,1.4141415627019533,1.4058555528070338,1.3973371678993045,1.3885650729190366,1.3795184038923511,1.370176726768569,1.3605200126301822,1.3505286078293601,1.340183212616752,1.3294648648736558,1.3183549239399952,1.3068350586090443,1.2948872386716637,1.282493726982032,1.2696370729569542,1.2563001104328564,1.242465958491873,1.2281180158932379,1.2132399663112166,1.197815779458794,1.1818297164927964,1.165266335493161,1.1481104989694468,1.1303473826040618,1.1119624856700996,1.0929416430674057,1.0732710390070057,1.0529372225483444,1.031927123776534,1.010228073971416,0.9878278279463973,0.9647145839839869,0.9408770120294982,0.9163042836496601,0.890986097355957,0.864912716249305,0.8380750067966101,0.8104644714038869,0.7820732973769235,0.7528944061164465,0.7229214950918308,0.6921491003398397,0.6605726580145361,0.6281885583082404,0.5949942238199728,0.5609881856299788,0.5261701521195781,0.490541105224312,0.4541033932058239,0.4168608176198548,0.3788187483061985,0.3399842346465808,0.300366113848749,0.2599751418923855,0.21882412638426973,0.17692805911075526,0.13430425400625293,0.09097249919958597,0.046955202711745386,0.002277550293737864,-0.04303234368710261,-0.08894329095828776,-0.1354208620851454,-0.18242727275041892,-0.22992121829796486,-0.27785778274671474,-0.32618832886773363,-0.37486039546160754,-0.4238177087113654,-0.4730001280612376,-0.5223436799482939,-0.5717806301428939,-0.6212396511024743,-0.670645987602936,-0.7199217447415881,-0.7689862169451323
1.585427135678392,1.5760929434140367,1.5672754056764628,1.55887315799948,1.5508066144608526,1.543010547998865,1.5354297086316353,1.5280160329190506,1.5207268205155746,1.513523477414931,1.5063706258002634,1.4992354521915818,1.4920872295708039,1.4848969509775876,1.4776370470182136,1.4702811653616317,1.4628039966891466,1.4551811310200577,1.4473889489145644,1.4394045269816824,1.4312055621358424,1.422770308580549,1.4140775257381837,1.405106435611917,1.395836682304156,1.3862483076028005,1.3763217215900199,1.3660376815857218,1.3553772761016294,1.344321908889919,1.332853287082493,1.3209534128158515,1.3086045753683335,1.295789344704879,1.2824905693016115,1.2686913768854102,1.254375168895428,1.2395256255555933,1.22412670690846,1.2081626580529712,1.191618014456373,1.174477609256999,1.1567265817837642,1.1383503877200587,1.1193348108607262,1.0996659764892083,1.0793303665790215,1.058314835616521,1.036606630369001,1.0141934117912215,0.9910632745345396,0.96720477463783,0.9426069589565574,0.9172593899712225,0.8911521828323907,0.8642760435154854,0.8366223007731306,0.808182954419238,0.7789507238237519,0.7489190891489255,0.7180823531411444,0.68643570193211,0.6539752581083959,0.6206981584359688,0.586602629197327,0.5516880540739683,0.5159550699883414,0.47940565925608164,0.4420432356045138,0.40387275927058286,0.3649008479337317,0.3251358841885131,0.2845881473559814,0.2432699469317997,0.20119575526192043,0.15838234699910894,0.11484895210960776,0.07061740474762555,0.025712303204033067,-0.019838835740699057,-0.0660054265451509,-0.11275364367912825,-0.16004629998185593,-0.20784267541757745,-0.2560984165122835,-0.30476541674411495,-0.35379170351814615,-0.40312143556439284,-0.452694835881416,-0.5024482107777426,-0.5523140057917583,-0.6022209559725518,-0.652094234205364,-0.7018557218983639,-0.751424320541413
1.6080402010050252,1.5989101950035507,1.5902847260527706,1.5820640545308857,1.574169792922169,1.5665376336660586,1.5591130540180818,1.551848580401232,1.5447020006269747,1.5376351315891112,1.5306129463325946,1.5236029347357547,1.516574634763131,1.5094992730135355,1.502349487549827,1.4950991115141954,1.487723002300172,1.480196900516537,1.472497323158977,1.4646014708147705,1.4564871532594255,1.4481327275392524,1.4395170467937624,1.4306194183331928,1.4214195638326579,1.4118975952938413,1.4020339861236848,1.3918095503924883,1.3812054270111151,1.3702030640014944,1.3587842067826863,1.34693088987944,1.3346254291340784,1.3218504153001935,1.3085887118391764,1.2948234555783829,1.2805380512062021,1.2657161761851148,1.2503417817005062,1.234399097736885,1.2178726382280185,1.2007472081620159,1.183007911883048,1.1646401630076295,1.1456296959087084,1.125962578791935,1.1056252285676638,1.0846044263262602,1.062887336710837,1.0404615293968233,1.0173149981826708,0.9934361881817165,0.9688140247253972,0.9434379376648285,0.9172978978162947,0.8903844544947134,0.8626887668523685,0.8342026514797989,0.8049186301948706,0.7748299705462888,0.743930746880304,0.7122159003785656,0.6796812912755891,0.6463237759023786,0.612141281256927,0.5771328719385292,0.541298845512678,0.5046408239923954,0.4671618388789401,0.4288664462599162,0.38976083733416567,0.34985294501610376,0.30915257645810823,0.26767154694761375,0.22542381258451943,0.18242561104684654,0.13869561537837205,0.09425508579415805,0.049128031515503406,0.003341368335714523,-0.043074926418299714,-0.09008763898222867,-0.13766018990333007,-0.1857524573551525,-0.2343206672950667,-0.2833172645111875,-0.33269078963320114,-0.3823858627493559,-0.43234310371431495,-0.4824991366279269,-0.5327866294252201,-0.5831344269482,-0.6334676818468624,-0.6837081075251566,-0.7337742717510887
1.6306532663316584,1.6217228408326785,1.613285034708782,1.6052417085667203,1.5975156558361068,1.590043475575776,1.5827713624831186,1.5756524252003905,1.5686449336046122,1.561711110545261,1.5548162758503412,1.547928219341686,1.5410167410713718,1.534053298714266,1.5270107356380473,1.5198630685769254,1.5125853199798565,1.5051533795760772,1.4975438994896904,1.4897342031195981,1.4817022120603036,1.473426385271296,1.4648856687831306,1.4560594544843486,1.4469275409856943,1.437470109956124,1.427667697668787,1.4175011745734447,1.4069517296977518,1.396000855140543,1.3846303345066613,1.3728222347019827,1.3605588982228025,1.3478229368016759,1.3345972291800015,1.320864921689633,1.3066094227846834,1.291814407800886,1.276463819823955,1.2605418746098631,1.244033065578587,1.2269221707273334,1.209194260720299,1.1908347085635271,1.1718292008222189,1.15216375040246,1.1318247111000075,1.1107987927350975,1.0890730801355402,1.0666350541948533,1.0434726105524803,1.0195740862907121,0.994928288316148,0.9695245171625159,0.9433526028375013,0.9164029417361047,0.8886665273732149,0.8601349972960171,0.8308006801634051,0.8006566355220395,0.7696967141318578,0.7379156172279345,0.7053089478863572,0.6718732873531524,0.6376062688217321,0.6025066434102734,0.5665743749881988,0.5298107309393055,0.49221836619953485,0.4538014382533812,0.4145657171731019,0.3745186913026941,0.33366970034372306,0.2920300695643465,0.2496132423635256,0.20643492217347342,0.1625132268571911,0.11786884320554708,0.07252519044182246,0.026508580752318843,-0.020151621350209918,-0.06742282073433045,-0.11526905510549487,-0.16365081322175762,-0.2125249160791926,-0.2618443789649499,-0.311558278850874,-0.3616117244315216,-0.41194576411299516,-0.46249737608725816,-0.513199491720302,-0.5639811113271772,-0.6147674175766372,-0.6654800103291179,-0.7160371818573663
1.6532663316582914,1.644530985680282,1.6362765399620025,1.628406430812549,1.6208446151617844,1.6135285857796726,1.606405244958062,1.5994282758477723,1.5925564242244326,1.5857523138687437,1.5789816072310865,1.572212390579999,1.565414723079145,1.5585602909173935,1.5516221405389392,1.5445744703149666,1.5373924660221079,1.53005216497302,1.5225303530480294,1.5148044752287106,1.506852563826834,1.4986531787282922,1.4901853579737447,1.481428577248495,1.4723627114109092,1.4629680112013597,1.4532250752526357,1.4431148299761092,1.4326185141877692,1.421717663824959,1.4103941005316694,1.3986299235425497,1.3864075020523978,1.3737094689171017,1.3605187184061405,1.3468184067122462,1.3325919465228984,1.3178230116315106,1.3024955377297123,1.286593727177081,1.270102053843707,1.2530052698372247,1.2352884133862876,1.2169368182800404,1.1979361248246676,1.178272292336829,1.157931613375452,1.1369007285429336,1.1151666450844027,1.092716757530102,1.0695388659729888,1.0456212022751847,1.0209524579321798,0.9955218073850448,0.9693189432701939,0.9423341127145625,0.9145581474697292,0.8859825101317917,0.8565993405083053,0.826401494672777,0.7953826045348836,0.7635371363154896,0.7308604410625117,0.6973488302343611,0.6629996486605869,0.6278113395553973,0.5917835387486624,0.5549171646873104,0.5172145014479758,0.4786793135355649,0.43931695536416393,0.3991344759730323,0.3581407525351282,0.3163466247477519,0.2737650271749933,0.2304111321211925,0.18630250447542773,0.1414592586671218,0.0959042236314782,0.0496631060630381,0.002764653897010059,-0.044759162290028326,-0.09287300576051324,-0.14153798706846699,-0.19071153658742038,-0.24034725792416364,-0.29039478604844465,-0.3407997439799703,-0.39150363879029315,-0.4424438374594296,-0.49355357422530133,-0.5447620490207098,-0.5959945233543315,-0.6471725367299238,-0.6982141630944183
1.6758793969849246,1.667334731901952,1.6592594451629736,1.651558524357262,1.644157072499325,1.6369934631480654,1.6300152963024037,1.623176821855439,1.6164372552496884,1.6097596161027994,1.6031099052547069,1.596456501851217,1.5897697211197042,1.5830214751305764,1.5761850111078877,1.5692347070387642,1.5621459102363164,1.554894803998753,1.547458306532184,1.5398139831161717,1.5319399756246816,1.5238149438321196,1.515418016859241,1.506728753359335,1.4977271037047706,1.4883933870672486,1.4787082638895443,1.468652716084601,1.458208031886749,1.447355790792303,1.4360778522967812,1.424356347870166,1.4121736734088615,1.3995124829944425,1.3863556866297082,1.3726864506807626,1.358488192490936,1.3437445848490959,1.3284395567100276,1.3125572978188138,1.296082263407251,1.2789991807401795,1.261293056798193,1.2429491874876404,1.2239531683423175,1.2042909067347762,1.183948635797308,1.162912928896339,1.1411707178537578,1.1187093131793509,1.0955164219535913,1.0715801735484027,1.0468891469789379,1.0214323937333758,0.995199472427859,0.9681804844860676,0.9403661036828153,0.911747621668486,0.8823169936217695,0.8520668765889972,0.8209906882868317,0.7890826647812844,0.7563379101561416,0.7227524713229755,0.6883234101437499,0.6530488674752739,0.6169281567517677,0.5799618531845748,0.5421518757302727,0.503501601600802,0.46401597511831516,0.4237016114197842,0.3825669302541635,0.3406222904309326,0.29788012183836415,0.25435506912876255,0.21006414685489877,0.16502689865780013,0.11926556349233561,0.07280524136819896,0.02567406067020258,-0.022096637604648653,-0.0704721496718434,-0.119414217978065,-0.16888089539234766,-0.21882639033862772,-0.269200916019886,-0.31995063400581997,-0.3710175385932858,-0.422339418658498,-0.4738498491635162,-0.5254782722582511,-0.5771500756532189,-0.62878679036428,-0.6803063280618159
1.6984924623115578,1.690134179487814,1.682233948820495,1.6746982848745555,1.6674534193757393,1.6604385937476958,1.6536020957803015,1.6468987342977242,1.6402881881230007,1.6337338675562691,1.6272021075312466,1.6206615764377093,1.6140828424553233,1.607438040841182,1.6007006172418374,1.5938451271806546,1.58684707765957,1.5796827963103248,1.5723293321825167,1.5647643695193818,1.5569661585545047,1.5489134578673884,1.540585486685153,1.5319618857581856,1.5230226801985427,1.5137482569296463,1.5041193376160498,1.4941169591744043,1.4837224588500522,1.4729174593816716,1.461683857891631,1.4500038179545367,1.437859762133786,1.4252343658006004,1.4121105548570392,1.3984715061146513,1.3843006419533443,1.36958163465191,1.3542984070404873,1.3384351369845884,1.321976261940229,1.3049064853248757,1.2872107840047773,1.2688744172812565,1.24988293734336,1.2302222012031123,1.209878384311816,1.1888379947143672,1.1670878908985933,1.1446153016236646,1.121407843415793,1.0974535458083763,1.072740878186493,1.0472587721424913,1.0209966555389305,0.9939444875757222,0.9660927877513087,0.9374326806898136,0.9079559410788436,0.8776550313005357,0.8465231594562218,0.8145543362418608,0.7817434237725084,0.7480862095936319,0.7135794779468098,0.6782210728414898,0.6420099909400825,0.6049464699194275,0.5670320693775418,0.5282697849700788,0.48866415657602014,0.44822137095147907,0.4069493956879904,0.3648581136016512,0.32195945433073925,0.27826753868000176,0.23379883390178813,0.18857231489653278,0.1426096315056761,0.0959352765111311,0.04857675652108066,0.0005647787793812559,-0.04806659232312117,-0.09727974015560188,-0.14703335202714582,-0.1972822563984461,-0.24797726356246336,-0.2990650964060495,-0.35048826348606155,-0.4021850071149244,-0.4540892792502583,-0.5061308053072776,-0.5582351450793716,-0.6103238716063274,-0.6623147891536403
1.721105527638191,1.712929426118889,1.7052002447234011,1.6978260008184383,1.6907340375217874,1.6838644512069365,1.6771662075205094,1.6705946663716729,1.664109963632525,1.657675895080146,1.6512591253919655,1.6448286085128174,1.6383551624075612,1.631811142770226,1.6251701912589591,1.6184070388018175,1.6114973501919705,1.6044175956947446,1.5971449536750033,1.5896572259613857,1.581932769902427,1.5739504417589558,1.5656895498519492,1.5571298161206266,1.548251339606249,1.5390345742691844,1.5294603023731765,1.5195096153069123,1.5091638988859597,1.4984048187414143,1.4872143093643853,1.4755745662696402,1.463468038618658,1.4508774231012032,1.4377856616485036,1.4241759417524016,1.4100316911714956,1.395336582128769,1.3800745318999312,1.3642297071619036,1.3477865284113595,1.3307296761654401,1.3130440982589529,1.294715018612582,1.2757279474421959,1.256068692924031,1.2357233745123737,1.214678436780431,1.1929206669036718,1.170437214090215,1.14721560669709,1.1232437769950634,1.0985100875112712,1.0730033529188001,1.046712873511009,1.0196284696599422,0.991740510203354,0.9630399565737037,0.9335184070212197,0.903168133543937,0.8719821391254633,0.8399542138007159,0.807078982640736,0.7733519789425805,0.7387697146214642,0.7033297423076674,0.6670307474888492,0.6298726359999267,0.5918566138540574,0.5529853009253605,0.5132628383668143,0.47269499017760086,0.4312892772014056,0.38905511134510257,0.34600392666499297,0.3021493242238589,0.2575072273771088,0.21209604477344313,0.1659368385301725,0.11905349426897521,0.07147289529962053,0.023225111745877908,-0.025656436926096877,-0.07513478301774006,-0.12516925909570842,-0.17571532764410536,-0.2267244135661587,-0.2781438224125955,-0.3299166025404308,-0.3819814796921931,-0.4342728175228071,-0.4867206642078602,-0.5392507960066711,-0.591784877103991,-0.6442406580025233
1.7437185929648242,1.7357205672220168,1.7281585220589708,1.7209419536129367,1.7139992991401312,1.707271497068913,1.7007081809604045,1.6942652539373475,1.6879033025533572,1.6815865028143702,1.6752818447452908,1.6689585641092253,1.662587725440815,1.6561419020734012,1.6495949292189624,1.6429217110332288,1.636098068159139,1.6291006117535116,1.6219066479278443,1.6144940946792057,1.606841415189337,1.5989275622410506,1.5907319322024693,1.582234327260368,1.5734149195427496,1.56425422930099,1.5547330987449046,1.5448326731734374,1.5345343865016994,1.5238199468733686,1.5126713258600868,1.5010707507217982,1.4890006971180052,1.4764438830539268,1.4633832665868405,1.4498020460894614,1.4356836550054903,1.4210117659190362,1.4057702910824552,1.3899433866339315,1.3735154568839545,1.3564711603508002,1.3387954168727,1.3204734161634595,1.3014906277840232,1.281832812543467,1.2614860355240716,1.2404366796152821,1.2186714626370774,1.1961774563784109,1.1729421033415834,1.148953241037286,1.1241991278310182,1.0986684643748583,1.072350426497024,1.0452346990557557,1.0173115037605747,0.9885716426031624,0.9590065413667275,0.9286082858626804,0.8973696783741476,0.8652842929072659,0.8323465223413982,0.79855165077726,0.7638959230409458,0.7283766058051782,0.691992078947095,0.6547419221362476,0.6166269935776691,0.5776495431657773,0.5378133191000961,0.49712366833403826,0.4555876704983356,0.41321427184428045,0.3700144157333875,0.3260011878672934,0.28118997144659047,0.23559861176623698,0.1892475850961304,0.1421601705378478,0.09436262724495202,0.04588438561791851,-0.003241784467689114,-0.05297957128093164,-0.103288962382204,-0.1541260670772837,-0.20544294110576578,-0.2571874926465008,-0.3093033339343051,-0.36172970261372567,-0.41440140718304763,-0.46724885652182413,-0.5201980862275941,-0.5731708993313702,-0.6260850449389146
1.7663316582914574,1.758507696023421,1.7511089655281007,1.7440464178362265,1.7372495671651156,1.7306601811330349,1.7242285512747928,1.717911116038884,1.7116689062652966,1.7054664729062423,1.6992711268993377,1.6930523820485566,1.6867815462015,1.680431407491883,1.6739759921871362,1.6673903754541073,1.6606505318058233,1.6537332115117316,1.6466158468260446,1.639276470463459,1.6316936501247434,1.6238464339242122,1.6157143052004408,1.6072771454175119,1.5985151989195818,1.5894090514756303,1.5799396045614424,1.5700880567977409,1.5598358897018845,1.549164853523581,1.5380569565997644,1.5264944577130355,1.5144598588926153,1.501935899426938,1.4889055535659639,1.475352030732322,1.4612587703282134,1.446609445681135,1.4313879645146617,1.415578473039584,1.3991653601126965,1.382133263111878,1.3644670748682028,1.3461519520143215,1.3271733247237716,1.307516907853564,1.2871687136825827,1.266115065145074,1.2443426126000845,1.2218383524840792,1.1985896436908927,1.174584231402699,1.1498102724460901,1.1242563562741945,1.097911537275787,1.070765368029278,1.0428079265667023,1.0140298591073469,0.9844224228552543,0.953977521550497,0.9226877611125026,0.890546504073435,0.8575479158995455,0.8236870364794465,0.78895984872742,0.7533633387294512,0.7168955862781283,0.6795558505313452,0.6413446476574257,0.6022638633899111,0.5623168587907965,0.5215085695519954,0.4798456397350919,0.4373365553400311,0.3939917741183384,0.34982387104221985,0.3048476932109069,0.259080525842508,0.2125422616903918,0.16525557451258424,0.11724609907385126,0.06854262417056631,0.01917726624386047,-0.030814325048394084,-0.08139280095995208,-0.13251492927224345,-0.18413341153543752,-0.23619677717682994,-0.2886492249574119,-0.3414305313997368,-0.39447598145245816,-0.4477163810962288,-0.5010780666196205,-0.554483026157174,-0.6078490584657762
1.7889447236180904,1.781290903600919,1.7740517554573305,1.7671396613993633,1.7604851955144754,1.7540309417853646,1.7477278397900826,1.741532855407092,1.735407457347986,1.7293165662017362,1.7232278093525477,1.7171109748340423,1.7109376105150051,1.7046807164554074,1.6983145074449575,1.691814227411067,1.6851560027242076,1.6783167209558238,1.6712739388683824,1.664005802414099,1.6564909824704592,1.6487086212657527,1.6406382880062356,1.6322599424378021,1.6235539002256094,1.6145008118587796,1.6050816373752435,1.595277628105464,1.5850703126481664,1.574441482928731,1.5633731837099458,1.5518477050497521,1.5398475751932152,1.5273555546532105,1.514354633911331,1.5008280335801454,1.4867591992632305,1.4721318053815269,1.4569297555903444,1.4411371867483511,1.424738472952892,1.4077182312593552,1.3900613284380579,1.3717528891206106,1.3527783053123565,1.3331232472822363,1.3127736760203712,1.2917158561774285,1.2699363724861663,1.247422148034403,1.2241604602879004,1.2001389644631524,1.1753457183991662,1.149769203098065,1.12339835445845,1.0962225959345373,1.0682318652514506,1.0394166564432332,1.0097680619410356,0.9792778074472421,0.9479383067739846,0.9157427154563248,0.8826849762510918,0.8487598897493362,0.8139631820681541,0.7782915640231014,0.7417428208050596,0.7043158966849604,0.6660109715528982,0.6268295728081151,0.5867746802233215,0.54585082407324,0.5040642185877723,0.4614228950527255,0.4179368308718505,0.373618095147665,0.32848100321706897,0.2825422838484951,0.23582124903223853,0.18833996886123372,0.14012345406689475,0.0911998506433002,0.04160061853370711,-0.008639259895890955,-0.05948110729958309,-0.11088236048770336,-0.1627963805855079,-0.21517233558410437,-0.26795503202404797,-0.32108481081371143,-0.3744974634391412,-0.4281242278409201,-0.4818917808271174,-0.5357223404292059,-0.5895338047488975
1.8115577889447236,1.8040702789348368,1.7969870679078168,1.7902219457197988,1.7837065293332692,1.7773842063182785,1.7712065543844522,1.7651310589444038,1.7591196201544428,1.7531375229109438,1.7471527065539405,1.741135229508036,1.7350568763425096,1.7288908561400154,1.7226115696500088,1.7161944272810625,1.709615705220381,1.7028524265036453,1.6958822707409855,1.6886834956169055,1.6812348738191454,1.6735156404491816,1.6655054494557098,1.6571843378491258,1.6485326916991543,1.6395312253966758,1.6301609568172348,1.6204031893683246,1.6102394981883505,1.5996517164268949,1.5886219249115603,1.5771324447060509,1.5651658300942988,1.552704862730721,1.5397325493421812,1.5262321218445298,1.5121870322573798,1.497580956415251,1.482397794333923,1.4666216740614064,1.450236955593869,1.433228236443818,1.4155803582264692,1.3972784146091841,1.3783077606023095,1.3586540232019024,1.3383031135722816,1.3172412396975064,1.295454922461072,1.2729310135454133,1.2496567111049888,1.225619582686909,1.2008075896246329,1.1752091071451325,1.1488129555315825,1.1216084321930437,1.093585337839688,1.0647340178275437,1.035045403540576,1.0045110465961564,0.9731231728753799,0.9408747353148594,0.907759458589958,0.8737719088374502,0.8389075604268188,0.8031628541617043,0.7665352860666466,0.7290234911157264,0.6906273186594327,0.6513479435885784,0.6111879702569718,0.5701515294144109,0.5282444112760774,0.4854741980673957,0.44185039226507844,0.3973845621682462,0.3520904959517897,0.30598436988484135,0.2590849183406389,0.21141360989449132,0.16299483215235286,0.11385608775216402,0.06402817781599279,0.013545413043693777,-0.03755420737642711,-0.08922879877907289,-0.14143239446139974,-0.19411481702800412,-0.24722150069256407,-0.3006933748181702,-0.354466766016575,-0.4084733775198821,-0.4626402649585259,-0.5168899195748662,-0.5711403871229763
1.8341708542713568,1.826845908957653,1.8199150747813597,1.8132935258898688,1.8069139052303174,1.800720391239808,1.7946651898745405,1.7887062981928847,1.78280604136389,1.7769300632487945,1.7710466106343556,1.7651260084760072,1.7591402746995601,1.7530628244826691,1.7468682419477082,1.7405321016809616,1.7340308276221288,1.7273415764105502,1.7204421488213837,1.7133109127449468,1.7059267412923016,1.6982689611775625,1.6903173099474773,1.6820519008409955,1.6734531893977171,1.6645019530738703,1.6551792668401388,1.645466485530328,1.6353452302625897,1.6247973749406015,1.6138050360765381,1.6023505654503563,1.5904165431870443,1.577985771977768,1.5650412747851716,1.5515662949172053,1.5375442909980985,1.5229589405682884,1.5077941404030912,1.492034010249634,1.4756628966273164,1.4586653782492052,1.4410262724424585,1.4227306429057995,1.4037638087839182,1.384111355068538,1.3637591445116384,1.342693329995182,1.3209003702749824,1.2983670475129507,1.2750804826075346,1.2510281576683298,1.2261979399380447,1.2005781014742474,1.1741573497467819,1.1469248591237229,1.1188702965152055,1.0899838620278974,1.0602563296447873,1.0296790807707017,0.9982441574521858,0.9659443143477369,0.9327730626028438,0.8987247386707584,0.8637945701558356,0.8279787330476408,0.7912744395883841,0.7536800210058059,0.7151950018232716,0.6758202102405907,0.635557881075832,0.5944117514829275,0.5523871935456574,0.5094913461840526,0.46573324250936776,0.42112395526999874,0.3756767503175623,0.3294072556698543,0.28233363159314145,0.23447674773022253,0.18586036998787372,0.13651135770162712,0.08645985155027819,0.035739486996974615,-0.015612420777101836,-0.06755467411095775,-0.12004198994445966,-0.17302486031910735,-0.2264493656912983,-0.28025704653941014,-0.33438479171377344,-0.38876480155612136,-0.4433245472986696,-0.49798683521762566,-0.5526699056135984
1.85678391959799,1.8496178786023998,1.8428359439235522,1.8363546508404003,1.8301076515074097,1.8240399025730663,1.8181042283892248,1.8122591297860258,1.8064673505147972,1.8006948880521523,1.7949102921100184,1.789084150298593,1.7831887105382533,1.7771975911548499,1.771085557037265,1.7648283446264574,1.7584025235310852,1.7517853821147495,1.744954840616745,1.7378893755890747,1.7305679591621221,1.722970008385562,1.715075343243737,1.7068641521524823,1.6983169591711134,1.689414603969429,1.6801382178553887,1.670469206422828,1.660389236193828,1.6498802213396895,1.6389243136599227,1.6275038953434389,1.6156015721397392,1.6032001676521017,1.5902827210483563,1.576832487094843,1.562832931184889,1.548267732831359,1.5331207859404705,1.5173762024385156,1.501018315960652,1.4840316871297605,1.466401109815375,1.4481116187040284,1.4291484981622709,1.409497292401458,1.3891438171272572,1.3680741716336633,1.3462747542170328,1.3237322793472794,1.3004337926627207,1.2763666930049191,1.2515187558753769,1.2258781526998281,1.199433480866071,1.172173794632209,1.1440886302477815,1.115168045921551,1.085402661803371,1.0547836928786352,1.0233030013765434,0.9909531479195496,0.9577274345980709,0.9236199728790326,0.8886257485153306,0.8527406778171169,0.8159616945734883,0.7782868317722447,0.7397152947902694,0.7002475709382877,0.6598855313859676,0.6186325256469214,0.5764935136110115,0.5334751967348358,0.4895861444500858,0.4448369393745556,0.3992403300921866,0.35281140089077445,0.3055677417767364,0.25752962645325805,0.2087202010400371,0.15916568219617766,0.1088955491988184,0.057942759467891486,0.006343939194754629,-0.045860408469823435,-0.0986256944945374,-0.1519030939944194,-0.20563935095065627,-0.2597766382408847,-0.31425243261651925,-0.36899946184978405,-0.42394564803596846,-0.4790141528093764,-0.5341234564751841
1.8793969849246233,1.8723862708498806,1.8657498392241707,1.8594055634996294,1.8532880883815566,1.8473431361461392,1.8415241397309847,1.8357900958849827,1.8301041605189734,1.8244326793743406,1.8187445005596878,1.8130104704531984,1.8072030635947647,1.8012960984971451,1.79526451819413,1.789084218642876,1.7827319130220844,1.776185019525108,1.7694215761397372,1.7624201665211987,1.7551598604012781,1.7476201638745863,1.739780978189364,1.7316225658736433,1.723125518543392,1.7142707372172894,1.7050394087696632,1.6954129888747884,1.6853731888691394,1.674901962690902,1.6639814970147213,1.6525942041153554,1.6407227151334727,1.6283498744418816,1.6154587373637654,1.6020325701694638,1.5880548451636187,1.5735092440740335,1.5583796582833183,1.5426501923490918,1.5263051675847559,1.5093291271999363,1.491706842402244,1.4734233197852056,1.454463809984847,1.434813817613474,1.414459112650998,1.3933857422691664,1.371580045921731,1.3490286721607925,1.3257185933029918,1.301637127030915,1.2767719593910798,1.251111163648659,1.224643229771683,1.1973570947678416,1.1692421672916156,1.1402883669295185,1.1104861634889172,1.079826609250451,1.0483013905644962,1.0159028781814765,0.9826241695345054,0.9484591557270255,0.9134025855038821,0.8774501205651216,0.8405984215181087,0.8028452285689494,0.7641894335916913,0.7246311887879437,0.6841720075625939,0.6428148577614623,0.6005642930608419,0.557426583369549,0.5134098402344731,0.4685241617126213,0.4227817843724311,0.3761972535435233,0.3287875931309802,0.28057248427061865,0.23157445566184212,0.181819082451657,0.1313351821846711,0.08015503215674649,0.02831456541364665,-0.0241464159767195,-0.0771840263541464,-0.1307501363964612,-0.1847921696410493,-0.2392529513048999,-0.29407057027933925,-0.34917831060920873,-0.4045045790043329,-0.45997293127855626,-0.5155021317449586
1.9020100502512562,1.8951511667747023,1.8886569207148618,1.88244650094756,1.8764555282005142,1.8706304778727847,1.8649253817253442,1.8592997245998966,1.8537170681575066,1.8481441010580628,1.8425499652765558,1.8369057620665235,1.8311841892038156,1.8253592624166566,1.8194061002510327,1.8133007558302359,1.8070200837923533,1.8005416302543042,1.793843549225232,1.7869045298938628,1.7797037381644492,1.7722207678751223,1.7644356003536965,1.7563285711651715,1.7478803385085666,1.7390718638760934,1.729884388926655,1.7202994187241378,1.7102987088181512,1.6998642524006873,1.6889782705962317,1.6776232054282958,1.665781713180346,1.6534366588359442,1.6405711138062857,1.627168355892348,1.6132118644317428,1.598685323587422,1.5835726225397138,1.567857858903546,1.5515253422047375,1.5345595988860108,1.516945378255789,1.4986676596983006,1.4797116611285717,1.4600628487003682,1.4397069479447886,1.4186299553305266,1.3968181530361088,1.3742581254175639,1.3509367733527942,1.3268413354159387,1.3019594104232952,1.2762789758862847,1.2497884169482099,1.2224765561561182,1.1943326775626355,1.1653465653332957,1.1355085423476463,1.1048095018188084,1.0732409580788629,1.0407950960924846,1.0074648129561388,0.9732437839576882,0.938126525605883,0.9021084499927547,0.8651859497548061,0.8273564777229309,0.7886186178703372,0.748972193041668,0.7084183647496934,0.6669597251531879,0.624600427727622,0.5813463168110171,0.5372050519546544,0.4921862523576068,0.44630164800245875,0.3995652502613544,0.3519935213836396,0.3036055536622978,0.2544232611681666,0.2044715792063193,0.15377866385060274,0.10237611088042728,0.05029915682829341,-0.0024131029999953438,-0.055717494654070526,-0.10956659575571553,-0.16390852421643307,-0.21868677622232918,-0.2738400756479144,-0.32930229019462964,-0.38500234343952044,-0.4408642226939359,-0.49680701881298683
1.9246231155778895,1.9179126455901776,1.9115573446642187,1.9054776945659244,1.8996102756518258,1.8939023040242922,1.88830840055885,1.8827885303968979,1.877306654559314,1.871829799287659,1.8663273958960296,1.860770796619355,1.8551329190816495,1.849387973249026,1.843511250539637,1.8374789588848364,1.8312680922630709,1.824856322800146,1.8182219187909165,1.811343673379456,1.8042008472052171,1.7967731205401798,1.7890405535991891,1.7809835539007266,1.7725828452448997,1.7638194487135188,1.754674659959372,1.745130032735795,1.7351673661943834,1.7247686922572925,1.713916266062181,1.702592559031908,1.690780252330991,1.6784622313803883,1.665621583596051,1.652241598318847,1.638305762022027,1.623797761503184,1.6087014840391016,1.5930010207034242,1.5766806697418625,1.559724941447642,1.5421185639614239,1.5238464903080589,1.5048939066547184,1.4852462417980714,1.4648891780554965,1.4438086625670972,1.421990921755889,1.399422477452956,1.3760901609267142,1.35198113363669,1.3270829093340777,1.3013833721206765,1.2748708048445931,1.2475339183138738,1.219361874901717,1.190344326480979,1.160471452343323,1.129733990195182,1.0981232861336523,1.0656313433466484,1.0322508628375993,0.997975308551347,0.9627989694600891,0.9267170129811327,0.8897255689281367,0.851821808108283,0.8130040121500939,0.7732716802602456,0.7326256279144683,0.6910680775653852,0.6486027885231035,0.6052351855816793,0.5609724822669376,0.5158238247402998,0.4698004419876651,0.4229158166328632,0.375185853979151,0.3266290615277745,0.27726674190928247,0.2271231927316481,0.1762259094188049,0.12460580549383958,0.07229741835866796,0.01933913173210288,-0.03422659952024381,-0.08835307027619294,-0.14298910646315008,-0.19807889259000983,-0.25356180899157377,-0.30937233297420197,-0.36543993574968375,-0.42168907194390026,-0.4780392000082459
1.9472361809045227,1.9406707846921236,1.934451263670332,1.9284993701838933,1.922752627965612,1.9171589814928294,1.9116736311060445,1.9062570144913835,1.9008734856630434,1.895490403121604,1.8900774830004698,1.8846063246248859,1.8790500620789674,1.8733830965867437,1.8675808897947062,1.8616198020795014,1.8554769646356624,1.849130173677651,1.8425578100446676,1.835738769252173,1.8286524052316933,1.8212784833734712,1.8135971415808336,1.8055888582361062,1.7972344217521565,1.788514911909786,1.7794116775578972,1.7699063204315315,1.7599806826649205,1.7496168343778014,1.7387970642745492,1.7275038728171994,1.7157199657777094,1.7034282488279873,1.6906118252910447,1.677253996040973,1.6633382547718107,1.6488482910960311,1.6337679906645086,1.6180814383879225,1.601772921714164,1.5848269353769586,1.5672281870508842,1.5489616042191319,1.530012342239405,1.510365793615299,1.490007598645397,1.4689236564726493,1.4471001392383458,1.4245235078708813,1.401180525806522,1.3770582793290829,1.3521441992318806,1.3264260784902777,1.2998921001229042,1.2725308658539387,1.2443314192303503,1.215283282889085,1.1853764958003874,1.154601643649519,1.1229499080055245,1.0904131142117959,1.0569837713454922,1.0226551364054184,0.9874212754535985,0.9512771160957775,0.914218530405904,0.876242412461116,0.8373467470517972,0.7975307154276647,0.7567947928588377,0.7151408380654125,0.6725722222413435,0.629093956702717,0.5847128149884371,0.5394374761453624,0.4932786738945069,0.4462493675097508,0.3983649103001416,0.349643229328385,0.3001050193424727,0.24977394284292637,0.19867683595139904,0.14684392981253677,0.09430906079402429,0.04110989701902651,-0.012711832181767836,-0.06711014822391653,-0.1220345975538171,-0.17743006911551978,-0.23323661984555108,-0.2893893611920384,-0.3458183412998546,-0.4024485164310634,-0.4591997522007124
1.9698492462311559,1.9634256597015733,1.9573388267508767,1.9515117482196656,1.9458828751113233,1.9404008680465918,1.935021497245845,1.929705665228102,1.924418112662991,1.9191265250060647,1.9138008987018806,1.9084130762817304,1.9029364049051887,1.897345474075304,1.8916159130225445,1.8857242322044578,1.879647697905035,1.8733642285043328,1.8668523156413686,1.8600909556156398,1.853059594204038,1.8457380805957215,1.8381066291799828,1.8301457881091348,1.821836409415951,1.8131596306846902,1.8040968531571988,1.794629725836504,1.784740133213468,1.7744101830653898,1.7636221972085715,1.7523587047747096,1.74060243585912,1.7283363161865015,1.715543464876157,1.70220719431417,1.6883110054843578,1.6738385909764264,1.6587738350732473,1.643100816879162,1.6268038135027596,1.6098673046822922,1.592275978299655,1.5740147370833957,1.5550687064869095,1.535423243748885,1.5150639483054613,1.4939766725924752,1.4721475358989995,1.4495629398258059,1.4262095817041216,1.4020744745277276,1.3771449681830925,1.3514087667430736,1.3248539558003838,1.2974690305855636,1.2692429186048546,1.2401650162459497,1.210225225351962,1.179413982998308,1.1477223098574396,1.1151418572843426,1.0816649465201456,1.0472846319389397,1.0119947612452336,0.9757900270251502,0.9386660486294259,0.900619448638473,0.8616479204581059,0.8217503330197183,0.7809268271900642,0.7391789039162483,0.696509552330756,0.6529233763669473,0.6084267156720001,0.5630277881904141,0.5167368382368782,0.46956630730472404,0.4215310018822488,0.3726482732256792,0.32293821210179713,0.272423848909557,0.22113136231170777,0.16909030153653337,0.1163338006919313,0.06289880907577922,0.008826324920062946,-0.04583840801813254,-0.10104566810600499,-0.15674106362903606,-0.21286534696268417,-0.2693542868479506,-0.32613853621010014,-0.3831435857820382,-0.4402897464194127
1.992462311557789,1.986177344506446,1.9802201794308183,1.9745150438180736,1.9690012999886588,1.963628312577037,1.9583524121677354,1.9531349584485773,1.9479410724397124,1.9427387612703337,1.937498297203517,1.93219176210278,1.9267927128253575,1.9212759241787147,1.915617190335427,1.9097931694707686,1.9037812608318754,1.8975595030410215,1.8911064967917168,1.8844013375789754,1.8774235615768664,1.8701531004523348,1.862570243876032,1.8546556086739545,1.8463901095030895,1.8377549408523015,1.8287315555493455,1.8193016491470142,1.809447147861562,1.7991501965817687,1.7883931497740782,1.777158564862298,1.7654291959718365,1.7531879886715835,1.7404180777545475,1.7271027870842732,1.713225624988445,1.6987702871797397,1.6837206568124876,1.6680608075209342,1.6517750065104362,1.634847719063184,1.6172636139148944,1.5990075697972022,1.5800646831325738,1.5604202768885875,1.5400599107582347,1.5189693917204332,1.4971347875988568,1.4745424421961317,1.4511789884169701,1.4270313677992132,1.402086851318963,1.3763330563128895,1.34975797329081,1.322349993516519,1.2940979311748555,1.2649910593222327,1.2350191457980386,1.2041724824061366,1.1724419324793323,1.1398189771649017,1.1062957538820768,1.071865118625957,1.036520705222084,1.0002569759567943,0.9630693024059828,0.9249540408240955,0.8859085986299633,0.8459315380289623,0.8050226712524984,0.7631831474138746,0.7204155796366237,0.6767241705866713,0.6321148321603922,0.586595327288434,0.540175416849578,0.4928670302799147,0.44468443262248714,0.39564440421590297,0.3457664360660681,0.2950729298651504,0.243589409126291,0.19134474217530842,0.13837136027834968,0.08470549142111518,0.030387398021869856,-0.024538418325040928,-0.08002297824544635,-0.1360126231019653,-0.1924488182742224,-0.24926801158855905,-0.3064014871670565,-0.36377530157214766,-0.4213102474863425
2.015075376884422,2.008925911302192,2.003095463827806,1.9975094669843387,1.992108178612865,1.986841655338524,1.9816667786681672,1.9765453578463807,1.9714428879759476,1.966327692604906,1.9611703153413285,1.9559430735209618,1.9506197303309238,1.9451752429157678,1.939585567753595,1.9338275083780798,1.9278785948759756,1.9217169841903947,1.9153213843253956,1.9086709883838737,1.9017454214893357,1.894524696465425,1.8869891770591711,1.8791195476731377,1.870896784591541,1.862302138307157,1.853317112424159,1.8439234483237381,1.8341031133123729,1.823838288839444,1.8131113615539878,1.801904916787541,1.7902017323943404,1.7779847735695964,1.7652371906467914,1.7519423189202599,1.7380836741019172,1.7236449551577127,1.7086100443356556,1.692963010116964,1.676688110218633,1.6597697959828581,1.6421927176200888,1.623941730594827,1.6050019031415859,1.585358524917666,1.564997116956596,1.543903441992207,1.5220635177284128,1.499463631655133,1.4760903538820649,1.4519305562752125,1.4269714328438365,1.4012005162987216,1.3746057043508493,1.3471752867623712,1.3188979670513645,1.2897628977936726,1.2597597158787954,1.2288785711054835,1.1971101729503255,1.164445836058943,1.130877517967214,1.0963978804615424,1.0610003478927135,1.0246791568943223,0.9874294361464063,0.9492472806837235,0.9101298172770509,0.8700753069481578,0.8290832390223019,0.7871544166920963,0.7442910831154251,0.7004970458175869,0.6557777951206294,0.6101406450941764,0.5635948792493836,0.5161519208261722,0.4678254989813855,0.41863182826072787,0.36858980442508865,0.31772120421738353,0.2660508987477336,0.2136070769739925,0.16042146734877422,0.10652957476614983,0.05197092192755921,-0.0032107381538577784,-0.05896717767352343,-0.1152454836720494,-0.17198785085941684,-0.22913142660945018,-0.2866081512485519,-0.3443446770648595,-0.4022623136661523
2.0376884422110555,2.03167143063145,2.025964818735324,2.020495222714094,2.0152037802945943,2.0100412281805964,2.0049649894375263,1.9999373153107036,1.9949240687584406,1.9898938845229017,1.984817573106076,1.9796676834729028,1.974418181785561,1.9690442045683936,1.9635218679763273,1.957828118548383,1.9519406150924614,1.945837630955272,1.9394979797108651,1.9329009504851498,1.9260262559055514,1.9188539886330367,1.9113645852872378,1.9035387967508497,1.8953576599384587,1.886802480445567,1.8778548118421108,1.8684964406144056,1.8587093745212535,1.848475831018118,1.8377782284644433,1.8265991797093895,1.8149214860278506,1.8027281320152975,1.790002283402887,1.7767272868580144,1.7628866655045479,1.7484641216776822,1.7334435369251953,1.7178089748743202,1.7015446841485249,1.6846351026439281,1.6670648626422584,1.6488187970439805,1.6298819467095225,1.6102395689151157,1.589877147084276,1.5687804008806325,1.5469352991942489,1.5243280746452148,1.5009452361342046,1.4767735875910262,1.451800247950212,1.4260126673524984,1.3993986529366742,1.3719463953680695,1.34364449008944,1.314481971980914,1.2844483499676809,1.2535336350391701,1.2217283862267094,1.1890237553065086,1.1554115237946425,1.120884163363978,1.0854348932203273,1.0490577289182867,1.011747561050596,0.9735002284724547,0.9343125825844998,0.8941825887142096,0.8531094189669073,0.811093536496308,0.7681368205222477,0.7242426895598207,0.679416218559306,0.6336642789352522,0.5869956829842101,0.5394213537335681,0.490954490179111,0.4416107464143476,0.39140842774419754,0.3403686900576339,0.28851575521816947,0.23587713484072925,0.18248385517046017,0.12837069690344574,0.07357643989707086,0.01814408304497088,-0.037878905738797146,-0.09444037067465941,-0.15148325092357534,-0.20894541256805493,-0.2667594757610193,-0.32485271696571166,-0.3831469963314687
2.0603015075376883,2.054413971422722,2.0488283797036573,2.0434725111197922,2.0382883678145167,2.0332273547732007,2.02824742733803,2.0233112712587156,2.0183851111662494,2.013437887805555,2.008440674146985,2.0033662469614844,1.9981887720471474,1.992883562363389,1.9874268911235247,1.9817958455273783,1.975968210992688,1.9699223753586192,1.9636372560338875,1.957092236587048,1.9502671157077762,1.9431420645782314,1.9356975914895262,1.9279145127100956,1.9197739247894667,1.911257187525423,1.9023459036430295,1.893021904009679,1.8832672361969607,1.8730641531093248,1.8623951043408433,1.8512427298634868,1.8395898540587328,1.8274194806890636,1.8147147907319368,1.8014591421600235,1.7876360655252377,1.7732292666346838,1.7582226265269172,1.7426002042572653,1.7263462397315634,1.7094451578727492,1.6918815736071708,1.6736402979488605,1.6547063451701547,1.6350649410650724,1.6147015324636431,1.5936017970985785,1.5717516563136655,1.5491372892608966,1.5257451451738624,1.5015619617348326,1.476574784645807,1.4507709834803557,1.4241382769757998,1.3966647590466772,1.3683389195901108,1.3391496785109154,1.3090864196886058,1.2781390184296462,1.2462978866596577,1.213554016844753,1.1798990182704332,1.1453251765164354,1.1098255098989953,1.0733938173938011,1.0360247562435838,0.9977139140965445,0.9584578721980019,0.9182543056144988,0.877102074870879,0.8350013089276417,0.7919535290725043,0.747961770937083,0.7030307003197203,0.6571667522285028,0.6103782739708263,0.5626756944534362,0.5140716883857868,0.4645813549470558,0.4142224140271711,0.36301540507039387,0.3109839042335307,0.25815474827520585,0.20455826238575303,0.1502285025966362,0.09520350353462284,0.039525505279580625,-0.016758791512340665,-0.07359799867998958,-0.13093581378426045,-0.1887108395069184,-0.24685639808939233,-0.3053004171904784,-0.36396533964370154
2.082914572864322,2.0771536010281255,2.0716862791187487,2.066441527553621,2.0613621975928575,2.056400350825074,2.051514465672884,2.0466676549571137,2.0418264988460497,2.036960238932389,2.0320402062576632,2.0270394015981643,2.021932187066937,2.016694049128683,2.011301415449133,2.0057315115549432,1.999962247371463,1.9939721233270828,1.987740158936782,1.98124583063748,1.9744690217447765,1.9673899806505395,1.959989286120216,1.9522478187168917,1.9441467336322147,1.9356674439676826,1.9267916007939536,1.9175010786357178,1.90777796423718,1.8976045453930797,1.8869633024536905,1.8758369021152108,1.8642081915466486,1.852060193437981,1.8393761038539402,1.8261392919955584,1.8123332958482006,1.7979418247811907,1.7829487595007627,1.7673381547564568,1.751094242094457,1.7342014339174505,1.7166443283476347,1.6984077151658523,1.6794765828156402,1.659836126478515,1.6394717573758735,1.6183691124144879,1.5965140666224285,1.57389274704555,1.5504915447496428,1.5262971328125434,1.5012964854974442,1.475476893762137,1.448825990058754,1.4213317738397255,1.392982631925917,1.3637673719041594,1.3336752554613,1.302696025278987,1.2708199494463828,1.2380378646068195,1.204341211530866,1.169722093651262,1.1341733325758305,1.0976885151275848,1.0602620698646064,1.0218893381318799,0.9825666361693245,0.9422913541573914,0.901062046629732,0.8588785141588378,0.8157419260790839,0.7716549412548791,0.7266218225615549,0.6806485748822513,0.6337430868215552,0.5859152993522506,0.5371773689061928,0.48754384546540447,0.43703186877751526,0.3856613665424591,0.3334552731084971,0.2804397532983325,0.22664443291652797,0.17210264347063292,0.11685167267655158,0.06093299791468398,0.00439254613333917,-0.052719071535884295,-0.11034632386532761,-0.16842856678704513,-0.22689984555918438,-0.285688764647331,-0.34471838024917834
2.1055276381909547,2.099890385260206,2.094538646279,2.089402462727022,2.0844255198540242,2.0795605242955433,2.0747664684470166,2.070006884833292,2.0652487030749813,2.06046146049673,2.055616741845068,2.050687768125965,2.045649094466945,2.0404763779253017,2.035146198027703,2.02963591630613,2.023923565102176,2.0179877555397927,2.0118076075202964,2.0053626887822324,1.998632965837505,1.9915987629821397,1.984240728263958,1.9765398054540484,1.9684772073970584,1.9600343996025396,1.951193080679293,1.9419351680867427,1.9322427871018202,1.9220982598501488,1.911484096958002,1.9003829914443129,1.88877781294244,1.8766516028249163,1.863987572077925,1.8507691010456753,1.8369797351425683,1.822603187378996,1.807623338292575,1.7920242385781517,1.7757901117632915,1.758905358164397,1.7413545596296633,1.723122485336699,1.7041940986339366,1.684554564932109,1.664189260798348,1.6430837833853924,1.6212239626004201,1.598595874706641,1.5751858540600232,1.550980510732899,1.5259667492963114,1.500131783993592,1.4734631630549442,1.445948793703454,1.4175769620941958,1.38833636609165,1.3582161479786785,1.3272059208032911,1.295295812018253,1.262476505860398,1.228739278228209,1.1940760542798379,1.1584794630218869,1.1219428834769978,1.0844605201115323,1.0460274728012637,1.0066397978641575,0.966294605908641,0.9249901510132232,0.8827259111231519,0.8395027095660557,0.7953228345387117,0.7501901522238661,0.7041102436850248,0.6570905451604105,0.6091405159576619,0.5602718003590663,0.5104984050290766,0.4598368950582185,0.40830659137192105,0.3559297907421605,0.30273198938308904,0.24874211586977812,0.1939927779024973,0.13852051527887782,0.08236603956793781,0.02557449844203881,-0.03180428241600017,-0.08971555469846755,-0.14809944303096684,-0.20689073531040944,-0.2660187370326953,-0.32540714699039447
2.128140703517588,2.122624388427875,2.117385607470076,2.11235550282694,2.107478578786513,2.1027081755999903,2.0980037906197304,2.0933293687765393,2.0886521831115097,2.0839420616071496,2.079170838382214,2.0743119509239385,2.069340144096477,2.0642312426561045,2.0589619754152952,2.0535098376040546,2.047852981901337,2.0419701282440736,2.0358404952098907,2.029443740281093,2.0227599117442234,2.0157694085010185,2.0084529466960026,2.0007915322271055,1.9927664346075393,1.9843591708630954,1.975551486336257,1.9663253407006993,1.9566628971273137,1.9465465115133043,1.935958724279772,1.9248822543647646,1.9132999935394692,1.9011950016093981,1.8885505043103494,1.87534989303705,1.8615767206195175,1.847214703777425,1.8322477230311318,1.8166598252577346,1.8004352262911743,1.7835583147775067,1.7660136568009723,1.7477860015436213,1.7288602879679376,1.7092216525286894,1.6888554380637675,1.6677472030118874,1.6458827333196435,1.623248055753888,1.599829449378737,1.575613462817107,1.5505869326488337,1.5247369982554217,1.4980511256567781,1.470517132024878,1.4421232052019484,1.4128579358654036,1.3827103496197848,1.351669932804902,1.319726675369134,1.2868711124890633,1.253094358761979,1.2183881648707544,1.1827449712543425,1.1461579534134354,1.108621096242831,1.0701292629124994,1.0306782548340812,0.9902649082952757,0.9488871823995068,0.9065442381774976,0.8632365588599428,0.8189660680531151,0.7737362414720601,0.7275522426812786,0.6804210619290648,0.6323516831969702,0.5833552448511771,0.5334452162645662,0.48263759355000013,0.43095109607696125,0.3784073875843824,0.3250312993865206,0.27085106544435855,0.2158985709130185,0.16020960730469175,0.10382411800483256,0.046786466688461634,-0.010854313873041848,-0.06904426893195219,-0.12772430607521262,-0.18682997418303227,-0.2462913026405344,-0.3060326606321809
2.150753768844221,2.145355673371459,2.140227286037776,2.1353008296288842,2.1305216126982107,2.125843597809163,2.121226778349512,2.1166355044295986,2.112037386534765,2.107402538275375,2.1027030388452665,2.0979125384938744,2.0930059685686957,2.087959318652285,2.082749464285852,2.077354032105922,2.0717512930638944,2.065920074039579,2.0598396905880763,2.0534898883876713,2.046850796086974,2.0399028859031545,2.032626940899065,2.0250040280247497,2.017015472483134,2.008642841929144,1.9998679276382896,1.990672730780886,1.9810394517849015,1.9709504797606707,1.960388384442704,1.9493359102831453,1.9377759708618625,1.9256916441638536,1.9130661704974097,1.899882952208383,1.8861255495207336,1.8717776829217678,1.8568232330543974,1.84124624320159,1.825030921813466,1.8081616462645358,1.7906229673659475,1.7723996148905568,1.7534765041005131,1.7338387432835836,1.7134716424451784,1.6923607223192367,1.6704917260187329,1.6478506320644528,1.6244236656078763,1.6001973153370315,1.5751583514970968,1.5492938404130332,1.522591167855816,1.495038063071371,1.466622617885857,1.4373333182658974,1.4071590758016435,1.3760892529856485,1.3441137053270105,1.3112228222192972,1.2774075604584234,1.2426594999788807,1.2069708966123605,1.1703347265423014,1.1327447595391098,1.0941956267591182,1.0546828796543153,1.0142030853784458,0.9727539134814511,0.9303342137409458,0.8869441351595133,0.8425852428023044,0.7972606281294861,0.7509750435346022,0.7037350396829972,0.655549131628269,0.6064279581463172,0.5563844574757287,0.505434062608058,0.4535948968044134,0.40088799560279603,0.34733752948283775,0.292971040838859,0.23781969405901018,0.18191853261141694,0.1253067300322187,0.0680278620898609,0.01013016210315362,-0.04833321834631632,-0.10730398293189006,-0.16671845861365758,-0.22650742018479852,-0.2865959336026016
2.1733668341708543,2.168084301496911,2.1630638024590185,2.1582386206069075,2.153554854167283,2.1489670768425873,2.1444357692313445,2.1399256794710086,2.135404749572826,2.130843373791246,2.1262138721357053,2.1214901039300145,2.1166471837780874,2.111661263238636,2.1065093620441475,2.101169235963417,2.095619272170705,2.089838402632338,2.083806038194435,2.0775020111946776,2.0709065292412943,2.0640001365857574,2.056763682039082,2.049178292535996,2.041225347996694,2.032886465823609,2.024143482429179,2.014978439766336,2.0053735748858257,1.9953113095541903,1.9847742423383592,1.9737451427988149,1.9622069459929936,1.9501427478286337,1.937535803004785,1.9243695247129808,1.9106274805418957,1.8962933947956797,1.8813511483688037,1.8657847811611716,1.8495784945345055,1.8327166549742646,1.81518379849106,1.7969646360145102,1.7780440597694567,1.7584071506407655,1.738039186670902,1.7169256518685903,1.6950522476079268,1.6724049053790908,1.6489697977625903,1.6247333549857794,1.5996822825726014,1.573803575550716,1.5470845413545822,1.519512823377297,1.491076419670896,1.461763713909793,1.4315635062732301,1.4004650382041828,1.368458033771827,1.3355327397959882,1.3016799587008752,1.266891103327819,1.2311582487889672,1.194474176081731,1.1568324442262286,1.1182274569855868,1.0786545207289102,1.0381099385967199,0.9965910959464328,0.9540965369097256,0.9106260820850717,0.8661809440132658,0.8207638360943244,0.7743791058789562,0.7270328708782505,0.6787331836645809,0.6294901898294353,0.5793163027513569,0.5282263983174177,0.47623800933815835,0.42337154825050133,0.36965052909766966,0.3151018061606762,0.2597558253264282,0.20364688283810234,0.14681338139067387,0.08929810571498144,0.031148484022996116,-0.02758314387662135,-0.08683928975899853,-0.14655707454307823,-0.2066680386346911,-0.267097969748293
2.1959798994974875,2.1908103328092006,2.1858952744110125,2.181169049040618,2.176578530188778,2.172078891656265,2.1676310925267472,2.1632002718885337,2.1587546974203704,2.1542650390852187,2.1497038534881434,2.145045205372494,2.140264389399663,2.135337716278499,2.1302423474163548,2.1249561654586255,2.119457671769415,2.1137259015601026,2.1077403592948265,2.101480962446276,2.094927996190922,2.0880620755434336,2.0808641139018573,2.073315297126255,2.0653970588887907,2.0570910654639722,2.048379197610291,2.0392435373535163,2.029666357736086,2.0196301126259772,2.009117428942585,1.998111100948838,1.9865940848472727,1.9745494942089812,1.961960597938044,1.9488108199608143,1.9350837351945511,1.9207630718009907,1.9058327110450592,1.8902766896428342,1.87407920214943,1.857224604528235,1.839697418444395,1.8214823365307076,1.8025642286160486,1.7829281489225661,1.7625593443730823,1.741443263202016,1.7195655661081832,1.696912138732904,1.6734691023909907,1.6492228302842222,1.6241599647868366,1.598267431343656,1.5715324609173775,1.543942613070945,1.515485794270692,1.4861502882610025,1.4559247863545077,1.4247984116802515,1.3927607598022604,1.35980193810899,1.3259125980134134,1.2910839888480334,1.255308008821082,1.2185772478020398,1.1808850583618034,1.1422256214186437,1.1025940030648704,1.0619862474811577,1.0203994611307723,0.9778318880497383,0.9342830262081084,0.8897537416020026,0.8442463757423455,0.7977648776583849,0.7503149381491228,0.7019041537912089,0.6525421834660482,0.6022409220698459,0.5510146945468912,0.4988804491073282,0.4458579804344117,0.3919701508434321,0.3372431303362649,0.28170664902432446,0.22539425729280138,0.16834358664582225,0.11059662839046816,0.052200000830207295,-0.0067947756410340135,-0.06633103183917846,-0.12634669733438011,-0.1867740970624708,-0.24753976410401954
2.2185929648241207,2.213533825944877,2.2087218168386302,2.204092284119269,2.199592862317069,2.1951793144248444,2.190813069386823,2.1864596502440103,2.182087644546066,2.177667993078873,2.173173484864347,2.168578386445117,2.163858169370587,2.1589893006992185,2.1539490810191513,2.1487155176165027,2.1432672240298976,2.1375833368902466,2.131643452621142,2.1254275723190035,2.1189160573490864,2.1120895922289726,2.1049291537924004,2.0974159857742047,2.089531574641032,2.0812576346708602,2.072576090183205,2.0634690625717274,2.0539188602432588,2.043907968615155,2.033419042480912,2.022434900400438,2.0109385193880995,1.9989130304168763,1.9863417164067338,1.9732080119031523,1.959495499109548,1.9451879100781415,1.9302691265537557,1.914723182256729,1.8985342652044386,1.8816867211904136,1.8641650579727018,1.8459539504149765,1.8270382465706663,1.8074029747163725,1.787033351473284,1.765914790224765,1.7440329120278384,1.7213735578240765,1.6979227989326033,1.6736669529267647,1.6485926005619267,1.6226865993709847,1.5959361056632209,1.5683285971448255,1.5398518908326033,1.510494172847965,1.4802440281232987,1.4490904641485534,1.4170229508539578,1.3840314592731502,1.3501064931001137,1.3152391416728015,1.2794211300397038,1.2426448609277638,1.20490348468682,1.1661909638663364,1.1265021290166244,1.08583277034342,1.0441797206499261,1.0015409293675457,0.9579155775621253,0.9133041906236119,0.8677087443160884,0.8211327954556309,0.7735816145771128,0.7250623487765254,0.6755841767570734,0.6251584814010224,0.5737990430016717,0.5215222311943094,0.4683472284842274,0.41429625045578733,0.3593947870225619,0.3036718556796612,0.2471602628401083,0.18989686907872805,0.13192287060491842,0.07328407183080068,0.014031167024554654,-0.04578000356659158,-0.10608819170128858,-0.1668265245034911,-0.22792230267619876
2.241206030150754,2.236254838203875,2.231543542020077,2.2270084910430703,2.2225980668043026,2.218268610718467,2.2139820130685557,2.209704173929953,2.205403994990148,2.2010526830239514,2.1966232553340785,2.192090176678191,2.187429092355063,2.182616622998998,2.177630205908362,2.172447970795002,2.1670486413754513,2.1614114538915303,2.1555160950830325,2.1493426481727673,2.142871549348007,2.1360835513805077,2.1289596933988233,2.1214812759714246,2.1136298374103775,2.1053871391359307,2.0967351482499916,2.0876560248145313,2.0781321119777934,2.0681459261576762,2.057680149545516,2.0467176245936587,2.035241348794742,2.023234470260604,2.0106802857350607,1.9975622402627373,1.9838639232850466,1.969569070770335,1.9546615650439125,1.9391254370079556,1.9229448683987262,1.906104195178038,1.8885879116192459,1.8703806753266534,1.8514673131787562,1.8318328282016274,1.8114624075084482,1.7903414305280665,1.7684554796800835,1.7457903523238338,1.7223320710185737,1.6980668990695211,1.6729813571044598,1.6470622363729124,1.620296620303902,1.592671906672226,1.5641758251303413,1.5347964664298717,1.5045223115526345,1.473342254964727,1.4412456437716763,1.4082223156641227,1.3742626298420864,1.3393575190940543,1.303498538982192,1.2666779090040894,1.2288885814440125,1.1901243048862693,1.150379679002213,1.1096502449381467,1.067932567005517,1.025224305460778,0.9815243301354468,0.9368328317068766,0.8911514263010123,0.844483284810095,0.7968332639514561,0.7482080678764407,0.6986164016892419,0.6480691428052316,0.5965795332746067,0.5441633703425575,0.49083923012203223,0.43662868673119093,0.38155655451959547,0.3256511419330305,0.2689445137889357,0.211472760575498,0.15327628241076696,0.09440006661821984,0.034893975526159395,-0.025186988441608993,-0.08578241164642028,-0.1468262398281555,-0.2082465622401152
2.2638190954773867,2.2589734255805305,2.25436055963087,2.249917831121758,2.245594354734954,2.2413470396744684,2.2371382291446,2.232934193418192,2.228704142652504,2.224419544830325,2.220053641443226,2.2155810919169703,2.2109777121931056,2.2062202737359025,2.2012863481079727,2.1961541852537763,2.19080261709078,2.185210977680843,2.1793590424528246,2.1732269752732583,2.1667952857980493,2.1600447938165788,2.1529565996224167,2.145512059586533,2.1376927629263163,2.12948051735101,2.120857331973175,2.1118054048293655,2.1023071131910327,2.0923450039314746,2.081901786166166,2.0709603258367415,2.059503640580722,2.047514895384695,2.034977400621883,2.021874611712296,2.0081901252819665,1.9939076812342955,1.979011162567397,1.9634845975329496,1.9473121618311022,1.9304781819166943,1.9129671389855334,1.8947636738751046,1.875852592870261,1.8562188744202353,1.8358476769003071,1.8147243466555456,1.7928344284443367,1.7701636771306861,1.7466980677166544,1.7224238105638845,1.6973273676254437,1.6713954654548344,1.6446151163299731,1.6169736399727943,1.588458680706823,1.5590582361144394,1.5287606856010927,1.4975548131658816,1.4654298458376323,1.4323754909121729,1.3983819662543824,1.3634400514800737,1.3275411362684844,1.2906772607293848,1.2528411831645914,1.21402644252452,1.174227412192515,1.133439389100783,1.091658674170258,1.0488826438488847,1.0051098623468109,0.9603401914740393,0.9145748937891798,0.8678167605255857,0.8200702410215968,0.7713416030328112,0.7216390846812767,0.6709730645298093,0.6193562528962311,0.5668038809642701,0.5133339244325449,0.45896732146555963,0.4037282156843294,0.34764421043535465,0.2907466317806515,0.23307080151625875,0.1746563233242229,0.11554736499490563,0.055792951965896995,-0.00455275907295602,-0.06543020040907291,-0.12677415162542655,-0.18851351015050208
2.2864321608040203,2.281689642793875,2.277172976806197,2.272820461870546,2.268581932156638,2.264414854164107,2.2602820157067978,2.256150050500867,2.251988471571659,2.247769003383344,2.243465107569755,2.239051634716312,2.234504568333882,2.2298008279997603,2.224918117120358,2.219834803702406,2.214529825907794,2.2089826138460684,2.203173030024851,2.1970813174870796,2.1906880580179116,2.183974137200582,2.176920715375494,2.1695092036954944,2.161721241352648,2.1535386815003132,2.144943574497307,2.1359181556673223,2.126444835792026,2.11650619165908,2.106084958837374,2.0951640263564917,2.083726431666056,2.071755356362641,2.0592341242524825,2.0461462010038933,2.0324751903694276,2.0182048362002627,2.0033190222518904,1.9878017742838072,1.971637262194028,1.9548098032423866,1.93730386593969,1.9191040748326578,1.900195216175309,1.8805622444931802,1.8601902901710625,1.8390646673160536,1.817170883974286,1.7944946535717006,1.7710219047236924,1.7467387961381746,1.7216317325090262,1.6956873772410022,1.668892673147217,1.6412348637296184,1.61270150996965,1.5832805184295622,1.5529601692583674,1.521729138487823,1.4895765357581203,1.4564919408559254,1.4224654334046283,1.3874876431567904,1.3515497974428794,1.314643760755347,1.2767621014247101,1.2378981530264794,1.1980460671746465,1.15720090136187,1.11535869815165,1.0725165554849838,1.0286727375043752,0.9838267829462805,0.9379796068308769,0.8911336269681646,0.8432928917418103,0.7944632390659162,0.744652446725894,0.6938704011029304,0.6421292873835077,0.5894437771478397,0.5358312518339293,0.48131201939396295,0.4259095578456578,0.3696507697455142,0.3125662456775615,0.2546905406635441,0.19606246222334628,0.13672535689043436,0.07672740909093975,0.016121922812914802,-0.045032390422303836,-0.10667115809764542,-0.16872410416527686
2.309045226130653,2.304403543317184,2.299980898201687,2.295716537103507,2.2915610002072717,2.287472300954472,2.2834136635636133,2.279352078524007,2.275257356194964,2.271101472850956,2.2668581062679385,2.262502294722085,2.2580101862542623,2.253358845867692,2.248526106418541,2.243490451829039,2.238230924570196,2.232727049046114,2.226958773250343,2.220906417950845,2.214550635737209,2.207872376776047,2.2008528603485176,2.193473551379697,2.1857161381155725,2.1775625183175387,2.1689947828340177,2.159995203595075,2.150546224285187,2.1406304510698306,2.1302306455039495,2.1193297193059286,2.107910729405703,2.095956873744822,2.0834514893646032,2.070378052051695,2.056720172622797,2.0424615988838557,2.0275862154250763,2.0120780456632685,1.995921253917827,1.9791001485533708,1.9615991857742858,1.9434029742967487,1.9244962808889823,1.9048640367861738,1.8844913451081398,1.8633634885457222,1.8414659393553945,1.8187843705535789,1.7953046655083615,1.7710129325300745,1.7458955204326496,1.7199390309803786,1.6931303391661532,1.6654566140603069,1.6369053352416616,1.6074643203512051,1.5771217525483607,1.5458662023411858,1.5136866646105178,1.4805725944580812,1.4465139362953032,1.4115011732544929,1.3755253737830866,1.3385782304563538,1.300652125573148,1.2617401915209843,1.221836362590774,1.180935461538915,1.1390332775354586,1.0961266352496999,1.0522135042489171,1.0072931059355665,0.9613660137747353,0.9144342783545536,0.8665015535083475,0.817573253861295,0.7676567035278495,0.7167613034250062,0.6648987202873998,0.6120830726651754,0.5583311540492433,0.5036626481314176,0.4481003727206452,0.39167053422902276,0.33440299145189156,0.2763315350502916,0.21749417724451497,0.15793344227652859,0.09769667023757415,0.03683630635560853,-0.024589803278890224,-0.08651814696625255,-0.14887929228205016
2.3316582914572868,2.327115179406828,2.3227844260526394,2.318606207024471,2.314531755238715,2.31051962086575,2.3065334564317332,2.302540602614001,2.298511161640343,2.2944173569809934,2.2902330786013376,2.2859335490398696,2.281495077863151,2.2768948728439087,2.2721108939211914,2.2671217388102383,2.2619065523777535,2.256444951589088,2.2507169683489323,2.2447029997153645,2.2383837677726413,2.2317402860740225,2.2247538317478885,2.2174059224932785,2.209678294699621,2.201552889909451,2.1930118387122435,2.1840374489706935,2.1746121966706147,2.164718716823581,2.154339796506926,2.1434583697312304,2.1320575125762984,2.120120439063763,2.1076304992709334,2.0945711789703374,2.0809260959765923,2.0666790020521213,2.0518137826924017,2.0363144591127322,2.0201651902674667,2.0033502759141832,1.9858541603160593,1.967661436803756,1.948756853187638,1.9291253180268144,1.9087519078805002,1.8876218748217062,1.8657206562143236,1.843033885665972,1.8195474024065474,1.7952472655722331,1.7701197694409831,1.7441514556069806,1.71732913284684,1.689639897544271,1.66107114976869,1.6316106202896077,1.6012463974917877,1.569966948748379,1.537761156752507,1.5046183546848455,1.470528354711312,1.4354814965215061,1.3994686930780007,1.3624814686693687,1.324512023431444,1.2855532926788642,1.245598997753359,1.2046437313067515,1.1626830340097651,1.1197134624276723,1.0757326969817969,1.0307396474233363,0.984734551596725,0.9377190990313803,0.8896965553892986,0.8406719185510665,0.7906520656380853,0.7396459188576283,0.6876646332392354,0.634721780978832,0.5808335740784404,0.5260190781147001,0.4703004563319384,0.41370322395770154,0.3562565120752627,0.29799334986748777,0.23895095567737112,0.17917103107908242,0.11870006927055704,0.057589651537962534,-0.004103249705912519,-0.06631599538814689,-0.12898001258716624
2.3542713567839195,2.34982460213043,2.345583660231757,2.3414896183155167,2.3374943889370066,2.3335570489239994,2.3296416711220047,2.325715939897195,2.321750243949894,2.3177170493890027,2.313590454464958,2.3093458625914467,2.3049597418922145,2.3004094402844766,2.295673042451142,2.290729257802892,2.2855573317111606,2.2801369719896174,2.2744482928978544,2.2684717663660967,2.2621881826789956,2.255578617593896,2.248624405005784,2.241307114401138,2.2336085294129666,2.225510634547555,2.216995599395297,2.208045767085108,2.198643645308907,2.1887718973977783,2.1784133354917916,2.167550915499975,2.15616773232323,2.1442470157988365,2.1317721288401956,2.1187265670711453,2.1050939552345236,2.0908580490460644,2.0760027349707464,2.060512032155678,2.044370094394316,2.027561213114289,2.010069820989975,1.991880496396959,1.9729779686992353,1.9533471243757101,1.9329730141089554,1.9118408601300585,1.889936065782699,1.8672442262394398,1.8437511376717712,1.819442811233385,1.7943054879759444,1.768325650756976,1.7414900437011918,1.7137856922083774,1.6851999186866404,1.6557203690358544,1.6253350390302856,1.5940322952432664,1.5618009106953477,1.5286300993508162,1.4945095440345166,1.459429444106409,1.4233805603756733,1.3863542524057755,1.3483425419677635,1.3093381713470795,1.269334653237907,1.2283263547473535,1.1863085728704514,1.143277601167494,1.0992308362783456,1.0541668819265904,1.008085646218487,0.9609884637456422,0.9128782183474711,0.8637594976899527,0.813638738584139,0.7625243913101669,0.7104271059959305,0.6573599152489786,0.6033384561709522,0.5483811825452006,0.4925096089263862,0.43574856461041284,0.3781264574087501,0.3196755583515947,0.2604322938584307,0.2004375430874359,0.1397369505180509,0.07838122915693382,0.016426470452388466,-0.04606556988232663,-0.10902719311693468
2.3768844221105527,2.37253186139436,2.368378698305435,2.3643669142231456,2.3604490884393043,2.356584814509581,2.3527385777199328,2.348878399712879,2.3449749503356587,2.341000933836976,2.3369306528970184,2.3327396884595637,2.328404664273515,2.323903065807613,2.319213100178057,2.314313586418889,2.3091838685382835,2.3038037435061556,2.2981534063997557,2.292213402620842,2.2859645893760585,2.279388103458792,2.2724653344632757,2.2651779026889627,2.257507638123502,2.249436567429328,2.240946898466323,2.2320210089708192,2.222641437752121,2.212790875939646,2.2024521602808336,2.191608268192546,2.180242313069979,2.1683375403023817,2.1558773254388695,2.1428451738182397,2.129224717038753,2.1149997147618014,2.100154054480171,2.084671753398689,2.068536960345097,2.05173395868358,2.034247169839871,2.016061157650902,1.9971606335299459,1.9775304624538441,1.957155669892769,1.936021448990011,1.914113169917488,1.8914163903603083,1.8679168644828759,1.8436005566171918,1.8184536558649864,1.792462587744675,1.7656140332549062,1.737894948473017,1.7092925799498773,1.67979449067074,1.6493885859138917,1.6180631337353781,1.5858067999429317,1.5526086819309863,1.518458336026797,1.4833458243102724,1.447261758702875,1.410197337536449,1.3721444079457035,1.3330955231595625,1.293043991454229,1.2519839588800146,1.209910483508929,1.1668196009257916,1.122708429287295,1.077575271851899,1.0314197128154359,0.9842427379067388,0.9360468554565577,0.886836249426214,0.8366169229969587,0.7853968613241211,0.7331862164841264,0.6799974883402402,0.6258457457988634,0.5707488373328321,0.5147276348948903,0.45780628737489953,0.40001248409360723,0.34137774167188384,0.2819376970635276,0.22173240786112006,0.16080666870240962,0.09921032078851144,0.03699856824382265,-0.025767726266457194,-0.08902175173071245
2.399497487437186,2.3952370059705554,2.3911696355886143,2.3872382346421563,2.3833960364476003,2.379603141501366,2.375824439760883,2.372028283819849,2.368185619417804,2.364269384503289,2.3602540823806755,2.356115468221397,2.351830318504568,2.3473762536901113,2.342731601045924,2.3378752871832935,2.3327867529025865,2.3274458826591653,2.321832950830076,2.31592857490571,2.3097136777525136,2.3031694560467013,2.2962773540279433,2.2890190418465357,2.2813763949670087,2.273331481410399,2.264866546583584,2.2559640021793665,2.246606417542463,2.236776511085101,2.226457143711255,2.215631313958409,2.2042821533914805,2.1923929226890544,2.1799470098353924,2.1669279297464397,2.153319320800317,2.1391049465922927,2.124268695695735,2.108794583492099,2.0926667540300707,2.075869482866801,2.0583871805077787,2.0402043966542434,2.0213058252491445,2.001676310328287,1.9813008527946365,1.9601646174367462,1.9382529420800552,1.9155513478444701,1.8920455479110074,1.867721460920804,1.842565225269612,1.8165632104993434,1.7897020359708917,1.7619685900604338,1.7333500452227193,1.7038338834376645,1.6734079215535622,1.6420603313402564,1.6097796737981507,1.5765549323413202,1.5423755395830212,1.5072314233102222,1.4711130497574698,1.4340114594511832,1.3959183285490746,1.356826025125704,1.316727657197069,1.2756171541726526,1.2334893398827829,1.1903399968960218,1.1461659701167273,1.1009652678377329,1.0547371561149506,1.0074822778403065,0.9592027721107541,0.9099024256675889,0.8595868147341625,0.8082634661552105,0.7559420408431984,0.7026345128283407,0.6483553896305961,0.593121921040907,0.5369543426934126,0.4798761288506777,0.42191425544263733,0.36309948881769805,0.3034666793991635,0.24305506463419496,0.18190858886698513,0.1200762187468691,0.05761226560977754,-0.00542330960310447,-0.06896459599557983
2.422110552763819,2.417940083522727,2.413956565198276,2.4101037161973404,2.4063354113393594,2.402612248416896,2.398899514400205,2.3951658865968293,2.39138258145554,2.3875227662442193,2.3835611411361555,2.379473632271208,2.375237166001358,2.370829495250467,2.36622906518598,2.3614149079767106,2.3563665593944916,2.3510639897309757,2.345487551164864,2.3396179319103,2.333436119247838,2.326923368598408,2.3200611778071076,2.312831265925516,2.3052155530286953,2.2971961477089997,2.2887553322069722,2.2798755515289946,2.270539404980194,2.260729637745946,2.250429134440686,2.2396209143389334,2.228288126853227,2.2164140476901535,2.203982077068639,2.190975739342795,2.177378679592585,2.16317466533158,2.1483475862613335,2.132881456052229,2.1167604141524587,2.0999687285589,2.082490799173933,2.0643111619531274,2.045414493834819,2.0257856184582903,2.005409512786088,1.9842713139647004,1.9623563282759284,1.939650041172153,1.9161381258478902,1.8918064563551227,1.8666411215960732,1.8406284364647598,1.8137549601360756,1.7860075148671526,1.7573732007358303,1.727839420581312,1.6973939048404334,1.666024731177583,1.633720358138158,1.6004696576894135,1.5662619414553676,1.531087005855695,1.4949351745748845,1.4577973336936951,1.4196649919837847,1.38053033619753,1.3403862781770512,1.299226535035104,1.2570457009701037,1.2138393104226768,1.1696039402071585,1.1243373090856337,1.07803837068509,1.0307074310342244,0.9823462662281256,0.9329582722424771,0.8825486049999255,0.8311243398533423,0.7786946534672302,0.7252710010066177,0.6708673355051609,0.6155003148320379,0.5591895447652021,0.5019578309530657,0.4438314413323212,0.3848403964857922,0.32501876369295724,0.26440496221742266,0.20304208629924686,0.14097822603809126,0.07826679537942699,0.014966845844750734,-0.0488566230822316
2.4447236180904524,2.4406411406319175,2.4367395781055885,2.432963492323041,2.429267387275143,2.4256123485485985,2.421964052578439,2.418291495236929,2.4145661585709988,2.410761434847321,2.406852217403597,2.4028146001325514,2.398625656439733,2.394263269219218,2.3897059993156753,2.384932982462483,2.379923847606381,2.3746586492481025,2.3691178158898656,2.3632821051229813,2.357132567413157,2.350650515803251,2.3438175007177953,2.336615289172867,2.329025844999314,2.321031316583978,2.312614022297078,2.3037564398239296,2.2944411978622203,2.2846510678668674,2.2743689577216477,2.263577907058358,2.252261082817758,2.240401775474629,2.227983397282415,2.2149894818935105,2.201403681009541,2.1872097660433325,2.172391627867389,2.1569332785470854,2.140818853100979,2.1240326122032114,2.106558945459399,2.088382375457015,2.069487562581337,2.049859310603707,2.0294825731552444,2.008342460433317,1.9864242479571865,1.963713386385544,1.9401955098972699,1.915856449028611,1.8906822443700735,1.864659157463305,1.8377736887133505,1.8100125958022244,1.78136290810918,1.7518119511537176,1.721347370933378,1.6899571531385806,1.6576296561599602,1.6243536429966108,1.590118306950303,1.5549133159386102,1.5187288541698345,1.48155565657327,1.4433850680578222,1.4042090978164803,1.364020465532786,1.3228126802951632,1.2805801112081814,1.2373180494014804,1.193022808692252,1.1476918236806513,1.1013237412141867,1.0539185363770638,1.005477628447931,0.9560040290565112,0.9055024804615859,0.8539796133405083,0.8014441270459741,0.7479069648924049,0.6933815324069545,0.6378839024150399,0.5814330574642296,0.5240511408183576,0.46576371809574457,0.4066000689678326,0.34659348138331997,0.28578155889844997,0.22420654645043525,0.16191565630873983,0.09896140125692399,0.03540191664923924,-0.02869871967176018
2.4673366834170856,2.4633402228214702,2.459518763186754,2.4558176933406246,2.452192134303313,2.4486036500961843,2.445018299181741,2.4414053899363397,2.4377366649663372,2.4339857372769567,2.430127689716974,2.426138780760465,2.421996228085657,2.417678042096995,2.413162897124201,2.408430030499319,2.403459162571885,2.3982304304467155,2.3927243374916567,2.386921709347108,2.3808036584519265,2.3743515543636344,2.3675469990743947,2.3603718066409445,2.352807983806937,2.3448377179874833,2.3364433629879904,2.327607428546469,2.318312572192619,2.308541591153523,2.298277416146302,2.287503106784294,2.2762018472199643,2.264356942438228,2.251951816527462,2.2389700122978087,2.225395187990478,2.2112111188953176,2.1964016970940365,2.1809509331471673,2.164842957807167,2.148062024654167,2.130592513293001,2.112418933308658,2.0935259289712715,2.073898284697435,2.0535209313786336,2.03237895293696,2.010457594889164,1.9877422739509607,1.9642185862311925,1.939872319796301,1.9146894680770952,1.8886562405261746,1.8617590801602124,1.833984681592804,1.8053200051430514,1.775752300789176,1.7452691320162523,1.713858394624032,1.681508349097623,1.6482076518928055,1.6139453805993744,1.578711077438563,1.5424947901543256,1.5052871057540145,1.467079208740221,1.4278629344405975,1.3876308143248497,1.3463761536580074,1.3040931009171208,1.2607767086660682,1.21642303274758,1.1710292289013846,1.1245936427815846,1.0771159243891901,1.0285971423220472,0.9790399302446056,0.9284486233630115,0.876829414486602,0.8241905326047564,0.7705424162332163,0.7158979304410277,0.6602725699927537,0.6036847009797569,0.5461558107100879,0.48771076841629724,0.4283781180380655,0.36819037240841074,0.3071843223401043,0.2454013648519029,0.18288783378945944,0.11969533780181241,0.05588109024442992,-0.00849176187306673
2.4899497487437188,2.486037374581397,2.4822942072725875,2.4786664465339534,2.4751098184619313,2.47158635629538,2.4680624931977446,2.464507844077507,2.460894407134309,2.4571960119122975,2.4533879271694436,2.449446572834026,2.445349308114774,2.441074268500813,2.4366002396451782,2.4319065585399997,2.4269730351901795,2.421779887722047,2.4163076929316336,2.410537343199044,2.4044500117413996,2.398027123539296,2.3912503311550704,2.384101494775366,2.3765626632255623,2.368616062193569,2.3602440802351214,2.3514292585232237,2.342154282866493,2.332401975773162,2.3221552903629825,2.3113973058592765,2.300111223312769,2.2882803619623777,2.275888157532605,2.262918161850376,2.249354039612768,2.2351795699615034,2.220378646221535,2.204935277543149,2.188833590569268,2.172057832006312,2.1545923717443753,2.13642170672006,2.1175304655131186,2.097903413683732,2.077525459958903,2.056381662640809,2.03445723798329,2.0117375695873676,1.9882082164129096,1.9638549250757704,1.9386636429701032,1.9126205286914424,1.8857119692157862,1.8579245975587197,1.8292453065787129,1.7996612724495487,1.7691599780263607,1.737729231254393,1.7053571969125159,1.672032427285285,1.6377438868051244,1.6024809947442742,1.5662336653331157,1.528992340822819,1.490748048700044,1.451492454053092,1.4112179040125445,1.3699175041498357,1.3275851867091364,1.2842157703618247,1.2398050579280326,1.1943499315201618,1.1478484411199819,1.100299917446905,1.0517050845008231,1.0020662043187571,0.9513872116349511,0.8996738681833476,0.8469339395434843,0.7931773665128669,0.7384164808089422,0.6826662062109075,0.625944299262166,0.5682715979265283,0.5096722812223126,0.45017416284135847,0.38980898509461603,0.3286127294770909,0.26662594702847836,0.20389409323400048,0.1404678704030735,0.07640356494489586,0.011763384849545526
2.512562814070352,2.5087326393921803,2.5050659951968686,2.5015098762228947,2.4980206018779003,2.49456066554306,2.4910968678669385,2.4875991244069104,2.484039684062518,2.4803925887780163,2.4766332896704,2.472738365039599,2.4686853129216257,2.4644523914989893,2.4600184956169424,2.455363060016644,2.4504659826358015,2.4453075610622896,2.439868444103487,2.434129589588664,2.428072230335571,2.421677845672093,2.4149281377477436,2.4078050119815173,2.400290558461453,2.39236704040364,2.3840168804390256,2.375222650566549,2.365967064328219,2.3562329690288917,2.3460033397656512,2.335261275004572,2.3239899923844143,2.3121728251440796,2.2997932204463467,2.2868347389937473,2.273281051854092,2.2591159419931786,2.2443233040093062,2.2288871457318513,2.212791589844128,2.1960208763910884,2.17855936582459,2.160391542775866,2.141502020546366,2.1218755463238432,2.1014970072298813,2.0803514365841878,2.0584240220975047,2.0357001150626703,2.0121652381878197,1.9878050976314732,1.962605595845987,1.9365528417713052,1.9096331676575462,1.8818331463573146,1.85313960483,1.823539647141185,1.7930206773552917,1.7615704175531082,1.729176938957652,1.6958286920026322,1.6615145304630807,1.6262237533521915,1.5899461442774643,1.5526720038367987,1.5143922058260881,1.475098248652914,1.4347822989139971,1.3934372665462105,1.3510568718839424,1.3076357043072324,1.2631693184941626,1.217654328093573,1.17108849286954,1.123470829999733,1.0748017249134119,1.0250830743115937,0.9743184190023195,0.9225130964162469,0.8696744156746317,0.8158118269573843,0.7609371357850598,0.7050647021078559,0.6482116799498941,0.5903982647092811,0.5316479515825381,0.47198782978154075,0.4114488760445243,0.35006626641111077,0.28787970840891897,0.22493377985377255,0.16127827524696065,0.09696854995620255,0.03206586573879087
2.535175879396985,2.531426059747994,2.527834209843485,2.52434810383493,2.5209246428634584,2.5175267715189413,2.514121650829762,2.5106794912076804,2.5071727874315806,2.503575789767972,2.4998641281945604,2.4960145363451587,2.492004648418977,2.4878128429351785,2.483418121830956,2.478800015713115,2.473938508754629,2.4688139764676857,2.4634071382749028,2.457699016183127,2.451670901450464,2.445304326692204,2.438581042676591,2.4314829991707008,2.423992326718261,2.416091325329862,2.4077624510463704,2.398988306092347,2.3897516312053244,2.3800352980088566,2.3698223031575862,2.3590957639975616,2.3478389144487206,2.336035101498193,2.3236677835503228,2.31072053004205,2.297177018325588,2.2830210351605915,2.2682364764451335,2.2528073487720475,2.236717771008652,2.2199519767429594,2.2024943172559337,2.1843292652057906,2.1654414190155222,2.1458155079705725,2.1254363981305957,2.1042890984529365,2.0823587688058494,2.059630728959378,2.036090466244025,2.0117236473289952,1.9865161307922887,1.9604539770900395,1.9335234650292283,1.9057111087000176,1.87700367068723,1.847388184604843,1.8168519775234844,1.7853826876044447,1.7529682946173963,1.7195971494148994,1.68525799756098,1.6499400204433539,1.6136328738782166,1.5763267198512037,1.5380122817282351,1.4986808947282009,1.458324548650392,1.4169359617858368,1.374508646810908,1.3310369683433305,1.2865162377279964,1.240942805243829,1.1943141458241566,1.1466289687811915,1.0978873269428635,1.048090757915902,0.9972424150886103,0.9453472183347008,0.89241202726033,0.8384458085408157,0.7834598486933544,0.7274679510652857,0.6704866742975686,0.6125355781530788,0.5536374806025744,0.4938187524102111,0.4331096100246018,0.3715444283046481,0.3091620742337497,0.24600624924827025,0.18212583927900156,0.11757526537772639,0.052414836797255025
2.557788944723618,2.554117677179386,2.5505989321924125,2.5471812479749207,2.5438220960101066,2.540484863303924,2.5371370642695417,2.53374919846721,2.5302940018074347,2.5267459288621392,2.523080785023393,2.5192754562660253,2.5153077103276167,2.511156043741953,2.506799563468824,2.502217894125097,2.4973911044465966,2.492299646355422,2.4869243085141406,2.4812461758546287,2.475246596932501,2.4689071566065386,2.4622096533098867,2.455136080286787,2.447668607741841,2.4397895717574647,2.43148146112905,2.422726907715275,2.4135086789190705,2.403809670211446,2.393612899390458,2.3829015023239117,2.3716587289095554,2.3598679396333937,2.3475126039459266,2.3345762998774573,2.3210427109772724,2.3068956277664663,2.2921189474658945,2.2766966755115092,2.260612927092234,2.2438519295362878,2.226398025212289,2.2082356751275145,2.189349463214542,2.169724101313217,2.149344434949693,2.1281954493222517,2.1062622771386574,2.083530207411044,2.059984692943902,2.035611361860608,2.0103960299055754,1.9843247101939991,1.957383629341239,1.9295592440419285,1.9008382539947015,1.8712076239798199,1.840654605829691,1.8091667556869653,1.7767319639236114,1.743338484031081,1.7089749557562137,1.6736304454394408,1.6372944838791048,1.599957097428612,1.5616088622212112,1.5222409537132926,1.4818451885749813,1.440414097370352,1.3979409892984878,1.3544200086717335,1.3098462282387007,1.264215739931271,1.217525739170181,1.1697746330132675,1.1209621475961498,1.0710894676202618,1.0201593655175123,0.9681763503203479,0.9151468390485766,0.8610793219909229,0.8059845738847272,0.7498758487598619,0.6927691171053232,0.6346833101167855,0.5756405753222967,0.5156665713160629,0.4547907598526581,0.39304671927356116,0.3304724794606664,0.2671108673315948,0.20300986016043376,0.13822294219809955,0.07280946483099603
2.580402010050251,2.576807532275437,2.5733602413645653,2.5700094244930813,2.5667131122800217,2.5634351254951824,2.5601433250513845,2.556808494039914,2.553403604827939,2.549903312336972,2.5462835939791044,2.542521485122274,2.538594884456945,2.5344824042442666,2.5301632544282997,2.525617151808262,2.5208242480356016,2.5157650699508327,2.510420474102058,2.5047716071127235,2.4987998737105914,2.492486909970033,2.4858145610499287,2.4787648628141543,2.4713200243455797,2.463462417086817,2.4551745619423313,2.4464391198222857,2.437238884272689,2.427556774147516,2.417375827979803,2.4066791998055552,2.3954501552005647,2.3836720679028907,2.371328418215213,2.358402792620475,2.3448788807768937,2.3307404769326006,2.3159714796510404,2.3005558932865116,2.2844778294814083,2.26772150949424,2.250271267031372,2.2321115517613297,2.213226933502923,2.19360210709416,2.173221898041533,2.1520712683712797,2.1301353242946157,2.1073993248107437,2.08384868902793,2.059469007443357,2.0342460539826694,2.0081657955348513,1.9812144077447362,1.9533782912455604,1.9246440843028931,1.894998684443381,1.864429269976389,1.832923316883657,1.8004686281492264,1.7670533620748246,1.7326660549323738,1.6972956605388483,1.6609315873910402,1.6235637291301441,1.5851825177914265,1.5457789724299387,1.5053447401874303,1.4638721677506328,1.4213543649513725,1.3777852601815967,1.333159692258433,1.2874734997183053,1.2407236037177827,1.1929081146047555,1.1440264376692302,1.0940794108408498,1.0430694320117588,0.9910006060536123,0.9378789143085277,0.8837123777947088,0.8285112667147579,0.7722882931157448,0.7150588466492306,0.6568412371355502,0.597656948614237,0.5375309340147323,0.476491906285148,0.4145726522785653,0.3518103686676397,0.28824701025525373,0.22392964621929623,0.15891082228353853,0.0932489274841701
2.6030150753768844,2.5994956647053713,2.5961182146655326,2.592832746551216,2.5895978390950654,2.586377738318126,2.583140644857198,2.5798576198053347,2.5765018673840268,2.573048238969504,2.569472880651524,2.5657529742882015,2.5618665469767588,2.5577923244532625,2.5535096176387757,2.5489982337150567,2.5442384056271905,2.5392107336655356,2.5338961409302247,2.5282758345219287,2.5223312742326973,2.516044146340629,2.509396341805854,2.5023699382677687,2.494947182917126,2.487110481856184,2.4788423874630094,2.4701255891255185,2.460942906018332,2.4512772799207148,2.4411117696980282,2.4304295472056596,2.419213893401374,2.4074481950311073,2.395115943057317,2.382200732275332,2.3686862583635135,2.354556319260827,2.3397948148901415,2.3243857485951276,2.3083132285980583,2.291561470271049,2.2741147989001815,2.255957653117884,2.2370745889948482,2.2174502847984763,2.19706954651532,2.1759173135708108,2.1539786663260445,2.131238834492945,2.107683204292121,2.083297329491005,2.058066943186044,2.0319779671273333,2.00501652718064,1.977168969219971,1.9484218714965627,1.9187620658266553,1.8881766586722744,1.8566530476698162,1.8241789503802774,1.790742432039389,1.7563319277358758,1.7209362812337157,1.6845447813882835,1.6471471919895142,1.6087338040476717,1.569295483513414,1.5288237115341614,1.4873106547002188,1.4447492275159108,1.4011331467660206,1.356457021928813,1.3107164430251417,1.263908062125306,1.2160296983437475,1.1670804419073946,1.1170607900496021,1.0659727724893613,1.0138200965785793,0.9606083148649639,0.9063449862038496,0.85103988352195,0.794705184258033,0.7373557046129116,0.679009140334185,0.6196863190830185,0.5594114948392924,0.49821263790446446,0.43612174901580564,0.3731751959539601,0.3094140643275235,0.24488451639650338,0.17963815835941552,0.11373241326506241
2.6256281407035176,2.622182113239677,2.618872927628242,2.6156513246872497,2.612476420423424,2.609312877735293,2.6061292303169177,2.6028968118216995,2.5995890537955377,2.5961810002353345,2.5926489626180778,2.588970266434063,2.585123064680496,2.5810861943507195,2.5768390653665856,2.5723615735205043,2.567634031454439,2.562637111462961,2.5573518018856354,2.55175936910513,2.54584132688743,2.539579410718533,2.5329555564500166,2.5259518826661,2.51855067390727,2.5107343702459652,2.502485554908375,2.4937869451953723,2.4846213854036088,2.4749718397868206,2.464821387145873,2.454153216811527,2.4429506248312305,2.431197010717362,2.4188758759014433,2.405970823351539,2.3924655546768805,2.378343871469453,2.36358967502561,2.3481869677454497,2.33211985455233,2.315372545108804,2.2979293565148318,2.279774716660211,2.2608931682225397,2.2412693733177314,2.22088811889845,2.199734322345259,2.1777930387985664,2.155049469389904,2.1314889682401734,2.107097053260949,2.0818594176844796,2.0557619391826156,2.028790695004636,2.000931977536326,1.9721723063997678,1.9424984492079833,1.9118974422128003,1.880356606479608,1.8478635760673146,1.8144063252227007,1.7799731900934612,1.7445529068086607,1.7081346471872,1.6707080479705978,1.6322632621562898,1.592791005824113,1.5522825975952168,1.51073002767633,1.4681260192142154,1.4244640816282574,1.3797385995783238,1.3339449193775985,1.287079429116815,1.23913966208442,1.1901243991609944,1.1400338028988097,1.088869541157258,1.0366349303662012,0.9833351011319097,0.9289771572399859,0.8735703816064165,0.8171264244670745,0.7596595360202637,0.7011868053417245,0.6417284109658236,0.5813079148314035,0.5199525510062734,0.4576935398066096,0.3945664248393606,0.33061142592955667,0.2658738001871263,0.2004042139853333,0.13425912156380856
2.648241206030151,2.644866915770728,2.64162445405457,2.638465266878122,2.6353489968639754,2.6322407155523107,2.6291092831360925,2.6259263004751197,2.622665421981948,2.6193018805007613,2.6158121496571365,2.612173695760414,2.6083647952402975,2.60436439416453,2.600151999510567,2.5957075939374636,2.591011568212521,2.586044665211799,2.5807879372225884,2.5752227087334196,2.5693305464113436,2.5630932339704504,2.5564927512586264,2.5495112569876213,2.5421310723017285,2.534334670565186,2.526104665236825,2.5174238009746217,2.508274946698582,2.498641088692984,2.488505325303254,2.4778508629963856,2.466661012621071,2.45491918621753,2.442608895497426,2.4297137514626432,2.4162174615636713,2.4021038310062512,2.387356762471696,2.3719602574798406,2.355898417771369,2.3391554474698926,2.3217156557159013,2.30356345994117,2.284683389774972,2.2650600915891306,2.244678333775225,2.223523012210061,2.2015791574263015,2.1788319426637464,2.155266690711502,2.1308688844772443,2.1056241782701117,2.0795184067183707,2.052537599589255,2.0246679970209525,1.995896061358833,1.9662084974847254,1.9355922730397253,1.9040346342522432,1.8715231335570732,1.838045656243376,1.8035904417114106,1.7681461208220197,1.731701750908353,1.694246844409206,1.6557714192614756,1.6162660448452284,1.5757218806581934,1.5341307441689729,1.4914851710674066,1.4477784675781176,1.4030047979909952,1.357159269647271,1.3102380116930883,1.2622382769283431,1.2131585425367315,1.1629986423422773,1.1117598886024793,1.0594452133759014,1.0060593321454436,0.9516089006999016,0.896102719209019,0.8395519181336509,0.7819701891693251,0.723374022207193,0.6637829540339337,0.6032198616331845,0.541711249486986,0.4792875634865562,0.41598352816139567,0.35183850142845724,0.28689683757714546,0.22120826352400508,0.15482826266213381
2.670854271356784,2.667550109332915,2.6643728660559507,2.661274678601091,2.658215705728446,2.655161419520991,2.652081000219942,2.6489463106245648,2.6457312236281614,2.6424111572092364,2.6389627439549543,2.635363588225294,2.6315920874541665,2.6276272946355315,2.623448811888221,2.619036707021759,2.614371447382401,2.6094338450278434,2.60420501492223,2.5986663385028788,2.592799434282481,2.58658613323939,2.5800084583372986,2.573048607611565,2.5656889380765637,2.5579119557210195,2.549700303630909,2.5410367532744016,2.5319041977040935,2.522285644797788,2.512164212060436,2.5015231227610375,2.4903457022650017,2.478615374904699,2.4663156624849005,2.4534301839032424,2.439942652361651,2.4258368766390697,2.411096760810849,2.3957063055763146,2.3796496096049893,2.3629108716462093,2.3454743931004205,2.3273245812174426,2.3084459529130816,2.2888231392111256,2.268440890402049,2.2472840813856254,2.2253377186837087,2.202586948315324,2.1790170624862175,2.154613509930794,2.129361906952899,2.1032480461465743,2.0762579109040322,2.0483776903268622,2.0195937908042283,1.989892855924462,1.9592617862805828,1.9276877549586469,1.895158234605256,1.861661023538515,1.8271842665572358,1.7917164915703128,1.7552466439226173,1.717764114439721,1.6792587888913069,1.639721093067068,1.599142030679761,1.5575132500386049,1.5148271032084117,1.4710766973189544,1.4262559806666926,1.380359826284346,1.333384109336291,1.2853258074004876,1.236183099544651,1.1859554967531476,1.1346439618808963,1.0822510491156105,1.028781065595718,0.9742402261605804,0.9186368554909411,0.8619815717150187,0.8042875155672531,0.7455705853165702,0.685849683495362,0.625147009379853,0.5634883447314506,0.5009033672939824,0.43742598797123966,0.37309470708753034,0.3079529789759259,0.24204959210422616,0.175439057735426
2.693467336683417,2.690231730122309,2.6871182340929676,2.6840796628934678,2.681076681121411,2.6780751534396416,2.67504457379398,2.6719570617427313,2.6687867043455165,2.665509101062359,2.6621010403064354,2.6585402617645273,2.6548052814855327,2.650875257276018,2.646729884512834,2.642349314467547,2.6377140895440685,2.632805089604667,2.627603491040254,2.622090731098843,2.6162484791007277,2.6100586123406266,2.6035031960321176,2.5965644667435783,2.5892248166378997,2.581466783672015,2.573273039963521,2.564626383252794,2.555509730242177,2.5459061099728895,2.535798658730311,2.525170616256164,2.5140053221520176,2.502286212809674,2.4899968199419593,2.4771207702051363,2.4636417824626733,2.4495436690250125,2.4348103353683865,2.419425781428012,2.403374102909251,2.3866394933461184,2.3692062466114936,2.3510587600410715,2.332181538162464,2.312559197036509,2.2921764693001245,2.271018209388828,2.249069400395064,2.2263151617708434,2.2027407558680503,2.178331598057698,2.1530732675335047,2.126951515840006,2.099952281074698,2.072061702484685,2.0432661317922713,2.013552152696475,1.982906600268936,1.9513165761094586,1.918769474871235,1.8852530098440443,1.8507552333245951,1.81526457253665,1.7787698632819875,1.7412603774072166,1.7027258713500935,1.6631566303585616,1.6225435056352675,1.5808779798428123,1.538152225184732,1.4943591537255851,1.449492502073332,1.4035469135433336,1.356518014208559,1.3084025116201303,1.2591982922409914,1.2089045500385174,1.1575219046036431,1.1050525387003078,1.0515003578582258,0.9968711429841698,0.9411727505137137,0.8844152936918126,0.8266113698664302,0.7677762933109801,0.7079283398986107,0.6470890385931924,0.585283455500955,0.5225405067580552,0.4588932954280763,0.3943794689739227,0.32904158514467163,0.26292749557823425,0.19609073884746706
2.7160804020100504,2.712911813515859,2.709860627013991,2.706880320410846,2.703932054018204,2.700982077250699,2.698000191521323,2.694958768052957,2.6918321038281747,2.6885959761955602,2.6852273263099096,2.6817040265053484,2.678004709095442,2.6741086346201968,2.6699955898618697,2.6656458078932777,2.6610399046796775,2.6561588265335527,2.6509838100431815,2.645496347148099,2.6396781569554744,2.633511162144348,2.626977469326785,2.6200593528268676,2.6127392392465527,2.6049996978656993,2.596823429247927,2.5881932568767447,2.579092120629293,2.5695030702870234,2.5594092605425875,2.5487939472861254,2.537640484078813,2.525932319142205,2.5136529939141736,2.5007861426735354,2.4873154898554315,2.473224851259097,2.4584981337664114,2.443119336601713,2.4270725526088937,2.410341970260128,2.392911876106516,2.374766657829505,2.3558908078845326,2.3362689277439457,2.315885732826606,2.2947260576030217,2.2727748623025446,2.250017240447218,2.2264384252461604,2.202023799496683,2.1767589061554933,2.1506294566783395,2.123621344922271,2.095720661433852,2.066913704527477,2.0371869993843106,2.006527317046186,1.9749216892451027,1.942357434395379,1.9088221826582894,1.8743038958820737,1.8387909028236804,1.8022719321356475,1.7647361392655982,1.7261731540975396,1.6865731243264017,1.6459267518568401,1.6042253571523717,1.5614609362514995,1.5176262101134346,1.4727147078912608,1.4267208477019186,1.379640011344656,1.33146864146677,1.2822043373669718,1.2318459817508822,1.1803938570212231,1.1278497809090375,1.0742172640242758,1.0195016603227884,0.9637103652196166,0.9068529945257378,0.8489416098016258,0.7899909490060382,0.730018669037514,0.6690456360758292,0.6070962078215525,0.5441985455864587,0.48038495069216813,0.4156922228637854,0.3501620271210358,0.2838412804736728,0.21678254893807117
2.7386934673366836,2.735590394090152,2.73260011209288,2.7296767494838687,2.7267819523408137,2.723882347135745,2.720948036616799,2.717951638662309,2.7148676560050506,2.711672040348698,2.7083418825561774,2.7048551849736446,2.701190693867718,2.6973277704669547,2.6932462911370023,2.688926569118647,2.6843492924670445,2.6794954726131284,2.6743464051337327,2.6688836355595527,2.6630889317811324,2.6569442609455667,2.6504317702264544,2.6435337709394737,2.6362327234282477,2.628511227661221,2.6203520120723347,2.6117379253680215,2.602651930133157,2.593077096473144,2.582996597120701,2.572393703795075,2.561251783744533,2.5495542967937883,2.5372847939248704,2.5244269169042037,2.510964395648878,2.496881049403328,2.482160786457922,2.466787605376345,2.4507455962396043,2.4340189426062566,2.4165919239049694,2.398448918415152,2.3795744068271327,2.359952976388941,2.3395693257252077,2.3184082698275486,2.2964547466138914,2.273693824297126,2.250110707636799,2.2256907476265706,2.2004194518377895,2.1742824925747617,2.1472657204829813,2.119355178534952,2.090537112866445,2.0607979914802983,2.030124522845791,1.9985036704087589,1.9659226780598171,1.9323690946895455,1.897830793706576,1.8622960075718018,1.8257533601319866,1.7881918929624094,1.7496011121153243,1.709971030662395,1.6692922043605094,1.6275557948571788,1.5847536256552766,1.5408782304993074,1.4959229352501686,1.4498819372732528,1.4027503788389784,1.3545244427413026,1.305201446483727,1.2547799671965945,1.2032599561054513,1.1506428722405375,1.0969318379307793,1.0421317871232705,0.9862496614125407,0.9292945866181255,0.871278096128289,0.812214359312445,0.7521204218572637,0.6910164948064437,0.6289262348728656,0.5658770555528875,0.5019004628168376,0.4370324141452324,0.3713136861402005,0.3047902639405106,0.23751374180401358
2.761306532663317,2.758267505639711,2.755336755065747,2.7524690461735517,2.749626501031796,2.74677611560799,2.7438882879579185,2.740935877690946,2.7378935891874074,2.7347375450316966,2.731444982811967,2.7279940322949723,2.7243635514272615,2.7205330001151347,2.716482342516045,2.712191970432819,2.7076426425637927,2.702815434149049,2.6976916985656345,2.6922530338537527,2.686481255700936,2.6803583748217528,2.673866578128736,2.6669882131781772,2.65970577336995,2.6520018887376255,2.6438593150195984,2.635260925633857,2.62618970541379,2.6166287443793688,2.6065612329421146,2.5959704583360756,2.5848398012281617,2.5731527328227757,2.5608928134673934,2.5480436922823113,2.534589104577077,2.520512872996967,2.5057989072418954,2.490431205262279,2.474393854470903,2.457671033655887,2.440247015316611,2.422106168575248,2.403232962655425,2.3836119709350694,2.3632278756570835,2.342065472807571,2.3201096785304776,2.297345536334576,2.2737582232056286,2.249333059084587,2.224055516988195,2.1979112309838884,2.1708860095097715,2.1429658490639807,2.1141369448040144,2.0843857088627242,2.05369878856057,2.0220630806028885,1.989465756033257,1.955894284288253,1.9213364523018979,1.8857803983631631,1.8492146438070582,1.8116281188107655,1.773010208261534,1.7333507934794137,1.6926402871627202,1.6508696954623725,1.6080306729088765,1.564115569854035,1.5191175129587402,1.473030483211859,1.4258493880270544,1.3775701553225557,1.3281898261034555,1.2777066775413626,1.226120335629233,1.1734319069674475,1.1196441321893034,1.06476153213178,1.0087906017392303,0.9517399842692702,0.8936206925618942,0.834446335157753,0.7742333543615665,0.7130013138358818,0.6507731768773629,0.5875756163843737,0.5234393496394273,0.45839949771920596,0.39249595355258093,0.32577377369311356,0.25828358207348057
2.78391959798995,2.780943181194893,2.778070620166854,2.7752573043252355,2.7724658221262883,2.7696635316023137,2.7668211201928594,2.7639116843979084,2.7609101262122904,2.757792735685425,2.75453689419803,2.751120856389621,2.747523589651795,2.7437246505916537,2.739704089397111,2.7354423748542875,2.7309203348825486,2.726119107244144,2.7210201019483304,2.7156049684817414,2.7098555693595228,2.7037539579787015,2.69728236018241,2.690423159029607,2.6831588803028983,2.675472183488335,2.667345851072678,2.6587627806828835,2.6497059789494486,2.64015855540439,2.630103717782707,2.6195247685239464,2.6084051014492986,2.596728198922549,2.5844776304801367,2.571637052463771,2.558190205486296,2.544120915548816,2.529413093760189,2.5140507375022665,2.498017931610525,2.4812988502409903,2.463877759150923,2.445739018542912,2.4268670864639184,2.407246522766332,2.3868619937128557,2.365698276745094,2.34374026675664,2.3209729831418446,2.297381575771551,2.272951334266346,2.247667697898775,2.221516263391798,2.1944827979561854,2.166553252689283,2.1377137729424303,2.1079507162563944,2.0772506701938043,2.04560046623,2.012987204200527,1.979398275864407,1.9448213836030888,1.909244573612047,1.872656266960039,1.835045284848946,1.7964008936134352,1.7567128456364087,1.7159714135866457,1.674167451375034,1.6312924480575555,1.587338574347304,1.5422987617273152,1.496166779113385,1.4489373036617264,1.400606013319344,1.351169677816914,1.3006262799128978,1.2489751262442559,1.1962169771891538,1.1423541982144234,1.087390903898316,1.0313331496709202,0.9741891036385558,0.9159692657183469,0.856686691409324,0.7963572275209589,0.73499979818422,0.6726366809901899,0.6092938156485658,0.545001137671392,0.47979293789844085,0.4137082307383882,0.3467911479477411,0.2790913451743484
2.806532663316583,2.8036174530393496,2.800801770163622,2.7980416156211763,2.795300034822165,2.792544740562916,2.789746703845512,2.786879253303422,2.783917484581919,2.7808378518379695,2.777617877362061,2.7742359381619095,2.7706711088772566,2.7669030408726925,2.762911868635275,2.7586781363826614,2.754182739857497,2.7494068780793732,2.744332016541939,2.738939855133629,2.7332123022447,2.7271314530850823,2.720679571634322,2.7138390757290374,2.7065925228728647,2.6989226014024155,2.6908121200064428,2.682244000027006,2.673201269448078,2.6636670569180323,2.6536245871459365,2.6430571774725378,2.6319482346130383,2.6202812518734886,2.6080398078050844,2.595207565839829,2.5817682718051076,2.5677057550122853,2.553003927977031,2.537646787554791,2.521618416091071,2.504902983243496,2.4874847482086206,2.4693480625001945,2.450477373270447,2.430857227181449,2.410472274906586,2.3893072757919755,2.3673471039910674,2.344576755358578,2.3209813532928276,2.296546157808289,2.271256575223901,2.245098165788933,2.2180566564433843,2.190117953931911,2.161268154944263,2.131493563677302,2.100780709294833,2.0691163595183353,2.036487544577496,2.0028815802908397,1.9682860863672071,1.9326890189422006,1.896078701016233,1.8584438471881526,1.819773607799072,1.7800576090529276,1.73928598655872,1.69744944518184,1.6545393119369194,1.6105475815849797,1.5654669943838355,1.5192911114084433,1.472014384084228,1.423632245218222,1.3741411984173983,1.3235389375008184,1.2718244555566833,1.2189981728833343,1.1650620862514203,1.1100199107811373,1.0538772694853813,0.9966418627053828,0.9383236850554627,0.8789352467984971,0.8184918071823198,0.7570116587388379,0.6945164011896356,0.6310312486410691,0.5665853619876764,0.5012122083047234,0.43494992901928675,0.36784173535574527,0.2999363172966044
2.829145728643216,2.8262903527270855,2.823530266390797,2.8208220696318174,2.818129255548376,2.8154198845286484,2.8126652054176837,2.8098387743078237,2.8069158765991418,2.8038731272564106,2.8006881866465574,2.7973395516838844,2.7938064020970415,2.790068482098176,2.786106008771972,2.7818996002426526,2.777430218702599,2.772679123185907,2.7676278335428264,2.7622580990372585,2.75655187299881,2.7504912915960897,2.7440586561649036,2.737236418607354,2.7300071674981186,2.722353619433103,2.71425860876631,2.705705080069705,2.696676082244817,2.6871547626674883,2.6771243626773344,2.6665682142169995,2.6554697366395312,2.6438124339793396,2.631579893630478,2.618755785985526,2.6053238619981363,2.5912679542439094,2.5765719766417745,2.5612199255605277,2.545195880939628,2.5284840080675233,2.5110685597559317,2.4929338790538345,2.4740644024928233,2.454444663870813,2.4340592986524268,2.412893048525658,2.3909307674009797,2.368157428153767,2.344558128336204,2.320118099053278,2.2948227144416258,2.268657499126554,2.241608140710955,2.213660502610053,2.1848006339696937,2.155014786862007,2.1242894333797335,2.092611278933038,2.059967285711909,2.026344695292884,1.9917310465509612,1.956114207551589,1.919482405378055,1.8818242503488445,1.843128779318063,1.8033854950134882,1.762584398895709,1.7207160499179608,1.6777716164227994,1.6337429208391423,1.5886225160832692,1.5424037595506959,1.4950808813902816,1.4466490740270261,1.3971045800212765,1.346444809653851,1.2946684482008561,1.2417755819561869,1.1877678454032847,1.1326485609510561,1.0764229262493172,1.0190981812308295,0.9606838228154555,0.9011918238459105,0.8406368639795297,0.7790366121534741,0.7164119981682325,0.6527875182728804,0.5881915661154393,0.5226567917645439,0.4562204695672891,0.3889248949326556,0.3208177953491298
2.851758793969849,2.848961911099124,2.846256168783792,2.8435987538657996,2.840953598031559,2.838289102216125,2.8355767874885776,2.8327904328072475,2.8299055094991457,2.8268987900943343,2.823748070251891,2.82043196437367,2.816929755155366,2.8132212777798498,2.8092868302574674,2.8051071031206023,2.8006631236618316,2.795936209708719,2.7909079343601833,2.7855600952473916,2.7798746897201343,2.7738338940666627,2.767420046212802,2.7606156314266808,2.753403268715643,2.7457657023541713,2.737685791834333,2.7291465044813994,2.720130909686196,2.7106221731698996,2.7006035525650147,2.6900583941217597,2.6789701295789596,2.667322273488706,2.6550984219183564,2.6422822520927984,2.6288575200042277,2.6148080614460856,2.6001177917356992,2.5847707067926993,2.568750884231151,2.5520424850952654,2.534629755982439,2.5164970316945148,2.4976287384089493,2.4780093973768884,2.4576236292247287,2.4364561584083875,2.4144918190798603,2.391715561681383,2.368112458529802,2.343667712500111,2.3183666662991538,2.2921948097574933,2.26513779205225,2.2371814342682486,2.2083117390988884,2.1785149076824153,2.147777356337748,2.1160857295734607,2.083426923070777,2.0497881058250402,2.0151567376758295,1.979520600565132,1.9428678277645428,1.9051869275861675,1.8664668258520911,1.826696904462268,1.785867033582742,1.7439676293275927,1.7009897046734594,1.656924913271171,1.6117656245108034,1.5655049961994498,1.5181370415914448,1.4696567174144108,1.4200600101852483,1.369344051974472,1.317507225911129,1.264549290291452,1.2104715236571253,1.1552768623956802,1.0989700858011795,1.0415579807201152,0.9830495539684994,0.9234562487880454,0.8627921732453665,0.8010743807483668,0.7383231392246228,0.6745622349580787,0.6098193019223281,0.5441261802033883,0.4775192833111715,0.41003999598347235,0.3417350869112051
2.8743718592964824,2.871632158299775,2.8689795359112242,2.8663717538187012,2.863773173360914,2.861152529100622,2.8584816088115774,2.8557344098061153,2.8528865855774526,2.8499150630351133,2.8467977703946343,2.8435134371685846,2.84004144693488,2.8363617240030896,2.8324546456665516,2.8283009733937337,2.8238817982516604,2.8191784956619315,2.8141726908838742,2.8088462289256926,2.803181150254628,2.7971596704545947,2.7907641632889697,2.7839771467050443,2.776781269515958,2.769159303104511,2.761094131583119,2.7525687445622764,2.7435662315014486,2.734069776091716,2.7240626519266438,2.7135282192746555,2.702449922012385,2.690811285002163,2.6785959128174714,2.6657874893887246,2.6523697756595555,2.6383266105945613,2.6236419109033973,2.6082996720918614,2.5922839695261586,2.5755789601270784,2.558168884443057,2.5400380692401936,2.5211709306009698,2.5015519775386377,2.4811658162021852,2.459997154230516,2.438030806489333,2.415251701520229,2.3916448870003544,2.3671955382375076,2.3418889672429515,2.3157106298617345,2.2886461377347804,2.2606812705919124,2.2318019857399505,2.201994434546452,2.171244978823949,2.1395402035570683,2.1068669394147594,2.0732122844350593,2.0385636211810505,2.002908647375798,1.9662354045397357,1.928532301204794,1.8897881545653723,1.8499922282883716,1.8091342640425465,1.767204538116338,1.7241939113643154,1.680093872148017,1.6348966100789308,1.5885950873968513,1.541183104771772,1.4926553878454107,1.4430076720203369,1.3922368164109762,1.3403409075918002,1.2873193817981556,1.2331731679098845,1.1779048229234939,1.1215187147342844,1.0640211843857394,1.0054207561572435,0.9457283515048822,0.8849575149245288,0.8231246924113932,0.7602494981561221,0.6963550165017324,0.6314681295042937,0.565619874538694,0.4988458108404782,0.4311864180242778,0.3626875101788847
2.8969849246231156,2.8943011237925336,2.891700425006667,2.8891411530205966,2.886588090051458,2.884010297494902,2.8813798244084774,2.878670882026601,2.8758593023144123,2.872922163431202,2.8698375234614044,2.866584224693271,2.8631417495388045,2.8594901096227496,2.8556097599077903,2.851481531352482,2.847086577496116,2.8424063301762907,2.837422465743967,2.832116875611946,2.8264716424784675,2.82046902041402,2.814091418280707,2.807321386030591,2.8001416016671206,2.7925348631215074,2.7844840786181773,2.775972259593208,2.76698251516158,2.7574980466154977,2.7475021431835462,2.7369781788679215,2.725909609439182,2.7142799698656965,2.7020728730622876,2.6892720095396476,2.6758611451064107,2.661824121851429,2.6471448578695083,2.631807348285908,2.615795666293522,2.5990939648065727,2.5816864784849205,2.5635575262642964,2.5446915143842497,2.5250729399207694,2.5046863948968157,2.4835165705386686,2.4615482628859575,2.4387663790988006,2.4151559427955442,2.390702102363341,2.365390139834258,2.339205477857584,2.312133691406403,2.2841605198078856,2.255271876023167,2.2254538627853178,2.1946927886388004,2.162975180390588,2.1302878051601706,2.096617691616054,2.061952146765077,2.026278785974622,1.9895855610304696,1.9518607828636967,1.913093162395604,1.8732718476021428,1.832386454396323,1.7904271221958403,1.747384562915548,1.7032501030520337,1.6580157561187563,1.6116742927399812,1.564219305240063,1.5156452927132766,1.4659477443028355,1.4151232513471632,1.3631696093853054,1.3100859384572363,1.255872823993511,1.200532450167918,1.1440687803803602,1.0864877171114204,1.027797309642399,0.9680079654487869,0.9071326734879275,0.8451872805003634,0.7821907551521629,0.7181654879882345,0.6531376170731933,0.5871373845717565,0.5201995023074405,0.452363550700532,0.3836743939066451
2.919597989949749,2.916968836375608,2.9144188919996457,2.9119070330824215,2.909398454105653,2.9068625366259635,2.904271585661195,2.901600022015111,2.8988238524962373,2.8959203034394982,2.892867560158308,2.8896445754229543,2.8862309284677212,2.8826067164531954,2.8787524704264906,2.8746490894160805,2.8702777881546693,2.8656200537389993,2.8606576125621723,2.855372401486757,2.8497465445716395,2.8437623335795403,2.837402211745956,2.830648760365664,2.823484686028206,2.8158928126635403,2.8078560721090478,2.7993574971751065,2.7903802162265516,2.7809074477945273,2.770922496422342,2.7604087495664342,2.7493496746514734,2.737728816550913,2.725529796358539,2.712736311041642,2.699332131188142,2.685301101964105,2.6706271428412838,2.655294248595769,2.639286490318839,2.622588017031194,2.605183057659705,2.587055923509281,2.5681910112216983,2.54857280622831,2.528185886768276,2.5070149280492764,2.4850447077334543,2.462260112105656,2.4386461412919607,2.4141879173896053,2.3888706931504844,2.3626798587989004,2.335600953487768,2.307619677071476,2.278721899181997,2.248893675027766,2.21812126109505,2.1863911273288266,2.1536899787290094,2.1200047761470207,2.0853227527158564,2.049631443269992,2.012918711833908,1.9751727738711513,1.9363822363356606,1.896536134002774,1.855623959716481,1.8136357189208747,1.7705619777127783,1.7263939040844885,1.6811233390656322,1.6347428655479295,1.5872458716777482,1.5386266344676054,1.4888804015822024,1.4380035016896193,1.385993444738628,1.332849040366981,1.2785705366994986,1.223159751591237,1.1666202507934027,1.1089575054167122,1.0501790972492762,0.9902949275745176,0.9293174378481368,0.8672618837463746,0.8041465966885445,0.7399932816700191,0.674827340844167,0.6086782288786089,0.5415798173268698,0.4735707937021509,0.40469507734444354
2.942211055276382,2.939635324197078,2.937134991545874,2.934669473741187,2.9322043690734643,2.9297093727097887,2.927157040401033,2.924521998245865,2.921780424332694,2.9189096901529057,2.915888105656123,2.9126947318419822,2.9093092427911986,2.9057118194527165,2.9018830674016063,2.8978039523416386,2.8934557489431687,2.8888199984261784,2.883878476195499,2.878613163626054,2.87300622528295,2.8670399898413765,2.8606969341982316,2.853959670341155,2.846810932852704,2.839233571122056,2.8312105401096685,2.822724893557212,2.8137597786810993,2.8042984308957664,2.794324169744646,2.7838203958637573,2.7727705880961246,2.7611583010225704,2.7489671637558937,2.736180879597896,2.7227832238308407,2.708758044650886,2.69408926289759,2.6787608730274224,2.6627569440990135,2.646061621348917,2.6286591281219733,2.610533768286186,2.59166992912404,2.5720520847071247,2.5516647998241333,2.5304927340481043,2.508520647100967,2.4857334048858926,2.4621159845892593,2.4376534826337126,2.4123311231730833,2.3861342647589647,2.359048411551605,2.3310592248405486,2.3021525319213514,2.2723143415619322,2.2415308593724603,2.2097884997216375,2.177073906887487,2.143373975422232,2.108675866230368,2.072967035396616,2.0362352611151997,1.9984686654703412,1.9596557537063912,1.919785449837536,1.8788471262715436,1.8368306573191684,1.7937264663210604,1.7495255660630007,1.7042196286393314,1.6578010530240372,1.6102630272825735,1.5615996107389094,1.511805814286024,1.4608777089526863,1.4088125244680019,1.3556087657873297,1.3012663498028307,1.2457867344884306,1.1891730947338706,1.1314304774223172,1.0725660043152963,1.0125890782703741,0.9515116012760403,0.8893482461582803,0.8261167154225655,0.761838036856762,0.6965368849229203,0.6302419347000429,0.562986224874234,0.4948075566756175,0.425748910170477
2.9648241206030153,2.962300614769708,2.9598487770567803,2.9574285529040876,2.955005936110916,2.9525509290241825,2.9500363329956145,2.9474369752217267,2.9447292015716013,2.9418905257282715,2.9388993797314256,2.935734930597874,2.932376945314483,2.9288056869025803,2.9250018339368484,2.920946417427015,2.916620770748151,2.9120064881283017,2.907085392972477,2.9018395102477617,2.896251044186807,2.890302359611918,2.8839759663825943,2.8772545065415405,2.870120742082267,2.8625575473236564,2.854547899868446,2.8460748739547643,2.8371216352596433,2.8276714357316286,2.8177076096053217,2.8072135704265007,2.7961728082248154,2.784568887093977,2.77238544400828,2.7596061884835716,2.7462149004123253,2.7321954309736554,2.7175317023649215,2.702207708750797,2.686207517223618,2.669515269341648,2.6521151830141796,2.6339915548607813,2.615128763036661,2.595511270530991,2.5751236290067054,2.5539504827763677,2.5319765740479756,2.5091867488243507,2.4855659618911377,2.4610992845967155,2.435771913162483,2.409569175201571,2.3824765406893986,2.354479633237216,2.3255642387736994,2.295716320685253,2.264922034860912,2.233167741349564,2.200440025073553,2.1667257157699735,2.1320119037238965,2.0962859680146213,2.0595356028956964,2.0217488391159706,1.9829140824208984,1.9430201484529874,1.9020562917635493,1.860012258314261,1.8168783316924735,1.7726453727131473,1.727304888018981,1.680849096413498,1.6332709899082558,1.5845644144597637,1.5347241488221697,1.4837460113412198,1.431626956821986,1.3783651911831107,1.3239603060853844,1.2684134059909367,1.2117272816532338,1.1539065628161107,1.0949579186384824,1.0348902612905027,0.9737149613186976,0.9114461169283111,0.8481008100890945,0.7836993998051474,0.718265841193026,0.6518280378309171,0.5844182031821018,0.5160732591333486,0.44683525241990063
2.9874371859296485,2.9849647349854265,2.9825603007283243,2.980184346691531,2.977803254037163,2.975387325979718,2.9729096044335113,2.9703451135723076,2.967670363610194,2.9648630075107616,2.961901596903726,2.958765402650959,2.955434282740364,2.9518885805808366,2.948109046246142,2.944076774707615,2.939773156834681,2.935179838768756,2.930278690922123,2.9250517809508536,2.919481351932024,2.913549804083942,2.9072396795429385,2.9005336497808996,2.8934145036311096,2.885865139822534,2.8778685581283647,2.8694078528564466,2.860466207760694,2.851026890980983,2.841073251139725,2.830588714427426,2.8195567818326377,2.8079610267707062,2.7957850939223388,2.783012698898608,2.769627626118915,2.7556137296982297,2.7409549331809258,2.725635230466071,2.7096386867435642,2.6929494399958407,2.675551702838815,2.657429764826817,2.6385679952135295,2.6189508461757516,2.5985628565669825,2.5773886558039703,2.5554129689963685,2.53262062271604,2.508996549873627,2.4845257973289594,2.459193534020577,2.4329850573398257,2.4058858038659605,2.377881360397615,2.348957472443481,2.319100059042925,2.2882952274923047,2.256529284748575,2.2237887577138284,2.1900604127610284,2.155331271129399,2.11958863659914,2.082820121332066,2.0450136667422076,2.0061575812406027,1.9662405744384481,1.925251785558219,1.8831808349416492,1.840017869367533,1.79575360085445,1.7503793740129454,1.7038872311564865,1.6562699722002492,1.6075212339826523,1.5576355676782263,1.5066085438312078,1.4544368475429617,1.40111839126624,1.3466524473588026,1.2910397730703589,1.2342827816788857,1.1763856928198768,1.1173547304269362,1.0571983236883657,0.995927319718442,0.9335552503388739,0.8700985853976265,0.8055770236092707,0.7400138092033467,0.6734360825088902,0.6058752396351247,0.5373673303605276,0.4679534744097578
3.0100502512562817,3.007627711129446,3.0052696135691117,3.0029369294790818,3.000596419390109,2.998218681188838,2.995776992406637,2.9932465701494353,2.9906040856034295,2.987827328154779,2.9848949665687483,2.981786373419749,2.9784814958263723,2.974960755931061,2.971204973833626,2.9671953071473545,2.962913203047972,2.9583403585158123,2.9534586899959487,2.948250306947072,2.942697490482934,2.936782675480792,2.9304884356809113,2.9237974713702397,2.916692597661397,2.9091567371835905,2.901172911417501,2.8927242343219315,2.8837939073510945,2.874365214499746,2.864421518480285,2.853946257867664,2.8429229443855943,2.831335160583011,2.8191665586943935,2.806400860308877,2.793021854290394,2.7790133976427587,2.7643594152458535,2.749043900757789,2.7330509175274917,2.716364600060764,2.6989691558181486,2.6808488674668274,2.661988095578637,2.6423712817809655,2.6219829524260594,2.6008077223902704,2.5788303000900967,2.556035493124217,2.5324082130411156,2.5079334827835633,2.482596444641173,2.4563823664830533,2.429276652262259,2.4012648528101344,2.3723326741401762,2.3424659919552493,2.3116508660616084,2.2798735515242132,2.24712051853025,2.213378471507193,2.1786343641872574,2.142875426720638,2.10608919098654,2.0682635110221703,2.0293866000232854,1.9894470638619073,1.9484339289080317,1.9063366925583354,1.8631453676705239,1.8188505205808083,1.7734433372236966,1.7269156870368343,1.679260181727621,1.6304702531944932,1.5805402295181792,1.5294654382481945,1.4772422999269816,1.4238684390367953,1.3693428144867419,1.3136658425420014,1.256839565599285,1.1988678001566215,1.1397563322491624,1.0795131157512414,1.0181484823330895,0.9556754056704212,0.8921097519302347,0.8274705680916139,0.7617803960555405,0.695065621302573,0.6273568306635935,0.5586892093194767,0.4891029566602317
3.032663316582915,3.0302895688940783,3.027976765427861,3.025686373938413,3.02338552648066,3.021045109533228,3.01863863139052,3.01614149812011,3.013530538569411,3.0107836757416044,3.0078796931280354,3.004798062922253,3.0015188195375306,2.998022462226267,2.9942898796684356,2.9903022908240273,2.9860411980090444,2.9814883479882743,2.9766257022832856,2.971435411285626,2.9658997933531466,2.960001317298884,2.95372258780684,2.947046333376521,2.939955394850053,2.9324327182566883,2.9244613463303812,2.916024412270029,2.9071051348606125,2.897686813621582,2.8877528250629716,2.8772866198886122,2.8662717203375743,2.8546917179075297,2.8425302722365315,2.8297711107762886,2.8163980267537814,2.8023948800147953,2.787745596762565,2.77243417043743,2.7564446626065195,2.739761204395057,2.722367998242191,2.7042493201011135,2.6853895220756026,2.6657730354997224,2.6453843745247427,2.6242081398330526,2.602229023543069,2.5794318147267608,2.555801404070753,2.5313227911583867,2.505981092249038,2.47976154637243,2.4526495256071494,2.424630545642714,2.3956902739006525,2.365814543734484,2.334989368537648,2.3032009526557533,2.2704357108370075,2.236680286950393,2.2019215687259543,2.1661467143165267,2.1293431770888116,2.0914987256194655,2.052601479963601,2.0126399444988365,1.9716030351686642,1.9294801290462165,1.8862611078991647,1.841936395435777,1.7964970222080554,1.7499346883266034,1.70224182111137,1.6534116516281507,1.6034382892766255,1.552316823343774,1.5000434148822155,1.4466154058231968,1.3920314474067037,1.336291621068432,1.2793976048495272,1.2213528190186542,1.1621626189854308,1.1018344909359445,1.0403782590574548,0.9778063471106003,0.9141340260406428,0.8493796996948376,0.7835652162919229,0.7167162149994053,0.6488624816359065,0.5800383445519449,0.5102830898126337
3.0552763819095476,3.0529503333922197,3.05068180502019,3.048432751077225,3.046170667445581,3.0438667232294043,3.041494652722431,3.039030047056956,3.0364498894919216,3.033732233893769,3.0308559761149105,3.027800685913265,3.0245464831947078,3.021073942728044,3.0173640203543615,3.0133979951091905,3.009157423304542,3.0046241004549343,2.9997800322200954,2.994607409071046,2.9890885858321354,2.9832060645427148,2.9769424801828595,2.970280588873588,2.9632032566471724,2.9556934524422345,2.947734239800421,2.9393087707576475,2.9304002810671097,2.9209920854489444,2.9110675739238907,2.9006102090737427,2.889603523437045,2.8780311172785304,2.865876657492058,2.853123877278108,2.839756574146172,2.8257586107373105,2.8111139145653623,2.795806478874701,2.779820363507643,2.763139696301857,2.7457486748051876,2.7276315684252115,2.7087727210057313,2.6891565538368982,2.668767569161602,2.6475903538059686,2.6256095839755687,2.6028100306511335,2.5791765641455124,2.5546941612267497,2.529347912727817,2.5031230295056277,2.4760048524982508,2.4479788630594674,2.419030690901013,2.3891461279913977,2.3583111423638328,2.3265118887905496,2.2937347278279443,2.2599662441425545,2.2251932609338243,2.189402865954182,2.152582435789704,2.1147196554318675,2.075802553826127,2.035819536053961,1.9947594100088286,1.952611435009329,1.9093653645086035,1.865011482582661,1.8195406676327504,1.7729444539264982,1.7252150881491013,1.6763456045708276,1.6263298982503955,1.5751628248700136,1.5228402909858352,1.4693593613213192,1.4147183851512677,1.3589171151628832,1.3019568714971432,1.2438406850362327,1.184573487779969,1.1241623058055674,1.0626164637459803,0.9999478436644991,0.9361711297542569,0.8713040913742539,0.8053678917835742,0.7383874324931783,0.6703917067499068,0.6014141940793061,0.5314932745441623
3.077889447236181,3.075610029170528,3.07338477995479,3.071176130278211,3.0689519322990684,3.066683631892689,3.0643451846775345,3.0619123630263148,3.059362301420229,3.0566731818863384,3.0538240103169945,3.050794452017857,3.0475647106188135,3.0441154348412023,3.040427646294645,3.036482682842841,3.032262153671015,3.0277479020281675,3.022921976791571,3.017766607674507,3.012264185204994,3.0063972439527467,3.0001484485586194,2.9935005821853995,2.9864365355264657,2.97893929994853,2.970991959363869,2.962577684250028,2.953679726972743,2.944281417134941,2.934366157986484,2.9239174237408245,2.912918757023975,2.9013537666892044,2.889206126740841,2.8764595760160283,2.863097916227194,2.8491050127642037,2.8344647944382144,2.819161254318133,2.8031784505763446,2.7865005078530745,2.769111618931198,2.750996046836418,2.7321381273551104,2.7125222719764475,2.692132971320069,2.6709547986850444,2.6489724147397653,2.626170572798489,2.602534123276479,2.5780480206574623,2.552697330937363,2.526467237450995,2.499343050712515,2.4713102185271563,2.4423543337584914,2.4124611479320723,2.38161658474935,2.3498067505290834,2.3170179528549175,2.2832367185167164,2.248449807622338,2.2126442390858165,2.1758073144070322,2.1379266368275585,2.0989901461713565,2.058986150376375,2.0179033516138687,1.9757308939652887,1.9324584052900606,1.88807603296973,1.8425745064255805,1.7959451975023701,1.748180175936297,1.6992722831695628,1.6492152041877801,1.5980035656519875,1.5456330245395056,1.4921003736326888,1.4374036658688618,1.381542331192612,1.3245173382282367,1.2663313352468748,1.2069888379940898,1.1464964199673464,1.0848629141365893,1.022099669066111,0.9582207906692898,0.8932434224911316,0.8271880516188745,0.7600788506714127,0.6919440289233314,0.6228162253009479,0.5527329214797501
3.100502512562814,3.098268680222287,3.096085736758954,3.093916579337056,3.091729408983004,3.0894959425995094,3.0871903525430144,3.084788588673982,3.0822679335661993,3.079606694755155,3.0767839858953177,3.0737795658611136,3.070573720270901,3.0671471702639588,3.063481001852003,3.059556610502992,3.055355657173761,3.0508600318517654,3.0460518257286853,3.0409133069387964,3.0354269009655317,3.0295751742263435,3.023340820399765,3.016706649121757,3.009655575227946,3.0021706120411142,2.9942348634155094,2.985831517882498,2.9769438440714757,2.967555186156287,2.9576489603396263,2.9472086522248566,2.9362178143172906,2.9246600638833398,2.9125190818948803,2.8997786127153127,2.8864224621814145,2.87243449838564,2.857798651422702,2.842498914205301,2.8265193432887616,2.809844060203167,2.7924572530891223,2.7743431787497226,2.75548616511109,2.735870614098062,2.715481004984907,2.694301897864592,2.6723179382346762,2.649513862157289,2.625874500614709,2.6013847863245165,2.576029761020838,2.5497945811516236,2.5226645275068122,2.494625015111834,2.465661600823679,2.435759996645236,2.404906082951098,2.3730859187009914,2.3402857596973874,2.306492076149639,2.2716915664811816,2.235871182295458,2.1990181516638945,2.1611199978741418,2.1221645735748313,2.08214009166818,2.04103515088329,1.9988387825310825,1.9555404915442625,1.911130291490672,1.8655987659222806,1.8189371276179003,1.7711372729842498,1.7221918545338795,1.672094351375408,1.6208391656584458,1.5684217096234871,1.5148385093017531,1.4600873268440497,1.4041672753821888,1.3470789783339276,1.2888247080653021,1.2294085711602145,1.1688366960116119,1.1071174317757326,1.0442616016910007,0.9802827418589767,0.9151973787068558,0.8490253319925057,0.7817900543026646,0.7135189796834803,0.6442439148909934,0.5740014511011784
3.1231155778894473,3.1209263099999904,3.118784720903514,3.1166541644995225,3.1145031834159758,3.1123037599481385,3.1100302786903162,3.1076588633087114,3.1051669413988248,3.1025329434021494,3.0997360885001797,3.0967562271942723,3.0935737253883375,3.090169375133885,3.086524325504065,3.0826200283703455,3.0784381953804645,3.073960762283258,3.0691698616989185,3.064047799377171,3.058577035022973,3.0527401662320344,3.046519915109484,3.0398991172068444,3.032860710993171,3.025387731284422,3.017463301456443,3.0090706277140895,3.000192994608231,2.9908137605777125,2.980916354506985,2.9704842731520817,2.959501078693245,2.947950396637741,2.9358159147844796,2.9230813829144138,2.909730610911093,2.8957474695236334,2.881115890116111,2.865819865463108,2.849843450553833,2.8331707638928227,2.815785989097601,2.79767337690357,2.778817247568573,2.7592019936836434,2.73881208344851,2.7176320640629537,2.6956465662109945,2.672840309106828,2.649198104753072,2.624704864606845,2.599345606701973,2.5731054612196957,2.5459696799089317,2.5179236457660576,2.488952880463491,2.459043057380511,2.428180014546736,2.3963497646324194,2.363538512823568,2.3297326740162334,2.2949188863254237,2.259084035538303,2.222215277919659,2.184300058560682,2.1453261448396512,2.1052816566868695,2.0641550916224105,2.0219353706033902,1.9786118782498214,1.93417449714043,1.8886136680092145,1.8419204478635702,1.794086563334747,1.7451044818356531,1.6949674807228063,1.643669742070636,1.5912064381493551,1.5375738333522189,1.482769404517315,1.4267919538166849,1.369641765697057,1.3113207432539664,1.2518325909367412,1.191182999451784,1.1293798419445875,1.0664334244701366,1.0023567217748648,0.9371656518779389,0.8708793760949484,0.8035206359238124,0.735116099056188,0.6656967486934751,0.5952982936536181
3.1457286432160805,3.143582941427616,3.1414817768271823,3.1393889504976253,3.1372733395410757,3.1351071861178865,3.132865082645504,3.130523322983512,3.128059476736231,3.1254520946978124,3.122680499383834,3.1197246310173847,3.1165649341171715,3.1131822701697236,3.1095578499943928,3.1056731806882376,3.1015100235298,3.097050359070911,3.092276360491375,3.087170370366321,3.0817148819025038,3.0758925232173544,3.0696860442433627,3.0630783059008304,3.0560522697933052,3.0485909917760323,3.0406776143342396,3.032295360973309,3.0234275318300066,3.014057499308125,3.004168704707952,2.9937446557053966,2.982768923955023,2.9712251430357366,2.9590970074353646,2.9463682722454103,2.933022751319636,2.9190443180182197,2.90441690496002,2.889124504798485,2.8731511710058015,2.856481019142947,2.839098228420158,2.8209870436558537,2.802131777626513,2.782516813813969,2.762126609607388,2.7409456996184742,2.718958700066181,2.696150313711085,2.672505334018477,2.6480086516785386,2.622645261572885,2.5964002682214935,2.569258894999367,2.541206493607023,2.5122285513352143,2.48231070381792,2.451438747699192,2.419598650405047,2.3867765676434822,2.3529588602361353,2.318132107335094,2.2822831303727735,2.245399015393943,2.207467131013057,2.168475161202631,2.1284111349417127,2.0872634507283956,2.045020921533669,2.0016728142267817,1.9572088831666163,1.9116194292620774,1.8648953569820785,1.8170282266716493,1.7680103244063303,1.7178347298447727,1.6664954093493958,1.6139872999114353,1.5603064093225427,1.5054499345044143,1.4494163724448241,1.3922056747792158,1.3338193818942115,1.27426080306381,1.213535198665454,1.1516499735864651,1.088614924804957,1.0244424741512552,0.9591479399519857,0.8927498340025956,0.8252701957274771,0.7567349354542827,0.6871742216161824,0.6166228890498525
3.1683417085427137,3.1662385969126365,3.1641769479603234,3.162121000584945,3.1600399593725226,3.1579063209268137,3.1556948811578343,3.153382100574848,3.1509456878352586,3.1483643115809254,3.145617395510123,3.1426849676985986,3.139547549640821,3.1361860708092273,3.1325818024792054,3.1287163058179956,3.1245713906951624,3.1201290815255653,3.1153715911964692,3.1102812983336356,3.1048407289398394,3.09903254101046,3.092839511717782,3.086244526814767,3.0792305705502616,3.07178071937377,3.063878134475733,3.055506056296358,3.046647800229238,3.037286752348847,3.027406366110473,3.016990159881504,3.0060217145939303,2.994484671732133,2.982362732337112,2.9696396567056267,2.956299262586126,2.9423254259046,2.927702080519771,2.9124132189798866,2.8964428932874386,2.879775216139313,2.862394362450973,2.8442845712704856,2.825430148074978,2.8058154674559206,2.7854249762492342,2.7642431967760595,2.742254731130169,2.7194442660032223,2.69579657675481,2.6712965337898478,2.645929109372767,2.6196793829533878,2.5925325501842065,2.5644739321859404,2.5354889826519433,2.5055633003289532,2.4746826414128993,2.4428329291070447,2.41000027075416,2.3761709743126644,2.3413315612873946,2.3054687901854667,2.2685696783837836,2.2306215197028076,2.1916119165342764,2.151528808884298,2.110360498370795,2.0680956922981144,2.02472354229543,1.9802336772165947,1.9346162610806772,1.8878620489902596,1.8399624384294078,1.7909095378315207,1.7406962331415627,1.6893162793004906,1.6367643826369238,1.583036299300528,1.5281289516152463,1.4720405370820273,1.414770680608016,1.3563205663579894,1.2966931153198822,1.2358931648364797,1.1739276592353487,1.1108058944836035,1.0465397479107454,0.9811439468645736,0.914636362568468,0.8470383414495855,0.7783750455655747,0.7086758375232545,0.6379746867722921
3.190954773869347,3.1888932983577276,3.1868702767481394,3.184850376571055,3.182803123041105,3.180701261887956,3.178519788266529,3.1762353258597305,3.17382571947864,3.171269753155579,3.1685469496610943,3.1656374230901343,3.162521770305165,3.159180987343106,3.155596404669933,3.151749636389847,3.1476225399436735,3.143197182687482,3.1384558163803495,3.133380854938949,3.1279548564700406,3.1221605082157455,3.1159806140120687,3.1093980839190203,3.1023959243511454,3.0949572319159064,3.08706518611271,3.0787030439580425,3.0698541357796665,3.0605018610341794,3.0506296850760446,3.040221136740067,3.0292598060424436,3.0177293422098788,3.0056134527031673,2.992895902920727,2.9795605144312147,2.9655911656815577,2.9509717917551233,2.9356863851099035,2.9197189963243217,2.9030537353082173,2.8856747727916146,2.867566342194908,2.848712741873126,2.8290983377406165,2.808707566330897,2.7875249379646627,2.7655350409420434,2.7427225462611093,2.719072211596954,2.694568887539349,2.6691975242578283,2.6429431767091747,2.6157910134594777,2.5877263257489966,2.5587345344397523,2.528801202229523,2.4979120457821153,2.4660529450763025,2.43320996017732,2.399369347364482,2.3645175717818643,2.328641330409321,2.291727573474291,2.253763521649756,2.214736697532838,2.1746349540934817,2.133446498166831,2.091159933662736,2.0477642994305856,2.003249101480429,1.9576043698199785,1.910820713297676,1.8628893698986637,1.8138022740430977,1.7635521218770065,1.712132461138316,1.6595377720347857,1.6057635639571104,1.5508064898723013,1.494664453413416,1.4373367587646662,1.3788242402801856,1.3191294374791818,1.2582567718981423,1.1962127349456233,1.1330061295983869,1.0686482970709485,1.0031533824371444,0.9365386253136487,0.8688246882572188,0.8000359942405447,0.7302011091267273,0.6593531457730237
3.21356783919598,3.2115470671722437,3.2095618046733456,3.2075771388551613,3.205562908838542,3.2034921042641784,3.2013399153658955,3.1990831255908585,3.196699713059933,3.194168574785656,3.1914693305407966,3.188582178641144,3.1854877897402116,3.1821672250452755,3.178601872971798,3.174773399449577,3.170663708490662,3.1662549094883996,3.161529292254287,3.1564693052510004,3.1510575380107912,3.1452767064036875,3.1391096403646594,3.1325392737454925,3.125548634656278,3.1181208394347313,3.1102390855007775,3.10188664609568,3.093046866165035,3.083703158264621,3.0738389993971986,3.0634379286452065,3.0524835449194536,3.040959505028803,3.028849522722808,3.0161373683996393,3.0028068673747415,2.988841900571503,2.974226404282456,2.9589443708893457,2.9429798495905226,2.9263169475834863,2.908939831519085,2.8908327293288862,2.871979932418455,2.852365798232815,2.8319747532476263,2.8107912960660673,2.788800001518027,2.765985525274197,2.742332607736214,2.7178260801375727,2.6924508710627775,2.6661920115390556,2.6390346436672525,2.6109640294901983,2.5819655577868836,2.5520247560250993,2.521127302231575,2.4892590341361784,2.4564059655897714,2.422554302350195,2.3876904544587028,2.3518010587351883,2.3148729997429784,2.276893426618586,2.2378497839126235,2.197729839454899,2.156521707351583,2.114213890343656,2.0707953169114792,2.026255372829782,1.9805839569174835,1.9337715348219364,1.8858091883289816,1.8366886814088366,1.7864025242545771,1.7349440615479566,1.6823075518434216,1.6284882625793125,1.5734825825286658,1.5172881269967307,1.4599038853717945,1.40133034853149,1.3415696812699418,1.2806258964773012,1.2185050402229327,1.1552154304644313,1.0907678806523484,1.0251759622758827,0.9584562923194322,0.8906288586367718,0.8217173543797855,0.7517495578771172,0.6807577343720156
3.2361809045226133,3.234199924283391,3.232251572278278,3.230301346458888,3.22831939326072,3.2262789411216173,3.2241553712687354,3.221925623569774,3.2195678066661713,3.2170609281867484,3.2143847028762256,3.21151941150745,3.2084457969783955,3.205144984299457,3.20159841861847,3.1977878166010036,3.193695127849722,3.1893025029089226,3.1845922688391384,3.1795469079187373,3.174149040440289,3.1683814102950776,3.1622268729634255,3.155668385583799,3.148688997500978,3.1412718443636893,3.1334001411316073,3.1250571769262057,3.1162263110008017,3.106890968732949,3.0970346385277,3.0866408694995635,3.0756932692679473,3.064175502066661,3.052071287805297,3.039364401781571,3.026038672985348,3.0120779847724277,2.9974662746288017,2.9821875348730877,2.9662258133660013,2.949565214665148,2.9321899014454895,2.9140840962848986,2.8952320838076266,2.875618213191886,2.855226901093899,2.83404263467526,2.8120499756111035,2.789233564602065,2.765578125177471,2.741068469662435,2.7156895055541894,2.689426240500589,2.6622637907438262,2.6341873897964114,2.6051823950852646,2.5752342996483097,2.5443287437497806,2.512451523824055,2.479588608546813,2.4457261542861573,2.4108505172105272,2.374948275317076,2.338006248958009,2.300011517309609,2.26095144858678,2.220813727335254,2.1795863769432495,2.137257801162832,2.0938168204673913,2.0492527029529435,2.0035552190171004,1.956714694100882,1.9087220570288341,1.8595689048196997,1.809247565491504,1.7577511847456886,1.7050738038771702,1.6512104531024188,1.596157262085621,1.5399115632652,1.4824720370815545,1.4238388371918487,1.3640137603334785,1.3030004178395793,1.2408044179562028,1.1774336015395426,1.1128982625873494,1.0472114076716514,0.9803890401202792,0.9124504822825312,0.8434187068213376,0.7733207138532132,0.7021879301536805
3.2587939698492465,3.2568518901471655,3.2549396191864925,3.253023057058294,3.2510726510498706,3.2490618633817974,3.246966262268165,3.2447629407181413,3.2424301351583784,3.239946961515668,3.237293227515588,3.2344492946583254,3.231395976569638,3.22811446072228,3.2245862478029803,3.2207931041444566,3.2167170239785117,3.2123401981314066,3.207644990125084,3.202613915337657,3.197229624169957,3.1914748879398673,3.1853325871304063,3.1787857016716474,3.171817301691354,3.1644105417383432,3.1565486539388297,3.1482149429567583,3.1393927820491774,3.1300656091434678,3.1202169238057635,3.109830284971243,3.0988893087854357,3.0873776667527975,3.075279084816551,3.0625773430754193,3.0492562741223956,3.0352997637020764,3.020691750478017,3.0054162267179896,2.9894572389860112,2.9727988892700634,2.9554253363696326,2.9373207976404268,2.9184695510891756,2.898855937824658,2.8784643649161232,2.8572793083527026,2.8352853169625556,2.8124670168249306,2.788809114988347,2.7642964053067334,2.7389137746760115,2.7126462079018694,2.6854787959602238,2.657396744484836,2.6283853802645916,2.5984301626892536,2.567516695115151,2.535630733612934,2.502758202698855,2.4688852104576906,2.433998060387757,2.3980832729712462,2.3611276057705464,2.323118069543887,2.284041957844703,2.2438868737515167,2.202640751903639,2.160291899199313,2.1168290304191566,2.0722412984860505,2.0265183480895703,1.9796503674016948,1.9316281354628813,1.8824430857747954,1.83208736789094,1.7805539325379227,1.727836608071635,1.6739301921413496,1.6188305603098039,1.562534767530318,1.5050411910639583,1.4463496535244271,1.3864615901840305,1.3253802178355119,1.2631107143507638,1.1996604513452425,1.135039211630468,1.069259445500953,1.002336551597564,0.9342891959856888,0.8651396402279565,0.7949141156511532,0.7236432198619088
3.2814070351758793,3.2795029847590387,3.277625984123861,3.2757423270151205,3.2738227552357384,3.27184095987246,3.2697726921978734,3.2675951951471984,3.2652868302499796,3.2628268194575822,3.260195061523935,3.2573719969803925,3.2543385086932672,3.251075845283002,3.2475655618049974,3.2437894732113794,3.239729617420446,3.2353682246885054,3.230687694226796,3.2256705738113656,3.220299543312159,3.2145574008907953,3.208427051501125,3.2018914973796115,3.194933828994294,3.1875372193913547,3.1796849174977715,3.171360243188942,3.162546583427685,3.153227388424626,3.1433861686705007,3.133006492713861,3.12207198504736,3.1105663242946915,3.098473242308568,3.08577652389186,3.0724600051704645,3.0585075742346195,3.0439031709093864,3.028630787423183,3.012674469082824,2.996018315374837,2.978646481320855,2.960543179182458,2.941692680508421,2.9220793185304674,2.9016874909575487,2.880501662868824,2.858506370545754,2.8356862257864406,2.8120259195406967,2.7875102276180477,2.762124016787545,2.7358522495372672,2.708679992155363,2.6805924230332545,2.651574839019303,2.6216126666188395,2.590691473115352,2.5587969751263624,2.5259150540015467,2.4920317706240063,2.4571333769979007,2.4212063373694326,2.3842373479014545,2.3462133524429576,2.3071215715243127,2.26694952853527,2.225685071294082,2.1833164119362256,2.1398321618167153,2.095221361140699,2.0494735315496166,2.0025787268270783,1.9545275793466859,1.9053113624641393,1.8549220509123052,1.8033524043786933,1.7505960425279257,1.6966475350213188,1.6415025082500045,1.585157744984596,1.527611324995501,1.468862745950157,1.4089130881694243,1.3477651808477211,1.2854237788626424,1.221895792389042,1.157190501269756,1.0913198081280144,1.0242985158742315,0.9561446435239256,0.8868797509744797,0.8165293102729699,0.745123099293791
3.3040201005025125,3.302153227664393,3.300310704939162,3.2984592114072773,3.2965697771757037,3.2946163173771024,3.2925747624908306,3.2904225022254106,3.288138020583161,3.2857006433108515,3.2830903582762407,3.2802876833787122,3.277273569266897,3.274029324419932,3.270536557114572,3.2667771298951647,3.262733123442399,3.25838680660751,3.2537206135341807,3.248717123708495,3.243359045843063,3.2376292043719825,3.2315105281986822,3.2249860413904923,3.2180388543218763,3.210652158141712,3.20280921821928,3.1944933693170197,3.1856880118114934,3.176376607935273,3.1665426788718745,3.1561698025799587,3.145241611723756,3.1337417918976236,3.121654080741888,3.1089622676683635,3.0956501922666995,3.0817017449300943,3.0671008666289254,3.051831549562997,3.0358778378200406,3.019223828451264,3.001853672795378,2.9837515781444788,2.9649018097448434,2.945288693138669,2.924896616895643,2.903710035440998,2.881713472802459,2.858891526829011,2.8352288727447053,2.81071026873128,2.785320561894137,2.759044692915958,2.7318677039621004,2.7037747468032602,2.6747510890286526,2.644782125005348,2.6138533867599856,2.5819505523468815,2.549059460919595,2.5151661272169945,2.4802567528989106,2.4443177472263344,2.407335746322499,2.3692976286032907,2.330190543179316,2.2900019354922985,2.2487195684268806,2.206331561403586,2.1628264245727977,2.1181930878279944,2.0724209523698667,2.025499940418554,1.9774205407388863,1.9281738698492268,1.8777517312397982,1.8261466974256775,1.7733521835557904,1.7193625358077298,1.6641731362535503,1.6077805007042274,1.5501824170480063,1.4913780640227798,1.4313681734324846,1.3701551937390315,1.307743464133937,1.244139441087876,1.1793519096393856,1.1133922333079422,1.0462746282103261,0.9780164755515515,0.9086386430352992,0.8381658530146567,0.7666270731921098
3.3266331658291457,3.3248026379687143,3.3229938186241896,3.3211737640586074,3.319313786593956,3.317388020683303,3.3153725722365364,3.3132449746444013,3.3109838318032545,3.3085685710696344,3.3059792675480097,3.3031965148751556,3.300201330052338,3.2969750801536626,3.2934994255524632,3.2897562753783487,3.285727752168537,3.2813961625505965,3.276743974858826,3.271753799615126,3.2664083737608154,3.260690547442632,3.254583273002764,3.2480695958734187,3.241132645910341,3.233755631978358,3.2259218355377866,3.2176146059201955,3.2088173566297042,3.199513561664729,3.189686752674326,3.179320516827989,3.1683984947893595,3.1569043789777007,3.144821912701305,3.1321348898873738,3.1188271535212326,3.1048825962568465,3.0902851601936154,3.07501883751276,3.0590676711197213,3.0424157556945675,3.0250472389853997,3.0069463234361873,2.98809726814218,2.9684843911388517,2.948092072072183,2.9269047549632408,2.904906951871865,2.882083247021947,2.8584183002758,2.833896852594085,2.808503731870825,2.782223857483484,2.755042248026399,2.7269440292567104,2.697914440170118,2.6679388437244604,2.6370027374868843,2.6050917618182217,2.572191714624493,2.5382885655341005,2.503368466986807,2.467417774481586,2.4304230654322354,2.39237115426567,2.353249120241623,2.313044332557597,2.271744471012432,2.229337564317073,2.185812023592858,2.1411566707791656,2.0953607891916524,2.048414172256955,2.0003071681309073,1.9510307397414854,1.9005765228491367,1.848936906594793,1.7961051057156738,1.7420752473353451,1.6868424739822911,1.6304030396516795,1.5727544458777,1.5138955584043932,1.4538267668731866,1.3925501458015326,1.330069625929286,1.2663912176927172,1.2015232194334151,1.1354764640909798,1.0682645898994445,0.9999043494902768,0.9304159278720436,0.8598233073538737,0.7881546551367576
3.349246231155779,3.3474512343475626,3.3456753613333974,3.343886037567937,3.342054851619699,3.3401561526298433,3.3381662182368217,3.336062722483199,3.333824386631205,3.33143073750435,3.328861935603495,3.3260986487041704,3.3231219587586796,3.319913290197243,3.3164543543871794,3.312727106056301,3.3087137087104397,3.3043965059511655,3.299757999576331,3.294780830482898,3.2894477632392203,3.2837416731560607,3.2776455355138103,3.2711424166529404,3.2642154654938924,3.2568479082384894,3.249023042093888,3.240724230649273,3.231934900255867,3.2226385364269516,3.2128186810543924,3.202458930323156,3.1915429327274722,3.1800543873685263,3.1679770431051293,3.155294698287954,3.141991199230999,3.1280504408072964,3.113456366228898,3.098192967667805,3.0822442868826845,3.0655944162447524,3.048227500001283,3.030127735866285,3.0112793769315735,2.9916667339041165,2.971274177716405,2.950086142228991,2.9280871278127445,2.9052617053826983,2.881594519794745,2.8570702951855207,2.831673840679272,2.805390054836674,2.7782039332199364,2.750100576165715,2.721065194726452,2.6910831211630395,2.6601398193622914,2.6282208928415325,2.5953120991864345,2.561399363925554,2.526468791377838,2.4905066844764483,2.4534995632268273,2.415434179479713,2.376297544179148,2.3360769519460036,2.2947600013022456,2.2523346322129596,2.208789158901453,2.1641122976629115,2.118293216432848,2.0713215825602793,2.02318760653435,1.9738821008787368,1.9233965370726387,1.8717231246134716,1.8188548818597887,1.7647857212368043,1.709510550428268,1.6530253666782797,1.5953273906145724,1.536415180841562,1.4762887911116123,1.4149499287066363,1.3524021230734833,1.2886509462144204,1.2237042178208124,1.1575722487279554,1.0902681081662124,1.02180792942073,0.9522112243216062,0.8815012448374646,0.8097053674352785
3.371859296482412,3.3700990350562976,3.368355368403068,3.366596083337417,3.364793038824413,3.3629207941526493,3.36095579506023,3.3588758532708316,3.3566598049341434,3.3542872742400043,3.3517385052815616,3.3489942384059517,3.3460356191425515,3.342844128063317,3.339401526448777,3.3356898136574675,3.331691193293574,3.3273880451463267,3.3227629037645987,3.31779843977289,3.312477444776996,3.306782818714126,3.300697559312405,3.2942047533731698,3.287287568473391,3.2799292477805904,3.2721131039115265,3.263822514407766,3.2550409181928304,3.245751812048914,3.2359387478924013,3.2255853307322306,3.2146752167276915,3.2031921115216364,3.1911197694081337,3.17844199307103,3.1651426320870617,3.1512055835071466,3.1366147916395577,3.121354248655805,3.105407995202079,3.088760121401202,3.0713947680869538,3.053296128358451,3.0344484494479005,3.0148360349075167,2.9944432471613287,2.973254510147072,2.9512543128188096,2.928427213091353,2.904757841161016,2.880230904728047,2.8548311945781,2.828543588932042,2.8013530608462722,2.773244685816278,2.7442036475864895,2.7142152484167896,2.683264919275038,2.651338227665744,2.61842089176051,2.5844987939760378,2.549557991585256,2.5135847361253045,2.4765654914658675,2.4384869482636122,2.399336050649048,2.3591000202984995,2.3177663762278655,2.2753229715792136,2.2317580257650635,2.1870601516994785,2.1412184043927325,2.094222327778867,2.0460619975660164,1.996728078999614,1.9462118826625872,1.8945054420725458,1.841601583172128,1.787494007970402,1.7321773939289504,1.6756474865266757,1.6179012308519072,1.5589368841418554,1.4987541704515694,1.4373544364560025,1.3747408173901063,1.3109184543506784,1.245894696361606,1.1796793405768007,1.112284896064686,1.0437268859746442,0.9740241584844671,0.9031992449687593,0.8312787410125404
3.3944723618090453,3.392746057939599,3.391033874370049,3.3893039516002137,3.3875284132582415,3.3856820243296273,3.3837413950950643,3.381684472047356,3.379490203794173,3.3771383098325116,3.374609116079326,3.3718834339171773,3.368942471105745,3.365767763168409,3.362341120239598,3.35864458536035,3.354660401380305,3.3503709835057354,3.3457588983382873,3.3408068455954867,3.3354976433428503,3.329814215617304,3.3237395821141553,3.3172568496572645,3.3103492040802354,3.3029999051525194,3.295192280570071,3.2869097215277834,3.2781356792522236,3.268853661553494,3.259047230158572,3.248699998712667,3.2377956308778364,3.2263178387010476,3.2142503817985135,3.2015770670985657,3.1882817473758136,3.1743483218183943,3.15976073581434,3.1445029815428005,3.128559098570613,3.111913174830897,3.094549347828892,3.0764518061608914,3.0576047913396556,3.0379925999320583,3.017599586053642,2.996410163951227,2.974408811427659,2.951580073698758,2.9279085666398394,2.9033789818932174,2.877976092326986,2.8516847562880043,2.824489924840915,2.796376649205922,2.767330086440036,2.7373355094820995,2.7063783171250306,2.6744440416723645,2.641518362767484,2.6075871206810977,2.572636326690988,2.5366521820822294,2.4996210958334606,2.4615296987593327,2.4223648696466293,2.382113758824419,2.3407638075359474,2.2983027839830004,2.254718814811574,2.2100004117716647,2.164136519354063,2.117116560688084,2.068930479530749,2.0195687969160976,1.9690226658530254,1.9172839474768821,1.8643452792075406,1.8102001568472499,1.7548430321821737,1.6982694038332955,1.6404759466360894,1.5814606221509289,1.5212228308449876,1.4597635653334333,1.3970855736412744,1.3331935734142029,1.2680944509242993,1.2017974980102912,1.13431467237784,1.0656608962278966,0.9958543636135136,0.9249168950948898,0.8528743152997958
3.4170854271356785,3.4153923204407564,3.4137109129900436,3.4120096914475186,3.4102610384854675,3.4084399204243683,3.4065231086010925,3.404488681423326,3.402315697575383,3.3999839698430288,3.3974739042335864,3.394766381659326,3.391842670790202,3.3886843609343757,3.3852733100419803,3.3815916039072644,3.3776215237894944,3.37334551955683,3.3687461891794834,3.3638062608462844,3.3585085785164224,3.352836089810473,3.346771835920117,3.3402989432622983,3.3334006155354854,3.3260601287546865,3.318260825371361,3.309986109940751,3.3012194457286634,3.2919443513369715,3.282144398093613,3.2718032080961033,3.260904452350171,3.249431849172002,3.2373691633889687,3.224700206086789,3.211408833174145,3.1974789459362536,3.1828944908244328,3.167639460033037,3.1516978920815433,3.1350538727703534,3.1176915363588242,3.099595067049566,3.0807487007725047,3.0611367272743633,3.040743492557252,3.019553401403336,2.9975509207234228,2.9747205833283643,2.9510469911029933,2.926514820001193,2.9011088253846267,2.874813846181043,2.8476148119654088,2.8194967502354213,2.790444791966956,2.7604441814421947,2.7294802860061567,2.6975386035548317,2.6646047760692584,2.630664602618378,2.5957040495123076,2.559709268902729,2.5226666160946576,2.4845626633833637,2.4453842256500193,2.405118383439626,2.3637525019195325,2.321274266194625,2.2776717121464514,2.232933252532791,2.1870477236823884,2.1400044304785264,2.091793187502072,2.042404374584158,1.991828990419961,1.9400587272947305,1.887086037929832,1.832904216057764,1.7775074922606982,1.7208911231307187,1.6630515184566022,1.6039863497300515,1.543694699856992,1.4821772138576441,1.419436259468428,1.3554761382620304,1.2903032816044486,1.2239264843249138,1.15635716151806,1.0876096435943294,1.017701480003311,0.9466537902940989,0.8744916381231391
3.4396984924623117,3.438037839610747,3.4363865172554657,3.4347133508549152,3.4329909766191395,3.431194557928784,3.429301023759953,3.4272885816377503,3.4251363979891263,3.422824376910342,3.420333002800109,3.41764322462465,3.41473637067046,3.411594082887125,3.408198266023035,3.404531047714981,3.400574746812807,3.3963118471066034,3.3917249772647433,3.386796893338207,3.381510464625278,3.375848661824591,3.3697945471629644,3.363331266229733,3.3564420402044455,3.349110160998564,3.341318985501959,3.3330519313432063,3.324292473568913,3.3150241413413664,3.3052305153840544,3.2948952260665076,3.2840019515821743,3.2725344163841785,3.260476390402168,3.2478116887937203,3.2345241705388528,3.220597738980258,3.2060163416160683,3.1907639706628763,3.1748246636237067,3.15818250422158,3.140821623550391,3.1227262015253823,3.1038804686267945,3.08426870794228,3.06387525755079,3.042684512990596,3.0206809305334046,2.9978490308720875,2.9741734022236637,2.9496387052143542,2.9242296781008594,2.8979311408360773,2.8707280019956984,2.8426052658948926,2.8135480380207176,2.783541534647841,2.752571092383859,2.7206221754926463,2.6876803891392513,2.6537314921139235,2.6187614067637126,2.5827562372008495,2.5457022862474394,2.5075860689732,2.468394337760764,2.4281141049008363,2.3867326611456825,2.344237610308068,2.3006168994657537,2.255858844511752,2.2099521759227043,2.162886082843839,2.114650253400739,2.065234929172585,2.0146309577400574,1.9628298660058567,1.9098239257489462,1.8556062326975378,1.800170800626447,1.7435126488500123,1.6856279272362613,1.6265140227341206,1.5661697066316884,1.5045952827359426,1.4417927453341794,1.3777659872260053,1.3125209926444639,1.2460660676509347,1.1784120934287357,1.1095728177204711,1.039565154879962,0.9684095332632054,0.8961302655915518
3.462311557788945,3.4606826321171194,3.4590607194128995,3.4574149767081384,3.45571828835487,3.4539460106047124,3.4520752267243306,3.450084270614611,3.4479524141576694,3.445659650821424,3.443186541730882,3.4405141024599155,3.437623719643684,3.434497086752725,3.4311161543366424,3.4274630909824,3.423520252327872,3.4192701553600533,3.4146954587886373,3.4097789459299577,3.4045035108780772,3.3988521469143946,3.3928079368490383,3.386354045031628,3.379473709746857,3.3721502384606694,3.3643670021907446,3.356107431357834,3.347355012536175,3.338093285221805,3.3283058393325073,3.3179763133331526,3.3070883924520476,3.295625807149557,3.283572332350788,3.270911787201214,3.2576280336904992,3.2437049771797497,3.229126566197463,3.2138767929889993,3.1979396940707967,3.1812993511422367,3.1639398922100113,3.145845493005555,3.1270003786892135,3.1073888258466544,3.0869951648192786,3.0658037821168747,3.0437991236189004,3.02096569818039,2.997288080665551,2.9727509167252015,2.9473389279031217,2.9210369156112397,2.893829767904966,2.865702466444436,2.836640091806564,2.8066278328927803,2.7756509962675393,2.743695013320452,2.71074545322785,2.6767880354036846,2.6418086392141618,2.605793321801804,2.5687283346703826,2.5306001369296856,2.4913954198404773,2.45110112893619,2.409704482179581,2.3671930038582136,2.3235545541660683,2.278777354215244,2.232850030893544,2.1857616600662366,2.137501806071243,2.088060575130066,2.0374286668478447,1.9855974461484858,1.9325590075572487,1.8783062527925976,1.8228329831444132,1.766133985323013,1.7082051543216576,1.649043597990136,1.5886477818586364,1.5270176748187863,1.4641549044651943,1.4000629620444027,1.3347473923546034,1.2682160208636482,1.200479203486932,1.1315501143811502,1.0614450422915678,0.9901837342052604,0.9177897619845986
3.484924623115578,3.4833267142526494,3.4817335509801235,3.480114614828193,3.478443033003798,3.476694350524468,3.474845801665878,3.472875844017928,3.470763852676178,3.468489908580137,3.4660346479493214,3.46337915154791,3.460504863117265,3.4573935265509,3.45402713722265,3.4503879037952645,3.4464582179083068,3.4422206290353365,3.4376578252838494,3.432752616650869,3.4274879214939964,3.421846755192209,3.4158122206963557,3.409367500712678,3.402495850262776,3.3951805920321227,3.3874051108619643,3.379152849689832,3.3704073063695916,3.3611520305089946,3.351370621022937,3.3410467242985105,3.330164032449064,3.318706281815047,3.3066572522122506,3.2940007666916182,3.2807206901918256,3.266800930053869,3.2522254358202094,3.2369781997710225,3.221043257465025,3.2044046886301585,3.187046618262072,3.1689532180092845,3.1501087078387657,3.1304973579873945,3.110103491240096,3.0889114852883703,3.066905775860357,3.0440708602467073,3.0203913002663616,2.9958517269386857,2.97043684547739,2.9441314391771853,2.9169203760410767,2.888788615589456,2.8597212140544555,2.829703333584019,2.798720251377926,2.7667573666921923,2.733800213523059,2.699834472790353,2.6648459818397767,2.6288207518902187,2.5917449842661058,2.553605083355316,2.5143876806436363,2.474079656372161,2.432668157305181,2.390140629934829,2.3464848494514303,2.301688944227203,2.255741439778519,2.2086313010997247,2.1603479713562987,2.110881424250502,2.0602222144914606,2.0083615483650514,1.9552913467648965,1.901004321324032,1.8454940650962173,1.7887551367845274,1.7307831814737797,1.6715750332760928,1.6111288577399607,1.5494442950551761,1.486522612796069,1.422366907794662,1.3569822930351403,1.2903761214957876,1.2225582324071516,1.153541235376029,1.0833408029993388,1.0119760107174662,0.9394696996398714
3.5075376884422114,3.5059701019438267,3.504405042762764,3.5028123099959,3.5011652685247747,3.499439648110442,3.4976128308219874,3.495663395305482,3.493570817673178,3.4913152644742147,3.488877445423574,3.4862385050868614,3.483379943094164,3.4802835526861045,3.4769313731034734,3.4733056522280985,3.46938881693082,3.465163448475837,3.46061226373803,3.4557180988223646,3.4504638958286162,3.4448326917580854,3.4388076092688253,3.432371849028321,3.4255086824344105,3.418201447064029,3.4104335412839966,3.4021884202788857,3.3934495929392736,3.3842006187671183,3.3744251054812615,3.3641067072213913,3.3532291228390734,3.3417760944301875,3.329731406598451,3.317078886219373,3.3038024011210427,3.289885860586379,3.275313215155449,3.260068457148849,3.2441356211954737,3.2274987851025325,3.2101420709287605,3.1920496463380523,3.173205726227347,3.1535945746341474,3.1332005069635573,3.112007892293905,3.090001156437163,3.0671647853865514,3.0434833282159994,3.018941401649277,2.9935236949439052,2.9672149736912488,2.940000086298917,2.9118639706509533,2.8827916591870597,2.8527682879072604,2.821779105309678,2.7898094792406116,2.7568449093066114,2.722871038795788,2.6878736639722765,2.6518387511542496,2.614752452600749,2.5766011191887315,2.537371323946737,2.497049883257023,2.455623874242592,2.413080667293508,2.3694079544374156,2.324593773305655,2.2786265502155127,2.231495141651224,2.183188872169478,2.1336975857367344,2.083011695187055,2.031122251446881,1.9780210053344172,1.9237004822521004,1.8681540711934126,1.8113761073745487,1.7533619908589058,1.694108287300389,1.6336128679581945,1.5718750504489714,1.5088957489142847,1.444677672827311,1.3792255108997793,1.3125461516511956,1.2446489261462748,1.175545888427163,1.1052521043694754,1.033785987679505,0.9611696588403542
3.530150753768844,3.528612810759121,3.527075224870543,3.5255081059758515,3.5238850515557685,3.522181972173705,3.520376394541366,3.5184470157811516,3.5163734108694356,3.5141358301404857,3.511715055237882,3.5090922931677446,3.5062490982559593,3.5031673120361213,3.499829016678066,3.496216498443356,3.492312218679349,3.488098789759126,3.483558956707389,3.4786755811760117,3.4734316284962565,3.4678101568262445,3.4617943081066294,3.455367300578896,3.4485124216638825,3.441213023508675,3.43345251771382,3.425214371446742,3.4164821043968048,3.4072392857471243,3.397469531831255,3.387156504375294,3.376283908825144,3.3648354929099247,3.3527950459205007,3.340146398477552,3.326873421240015,3.312960025395311,3.2983901624648317,3.2831478248147685,3.2672170461711687,3.2505819024697757,3.2332265129045648,3.215135041250578,3.1962916974549787,3.1766807395016206,3.156286475588141,3.1350932663798665,3.113085528002126,3.0902477354113063,3.06656442522949,3.042020200212803,3.0165997340277113,2.9902877749664594,2.9630691522876718,2.934928782730816,2.9058516754828214,2.8758229409875025,2.844827799689247,2.8128515887321153,2.77987977410555,2.745897962309025,2.7108919094431214,2.6748475379255585,2.637750952039455,2.599588450335378,2.5603465486737953,2.5200120009808282,2.478571816262192,2.4360132904635217,2.3923240342523577,2.3474919964769003,2.3015055063834358,2.2543533142594865,2.2060246285658796,2.156509166262566,2.1057972012717525,2.0538796323777033,2.000748043814376,1.9463947785396947,1.89081302559041,1.8339969011403472,1.7759415650396169,1.716643319681582,1.6560997476446915,1.5943098500159645,1.5312741940060817,1.4669951087009319,1.4014768660001904,1.3347258979196173,1.266751035809575,1.1975637870774904,1.127178620265748,1.055613297142219,0.9828892277016794
3.5527638190954773,3.5512548559170805,3.5497441267331555,3.5482020455398,3.546602437444511,3.544921389951686,3.5431365713285237,3.5412267946459774,3.539171731635399,3.5369517146284806,3.534547595662148,3.5319406428496185,3.529112464043767,3.526044948038373,3.5227202190134332,3.5191206007879656,3.515228588446453,3.5110268248030163,3.5064980824272496,3.501625247968397,3.4963913094890073,3.4907793458480953,3.484772517853058,3.478354060940127,3.4715072782071954,3.464215536056826,3.4564622590374734,3.448230926040674,3.4395050673215564,3.4302682615357205,3.420504133446073,3.410196352202307,3.3993286297036764,3.387884719192775,3.375848414548793,3.363203550059668,3.3499339991576433,3.3360236748977794,3.321456529766587,3.3062165561806305,3.2902877869891918,3.273654296304418,3.2563002005257644,3.238209659632745,3.219366878739993,3.1997561099198593,3.1793616543306795,3.1581678644201263,3.136159146850922,3.113319965797035,3.0896348457149365,3.06508837571336,3.039665214224309,3.0133500926357266,2.9861278214933185,2.9579832968724022,2.9289015052343923,2.898867532045073,2.867866570328272,2.8358839272172607,2.8029050358395455,2.768915466730151,2.733900936723647,2.6978473253154074,2.6607406898781165,2.6225672777945883,2.583313549018427,2.5429661963921477,2.50151216229566,2.4589386698527957,2.4152332501358895,2.3703837651272393,2.324378449086743,2.277205948372012,2.228855357811043,2.179316270033264,2.1285788229553497,2.0766337663761414,2.023472521372283,1.9690872521753016,1.9134709518971578,1.8566175220385672,1.798521886966061,1.7391800909286323,1.6785894333487326,1.6167486047418396,1.5536578318033796,1.4893190701182903,1.4237361821517789,1.3569151512927509,1.2888643175579353,1.2195946505904003,1.1491200309429341,1.0774575782168292,1.00462800205948
3.5753768844221105,3.573896252294235,3.57241177711578,3.57089417048949,3.5693174802784107,3.567657967144919,3.5658934378871274,3.564002819047923,3.561965877047148,3.55976302446237,3.5573751822196806,3.554783678232973,3.5519701727370037,3.548916600773918,3.5456051276336864,3.5420181138872526,3.538138087631934,3.5339477214687167,3.529429814919557,3.5245672790928233,3.5193431242924453,3.5137404496318068,3.5077424343777803,3.501332330789931,3.494493457304419,3.4872091942711303,3.4794629789065206,3.471238301572855,3.462518702862814,3.453287770700106,3.4435291380954274,3.433226481462574,3.4223635190160127,3.410924009394425,3.3988917509684367,3.3862505816167943,3.3729843774885233,3.359077053470012,3.3445125629967816,3.3292748985401674,3.31334809209791,3.29671621600508,3.279363383934997,3.2612737521625883,3.2424315210842813,3.222820936999579,3.2024262941916013,3.1812319370810176,3.1592222630866345,3.136381725848383,3.112694837936608,3.0881461751253827,3.0627203809605166,3.0364021703112836,3.0091763354364374,2.9810277522164954,2.9519413849025087,2.9219022945471926,2.890895647372587,2.858906721176959,2.8259209169640322,2.791923770110097,2.7569009590612437,2.720838321346931,2.6837218684714417,2.645537797783124,2.6062725145625487,2.565912651911598,2.524445087043991,2.4818569718500494,2.438135759534843,2.393269227092257,2.347245515837724,2.300053170419951,2.25168117444807,2.2021189988445076,2.151356648370694,2.0993847269371355,2.0461944958266867,1.9917779441953998,1.9361278731915044,1.879237973937254,1.8211029399673853,1.761718562421536,1.7010818630072364,1.6391912275409237,1.5760465485316415,1.511649414863537,1.4460032868606043,1.3791137070814725,1.3109885325162056,1.241638203850326,1.1710760229410815,1.0993184769646804,1.0263855853568549
3.5979899497487438,3.596537014432817,3.5950782041342215,3.5935845216789657,3.5920302329137597,3.5903917679529203,3.5886470691623282,3.586775174130428,3.5847559419409736,3.5825698637013788,3.580197927753233,3.577621520531213,3.5748223535301307,3.5717824070492785,3.5684838866067663,3.5649091887363964,3.5610408738388566,3.5568616436612355,3.5523543240975055,3.5475018501879965,3.54228725399822,3.536693654458636,3.5307042488967486,3.524302306031745,3.5174711593062913,3.5101942027158333,3.502454885870732,3.4942367103558514,3.485523226877932,3.4762980324286366,3.4665447680886237,3.4562471173795526,3.4453888046957633,3.4339535939569865,3.421925287930287,3.409287728010222,3.3960247930070766,3.3821203996028153,3.3675585021659624,3.352323093226666,3.3363982039555244,3.3197679049557447,3.302416307241092,3.2843275634705376,3.26548586943378,3.2458754657927362,3.22548064011542,3.2042857289815707,3.182275120779561,3.1594332588577805,3.135744644173348,3.1111938394710803,3.0857654737507283,3.0594442457395696,3.032214929825517,3.004062382152821,2.9749715452654986,2.944927456355248,2.91391525544702,2.8819201916645576,2.848927634609323,2.814923085286526,2.7798921846117395,2.743820729083735,2.706694685357477,2.668500201855325,2.629223630391835,2.588851545642281,2.5473707610825826,2.5047683589241863,2.4610317161965907,2.416148526743751,2.3701068409366397,2.3228951038910743,2.2745021903630405,2.224917452139865,2.1741307636228253,2.1221325858723716,2.0689140236785057,2.0144668947063393,1.9587838120312904,1.90185826061785,1.8436847077433671,1.7842586963923839,1.7235769759150987,1.6616376332157508,1.5984402328587184,1.5339860037405104,1.4682780112514882,1.4013213648342826,1.3331234466827497,1.2636941772644266,1.1930462889806739,1.1211956462876012,1.0481615885320577
3.620603015075377,3.6191771565483095,3.6177434352697024,3.6162731390363265,3.6147407470042143,3.6131228551091663,3.611397538382008,3.609543943079726,3.6075420189665595,3.6053723339986283,3.6030159424893267,3.600454288140279,3.5976691326073866,3.594642500476102,3.591356636628869,3.587793972789442,3.583937100966972,3.5797687514270664,3.5752717758673196,3.5704291327437403,3.5652238754135492,3.5596391421960387,3.5536581480887834,3.547264177914427,3.540440579797281,3.5331707610828618,3.52543818350704,3.517226359634299,3.5085188500665936,3.4992992606675215,3.4895512404135403,3.4792584797811394,3.4684047092119363,3.4569736977939836,3.444949252597652,3.432315218459739,3.4190554767972676,3.4051539460525766,3.3905945815113014,3.3753613757661114,3.359438359184063,3.342809600680449,3.3254592086743147,3.3073713322950526,3.288530162834349,3.268919935448483,3.2485249311466045,3.2273294788491382,3.2053179581224196,3.182474802260059,3.1587845008724273,3.134231603973333,3.108800726348679,3.0824765509516703,3.0552438347058652,3.0270874144672257,2.9979922115645152,2.96794323986786,2.936925613796068,2.9049245544438875,2.8719254007157797,2.8379136200158763,2.8028748165680555,2.7667947467548926,2.729659333378657,2.6914546770199164,2.6521670772079813,2.611783051477191,2.5702893509634577,2.5276729897209953,2.4839212702598763,2.439021805074336,2.3929625555497385,2.3457318694008236,2.2973185148487256,2.247711727066777,2.1969012528368608,2.144877413349679,2.091631160141575,2.0371541429056768,1.9814387904661284,1.9244783857771095,1.8662671743561958,1.8068004559067843,1.7460747126961011,1.684087738417382,1.620838775844604,1.5563287005120787,1.4905601899972463,1.423537928256914,1.3552688308401377,1.285762306665328,1.2150305278586861,1.1430887458188947,1.069955629906444
3.64321608040201,3.6418166925368327,3.640407497383328,3.6389600615850046,3.6374490730286353,3.6358512899152564,3.634144917097063,3.6323092071710223,3.6303241986388617,3.628170534658529,3.625829334100966,3.623282096706496,3.6205106332155985,3.6174970115487657,3.614223515106672,3.6106726100459827,3.6068269193036997,3.6026692010492973,3.598182332227333,3.5933492942038945,3.588153161167772,3.582577090407742,3.576604314209,3.5702181331488996,3.563401909715299,3.5561390643144555,3.5484130705449455,3.5402074517129565,3.531505778101353,3.5222916642537196,3.5125487668717486,3.502260783236866,3.4914114497080764,3.4799845404312895,3.4679638666888932,3.455333276687762,3.442076654398113,3.428177919988019,3.413621029644457,3.3983899760260052,3.3824687887190183,3.365841534993599,3.3484923207372064,3.3304052916338507,3.311564634583225,3.291954579364704,3.2715594005810416,3.250363419670616,3.2283510075811717,3.205506587782707,3.181814638799061,3.157259698204302,3.131826366894956,3.105499312409543,3.0782632746043608,3.0501030714847497,3.0210036036447288,2.9909498621599786,2.959926936420682,2.9279200201235045,2.8949144221652796,2.8608955771018025,2.8258490532853653,2.7897605678765522,2.752616000799592,2.7144014058536916,2.6751030314379873,2.634707339203783,2.5932010193148054,2.550571019157339,2.5068045683433113,2.4618891997798986,2.415812787785312,2.3685635847616067,2.3201302546667444,2.2705019185312114,2.219668198204763,2.1676192779315415,2.1143459591725295,2.0598397271030704,2.00409283004898,1.9470983530290407,1.8888503242225003,1.8293438048457467,1.7685750152744817,1.7065414616065675,1.6432420708921929,1.5786773718406153,1.5128496612491442,1.4457632051332119,1.3774244604670947,1.3078423332150388,1.2370284443456585,1.164997441815099,1.0917673350728416
3.6658291457286434,3.6644556359823404,3.6630704167301915,3.6616453274645098,3.660155260318229,3.658577132274227,3.65688927522066,3.655071045813505,3.6531025693886723,3.6509645626927014,3.648638207768735,3.646105059192672,3.643346975735105,3.6403460677199497,3.6370846562373886,3.6335452411355367,3.6297104756126624,3.6255631451401498,3.6210861513643833,3.6162624980664053,3.6110752798159957,3.6055076724607864,3.5995429251991133,3.5931643540215643,3.586355335468086,3.5790993027223874,3.571379740988434,3.563180184081165,3.554484211754519,3.545275447044107,3.5355375542098213,3.525254237191221,3.5144092381374588,3.502986336144068,3.4909693466159726,3.4783421210593475,3.4650885459450387,3.451192543132764,3.436638069695203,3.4214091183599336,3.4054897179547106,3.388863934145984,3.3715158703511157,3.3534296688908025,3.3345895123761435,3.314979625335208,3.2945842761131483,3.273387778839328,3.251374496041517,3.228528841591816,3.204835283181634,3.1802783462297635,3.15484261806027,3.128512751148046,3.101273468670052,3.0731095702086098,3.0440059360924883,3.0139475351180214,2.98291943221116,2.9509067942871194,2.917894900908951,2.8838691545199775,2.8488150884027195,2.8127183813701313,2.775564871421559,2.7373405666120214,2.698031665340394,2.657624574605651,2.6161059249377834,2.573462598512758,2.529681753631453,2.4847508453398133,2.4386576627676986,2.3913903650502326,2.3429375141080664,2.2932881192508625,2.2424316800308643,2.190358246612583,2.1370584734998825,2.0825236847406066,2.026745951847381,1.9697181659067207,1.9114341421054706,1.851888707887872,1.7910778268470084,1.7289987230155948,1.6656500136988808,1.6010318872294436,1.53514626656842,1.467997007247124,1.399590115651561,1.329934003309914,1.2590397490836773,1.1869214070484304,1.113596336784273
3.6884422110552766,3.6870940001636705,3.6857322189731705,3.684328973950705,3.6828593570830552,3.6813004407230694,3.679630681066556,3.6778295365942584,3.6758772176119283,3.673754512874503,3.671442666240357,3.6689232859425105,3.6661782777488505,3.6631897934742526,3.6599401910867435,3.6564120033997187,3.6525879132198997,3.648450732731084,3.6439833877476455,3.6391689039807513,3.6339903959399606,3.628431057629694,3.622474154794762,3.616103018504645,3.6093010390464335,3.602051662103927,3.594338384234545,3.5861447495338954,3.577454347021538,3.5682508080410646,3.5585178042470007,3.548239046093264,3.537398281394522,3.5259792940898924,3.5139659036191295,3.501341964718302,3.488091366307285,3.4741980319039,3.459645919451032,3.444419021748068,3.428501366885554,3.4118770189666776,3.3945300789985913,3.3764446860186834,3.3576050184503083,3.3379952956927728,3.3175997799788437,3.2964027782977734,3.274388644951266,3.2515417844339174,3.227846653852851,3.203287766749401,3.1778496971847234,3.151517082913005,3.124274630810842,3.096107122455309,3.06699941836867,3.0369364655712574,3.005903305076364,2.9738850776204355,2.940867034091404,2.9068345455394913,2.871773110961364,2.835668371677305,2.7985061246939025,2.7602723333364003,2.7209531471086974,2.6805349195615067,2.6390042229007733,2.5963478755186897,2.552552965958666,2.507606873095112,2.461497302709421,2.414212322673663,2.3657403950520326,2.316070419807073,2.265191776776333,2.213094384856202,2.159768754652477,2.105206052412704,2.049398176454469,1.992337827864127,1.934018613107208,1.874435130491973,1.8135830918556777,1.7514594446109393,1.6880625022091291,1.6233921189653797,1.5574498508589985,1.4902391503059476,1.4217655810050114,1.3520370684868181,1.281064158485428,1.2088603207000808,1.1354422748432265
3.71105527638191,3.709731798061424,3.7083929291963935,3.707011037475599,3.70556141043791,3.7040212724644666,3.7023692013864853,3.7005847553210893,3.6986482277178,3.6965404777921833,3.6942428098887428,3.6917368847433836,3.6890046541097172,3.6860283103999114,3.6827902476649244,3.6792730309722645,3.675459372097814,3.671332109360512,3.6668741922199817,3.6620686678427683,3.656898670246207,3.651347411197832,3.645398172629931,3.639034300363536,3.632239198134322,3.624996323854634,3.6172891851886915,3.6091013362894673,3.6004163752409832,3.5912179415146097,3.5814897139993405,3.5712154095226523,3.5603787814426546,3.54896361843816,3.5369537438978056,3.5243330157194896,3.511085325221465,3.4971945975466716,3.482644791492847,3.46741989993373,3.451503950243367,3.43488100500096,3.4175351628617876,3.399450559657923,3.3806113697233457,3.361001807448168,3.340606129094502,3.3194086346763645,3.297393670458714,3.274545631773846,3.250848965386926,3.226288173233167,3.2008478164131757,3.1745125182954155,3.147266969826351,3.1190959349859857,3.089984254938319,3.0599168554195537,3.028878754069368,2.9968550660344837,2.963831014171542,2.9297919388409093,2.89472330551982,2.8586107188718635,2.8214399358224163,2.783196875959089,2.743867640971977,2.7034385321415257,2.6618960646311356,2.6192269944453335,2.5754183418907832,2.530457411324616,2.484331826981458,2.437029567433089,2.388538997023872,2.338848908695447,2.2879485651025164,2.235827756630297,2.1824768529872287,2.1278868658855328,2.0720495239997394,2.01495734227791,1.9566037226612234,1.8969830388800466,1.8360907559609587,1.773923550056638,1.7104794365679055,1.6457579420622817,1.5797602623013132,1.5124894538647349,1.4439506455779445,1.374151285330418,1.303101394634261,1.2308138682543364,1.1573047959914573
3.733668341708543,3.7323690423647,3.731052571918407,3.729691553646683,3.7282614664275857,3.72673968339777,3.7251049014066306,3.723336776064314,3.7214156821755884,3.719322547900719,3.717038736768585,3.7145459608875147,3.7118262170061302,3.7088617372586743,3.705634951000558,3.70212845485697,3.6983249889469185,3.69420741715921,3.68975871208686,3.6849619418869506,3.679800259661609,3.6742568945560485,3.668315144338556,3.6619583692612383,3.6551699862160665,3.6479334650780832,3.6402323243768335,3.6320501281040376,3.6233704832112386,3.61417703712115,3.6044534758004083,3.5941835223121696,3.5833509354384265,3.571939508495913,3.559933068737918,3.5473154771574373,3.534070627421392,3.520182446265399,3.505634893326846,3.49041196155612,3.4744976776308185,3.4578761026443563,3.440531332956965,3.4224475012714426,3.4036087779283464,3.3839993724252686,3.363603535191995,3.3424055594282627,3.3203897835471246,3.2975405939287215,3.2738424272329163,3.2492797740538157,3.2238371828268124,3.1974992628618835,3.1702506895370623,3.1420762096340855,3.1129606453966736,3.0828889017575545,3.051845973509602,3.019816950785535,2.986787029040032,2.952741518631082,2.9176658522658028,2.881545598768502,2.8443664758747653,2.8061143604049112,2.7667753072928103,2.7263355667010893,2.68478159800451,2.6421000961862093,2.598278014804615,2.553302585319084,2.5071613521817033,2.45984220658636,2.411333417250771,2.3616236723752033,2.3107021199132305,2.258558424442132,2.205182817716218,2.1505661601159853,2.0947000141595575,2.0375767124491317,1.9791894565251094,1.9195324000206189,1.8586007660155952,1.7963909646783964,1.7329007190750192,1.6681292342056269,1.6020773522872613,1.5347477412519024,1.4661451027765966,1.3962764153816567,1.3251511851853348,1.252781741393593,1.1791835538004156
3.7562814070351758,3.7550057454776598,3.753711171105022,3.752370557265797,3.750959570051528,3.7494557281492185,3.747837844863209,3.7460856711975006,3.744179661560449,3.7421008115723358,3.7398305426715113,3.737350617231594,3.7346430760259746,3.731690190053861,3.728474423212768,3.7249784030035826,3.7211848972754216,3.717076794933457,3.7126370912029127,3.707848874776281,3.7026953174263526,3.6971596652986602,3.69122523165339,3.6848753908599785,3.6780935726805506,3.670863258692591,3.663167978054577,3.6549913043829534,3.64631685330398,3.6371282800189744,3.6274092774186655,3.6171435746668745,3.6063149358523847,3.594907158830158,3.5829040746355996,3.570289547291373,3.557047472764288,3.543161779350741,3.528616427512727,3.513395410279342,3.4974827536511492,3.4808625172729317,3.463518795265235,3.445435717275722,3.4265974497451297,3.406988197392381,3.3865922049499524,3.3653937589604315,3.343377190165443,3.320526876198182,3.296827243844329,3.272262772615726,3.24681799857104,3.2204775172814335,3.193225988909877,3.165048143429494,3.1359287845916937,3.105852796995434,3.0748051531016354,3.042770918591716,3.009735262133548,2.9756834647548094,2.9406009271250864,2.904473183028665,2.8672859118830627,2.829024948690324,2.7896763026625666,2.7492261739720476,2.707660967431757,2.6649673183404934,2.6211321149653837,2.5761425174534303,2.5299859922016528,2.482650344908818,2.434123750716515,2.3843947953172835,2.333452514395987,2.281286449372336,2.2278866969331146,2.1732439692701804,2.1173496661674087,2.0601959416049422,2.0017758007733457,1.9420831816124169,1.8811130700389225,1.8188616154283839,1.7553262541402952,1.6905058756980627,1.6244009753562318,1.5570138394959805,1.4883487502808181,1.4184122250473643,1.347213263267809,1.2747636378942526,1.2010782085623029
3.778894472361809,3.777641919525962,3.776368750181885,3.77504808234758,3.773655765287926,3.77216946010145,3.770568094037204,3.768831511437236,3.7669402445980076,3.7648753551457994,3.7626183211798745,3.76015095425491,3.7574553382189086,3.7545137820967045,3.7513087835813934,3.7478230003817603,3.744039227476778,3.7399403782460316,3.735509470056248,3.7307296116897253,3.725583993184471,3.720055877316905,3.7141285925022434,3.7077855269201154,3.7010101229226784,3.693785873535092,3.68609631831335,3.677925040289108,3.6692556635745928,3.660071850980614,3.650357302171655,3.640095752280001,3.6292709705865565,3.617866759386858,3.605866953417553,3.593255419666835,3.5800160563535357,3.566132793303474,3.5515895917883737,3.536370444917878,3.5204593780343196,3.5038404493699953,3.4864977508597,3.4684154091682537,3.4495775869278837,3.429968484189948,3.4095723401214038,3.388373434761088,3.36635609135542,3.3435046789910388,3.3198036148051666,3.295237367480199,3.269790460979879,3.2434474774488424,3.216193062180233,3.188011928719276,3.158888862743254,3.1288087289763626,3.097756478050738,3.0657171517464747,3.032675892545943,2.9986179528035115,2.9635287018674648,2.9273936392635647,2.890198406943722,2.851928799019855,2.812570779994191,2.772110501151582,2.7305343139436355,2.68782879529323,2.6439807696021735,2.5989773272571224,2.552805858291432,2.5054540847526314,2.4569100902147984,2.4071623600513083,2.356199820062255,2.3040118911081247,2.250588537639015,2.195920326741574,2.139998498823955,2.082815032900261,2.024362741790308,1.9646353520684352,1.9036276171917608,1.841335430850774,1.7777559482396559,1.712887749405997,1.646730989132286,1.579287579253588,1.5105613899632089,1.4405584855111113,1.3692873673881938,1.2967592615236252,1.2229884271818987
3.801507537688442,3.8002775763630354,3.799025332046737,3.797724162137462,3.796350095117208,3.794880931422297,3.7932957097882487,3.791574365881905,3.7896975082078534,3.7876462629744534,3.785402163719174,3.7829470701159895,3.780263108157071,3.777332624070972,3.774138148615376,3.770662369053079,3.7668881069051845,3.7627982994950626,3.7583759858505092,3.7536042944073755,3.748466433071952,3.7429456808898807,3.7370253811016365,3.7306889353963735,3.7239197984420755,3.7167014744621816,3.709017513183675,3.700851506848326,3.692187087869556,3.683007926502112,3.673297729037045,3.6630402364456636,3.6522192230886987,3.6408184956066147,3.6288218923580655,3.616213283233897,3.6029765686580046,3.5890956799548093,3.5745545791910507,3.559337259558552,3.5434277457596295,3.5268100946492553,3.5094683960290296,3.491386773651422,3.472549386429231,3.4529404298546775,3.4325441376578407,3.4113447835235746,3.3893266833751587,3.3664741979483734,3.342771734952436,3.3182037524872365,3.2927547626968705,3.266409334604524,3.2391520989708096,3.210967753285045,3.1818410655590132,3.1517568810907037,3.1207001291752245,3.0886558282288914,3.055609095136339,3.0215451542208953,2.986449344209783,2.950307131134371,2.9131041203145798,2.874826065879924,2.8354588886124774,2.7949886919886806,2.753401775273215,2.7106846582934017,2.666824102981383,2.6218071314827105,2.5756210591231032,2.5282535261045718,2.479692526401152,2.4299264472113213,2.3789441067866854,2.3267348079756687,2.2732883857676143,2.218595265168605,2.1626465305068137,2.105433989419373,2.0469502662633823,1.9871888805002913,1.9261443577517774,1.863812341047927,1.8001897098719912,1.7352747407071136,1.6690672542623683,1.6015687947385144,1.5327828278093958,1.4627149726451862,1.391373241334758,1.318768321937752,1.24491388306909
3.8241206030150754,3.8229127275762123,3.821680939081403,3.820398829129256,3.8190426015450027,3.8175901930928964,3.816020751587694,3.8143143020495356,3.812451527545987,3.810413617473092,3.808182159609191,3.8057390607078387,3.8030664879942715,3.800146824095962,3.7969626321194223,3.793496628241218,3.7897316599491453,3.785650687990845,3.781236772584825,3.7764730613933937,3.771342779802547,3.765829222773102,3.7599157480479777,3.7535857705315334,3.7468227569391654,3.7396102224484733,3.7319317267356875,3.723770871051932,3.7151112959309502,3.7059366789093584,3.6962307327606823,3.685977204168516,3.67515987246346,3.6637625485372256,3.651769074292844,3.639163322462185,3.6259291956281388,3.6120506265834402,3.5975115781753058,3.582296043679174,3.566388047174991,3.5497716441746165,3.5324309223976655,3.5143500027530012,3.4955130405209065,3.4759042267402784,3.4555077898298965,3.4343079972668518,3.412289157819303,3.389435624063286,3.365731794495326,3.3411621168740124,3.3157110917926986,3.2893632754511635,3.262103284407028,3.233915800457168,3.2047855743471656,3.1746974323871493,3.1436362830158,3.1115871218110547,3.078535040634342,3.0444652364058244,3.0093630179162587,2.973213818449774,2.9360032075094744,2.8977169001302197,2.858340774342004,2.8178608868683814,2.7762634859361723,2.7335350355300183,2.6896622364783225,2.6446320441726505,2.5984317008524203,2.551048766642386,2.5024711478436172,2.452687135580446,2.401685442845424,2.349455256971728,2.295986286209827,2.2412688164519596,2.185293779180148,2.1280528141775252,2.069538361176262,2.0097437367029536,1.948663243089399,1.8862922776472855,1.822627449516901,1.7576667374388912,1.6914096343556313,1.6238573236519964,1.5550128738395481,1.4848814669238126,1.4134706340831142,1.340790534580281,1.266854256032246
3.8467336683417086,3.84554738449273,3.844335593163504,3.843072115082327,3.8417333256245447,3.840297294935121,3.8387432775508743,3.8370513859147093,3.8352023760461957,3.8331774991636425,3.8309583961138163,3.8285270197117645,3.825865577523659,3.822956487787871,3.819782345258927,3.8163258944003076,3.812570008103116,3.8084976700306425,3.8040919611316326,3.7993360478767477,3.794213172751294,3.7887066462846923,3.7827998404063052,3.7764761829476066,3.7697191524086695,3.762512274682302,3.754839119176936,3.746683295956537,3.738028453498121,3.7288582764615263,3.71915648396169,3.708906828270414,3.698093093580496,3.6866990949431484,3.674708677729729,3.6621057174527283,3.6488741188088434,3.6349978160293617,3.620460772727612,3.605246982263901,3.5893404681129035,3.572725284476657,3.555385517042695,3.537305283943316,3.5184687369110828,3.498860062634846,3.478463484344671,3.4572632634526483,3.435243701735888,3.412389143797323,3.3886839791310828,3.3641126453900645,3.3386596318795654,3.312309482267129,3.285046799229353,3.2568562492258177,3.2277225661260815,3.1976305576807853,3.166565111941893,3.1345112021624817,3.101453895742379,3.0673783628123736,3.032269882896068,2.9961138572608896,2.9588958203902704,2.9206014490926124,2.8812165795927043,2.8407272228937677,2.799119577308956,2.7563800522061896,2.712495288646927,2.667452176724379,2.621237887178972,2.5738399017897122,2.525246041072128,2.4754445021344123,2.4244238949534576,2.372173293794493,2.3186822828377904,2.2639410117714136,2.207940262404016,2.1506715101224643,2.092127013802379,2.032299891139777,1.971184225644204,1.908775173768917,1.8450690795932325,1.7800636298480563,1.713757995923808,1.6461530071141235,1.5772513420310688,1.5070577533375418,1.4355792997029335,1.362825620582353,1.2888092321724218
3.869346733668342,3.86818155818559,3.8669893156778983,3.8657440510383685,3.8644223074785584,3.863002285638373,3.861463344468612,3.859785681944594,3.8579501254604525,3.8559379867197596,3.85373095848968,3.8513110386498868,3.848660474233971,3.84576171831964,3.842597396623279,3.8391502812815608,3.835403270037324,3.83133936897158,3.8269416793125233,3.822193385929875,3.8170777480358895,3.811578091389337,3.805677801796716,3.799360319734622,3.7926091352306406,3.7854077846589007,3.7777398469475933,3.7695889407811767,3.7609387224066415,3.7517728834517503,3.742075149234766,3.731829277494219,3.7210190571796833,3.7096283074120215,3.6976408769564206,3.6850406440467927,3.67181151544932,3.657937426804606,3.6434023424779056,3.628190255915475,3.612285190003286,3.5956711976659492,3.578332362607555,3.5602528002492173,3.541416658858521,3.521808120875066,3.501411404459877,3.4802107650994367,3.458190497740022,3.4353349391937456,3.411628470157743,3.387055518409363,3.361600562222464,3.3352481330168167,3.3079828199025725,3.2797892743490302,3.2506522137310028,3.220556427658272,3.189486784255146,3.157428234951766,3.1243658232353133,3.0902846930472405,3.0551700952983554,3.0190073999536775,2.9817821072564703,2.943479856637746,2.9040864434432208,2.8635878339658443,2.8219701777049484,2.779219830611317,2.735323375287714,2.6902676379537636,2.644039719404836,2.59662702476965,2.5480172906266887,2.498198622084037,2.44715952830108,2.394888972873708,2.3413764185283257,2.2866118816023016,2.230585997343524,2.1732900801359585,2.1147162116984854,2.0548573149278697,1.993707258901818,1.9312609639937215,1.8675145144184369,1.8024653105409858,1.7361122083226452,1.6684556895963925,1.5994980502424863,1.5292436213088578,1.4576989972658265,1.3848733066635606,1.310778503778457
3.891959798994975,3.8908152594792864,3.8896421275278557,3.888414667337786,3.887109586320625,3.885705212785726,3.8841810078379453,3.882517253134089,3.880694845898294,3.878695157010282,3.876499930033537,3.874091206936305,3.8714512733643347,3.868562616479254,3.8654078922875237,3.861969899998165,3.8582315616657734,3.854175905301625,3.849786051972082,3.8450452045452685,3.8399366385958937,3.83444369478001,3.828549772478493,3.822238324537049,3.8154928522590685,3.808296902271082,3.800634062813109,3.7924879610018345,3.7838422606845974,3.7746806603050804,3.764986891249695,3.754744716604781,3.7439379299734683,3.7325503544582834,3.7205658421452656,3.7079682739317374,3.6947415586098984,3.68086963320095,3.666336462808067,3.651126040964375,3.6352223899832024,3.6186095615432636,3.601271637412604,3.583192730364929,3.564356985283574,3.544748580457275,3.5243517290948465,3.5031506808932686,3.481129724124444,3.4582731879876922,3.434565444583778,3.409990912039315,3.384534057847411,3.3581794014579813,3.330911518722088,3.302715046457824,3.273574685917837,3.2434752089801617,3.2124014642901084,3.1803383819454645,3.147270982057372,3.1131843829645294,3.078063807604692,3.041894595338879,3.0046622129324354,2.966352263269338,2.9269505017220574,2.8864428508613185,2.8448154124486313,2.8020544901914004,2.7581466095139757,2.7130785341569075,2.666837296491731,2.6194102266569628,2.5707849791043373,2.5209495689166412,2.4698924065894534,2.417602347400062,2.3640687351858287,2.309281455731583,2.253231000777752,2.195908527035273,2.137305942698375,2.077415979823767,2.0162322973712845,1.9537495843322759,1.8899636701687081,1.824871674435029,1.758472143694373,1.6907652188553846,1.6217528201385247,1.5514388646089776,1.479829490754391,1.406933325033976,1.3327617692229854
3.9145728643216082,3.9134484989554004,3.9122940491459826,3.911083993635698,3.909795200476048,3.9084061228794535,3.9068963218921358,3.9052461610401226,3.9034366058652625,3.901449085141651,3.8992653921285094,3.896867611927017,3.8942380679577244,3.891359280726597,3.8882139358724914,3.8847848590885556,3.8810549962125274,3.8770073967087715,3.8726252010498476,3.8678916297100967,3.8627899742699072,3.857303589957581,3.8514158894320407,3.845110337637953,3.838370446908158,3.8311797738975355,3.8235219159544203,3.8153805084434635,3.8067392226463292,3.7975817636738354,3.7878918688482264,3.777653306487237,3.7668498747464927,3.7554654006240242,3.743483739455246,3.730888774744042,3.7176644172660063,3.7037946053947306,3.689263304957489,3.6740545095750443,3.658152241003649,3.641540549706808,3.6242035155627277,3.606125248759901,3.5872898908762005,3.5676816161455256,3.547284632938543,3.5260831852956276,3.5040615549671035,3.4812040637133683,3.4574950752347817,3.432918998226826,3.407460289646767,3.3811034572461844,3.353833063917356,3.3256337321584963,3.2964901474641706,3.2663870643804787,3.2353093125122294,3.2032418011043604,3.1701695274165016,3.1360775847580284,3.100951168719098,3.0647755887396015,3.02753627885233,2.9892188062062752,2.949808887086622,2.909292401308365,2.8676554039478486,2.8248841476175546,2.7809651018162964,2.7358849691704137,2.6896307151167456,2.6421895964289996,2.5935491872049665,2.5436974144364735,2.4926225920653224,2.4403134693538813,2.3867592737646297,2.3319497632735535,2.275875289108493,2.218526853574616,2.159896194906739,2.0999758582094175,2.0387592965629127,1.976240972194314,1.9124164648399091,1.8472826187107498,1.7808376769112075,1.713081445867568,1.6440154771163618,1.5736432812758565,1.5019705489724398,1.4290054132972851,1.354758732859405
3.9371859296482414,3.9360812869580717,3.9349451005048843,3.933752058917558,3.9324791874022194,3.9311050613659404,3.929609339629939,3.9279724658151216,3.9261754723003897,3.9241998444992636,3.922027424289158,3.9196403389685672,3.9170209489130516,3.9141518072488557,3.9110156286033733,3.9075952645780445,3.903873684276278,3.8998339581484203,3.8954592456503927,3.8907327844788724,3.8856378818707116,3.8801579073083317,3.874276286438664,3.8679764960409364,3.8612420592363215,3.8540565424887707,3.8464035520557553,3.838266731369551,3.8296297589836565,3.820476346530397,3.8107902371383386,3.800555204242649,3.789755050452515,3.778373606577103,3.766394731131193,3.753802310169531,3.7405802564093067,3.7267125095488063,3.712183036125765,3.6969758298492112,3.681074911933412,3.664464331656538,3.647128167051989,3.6290505257837244,3.6102155462010277,3.5906073985767,3.570210286554621,3.5490084486483338,3.526986160235799,3.5041277358083147,3.480417530857249,3.455839944861479,3.4303794244816865,3.404020466036394,3.3767476197525177,3.348545494132145,3.3193987592675462,3.2892921527636148,3.2582104856132212,3.226138646677131,3.1930616108761862,3.1589644470510168,3.1238323240556585,3.087650522076554,3.050404443142801,3.01207961946254,2.972661729100187,2.9321366100604083,2.8904902717641807,2.847708916852741,2.8037789601254013,2.7586870444300926,2.712420069726646,2.6649652210153216,2.616309993775988,2.5664422288041147,2.515350145554866,2.463022389533119,2.409448074290808,2.3546168326851666,2.2985188783687707,2.241145062446546,2.182486956693154,2.122536923078459,2.0612882129665784,1.9987350663588117,1.9348728182092494,1.869698042765053,1.803208685519853,1.735404224765195,1.6662858502330427,1.5958566735333861,1.5241219454564052,1.451089314355025,1.3767691049198187
3.9597989949748746,3.958713633599344,3.9575953011275966,3.956418891514431,3.9551615837085183,3.9538020726600136,3.9523201128441894,3.9506962262396703,3.948911510612783,3.946947506787825,3.9447861042054573,3.9424094714455076,3.9398000050359676,3.936940290014533,3.9338130693668325,3.930401220038901,3.926687733893271,3.9226557019090427,3.918288302111612,3.9135687890442514,3.908480485258476,3.9030067741794556,3.897131094158269,3.8908369335499327,3.884107826027977,3.8769273476508164,3.8692791133901303,3.861146774569324,3.852514016854694,3.843364558257547,3.8336821475860043,3.823450563281115,3.812653612308767,3.8012751292066578,3.789298975600366,3.776709040040923,3.763489237146136,3.7496235079117883,3.7350958195726296,3.719890165926445,3.703990567660151,3.687381072895665,3.6700457578654837,3.651968727768218,3.6331341177995866,3.6135260943627974,3.593128856483667,3.5719266372756286,3.549903705890008,3.527044369714872,3.50333297621957,3.47875391587594,3.4532916252818264,3.426930589581874,3.3996553466243395,3.3714504912315393,3.3423006784411284,3.3121906292986476,3.2811051366038906,3.2490290692915447,3.2159473804448537,3.181845114983711,3.146707415623848,3.11051953395108,3.0732668407035213,3.0349348339250732,2.995509154306875,2.9549755989680175,2.9133201326815303,2.8705289092168216,2.8265882898734294,2.781484859028209,2.735205452590835,2.6877371853461125,2.639067475855912,2.589184080574946,2.538075126496754,2.4857291575807006,2.432135175883511,2.3772826917810197,2.3211617842311787,2.263763156283354,2.2050782166862084,2.145099148022799,2.0838190040304876,2.021231806944697,1.957332651797731,1.8921178481652146,1.8255850496870305,1.757733412773315,1.6885637721340796,1.6180788477118024,1.5462834583879452,1.4731847763119648,1.3987926014139986
3.982412060301508,3.9813455487643994,3.9802446700977727,3.9790845191179045,3.977842425175748,3.976497200168705,3.9750286921497033,3.9734174997543956,3.971644784717328,3.969692142070723,3.9675415077856995,3.965175090826688,3.9625753230884184,3.9597248208261364,3.9566063547666954,3.95320282664893,3.9494972505986596,3.9454727376761882,3.9411124840712786,3.9363997608060304,3.93131790541209,3.9258503149526334,3.9199804402050686,3.9136917808469476,3.9069678808732187,3.899792325726737,3.8921487389026197,3.8840207794426695,3.875392139970344,3.866246544736435,3.856567748104543,3.8463395334124098,3.8355457118878076,3.824170121716082,3.8121966275664616,3.799609120432792,3.786391516793325,3.7725277589146393,3.758001814715238,3.7427976780820336,3.7268993691887844,3.710290935029465,3.6929564500784706,3.6748800171268026,3.6560457682898324,3.6364378661904966,3.61604050534271,3.5948379135835418,3.5728143539800055,3.549954126978948,3.5262415722103384,3.501661071343701,3.4761970511424045,3.449833985830448,3.4225564011575598,3.39434887857542,3.3651960584068314,3.3350826455111635,3.303993414904514,3.2719132160432465,3.2388269806629197,3.204719730298415,3.169576582111615,3.1333827597260036,3.0961236032856254,3.0577845774296106,3.018351286304698,2.9778094870489467,2.9361451007729524,2.8933442334499446,2.849393194053655,2.80427850976929,2.757986953853,2.7105055723993945,2.6618217087168636,2.6119230367366812,2.560797592974405,2.5084338220112086,2.4548206167757747,2.3999473677479957,2.343804022016034,2.2863811376584215,2.227669963767765,2.167662507219494,2.106351628140398,2.0437311353821617,1.9797958888333422,1.9145419386037912,1.8479666521459923,1.7800688701478762,1.7108490789832098,1.6403096141692988,1.5684548705077517,1.4952915523826387,1.4208289440293915
4.005025125628141,4.003977042116647,4.002893226069621,4.001748968794642,4.000521746775088,3.99919048631442,3.9977351270104955,3.9961363424910568,3.9943753570695026,3.9924338188084176,3.9902937091983146,3.987937276710374,3.9853469878369285,3.982505489371506,3.9793955791782056,3.9760001832485337,3.9723023374862585,3.968285172594827,3.9639319025318605,3.959225814438339,3.954150260498627,3.9486886511156567,3.942824449221278,3.936541165567733,3.9298223542453816,3.922651609875982,3.9150125642914007,3.9068888840827976,3.898264268678473,3.8891224484321834,3.8794471831415756,3.869222260934207,3.8584314972069143,3.8470587337135056,3.835087838101097,3.8225027037539694,3.8092872489714322,3.7954254172646507,3.780901177222812,3.765698522822209,3.7498014737372034,3.7331940758613977,3.7158604019528116,3.697784552451166,3.678950656462943,3.659342872918009,3.6389453919220287,3.6177424361565533,3.595718262743286,3.572857165346097,3.549143475933988,3.5245615675741657,3.49909585741863,3.472730809018152,3.445450936297655,3.4172408076402605,3.3880850489859458,3.3579683493726225,3.326875466432806,3.294791230582185,3.2617005526875262,3.2275884314224137,3.192439958966281,3.156240331604362,3.1189748595680986,3.080628974834548,3.041188245816707,3.0006383905563685,2.9589652874657593,2.916154995774312,2.872193773278684,2.8270680912245183,2.780764661581448,2.7332704632470572,2.6845727659060374,2.63465916274597,2.583517601747457,2.531136430236927,2.4775044343348345,2.4226108871595446,2.3664456066993265,2.3089990090875325,2.2502621870673316,2.1902269754178882,2.1288860445992523,2.0662329943845408,2.00226245421496,1.9369702198543686,1.8703533781440047,1.8024104601148903,1.7331416103932915,1.6625487872148113,1.5906359690305365,1.517409400799016,1.442877860032166
4.027638190954773,4.026608123102729,4.025540987277642,4.0244122670006215,4.023199582686639,4.021881972557598,4.0204394657663745,4.018852809302922,4.017103288699375,4.015172603895917,4.013042780912692,4.0106961068682825,4.008115082099721,4.005282383273898,4.002180834800953,3.998793386396371,3.9951030952668227,3.991093111330138,3.9867466659237194,3.9820470619551402,3.976977665941049,3.9715219013322507,3.965663242948953,3.9593852123755413,3.952671373576617,3.945505330151704,3.9378707220867213,3.9297512233567633,3.9211305400459127,3.9119924084772824,3.9023205937637195,3.892098888717988,3.8813111128151343,3.869941111299899,3.857972754732893,3.845389938837515,3.832176583695528,3.818316634036959,3.8037940591087986,3.7885928529768633,3.7726970348294726,3.756090649486699,3.738757768030871,3.720682488605386,3.70184893737758,3.6822412696693774,3.661843671279405,3.6406403598517088,3.6186155866984433,3.595753638855073,3.572038840803911,3.547455557205232,3.521988195817644,3.49562120976043,3.4683391014011704,3.4401264263496123,3.4109677964873835,3.3808478853873707,3.349751433689568,3.3176632531967662,3.284568234375059,3.2504513535487067,3.215297678473322,3.1790923787060814,3.141820735232179,3.1034681480928903,3.0640201507603035,3.0234624230453546,2.9817808016049705,2.9389612999543844,2.8949901258371895,2.849853695784767,2.8035386618182025,2.756031937099761,2.707320719286145,2.657392522564122,2.6062352082824867,2.5538370285932745,2.5001866650819804,2.445273275989656,2.389086552920503,2.3316167730301713,2.272854875956574,2.212792527927049,2.1514222136072623,2.0887373279207835,2.0247322744769862,1.959402599728178,1.8927451153908075,1.824758048810676,1.755441209358354,1.6847961850320157,1.612826545561242,1.5395380847193583,1.464939082169359
4.050251256281407,4.049238800957399,4.048187971546129,4.047074439595044,4.045875966317522,4.044571699418815,4.04314175565889,4.041566953794399,4.039828639244772,4.037908562699338,4.035788793738993,4.033451657288523,4.03087968679266,4.028055588140811,4.024962211710463,4.021582530423603,4.017899622324842,4.013896656126749,4.009556880166687,4.00486361277405,3.9998002344841703,3.9943501815100775,3.9884969402999477,3.9822240430329514,3.9755150633314957,3.9683536135760438,3.960723341727786,3.952607928983872,3.943991087938294,3.934856560752773,3.9251881177390406,3.914969556292686,3.9041846998780283,3.8928173971548454,3.8808515215341832,3.8682709710282945,3.855059667463556,3.84120155676361,3.8266806088205594,3.8114808177897883,3.7955862023865268,3.7789808063834602,3.761648699226896,3.743573976817526,3.7247407624516122,3.7051332079262487,3.6847354948318523,3.6635318358902147,3.6415064767365415,3.6186436979288743,3.594927816633089,3.5703431892934083,3.544874214488013,3.5185053351408992,3.4912210423236485,3.4630058791610896,3.4338444437935896,3.403721394677362,3.3726214558420957,3.340529420895805,3.307430160361504,3.2733086287146267,3.2381498698331095,3.201939027142674,3.1646613530338437,3.126302216322354,3.086847116314782,3.0462816954376652,3.0045917495151513,2.961763247355559,2.917782347749218,2.8726354137123065,2.8263090386268757,2.778790071350727,2.7300656390748714,2.680123178691962,2.628950466782993,2.5765356623636246,2.5228673447119276,2.4679345596264874,2.411726874990061,2.3542344318907733,2.295448020043933,2.2353591406034607,2.1739600962423937,2.1112440811884787,2.0472052777546774,1.981838988031536,1.915141754008019,1.847111505223148,1.777747722186773,1.7070516296044924,1.6350263960124345,1.5616773721382402,1.4870123485721107
4.072864321608041,4.071869084708278,4.070834196298445,4.069735511853889,4.068550930319538,4.067259706500368,4.065842042856665,4.064278828349955,4.0625514669836384,4.0606417590915695,4.05853181686699,4.0562040022174735,4.053640880974053,4.0508251876115855,4.047739797908495,4.044367707486776,4.0406920147739,4.036695906866466,4.032362648730074,4.0276755737785175,4.022618076258922,4.017173604866999,4.011325657424075,4.005057776471837,3.998353545078703,3.9911965842134687,3.98357054963765,3.9754591296120427,3.9668460430978048,3.957715037967311,3.9480498896173493,3.937834399926129,3.927052396260193,3.9156877306200535,3.9037242792054503,3.8911459422682544,3.8779366433423688,3.8640803295202764,3.849560971326696,3.834362563006527,3.818469122814478,3.8018646935013085,3.784533342915985,3.7664591647688126,3.747626279551422,3.7280188356172177,3.707621010444914,3.6864170119466046,3.6643910802100583,3.6415274894633782,3.6178105497223183,3.593224609401534,3.5677540581068516,3.5413833287977656,3.514096901505232,3.4858793071510417,3.456715130444182,3.4265890150646428,3.3954856688053785,3.3633898674883196,3.330286462140702,3.29616038587841,3.260996659235642,3.2247804000899842,3.1874968328744098,3.1491312958736604,3.109669254987127,3.0690963160848748,3.0273982350606703,2.9845609370013606,2.9405705328201006,2.8954133331912124,2.849075874139344,2.8015449416184457,2.7528075938833596,2.702851192203837,2.651663430218651,2.599232375803539,2.5455465081117405,2.4905947628856895,2.4343665868969717,2.3768519880199577,2.3180416091693656,2.257926789838985,2.196499654441273,2.13375320058744,2.0696813937501695,2.0042792965241047,1.9375431864794794,1.8694707011341463,1.8000609984355704,1.7293149466420763,1.6572353205229053,1.5838270357977562,1.509097402660016
4.0954773869346734,4.094498983180523,4.093479678566087,4.092395508483187,4.091224506606425,4.0899460325073544,4.088540372480123,4.086988484162345,4.085271828865624,4.083372255487079,4.081271917903959,4.0789532142006415,4.0763987418883545,4.07359126340385,4.070513679372103,4.067149007619389,4.063480366510657,4.059490961124569,4.055164072691176,4.050483049378461,4.045431298845011,4.039992281995664,4.034149507775545,4.0278865288615675,4.021186937560913,4.014034363242238,4.006412469296193,3.9983049508922166,3.989695533218945,3.980567969734198,3.9709060408084227,3.9606935527043823,3.949914336605638,3.9385522477807053,3.9265911651575602,3.9140149911794695,3.900807651051516,3.886953093010717,3.872435288202097,3.8572382309599336,3.84134593909061,3.8247424543477546,3.807411843020719,3.7893381966804687,3.770505633078859,3.750898297204829,3.7305003625196265,3.709296032235577,3.687269541019513,3.6644051569136655,3.640687182946145,3.6160999596842274,3.5906278679646806,3.5642553310079994,3.5369668180540534,3.508746848097052,3.4795799927174413,3.4494508811517157,3.4183442053212225,3.386244723661282,3.3531372681405953,3.319006750993808,3.2838381699333836,3.2476166178590984,3.2103272918693615,3.1719555003971043,3.13248667667617,3.091906390829926,3.0502003597044687,3.007354465629227,2.9633547726930476,2.9181875403765614,2.871839248601313,2.824296621788371,2.7755466507537983,2.7255766227808342,2.6743741503539025,2.621927212164455,2.5682241893793374,2.5132539100234412,2.457005702315961,2.3994694437157578,2.3406356333992293,2.28049545254911,2.2190408509805186,2.1562646336938545,2.092160553699209,2.026723438877994,1.959949307602552,1.8918355110628269,1.8223808908458543,1.7515859655084047,1.6794531233775003,1.6059868530999457,1.5311939930466398
4.118090452261306,4.117128505001386,4.116124434997575,4.115054453631988,4.113896726370742,4.112630715268257,4.111236788625645,4.10969597126018,4.107989780542916,4.106100112875879,4.104009162911652,4.1016993641225294,4.099153345008799,4.096353895358802,4.0932839401014665,4.089926518782183,4.086264769267467,4.0822819142246765,4.07796125079229,4.073286141569334,4.068240007331955,4.0628063209264305,4.056968602177679,4.0507104136754295,4.044015356762835,4.036867069023994,4.029249221311182,4.021145515550801,4.012539683022285,4.003415482646372,3.993756699658157,3.983547144608983,3.9727706524160378,3.961411081544638,3.9494523135918103,3.9368782531449837,3.923672827044805,3.9098199846489736,3.895303697710709,3.8801079606534423,3.8642167908470677,3.84761422907224,3.830284340095481,3.81221121339823,3.793378964055878,3.7737717337702468,3.7533736920771474,3.7321690375964995,3.7101419996977607,3.6872768403780243,3.663557855836482,3.6389693789710287,3.6134957820480054,3.5871214787692485,3.559830927827379,3.531608636558212,3.502439163709605,3.4723071243997476,3.441197195035251,3.4090941170552926,3.3759827037974497,3.3418478470827178,3.3066745223121625,3.270447797965372,3.2331528444153483,3.1947749409073785,3.155299488735056,3.114712023067073,3.0729982225652925,3.0301439277448385,2.986135156900376,2.9409581194423375,2.894599240416692,2.8470451840535365,2.798282875196031,2.7482995287431424,2.6970826777758115,2.6446202137167623,2.5909004218415195,2.5359120247491433,2.4796442346145784,2.4220868012247694,2.3632300830212283,2.303065106161404,2.2415836494584234,2.178778329234927,2.1146426903385023,2.0491713306376043,1.9823600144402844,1.9142058122100174,1.8447072552793145,1.7738645191495825,1.7016796129280964,1.628156606020364,1.5533018734461292
4.14070351758794,4.13975765860464,4.1387684818670705,4.137712370904991,4.136567620100293,4.135313791755037,4.13393133438913,4.132401338534818,4.130705376400324,4.1288253908566634,4.126743616442368,4.1244425212454985,4.121904764078961,4.1191131614853616,4.116050662166531,4.112700326912142,4.109045312663687,4.105068859292235,4.100754279496292,4.096084949989704,4.091044304378572,4.085615827188676,4.079783048885959,4.073529541755345,4.066838915977519,4.0596948171715725,4.052080923487501,4.043980943460254,4.035378614326323,4.026257700349465,4.0166019915227515,4.00639530259218,3.9956214721269467,3.9842643617194793,3.972307855577901,3.959735860387549,3.946532304589732,3.932681138639439,3.9181663348861555,3.9029718878421686,3.8870818144523764,3.8704801545479874,3.8531509714085717,3.835078352474654,3.81624641020696,3.796639283095721,3.776241136841182,3.755036165575716,3.733008593492101,3.710142676679769,3.68642270466406,3.661833002847393,3.6363579351197592,3.6099819058796334,3.5826893635106662,3.5544648039533313,3.525292773412131,3.4951578732047723,3.4640447645719354,3.4319381723383175,3.3988228916281753,3.364683794305962,3.329505833960273,3.2932740551957083,3.2559736022555,3.217589725846758,3.178107796032146,3.137513313800328,3.095791920473504,3.0529294156751092,3.0089117729134816,2.9637251526281867,2.917355926190909,2.869790698954203,2.8210163312233125,2.7710199670816635,2.719789061921275,2.667311421772358,2.6135752380715904,2.5585691302378333,2.5022821968601194,2.4447040627433023,2.385824948539493,2.3256357286042397,2.2641280142770404,2.201294237064063,2.1371277378737514,2.0716228891802846,2.0047752062744997,1.936581484403605,1.8670399506558346,1.7961504440240301,1.7239146015158011,1.6503360810228742,1.5754208025810053
4.1633165829145735,4.162386452234973,4.161411835082884,4.160369283374943,4.1592372175942485,4.157995298102767,4.156624051889019,4.155104633766623,4.15341866958464,4.151548147669156,4.14947534157415,4.147182753247724,4.144653071153343,4.141869138003273,4.138813925752519,4.1354705159703355,4.1318220842557105,4.12785188730668,4.1235432530408405,4.118879571977404,4.113844290271006,4.108420903870606,4.10259295364954,4.096344021374989,4.089657725871007,4.082517720615111,4.074907690894645,4.066811351707891,4.058212446117524,4.049094743613011,4.0394420388410115,4.02923815065026,4.018466921182084,4.007112215087805,3.9951579191299107,3.9825879420463464,3.969386213844885,3.955536686054857,3.941023331610278,3.925830145111924,3.9099411430908497,3.893340364451741,3.87601187102221,3.857939748249303,3.839108106039411,3.8195010797449207,3.799102831318278,3.777897550506727,3.7558694564442603,3.7330027994469495,3.709281862517776,3.6846909637335927,3.659214458797667,3.632836743015489,3.605542254694578,3.5773154786371366,3.548140948786977,3.518003252971941,3.4868870376077057,3.4547770112775473,3.421657951300813,3.387514710032274,3.352332219735832,3.31609550167415,3.278789674543101,3.240399961146715,3.20091170101041,3.1603103617004638,3.1185815480255226,3.075711019619882,3.0316847061915997,2.9864887202850374,2.9401093807731855,2.892533235416572,2.843747081387217,2.7937379934888904,2.742493351103618,2.690000876706701,2.6362486699066063,2.58122524914235,2.5249196018264315,2.4673212304185332,2.4084202206698038,2.348207298295798,2.28667391062469,2.2238123081365995,2.159615631948359,2.0940780336777824,2.0271947845598017,1.958962410044945,1.889378838892216,1.8184435800335121,1.7461579053943717,1.6725250689756732,1.5975505440911584
4.185929648241206,4.185014893952192,4.184054510195708,4.183025213594692,4.1819055479788245,4.180675269628798,4.179314982288774,4.177805903650612,4.176129712033316,4.174268440225679,4.172204399945143,4.169920126260202,4.167398336636934,4.164621899385113,4.161573809204288,4.158237167988521,4.154595169585743,4.150631087152285,4.146328263491194,4.141670102624248,4.136640062979232,4.131221651677479,4.125398419771124,4.119153958301239,4.112471894545275,4.105335889666418,4.097729635932439,4.089636854662868,4.081041294618519,4.071926730399771,4.062276961204727,4.0520758098949194,4.041307122105629,4.029954765480302,4.01800262928025,4.005434624251664,3.9922346819352765,3.978386754912251,3.963874816689589,3.9486828619561205,3.932794906839885,3.9161949893413808,3.898867169870393,3.8807955319267857,3.8619641829215112,3.8423572551411214,3.8219589068759774,3.800753323588229,3.778724719468245,3.755857339189935,3.732135459381928,3.7075433909615154,3.6820654816305267,3.655686117807035,3.6283897279499584,3.600160785974449,3.570983813839875,3.540843386187803,3.509724134942127,3.477610752809357,3.4444879997031577,3.4103407089054647,3.375153791832359,3.3389122469257395,3.3016011679035966,3.2632057502879177,3.223711303745262,3.1831032631605294,3.141367197636852,3.098488827702284,3.0544540402293032,3.00924890091955,2.962859677297726,2.9152728607904947,2.8664751868116594,2.8164536623889913,2.7651955925385057,2.712688617980291,2.6589207484641637,2.603880403605164,2.5475564620005033,2.4899383063495804,2.4310158903348578,2.3707797941332527,2.309221304458774,2.24633249448599,2.1821063096127142,2.1165366850584033,2.049618652878401,1.9813484740561957,1.9117237848419169,1.8407437704552496,1.768409344654767,1.694723365068461,1.6196908664439615
4.208542713567839,4.207642991635417,4.206696522406721,4.2056801836090045,4.204572639722643,4.203353740851479,4.202004165818807,4.200505193821473,4.198838554502432,4.196986324141948,4.19493085178709,4.192654704902859,4.190140629323807,4.1873715183972875,4.184330389069619,4.181000363114633,4.177364652229394,4.1734065456677545,4.169109400791742,4.164456634829396,4.159431718212194,4.154018168988436,4.148199548165381,4.141959455854126,4.135281527599641,4.12814943208175,4.120546868395123,4.112457564041512,4.1038652733545895,4.094753775933322,4.085106875427312,4.074908398622868,4.064142194572725,4.052792133847102,4.040842108151758,4.028276030197696,4.015077833025781,4.0012314702469345,3.9867209159297867,3.9715301648507277,3.9556432327452975,3.9390441567315673,3.9217169958347875,3.9036458316528213,3.8848147691586847,3.8652079376434085,3.8448094918189826,3.823603612960169,3.8015745104262098,3.7787064233770224,3.7549836222114825,3.730390410849517,3.704911129172559,3.678530154912135,3.651231906900907,3.6230008484124836,3.593821489691771,3.5636783924907696,3.5325561745672913,3.5004395131075094,3.467313151009667,3.4331619029099176,3.397970659842732,3.3617243979388034,3.3244081864950688,3.286007194358756,3.2465067020009912,3.2058921123500235,3.164148959593825,3.121262926017881,3.0772198566028757,3.032005771237512,2.9856068872239425,2.938009640886324,2.889200707226137,2.839167026967223,2.7878958323692817,2.7353746841596918,2.6815915041588467,2.6265346152699816,2.5701927895889582,2.5125552925886017,2.4536119486597006,2.393353195482238,2.3317701624890144,2.2688547492005293,2.2045997092941563,2.1389987659699687,2.0720467168958567,2.003739563828675,1.9340746562359057,1.8630508618752226,1.790668743150937,1.7169307687308666,1.6418415428456243
4.231155778894473,4.230270752987123,4.229337886575473,4.228334214966095,4.227238520651712,4.226030745508438,4.2246916417979286,4.2232025488780085,4.221545246594021,4.2197018537671624,4.217654755958068,4.215386552319799,4.212880016434794,4.210118066140015,4.207083740141427,4.203760179657116,4.200130613842047,4.19617834769456,4.191886752816201,4.187239259351346,4.182219349471507,4.176810551911831,4.170996437415843,4.164760614965209,4.158086728190546,4.150958453122939,4.143359495533743,4.135273588970917,4.126684493218402,4.117575992763862,4.107931895610595,4.097736032383566,4.086972255478091,4.075624438327199,4.0636764750278775,4.051112280213403,4.037915788392615,4.024070954184547,4.00956175220829,3.99437217732724,3.978486244894651,3.9618879911673717,3.944561473818594,3.9264907725882785,3.907659990067641,3.8880532526208555,3.8676547114632984,3.8464485437777842,3.824418954202318,3.8015501765080426,3.7778264750053525,3.753232146775285,3.727751524055777,3.7013689760880935,3.6740689122959176,3.645835785551243,3.616654094648365,3.5865083887397176,3.5553832717353715,3.5232634056495677,3.490133516746613,3.4559784014343617,3.420782930821462,3.384532059225606,3.3472108320671303,3.3088043921123425,3.2692979912857174,3.228677001267652,3.186926922104006,3.144033398682544,3.099982235015477,3.0547594061861187,3.00835108037565,2.960743640010808,2.9119237009981234,2.861878139198591,2.8105941156916643,2.7580591129380143,2.7042609667182447,2.649187905293035,2.592828596524348,2.535172191141824,2.4762083869671994,2.4159274821665027,2.354320452160994,2.291379026400518,2.227095770767499,2.1614642007434566,2.0944788843176174,2.026135569172118,1.9564313236245099,1.8853647041225416,1.812935928426734,1.7391470835520266,1.6640023511536874
4.2537688442211055,4.252898185537113,4.251978617227598,4.250987328728874,4.249903217964052,4.2487063165744186,4.247377448654231,4.245898012406961,4.2442498367827,4.2424150822133155,4.240376169974368,4.238115730213673,4.235616563654218,4.232861612086329,4.2298339354989345,4.226516694128188,4.2228931342041145,4.218946576124097,4.214660405416608,4.21001806485867,4.205003048103851,4.199598894339209,4.193789183830406,4.187557534234516,4.180887597089875,4.173763055617019,4.1661676221170225,4.158085036050974,4.149499062533151,4.140393490832382,4.130752133209979,4.120558824045284,4.109797419002927,4.098451794316151,4.086505846421073,4.073943491831592,4.06074866649302,4.046905326011279,4.032397445544934,4.017209020043787,4.001324064488727,3.9847266142960387,3.9674007258185395,3.9493304769813284,3.9304999680486272,3.9108933225248097,3.8904946882084874,3.8692882382837506,3.8472581727747213,3.824388720186094,3.8006641388778095,3.776068719246858,3.7505867860605346,3.724202700261645,3.6969008620772246,3.6686657142121275,3.6394817442679077,3.6093334890808664,3.5782055390244896,3.546082541281641,3.5129492058556036,3.4787903113340586,3.4435907093454308,3.407335332881505,3.3700092040183804,3.3315974400221195,3.292085264905012,3.251458019792815,3.209701171345388,3.1668003278791943,3.1227412533412497,3.0775098789952615,3.031092324979342,2.9834749210021645,2.9346442251647162,2.884587049875859,2.8332904865778876,2.780741941154951,2.7269291651986314,2.671840294354154,2.6154638944713464,2.5577890039705813,2.4988051967736618,2.438502634457817,2.376872141640086,2.313905281215937,2.249594435126184,2.1839329153573908,2.116915064846427,2.0485363822649147,1.978793660320333,1.9076851502049688,1.8352107316440331,1.761372117201395,1.6861730737907474
4.276381909547739,4.275525296646404,4.274618728562363,4.273639545485977,4.272566758244019,4.271380486278749,4.270061623945567,4.268591627006346,4.26695237244173,4.265126061383871,4.263095150041683,4.260842298879245,4.25835033516576,4.255602224120161,4.25258104654786,4.249269981286046,4.245652291265188,4.241711311943688,4.237430442471086,4.232793137979474,4.227782903352063,4.222383287997951,4.2165778814954376,4.210350309986067,4.203684232741801,4.196563340014331,4.188971350490665,4.180892009414817,4.172309087114065,4.163206377533197,4.1535676970979125,4.143376883859464,4.132617796680107,4.121274314532034,4.109330336139488,4.096769779856219,4.0835765830331505,4.0697347022422825,4.055228113170857,4.040040810854431,4.02415680991116,4.0075601449369085,3.9902348709950215,3.9721650642377484,3.9533348226558322,3.9337282669593248,3.913329541608066,3.892122815878483,3.870092285285684,3.8472221731874297,3.8234967321280613,3.7989002459718173,3.773417032184251,3.7470314435971392,3.7197278714483653,3.691490748504792,3.6623045514272556,3.6321538050129463,3.601023086402899,3.568897028281482,3.5357603247554885,3.5015977369914073,3.4663940975730743,3.4301343186426054,3.392803399452391,3.3543864323360593,3.3148686140141677,3.274235255735798,3.232471791514347,3.1895637939033614,3.1454969876683223,3.1002572612177905,3.053830687701531,3.0062035452642935,2.957362335463526,2.9072938086368927,2.8559849881002703,2.8034232048163386,2.749596128000278,2.6944918026675673,2.6380986948327876,2.580405732992325,2.521402369784539,2.4610786330661005,2.399425199795724,2.3364334697645885,2.2720956447540335,2.206404837402951,2.139355170140561,2.070941897605273,2.0011615423422007,1.9300120562455394,1.85749298751201,1.7836056813507488,1.7083534976593775
4.298994974874372,4.298152093511017,4.297258234460023,4.296290885362497,4.295229167476248,4.294053286122339,4.2927442043794555,4.291283434308154,4.289652899868397,4.287834842001704,4.285811751085484,4.283566317236124,4.281081393687434,4.278339968573443,4.275325143059585,4.272020114176008,4.268408161187056,4.264472634281408,4.260196945930399,4.255564563349602,4.250559002404906,4.245163822502545,4.239362622328487,4.233139036321934,4.226476731318165,4.219359404445145,4.2117707806351445,4.203694610787724,4.1951146703283575,4.186014757774867,4.176378693625731,4.16619031952343,4.155433497457689,4.144092109079689,4.132150055351888,4.11959125642796,4.106399651034215,4.092559196688327,4.0780538695956,4.062867664876655,4.046984596796272,4.030388699149519,4.013064025740428,3.9949946509894025,3.976164670665957,3.9565582027497688,3.9361593884380817,3.9149523931886114,3.8929214081099035,3.870050651529543,3.846324370308034,3.8217268419246913,3.7962423767083706,3.7698553195629727,3.742550052940004,3.7143109998922808,3.6851226263862324,3.654969445450696,3.6238360212915213,3.5917069724199697,3.5585669774026885,3.5244007803750104,3.489193195302079,3.452929113941962,3.415593513232297,3.3771714611295045,3.3376481276691594,3.297008794886712,3.255238864872414,3.212323875207631,3.1682495123407572,3.1230016227687947,3.076566233685176,3.028929572800162,2.9800780863628127,2.9299984639913395,2.8786776623542236,2.8261029391132584,2.772261882882405,2.7171424499924677,2.6607330087555763,2.6030223800816157,2.5439998978902296,2.483655459129763,2.4219795961860067,2.3589635491306944,2.2945993432975693,2.2288798960497673,2.1617991137728634,2.093352011963297,2.023534848360107,1.9523452814202766,1.8797825342175731,1.8058475915973873,1.7305434140582503
4.321608040201005,4.3207785831656835,4.319897148489044,4.318941368030513,4.317890471059322,4.3167247468943355,4.315425225832596,4.313973475000581,4.312351464308837,4.310541473636406,4.3085260267807195,4.306287842860731,4.303809800505733,4.301074910262358,4.298066293209401,4.294767164170665,4.291160818385699,4.287230620449838,4.282959995863389,4.278332423659679,4.273331430445648,4.267940585404631,4.2621434961297195,4.255923805175021,4.2492651867724955,4.242151344774866,4.234566010222045,4.226492939544517,4.217915913153641,4.208818734039568,4.199185226683929,4.18899923624149,4.178244627760789,4.166905285513331,4.154965112650923,4.142408031088079,4.1292179808968905,4.115378920520704,4.100874826672457,4.085689694557096,4.069807538095121,4.053212390299937,4.035888303745675,4.017819351160925,3.9989896261449895,3.9793832440096266,3.958984342763885,3.9377770841336615,3.9157456549210243,3.8928742685374607,3.869147166288372,3.8445486194125946,3.819062931263562,3.7926744389962774,3.7653675164740337,3.7371265772544597,3.7079360768503093,3.677780516786698,3.646644448624856,3.6145124770209933,3.58136926534995,3.547199541097201,3.51198810002557,3.4757198139643135,3.4383796380339615,3.3999526163566434,3.360423892876292,3.3197787210631735,3.278002471791843,3.23508064844494,3.19099889999942,3.1457430319638737,3.099299026585177,3.051653062244336,3.0027915310908573,2.9527010633466326,2.9013685504806683,2.8487811784406425,2.7949264569777417,2.7397922556432737,2.6833668471364067,2.625638947071035,2.5665977731619196,2.5062330942062,2.444535301042577,2.381495477343885,2.3171054756388547,2.2513580220123512,2.184246811190533,2.115766624333912,2.0459134596411146,1.974684687896929,1.9020792133568882,1.8280976673884628,1.752742618599407
4.344221105527638,4.343404772487473,4.342535483913115,4.341591012719332,4.340550693819081,4.33939489868836,4.338104723369878,4.336661788849692,4.335048109982238,4.333246004730917,4.331238029580756,4.329006932017481,4.326535615508946,4.32380711252269,4.32080456361382,4.3175112010090775,4.313910335572269,4.3099853459887445,4.305719670501285,4.3010967997009875,4.296100270699435,4.290713662241787,4.284920590632069,4.2787047063604895,4.272049690892677,4.264939254657882,4.257357134669017,4.249287092765579,4.240712914234926,4.23161840644102,4.22198739776096,4.211803736784546,4.201051291551964,4.189713948897619,4.177775614114853,4.1652202108407534,4.152031680464193,4.13819398233459,4.123691093662258,4.108507009735705,4.092625744139987,4.076031329125485,4.0587078160651435,4.040639276034809,4.021809800513389,4.002203502205711,3.98180451600531,3.9605969999911417,3.938565136756576,3.915693134908455,3.891965230322864,3.8673656881393015,3.841878804893369,3.815488910166077,3.7881803694261564,3.7599375869499463,3.7307450080318,3.7005871229517644,3.669448470910455,3.6373136430199287,3.6041672878037327,3.5699941164702347,3.5347789069870035,3.4985065116995697,3.4611618643979347,3.4227299859008125,3.383195994640724,3.342545116156916,3.3007626908001635,3.2578341885109303,3.21374522162197,3.168481555556599,3.1220291286031308,3.0743740708948453,3.025502721664746,2.97540165303349,2.9240576926880375,2.8714579564155587,2.8175898768068643,2.762441238499778,2.7060002206274696,2.6482554357522003,2.589195987847637,2.528811520262619,2.467092285255949,2.4040292133587537,2.3396139878690057,2.273839147517315,2.2066981796758065,2.138185635890804,2.0682972599963545,1.997030140774903,1.92438286986816,1.8503557319466166,1.7749509111268504
4.366834170854272,4.36603066819932,4.365173253698023,4.364239838225519,4.363209860021644,4.3620637709183585,4.360782731262955,4.359348414720583,4.357742880104477,4.35594848262753,4.353947810745654,4.3517236396892045,4.349258897219646,4.346536637244302,4.343540019366937,4.340252292834945,4.336656783793003,4.3327368847066685,4.328476046280889,4.3238577704101635,4.318865604479437,4.3134831365850745,4.307693991550097,4.301481827625889,4.294830333352271,4.287723225590008,4.280144247193296,4.272077165291374,4.263505769940104,4.254413872780871,4.244785306000455,4.234603921548114,4.223853590389957,4.212518201867098,4.200581663367613,4.188027900213701,4.174840855082623,4.161004488210647,4.146502777295398,4.131319717708133,4.115439322707054,4.0988456237977005,4.081522671179831,4.063454534314697,4.044625302609453,4.02501908622157,4.0046200170000485,3.9834122494598287,3.9613799620811063,3.9385073587749715,3.9147786701110925,3.8901781552675483,3.864690104116103,3.8382988388346893,3.8109887166867353,3.7827441328763283,3.7535495227093705,3.723389365473645,3.6922481882867557,3.6601105690205036,3.6269611416800074,3.592784601560928,3.557565709233539,3.521289297994807,3.483940280779962,3.4455036556234058,3.405964516013648,3.365308060179107,3.323519598623502,3.280584568585117,3.2364885465617266,3.1912172587749152,3.144756600521101,3.097092654744142,3.0482117089183247,2.998100278330669,2.94674512827362,2.894133305894928,2.8402521682920576,2.785089417016923,2.7286331396418944,2.6708718478766125,2.6117945343682494,2.5513907196669225,2.4896505203610033,2.4265647170347036,2.36212482726212,2.2963232062711185,2.2291531383072845,2.1606089499410914,2.0906861357288613,2.01938150802611,1.9466933519654026,1.872621612196654,1.7971680956361984
4.389447236180905,4.388656276873512,4.387810470518402,4.3868878629227215,4.385867993386151,4.3847313923341416,4.383459283008414,4.382033390598088,4.380435816911231,4.3786489535933,4.376655420369784,4.374438019606883,4.371979702826448,4.36926354490482,4.366272724075984,4.362990506233931,4.359400232468241,4.355485308721564,4.351229197886761,4.346615412912878,4.341627511231938,4.3362490900854676,4.330463782627702,4.324255254700083,4.317607201760606,4.310503346959683,4.302927438863944,4.294863249775685,4.286294574414117,4.277205228603749,4.267579048257108,4.257399888608973,4.246651623487062,4.235318144684222,4.2233833616374525,4.210831201317394,4.197645607661887,4.183810541775213,4.169309981832414,4.154127923286664,4.138248379077656,4.121655379983804,4.104332975059017,4.086265232187183,4.067436238751213,4.047830102419393,4.0274309520655365,4.006222938721566,3.9841902368478337,3.9613170457660667,3.937587590859607,3.912986125479873,3.887496932985275,3.8611043283176985,3.8337926607202175,3.8055463165289725,3.776349721286155,3.7461873435343795,3.7150436985795743,3.682903351350348,3.6497509216587756,3.6155710892440456,3.5803485976681992,3.544068261605096,3.5067149736003693,3.4682737094116947,3.428729538138423,3.3880676313046694,3.3462732702289473,3.3033318601711668,3.259228942585707,3.213950205356779,3.167481501734687,3.1198088685094265,3.0709185425295984,3.0207969834892463,2.969430895644524,2.916807258992949,2.8629133567709775,2.807736809234465,2.751265614359177,2.6934881851566024,2.634393405313668,2.5739706751789027,2.512209978522912,2.449101949116324,2.384637942249847,2.3188101334285767,2.25161160792212,2.183036471880976,2.113079975582486,2.0417386604369785,1.969010511073442,1.8948951386934998,1.8193939801956505
4.4120603015075375,4.411281604935052,4.410447146764268,4.409535104771216,4.408525117097165,4.407397791036479,4.406134411345472,4.40471675360692,4.403126961680485,4.4013474628448135,4.3993609074087345,4.397150124278619,4.394698088214954,4.391987894602468,4.389002739895955,4.385725906270021,4.382140749430436,4.378230688500377,4.37397919829231,4.369369802566352,4.364386068580234,4.3590116025190655,4.3532300456845965,4.347025071340914,4.340380381711568,4.333279706097835,4.325706798652727,4.3176454367374575,4.309079419631703,4.29999256725085,4.290368719151067,4.2801917337803035,4.26944548776497,4.25811387529584,4.246180807814012,4.2336302139026705,4.220446038733001,4.206612244258841,4.192112809122929,4.176931728859495,4.161053016097837,4.144460700906518,4.1271388312202655,4.109071473381964,4.090242712796659,4.070636654700279,4.050237425059185,4.029029171501415,4.006996064558654,3.984122299067222,3.9603920953414686,3.9357897010378355,3.9102993931484353,3.88390547954233,3.8565923016229937,3.828344237058286,3.7991457018463453,3.7689811540261258,3.7378350973571073,3.7056920841150744,3.6725367202371424,3.6383536702542765,3.6031276611006504,3.5668434892429803,3.5294860272921333,3.4910402292253804,3.4514911402954938,3.410823905915434,3.369023778865815,3.326076133136126,3.2819664759116702,3.2366804575848684,3.1902038902852357,3.142522765662187,3.0936232710474187,3.0434918117562586,2.992115032338065,2.9394798470980366,2.885573467009923,2.8303834327863506,2.7738976547304195,2.7161044492661857,2.656992593439066,2.5965513699415665,2.534770632523298,2.471640871214126,2.4071532823964223,2.3412998655619326,2.2740735110788894,2.205468109152177,2.1354786706916804,2.064101471551426,1.9913342017639561,1.9171761455512524,1.841628376868081
4.434673366834171,4.433906658664973,4.433083294547453,4.432181581327274,4.431181253816821,4.430062994491913,4.4288081482732995,4.427398540031407,4.425816354754554,4.424044054572391,4.422064319705625,4.419860005017948,4.4174141079979705,4.414709744088121,4.411730127563419,4.408458556521011,4.404878400961247,4.400973092897691,4.396726118799901,4.39212101300088,4.387141352367491,4.38177075183123,4.375992860661647,4.369791359381707,4.363149956831207,4.356052388326533,4.348482413483764,4.340423814611371,4.331860395448857,4.322775979912243,4.313154411121004,4.3029795506654915,4.292235277909239,4.280905489388304,4.268974098504012,4.256425035416956,4.243242246504994,4.229409694553434,4.214911358663164,4.1997312344485875,4.183853334236488,4.167261687402426,4.149940340787972,4.131873359230498,4.113044826202484,4.0934388445630026,4.073039537437123,4.05183104912631,4.029797546322664,4.0069232194786615,3.9831922839543186,3.9585889818397737,3.9330975839045434,3.90670239110438,3.8793877371798047,3.8511379913255417,3.8219375602103596,3.7917708916056094,3.7606224779835653,3.7284768592510273,3.695318627781087,3.661132433236936,3.6259029862967367,3.5896150656267505,3.552253524347786,3.513803295142019,3.4742493999462165,3.4335769586422518,3.391771196105908,3.3488174557486987,3.304701211244273,3.2594080763204563,3.2129238228912795,3.165234398457035,3.116325941917539,3.0661848053977967,3.0147975750417064,2.9621511008893924,2.90823252321682,2.853029304909893,2.7965292704834646,2.7387206418419137,2.679592091661193,2.619132787472654,2.5573324557467023,2.494181445785684,2.42967079837423,2.3637923406305767,2.2965387720212163,2.2279037711992165,2.157882114532242,2.0864698176148755,2.013664281692633,1.939464470373411,1.8638711016343454
4.457286432160805,4.456531444203572,4.455718925707867,4.454827309752304,4.453836425696693,4.4527270295471935,4.451480525067912,4.450078785334742,4.448504035561566,4.446738771963715,4.444765704016771,4.442567711971459,4.440127815545015,4.4374291497966,4.434454946429529,4.431188519113156,4.427613251827762,4.423712589193429,4.419470029079999,4.4148691161603315,4.409893436698558,4.404526614179634,4.398752305665114,4.392554198776631,4.385916008824177,4.378821477006434,4.3712543682819325,4.363198469797165,4.354637589653012,4.345555555677848,4.335936214475866,4.3257634307105794,4.315021086422411,4.30369308044119,4.291763328085536,4.279215761059055,4.266034326920169,4.252202989267927,4.237705727651995,4.22252653776604,4.206649431642,4.190058437978855,4.172737602550416,4.154670988723197,4.135842678081349,4.116236771161297,4.095837388311457,4.074628670582242,4.052594780913203,4.029719905472216,4.00598825477699,3.9813840654771027,3.955891602259903,3.9294951593237193,3.902179062918759,3.8739276739573305,3.8447253899886618,3.814556648747226,3.783405931671493,3.751257766576729,3.718096732575959,3.6839074647974206,3.648674658026806,3.6123830735275373,3.5750175453651805,3.5365629854013494,3.4970043927756365,3.456326862406096,3.4145155918828243,3.3715558947166238,3.3274332118103738,3.2821331210365052,3.235641354979256,3.1879438179598867,3.1390266015080863,3.0888760057215814,3.0374785596125453,2.984821050353208,2.9308905490539305,2.875674442454764,2.819160471127943,2.7613367644837328,2.702191893054802,2.6417149116563823,2.5798954221673744,2.516723636117219,2.4521904419399045,2.386287497951411,2.3190073166421343,2.250343369427554,2.180290202872995,2.1088435775193015,2.0360006115374323,1.9617599541842679,1.8861219743177904
4.4798994974874375,4.479155967553568,4.478354051819635,4.477472306821783,4.47649065438937,4.475389922443393,4.474151572298696,4.472757524177773,4.471190042636454,4.46943165722691,4.467465106036761,4.465273294145782,4.462839263011117,4.4601461668772115,4.457177254492231,4.453915854754972,4.450345365317814,4.446449243129646,4.442210997209348,4.437614182341668,4.432642393980739,4.427279263976257,4.421508457009799,4.415313667644949,4.4086786175190165,4.401587053583071,4.394022746020091,4.385969486707742,4.377411088011977,4.368331381587159,4.358714217445327,4.34854346325541,4.337803003675795,4.326476739779674,4.314548588760953,4.302002483832584,4.2888223737079825,4.27499222278257,4.26049601104559,4.245317734269043,4.22944140419748,4.21285104886931,4.195530713015376,4.177464458565163,4.158636365257697,4.139030531359709,4.118631074506094,4.097422132570004,4.075387864823473,4.052512453246746,4.028780103624693,4.004175047289204,3.978681542982691,3.952283878298401,3.9249663721649477,3.8967133773986258,3.8675092826342055,3.8373385157947975,3.8061855475327575,3.774034893843029,3.7408711208757004,3.706678849549418,3.6714427591128187,3.635147593815227,3.5977781690921042,3.559319376448504,3.519756192734187,3.4790736884581372,3.4372570345302798,3.3942915152231206,3.3501625393934646,3.3048556498499315,3.2583565407134607,3.2106510740754435,3.161725295134397,3.111565453098978,3.060158021096322,3.0074897247984667,2.9535475676502423,2.8983188618917506,2.8417912659601723,2.783952818755797,2.724791990849127,2.6642977267353274,2.6024595063363147,2.5392674063055316,2.474712165910897,2.40878527816978,2.3414790724491423,2.2727868171625105,2.202702833728361,2.131222632749253,2.0583430549379087,1.9840624413614245,1.9083808185099318
4.50251256281407,4.5017802345831885,4.500988684197081,4.500116588933976,4.499143961059779,4.498051698829674,4.496821319844516,4.495434790437361,4.493874413641427,4.492122751613037,4.490162570422893,4.4879767994338735,4.485548501364877,4.482860849223522,4.479897108427653,4.476640622770185,4.473074803274424,4.469183118946377,4.464949089708175,4.460356280233436,4.455388294963536,4.450028773928296,4.4442613892610785,4.438069842314114,4.431437860912265,4.42434919763191,4.416787627765052,4.408736947816007,4.4001809743215885,4.391103542677672,4.381488506228931,4.371319735583447,4.3605811179599065,4.349256556625558,4.337329970608474,4.324785294598004,4.3116064784375245,4.297777487301812,4.283282301610652,4.2681049172134315,4.252229345574564,4.235639614087504,4.21831976646432,4.200253863230502,4.181425982322142,4.161820219787994,4.141420690611117,4.120211529559487,4.09817689232071,4.075300956782139,4.0515679241027795,4.0269620204168985,4.001467498656084,3.97506863995738,3.9477497560926995,3.9194951919645047,3.8902893274935524,3.8601165810120177,3.828961412628251,3.796808326781983,3.763641876950825,3.729446670161906,3.6942073704742695,3.6579087055032176,3.62053547246978,3.5820725429761464,3.5425048720783567,3.5018175064188237,3.4599955908194855,3.4170243809624328,3.3728892543672506,3.3275757195530837,3.2810694330252725,3.2333562155740054,3.184422067083256,3.1342531869864882,3.0828359937459764,3.0301571528723725,2.9762036016135642,2.9209625793213125,2.8644216640679474,2.8065688061872534,2.747392378424429,2.686881217302492,2.6250246833685953,2.5618127212403206,2.497235924142527,2.4312856232310005,2.363953968529944,2.295234029608982,2.2251199073118175,2.153606867328851,2.0806914784355794,2.0063717795694216,1.9306474614972948
4.525125628140704,4.5244042510292,4.523622833900589,4.522760172118481,4.521796366396262,4.520712383776781,4.519489796909484,4.518110617224319,4.5165571853859925,4.514812095438114,4.512858140819087,4.510678274640757,4.508255580415948,4.505573249502474,4.502614563620823,4.499362881129955,4.495801626129471,4.491914279416704,4.487684371576581,4.4830954769534275,4.478131208777511,4.472775215078176,4.4670111752760056,4.460822797361911,4.454193815211598,4.447107986902438,4.439549092722554,4.43150093370067,4.422947330452309,4.413872122032214,4.4042591650441265,4.394092332970443,4.383355515533754,4.372032618147105,4.360107561632508,4.347564282123459,4.334386730568786,4.320558872905944,4.306064689976394,4.290888177705952,4.27501334728594,4.258424225480088,4.241104855005299,4.223039295015329,4.2042116216845375,4.184605928894225,4.1642063290358715,4.142996953842701,4.1209619554990695,4.098085507892021,4.074351807659218,4.049745075854643,4.024249559730113,3.9978495341119684,3.970529303776577,3.942273205890623,3.9130656118567644,3.882890930631691,3.851733612016405,3.8195781491545686,3.786409083135256,3.752211007405026,3.7169685711730245,3.68066648579212,3.6432895306753355,3.6048225579656146,3.5652505014103983,3.5245583843160477,3.482731325995655,3.439754554174554,3.39561341572846,3.350293385644502,3.3037800836417155,3.256059290117686,3.2071169606366006,3.156939245946768,3.1055125110398025,3.052823362575453,2.9988586730423794,2.9436056104819706,2.8870516743352512,2.829184728273051,2.769993049308658,2.7094653682935714,2.647590928930985,2.584359546586906,2.519761671505543,2.453788476352498,2.38643193551891,2.3176849238119717,2.2475413259902686,2.175996167769791,2.1030457514153875,2.0286878196945253,1.952921734189459
4.547738693467337,4.547028022499837,4.546256511742308,4.545403072044544,4.544447890621352,4.543372001790169,4.542157032038335,4.54078503690092,4.539238393846495,4.537499728104579,4.535551859879205,4.533377765508591,4.530960548841792,4.528283419182773,4.525329674195584,4.522082686484276,4.5185258929365,4.514642785880901,4.510416906329973,4.5058318380853315,4.500871202972102,4.49551865684249,4.489757886243317,4.48357260565748,4.476946554877796,4.469863497361038,4.462307218281003,4.454261523090814,4.4457102363945555,4.436637200825002,4.427026276172994,4.4168613387318265,4.406126280672803,4.394805009507562,4.382881447812686,4.370339533134255,4.357163217502552,4.343336467601377,4.328843264685161,4.313667604755173,4.297793498736502,4.2812049727780055,4.263886068624471,4.245820844089407,4.226993373625695,4.207387748996525,4.1869880800606625,4.1657784955853945,4.143743144331143,4.1208661962751,4.097131843635728,4.0725243025013835,4.047027814572189,4.020626648505979,3.9933051022410733,3.965047505382405,3.93583822100602,3.9056616489037133,3.8745022288004622,3.84234444279718,3.8091728198719705,3.7749719401948,3.7397264384570184,3.703421010112356,3.6660404171632064,3.6275694927270314,3.5879931497170476,3.5472963886223616,3.5054643038136026,3.4624820956790883,3.4183350811288435,3.373008702358916,3.3264885431133178,3.2787603442859767,3.229810018094633,3.1796236676691256,3.1281876056991553,3.075488381276285,3.0215128035373975,2.966247970758479,2.9096813054468313,2.851800586474693,2.7925939971741562,2.7320501649793623,2.6701582192298137,2.6069078487692963,2.5422893638641346,2.476293781996497,2.4089129055641854,2.3401394186178726,2.2699669942392675,2.198390423020287,2.1254057460481803,2.0510104157806035,1.9752034710482473
4.57035175879397,4.569651554477714,4.568889728291764,4.568045304029211,4.567098553502352,4.566030576822854,4.564823053131444,4.563458081097983,4.561918074185176,4.560185688122245,4.558243769289799,4.5560753167411505,4.553663454213799,4.550991408562576,4.548042493043793,4.544800094192606,4.541247661402734,4.537368698279763,4.53314675603365,4.528565427714521,4.52360834355256,4.518259167050019,4.512501591722485,4.506319338401353,4.499696152665736,4.4926158032328685,4.485062080054191,4.477018792909399,4.468469770302962,4.45939885836661,4.449789920007883,4.439626834268932,4.428893495715791,4.417573813912499,4.405651713151692,4.3931111323611445,4.379936024629095,4.366110357369691,4.351618112241792,4.336443285321132,4.3205698872732405,4.303981943646583,4.286663495236328,4.268598598546494,4.249771326347785,4.2301657683334914,4.209766031887174,4.1885562428774055,4.166520546718175,4.143643109565218,4.119908119317606,4.0952997872101164,4.069802349516345,4.043400068864585,4.016077236509043,3.9878181746629844,3.958607238263004,3.928428818141842,3.8972673441745656,3.865107287666962,3.831933165757498,3.7977295456367224,3.7624810478028543,3.7261723521656824,3.688788203705498,3.650313416938408,3.610732884407265,3.5700315842912573,3.528194586572448,3.485207064908266,3.441054306906372,3.395721722696499,3.349194860841278,3.3014594236006856,3.2525012807983753,3.2023064889895245,3.1508613097057285,3.098152235725871,3.0441660142128293,2.988889675189804,2.9323105658926663,2.874416382220974,2.8151952158344273,2.7546355929583313,2.692726530999089,2.6294575949536005,2.5648189580543783,2.498801485843251,2.431396812295449,2.362597434636494,2.2923968185990677,2.2207895244149354,2.1477713372341904,2.073339424966075,1.9974925100180438
4.592964824120603,4.592274852322623,4.59152249388131,4.590686883045286,4.589748374361647,4.588688132287982,4.587487887459527,4.5861297807316035,4.584596260768835,4.582870013128797,4.5809339097923765,4.578770972027771,4.576364343022844,4.573697266796579,4.570753071853878,4.567515158353827,4.563966987920363,4.560092075187179,4.555873981336593,4.551296308463015,4.546342695016018,4.540996811978859,4.5352423596818605,4.529063065164549,4.522442679664386,4.515364977042722,4.507813751922972,4.499772818315713,4.491226008539553,4.4821571721478275,4.47255017509591,4.462388899114115,4.451657241110396,4.440339112656003,4.4284184397219315,4.4158791625874185,4.402705235375666,4.388880626215488,4.374389317161791,4.359215304363781,4.343342598233913,4.326755223734391,4.309437220732723,4.291372644453465,4.272545566023538,4.2529400731134235,4.232540270687657,4.2113302817817875,4.189294248539089,4.1664163333802176,4.142680719982385,4.118071614836292,4.092573248911324,4.066169878942048,4.038845789649,4.010585296020021,3.981372745035184,3.95119251876937,3.9200290374687623,3.887866761886075,3.8546901975853856,3.8204838990683343,3.7852324729574245,3.7489205839657664,3.711532960431424,3.6730543986838553,3.6334697713491284,3.592764034792633,3.550922235149548,3.507929519939221,3.463771148115746,3.4184324984514762,3.3718990851040407,3.324156572550331,3.2751907891517313,3.2249877459101572,3.1735336543184673,3.1208149520717097,3.066818325707436,3.011530738476945,2.9549394639723583,2.8970321169087243,2.837796699241009,2.777221638149377,2.715295841488908,2.6520087530318333,2.5873504118631847,2.5213115347648665,2.4538835907923544,2.385058894203877,2.314830707631573,2.2431933656255607,2.1701424025475893,2.0956747074219986,2.0197886924573107
4.615577889447236,4.614897921274296,4.614154818611464,4.613327823729095,4.612397372086773,4.6113446910710705,4.610151561677959,4.60880016601944,4.607272987187009,4.605552739909771,4.603622321205084,4.6014647740666685,4.59906326070417,4.5964010419224035,4.59346146113865,4.59022793183543,4.586683927597044,4.582812973841873,4.5785986415043975,4.574024541523537,4.569074320386639,4.563731656392608,4.55798025653583,4.551803853926677,4.545186205335799,4.538111089654864,4.530562306075901,4.522523672746774,4.513979025715861,4.504912217882443,4.495307118182366,4.485147610974739,4.474417595457767,4.463100985165703,4.451181707711022,4.43864370469484,4.425470931252804,4.411647356213047,4.397156962018291,4.3819837448902135,4.366111714994505,4.349524896720892,4.332207329030653,4.314143065898209,4.2953161768441985,4.275710747562291,4.25531088065289,4.234100696382692,4.212064333698255,4.189185951369549,4.165449728947243,4.14083986828496,4.115340595167424,4.088936160568206,4.061610842821205,4.0333489498513195,4.004134820860903,3.9739528293636366,3.9427873861928644,3.9106229417848417,3.8774439903885485,3.8432350741007237,3.807980785978467,3.7716657758777234,3.734274755865748,3.6957925044908335,3.6562038749057915,3.6154938021473613,3.573647309033576,3.530649517525469,3.486485658558146,3.441141080240027,3.3946012630832176,3.346851834613943,3.2978785826430173,3.247667473618546,3.1962046700900824,3.1434765558715445,3.089469758195323,3.0341711749905866,2.9775680077994324,2.9196477919035413,2.8603984414804167,2.7998082867847462,2.737866128454106,2.674561291606056,2.6098836840076753,2.54382387679966,2.476373177553609,2.407523721345837,2.337268571878095,2.2656018426129725,2.1925188221820213,2.1180161262912245,2.042091863071223
4.63819095477387,4.637520766455113,4.636786712356148,4.63596814038811,4.635045565140282,4.634000275542015,4.632814101840802,4.631469266496681,4.629948286269756,4.628233904418094,4.626309042443929,4.624156764587758,4.62176025166173,4.619102780886389,4.6161677102624905,4.612938466302023,4.609398534285677,4.605531450178398,4.601320794451433,4.596750186692791,4.591803281249939,4.586463763575692,4.580715347181117,4.574541771113141,4.5679267975531825,4.560854210311916,4.553307813048892,4.545271427957706,4.536728894733988,4.527664069548957,4.51806082425304,4.50790304577607,4.497174635555956,4.485859509046701,4.473941595466179,4.461404837708429,4.448233191899507,4.434410627551821,4.419921127487844,4.404748688000713,4.388877319015498,4.372291044362886,4.3549739021188545,4.336909945036328,4.318083241066283,4.298477873970519,4.278077944038934,4.2568675688320745,4.234830884172081,4.211952045260715,4.1882152276152365,4.1636046285567705,4.138104468802198,4.111698993693824,4.084372475322614,4.0561092147093305,4.02689354345337,3.996709826699438,3.965542466079226,3.9333759019438252,3.9001946174805906,3.865983142659004,3.8307260572741315,3.794407996656693,3.757013656966277,3.718527799366487,3.678935257970565,3.6382209469610207,3.5963698663567896,3.5533671131276097,3.5091978908102575,3.463847517527509,3.417301440888877,3.369545252284282,3.3205646998659684,3.270345706506184,3.2188743868831544,3.1661370721067645,3.112120331396459,3.0568109987785377,3.000196205305502,2.942263408540474,2.8830004367711184,2.8223955254030844,2.760437370143139,2.6971151799728377,2.6324187341149714,2.56633846112702,2.4988655104666546,2.4299918417422073,2.3597103238179153,2.2880148535796008,2.214900478897116,2.140363547628588,2.064401869845418
4.660804020100502,4.660143392872707,4.6594181847677625,4.658607847008343,4.6576929715693485,4.656654907566767,4.655475533414468,4.654137111031578,4.652622190105005,4.65091354179313,4.648994111543454,4.64684698437489,4.64445535929192,4.641802529568755,4.638871867467866,4.635646812243158,4.6321108606134676,4.62824755885738,4.624040496772212,4.619473302403902,4.614529637786265,4.609193195367814,4.6034476950321475,4.597276881631391,4.590664522637988,4.583594406672754,4.5760503417638665,4.568016154061113,4.559475686826658,4.550412799431269,4.540811366575505,4.530655277703107,4.519928436442255,4.508614760124384,4.49669817953746,4.4841626388401155,4.470992095127241,4.457170518580788,4.442681892395065,4.4275102129336545,4.4116394898869835,4.39505374653981,4.377737020103237,4.3596733621366575,4.340846839057167,4.3212415327385925,4.300841541212717,4.279630979395209,4.257593980054437,4.2347146949045396,4.210977295520391,4.1863659747928095,4.160864948485012,4.134458456434815,4.107130764630706,4.078866167344529,4.04964898874354,4.019463585791363,3.9882943511244675,3.9561257152348723,3.9229421504960973,3.888728175021791,3.8534683556415725,3.8171473134854645,3.779749729160447,3.741260346833091,3.7016639820011408,3.660945528456802,3.6190899639265264,3.576082360943294,3.5319078962525996,3.486551858655022,3.4399996635842256,3.392236867090504,3.34324917854024,3.2930224781867254,3.2415428338858563,3.1887965251954924,3.1347700645869465,3.0794502235730064,3.022824064244343,2.9648789681246877,2.905602679460583,2.844983340842628,2.783009545287188,2.719670388108036,2.654955522702401,2.5888552380427843,2.521360528777955,2.4524631826917846,2.3821558778276404,2.3104322989230295,2.237287257965968,2.162716840342159,2.086718563980853
4.683417085427136,4.6827658054225685,4.682049245282187,4.681246957261615,4.680339609015165,4.67930860851877,4.67813588129108,4.6768037278406585,4.6752947300555,4.673591686379312,4.671677565676955,4.669535473287584,4.667148626006755,4.664500332808153,4.661573979901223,4.658353019000473,4.654820958010286,4.650961353295039,4.646757803772007,4.642193945758087,4.6372534488034605,4.6319200121975905,4.626177362055601,4.6200092489063405,4.61339944539616,4.60633174484952,4.598789959566512,4.590757919565525,4.582219471596313,4.57315847815839,4.5635588167393975,4.553404379241421,4.542679071434541,4.5313668124862305,4.519451534720008,4.506917183531369,4.4937477169629245,4.479927105851745,4.465439333756208,4.4502683971093235,4.434398305372687,4.4178130812979255,4.400496761251206,4.3824333956257036,4.363607049339576,4.344001802421567,4.323601750696533,4.302391006495128,4.2803536996009734,4.257473978319348,4.233736010371682,4.209123984318357,4.1836221110805125,4.157214625115383,4.129885786446256,4.101619882747762,4.072401230921981,4.042214179935113,4.011043113630186,3.9788724528611685,3.945686659429967,3.911470239859741,3.87620774830462,3.8398837920112117,3.8024830363810334,3.7639902089626642,3.724390107053016,3.6836676045076464,3.6418076572559537,3.5987953139364923,3.5546157250971953,3.509254150865375,3.4626959752097366,3.414926719620319,3.365932055531465,3.315697821513787,3.264210039627349,3.2114549390054017,3.1574189766090943,3.102088862797737,3.0454515921959113,2.9874944719321554,2.928205164022425,2.867571720234587,2.805582633089549,2.742226886651948,2.677494011158161,2.6113741589351624,2.543858173063929,2.4749376730780153,2.404605150141386,2.3328540811904377,2.2596790471236203,2.1850758761355635,2.1090417998298086
4.706030150753769,4.705388008890537,4.704679903123654,4.703885484512655,4.702985494722156,4.701961399290157,4.700795169801556,4.6994691445035865,4.697965936775381,4.696268371744334,4.694359441176241,4.692222270282276,4.6898400932565325,4.687196234425698,4.684274093638286,4.68105713479424,4.67752887673639,4.6736728856920235,4.6694727694967755,4.664912172555601,4.659974771768789,4.65464427311539,4.648904408804138,4.642738934914935,4.636131629153485,4.629066289443742,4.621526732263107,4.613496791412909,4.604960317053268,4.595901174743189,4.586303244695734,4.576150421216977,4.565426612171588,4.554115738522583,4.542201734095231,4.5296685454947685,4.516500131690851,4.502680464161544,4.488193526821673,4.473023316172657,4.457153841452925,4.440569124893446,4.423253202034923,4.405190122130986,4.38636394863499,4.366758759772492,4.346358649211436,4.325147726755953,4.3031101192723735,4.280229971734074,4.25649144809596,4.231878732685583,4.206376031691055,4.179967574310132,4.152637614735067,4.12437043419156,4.095150342479709,4.0649616807478095,4.033788824242695,4.001616184396326,3.9684282126757906,3.9342094042731603,3.8989443009505447,3.8626174963813384,3.825213641101008,3.786717446410752,3.747113691812112,3.7063872316676165,3.6645230005940976,3.62150602386607,3.5773214264145943,3.5319544403284313,3.4853904188067064,3.4376148495416294,3.3886133668708323,3.3383717685983294,3.286876031992805,3.2341123368662323,3.1800670858812485,3.1247269295749796,3.0680787965702505,3.0101099212103124,2.950807885053598,2.8901606509966546,2.8281566132152287,2.7647846468947552,2.700034161722374,2.6338951762611504,2.5663583852024634,2.4974152433353507,2.4270580588117294,2.3552801050339034,2.282075736516489,2.207440529451324,2.131371434832979
4.728643216080402,4.728010007955276,4.7273101673095015,4.726523441826013,4.725630645546917,4.724613300302634,4.723453422728336,4.722133387977652,4.720635840226327,4.718943630696893,4.717039773550877,4.714907413432997,4.712529801551903,4.70989027724834,4.706972253708708,4.70375920674921,4.700234665909416,4.696382207061512,4.6921854467622905,4.6876280373258705,4.682693662840026,4.677366035825339,4.671628894449259,4.665466000219831,4.658861135790066,4.651798103581539,4.644260724156435,4.636232835015231,4.62769828965289,4.618640956620169,4.609044718795234,4.598893472834981,4.588171128652389,4.576861608966399,4.56494884907097,4.552416796754527,4.539249411893546,4.525430666593244,4.510944545117433,4.4957750440349145,4.479906172366459,4.463321951834554,4.4460064171734475,4.427943616523276,4.4091176119059305,4.389512479784716,4.369112311719532,4.347901215045137,4.325863313776487,4.302982749630257,4.279243682879776,4.254630293715151,4.229126783698041,4.2027173768850865,4.175386321768638,4.147117893270398,4.117896394247995,4.087706158207291,4.0565315519917355,4.024356977822474,3.991166877063255,3.9569457338286536,3.921678077765889,3.8853484892784182,3.8479416043675094,3.809442118449347,3.76983479362657,3.729104465202471,3.6872360469551033,3.6442145413136426,3.6000250481602047,3.5546527721658157,3.508083036440213,3.460301295623618,3.411293147774171,3.361044350825599,3.309540838238063,3.2567687415819884,3.2027144104073697,3.147364436732269,3.090705684611295,3.032725317178678,2.9734108372716306,2.912750120826643,2.8507314657807514,2.7873436407622716,2.722575937468526,2.656418243523411,2.5888611083449833,2.5198958254162585,2.4495145236714033,2.377710277166536,2.3044772186527034,2.2298106774152,2.1537073294576277
4.751256281407035,4.750631807190669,4.749940046654838,4.749160841972846,4.74827507796702,4.747264331518167,4.7461106633178645,4.744796484611956,4.743304469693386,4.741617495304063,4.739718597507041,4.737590939951656,4.735217790485484,4.732582503131782,4.729668504120208,4.726459280919925,4.722938373530812,4.719089367256703,4.714895887182663,4.710341593356986,4.705410176895867,4.7000853567166105,4.69435087681344,4.688190504002326,4.681588025774,4.674527248948016,4.66699199808085,4.658966114290173,4.650433454331922,4.641377889682352,4.631783305825738,4.62163360171779,4.610912689274529,4.599604492932064,4.587692949420698,4.575162007686068,4.561995628491667,4.5481777845563185,4.533692460485492,4.51852365291435,4.50265537065137,4.486071634922437,4.4687564796739006,4.450693951957844,4.43186811239727,4.412263035733221,4.391862811465293,4.370651544514718,4.348613356109489,4.325732384783072,4.301992787210231,4.277378739536846,4.251874438802292,4.225464104037768,4.198131978163891,4.169862329940026,4.140639455437243,4.110447680690496,4.079271364328316,4.047094899567486,4.013902717894699,3.9796792925949447,3.9444091414714855,3.908076831954348,3.870666985835055,3.8321642829990856,3.7925534685378417,3.7518193591195703,3.7099468481468585,3.6669209157108176,3.6227266372000644,3.5773491904750956,3.530773869221597,3.482986095757401,3.433971432660651,3.383715598871729,3.332204485003985,3.2794241754429048,3.2253609677864437,3.1700013968091043,3.1133322634006326,3.055340661029512,2.996014015511971,2.9353401176962994,2.8733071713442295,2.8099038408020314,2.7451193022853353,2.67894331524768,2.611366286889144,2.5423793527589402,2.471974466295788,2.400144506319498,2.3268833883534175,2.2521861997815704,2.176049347136858
4.773869346733669,4.773253411068179,4.772569549777084,4.771797697437523,4.77091880808956,4.769914512449387,4.768766914292746,4.767458460161239,4.765971853800371,4.76428999690821,4.762395946965884,4.760272886207763,4.757904098752907,4.755272952982763,4.75236288788205,4.749157402315341,4.7456400465115545,4.741794414997583,4.737604141198092,4.7330528927244,4.728124367565538,4.722802290893895,4.717070412401422,4.7109125040944315,4.704312358194192,4.697253785820785,4.689720615436465,4.681696691695945,4.673165874543884,4.664112038317236,4.6545190710486795,4.6443708739418765,4.633651360871601,4.622344457953225,4.610434103321741,4.597904247054587,4.584738850782891,4.570921887825817,4.556437343123307,4.541269213375869,4.525401507184901,4.508818245291279,4.4915034608715745,4.473441199914664,4.454615521676482,4.435010499214878,4.414610220015794,4.393398786641505,4.371360317595978,4.348478948301293,4.324738831914772,4.300124140629173,4.27461906706339,4.248207825336237,4.2208746529218715,4.192603812555777,4.16337959367487,4.133186315010849,4.10200832716156,4.069830014541228,4.03663579898071,4.002410143177763,3.9671375533565683,3.930802584263607,3.893389843797882,3.8548839966605937,3.815269771310966,3.7745319661969923,3.7326554547988695,3.6896251953657306,3.6454262393359316,3.6000437383533272,3.553462957330343,3.505669286976132,3.456648255170976,3.4063855427198964,3.354866998330427,3.302078660237079,3.248006775221613,3.1926378220634155,3.1359585398611207,3.0779559539283916,3.0186174147253277,2.957930629845205,2.8958837108955953,2.8324652201696274,2.767664220858959,2.70147034696059,2.633873866452025,2.564865760255643,2.494437809966092,2.4225827031997977,2.3492941427049825,2.274566978879766,2.198397354209903
4.796482412060302,4.795874823959132,4.795198685100419,4.794434020424098,4.793561851659532,4.79256386216977,4.791422197863648,4.7901193397994035,4.788638020524947,4.786961166143544,4.785071855081485,4.782953287747729,4.780588764173396,4.777961666780871,4.775055447028035,4.771853614922931,4.768339730697313,4.7644973978971015,4.76031025810202,4.755761986319003,4.750836287257746,4.745516892207191,4.739787556430796,4.733632057010213,4.727034190792416,4.719977773102702,4.712446636222532,4.704424628265274,4.695895612293641,4.6868434654419024,4.677252078234708,4.667105354073909,4.6563872087497264,4.645081570019706,4.633172377392573,4.620643582052692,4.607479146479862,4.593663044580595,4.579179261622263,4.564011794369699,4.548144651222309,4.5315618524472665,4.514247430469056,4.496185430237621,4.477359909672906,4.45775494018774,4.437354607299988,4.416143011266295,4.394104267928107,4.371222509666298,4.347481886200033,4.322866565857986,4.297360736938062,4.270948608757196,4.2436144134655205,4.215342407909975,4.18611687504228,4.155922126454765,4.124742504894677,4.092562386170963,4.059366182674887,4.02513834675391,3.9898633733120774,3.953525804695741,3.916110235221539,3.877601314745109,3.837983755464142,3.7972423380119804,3.7553619163894894,3.712327427488969,3.668123899329801,3.622736457920062,3.57615034003547,3.5283509054746527,3.4793236481851766,3.429054211676116,3.3775284036699067,3.324732217261858,3.2706518495291252,3.2152737244779015,3.1585845207604466,3.100571197014805,3.0412210299750964,2.980521645774827,2.918461065847064,2.855027752615359,2.7902106586555933,2.7239992951679834,2.6563837938439034,2.587354984221642,2.516904479633281,2.445024780448926,2.3717093810120424,2.296952899561394,2.2207512198634847
4.819095477386935,4.8184960501369725,4.81782746086013,4.817069822862629,4.816204224068022,4.815212399323587,4.814076535740912,4.812779148132724,4.8113029972133425,4.809631032952286,4.807746354258396,4.805632179313731,4.803271823709882,4.80064868359985,4.797746222638928,4.794547961732211,4.791037470893014,4.787198362486725,4.783014286067626,4.7784689238745255,4.773545987188944,4.768229213280885,4.762502362861859,4.756349217976384,4.749753579994609,4.742699268353826,4.7351701190700375,4.727149983638588,4.7186227281711375,4.7095722325372815,4.6999823896984365,4.689837105205983,4.679120296723218,4.6678158936135805,4.655907836729245,4.643380078337169,4.630216581747259,4.616401321440654,4.601918283005256,4.586751463269203,4.570884870434856,4.554302524306725,4.536988456574482,4.518926711172838,4.5001013447161196,4.480496427009422,4.460096041647076,4.438884286632197,4.41684527520381,4.393963136770178,4.370222017689783,4.345606082514236,4.320099515317697,4.293686520723218,4.266351325676581,4.238078181268463,4.20885136411099,4.1786551788173165,4.147473960460125,4.115292076435935,4.082093929907813,4.047863963104551,4.012586659863216,3.9762465504071147,3.938828215773764,3.900316291304419,3.8606954732976506,3.819950524968766,3.778066281272555,3.7350276582189292,3.690819660927896,3.645427390339863,3.5988360557164687,3.551030986628738,3.501997643840037,3.45172163438473,3.4001887259010015,3.347384867335008,3.2932962071471246,3.237909115766277,3.181210212714653,3.123186391402774,3.06382485643489,3.003113154242749,2.941039218023854,2.877591412471217,2.8127585819044882,2.746530117333718,2.6788960170426037,2.6098469623648826,2.539374401882767,2.4674706526023327,2.3941290047515578,2.319343849148682,2.2431108160742603
4.841708542713568,4.841117093779456,4.8404558851068575,4.839705116415355,4.838845940360206,4.837860142135638,4.8367299491459255,4.8354379092127635,4.833966810594751,4.832299626600459,4.830419476168767,4.828309594862103,4.825953313488612,4.823334041628368,4.820435254864353,4.817240484757677,4.813733310886795,4.809897354241363,4.8057162721736715,4.801173753994255,4.796253517410883,4.790939305542097,4.785214884426728,4.779064040962144,4.772470580941393,4.765418327822591,4.757891121273473,4.74987281609638,4.741347281384314,4.732298399681573,4.7227100663323505,4.712566188989958,4.701850687149323,4.690547491744301,4.678640544940875,4.666113800064793,4.6529512212379025,4.639136783503516,4.624654472763293,4.609488285907667,4.593622230946775,4.577040327233228,4.5597266057387555,4.541665109405991,4.522839893573301,4.503235026474491,4.482834589823871,4.4616226794219385,4.439583405964038,4.416700895952841,4.392959292461879,4.368342756350737,4.342835467564868,4.316421626139006,4.289085453931545,4.260811196406197,4.231583123977816,4.201385534436966,4.170202755353845,4.138019145901059,4.104819100220139,4.07058705064764,4.035307470201148,3.998964877251827,3.9615438398545533,3.92302897916001,3.8834049759220095,3.842656576325649,3.8007685967033162,3.757725932646509,3.71351356688402,3.6681165758442242,3.6215201418836758,3.5737095650138175,3.5246702735460476,3.4743878388434553,3.4228479893413724,3.370036630805565,3.3159398641441706,3.26054400737931,3.2038356221915185,3.1458015381813977,3.0864288893860525,3.0257051442569645,2.9636181496550416,2.900156174638084,2.835307957581264,2.76906277185886,2.701410485168322,2.632341633756187,2.5618475048997413,2.489920236049634,2.4165529175276426,2.3417397173837053,2.26547601755223
4.864321608040201,4.863737958970796,4.863083965710745,4.862339912482728,4.86148701524314,4.860507108420707,4.8593824588221795,4.858095646548951,4.856629486795345,4.854966975693291,4.8530912517690625,4.8509855675813025,4.84863326881831,4.846017778190318,4.843122582944172,4.8399312250612345,4.836427293473412,4.832594417603708,4.828416262429744,4.823876524177139,4.818958926837532,4.813647219248389,4.807925172657769,4.801776578708304,4.795185247517866,4.788135006476226,4.780609698821868,4.772593182590783,4.764069329791215,4.7550220255828615,4.745435167639887,4.735292665670982,4.724578440962169,4.713276425983008,4.701370564184307,4.688844809927307,4.67568312812802,4.66186949437974,4.6473878948912475,4.632222326614265,4.6163567973713935,4.599775326073859,4.582461942991916,4.56440069009874,4.545575621485716,4.525970803850957,4.505570317071275,4.484358254794304,4.4623187252291014,4.439435852038256,4.415693775084344,4.391076651618049,4.3655686575490025,4.339153988426787,4.311816861136742,4.283541515641988,4.254312216299223,4.224113254229479,4.192928949668685,4.160743653749815,4.127541751794883,4.0933076664695776,4.0580258602139665,4.021680839811916,3.984257160625536,3.945739429931542,3.90611231328548,3.8653605402214612,3.823468908863772,3.7804222948392274,3.736205658982376,3.6908040537529914,3.6442026351981953,3.596386674423286,3.5473415680039833,3.4970528524181144,3.445506217760508,3.3926875275644544,3.3385828362275918,3.2831784105107387,3.226460755513882,3.1684166384154073,3.1090331242152596,3.0482976050703128,2.9861978433646383,2.9227220145732296,2.8578587533916004,2.79159721806133,2.723927148458993,2.6548389388000864,2.58432371843522,2.5123734489956258,2.438981025027289,2.364140396378589,2.287846701685195
4.886934673366834,4.886358649703759,4.8857117103654994,4.884974222209318,4.884127463093428,4.8831533155928835,4.882034085046132,4.880752383120919,4.879291051352018,4.877633108190282,4.875761711316401,4.87366012990947,4.871311724208891,4.868699929764636,4.865808245229359,4.862620222774074,4.859119460477084,4.855289596008006,4.851114301800897,4.846577280843256,4.841662263271339,4.836353003514769,4.83063327791534,4.824486882755718,4.817897632382682,4.8108493580304525,4.8033259064290545,4.795311138776405,4.7867889299313315,4.777743167610939,4.768157751767718,4.758016594120198,4.7473036177058585,4.736002756496002,4.7240979551979105,4.711573169185527,4.6984123641516335,4.684599516227564,4.6701186119227165,4.654953648249099,4.639088632846349,4.622507584194562,4.605194531878603,4.587133516924278,4.568308592204303,4.548703822915884,4.528303287139878,4.50709107641968,4.485051296534145,4.462168068369795,4.43842552865058,4.413807831099507,4.388299147681177,4.361883669560861,4.334545608762586,4.30626919987241,4.2770387013248525,4.246838397721034,4.215652602127039,4.183465657816354,4.150261941488973,4.116025866356127,4.080741884516911,4.044394491426831,4.006968230038645,3.9684476940646527,3.9288175342009266,3.8880624637014094,3.8461672628874153,3.80311678786479,3.758895978059862,3.7134898624952872,3.66688357149136,3.619062347886388,3.5700115572211066,3.5197167018570297,3.4681634343921814,3.415337577054877,3.3612251387516503,3.305812336103072,3.2490856188629036,3.191031693145714,3.131637556412171,3.0708905261750554,3.0087782821628726,2.9452889082780893,2.8804109377552862,2.814133416155995,2.746445958246169,2.677338819206254,2.606802973772778,2.5348302114220576,2.4614132349769426,2.386545780566641,2.3102227484842173
4.909547738693467,4.908979169881711,4.908339126592351,4.907608056489571,4.906767297964659,4.9057987806745995,4.904684847637779,4.903408141390524,4.901951529225784,4.900298051419917,4.898430884384517,4.896333313551575,4.893988713389743,4.891380532004665,4.8884922792023975,4.885307517118051,4.881809852773812,4.877982931903264,4.873810434231715,4.869276069358702,4.864363573428898,4.859056706340103,4.85333924941489,4.847195003473046,4.840607786996451,4.833561434978481,4.826039797563243,4.81802673904043,4.809506137056218,4.800461881828401,4.790877875537283,4.7807380318667025,4.770026275566809,4.758726542077442,4.746822777334616,4.734298937702682,4.721138989634163,4.707326909786752,4.692846684964085,4.6776823122374624,4.661817799068007,4.645237163514693,4.627924434492704,4.609863652102053,4.591038868024446,4.571434145990167,4.5510335623247204,4.529821206514766,4.507781181963776,4.484897606844766,4.461154614813736,4.43653635614542,4.411026998948114,4.384610730101335,4.357271756877023,4.328994308604913,4.2997626379302645,4.269561023080535,4.238373770112698,4.206185214616855,4.172979724864041,4.138741704822591,4.10345559648189,4.067105884222237,4.029677098864128,3.991153820858112,3.9515206863720524,3.910762392742316,3.8688637028834054,3.8258094538141094,3.7815845640278485,3.7361740396299643,3.6895629857837484,3.641736617685706,3.592680270527006,3.5423794133050976,3.490819661946638,3.437986798282471,3.383866786725539,3.328445794853263,3.271710218281264,3.2136467033899647,3.154242181567157,3.0934838972975753,3.031359449437671,2.9678568322863152,2.9029644797906173,2.8366713272351816,2.7689668669314242,2.6998412179615374,2.629285203695962,2.5572904450501808,2.4838494570999288,2.4089557666544104,2.3326040405300854
4.932160804020101,4.931599523320632,4.930966221743938,4.930241425973442,4.929406533594703,4.928443520305496,4.927334765971,4.926062943313596,4.924610944814863,4.92296183209403,4.921098799879333,4.919005149496151,4.916664269327566,4.914059619757049,4.911174721497177,4.907993146426546,4.904498510313149,4.900674466775901,4.896504702669796,4.891972934059859,4.887062902965972,4.881758374632855,4.876043135253393,4.869900990083839,4.863315761649431,4.85627128861929,4.848751424475845,4.840740036531962,4.832221005159319,4.823178223020931,4.813595594475513,4.803457035128654,4.792746471405245,4.781447840181178,4.769545088594065,4.75702217397685,4.743863063525142,4.730051734411547,4.715572173727695,4.700408378603186,4.684544356324963,4.667964124540648,4.650651711511082,4.6325911564315625,4.613766509819811,4.594161833972392,4.573761203499133,4.552548705876383,4.530508442185796,4.507624527948023,4.4838810938202,4.459262286706373,4.433752270945264,4.407335229226969,4.379995364178092,4.35171689999007,4.322484083648822,4.2922811871511,4.26109250970189,4.228902379380054,4.195695156216406,4.161455235143209,4.1261670482662245,4.089815069138044,4.052383816717815,4.013857858490264,3.974221816418944,3.933460372277197,3.891558271960101,3.848500333823713,3.804271455893384,3.7588566218655073,3.7122409123036983,3.664409515374172,3.6153477365890025,3.5650410123174754,3.5134749226224327,3.4606352098251745,3.4065077948211293,3.351078797218196,3.2943345596762263,3.23626167014301,3.1768469953690035,3.116077708393132,3.0539413289462645,2.9904257636520213,2.9255193492990688,2.859210913249543,2.7914898279631735,2.7223460793024996,2.651770342456303,2.5797540733039743,2.50628960307464,2.431370253574597,2.354990462920709
4.954773869346734,4.954219713751068,4.9535930030080895,4.952874341071918,4.9520451834128485,4.951087550751088,4.94998385898367,4.948716810351435,4.9472693219674895,4.945624476321849,4.943765486054203,4.941675668031664,4.939338424243825,4.9367372270802115,4.933855607918454,4.930677148164859,4.927185472139496,4.92336424117189,4.919197149088704,4.91466791827712,4.909760296501956,4.904458054236257,4.898744982435175,4.8926048906930015,4.886021605488599,4.878978969085265,4.871460838229657,4.8634510831907205,4.854933587005152,4.845892244726937,4.836310962844885,4.826173658843734,4.815464260786024,4.804166706951921,4.792264945654093,4.7797429351727345,4.76658464343024,4.752774048102928,4.738295136564299,4.723131906001269,4.707268363530828,4.690688526398777,4.673376422226594,4.655316089325451,4.636491577075484,4.616886946371987,4.596486270147874,4.575273633914554,4.55323313648421,4.530348890784884,4.506605024542359,4.481985681365834,4.456475021909216,4.430057224767337,4.402716488025816,4.374437030853146,4.345203094702906,4.314998945480881,4.2838088756936665,4.25161720607716,4.218408288606461,4.184166509379956,4.148876290840814,4.112522095955891,4.075088432087856,4.036559854044951,3.9969209699031207,3.956156446219366,3.9142510122481484,3.871189468097739,3.8269566917800053,3.781537645079576,3.7349173845054855,3.6870810717917872,3.6380139834273058,3.5877015238730525,3.536129238118107,3.4832828298429725,3.4291481773806503,3.3737113534201533,3.31695864882274,3.2588765943774822,3.1994519936027843,3.138671949640847,3.076523904807088,3.0129956799383986,2.948075516750404,2.881752136989444,2.8140147958140966,2.744853348688634,2.674258325742074,2.6022210212742007,2.5287335864936393,2.4537891424399465,2.3773819032195664
4.977386934673367,4.976839744820048,4.976219477411532,4.975506811962374,4.974683260546749,4.9737308879112065,4.972632145187531,4.971369763482016,4.969926683994391,4.968286009623704,4.966430970524763,4.964344898762467,4.962011209631741,4.9594133872623525,4.956534973460809,4.953359558950082,4.9498707764128325,4.946052294718318,4.941887814510328,4.937361064358014,4.932455797643715,4.927155789952823,4.921444836897092,4.9153067523125795,4.908725366544031,4.901684525369134,4.8941680887263175,4.886159929774988,4.8776439341577165,4.868603999266396,4.859024033672684,4.848887956698796,4.838179698008639,4.826883197255574,4.81498240390136,4.802461277152567,4.789303785642422,4.775493907539994,4.761015630494652,4.745852951749653,4.729989878256144,4.7134104268674175,4.696098624580214,4.678038508841695,4.659214127920204,4.639609541341467,4.619208820399365,4.597996048684701,4.5759553227913505,4.55307075311314,4.5293264645104845,4.50470659737186,4.479195308749202,4.45277677323411,4.425435184473208,4.397154756724806,4.367919726034278,4.337714352353047,4.306522921639448,4.274329747450927,4.24111917388723,4.20687557841054,4.171583374017516,4.135227013325847,4.097790992360695,4.059259853536704,4.019618191351875,3.978850657485856,3.9369419649229087,3.893876895929292,3.8496403089479507,3.804217144337984,3.7575924350869743,3.7097513170818495,3.660679038429706,3.610360972387508,3.558782629643478,3.505929676087303,3.451787948424078,3.3963434734520446,3.339582491366356,3.2814914770442365,3.2220571721476574,3.161266611438673,3.099107161491736,3.0355665592064507,2.9706329532679825,2.904294962066613,2.836541725958912,2.7673629727760187,2.696749090647576,2.6246912156830686,2.5511813228234463,2.4762123364979174,2.3997782514050146
5.0,4.99945962009295,4.9988456518234985,4.9981388485938485,4.997320777829236,4.996373547328271,4.995279642677832,4.994021823210954,4.992583053681,4.9909464569444095,4.9890952802834585,4.987012870624414,4.9846826562729465,4.982088132839085,4.97921285232721,4.976040414570549,4.972554460429032,4.968738666144521,4.964576739026777,4.960052413689826,4.955149449008914,4.94985162556835,4.94414274353315,4.938006620886994,4.9314270917546885,4.924388005350293,4.916873224733147,4.908866625888945,4.900352097008283,4.891313537769076,4.88173485877961,4.871599981158838,4.860892836136541,4.849597364708879,4.8376975174613035,4.825177254506334,4.812020545172422,4.798211368110658,4.783733711240394,4.768571571860268,4.752708956759587,4.736129882408219,4.718818375192456,4.700758471715093,4.681934219157884,4.662329675707967,4.641928911057204,4.620716006919122,4.598675057719284,4.57579017137437,4.552045469943921,4.527425090668128,4.501913187077936,4.475493929851659,4.44815150829662,4.419870131871164,4.390634031333798,4.360427460815113,4.329234699871948,4.297040055044114,4.263827862732327,4.229582491955802,4.194288346475946,4.157929868792567,4.12049154384651,4.0819579019354135,4.042313524282108,4.001543048020357,3.9596311702264297,3.9165626557213757,3.8723223438139636,3.8268951539132976,3.7802660960069248,3.7324202807068656,3.6833429283659993,3.633019381726129,3.581435117930752,3.5285757659103294,3.474427121656436,3.4189751670825954,3.3622060928261592,3.3041063190728654,3.2446625269747975,3.1838616843985648,3.12169108381718,3.0581383800040625,2.9931916306144646,2.926839352896271,2.859070574852688,2.7898748993915796,2.7192425756431153,2.6471645848496683,2.5736327293651846,2.4986397410862833,2.422179399820598
