0,1,2,3,4,5,6,7,8,9,10,11,12,13,14,15,16,17,18,19,20,21,22,23,24,25,26,27,28,29,30,31,32,33,34,35,36,37,38,39,40,41,42,43,44,45,46,47,48,49,50,51,52,53,54,55,56,57,58,59,60,61,62,63,64,65,66,67,68,69,70,71,72,73,74,75,76,77,78,79,80,81,82,83,84,85,86,87,88,89,90,91,92,93,94
-1.4065884554981538,-1.336133234078601,-1.2776756058306138,-1.2279696147938675,-1.1849577864100955,-1.1472586831316047,-1.1139028561489666,-1.0841857684999416,-1.0575805799448423,-1.0336838534794006,-1.0121803414865687,-0.9928193611391929,-0.9753984537883901,-0.9597518138359609,-0.9457419060211113,-0.933253272330726,-0.9221878764376251,-0.9124615573915089,-0.9040012712014709,-0.8967429380853502,-0.8906297312280218,-0.8856107049242019,-0.8816396827537403,-0.8786743473304304,-0.8766754956390634,-0.8756064068420912,-0.8754323241860456,-0.8761200121828819,-0.8776373782796972,-0.87995315170713,-0.883036604795411,-0.8868573100361655,-0.8913849292556089,-0.8965890284194152,-0.902438912354623,-0.9089034772996656,-0.9159510846672839,-0.9235494422292372,-0.9316655013969459,-0.9402653635214574,-0.9493141972527461,-0.9587761646568154,-0.9686143565951458,-0.9787907364416604,-0.9892660926600209,-1.0000000000000002,-1.0109507898346022,-1.0220755301950188,-1.033330016053733,-1.0446687699926342,-1.056045055979701,-1.0674109050234546,-1.078717154180195,-1.0899135037295997,-1.100948587800882,-1.1117700625263442,-1.1223247187251115,-1.1325586088889334,-1.1424171966158183,-1.1518455378401478,-1.1607884750641353,-1.1691908591634919,-1.1769978099597291,-1.1841549848619781,-1.1906088793380698,-1.1963071706433037,-1.201199059949563,-1.205235647818023,-1.2083703517508262,-1.2105593078983308,-1.2117618019281906,-1.2119407313938029,-1.2110630393568325,-1.209100153675346,-1.206028434545001,-1.201829601793285,-1.1964911276048757,-1.1900065985940864,-1.1823760341570482,-1.173606160175006,-1.1637106253866896,-1.1527101217629625,-1.1406324752586892,-1.1275125928321157,-1.113392377019443,-1.0983205159250042,-1.0823521570799008,-1.0655485721229958,-1.0479766355753908,-1.0297082501119363,-1.0108196946086165,-0.9913909331549782,-0.9715048078797084,-0.9512462284408141,-0.9307013099707637
-1.3753617064183792,-1.3057851919320034,-1.2480525063741965,-1.1989702893741714,-1.1565140399472136,-1.119324257286174,-1.0864467697041758,-1.0571880692211262,-1.031029514080654,-1.0075739095958203,-0.9865108566950944,-0.9675935015347381,-0.9506224524107882,-0.9354343897386632,-0.9218938139614508,-0.90988694870736,-0.8993171575110764,-0.8901014523566244,-0.8821677784031634,-0.8754528947302169,-0.8699006899514801,-0.865460831999489,-0.8620876739614027,-0.8597393583967681,-0.8583770844198915,-0.8579644858821636,-0.8584671213270485,-0.8598520380904753,-0.862087399744287,-0.8651421694849843,-0.868985835125351,-0.8735881690014179,-0.8789190190963598,-0.8849481250281364,-0.8916449532735664,-0.8989785495375435,-0.9069174113177814,-0.9154293674956027,-0.9244814730630779,-0.9340399122300524,-0.9440699117407112,-0.9545356622011637,-0.965400247816476,-0.976625583662821,-0.9881723609410702,-1.0000000000000002,-1.0120666116181596,-1.024328967086993,-1.0367424776617287,-1.0492611836166077,-1.0618377554240401,-1.0744235061605056,-1.086968416638849,-1.099421177746103,-1.1117292460767558,-1.1238389167796083,-1.135695420267437,-1.1472430338354722,-1.1584252160042312,-1.1691847727142584,-1.1794640381453014,-1.189205084369413,-1.198349971148612,-1.206841006533658,-1.2146210420445165,-1.2216338145284886,-1.2278242899570009,-1.2331390453984172,-1.2375266991901173,-1.240938328651143,-1.243327924417764,-1.2446528853576106,-1.2448744869902924,-1.2439583639348863,-1.2418750110052912,-1.2386002679508115,-1.2341157793811455,-1.228409424388319,-1.2214757130014557,-1.2133161408063653,-1.2039394862275592,-1.1933620181285656,-1.1816076661395385,-1.1687080507001035,-1.1547024720850514,-1.1396377681589405,-1.1235680476475207,-1.1065544029185594,-1.088664422183589,-1.0699716355389994,-1.050554865263492,-1.030497524017064,-1.0098867757978778,-0.9888126810728695,-0.9673672707882415
-1.3448331657866646,-1.2761517889554799,-1.2191612185159686,-1.1707200805298816,-1.1288364491784402,-1.0921724763454683,-1.059789050306473,-1.0310035166998501,-1.005305284456207,-0.9823032725987235,-0.96169181606093,-0.9432277863096901,-0.9267147637045162,-0.9119918272508521,-0.8989254322591266,-0.8874034091774561,-0.8773304522219606,-0.868624682548194,-0.8612149759561534,-0.855038877053789,-0.8500409416830499,-0.8461714083341039,-0.8433851216500399,-0.8416406513363854,-0.8408995710421596,-0.8411258469513573,-0.8422853358664275,-0.8443453563084168,-0.8472743218283809,-0.8510414290583811,-0.8556163865176625,-0.8609691775265254,-0.8670698534739439,-0.873888351209701,-0.8813943290238924,-0.8895570191184069,-0.898345099309581,-0.9077265713810021,-0.9176686536650147,-0.928137681395854,-0.939099016466864,-0.9505169644842963,-0.9623546994149498,-0.9745741949925721,-0.9871361632524994,-1.0000000000000002,-1.0131237376612388,-1.026464006033797,-1.0399760015043684,-1.0536134650458715,-1.067328671308572,-1.081072428198254,-1.0947940884437806,-1.108441577291475,-1.121961433160894,-1.1352988650014884,-1.1483978326136266,-1.161201142219059,-1.173650564721454,-1.1856869854821401,-1.1972505700313525,-1.2082809594346324,-1.2187175065990283,-1.2284995258545877,-1.2375665793092383,-1.2458588125449017,-1.2533172957571734,-1.2598844072669713,-1.265504270524736,-1.2701231824420849,-1.273690085209857,-1.2761570870971297,-1.277479959904947,-1.2776186587533975,-1.2765378707514503,-1.2742075519648872,-1.2706034501498742,-1.2657075986403123,-1.2595087886128487,-1.252003003567936,-1.2431937979826275,-1.2330925947170457,-1.2217189383117268,-1.2091006144216185,-1.1952737202032537,-1.1802825990195451,-1.1641796442119121,-1.147025070461817,-1.128886472736069,-1.1098383063158237,-1.0899612525008426,-1.0693415183759503,-1.0480699785605392,-1.0262412868794186,-1.0039528960505568
-1.3149872221464436,-1.2472153888321305,-1.1909820721374311,-1.143197278862374,-1.1019012653558065,-1.0657775589877934,-1.0339018987857502,-1.0056023174611786,-0.9803761363496414,-0.9578382696493161,-0.9376876822717111,-0.919684878172434,-0.9036363259880429,-0.8893834271408628,-0.8767945222932387,-0.8657589852017827,-0.8561827828030084,-0.8479850927115167,-0.8410956736648354,-0.8354528129527589,-0.831001695539447,-0.8276930970235741,-0.8254823247507448,-0.8243283512696538,-0.8241931049983205,-0.8250408691941251,-0.8268377881819388,-0.8295514454729669,-0.8331505029778783,-0.8376043937825273,-0.8428830548494906,-0.8489566930432917,-0.8557955806783766,-0.8633698744822078,-0.8716494525285403,-0.8806037670408837,-0.8902017155165629,-0.9004115181466459,-0.9112006086103936,-0.9225355320670949,-0.9343818517937574,-0.9467040624417365,-0.9594655101139826,-0.9726283184576549,-0.986153321065678,-1.0000000000000002,-1.014126430839851,-1.0284892347375805,-1.0430435380383245,-1.0577429398303204,-1.072539489537828,-1.087383674198829,-1.1022244169138984,-1.1170090902635756,-1.1316835422062872,-1.1461921380038098,-1.1604778240329985,-1.1744822069509626,-1.1881456552498475,-1.2014074316633798,-1.2142058425188813,-1.2264784171717102,-1.238162128662616,-1.2491936298377488,-1.2595095279053588,-1.2690467102965441,-1.277742679351348,-1.285535932937334,-1.2923664030357855,-1.2981758896918225,-1.302908544660501,-1.306511411684376,-1.308934947290422,-1.310133572027241,-1.3100662604973192,-1.3086971249586659,-1.3059959958169776,-1.3019389757609074,-1.296508984533515,-1.2896962710914273,-1.2814988728866576,-1.2719230041741196,-1.260983394394931,-1.2487035018131603,-1.2351156708624118,-1.220261151708872,-1.2041899844322907,-1.1869608386189157,-1.1686406316689775,-1.1493040556097633,-1.1290329713264318,-1.107915722483705,-1.086046271254777,-1.0635232881683132,-1.0404491281213089
-1.2858086131024906,-1.2189588270874285,-1.1634959996800398,-1.11638091617599,-1.0756856272534092,-1.0401147649772102,-1.0087587172809191,-0.9809560455002346,-0.9562118537603553,-0.9341469420065658,-0.9144648105401969,-0.8969295126583375,-0.8813503313129305,-0.8675709240650936,-0.855461457303773,-0.8449127943964154,-0.8358321267080072,-0.82813964505779,-0.8217659526020042,-0.816650045315234,-0.8127377076335712,-0.8099802268203626,-0.8083333515705247,-0.8077564399157022,-0.8082117616108659,-0.809663907404001,-0.812079303377039,-0.8154257960563092,-0.8196722975163194,-0.8247884828985739,-0.8307445270461258,-0.8375108737019896,-0.8450580334317999,-0.8533564042824785,-0.8623761098255656,-0.8720868524809383,-0.882457784303895,-0.8934573837363282,-0.9050533449317345,-0.9172124737387686,-0.9299005916207372,-0.9430824455556825,-0.9567216240290275,-0.9707804783355573,-0.9852200494102692,-1.0000000000000002,-1.0150785525296662,-1.0304124331047062,-1.0459568221844373,-1.0616653123294097,-1.077489874936875,-1.0933808358175547,-1.10928686106849,-1.1251549567057513,-1.140930480178481,-1.1565571671097477,-1.1719771787092792,-1.187131164436175,-1.2019583465255006,-1.2163966344343642,-1.2303827569591053,-1.243852424512302,-1.2567405324603522,-1.268981381809001,-1.280508939498036,-1.2912571513218487,-1.3011602668653883,-1.3101532133123748,-1.3181720309031277,-1.3251543079105876,-1.331039670835953,-1.3357703380892512,-1.3392916585994858,-1.341552688654417,-1.3425068169955574,-1.3421123892315643,-1.3403333405571776,-1.3371398055408457,-1.3325087312674884,-1.3264244640308536,-1.318879287439564,-1.309873901373702,-1.299417846378463,-1.2875298148250687,-1.274237899526832,-1.259579704768371,-1.2436023195582133,-1.2263622341933962,-1.207925029706351,-1.1883649636815439,-1.167764405918306,-1.1462131791348789,-1.123807702199684,-1.1006500703683582,-1.0768469991570973
-1.2572824175161494,-1.1913653968231608,-1.136684514298623,-1.0902507348923418,-1.0501675206585224,-1.015160343536259,-0.9843340453032318,-0.9570375648655621,-0.932783667379533,-0.9111989373076755,-0.8919913241917203,-0.8749283561144243,-0.859822065048282,-0.8465183070860257,-0.8348890233267756,-0.8248265215362799,-0.8162391775193882,-0.8090481601114503,-0.803184886145683,-0.7985890337229855,-0.7952069641543479,-0.7929904575474085,-0.7918956887446895,-0.7918823895401461,-0.7929131626825716,-0.794952901330398,-0.7979683114380498,-0.8019275037972298,-0.806799644987676,-0.812554659625222,-0.8191629709354611,-0.8265952731558186,-0.8348223318956999,-0.8438148065837188,-0.8535430897451265,-0.8639771610017175,-0.8750864577299228,-0.8868397513739343,-0.8992050355844615,-0.9121494205128959,-0.9256390343796346,-0.9396389304249747,-0.9541129992708237,-0.9690238859255851,-0.98433291158022,-1.0000000000000002,-1.0159836088137992,-1.0322406660966348,-1.0487265127504484,-1.065394851106769,-1.0821977014740176,-1.0990853666587965,-1.1160064058713903,-1.132907621155706,-1.1497340550078492,-1.1664290023221089,-1.1829340416946206,-1.199189081693988,-1.2151324282819174,-1.2307008810031297,-1.2458298473081917,-1.2604534868062092,-1.2745048960323182,-1.2879163121420132,-1.3006193569367785,-1.3125453342575377,-1.3236255423413539,-1.3337916373940364,-1.3429760617379956,-1.3511124756388502,-1.3581362491765212,-1.3639850236366726,-1.3685992626293437,-1.3719228488148285,-1.373903737792295,-1.3744946173982857,-1.373653586793626,-1.3713448168699778,-1.367539226963281,-1.3622151421306323,-1.3553589073503478,-1.3469654556716715,-1.3370388184450428,-1.3255925359217986,-1.3126500002037673,-1.2982446630474493,-1.2824201055675055,-1.2652300395423879,-1.2467380788196585,-1.2270173956464498,-1.2061502102944197,-1.1842271710554728,-1.1613465186536671,-1.1376131695072673,-1.1131376397333277
-1.229394047875074,-1.1644188349546987,-1.110529688959561,-1.0647871589750206,-1.0253257400739684,-0.9908914847760495,-0.9606034998570188,-0.933820957460936,-0.9100641691061504,-0.8889654098898017,-0.8702369999575106,-0.8536498752206585,-0.8390187589927975,-0.8261916558599789,-0.8150422380799498,-0.8054642199122527,-0.7973671287153133,-0.7906730830025854,-0.7853142890996423,-0.7812310868991899,-0.7783703978441835,-0.7766844815161507,-0.7761299287174372,-0.7766668378317949,-0.778258140312421,-0.7808690301817449,-0.7844664943701498,-0.7890189116032988,-0.7944957091330529,-0.8008670696778687,-0.8081036759189915,-0.8161764861139107,-0.8250565369334883,-0.8347147677669268,-0.8451218613325777,-0.8562480984845846,-0.8680632289227022,-0.8805363472705428,-0.8936357802819844,-0.9073289797350926,-0.9215824219854792,-0.9363615123445479,-0.951630494233053,-0.9673523623526743,-0.9834887799550202,-1.0000000000000002,-1.016844790451994,-1.0339803640601808,-1.0513623130918563,-1.0689445494495984,-1.0866792517112978,-1.1045168192671002,-1.122405834908363,-1.1402930386977006,-1.1581233122630918,-1.175839676446014,-1.1933833069237245,-1.2106935643621677,-1.2277080448502127,-1.2443626577795122,-1.2605917220778609,-1.2763280918753992,-1.2915033218133511,-1.3060478525560726,-1.3198912369478424,-1.3329624197601426,-1.3451900350727535,-1.3565027566498384,-1.3668297151051259,-1.376100922820291,-1.3842477630363579,-1.391203553680867,-1.3969041059640848,-1.4012883354755021,-1.4042989387224851,-1.4058830813858028,-1.4059931177225453,-1.4045872962454515,-1.4016304946916693,-1.3970949432789086,-1.3909609114769617,-1.3832173628340336,-1.3738625498702948,-1.3629045247205924,-1.350361578291297,-1.3362625488703321,-1.3206469943633294,-1.3035652850965826,-1.285078466950384,-1.265257998893048,-1.244185308578623,-1.2219512238802896,-1.1986551721453655,-1.174404279385013,-1.1493122872622017
-1.202129242833575,-1.1381033089307981,-1.0850141364359622,-1.03997126627791,-1.0011398524917332,-0.967286273974122,-0.9375437193202145,-0.9112814556594528,-0.8880272325714064,-0.8674189284610565,-0.8491731621016323,-0.8330642169689015,-0.8189094567018601,-0.8065589909213265,-0.795888185938115,-0.7867921308684844,-0.7791814777863701,-0.7729792723366062,-0.7681184916536012,-0.7645401222670226,-0.7621916338388443,-0.7610257565085661,-0.7609994909059901,-0.762073298466994,-0.7642104382535244,-0.7673764063405766,-0.7715384739962924,-0.7766652933140255,-0.7827265596407526,-0.7896927231568993,-0.7975347372625801,-0.8062238373939459,-0.8157313463597331,-0.8260285005552654,-0.8370862919868696,-0.8488753239957506,-0.8613656821779213,-0.8745268104077863,-0.8883273973409245,-0.9027352681707268,-0.9177172824751342,-0.9332392363701556,-0.9492657688485535,-0.9657602715524874,-0.9826848019941883,-1.0000000000000002,-1.017665007572235,-1.0356373924635878,-1.053873075891812,-1.0723262648215313,-1.0909493901768004,-1.1096930512750482,-1.1285059677739229,-1.1473349416629033,-1.1661248288611876,-1.184818523143293,-1.2033569566113678,-1.2216791141327177,-1.2397220670648639,-1.2574210329677449,-1.274709453672321,-1.2915191020555512,-1.3077802273109491,-1.3234217214066208,-1.338371326134335,-1.3525558935111972,-1.365901666186036,-1.3783346120915376,-1.3897808274370398,-1.400166951368129,-1.4094206482456948,-1.4174711690691095,-1.4242499128276522,-1.4296910467064736,-1.4337321993321654,-1.4363151721408685,-1.4373866929664063,-1.4368991614440303,-1.4348114365400628,-1.4310896206611992,-1.4257078148094977,-1.4186488566491728,-1.4099049979915568,-1.3994785148800073,-1.3873822437040737,-1.3736399934063814,-1.3582868250428644,-1.3413692418009213,-1.3229451525133515,-1.303083700174342,-1.2818648948743916,-1.2593791087209114,-1.2357263234231435,-1.2110152584310279,-1.1853622941864774
-1.1754740599197602,-1.1124034039160784,-1.0601209901547952,-1.0157847622359437,-0.9775901631078062,-0.9443236485067159,-0.9151323108116872,-0.8893953793594385,-0.8666479391842653,-0.8465333904960205,-0.8287725845977036,-0.8131430981343724,-0.7994648898605966,-0.7875901366678345,-0.7773958673551243,-0.7687785196078112,-0.7616498485020308,-0.7559338091368588,-0.7515641353603648,-0.7484824494673351,-0.7466367613822771,-0.7459802664977746,-0.746470372387521,-0.7480679028735366,-0.7507364460113515,-0.7544418031949354,-0.7591515350552612,-0.764834573725081,-0.7714608908719074,-0.7790012138536994,-0.7874267779519177,-0.7967091083710103,-0.8068198280844869,-0.81773048599588,-0.8294124004422738,-0.8418365159299362,-0.8549732744042529,-0.8687924913794992,-0.8832632419448354,-0.8983537516233623,-0.9140312927952439,-0.9302620849478292,-0.9470111985646666,-0.9642424619049038,-0.9819183706252239,-1.0000000000000002,-1.0184469198802766,-1.0372171126334075,-1.0562668944462479,-1.0755508404054575,-1.0950217145519112,-1.1146304052915015,-1.134325867383658,-1.154055072757121,-1.173762970076974,-1.193392455578025,-1.2128843589946103,-1.2321774427832681,-1.2512084195402626,-1.2699119938463588,-1.2882209222768313,-1.306066101196638,-1.3233766916762204,-1.3400802663011833,-1.3561029961926896,-1.371369890737946,-1.3858050593847429,-1.3993320284432278,-1.411874127169828,-1.4233548892119,-1.433698524459449,-1.4428304736665845,-1.4506779681674309,-1.4571706542240759,-1.462241297294145,-1.4658265108197297,-1.4678675378875532,-1.4683110307031568,-1.4671098847286639,-1.4642240781220117,-1.4596214905415406,-1.4532787202335715,-1.445181841239876,-1.43532711122988,-1.42372160427359,-1.4103837282483618,-1.3953436152493617,-1.3786434134924077,-1.360337358698335,-1.3404917023865979,-1.319184432756455,-1.2965048443277634,-1.272552847019337,-1.2474381362348064,-1.2212791359334245
-1.149414868405737,-1.0873041104173007,-1.035833885853552,-0.9922099548224368,-0.9546576828575286,-0.9219833572569669,-0.8933478007948557,-0.8681400771439733,-0.8459025092554799,-0.8262839427909884,-0.8090094006500697,-0.7938597033749376,-0.7806573646600268,-0.7692565958074487,-0.759536061277925,-0.7513935255795798,-0.7447418293946919,-0.7395058236683953,-0.735619988667914,-0.7330265750955711,-0.7316741283944002,-0.7315163068026217,-0.7325109245253276,-0.734619169339758,-0.7378049615698914,-0.7420344127334484,-0.7472753790287305,-0.7534970801137788,-0.7606697726449685,-0.7687644709383792,-0.7777527029995526,-0.7876062956787968,-0.7982971850281317,-0.809797246437153,-0.8220781396697627,-0.835111166693236,-0.8488671434225717,-0.8633162761007738,-0.8784280469956871,-0.8941711045803536,-0.9105131587923959,-0.9274208796773289,-0.9448597991665051,-0.9627942152412274,-0.981187098376753,-1.0000000000000002,-1.0191929630484289,-1.0387244348185163,-1.0585511824393008,-1.0786282113636154,-1.0989086879163208,-1.1193438663515747,-1.1398830215652533,-1.1604733894450756,-1.181060115093345,-1.2015862112347235,-1.2219925302646268,-1.2422177488311967,-1.262198369443641,-1.281868744875208,-1.3011611203692397,-1.320005702546176,-1.338330763870064,-1.3560627694550882,-1.3731265434148021,-1.3894454869268942,-1.4049418201063595,-1.4195368791985596,-1.4331514834390906,-1.445706320703874,-1.4571224057250403,-1.4673216239522775,-1.476227285587662,-1.4837647494292936,-1.4898621327772523,-1.494451052159284,-1.4974674270476298,-1.4988522877275798,-1.498552649938631,-1.4965224038351392,-1.4927231912721064,-1.487125297040035,-1.479708482229295,-1.4704627871343465,-1.459389259419263,-1.446500577202462,-1.4318215526185853,-1.4153895292309102,-1.3972545675873427,-1.377479481051366,-1.3561396543911872,-1.3333226988506297,-1.3091278354265121,-1.2836651197405033,-1.2570544186142083
-1.1239383423372333,-1.0627908123354362,-1.0121369440063857,-0.9692297307019433,-0.9323240976591931,-0.9002459223341224,-0.8721695886873934,-0.8474938712349217,-0.8257682377975266,-0.8066469076677106,-0.7898590189238366,-0.7751885911823952,-0.7624606572444126,-0.7515314341632129,-0.7422811992633697,-0.7346090259608907,-0.7284288267606546,-0.723666338220412,-0.7202567798541271,-0.7181430262703796,-0.7172741562666114,-0.7176042908140265,-0.7190916524393274,-0.7216977961491602,-0.7253869792132617,-0.7301256291747107,-0.7358819047911219,-0.7426253212068927,-0.7503264288955813,-0.7589565387532045,-0.7684874818705686,-0.7788913978122799,-0.7901405474797866,-0.8022071452426776,-0.81506320555378,-0.8286804019428946,-0.843029939346856,-0.8580824308703687,-0.8738077833443032,-0.8901750870274712,-0.907152509940943,-0.9247071951781154,-0.942805160885064,-0.9614112021607174,-0.9804887947156621,-1.0000000000000002,-1.0199053718357252,-1.0401638646887927,-1.060732743867235,-1.08156749801083,-1.1026217547629347,-1.1238472001271138,-1.1451935025758748,-1.1666082436425071,-1.1880368554948015,-1.2094225676051635,-1.230706365614233,-1.2518269618997369,-1.2727207819475732,-1.2933219718367366,-1.3135624230162914,-1.3333718225648723,-1.3526777372995864,-1.3714057204302748,-1.389479456837592,-1.4068209587689526,-1.4233507867754978,-1.4389883258735527,-1.4536521312536705,-1.4672602959125363,-1.4797308924151915,-1.4909825024675847,-1.5009347615756636,-1.5095089780772546,-1.516628843634779,-1.522221180664102,-1.5262167622561664,-1.5285511428130816,-1.5291655670287065,-1.5280079023769229,-1.5250335693783565,-1.5202065015771715,-1.5135000508978107,-1.5048978820796592,-1.4943947940863453,-1.481997448293268,-1.4677249863299255,-1.4516095355982481,-1.4336965141047497,-1.4140447805164502,-1.392726559297298,-1.3698271912030378,-1.3454446028841893,-1.319688599097241,-1.2926798864548528
-1.0990314537190704,-1.0388492754263547,-0.9890147529819424,-0.9468275325121476,-0.9105717392615079,-0.8790926029513056,-0.8515779032653634,-0.8274360059586813,-0.8062234346339514,-0.7875997143623154,-0.7712980459102634,-0.7571056069886241,-0.744849917395835,-0.7343891748527304,-0.7256052501525828,-0.7183985109135185,-0.7126839306781918,-0.7083881241574959,-0.705447045478347,-0.7038041909485262,-0.7034091725988503,-0.7042165758077472,-0.7061850346408904,-0.7092764758736287,-0.7134554993997999,-0.7186888554262522,-0.7249450127334018,-0.7321937901187852,-0.7404060406408545,-0.7495533810690745,-0.7596079553427987,-0.7705422259390936,-0.7823287892329582,-0.7949402096390821,-0.8083488678434433,-0.822526821024349,-0.8374456758682451,-0.8530764658286908,-0.8693895367015441,-0.8863544360312678,-0.9039398067393689,-0.922113283353353,-0.9408413904793042,-0.9600894427640885,-0.9798214461345836,-1.0000000000000002,-1.0205862004022537,-1.0415395441969901,-1.062817834501558,-1.084377087743447,-1.1061714430599492,-1.128153074585696,-1.1502721076141302,-1.1724765401276958,-1.1947121704167223,-1.2169225327092927,-1.2390488435676725,-1.2610299591084977,-1.2828023467628875,-1.3043000764423012,-1.325454828357431,-1.346195924992888,-1.3664503951051283,-1.386143060250759,-1.4051966588033995,-1.423532018832772,-1.441068257354154,-1.457723034339126,-1.4734128757025624,-1.4880535210263979,-1.5015603464219514,-1.5138488766998068,-1.5248353173088853,-1.534437164597498,-1.5425739121935385,-1.549167800185577,-1.5541446456137178,-1.5574346903557952,-1.5589735383041083,-1.5587031252907966,-1.5565726965971252,-1.5525398298485629,-1.5465714076946298,-1.5386445994786213,-1.5287477729463743,-1.5168813259862577,-1.5030584187717342,-1.4873055889802278,-1.469663179817145,-1.4501856098917223,-1.4289414127589022,-1.4060130920367762,-1.3814966887754885,-1.3555011531578942,-1.3281474289458113
-1.0746814658530048,-1.01546563615378,-0.9664523528972412,-0.9249873372124975,-0.889383557597771,-0.8585053613207558,-0.8315537616669919,-0.8079465994647101,-0.7872473684840945,-0.7691208351790324,-0.753304213909368,-0.7395878027993318,-0.7278015797085121,-0.7178057009638925,-0.7094836142839931,-0.7027369694481927,-0.6974817927173813,-0.693645571751291,-0.6911649926939945,-0.6899841731605323,-0.6900532598826553,-0.6913273056801694,-0.6937653605054295,-0.6973297283427331,-0.701985358060186,-0.7076993296114221,-0.7144404294814308,-0.7221787882809512,-0.7308855701904529,-0.7405327066921426,-0.7510926636589648,-0.7625382357750353,-0.7748423643814063,-0.7879779736392191,-0.8019178204103319,-0.8166343557611221,-0.8320995987543217,-0.848285014312719,-0.8651613989530029,-0.8826987700642165,-0.9008662590315546,-0.9196320066163913,-0.9389630601886673,-0.958825272053017,-0.9791831986080449,-1.0000000000000002,-1.0212373402070385,-1.0428552875852088,-1.064812216062096,-1.0870647072758772,-1.1095674542793552,-1.1322731673653597,-1.1551324829169072,-1.1780938765557076,-1.2011035814917757,-1.2241055138105408,-1.2470412071289734,-1.269849757154896,-1.292467779500837,-1.314829385185882,-1.3368661720430315,-1.3585072388705137,-1.379679229693055,-1.4003064003391146,-1.4203107211870505,-1.4396120270012243,-1.458128193976941,-1.4757753707548467,-1.4924682774379598,-1.5081205318277888,-1.5226450512908039,-1.535954544807956,-1.5479620291943132,-1.5585814269814415,-1.567728264349852,-1.5753204174172295,-1.5812789479205969,-1.585528962994589,-1.5880005744898373,-1.5886299002258772,-1.5873600828513181,-1.5841423695197907,-1.5789371468085722,-1.5717150046835904,-1.5624577348556405,-1.5511592636298324,-1.5378264973297444,-1.5224800478457332,-1.505154786599493,-1.4859002387358005,-1.4647807439036344,-1.4418754243337628,-1.4172778606343432,-1.391095554620275,-1.3634490876981844
-1.0508759268245305,-0.9926263909188806,-0.9444352201338864,-0.9036936354411602,-0.8687430945562478,-0.8384668304358929,-0.8120789308166335,-0.7890065984594549,-0.7688202147184093,-0.7511897260268181,-0.7358563141609924,-0.722613362790178,-0.7112932815818833,-0.7017581659413789,-0.6938930263369758,-0.6876007848585131,-0.6827985141683615,-0.6794145714789916,-0.6773863739653047,-0.6766586615653964,-0.6771821183843381,-0.6789122687194865,-0.6818085835579539,-0.6858337501339725,-0.6909530730431698,-0.6971339692778203,-0.7043455507261633,-0.7125582677997645,-0.7217436039787695,-0.7318738137522752,-0.7429216932817175,-0.754860377837419,-0.7676631621165925,-0.7813033384357754,-0.7957540482884832,-0.8109881451811471,-0.826978069282684,-0.8436957259897145,-0.8611123719484763,-0.879198504358869,-0.8979237537782785,-0.917256778866294,-0.9371651626236388,-0.9576153093613504,-0.978572342094955,-1.0000000000000002,-1.0218605358183002,-1.0441146131959962,-1.066721204089232,-1.0896374864966136,-1.1128187430152354,-1.1362182607841704,-1.1597872336356283,-1.1834746675207015,-1.2072272902608887,-1.2309894671826596,-1.2547031247601905,-1.2783076832139173,-1.301740001068115,-1.3249343356839032,-1.3478223188596956,-1.370332953699286,-1.3923926396148274,-1.4139252192526637,-1.4348520601136165,-1.4550921813118247,-1.4745624081053443,-1.493177579313309,-1.5108508214073335,-1.52749385196737,-1.5430173587840326,-1.5573314694450164,-1.5703462491713478,-1.5819722830619294,-1.5921213616117291,-1.6007072197832413,-1.6076463727911485,-1.6128589826148216,-1.6162698335498427,-1.617809358727203,-1.6174146943553551,-1.615030809821206,-1.610611599432731,-1.6041210232001322,-1.5955341875669238,-1.5848383761183558,-1.5720340063067433,-1.5571354650363394,-1.5401717901838587,-1.5211871925096605,-1.500241343458923,-1.477409463623264,-1.452782116764904,-1.4264647748057118,-1.3985770629955732
-1.0276026631353117,-0.9703183856516192,-0.9229492524848174,-0.8829314118255569,-0.8486344590824376,-0.8189602836191571,-0.7931358911035158,-0.7705977357379151,-0.7509230065060133,-0.733786770991579,-0.7189341346997553,-0.7061615343553062,-0.6953037874293121,-0.6862249109803434,-0.6788114659955168,-0.67296763880121,-0.6686115437473386,-0.6656724056271448,-0.6640883729036915,-0.663804809916278,-0.6647729416974898,-0.6669487687614908,-0.6702921888052871,-0.6747662787084461,-0.6803367057323617,-0.6869712312198034,-0.6946393000192485,-0.7033116900307921,-0.7129602117568539,-0.7235574503794857,-0.7350765399437899,-0.747490963774511,-0.760774377252022,-0.7749004480396305,-0.7898427093425283,-0.8055744241200037,-0.822068460666848,-0.8392971719680831,-0.8572322821271006,-0.8758447758357353,-0.8951047910274694,-0.9149815131831784,-0.935443070803829,-0.9564564312803902,-0.9779872968142705,-1.0000000000000002,-1.0224573989147594,-1.0453207716475064,-1.0685497103540291,-1.0921020150565068,-1.11593358756967,-1.1399983261146123,-1.1642480213574453,-1.1886322547470822,-1.2130983003211475,-1.2375910313652478,-1.2620528337619479,-1.2864235273321074,-1.3106402978406306,-1.334637643282599,-1.3583473343247152,-1.3816983944918169,-1.404617106473503,-1.42702703980205,-1.4488491116224282,-1.470001690504373,-1.4904007283309137,-1.5099599437352222,-1.5285910705733698,-1.546204137570792,-1.5627078231965568,-1.5780099007960176,-1.5920177157028121,-1.6046387489282963,-1.6157812866664962,-1.6253551481550184,-1.633272516785302,-1.6394488084242358,-1.6438036574835977,-1.6462619627504262,-1.6467549710320517,-1.6452214511940617,-1.6416088370607054,-1.6358744390935192,-1.6279866026895538,-1.6179258327771369,-1.6056858589809742,-1.5912745800792825,-1.5747148736065413,-1.5560452478132356,-1.535320261199932,-1.5126107378332438,-1.488003688475784,-1.4616019880711115,-1.433523720031583
-1.0048497734779915,-0.9485288057496298,-0.9019807549014995,-0.8626861261950787,-0.8290423035345892,-0.79996960572336,-0.7747078021626398,-0.7527024903128592,-0.7335375890999694,-0.7168932306277803,-0.7025184025488671,-0.6902125641475595,-0.6798129185594707,-0.6711853887961257,-0.664218075707157,-0.6588164231998689,-0.6548995838557007,-0.6523976491717811,-0.6512495000890306,-0.6514011281966192,-0.652804303619761,-0.6554155082831326,-0.6591950725705679,-0.6641064695558656,-0.6701157361136937,-0.6771909851193277,-0.6853020016734614,-0.6944198984562553,-0.7045168201912598,-0.7155656897908096,-0.7275399860069662,-0.7404135467929599,-0.7541603945224504,-0.7687545782555454,-0.7841700287201867,-0.800380423940203,-0.8173590658158458,-0.8350787603480424,-0.8535117045806414,-0.8726293763649735,-0.8924024270176201,-0.9128005753674514,-0.9337925026710778,-0.9553457476210191,-0.9774266010615783,-1.0000000000000002,-1.0230294207149362,-1.0464767708484972,-1.0703022805197504,-1.0944643926363598,-1.1189196526795335,-1.143622598511765,-1.1685256508623547,-1.1935790051857778,-1.2187305261525827,-1.2439256459933303,-1.2691072682604512,-1.2942156786121897,-1.3191884649765737,-1.3439604503284668,-1.3684636386506785,-1.392627179087373,-1.4163773541821891,-1.4396375887970971,-1.462328490417676,-1.4843679302893582,-1.5056711526952546,-1.5261509342223578,-1.5457178061573393,-1.5642803095350968,-1.5817453246020372,-1.5980184898325698,-1.6130046562845297,-1.6266084301479142,-1.638734822999405,-1.6492899647924575,-1.6581819258435448,-1.6653215822957412,-1.6706236072225376,-1.6740075299692936,-1.6753988432716762,-1.6747302146873828,-1.67194267480995,-1.6669868935804308,-1.6598244108926747,-1.650428850469835,-1.638787089810109,-1.6249003115360197,-1.6087849405691075,-1.5904734274210435,-1.5700148031030907,-1.5474750267853898,-1.5229370419328494,-1.49650057585175,-1.4682815948240688
-0.9826056226501898,-0.9272451663510585,-0.8815164258131228,-0.842943695647749,-0.809951801219097,-0.7814792658823688,-0.7567784706169024,-0.7353040499578737,-0.7166465770273848,-0.7004911936812257,-0.6865907299032241,-0.674747638693604,-0.6648014882409853,-0.6566200932029597,-0.6500930848882263,-0.6451271592375313,-0.6416425045692586,-0.6395700790216508,-0.6388494978715846,-0.639427383331665,-0.6412560551696109,-0.6442924821630127,-0.6484974334767123,-0.6538347849184221,-0.6602709497925624,-0.6677743994415971,-0.6763152661511256,-0.6858650042059662,-0.6963960991789071,-0.7078818180781827,-0.7202959904155393,-0.7336128144784849,-0.747806684977997,-0.7628520373557149,-0.7787232045062278,-0.7953942838564751,-0.812839015006543,-0.8310306608962006,-0.8499418953596871,-0.8695446933021762,-0.8898102235041653,-0.9107087425751235,-0.9322094895036562,-0.9542805800225692,-0.9768889003684602,-1.0000000000000002,-1.0235779830365725,-1.0475853982590964,-1.0719831276637142,-1.0967302737024451,-1.1217840453864503,-1.1470996437825836,-1.1726301474773102,-1.198326398536629,-1.224136890288464,-1.2500076579906974,-1.275882173695189,-1.3017012471647345,-1.3274029349037195,-1.3529224601706498,-1.37819214515785,-1.4031413597945084,-1.4276964925948512,-1.4517809413760139,-1.4753151335755066,-1.4982165851012983,-1.5203999871683855,-1.5417773413735714,-1.5622581557645532,-1.5817496747205158,-1.6001571820793632,-1.6173843926798077,-1.6333338822203232,-1.647907606400557,-1.6610075290405626,-1.6725363168722125,-1.6823981482881987,-1.6904995715571607,-1.6967504957403934,-1.701065257940078,-1.7033637480623351,-1.7035726511127032,-1.7016266747679996,-1.697469883798337,-1.691056997346435,-1.6823546869282695,-1.6713428467869582,-1.6580157493979393,-1.6423831087283058,-1.6244709951327039,-1.6043225282193458,-1.5819983613439557,-1.5575768796350777,-1.531154130333018,-1.5028433997981723
-0.9608588356045802,-0.9064553029284,-0.8615433439909025,-0.8236904774255283,-0.7913486250372832,-0.7634742917143864,-0.7393323196502092,-0.7183862759951511,-0.7002333139709584,-0.6845635319800331,-0.6711335639840152,-0.6597488292064879,-0.6502512415085959,-0.6425104939915603,-0.6364177399933408,-0.6318809227813651,-0.6288212646239045,-0.6271705908126599,-0.6268692532640838,-0.6278645085069117,-0.6301092306981808,-0.6335608809902724,-0.6381806733903682,-0.6439328928399992,-0.6507843356480765,-0.6587038382209462,-0.6676618865320862,-0.6776302827785553,-0.6885818594101205,-0.7004902332157681,-0.7133295897607036,-0.7270744925366712,-0.7416997130233475,-0.7571800770380626,-0.773490323215103,-0.7906049715683242,-0.808498202247723,-0.8271437377143547,-0.8465147309974095,-0.8665836563897824,-0.8873222025289786,-0.9087011664087858,-0.9306903477402444,-0.953258442874563,-0.976372937835096,-1.0000000000000002,-1.0241043681591426,-1.0486492407447483,-1.0735961621807937,-1.098904907442447,-1.1245333649087277,-1.1504374180142882,-1.1765708261952077,-1.2028851055031529,-1.2293294102601713,-1.2558504166673798,-1.2823922094397486,-1.3088961735325897,-1.3353008927399825,-1.3615420576866812,-1.387552384936767,-1.413261551152698,-1.4385961472697917,-1.4634796516262791,-1.4878324308449349,-1.5115717768860308,-1.5346119717310838,-1.556864398393654,-1.5782377105962453,-1.5986380371102338,-1.6179692578573208,-1.6361333668991285,-1.6530308763350843,-1.6685613100742092,-1.682623807274255,-1.6951177959341766,-1.7059437846327405,-1.7150042093945914,-1.7222044194837158,-1.7274537471832603,-1.730666644519372,-1.7317639499635649,-1.7306741493575357,-1.7273347617452173,-1.721693697395715,-1.7137106343042179,-1.703358383952504,-1.690624147540189,-1.675510702929468,-1.6580374504541735,-1.6382412452815953,-1.6161770222292438,-1.5919181415190544,-1.5655564577504948,-1.5372020290313637
-0.9395982916320041,-0.886147362190959,-0.8420489559320264,-0.8049132525556839,-0.7732189271795762,-0.745940244887928,-0.7223543602911326,-0.7019336701723188,-0.6842818351463402,-0.6690938582536204,-0.6561301402756818,-0.6451990402533362,-0.6361447993115843,-0.6288389766460228,-0.6231742399264217,-0.619059775651234,-0.616417838742496,-0.6151811225304488,-0.61529071813298,-0.6166945202353611,-0.6193459621727031,-0.6232030029354032,-0.6282273072805156,-0.6343835754399476,-0.6416389929740632,-0.649962767543321,-0.6593257448314573,-0.6697000807050547,-0.6810589599025033,-0.6933763539994449,-0.7066268091687492,-0.7207852581775,-0.7358268528475009,-0.7517268124479337,-0.7684602839456925,-0.7860022120797507,-0.8043272192838767,-0.8234094889298942,-0.8432226543687721,-0.8637396902430488,-0.8849328059628714,-0.9067733399141883,-0.9292316537918331,-0.9522770262647401,-0.9758775454905944,-1.0000000000000002,-1.0246097676378998,-1.0496707023215623,-1.0751450185161633,-1.1009931734766516,-1.1271737472533019,-1.1536433209372472,-1.1803563535637367,-1.2072650579047037,-1.234319276550381,-1.2614663590507105,-1.288651040966403,-1.3158153270641157,-1.3428983801717098,-1.3698364178867666,-1.3965626193286478,-1.4230070453745474,-1.4490965769030968,-1.4747548709925813,-1.4999023429793552,-1.5244561822848914,-1.5483303953368415,-1.5714358927719951,-1.5936806328173467,-1.6149697998939017,-1.6352060532162451,-1.6542898604081762,-1.6721198742325187,-1.6885933993193416,-1.7036069687058193,-1.717056993549288,-1.7288405344216349,-1.7388561330236956,-1.7470047882216753,-1.753191023239129,-1.757324028840052,-1.7593189481064493,-1.7590981647164539,-1.7565927333824185,-1.7517437924608699,-1.7445040129423577,-1.7348390540711929,-1.722728916243922,-1.7081692483974378,-1.6911725231252233,-1.6717690090608646,-1.6500075385070665,-1.625956005698415,-1.5997015813187088,-1.5713505631546942
-0.9188131186746454,-0.8663097932840925,-0.8230210637391473,-0.7865992102182024,-0.7555493198072848,-0.728863197966905,-0.7058301642956409,-0.6859313434848301,-0.668776831995735,-0.6540664866600884,-0.6415644388817938,-0.6310819619674047,-0.6224656066431781,-0.6155887864854503,-0.610345676323074,-0.6066467022046578,-0.6044151507169636,-0.6035845843160994,-0.6040968359850438,-0.6059004424118525,-0.6089494008134997,-0.6132021733112742,-0.618620881069496,-0.6251706454427325,-0.6328190470964844,-0.6415356706789201,-0.6512917270909155,-0.6620597310558052,-0.6738132243914239,-0.6865265377972454,-0.7001745818935387,-0.7147326620349324,-0.7301763131556804,-0.7464811502048334,-0.7636227301797059,-0.7815764237374837,-0.8003172963296985,-0.8198199925681203,-0.8400586261241615,-0.8610066717471435,-0.8826368592436271,-0.9049210680086163,-0.92783022147831,-0.9513341807066608,-0.9754016365558037,-1.0000000000000002,-1.025095290197229,-1.0506520200497842,-1.0766330791127174,-1.1029996138567688,-1.1297109052037506,-1.1567242437772134,-1.183994803211332,-1.2114755116176585,-1.239116922621073,-1.2668670866004472,-1.2946714227766942,-1.322472594515793,-1.3502103891142658,-1.377821603950013,-1.405239941590245,-1.4323959168325677,-1.4592167797776323,-1.485626455783625,-1.5115455093621155,-1.536891139417416,-1.5615772008812103,-1.5855142684747259,-1.6086097540315198,-1.630768059328041,-1.651890796898096,-1.6718770936868834,-1.6906239396453646,-1.7080266260124772,-1.723979293046205,-1.738375553486326,-1.7511092403056252,-1.7620752197719514,-1.7711703534076397,-1.7782945577505984,-1.7833519487085052,-1.7862521382496075,-1.786911544089304,-1.7852548578936143,-1.7812165061598983,-1.7747421653731452,-1.7657903014728977,-1.7543336147966702,-1.7403604638986496,-1.723876167508555,-1.7049041164859995,-1.6834866857660513,-1.659685888845452,-1.633583743790008,-1.6052822739055843
-0.8984926877663593,-0.8469313392739446,-0.8044478134726039,-0.7687359328016026,-0.738326856666038,-0.7122297124570384,-0.6897458385256564,-0.6703649868116,-0.6537036190328155,-0.6394663958210247,-0.627421143759608,-0.6173820255220375,-0.6091978843236003,-0.6027439768558452,-0.5979159782808706,-0.5946255507643907,-0.5927970117207231,-0.5923647938786749,-0.5932714747219902,-0.5954662366771424,-0.5989036453588812,-0.6035426710526521,-0.6093458966617082,-0.6162788701093118,-0.6243095725780545,-0.6334079709456739,-0.6435456462996518,-0.6546954768283456,-0.6668313656029653,-0.6799280061318854,-0.6939606766372328,-0.708905057656183,-0.7247370692568518,-0.7414327235147818,-0.7589679883398718,-0.7773186606478724,-0.7964602487478262,-0.8163678578796224,-0.8370160810391302,-0.8583788917831722,-0.8804295388105976,-0.9031404409318378,-0.9264830817760901,-0.9504279034339148,-0.9749441985005044,-1.0000000000000002,-1.025561968813591,-1.0515952782970066,-1.0780634959059596,-1.104928461794957,-1.132150164234007,-1.1596866122495935,-1.1874937057605752,-1.2155251031869532,-1.2437320879407017,-1.2720634343061141,-1.3004652731596353,-1.3288809599979448,-1.3572509463085418,-1.3855126558732151,-1.4136003689373138,-1.4414451167845936,-1.4689745904079108,-1.4961130649310175,-1.5227813460394541,-1.5488967453240463,-1.5743730811774674,-1.5991207195774455,-1.6230466657111482,-1.646054691136007,-1.668045526699092,-1.6889171358538364,-1.7085650343733638,-1.7268826990384185,-1.743762084942758,-1.7590942206322544,-1.7727699295413792,-1.7846806212044783,-1.7947192351388253,-1.8027812886233727,-1.808766017174619,-1.8125776771960058,-1.814126871226617,-1.8133320470929717,-1.8101210006463393,-1.804432450524026,-1.796217655065312,-1.7854419441798697,-1.7720862548873648,-1.7561485568555806,-1.7376451025416215,-1.7166114839950326,-1.6931034462227594,-1.6671974096458473,-1.638990628328453
-0.8786266075973104,-0.8280010289068472,-0.7863176839537435,-0.7513113816117167,-0.7215390155785488,-0.6960268179811765,-0.6740880007277387,-0.6552208432417372,-0.6390481026872722,-0.6252791941795984,-0.6136856046139663,-0.604084361609477,-0.5963265841398093,-0.5902893610335436,-0.5858698611556247,-0.5829809794624647,-0.5815480633804665,-0.5815064169988491,-0.5827993648030683,-0.5853767384883939,-0.5891936763129403,-0.5942096614297233,-0.6003877434287443,-0.6076939018156003,-0.616096523225865,-0.6255659614942042,-0.6360741723153629,-0.6475944013717763,-0.6601009165557281,-0.6735687772388563,-0.6879736317463163,-0.7032915377181085,-0.719498801681639,-0.7365718335675856,-0.7544870123389468,-0.773220560742422,-0.7927484289859185,-0.8130461814919063,-0.834088888709308,-0.8558510207784975,-0.8783063428035671,-0.9014278103652211,-0.9251874646052702,-0.9495563260766083,-0.9745042868014288,-1.0000000000000002,-1.0260107670834941,-1.052502421562931,-1.0794392096544747,-1.106783667506334,-1.1344964948240088,-1.1625364252615575,-1.190860093779952,-1.2194219008383642,-1.2481738748136928,-1.277065533034716,-1.3060437417019295,-1.335052577234573,-1.3640331898605533,-1.3929236707644554,-1.4216589260125414,-1.4501705593854823,-1.478386767418431,-1.5062322490161208,-1.5336281351437593,-1.5604919450083308,-1.5867375668250376,-1.612275276163533,-1.6370118023389162,-1.660850430130464,-1.6836911648506332,-1.7054309751398735,-1.7259640832574292,-1.745182343263361,-1.76297572655632,-1.7792328868997973,-1.7938418530898343,-1.8066907954165663,-1.8176689477947177,-1.8266676393106887,-1.833581426029459,-1.8383093938864792,-1.8407564937888836,-1.8408350649758554,-1.8384663731571955,-1.833582238147119,-1.8261267215201047,-1.8160577398520277,-1.8033487066486449,-1.787990077463699,-1.769990735959223,-1.749379195173267,-1.726204571373624,-1.7005372669238743,-1.672469292620653
-0.8592047192001435,-0.8095081686330668,-0.7686194759988659,-0.7343138832001013,-0.7051736817677178,-0.6802419925160568,-0.6588437566231383,-0.6404856819795567,-0.6247967520094474,-0.6114910875131221,-0.6003438012501088,-0.5911747616903921,-0.5838373470722618,-0.5782104675334981,-0.5741927790787671,-0.571698406116889,-0.5706537251842664,-0.5709949126614178,-0.5726660423148477,-0.5756175983577994,-0.5798052956020081,-0.5851891343874582,-0.5917326355114048,-0.599402214610057,-0.6081666682091122,-0.6179967413003349,-0.6288647680546462,-0.6407443651049614,-0.6536101681419246,-0.6674376048489628,-0.6822026955359037,-0.6978818762336478,-0.7144518406095697,-0.7318893965200973,-0.7501713334489527,-0.7692742988559117,-0.7891746831776523,-0.8098485078364847,-0.8312713180940873,-0.8534180776428493,-0.8762630646504239,-0.8997797679113367,-0.9239407824206362,-0.9487177035601713,-0.9740810193199402,-1.0000000000000002,-1.0264425849593015,-1.05337526603213,-1.08076296735606,-1.1085689214977597,-1.1367545415909235,-1.1652792898137172,-1.194100542340009,-1.2231734505271663,-1.2524507997118166,-1.2818828658857235,-1.311417270357011,-1.3409988349857809,-1.3705694386053686,-1.4000678756860607,-1.42942972069584,-1.4585871999061661,-1.4874690735694331,-1.51600053146152,-1.5441031065766326,-1.5716946129116216,-1.5986891067586337,-1.6249968832233919,-1.6505245179373338,-1.6751749436707448,-1.6988475877334823,-1.7214385842346658,-1.742841034596435,-1.7629453545376246,-1.7816397267589354,-1.7988106343368364,-1.8143435224741755,-1.8281235376072051,-1.8400364244296155,-1.849969537267065,-1.85781295869862,-1.8634607972389101,-1.866812526752056,-1.8677745274054967,-1.8662616527650935,-1.8621989034611344,-1.8555231786355553,-1.8461849646353408,-1.8341500774500172,-1.8194013227394774,-1.801940014716177,-1.781787320586433,-1.7589853954804306,-1.7335982286850093,-1.7057121356221283
-0.8402170907549661,-0.7914423348849987,-0.7513423020643581,-0.7177321162806563,-0.6892191319641676,-0.6648631436276086,-0.6440006782268304,-0.6261467737235621,-0.610936571106506,-0.5980888484451224,-0.5873823102020358,-0.5786396418005891,-0.5717164643634882,-0.5664934985443104,-0.5628708808839628,-0.5607639617948305,-0.5601001458453447,-0.5608164824018025,-0.5628577964997061,-0.5661752277782951,-0.5707250711276501,-0.576467847969518,-0.5833675543704139,-0.5913910461580496,-0.6005075336735182,-0.6106881567341473,-0.6219056313080219,-0.6341339478741722,-0.6473481123281709,-0.6615239225352159,-0.6766377720866377,-0.6926664761021162,-0.7095871154741529,-0.7273768954539688,-0.7460130149044819,-0.7654725442615876,-0.7857323118880308,-0.8067687933728345,-0.8285580054764505,-0.8510754017082542,-0.8742957692167282,-0.8981931256662445,-0.9227406154014716,-0.9479104040873446,-0.9736735712287719,-1.0000000000000002,-1.0268582639248998,-1.054215509999607,-1.0820373379671016,-1.1102876755925368,-1.1389286495961413,-1.1679204525297502,-1.197221205667327,-1.226786817577645,-1.2565708397181818,-1.2865243192147489,-1.3165956487786739,-1.3467304163758864,-1.376871255068164,-1.406957693841238,-1.4369260130643131,-1.4667091059715225,-1.4962363487367392,-1.5254334826800684,-1.5542225127223368,-1.5825216275601963,-1.6102451421797563,-1.6373034732111564,-1.663603156591789,-1.6890468995050727,-1.713533690416214,-1.7369589809364265,-1.7592149163754942,-1.780190651036678,-1.799772767203209,-1.8178457756349764,-1.8342927445461936,-1.8489960090398565,-1.861838039989809,-1.872702431612944,-1.8814750026739016,-1.8880450837891114,-1.8923068558116396,-1.8941609019292676,-1.8935157973288803,-1.8902898220050315,-1.8844127688779317,-1.875827701713009,-1.8644927917132728,-1.850383087181823,-1.833492161357401,-1.813833597881696,-1.7914422864009971,-1.7663754341256022,-1.7387132319482328
-0.821654012510489,-0.7737933666003577,-0.734475576284603,-0.7015550992048627,-0.6736640192552006,-0.6498785906461284,-0.6295467833190033,-0.6121918674229014,-0.5974550731916537,-0.585059787814569,-0.5747882734685181,-0.566466008719976,-0.5599508412052856,-0.5551252912375798,-0.5518909691606168,-0.5501644477496498,-0.5498741582785766,-0.5509580234936275,-0.5533616213407766,-0.5570367494058306,-0.5619402857587665,-0.5680332763441098,-0.5752801960802014,-0.5836483445467701,-0.5931073493084061,-0.6036287481468241,-0.6151856416094901,-0.6277523963723882,-0.6413043903943955,-0.6558177930427909,-0.6712693719374594,-0.687636321435611,-0.7048961091915447,-0.7230263367717229,-0.7420046107265711,-0.7618084221771775,-0.7824150345485115,-0.8038013741908966,-0.8259439254610073,-0.8488186273392795,-0.8724007712318775,-0.8966648986508367,-0.9215846980613305,-0.9471329000820116,-0.9732811704262693,-1.0000000000000002,-1.027258591674024,-1.0550247432954103,-1.0832647266149755,-1.1119431619437348,-1.1410228881423965,-1.170464828188053,-1.2002278503274435,-1.2302686243982812,-1.2605414746182824,-1.2909982289052124,-1.321588064538052,-1.3522573527794437,-1.382949502701531,-1.4136048048034064,-1.444160278213394,-1.4745495225333791,-1.5047025765590205,-1.5345457878840758,-1.5640016968757693,-1.5929889400432098,-1.6214221744963866,-1.6492120328459516,-1.6762651175101535,-1.7024840284922658,-1.7277674464609432,-1.7520102844941596,-1.775103888640872,-1.7969363212220086,-1.8173927454932621,-1.836355892218858,-1.8537066542985956,-1.8693247644892863,-1.8830896334213763,-1.8948813100497093,-1.9045815615027037,-1.912075145138917,-1.9172511407826198,-1.920004507718375,-1.920237690636868,-1.9178623647006867,-1.9128012931034057,-1.9049901477439153,-1.8943794332172867,-1.8809363602988478,-1.8646466181542918,-1.8455159978753621,-1.8235718473933245,-1.7988642493406264,-1.771466864766222
-0.8035059918187265,-0.7565513579813069,-0.7180090048851826,-0.6857721779677335,-0.6584973586348402,-0.6352770477265681,-0.615470515997881,-0.5986091683219478,-0.5843402561370872,-0.5723917277713747,-0.5625493692028664,-0.5546414283256483,-0.5485279628411376,-0.5440932817221571,-0.5412404621783328,-0.5398872954491037,-0.5399632378803545,-0.5414070856416842,-0.544165170842046,-0.5481899511122581,-0.5534388903535469,-0.5598735620008528,-0.5674589229150345,-0.5761627194824241,-0.5859549993830819,-0.596807700979611,-0.6086943116556267,-0.6215895761091513,-0.6354692456970652,-0.6503098620891422,-0.6660885671659569,-0.6827829341616934,-0.7003708165253335,-0.7188302105600174,-0.7381391283163259,-0.7582754788151761,-0.7792169571835507,-0.8009409366256428,-0.8234243646793491,-0.8466436609217423,-0.870574615742305,-0.8951922888969476,-0.9204709071214325,-0.9463837599888307,-0.9729030933843441,-1.0000000000000002,-1.027644306346118,-1.0558044558186572,-1.0844473874693719,-1.1135384102571086,-1.1430410723360234,-1.1729170255828054,-1.203125885314256,-1.2336250846974282,-1.2643697251067587,-1.2953124223964512,-1.326403148767577,-1.357589072838819,-1.3888143979970633,-1.4200201994045736,-1.4511442635674274,-1.4821209312121866,-1.5128809453844652,-1.5433513091782147,-1.5734551559934082,-1.6031116369082872,-1.6322358278299498,-1.660738664683496,-1.6885269151065694,-1.715503182648359,-1.7415659633965122,-1.766609767995377,-1.7905252923263597,-1.8131996686789034,-1.8345168156681213,-1.8543578700834593,-1.872601745850575,-1.889125778266377,-1.9038065287303607,-1.9165207150623043,-1.9271462663536045,-1.935563575216783,-1.9416568189925993,-1.9453155156249315,-1.9464361397369045,-1.944923893121565,-1.9406946044618303,-1.933676606100748,-1.9238127383421713,-1.911062320471691,-1.8954030421154016,-1.8768327211267521,-1.8553709155397085,-1.8310602677445869,-1.8039675282167917
-0.7857637482807169,-0.7397066514808642,-0.701932576954796,-0.6703730147181701,-0.6437085132171183,-0.6210476077427982,-0.6017607282477336,-0.5853873172102302,-0.5715805794297568,-0.5600729764777247,-0.5506537842152797,-0.5431539959661538,-0.5374358628983359,-0.5333854714345849,-0.5309073584500491,-0.5299205294387711,-0.5303554638323554,-0.5321518308777196,-0.5352567176786192,-0.5396232435623951,-0.5452094604445913,-0.5519774717332182,-0.5598927188250731,-0.5689233974622692,-0.5790399778223325,-0.5902148009544023,-0.6024217428260694,-0.6156359274780114,-0.6298334805019528,-0.6449913161808264,-0.6610869504074293,-0.6780983344614061,-0.6960037061578473,-0.7147814545052728,-0.7344099944216864,-0.7548676496024205,-0.7761325430785727,-0.7981824905619762,-0.8209948979123833,-0.8445466599739312,-0.8688140603729371,-0.8937726710091995,-0.919397250510714,-0.9456616408357787,-0.9725386613830249,-1.0000000000000002,-1.028016100367797,-1.0565560452776275,-1.0855874354178938,-1.1150762634172735,-1.1449867826554359,-1.1752813710016077,-1.205920389377227,-1.2368620345725583,-1.2680621875217482,-1.2994742569154876,-1.331049017710517,-1.3627344471188878,-1.3944755579988957,-1.426214229827298,-1.4578890412355439,-1.4894351045687164,-1.5207839040777629,-1.5518631424906164,-1.582596598309289,-1.6129039979986501,-1.6427009065898064,-1.671898643929649,-1.7004042345479333,-1.7281203889198467,-1.7549455342211064,-1.7807739071195514,-1.8054956948086947,-1.828997254066114,-1.851161426191011,-1.8718679335335282,-1.8909939017245567,-1.9084144689065305,-1.92400355505317,-1.937634759444549,-1.9491823871756613,-1.9585226773560431,-1.9655351086656578,-1.9701039483505434,-1.9721198724474673,-1.9714817549641768,-1.9680986024832579,-1.9618914802370702,-1.9527955893644993,-1.940762328778126,-1.9257612998630926,-1.9077821942920894,-1.8868365598816224,-1.8629593101575812,-1.8362099294830494
-0.7684182090007818,-0.7232498310082823,-0.6862365555601364,-0.6553475767488848,-0.6292871810770768,-0.6071797269680453,-0.5884066624604993,-0.572515370800941,-0.5591649424366634,-0.5480923043042805,-0.5390901881581154,-0.5319923087077207,-0.5266630937803599,-0.5229903957755976,-0.5208802037227911,-0.5202527328086801,-0.5210394831764231,-0.5231809963859453,-0.5266251149244008,-0.5313256210037771,-0.5372411562581358,-0.5443343560612696,-0.5525711484424529,-0.561920180548794,-0.5723523469375245,-0.583840392953803,-0.596358584406981,-0.6098824255193922,-0.6243884164831585,-0.6398538440453907,-0.6562565974155115,-0.6735750046528897,-0.6917876860886161,-0.7108734209956684,-0.7308110241276937,-0.7515792302386316,-0.773156586081263,-0.795521345146908,-0.8186513663743507,-0.8425240141553785,-0.8671160592047008,-0.8924035790453505,-0.9183618573722693,-0.9449652814780605,-0.9721872370902498,-1.0000000000000002,-1.028374623942097,-1.0572808242207874,-1.086686856673558,-1.1165593916872205,-1.1468633827376673,-1.1775619295720974,-1.2086161358777852,-1.2399849608013829,-1.271625065469541,-1.3034906543066203,-1.3355333105983125,-1.3677018288453102,-1.3999420436857013,-1.4321966553822507,-1.4644050559055222,-1.4965031558041044,-1.5284232131861373,-1.5600936698360035,-1.5914389962997368,-1.6223795497002325,-1.6528314485635842,-1.68270647091955,-1.7119119831580083,-1.7403508990463012,-1.7679216852621575,-1.7945184255483073,-1.820030932445105,-1.8443449343924136,-1.8673423556223172,-1.8889016769673885,-1.9088984205234478,-1.9272057226014496,-1.9436950657914833,-1.9582371411803425,-1.9707028434682212,-1.9809644711958492,-1.9888970122946625,-1.994379680720767,-1.9972975350440563,-1.9975432797189596,-1.9950192273477472,-1.9896392671883758,-1.981331007812842,-1.9700379227883884,-1.955721462390259,-1.9383630662722635,-1.9179660792771942,-1.8945574245646783,-1.8681889905102023
-0.7514605039468961,-0.7071717153454611,-0.6709114691887873,-0.6406861259424761,-0.6152233826861394,-0.5936632104968451,-0.5753979348537072,-0.5599827831668208,-0.547082663893468,-0.5364389214190066,-0.527847709274941,-0.5211454393157193,-0.5161986989646624,-0.5128970948193522,-0.5111480602040781,-0.5108730150525833,-0.5120044774316731,-0.5144838600114773,-0.5182597605931755,-0.5232866249887164,-0.5295236857716916,-0.5369341117849742,-0.5454843192950803,-0.5551434084127611,-0.5658826994708577,-0.5776753432410167,-0.5904959961627203,-0.604320543021209,-0.6191258585301552,-0.6348896013219484,-0.6515900328123397,-0.6692058561754808,-0.6877160720243756,-0.7070998470859937,-0.7273363925614451,-0.7484048503023796,-0.7702841862644291,-0.7929530866594933,-0.8163898579335959,-0.8405723279750775,-0.8654777480988813,-0.8910826945767728,-0.9173629689703731,-0.944293496451651,-0.9718482214505259,-1.0000000000000002,-1.028720488222627,-1.05798002643339,-1.0877475184264769,-1.117990305630863,-1.1486740355694482,-1.1797625246998575,-1.2112176154316847,-1.2429990266243238,-1.2750641986595785,-1.3073681328069027,-1.3398632242288728,-1.3724990911213648,-1.405222399634313,-1.4379766843988002,-1.4707021687131125,-1.5033355843313398,-1.535809991908583,-1.5680546073514283,-1.5999946354291694,-1.631551114018291,-1.662640773925669,-1.6931759196433949,-1.72306433803525,-1.7522092358403287,-1.7805092206907602,-1.8078583372969645,-1.834146150323864,-1.8592578998169116,-1.8830747461395858,-1.905474094836384,-1.9263300431097372,-1.9455139154486296,-1.9628949568624567,-1.9783411577119956,-1.9917202146771231,-2.002900699409578,-2.011753319999788,-2.018152440059869,-2.0219776901150923,-2.023115774536949,-2.0214624543385007,-2.0169245512115195,-2.0094221478921934,-1.9988908103450795,-1.9852837997108215,-1.9685742041683032,-1.9487569999933887,-1.9258508855573304,-1.8998998493800743
-0.7348819614147987,-0.6914633517667776,-0.6559481035059245,-0.626379208651515,-0.6015074489105022,-0.580488198366692,-0.5627245197312614,-0.5477793881672772,-0.5353234625365947,-0.5251024566742629,-0.5169159116037483,-0.510602911845895,-0.50603218706414,-0.5030950859371546,-0.5017004778491527,-0.5017709821285459,-0.5032401315462564,-0.5060502082283753,-0.5101505647546185,-0.5154963107758787,-0.5220472705439817,-0.5297671473897998,-0.5386228469389996,-0.5485839233465937,-0.5596221236464913,-0.5717110047072496,-0.5848256139392514,-0.5989422166385775,-0.6140380615440553,-0.6300911781936421,-0.6470801987156475,-0.664984199368114,-0.6837825584631233,-0.703454827038829,-0.7239806090384372,-0.7453394491466372,-0.7675107277102518,-0.7904735583181253,-0.8142066890715106,-0.8386884050243144,-0.8638964313190692,-0.889807835807037,-0.9163989304047957,-0.9436451703732419,-0.9715210508503949,-1.0000000000000002,-1.0290542682053265,-1.0586548127654507,-1.0887711776387323,-1.1193713678906207,-1.150421718247345,-1.1818867557938175,-1.213729056564061,-1.245909095274103,-1.2783850892327557,-1.3111128360754736,-1.3440455445762989,-1.377133660973462,-1.4103246903316047,-1.4435630126083405,-1.4767896974759689,-1.5099423176129134,-1.5429547612645647,-1.5757570494983153,-1.6082751590639868,-1.640430853859789,-1.6721415305254685,-1.7033200826621164,-1.7338747902059177,-1.7637092361817843,-1.7927222639604832,-1.8208079862084423,-1.8478558394388338,-1.8737507081536313,-1.898373135054942,-1.9215996099013033,-1.9433029773805675,-1.9633529345879575,-1.9816166841119895,-1.9979597196252854,-2.0122467502325114,-2.024342834265437,-2.0341146128712273,-2.0414318066605865,-2.0461688145816783,-2.0482065202885384,-2.0474342884781214,-2.0437519975665213,-2.037072289985407,-2.027322863338634,-2.0144487754175144,-1.998414689058418,-1.9792070730453275,-1.9568361934662089,-1.9313378613454442
-0.718674103593519,-0.6761160098550302,-0.6413374934113171,-0.612417645991735,-0.5881300095430755,-0.5676451523402708,-0.5503767345372824,-0.535895382805299,-0.5238774388049057,-0.5140729377050445,-0.5062847735334081,-0.5003546787301776,-0.4961535075224913,-0.4935743381911061,-0.4925274675496556,-0.49293670854680416,-0.4947366049953642,-0.4978703063649426,-0.5022879190095918,-0.507945216183194,-0.5148026140773716,-0.5228243510542288,-0.5319778227496053,-0.5422330379803467,-0.553562170954196,-0.5659391848672619,-0.5793395180165549,-0.5937398157482545,-0.6091176999389409,-0.625451569679912,-0.6427204259647169,-0.6609037157699209,-0.6799811922080743,-0.6999327871878445,-0.7207384934080039,-0.7423782538554916,-0.7648318582032647,-0.7880788418301469,-0.8120983884040017,-0.8368692335795492,-0.8623695693187814,-0.8885769476407874,-0.9154681830500062,-0.9430192528307444,-0.9712051945323914,-1.0000000000000002,-1.029376505366713,-1.059306276449215,-1.0897594890698812,-1.1207048039366785,-1.1521092354523654,-1.1839380144526284,-1.2161544445777537,-1.2487197514788333,-1.281592925833642,-1.3147305597497199,-1.348086675725193,-1.3816125505362253,-1.4152565334605185,-1.448963858358275,-1.48267645363892,-1.5163327496167809,-1.549867483816243,-1.58321150978315,-1.616291609901518,-1.649030314859521,-1.6813457357809083,-1.713151412722592,-1.7443561856031935,-1.7748640909953801,-1.8045742964158382,-1.8333810828291837,-1.8611738714808874,-1.887837317245972,-1.9132514844684105,-1.9372920998979757,-1.9598309217261862,-1.9807361982901763,-1.9998732799358196,-2.01710536377916,-2.032294379242742,-2.0453020840237963,-2.0559912662941704,-2.0642272143436973,-2.0698792978755782,-2.0728227678104396,-2.072940759347382,-2.0701263464441846,-2.0642848342391646,-2.055336111489284,-2.0432170411601036,-2.0278838116103817,-2.0093142712954157,-1.9875100731953403,-1.962498599529965
-0.7028286422300599,-0.6611211755065157,-0.6270709153838125,-0.5987925245285899,-0.5750819823412763,-0.5551248433116296,-0.5383452256565264,-0.5243213114570389,-0.5127350575424595,-0.5033407721578796,-0.4959446676203776,-0.490391099251209,-0.48655302782447796,-0.4843252483654473,-0.48361947607830613,-0.4843607113264036,-0.4864845048542421,-0.48993487090275756,-0.4946626681294819,-0.5006243326858624,-0.5077808724964042,-0.5160970610336295,-0.5255407841380553,-0.5360825054597357,-0.5476948264194281,-0.5603521163527773,-0.5740302039570435,-0.5887061137836546,-0.6043578395945548,-0.6209641483369808,-0.6385044076974132,-0.6569584327007917,-0.6763063480765579,-0.6965284628972732,-0.717605154382648,-0.7395167590592597,-0.7622434706434214,-0.7857652405108626,-0.8100616816098363,-0.8351119734384279,-0.8608947675779454,-0.8873880926074671,-0.9145692576463362,-0.9424147537149329,-0.9709001522324444,-1.0000000000000002,-1.0296877100741804,-1.059935447957542,-1.0907140126104986,-1.121992711891177,-1.1537392317677964,-1.1859194992657025,-1.2184975388126673,-1.2514353211393732,-1.284692605649015,-1.3182267757706732,-1.3519926663900925,-1.3859423856536823,-1.420025130450413,-1.4541869949578614,-1.4883707762400227,-1.5225157762053563,-1.5565576002610886,-1.590427958312631,-1.6240544682255496,-1.6573604640539739,-1.690264815470477,-1.722681761352013,-1.7545207631354784,-1.785686382455909,-1.8160781932935812,-1.8455907388675439,-1.8741135314227855,-1.9015311153631473,-1.9277232091847776,-1.9525649227158466,-1.9759270872530073,-1.9976766750576909,-2.017677369150526,-2.0357902659064933,-2.0518747198581684,-2.065789399175659,-2.0773934532542433,-2.0865479511024,-2.093117440269838,-2.0969717343368512,-2.0979879160855908,-2.0960524070425195,-2.0910632942414806,-2.0829327361459695,-2.0715894310568377,-2.0569810675429157,-2.0390767863251114,-2.017869472767936,-1.993377855300186
-0.6873374743910118,-0.646470545118531,-0.6131398801010868,-0.5854951873384877,-0.5623545625445997,-0.5429183393019674,-0.5266209549180119,-0.5130480509209262,-0.5018871316388127,-0.4928967299759474,-0.4858863415799027,-0.4807029193081993,-0.4772215121118984,-0.4753386185145372,-0.47496736265672446,-0.47603392567613095,-0.4784748606904151,-0.4822350436827633,-0.4872660836825853,-0.49352507857280725,-0.5009736273469286,-0.5095770382169983,-0.519303686982414,-0.5301244918698542,-0.5420124811387288,-0.554942429679174,-0.568890555723249,-0.5838342618229277,-0.5997519120334818,-0.6166226391418016,-0.6344261750571578,-0.6531426999058885,-0.6727527065945063,-0.6932368774163964,-0.714575969659803,-0.7367507084277344,-0.7597416860116178,-0.7835292638183684,-0.8080934776276834,-0.8334139438674294,-0.859469766384628,-0.8862394425552562,-0.9137007679784376,-0.9418307389484228,-0.970605452018514,-1.0000000000000002,-1.0299883637909946,-1.060543299448792,-1.091636219992377,-1.1232370715189073,-1.1553142029545056,-1.1878342293653097,-1.2207618884540106,-1.2540598893592838,-1.2876887546103877,-1.3216066546932619,-1.355769234251967,-1.3901294321429667,-1.4246372945505315,-1.4592397804248496,-1.4938805631740049,-1.5284998277392023,-1.5630340631788844,-1.5974158564667713,-1.63157368726852,-1.665431725676744,-1.6989096396885297,-1.7319224146842949,-1.7643801900823954,-1.796188118642967,-1.8272462573201127,-1.8574494994177337,-1.886687548059264,-1.9148449497584048,-1.9418012030117304,-1.9674309401856727,-1.9916042188468275,-2.014186901794221,-2.035041184153932,-2.0540262527108473,-2.0709990883179694,-2.0858154785265213,-2.098331147621701,-2.108403159826638,-2.1158914513565295,-2.120660600110694,-2.122581822571314,-2.121535051794466,-2.117411290797158,-2.110115064112115,-2.0995669560515244,-2.0857061529495375,-2.0684930250922715,-2.0479115615946615,-2.0239716383168305
-0.672192678318935,-0.6321560199528583,-0.599536125323051,-0.5725172254270383,-0.549939212847414,-0.5310169940128352,-0.5151951867613066,-0.5020667962368082,-0.4913248065478916,-0.4827319266715086,-0.476100900372544,-0.47128125238444735,-0.468150101104971,-0.4666056349165163,-0.4665623770248756,-0.46794768226786143,-0.47069910113319724,-0.47476236786685594,-0.48008983948687656,-0.4866392739924381,-0.4943728603389269,-0.503256440672738,-0.5132588800836574,-0.5243515507096568,-0.5365079068815237,-0.5497031280836535,-0.5639138208612673,-0.5791177642261093,-0.5952936906196211,-0.6124210963583582,-0.6304800748321445,-0.6494511680711681,-0.6693152334896855,-0.6900533224496288,-0.7116465676653814,-0.734076077680988,-0.7573228377384469,-0.781367613167555,-0.8061908559989633,-0.8317726125531321,-0.858092431469917,-0.8851292710400185,-0.9128614050835991,-0.9412663265730739,-0.9703206483107459,-1.0000000000000002,-1.0302789210961125,-1.0611307488387067,-1.092527500936344,-1.1244397524658665,-1.1568365062852328,-1.1896850568509936,-1.2229508470298063,-1.256597316986111,-1.290585745936561,-1.3248750861735634,-1.3594217883186137,-1.3941796199404566,-1.4290994766577967,-1.4641291848734204,-1.4992133000007597,-1.534292899147936,-1.5693053681880593,-1.604184188944819,-1.6388587259326124,-1.6732540143224979,-1.7072905562030702,-1.7408841267475386,-1.7739455950349725,-1.806380765847026,-1.8380902500903844,-1.8689693731167634,-1.8989081226507287,-1.9277911535176915,-1.9554978635480267,-1.9819025405654702,-2.006874615146555,-2.030279001096197,-2.0519765794121163,-2.071824813482911,-2.089678507692607,-2.105390775129811,-2.1188141274128625,-2.1298018391027322,-2.1382094486662413,-2.143896505170777,-2.1467285527820144,-2.1465792107490804,-2.143332545807221,-2.1368855615077615,-2.127150798228344,-2.114058959498294,-2.0975616063872122,-2.0776337284756328,-2.054276176273302
-0.6573865093813911,-0.6181697006690888,-0.5862516090278796,-0.559850469487611,-0.5378276538038788,-0.5194124359065776,-0.5040594760276222,-0.4913690472290496,-0.48103954563068296,-0.4728378075218663,-0.466579789312927,-0.4621175616339221,-0.4593302932369474,-0.4581178483309024,-0.45839613890093256,-0.46009368598187156,-0.46314903199109747,-0.46750876551705256,-0.47312598874320033,-0.4799591177343046,-0.48797092987283575,-0.49712780001722673,-0.5073990814750674,-0.5187565992414015,-0.5311742325791329,-0.544627564253315,-0.559093587567065,-0.5745504561382049,-0.5909772685957061,-0.6083538822061151,-0.6266607488498152,-0.6458787690373227,-0.6659891608166655,-0.6869733402819641,-0.7088128107667971,-0.7314890589744991,-0.7549834573431371,-0.7792771689015104,-0.8043510552470413,-0.8301855854609261,-0.8567607454139862,-0.8840559463423407,-0.9120499319388159,-0.9407206831612078,-0.9700453200656017,-1.0000000000000004,-1.030559811536713,-1.0616986635353025,-1.0933891687919324,-1.1256025218180872,-1.1583083700282442,-1.1914746781942966,-1.2250675857227484,-1.2590512558054592,-1.2933877171731993,-1.328036697804522,-1.3629554494936764,-1.39809856532692,-1.433417789105786,-1.4688618157588131,-1.5043760865209277,-1.5399025776950077,-1.575379582740501,-1.610741493413395,-1.6459185790971067,-1.6808367657025167,-1.7154174214324287,-1.749577150420104,-1.7832275985766317,-1.816275278710617,-1.8486214213974974,-1.8801618603875991,-1.9107869558067139,-1.9403815708171812,-1.9688251155621046,-1.9959916598073266,-2.0217501474938944,-2.0459646977152897,-2.068495045307925,-2.0891971112589225,-2.107923716333869,-2.1245255020738756,-2.138851978027261,-2.1507528440837564,-2.160079456423908,-2.1666865463105616,-2.1704341863307945,-2.171189866107788,-2.16883087625767,-2.163246827676919,-2.1543423050959394,-2.1420395695203807,-2.1262813571005017,-2.1070335793475667,-2.084287914329783
-0.6429113961105508,-0.6045038820218473,-0.5732785027901327,-0.5474869819843744,-0.5260118546432054,-0.5080965577856746,-0.4932056563402871,-0.4809465957306146,-0.4710231162708397,-0.46320613262971155,-0.4573147781331121,-0.4532036430107113,-0.4507539269171151,-0.4498671554666779,-0.4504606187296427,-0.45246399601394444,-0.4558168157989946,-0.4604665166665389,-0.4663669427160838,-0.4734771656072765,-0.48176054920404854,-0.4911839994555988,-0.5017173564299245,-0.5133328965562437,-0.5260049225393231,-0.5397094187795095,-0.5544237634710031,-0.5701264826935307,-0.5867970387961498,-0.6044156471688859,-0.6229631149678783,-0.6424206975574969,-0.6627699695639964,-0.6839927073163996,-0.7060707798192657,-0.728986046530593,-0.7527202612238476,-0.7772549783116134,-0.8025714621950827,-0.8286505975153791,-0.855472799750247,-0.8830179250530013,-0.9112651785810616,-0.9401930205197959,-0.9697790691083322,-1.0000000000000004,-1.0308314413293886,-1.062247863868873,-1.0942224657172466,-1.1267270510452854,-1.1597319021609453,-1.193205644720129,-1.2271151056080332,-1.2614251625141768,-1.296098585869688,-1.3310958724534336,-1.3663750695195493,-1.4018915914076766,-1.4375980276002571,-1.4734439411718634,-1.509375661317964,-1.5453360686401474,-1.581264372761141,-1.6170958879636652,-1.6527618057172964,-1.6881889651935387,-1.7232996292369063,-1.7580112662437326,-1.7922363418838585,-1.8258821283721618,-1.8588505366676338,-1.8910379799089445,-1.9223352727342466,-1.9526275806988491,-1.9817944330540365,-2.0097098016817885,-2.03624227792004,-2.0612553342384032,-2.0846077213839025,-2.106153993542279,-2.1257451760439494,-2.1432296381264493,-2.15845409545919,-2.171264887426329,-2.1815094044357703,-2.189037774204224,-2.1937048041782905,-2.195372046917031,-2.1939101883225485,-2.189201589148588,-2.1811429838520286,-2.1696482510005652,-2.1546513083156302,-2.1361089347879334,-2.114003514252035
-0.6287599363313533,-0.5911510477162546,-0.5606091853909689,-0.5354190495448434,-0.5144840244747274,-0.4970615068443821,-0.4826258290414622,-0.4707915134480597,-0.46126757671586893,-0.45382896279301255,-0.44829794593805794,-0.44453160937102315,-0.44241316384407636,-0.4418457815750142,-0.4427481196257399,-0.4450510072434282,-0.448694952687151,-0.45362823976794603,-0.459805450841233,-0.46718631028753366,-0.4757347661136678,-0.4854182533582199,-0.496207097027065,-0.5080740232123674,-0.5209937562403781,-0.5349426801908479,-0.5498985559921952,-0.565840279773034,-0.5827476748879499,-0.6006013117987641,-0.6193823495193582,-0.6390723944600238,-0.6596533736095225,-0.6811074188948805,-0.70341675992343,-0.7265636234016477,-0.7505301384930264,-0.7752982446091243,-0.8008496021352756,-0.8271655040256098,-0.8542267877023023,-0.8820137461735997,-0.9105060376201015,-0.9396825926600824,-0.969521518599847,-1.0000000000000004,-1.0310941949242327,-1.0627791262457567,-1.095028567442181,-1.1278149223869702,-1.161109098385437,-1.1948803722508483,-1.2290962489169346,-1.2637223115856149,-1.2987220640187698,-1.3340567642384376,-1.3696852484422275,-1.4055637470055853,-1.4416456914675821,-1.4778815113570043,-1.5142184244459946,-1.5506002189829438,-1.5869670273182597,-1.6232550965642194,-1.6593965549005423,-1.695319174362526,-1.7309461377032227,-1.7661958092649286,-1.8009815134094045,-1.8352113287653347,-1.8687879026417598,-1.9016082934403848,-1.9335638469661787,-1.9645401194647711,-1.9944168600867804,-2.023068056831051,-2.0503620762262638,-2.076161886028453,-2.100325409010577,-2.1227060026083797,-2.1431530799744984,-2.1615129332403713,-2.1776296894823712,-2.191346540289603,-2.2025071271022716,-2.2109571906956225,-2.2165464845174885,-2.2191308239181957,-2.2185744715857556,-2.2147526936593436,-2.2075544956392825,-2.19688545248197,-2.182670691239587,-2.1648578272881283,-2.1434198532643953
-0.614924893376237,-0.5781038654161669,-0.5482362366509128,-0.5236391756477522,-0.503236603863434,-0.48629967516768646,-0.4723123526540765,-0.46089614043004434,-0.4517652635998609,-0.4446986461335464,-0.439521666995286,-0.4360938754827948,-0.43430047329730437,-0.4340462640876618,-0.4352512604266122,-0.4378474327698521,-0.4417762624733502,-0.4469868734141665,-0.453434582149461,-0.461079762521017,-0.46988694396558284,-0.479824088248925,-0.49086200314698847,-0.5029738623156114,-0.516134809572612,-0.5303216264314872,-0.5455124541287769,-0.5616865561809083,-0.578824114006995,-0.5969060498843013,-0.6159138710835106,-0.6358295310914976,-0.6566353049034481,-0.6783136752874812,-0.7008472272849418,-0.7242185492623853,-0.7484101397626115,-0.773404316761241,-0.799183129771279,-0.8257282727870909,-0.8530209974953032,-0.8810420256847076,-0.9097714601074853,-0.9391886930080301,-0.9692723116255046,-1.0000000000000004,-1.031348436444539,-1.063293186051481,-1.0958085876535788,-1.1288676347325615,-1.1624418495104083,-1.1965011499900788,-1.2310137094154476,-1.265945807128129,-1.3012616713714216,-1.3369233132670781,-1.3728903507309609,-1.4091198241085705,-1.445566002365596,-1.4821801786098658,-1.5189104584249147,-1.5557015394529428,-1.5924944814923467,-1.6292264726783683,-1.6658305901274324,-1.7022355556329192,-1.7383654940832423,-1.7741396940603618,-1.8094723737964766,-1.8442724612135983,-1.8784433914335894,-1.911882929121073,-1.9444830226753826,-1.9761297017830923,-2.0067030304663183,-2.0360771208171466,-2.064120236211488,-2.0906949754665685,-2.1156585835092603,-2.1388633854116823,-2.160157360266062,-2.179384913924223,-2.196387786806577,-2.2110062333924034,-2.2230803625518387,-2.2324517462457445,-2.2389652988290525,-2.2424713045553606,-2.242827793385581,-2.2399031042448856,-2.2335786498027765,-2.2237517978974797,-2.210338932984311,-2.1932784983078633,-2.172534022627011
-0.6013991923845078,-0.5653551818999631,-0.5361524314760846,-0.5121400735927899,-0.49226225675768853,-0.47580369065407946,-0.46225783283991956,-0.45125307410442583,-0.4425087801067324,-0.43580780543679315,-0.43097859730509913,-0.4278831438828583,-0.42640861734055885,-0.4264614372283081,-0.42796295977539467,-0.430846287533351,-0.43505386788776657,-0.4405356592360066,-0.4472477079064131,-0.4551510335752062,-0.4642107440407255,-0.47439532509238014,-0.4856760647829456,-0.4980265819246872,-0.5114224374077194,-0.5258408076640391,-0.5412602115630623,-0.5576602771198015,-0.5750215406701105,-0.5933252728650263,-0.6125533254671888,-0.6326879949279797,-0.6537118997708917,-0.675607868746226,-0.6983588370777674,-0.7219477491390771,-0.7463574667936342,-0.7715706801135634,-0.7975698208638453,-0.8243369767984176,-0.8518538061893902,-0.8801014515388683,-0.90906045172916,-0.938710651833549,-0.9690311098946599,-1.0000000000000004,-1.031594511013514,-1.0637907403262228,-1.0965635820368926,-1.1298866090416901,-1.163731948257061,-1.1980701487152932,-1.2328700419780814,-1.2680985938275795,-1.3037207477279016,-1.3396992592474493,-1.3759945201720891,-1.4125643739991198,-1.4493639215914198,-1.4863453156951152,-1.5234575476883312,-1.5606462248955775,-1.597853337595212,-1.6350170211985464,-1.672071311770268,-1.7089458952426466,-1.745565858033796,-1.7818514380881516,-1.8177177791593777,-1.8530746974476235,-1.8878264630825092,-1.9218716033505292,-1.9551027356723782,-1.9874064405915381,-2.0186631863444684,-2.048747311226702,-2.0775270910964085,-2.1048648855338037,-2.1306174057568392,-2.1546361031130146,-2.176767695437899,-2.196854888481464,-2.2147372342051463,-2.230252258124627,-2.2432367518905805,-2.2535283375342128,-2.2609673081045787,-2.2653986281410896,-2.2666742932855257,-2.2646558934074736,-2.25921739815887,-2.2502480813397296,-2.2376556522118713,-2.2213693951231592,-2.201343325947705
-0.5881759166844485,-0.5528980183588579,-0.5243507341092472,-0.5009146597394805,-0.4815538627519137,-0.4655664083400811,-0.45245511282666534,-0.44185515885132187,-0.43349098473577835,-0.4271493261592585,-0.42266166190163357,-0.4198923915261357,-0.4187306368758587,-0.41908441752992964,-0.4208764211620025,-0.42404087294111753,-0.4285211788477431,-0.43426812588912156,-0.44123848537616495,-0.44939391884433494,-0.4587001090490803,-0.46912606277809554,-0.4806435455619935,-0.4932266186739799,-0.5068512573875251,-0.5214950302878261,-0.5371368309720825,-0.5537566488555123,-0.5713353718547702,-0.5898546153859132,-0.6092965717925899,-0.6296438762532413,-0.6508794862364493,-0.6729865715303192,-0.6959484122228695,-0.7197483029928115,-0.7443694629334653,-0.7697949477288678,-0.796007564516726,-0.8229897875378818,-0.8507236739882729,-0.8791907790401683,-0.9083720692924993,-0.9382478338787398,-0.9687975925409543,-1.0000000000000004,-1.0318327459782073,-1.0642724502331524,-1.0972945520053348,-1.1308731933461007,-1.1649810955408382,-1.1995894283411237,-1.2346676714287073,-1.2701834670553487,-1.3061024642956767,-1.342388154071295,-1.379001693644486,-1.4159017221805068,-1.4530441661075255,-1.4903820329114033,-1.527865196615791,-1.565440173188866,-1.6030498848766033,-1.6406334188361502,-1.6781257780469814,-1.7154576246304216,-1.7525550232912024,-1.7893391834943613,-1.8257262028543269,-1.8616268211624645,-1.8969461867103168,-1.9315836413513834,-1.9654325331763116,-1.9983800658778392,-2.030307195812762,-2.061088583889534,-2.0905926281904446,-2.118681572768077,-2.1452117332984293,-2.170033840244176,-2.192993517537681,-2.2139319521215004,-2.232686701612382,-2.249092767709131,-2.262983838563023,-2.274193805210361,-2.282558559234986,-2.2879179611801326,-2.2901181776744535,-2.2890142373656226,-2.2844728292848875,-2.2763752617812405,-2.2646206546560252,-2.2491291674803175,-2.2298452772392374
-0.5752483042563235,-0.5407255658329055,-0.5128242925774059,-0.489956047003103,-0.4711045096679596,-0.4555809021057293,-0.44289726427828646,-0.43269547608162695,-0.42470498063389206,-0.418716345062361,-0.41456404283859105,-0.4121148571754303,-0.4112598384913617,-0.41190859019637505,-0.41398511885538214,-0.4174247624283972,-0.4221718777064914,-0.4281780740500324,-0.43540084262461437,-0.44380248252045196,-0.45334924772876134,-0.46401066270773494,-0.47575896738047024,-0.4885686625166791,-0.5024161348336904,-0.5172793420733837,-0.5331375494442984,-0.5499711044724149,-0.5677612431487349,-0.5864899218956474,-0.6061396695974035,-0.6266934558128122,-0.6481345722828582,-0.6704465248187669,-0.693612933002691,-0.7176174360822343,-0.742443604271624,-0.7680748523791355,-0.7944943560463157,-0.8216849687502751,-0.8496291389807674,-0.8783088265759926,-0.9077054174815198,-0.9377996361674048,-0.968571455014359,-1.0000000000000004,-1.0320634520398406,-1.064738943338134,-1.098002448144365,-1.1318286673703672,-1.1661909062754718,-1.2010609449090932,-1.236408900713126,-1.2722030822152117,-1.3084098341958712,-1.3449933734585617,-1.381915613873414,-1.4191359822032212,-1.4566112233954782,-1.4942951939180056,-1.5321386462681525,-1.570089002813019,-1.6080901178427127,-1.6460820330923152,-1.6840007245359438,-1.721777840374545,-1.7593404379022346,-1.7966107174927528,-1.8335057558536145,-1.8699372482215892,-1.9058112603817559,-1.9410279965059503,-1.9754815924422882,-2.0090599424105395,-2.0416445695509,-2.0731105482644487,-2.1033265028448036,-2.132154679629878,-2.1594511309923377,-2.1850660135260616,-2.208844019060204,-2.230624991946066,-2.250244685189951,-2.2675357784105223,-2.282329067819148,-2.2944549317894527,-2.303745081561158,-2.3100344928506336,-2.313163714498794,-2.3129814103920365,-2.3093471628385336,-2.302134457755949,-2.2912339285326824,-2.2765566640684156,-2.2580375987330825
-0.5626097442744681,-0.5288311807800645,-0.5015664333280953,-0.4792575385961994,-0.4609074864397841,-0.4458404567414874,-0.4335775785849091,-0.4237673347924529,-0.41614410546121855,-0.41050223943485914,-0.40667916781681823,-0.40454402948418355,-0.40398978205078523,-0.4049275962511889,-0.4072827846655218,-0.41099178788830365,-0.41599990540595466,-0.422259562347713,-0.42972896428570817,-0.43837104325027054,-0.4481526204493682,-0.4590437344006128,-0.4710170960668747,-0.4840476424997719,-0.4981121686889174,-0.5131890183232426,-0.5292578249125022,-0.5462992906301156,-0.5642949958811168,-0.583227234201707,-0.6030788668624052,-0.6238331933614206,-0.6454738349643955,-0.6679846284345778,-0.6913495274396757,-0.7155525100385307,-0.7405774914519215,-0.7664082391340519,-0.7930282903841259,-0.8204208706992945,-0.8485688122773353,-0.8774544716700297,-0.9070596458566902,-0.9373654859798614,-0.9683524080568838,-1.0000000000000004,-1.0322869242987809,-1.0651908157173955,-1.09868817339655,-1.1327542468048983,-1.1673629147412117,-1.2024865570538956,-1.2380959184615676,-1.2741599633951224,-1.3106457221918162,-1.3475181277440993,-1.3847398412501295,-1.4222710684850366,-1.460069365236244,-1.498089430426785,-1.5362828899336738,-1.5745980691836157,-1.6129797532993773,-1.6513689399236011,-1.6897025823657503,-1.7279133227973265,-1.765929223122567,-1.8036734914256385,-1.8410642058266338,-1.8780140456059662,-1.9144300297607046,-1.9502132685512639,-1.9852587383216749,-2.019455086488183,-2.0526844765887384,-2.084822482041928,-2.1157380517320945,-2.1452935463082285,-2.173344881210349,-2.1997417803556423,-2.224328159643798,-2.2469426918141533,-2.2674195103614285,-2.2855891707873637,-2.301279786283062,-2.3143184396895604,-2.3245328835837555,-2.3317534306421397,-2.3358152281290225,-2.336560779245183,-2.333842743915465,-2.327526942012933,-2.317495639851515,-2.3036509288227522,-2.2859182184610343
-0.5502537737266935,-0.5172083807738578,-0.4905706560468464,-0.46881262200478574,-0.4509562762869205,-0.4363385603581573,-0.42448955854961623,-0.4150642625727814,-0.40780192175920277,-0.40250061686840066,-0.3990006994139164,-0.3971736357280175,-0.39691426897589643,-0.39813532042102895,-0.4007633954785501,-0.4047360269099445,-0.40999944846971836,-0.4165068941632788,-0.42421727821997646,-0.433094160704536,-0.4431049257439527,-0.4542201220396752,-0.4664129279928093,-0.4796587134903166,-0.4939346784082537,-0.509219548977211,-0.5254933235211913,-0.5427370552401364,-0.5609326651546389,-0.5800627799034522,-0.6001105888895819,-0.621059717029258,-0.6428941103032534,-0.6655979313120385,-0.6891554623740168,-0.7135510145919567,-0.7387688420847789,-0.764793058494756,-0.7916075559661891,-0.8191959248453329,-0.8475413735074226,-0.8766266473286555,-0.9064339460780826,-0.9369448389786791,-0.9681401767546701,-1.0000000000000004,-1.0325034432215856,-1.065628633908131,-1.0993525860093516,-1.1336510872613923,-1.1684985795549587,-1.2038680319914161,-1.2397308059936276,-1.2760565113835034,-1.3128128537061048,-1.3499654718793803,-1.3874777647961563,-1.4253107082091856,-1.4634226605065324,-1.5017691558533153,-1.540302687582319,-1.578972479848749,-1.6177242462224455,-1.6564999402062275,-1.6952374951838558,-1.7338705533382566,-1.772328191084092,-1.81053463860447,-1.8484089950226736,-1.8858649491983595,-1.9228105056465288,-1.9591477207106025,-1.9947724598262049,-2.0295741817699158,-2.0634357592366146,-2.0962333450100625,-2.127836305490371,-2.158107221996471,-2.1869019936150917,-2.214070046976418,-2.239454672552783,-2.2628935370886825,-2.284219334814269,-2.3032606909844895,-2.3198432416187837,-2.3337909894047004,-2.344927949829065,-2.353079996149461,-2.35807709436233,-2.3597557976995427,-2.3579620374530235,-2.3525541361528086,-2.3434061276407476,-2.3304111970717396,-2.3134852676162367
-0.5381740741092803,-0.5058508403253512,-0.47983062864866777,-0.45861496318894723,-0.4412445501630003,-0.42706889712246154,-0.41562691045109657,-0.4065799970343308,-0.39967220779206325,-0.3947053055532098,-0.3915225248788856,-0.38999763114409286,-0.3900273311772078,-0.39152587970503006,-0.3944211615126453,-0.3986517907691335,-0.4041649267770078,-0.4109146052358259,-0.41886044300070036,-0.4279666229928095,-0.4382010877003835,-0.44953489188697726,-0.4619416775595717,-0.4753972437795312,-0.4898791917263622,-0.5053666265877398,-0.5218399078541192,-0.5392804359888627,-0.5576704687062628,-0.5769929616317552,-0.5972314279610819,-0.6183698134395421,-0.6403923839039412,-0.6632836226450921,-0.6870281351820305,-0.7116105598950732,-0.737015483708998,-0.763227360026593,-0.7902304290679588,-0.8180086389123582,-0.8465455666467427,-0.8758243386555599,-0.9058275493327,-0.9365371774723764,-0.9679344996599025,-1.0000000000000004,-1.0327132755368236,-1.0660529367155276,-1.0999965022661915,-1.134520287937944,-1.169599288276334,-1.2052070510692698,-1.2413155438130317,-1.2778950111038647,-1.3149138231861506,-1.3523383147151105,-1.390132612343609,-1.4282584523771118,-1.4666749870722224,-1.5053385780122335,-1.544202579316759,-1.5832171086413278,-1.6223288045484625,-1.661480575093189,-1.700611334998726,-1.7396557307900484,-1.7785438613237674,-1.8172009910204485,-1.8555472570424696,-1.8934973804856496,-1.9309603804683888,-1.9678392958334887,-2.004030925761366,-2.039425594245929,-2.073906947234958,-2.1073517922269405,-2.1396300007670304,-2.170604475665692,-2.200131214535016,-2.2280594763461705,-2.254232070953927,-2.2784858192679605,-2.30065215146849,-2.3205579520622144,-2.3380265822886996,-2.3528791778097804,-2.364936237867576,-2.37401942102115,-2.3799537355629683,-2.382570001179042,-2.3817076226876024,-2.377217605256779,-2.368965899096855,-2.356836891539573,-2.3407370777053598
-0.5263644681958692,-0.49475238682532613,-0.4693401824367076,-0.44865840099800763,-0.4317661604663457,-0.4180253403019456,-0.4069835364622898,-0.39830847764419575,-0.3917489488345946,-0.387110345063139,-0.3842387464573659,-0.3830101888402279,-0.383323220591287,-0.3850936125851031,-0.3882505152464647,-0.39273361312029736,-0.39849098206348277,-0.4054774520174588,-0.41365333616833166,-0.42298343486213574,-0.43343624414871745,-0.44498332050371814,-0.4575987654942335,-0.4712588034976435,-0.48594143323315464,-0.5016261350975836,-0.518293625954408,-0.5359256496396725,-0.5545047965300095,-0.5740143470302663,-0.5944381337157367,-0.6157604185161304,-0.6379657822268424,-0.6610390236606831,-0.6849650660820984,-0.7097288693930439,-0.7353153472570935,-0.7617092864490446,-0.7888952685472517,-0.8168575923110788,-0.8455801961466224,-0.8750465797119034,-0.90523972394867,-0.9361420088053677,-0.9677351279766083,-1.0000000000000004,-1.0329166750657133,-1.0664642368884036,-1.1006206990191565,-1.1353628950183823,-1.170666361680436,-1.2065052149167177,-1.2428520176350788,-1.2796776385164255,-1.3169511018725455,-1.3546394276243738,-1.3927074599962315,-1.4311176860850965,-1.469830042852381,-1.5088017109340444,-1.5479868979004396,-1.587336608869455,-1.626798402970482,-1.6663161403502236,-1.7058297169818823,-1.7452747864835378,-1.7845824762587785,-1.8236790950078967,-1.8624858325783749,-1.900918462255345,-1.9388870438091848,-1.9762956316106375,-2.013041999489708,-2.0490173864019816,-2.084106271170628,-2.118186186539866,-2.1511275916957713,-2.1827938063619214,-2.213041035956369,-2.2417184957151868,-2.2686686539945358,-2.2937276405049345,-2.316725791411485,-2.337488435359398,-2.3558368574003996,-2.371589536593003,-2.3845636754819513,-2.3945769430612014,-2.4014496159414427,-2.405007001497788,-2.4050821876727104,-2.4015190525179744,-2.394175624670625,-2.382927618216975,-2.3676721775038008
-0.5148189168785973,-0.48390699660268555,-0.459093307421564,-0.4389369417909597,-0.42251513500034077,-0.40920194560379464,-0.3985535274063918,-0.3902438379373053,-0.38402632888098126,-0.37970997760139275,-0.3771436722154282,-0.3762056902384333,-0.3767963992861205,-0.37883306883550816,-0.3822461009754793,-0.38697623934216824,-0.39297246709881806,-0.4001904007251066,-0.40859104319860623,-0.41813980662313605,-0.42880573558648416,-0.44056088371538366,-0.4533798078946937,-0.46723915377823766,-0.48211731369608696,-0.4979941393579336,-0.5148507010756059,-0.5326690820531725,-0.5514322012017715,-0.5711236594193203,-0.5917276041856854,-0.6132286089255838,-0.635611564467515,-0.6588615799661564,-0.6829638909800841,-0.7079037731960258,-0.7336664609826273,-0.760237068144975,-0.7876005109613315,-0.8157414318887184,-0.8446441233401928,-0.8742924506014714,-0.9046697731806496,-0.9357588638635733,-0.9675418248049863,-1.0000000000000004,-1.0331138834930549,-1.0668630226744746,-1.1012259160399656,-1.1361799048280612,-1.1717010577251048,-1.2077640482273104,-1.244342023985547,-1.2814064670308152,-1.318927045019393,-1.3568714525203545,-1.3952052409297786,-1.433891638087648,-1.4728913561206196,-1.5121623858735445,-1.5516597804358132,-1.5913354256203671,-1.6311377958162718,-1.6710116997490525,-1.710898013308728,-1.7507333985000768,-1.7904500156856538,-1.8299752259362785,-1.869231284196513,-1.908135033356375,-1.9465975970252356,-1.9845240749252837,-2.0218132528802077,-2.0583573306283465,-2.0940416752041107,-2.1287446104890773,-2.1623372608377207,-2.1946834530517068,-2.2256397041505096,-2.255055303927443,-2.28277251268947,-2.308626918017121,-2.3324479267983933,-2.354059491887411,-2.373281016637677,-2.3899285308113676,-2.4038161579809225,-2.41475780248228,-2.422569236973355,-2.4270704817117625,-2.428088523864293,-2.425460313884228,-2.4190361331006907,-2.408683162112097,-2.394289289825834
-0.503531516079864,-0.4733087910952871,-0.44908414779502115,-0.4294447542533118,-0.4134856711719623,-0.40059294479303054,-0.39033115583267797,-0.3823803980880932,-0.37649872275092283,-0.3724986396801294,-0.37023180733205774,-0.36957871601999526,-0.3704415300987452,-0.37273899989310577,-0.37640276495493746,-0.3813746164934735,-0.38760443549494594,-0.3950486170408688,-0.40366884713417556,-0.413431143751661,-0.42430509478857675,-0.43626324626750934,-0.44928060596831104,-0.46333423661606477,-0.4784029200727352,-0.49446687533058703,-0.5115075221074924,-0.529507278869878,-0.5484493888512825,-0.5683177690887817,-0.5890968774408377,-0.6107715941031363,-0.6333271149932032,-0.656748854424484,-0.6810223548105784,-0.7061332019128532,-0.7320669448118626,-0.7588090180548703,-0.7863446660274189,-0.8146588679785116,-0.8437362631025858,-0.8735610747622244,-0.9041170331522717,-0.9353872956861106,-0.9673543644394091,-1.0000000000000004,-1.0333051310834016,-1.0672497592652186,-1.1018128582042395,-1.1369722667662339,-1.1727045752378853,-1.2089850042044759,-1.245787275406211,-1.2830834734698155,-1.3208438986112248,-1.3590369093176882,-1.3976287535849852,-1.436583389704785,-1.4758622951044726,-1.5154242615737048,-1.5552251792592984,-1.5952178072467245,-1.6353515290794054,-1.675572097589504,-1.7158213661102755,-1.7560370049834093,-1.796152210374506,-1.8360954020005287,-1.875789910228379,-1.9151536625887347,-1.9540988670226955,-1.9925316953976924,-2.0303519794957423,-2.0674529219199784,-2.103720829148733,-2.1390348776311994,-2.1732669296159015,-2.206281404039204,-2.237935227953871,-2.26807787845663,-2.2965515356240807,-2.323191388390043,-2.3478260737175582,-2.370278343752207,-2.3903659102716173,-2.407902557564975,-2.42269954565562,-2.434567238308664,-2.4433171329584034,-2.4487641910847344,-2.450729520779425,-2.4490433527210387,-2.4435484064053044,-2.4341034828935335,-2.4205873281217043
-0.4924964937331489,-0.4629520331295308,-0.43930699755224323,-0.4201761644019294,-0.4046721304174499,-0.3921927395763709,-0.3823108693956466,-0.37471265782205254,-0.36916068857089046,-0.36547095420891784,-0.36349784583249906,-0.3631240375415371,-0.36425346777191625,-0.3668063497525065,-0.37071554609126434,-0.37592388383815856,-0.38238213210240013,-0.3900474564164163,-0.39888221883357133,-0.4088530371183242,-0.41993003705280296,-0.4320862521220873,-0.4452971364133511,-0.45954016536702513,-0.47479450616208624,-0.49104074092257555,-0.5082606346253132,-0.5264369368045454,-0.5455532107312577,-0.5655936851709079,-0.5865431237935825,-0.6083867088165794,-0.631109936292429,-0.6546985205153006,-0.6791383053343121,-0.7044151809089612,-0.730515005085518,-0.7574235269249209,-0.785126312398754,-0.813608670724536,-0.842855580744419,-0.8728516164473845,-0.9035808709427839,-0.9350268781743754,-0.9671725317157039,-1.0000000000000004,-1.03349063734696,-1.067624890139387,-1.102382197522708,-1.1377408860332578,-1.1736780573455448,-1.2101694686974547,-1.247189405298865,-1.2847105436204123,-1.3227038056170053,-1.3611382028819987,-1.399980669301506,-1.439195883125169,-1.4787460769380207,-1.5185908338431555,-1.5586868721136307,-1.5989878160980102,-1.6394439516676134,-1.6800019704159943,-1.7206046996017907,-1.7611908166169867,-1.801694554823706,-1.8420453971737156,-1.8821677578339768,-1.9219806617815083,-1.9613974192470587,-2.000325298175441,-2.0386652070669466,-2.0763113899114014,-2.11315113994024,-2.1490645433153586,-2.1839242682704065,-2.2175954059765983,-2.249935386716978,-2.2807939821883223,-2.3100134144797537,-2.337428611776903,-2.362867595020639,-2.386152085601809,-2.4070982892478154,-2.4255179447859017,-2.4412196613747623,-2.4540104849268656,-2.463697866719744,-2.470091940171261,-2.4730081607340595,-2.472270254503017,-2.4677135748428034,-2.459188710437175,-2.4465653929136533
-0.4817082068313345,-0.4528311233051813,-0.4297562962567513,-0.4111256507698825,-0.3960690328446973,-0.38399589573880677,-0.374487284521956,-0.3672352896490281,-0.36200696060974086,-0.358621722968665,-0.35693666273650987,-0.35683660869359524,-0.3582272505589305,-0.36103024635292313,-0.36517966714651257,-0.3706193639027173,-0.3773009839554487,-0.3851824549404269,-0.39422680779495645,-0.40440125380204434,-0.4156764510361064,-0.4280259153487268,-0.4414255423966849,-0.45585321584331484,-0.47128848384733046,-0.4877122874060763,-0.5051067325155428,-0.5234548955057755,-0.5427406553380765,-0.5629485480486045,-0.5840636385203639,-0.6060714062261601,-0.6289576423974776,-0.6527083561435026,-0.6773096873556637,-0.7027478249548605,-0.7290089296595298,-0.7560790588806454,-0.7839440937309,-0.8125896666597316,-0.8420010891197689,-0.8721632783807535,-0.9030606828062193,-0.9346772048906333,-0.9669961214037177,-1.0000000000000004,-1.0336706116592898,-1.0679888383133598,-1.1029345750317332,-1.1384866261691942,-1.174622594666883,-1.2113187640524818,-1.2485499724368239,-1.2862894774051183,-1.3245088118180515,-1.3631776295081466,-1.4022635394368677,-1.4417319291524051,-1.4815457760180757,-1.5216654445002837,-1.562048471652961,-1.6026493385543499,-1.64341922592723,-1.6843057579882603,-1.7252527314488084,-1.7661998283272236,-1.8070823192349583,-1.8478307533809026,-1.888370635293681,-1.928622098114189,-1.968499569937828,-2.0079114360181602,-2.046759709297265,-2.0849397102868026,-2.122339762532526,-2.158840914942777,-2.194316705359974,-2.228632972488378,-2.2616477379380053,-2.2932111699590303,-2.323165649388476,-2.3513459759971576,-2.377579703117005,-2.4016876860966434,-2.4234848053458578,-2.442780950137436,-2.45938228831511,-2.4730927687817537,-2.48371602544361,-2.491057596019239,-2.4949275136650444,-2.495143221541672,-2.4915329118507863,-2.4839391402883964,-2.472222768082811
-0.47116113854102815,-0.44294059648201994,-0.42042662494273236,-0.4022878397636817,-0.3876710520824758,-0.3759971375206681,-0.3668551803505268,-0.35994313240119646,-0.355032442449219,-0.3519459194491462,-0.3505433065973007,-0.3507115581752013,-0.3523580922678905,-0.3554059934259115,-0.3597905264230675,-0.3654565540309863,-0.3723565917296776,-0.38044932073118165,-0.3896984335154321,-0.4000717284471904,-0.41154039014007016,-0.4240784115683993,-0.4376621250849934,-0.45226981796062476,-0.4678814148868929,-0.4844782113804054,-0.502042650135258,-0.5205581299384723,-0.5400088410423213,-0.5603796222583319,-0.581655835060539,-0.6038232514022833,-0.6268679527431493,-0.650776237860574,-0.6755345373274108,-0.7011293332344949,-0.7275470833365234,-0.7547741473003126,-0.7827967150152658,-0.8116007355169792,-0.8411718459315353,-0.871495299572351,-0.9025558925125048,-0.9343378879389566,-0.966824937641542,-1.0000000000000004,-1.033845253838505,-1.0683420075058039,-1.1034706025543939,-1.1392103114188592,-1.1755392282876966,-1.2124341527018336,-1.2498704651702484,-1.287821993703555,-1.3262608712433743,-1.3651573829640906,-1.404479802010542,-1.4441942144376254,-1.4842643318098176,-1.5246512897323254,-1.5653134343312676,-1.6062060944151477,-1.6472813374975785,-1.6884877135612157,-1.7297699834259703,-1.7710688302682271,-1.8123205607639028,-1.8534567919484048,-1.8944041235815485,-1.935083805732018,-1.9754113976965328,-2.0152964207218815,-2.0546420170408193,-2.093344615603013,-2.131293610252904,-2.1683710617386827,-2.2044514368340744,-2.2394013924288227,-2.2730796245955673,-2.3053367948623493,-2.33601555412256,-2.3649507005365695,-2.391969462732094,-2.416891989400269,-2.4395320114073367,-2.4596977600195604,-2.477193167823534,-2.4918193052158233,-2.5033762166588467,-2.511665077494115,-2.5164907320412038,-2.517664567756962,-2.515007828973684,-2.5083552290508075,-2.4975589170188197
-0.4608498953814052,-0.43327511836506954,-0.41131270214949556,-0.3936575011856736,-0.3794730103271341,-0.3681913422236255,-0.3594094929320308,-0.3528311850597182,-0.3482322004710941,-0.3454386820296772,-0.3443129924085415,-0.3447441821597569,-0.3466413747186894,-0.34992906277537034,-0.3545436898981865,-0.3604311184043164,-0.3675447216784138,-0.3758439258193381,-0.3852930773497028,-0.39586055512708906,-0.40751806440759714,-0.4202400699109786,-0.43400333569019534,-0.4487865478978086,-0.4645700032140142,-0.48133534723649823,-0.4990653549658205,-0.5177437432503489,-0.5373550091910511,-0.5578842898504233,-0.5793172386563619,-0.601639915266134,-0.6248386864283528,-0.6489001354668623,-0.673810978312776,-0.699557984685532,-0.7261279036022185,-0.7535073909647145,-0.7816829391588888,-0.810640807254907,-0.8403669512186467,-0.8708469532817189,-0.902065949800868,-0.9340085569219906,-0.9666587934080997,-1.0000000000000004,-1.0340147546833358,-1.068684783223413,-1.1039908643423624,-1.1399127289370221,-1.1764289525350564,-1.21351684051135,-1.2511523053492897,-1.2893097348516018,-1.3279618512429847,-1.3670795601339996,-1.40663178790973,-1.4465853082377111,-1.486904556143788,-1.5275514279136633,-1.5684850687203111,-1.6096616456904835,-1.6510341045446075,-1.692551913524233,-1.734160791419564,-1.7758024181390337,-1.817414134096967,-1.8589286243783667,-1.9002735872687213,-1.9413713967022064,-1.9821387544126996,-2.022486333924849,-2.0623184288917833,-2.101532605560491,-2.1400193646481265,-2.1776618240635575,-2.214335434698188,-2.24990773779096,-2.284238182194618,-2.3171780143319483,-2.348570261125428,-2.3782498404512653,-2.4060437936294705,-2.4317717166881536,-2.4552463616287823,-2.4762744886766157,-2.494657997407055,-2.510195295449168,-2.522683064355752,-2.531918350726511,-2.53770104586786,-2.5398367134995805,-2.538139870787993,-2.5324375897125377,-2.52257347864397
-0.4507692044661306,-0.4238294821852334,-0.4024093800830946,-0.3852295439147,-0.3714698735778877,-0.3605735350347099,-0.35214530967478425,-0.3458946008549987,-0.34160145764381056,-0.3390953074837793,-0.3382410948583043,-0.3389299373291591,-0.34107264058784104,-0.34459508696318997,-0.34943488378013343,-0.3555388804973797,-0.36286129801687145,-0.37136229848853375,-0.38100687483467244,-0.3917639796795428,-0.40360583289565444,-0.4165073654508725,-0.43044576799297274,-0.4454001207326515,-0.4613510877084459,-0.4782806600875559,-0.49617194072484083,-0.5150089600869237,-0.5347765176469073,-0.5554600441727466,-0.5770454804010324,-0.5995191689213384,-0.6228677568500183,-0.6470781069657958,-0.6721372152774387,-0.6980321336460992,-0.7247498966432617,-0.7522774504619211,-0.7806015837913803,-0.8097088592817357,-0.8395855450109356,-0.8702175451173676,-0.9015903289367657,-0.9336888579676191,-0.9664975100310891,-1.0000000000000004,-1.0341792964751226,-1.0690175337739007,-1.104495918607889,-1.1405946308462227,-1.1772927175665264,-1.2145679799051903,-1.2523968519869133,-1.2907542708430153,-1.329613537227009,-1.3689461662913025,-1.4087217266902503,-1.4489076687350941,-1.4894691400425304,-1.530368786923753,-1.5715665432994481,-1.6130194048391842,-1.6546811864189825,-1.6965022664460065,-1.7384293148205072,-1.7804050028802785,-1.8223677014011597,-1.8642511624946887,-1.9059841848018382,-1.9474902713543831,-1.9886872755890912,-2.0294870373336624,-2.069795021221241,-2.109509956755032,-2.1485234848502897,-2.186719822289034,-2.2239754552935604,-2.260158871284197,-2.2951303455386283,-2.32874179601064,-2.3608367263890773,-2.391250290178217,-2.419809473296352,-2.446333467672268,-2.4706342119159816,-2.492517177403145,-2.5117824288471575,-2.528225923697539,-2.5416412052433666,-2.5518214246846638,-2.5585617577887527,-2.561662180430524,-2.560930709834034,-2.5561869869206775,-2.5472662633234195
-0.4409139108069501,-0.41459860547232463,-0.3937116409003657,-0.3769990117384612,-0.363656747052277,-0.3531388840580204,-0.34505786402479044,-0.33912868162638876,-0.33513558759257667,-0.33291124478989303,-0.3323231419101844,-0.3332644342546653,-0.3356475866179749,-0.3393998523757898,-0.3444599874596754,-0.350775815942017,-0.3583023957251923,-0.36700061604388357,-0.37683610844906945,-0.38777839248263846,-0.3998001964916912,-0.41287691208784016,-0.4269861513111358,-0.44210738352028356,-0.45822163540677396,-0.4753112391325005,-0.4933596209033593,-0.5123511203224044,-0.5322708347320688,-0.55310448404651,-0.5748382916645498,-0.5974588783475037,-0.6209531666814098,-0.6453082938435278,-0.6705115306865427,-0.6965502057846783,-0.7234116336250287,-0.7510830448275101,-0.7795515182816062,-0.8088039138619282,-0.8388268051387638,-0.8696064112618509,-0.9011285273643329,-0.9333784528201186,-0.9663409167275495,-1.0000000000000004,-1.0343390534465264,-1.0693406112118826,-1.1049862989543904,-1.1412567361585892,-1.1781314317885863,-1.2155886727849519,-1.253605404681358,-1.2921571032562449,-1.3312176370960485,-1.370759120029719,-1.4107517520030557,-1.4511636489519997,-1.4919606601119217,-1.5331061710016984,-1.574560893756066,-1.6162826424938401,-1.658226091780127,-1.7003425215674035,-1.7425795453507569,-1.7848808197935013,-1.8271857416898492,-1.86942912800279,-1.911540878197965,-1.953445628045396,-1.9950623901045372,-2.0363041824058437,-2.0770776576950274,-2.117282731940744,-2.1568122164898935,-2.1955514652621777,-2.233378047211492,-2.270161453596882,-2.3057628552405203,-2.34003492341437,-2.3728217341836677,-2.4039587872545507,-2.4332731395924454,-2.460583722139375,-2.485701820296317,-2.508431793844018,-2.5285720664347324,-2.545916354425815,-2.560255285144179,-2.5713783468727893,-2.5790762382889207,-2.583143586464061,-2.583382141562722,-2.5796043322142403,-2.5716372486729924
-0.43127897467757104,-0.4055775269175629,-0.3852145931108335,-0.3689610793313451,-0.3560288707738075,-0.34588269554436224,-0.33814253036838987,-0.332528872427997,-0.3288301089378077,-0.3268820892313366,-0.3265548086931252,-0.3277434311044226,-0.33036205717039435,-0.3343392926485079,-0.3396150268325664,-0.34613804577352225,-0.3538642337436607,-0.3627551979806656,-0.3727772007795337,-0.3839003216415495,-0.3960977911438467,-0.4093454558426666,-0.42362134388219375,-0.43890530878345235,-0.45517873512057583,-0.47242429142159,-0.490625722697889,-0.5097676731765415,-0.5298355335477279,-0.5508153083056113,-0.5726934988696505,-0.5954569994289326,-0.6190930031692987,-0.643588916649755,-0.6689322803838721,-0.6951106942918824,-0.7221117472097891,-0.7499229484024563,-0.7785316609481879,-0.8079250356917397,-0.8380899451856016,-0.8690129168128811,-0.9006800644470462,-0.9330770179908656,-0.9661888501745496,-1.0000000000000004,-1.0344941922195108,-1.0696543522227744,-1.1054625157133902,-1.1418997325720324,-1.1789459641172668,-1.216579973258779,-1.2547792068164487,-1.2935196689272088,-1.3327757853860194,-1.3725202578778948,-1.4127239066742998,-1.453355502289212,-1.49438158452927,-1.5357662671713834,-1.5774710298321857,-1.6194544947097105,-1.6616721862243038,-1.7040762767812676,-1.7466153153626827,-1.7892339371228736,-1.8318725596442156,-1.8744670615024224,-1.9169484421944223,-1.9592424723856101,-2.00126932944988,-2.042943219522365,-2.0841719983037277,-2.124856788832758,-2.164891600181547,-2.204162958380414,-2.2425495588609845,-2.2799219503591246,-2.3161422639841516,-2.3510640013995032,-2.3845319016443893,-2.4163819159479574,-2.4464412933619304,-2.4745288415009603,-2.5004553473857993,-2.524024231384958,-2.545032465321931,-2.5632717297340655,-2.578529955524937,-2.59059319915612,-2.5992479210017034,-2.604283640779755,-2.605496079305351,-2.602690679225588,-2.5956865752757343
-0.42185946903648447,-0.396761403322721,-0.37691346809212495,-0.36111104837176,-0.348581615324176,-0.3388004093095627,-0.3313948191466037,-0.32609075636805374,-0.32268067988773996,-0.3210035767697412,-0.3209319116826471,-0.3223628276588924,-0.3252120381005364,-0.32940948242637214,-0.33489616797033417,-0.3416218300355658,-0.34954316853529344,-0.3586224995275014,-0.3688267080667037,-0.38012642655922835,-0.39249538147732743,-0.40590986853968647,-0.42034832663187444,-0.4357909883862788,-0.45221959143405566,-0.46961713599598764,-0.4879676813094039,-0.5072561716899612,-0.5274682866421516,-0.5485903106732904,-0.5706090185924056,-0.5935115732940351,-0.6172854337265867,-0.6419182708574973,-0.6673978897322923,-0.6937121563146379,-0.7208489282972946,-0.7487959878923843,-0.7775409764492741,-0.8070713296309597,-0.8373742125727811,-0.8684364542317176,-0.9002444802899335,-0.9327842439640925,-0.966041154107717,-1.0000000000000004,-1.03464487221492,-1.069959078949404,-1.105925057194899,-1.1425242781503082,-1.1797371460928956,-1.2175428901947554,-1.255919448556426,-1.2948433433870248,-1.3342895471487435,-1.374231338621115,-1.4146401474645172,-1.4554853877169176,-1.496734278657602,-1.5383516512682784,-1.5802997417498619,-1.6225379697714666,-1.6650226994517754,-1.7077069861350511,-1.750540305647844,-1.7934682641360498,-1.8364322939270226,-1.87936933098981,-1.9222114728890483,-1.9648856259611598,-2.0073131364700556,-2.049409406681356,-2.091083507933909,-2.1322377884763175,-2.172767479606198,-2.212560311298005,-2.2514961457075158,-2.289446638820374,-2.3262749425475913,-2.3618354614414336,-2.3959736832206233,-2.4285261108004863,-2.4593203010085363,-2.488175070352915,-2.51490085690767,-2.539300308629752,-2.5611691299873205,-2.5802971668733656,-2.5964698701621622,-2.609470093713145,-2.6190802981226944,-2.6250851389088568,-2.6272745492740848,-2.6254472188600184,-2.619414542318304
-0.4126505770074121,-0.3881455066332214,-0.36880361671473244,-0.35344434379331185,-0.34131047775289186,-0.33188759433272574,-0.3248103721708869,-0.3198100496700108,-0.3166830930718952,-0.3152715786771806,-0.3154504031572916,-0.3171186596166361,-0.3201936509375271,-0.3246066314412549,-0.3302997111182687,-0.3372235617216518,-0.345335687992793,-0.35459910554022667,-0.3649813141068115,-0.376453491865924,-0.388989854771436,-0.4025671418503083,-0.41716419730253085,-0.4327616277653466,-0.44934151905504166,-0.4668871983753324,-0.4853830345836002,-0.5048142675327083,-0.5251668610025875,-0.5464273749519866,-0.5685828529641476,-0.5916207219429857,-0.6155287017989214,-0.6402947229814809,-0.665906849996309,-0.6923532096149377,-0.7196219229713703,-0.7477010396132711,-0.7765784733382685,-0.8062419385792162,-0.8366788867665642,-0.8678764418908126,-0.8998213346372261,-0.9324998344535638,-0.9658976789455231,-1.0000000000000004,-1.0347912460357802,-1.070255099765628,-1.106374390857704,-1.143131002895622,-1.1805057738598312,-1.2184783896116536,-1.2570272696505402,-1.296129444082077,-1.3357604215877572,-1.3758940473515813,-1.4165023495303504,-1.4575553746428964,-1.499021010313114,-1.5408647935964745,-1.5830497062453524,-1.6255359545889676,-1.668280732005265,-1.7112379668892936,-1.7543580527887328,-1.7975875587379888,-1.8408689250225518,-1.8841401398826352,-1.9273343959037945,-1.9703797345840899,-2.013198673642946,-2.055707817742013,-2.0978174645076786,-2.139431203207078,-2.1804455092122406,-2.2207493452836924,-2.260223777199637,-2.2987416142554267,-2.336167085598792,-2.372355566732135,-2.4071533749921485,-2.440397660087868,-2.4719163970336218,-2.5015285380430967,-2.529044316259453,-2.554265768960413,-2.576987512810645,-2.596997755888383,-2.6140796819406917,-2.628013169115236,-2.6385769159330517,-2.6455509578998626,-2.648719685600322,-2.6478752744627325,-2.6428216031578966
-0.4036475894160877,-0.37972522105255335,-0.3608805060721255,-0.345956510164412,-0.33421107763744323,-0.3251399445261318,-0.3183849581305589,-0.31368259694422673,-0.3108332706028598,-0.30968209641311717,-0.31010636591510443,-0.3120070931740544,-0.3153031473502598,-0.3199270788867547,-0.3258220850009548,-0.3329397610325362,-0.3412384056684762,-0.35068172472434356,-0.3612378244860668,-0.37287842168429935,-0.385578215273628,-0.39931438167362865,-0.41406616491735126,-0.42981454049398077,-0.44654193749525417,-0.46423200536938186,-0.48286941796878197,-0.5024397061227415,-0.522929113348254,-0.5443244705042495,-0.5666130853532853,-0.589782644143005,-0.6138211229856053,-0.6387167069364487,-0.6644577149491829,-0.691032529436815,-0.718429529637455,-0.7466370269099336,-0.7756432017733161,-0.8054360414861916,-0.8360032775984957,-0.8673323227133765,-0.8994102058398684,-0.9322235057064029,-0.9657582814374135,-1.0000000000000004,-1.0349334598262765,-1.0705427100008746,-1.1068109644055029,-1.1437205102217214,-1.1812526100211507,-1.2193873969190179,-1.2581037620613789,-1.297379233392355,-1.337189845467194,-1.3775099992669702,-1.4183123106103244,-1.4595674474812512,-1.5012439547105776,-1.5433080642421948,-1.585723492239617,-1.6284512207107913,-1.671449261609401,-1.714672406162391,-1.7580719560844675,-1.801595434649018,-1.8451862826339998,-1.888783534598922,-1.9323214741021528,-1.9757292761000431,-2.0189306309235175,-2.061843350245758,-2.1043789667158546,-2.1464423242258754,-2.1879311615564454,-2.228735700247937,-2.2687382433991345,-2.307812796111816,-2.345824717273759,-2.382630417103923,-2.4180771188569947,-2.4520027091965177,-2.4842356865372563,-2.514595260245051,-2.542891597125536,-2.568926280176733,-2.5924930127536103,-2.613378557383749,-2.6313640397834823,-2.6462265865336203,-2.6577413704342736,-2.665684051567729,-2.669833725417761,-2.6699762969821172,-2.6659083608302323
-0.3948459023821149,-0.3714960402355044,-0.3531397163123952,-0.338643208191167,-0.32727915328751306,-0.31855327466894223,-0.31211446828273265,-0.3077043666597409,-0.30512725935459645,-0.30423125673313317,-0.30489600823594,-0.3070244198637293,-0.31053690388358335,-0.31536728807339964,-0.321459841417033,-0.3287670699304677,-0.33724805530730395,-0.34686718416554035,-0.35759316112676587,-0.3693982342086386,-0.38225757882874084,-0.39614880283203363,-0.41105154455812654,-0.4269471431574294,-0.44381836605762254,-0.4616491801916728,-0.48042455976958287,-0.5001303220329614,-0.5207529857034681,-0.5422796480043262,-0.5646978763072984,-0.5879956115723192,-0.6121610813967013,-0.6371827206182406,-0.66304909768848,-0.6897488455665288,-0.7172705963372839,-0.7456029177347673,-0.7747342513693669,-0.8046528514859909,-0.8353467236907665,-0.8668035628981361,-0.8990106898877683,-0.9319549858506128,-0.9656228243340336,-1.0000000000000004,-1.0350716536081854,-1.0708221926192178,-1.1072352068143096,-1.1442933783347526,-1.1819783853774182,-1.2202707990175559,-1.2591499724297355,-1.2985939214626745,-1.3385791963101166,-1.379080743235359,-1.4200717549544029,-1.461523509942989,-1.5034051991094695,-1.5456837380679145,-1.5883235661705104,-1.6312864299819523,-1.6745311491384967,-1.718013367189734,-1.761685284079033,-1.8054953681760328,-1.8493880526672841,-1.8933034117185688,-1.9371768148887072,-1.9809385677810365,-2.0245135331797495,-2.0678207328398424,-2.110772941368354,-2.1532762688097127,-2.1952297343043656,-2.236524841457086,-2.277045161329609,-2.316665933910807,-2.355253696546789,-2.392665953786378,-2.4287509065953423,-2.463347263920266,-2.4962841476823123,-2.5273811405362308,-2.5564484761324047,-2.5832874342116825,-2.6076909741430767,-2.6294446004111567,-2.648327585710738,-2.664114526073417,-2.676577303096196,-2.685487445830767,-2.6906190039965523,-2.691751860137855,-2.6886755635087796
-0.38624101496466945,-0.36345356455776756,-0.3455769375677677,-0.3315002113386347,-0.320510558087064,-0.31212351649726033,-0.30599491231604886,-0.3018714468062208,-0.29956122644618344,-0.2989153070172025,-0.29981565907624397,-0.3021670516369884,-0.30589141694924565,-0.3109238413479164,-0.317209650106105,-0.324702246972419,-0.33336148566451423,-0.34315242414920166,-0.3540443571255626,-0.3660100565781808,-0.37902516780312606,-0.3930677240613112,-0.40811775243598364,-0.42415695051833774,-0.44116841911011306,-0.4591364378548327,-0.47804627667642163,-0.497884034667025,-0.5186365012316085,-0.5402910354416576,-0.562835459736768,-0.5862579651953597,-0.6105470262296944,-0.6356913226918833,-0.6616796676452431,-0.6885009395721818,-0.7161440182280335,-0.7445977223752309,-0.7738507491825501,-0.8038916141467002,-0.8347085909789953,-0.8662896507231183,-0.8986223995020937,-0.9316940142831163,-0.9654911760779467,-1.0000000000000004,-1.0352059615964033,-1.071093818856276,-1.1076475292961188,-1.1448501615285651,-1.1826838005579174,-1.2211294462699152,-1.2601669043877768,-1.2997746688601988,-1.339929795401341,-1.380607765143146,-1.4217823370154772,-1.463425389068042,-1.505506747181793,-1.5479939994093135,-1.5908522970100345,-1.6340441398701915,-1.6775291442378992,-1.721263795223138,-1.765201180718493,-1.8092907046035638,-1.853477783828075,-1.8977035247541891,-1.9419043771170608,-1.9860117733289264,-2.029951747245036,-2.073644532326899,-2.1170041503838455,-2.1599379871793087,-2.202346356908633,-2.2441220659507577,-2.285149981057446,-2.3253066129135798,-2.364459722401872,-2.4024679640030384,-2.4391805838136973,-2.474437193678833,-2.5080676341216197,-2.5398919719791433,-2.56972063554379,-2.597354746919244,-2.6225866855531277,-2.6452008804740856,-2.6649749520262893,-2.681681183234205,-2.6950883967196537,-2.704964234138916,-2.7110779499345066,-2.713203655601986,-2.711124099925109
-0.37782852686084173,-0.3555934984595846,-0.338187966978475,-0.32452340256575274,-0.3139012569684194,-0.30584671494350724,-0.3000224143800101,-0.29618004073674264,-0.2941314549205407,-0.29373061080599927,-0.29486176348380244,-0.29743151617722796,-0.3013632980572379,-0.3065934352613853,-0.3130682938718522,-0.32074216240569786,-0.32957565559065105,-0.3395344932511839,-0.3505885518657405,-0.36271112002607225,-0.3758783062849128,-0.39006856327632156,-0.4052623012360412,-0.4214415709534647,-0.4385898016271019,-0.4566915808287401,-0.4757324695521423,-0.49569884418573557,-0.5165777603121235,-0.5383568343589957,-0.5610241393247354,-0.5845681118531579,-0.6089774685503986,-0.634241129572185,-0.660348147773167,-0.6872876422101007,-0.7150487352142789,-0.7436204913195079,-0.7729918578174357,-0.8031516058269134,-0.8340882713254589,-0.8657900954227937,-0.8982449632833058,-0.9314403410954092,-0.9653632105133707,-1.0000000000000004,-1.035336512495072,-1.0713578488169702,-1.1080483262033984,-1.1453913914005878,-1.1833695275520353,-1.221964154351094,-1.2611555207313077,-1.300922589070585,-1.3412429106085786,-1.3820924910412484,-1.4234456449194692,-1.4652748390167607,-1.5075505231208757,-1.550240946495525,-1.5933119609881803,-1.6367268084833098,-1.680445890622199,-1.7244265230945124,-1.7686226711616153,-1.8129846642294432,-1.857458893856887,-1.9019874905559844,-1.9465079776305292,-1.9909529095133698,-2.0352494886100505,-2.0793191603623447,-2.123077197439277,-2.1664322690422724,-2.20928599698244,-2.251532508677772,-2.2930579915183933,-2.3337402595635433,-2.3734483388138896,-2.412042085414182,-2.449371853773399,-2.485278234659998,-2.5195918773882475,-2.5521334387039447,-2.582713663993068,-2.6111336579313233,-2.637185378782481,-2.6606523576470256,-2.6813107586290363,-2.698930765496383,-2.71327837141493,-2.724117572996664,-2.731213080410929,-2.7343334882006567,-2.7332549947599207
-0.36960413615544274,-0.34791164786116624,-0.33096870580762633,-0.31770877116947094,-0.3074473230127548,-0.2997190245184179,-0.2941932092721394,-0.290626463182574,-0.2888343396082943,-0.28867364353442043,-0.2900308782207055,-0.29281445243136733,-0.2969492692740979,-0.3023728759720885,-0.30903266394648715,-0.3168837935104464,-0.32588762936795196,-0.33601054368335337,-0.34722298638659305,-0.3594987552867308,-0.372814415542965,-0.38714883309463904,-0.4024827957183278,-0.4187987021439932,-0.43608030498073186,-0.4543124949441446,-0.4734811194586938,-0.493572827667183,-0.5145749368441588,-0.5364753163091893,-0.5592622851459821,-0.5829245210541436,-0.6074509782640013,-0.6328308125834785,-0.6590533119052358,-0.6861078309863186,-0.713983729722041,-0.7426703132506234,-0.772156773648513,-0.8024321321316616,-0.8334851812163628,-0.8653044261333779,-0.8978780249109727,-0.9311937265341506,-0.965238806613582,-1.0000000000000004,-1.0354634297756788,-1.0716145320369181,-1.1084379758786158,-1.1459175779939157,-1.1840362111478695,-1.2227757059869933,-1.2621167454610642,-1.3020387508440974,-1.3425197590346145,-1.383536290103636,-1.42506320372942,-1.467073544637489,-1.509538375508933,-1.5524265956115584,-1.5957047460432383,-1.6393367992983094,-1.6832839310718213,-1.727504276465916,-1.7719526672665182,-1.8165803480679945,-1.8613346754252666,-1.9061587953736046,-1.9509912974582646,-1.9957658524664426,-2.040410827775492,-2.084848879820118,-2.128996534298546,-2.172763749829762,-2.2160534663844436,-2.2587611483650516,-2.3007743261021965,-2.3419721467151557,-2.3822249395478203,-2.4213938104117245,-2.4593302811073734,-2.4958759928873637,-2.5308624892490266,-2.5641111174910725,-2.595433057250376,-2.6246295305804948,-2.6514922279237894,-2.675803954806051,-2.6973396104471616,-2.7158674890323855,-2.731150980696846,-2.742950677583572,-2.7510269965082603,-2.755143271143911,-2.755069404013983
-0.36156363712112294,-0.34040391764769995,-0.32391515664384496,-0.3110524097338074,-0.3011449341716807,-0.2937367058293129,-0.2885036387756116,-0.28520713643162854,-0.2836663831675,-0.28374098845213813,-0.2853196675834864,-0.28831260634759237,-0.29264615889558043,-0.29825907486977116,-0.30509975558263785,-0.31312422017456765,-0.3222945722831517,-0.33257782687852433,-0.3439449989942055,-0.35637038824564515,-0.3698310097283547,-0.38430613660185897,-0.39977692855860686,-0.41622612700309625,-0.4336378029660076,-0.4519971455256628,-0.47129028390800426,-0.4915041354850989,-0.5126262747616426,-0.5346448195159172,-0.5575483304820196,-0.5813257219517071,-0.6059661812632444,-0.6314590952862116,-0.6577939822662765,-0.6849604278624248,-0.7129480246050599,-0.7417463131600687,-0.771344725147909,-0.8017325264607902,-0.832898760537261,-0.8648321909015013,-0.8975212423917178,-0.9309539404942307,-0.9651178482247399,-1.0000000000000004,-1.0355868319384072,-1.0718641080100306,-1.1088168414526627,-1.1464292108707874,-1.1846844702845647,-1.223564852588932,-1.2630514657021719,-1.303124180402122,-1.3437615095122386,-1.3849404774111698,-1.4266364785177215,-1.4688231248255315,-1.5114720809597952,-1.5545528850203114,-1.5980327560169163,-1.6418763856215226,-1.6860457121478964,-1.7304996787864895,-1.7751939727742903,-1.8200807432419828,-1.865108301714453,-1.9102208005963246,-1.9553578876878932,-2.000454343654555,-2.0454396962857118,-2.090237810845851,-2.1347664668383564,-2.1789369166433743,-2.222653427030349,-2.265812813133084,-2.3083039680070563,-2.3500073986590726,-2.390794772783751,-2.4305284902719952,-2.4690612954288707,-2.506235947215569,-2.541884964021447,-2.5758304793525895,-2.607884219021986,-2.6378476518854055,-2.6655123485214136,-2.690660555967595,-2.7130660949927243,-2.732495575541637,-2.7487100076970727,-2.7614668174749957,-2.7705223786063016,-2.775635021290465,-2.7765686103678426
-0.35370291806767906,-0.3330663092218513,-0.31702342068858697,-0.3045505111797549,-0.2949903701048627,-0.2878961222286287,-0.28295014814039654,-0.27991858666271874,-0.27862419229048235,-0.2789293327216054,-0.28072489941006973,-0.2839228268082824,-0.28845089732190704,-0.29424904440890276,-0.30126666385968154,-0.3094606206875953,-0.3187937464227686,-0.32923368930049135,-0.3407520210990217,-0.3533235358167478,-0.36692569180331647,-0.3815381633434311,-0.3971424764139276,-0.41372170982560985,-0.4312602480445785,-0.44974357373926355,-0.46915809332238834,-0.4894909878910542,-0.5107300847458118,-0.5328637457247715,-0.555880768818667,-0.57977030049594,-0.6045217567417446,-0.6301247509590338,-0.6565690271307807,-0.6838443970958891,-0.7119406811742003,-0.7408476505726931,-0.7705549713120053,-0.8010521486433757,-0.8323284714211971,-0.8643729557518436,-0.8971742873519569,-0.9307207620420557,-0.9650002238249896,-1.0000000000000004,-1.035706832757897,-1.0721068066846573,-1.1091852715957344,-1.1469267601222217,-1.1853148993243623,-1.2243323157913342,-1.2639605335101889,-1.3041798635136965,-1.3449692849527168,-1.386306316572677,-1.4281668772595482,-1.4705251356876372,-1.5133533475519363,-1.556621678660255,-1.6002980146112233,-1.6443477547974539,-1.6887335886438208,-1.7334152559752354,-1.7783492882089844,-1.8234887280830303,-1.8687828316963484,-1.914176748191349,-1.9596111750342833,-2.0050219955468846,-2.0503398924618415,-2.0954899366153454,-2.1403911607881208,-2.184956113927954,-2.229090396445503,-2.272692185870735,-2.315651755375016,-2.3578509959529135,-2.3991629455751076,-2.43945133917188,-2.478570194835797,-2.5163634522547413,-2.5526646808540696,-2.587296891110979,-2.620072461779574,-2.650793232595758,-2.6792507968142902,-2.70522700473223,-2.7284947800341515,-2.748819249207921,-2.765959261493941,-2.7796693124652294,-2.7897019818533995,-2.795810854453996,-2.7977540185388032
-0.34601795923944834,-0.3258949181217181,-0.310289695125173,-0.29819936591213925,-0.2889800091288618,-0.2821937365869853,-0.2775292827013202,-0.2747574404281684,-0.27370447406953513,-0.27423546368448753,-0.2762434412637744,-0.27964206174768785,-0.284360513124534,-0.29033989413930095,-0.2975305796923756,-0.30589026774089145,-0.3153825066778674,-0.3259755684658097,-0.3376415732665756,-0.35035580203353167,-0.36409614968370263,-0.37884268552895056,-0.39457729619881116,-0.411283392645758,-0.4289456677932502,-0.44754989314044313,-0.46708274769090863,-0.4875316717872,-0.5088847411222144,-0.5311305572321136,-0.5542581510140859,-0.5782568967479234,-0.6031164346613775,-0.6288266002259042,-0.6553773586161677,-0.682758743205729,-0.710960797341604,-0.7399735178752634,-0.7697868001801775,-0.8003903836522805,-0.8317737971645696,-0.8639263038096703,-0.8968368443723317,-0.930493978966962,-0.9648858262977881,-1.0000000000000004,-1.0358235415144985,-1.0723428489304596,-1.1095436012239417,-1.147410677318211,-1.1859280692498844,-1.225078788899226,-1.2648447675714887,-1.305206747450925,-1.346144164557762,-1.3876350221942912,-1.4296557535595402,-1.472181073525046,-1.5151838180657895,-1.55863476963366,-1.6025024691227978,-1.6467530121827534,-1.6913498277905568,-1.7362534408472368,-1.7814212155119975,-1.826807076958794,-1.87236121513525,-1.9180297658586878,-1.9637544671227152,-2.009472296998269,-2.0551150868518584,-2.1006091088150547,-2.1458746471997503,-2.1908255488850785,-2.235368753071978,-2.279403809381485,-2.322822386218782,-2.365507780066482,-2.4073344281471636,-2.4481674380735887,-2.4878621493141027,-2.526263741225953,-2.5632069059706466,-2.5985156169742183,-2.632003007617131,-2.663471407293886,-2.6927125690606006,-2.71950810283031,-2.7436302113840783,-2.76484273377773,-2.782902573559842,-2.7975615284950264,-2.8085686317186234,-2.8156729807571277,-2.8186271506433327
-0.3385048307597163,-0.31888593170227786,-0.3037102705666833,-0.2919953590597049,-0.2831103252726087,-0.27662610818536515,-0.27223768462679526,-0.269720421277746,-0.26890403251369155,-0.2696562652880166,-0.27187225678519955,-0.2754673544445623,-0.28037212929406546,-0.2865288269232238,-0.2938887860304199,-0.3024105246223946,-0.3120582969461566,-0.3228009891648811,-0.33461126146869935,-0.34746487434103274,-0.3613401525819345,-0.37621755443583016,-0.39207932155898173,-0.4089091917898825,-0.42669216154428136,-0.4454142864102998,-0.4650625134091114,-0.4856245376772337,-0.5070886789301863,-0.5294437740800729,-0.5526790826260597,-0.5767842023458147,-0.601748993363489,-0.6275635088185448,-0.6542179306024181,-0.6817025090550975,-0.710007505871851,-0.7391231387416789,-0.7690395274394134,-0.7997466403933975,-0.8312342412061084,-0.8634918344745298,-0.8965086103609975,-0.9302733873588397,-0.964774552718479,-1.0000000000000004,-1.0359370632120055,-1.0725724469780038,-1.1098921521646776,-1.1478813964025218,-1.1865245287917376,-1.225804938251671,-1.2657049548051442,-1.306205742831455,-1.3472871859041946,-1.388927762207227,-1.4311044092228729,-1.4737923776471475,-1.516965073038281,-1.5605938834991155,-1.6046479939691876,-1.6490941849005147,-1.6938966132314734,-1.739016577299614,-1.7844122624275354,-1.830038464843891,-1.8758462973274816,-1.921782871919767,-1.9677909575034789,-2.013808618363277,-2.059768827413841,-2.105599052860212,-2.1512208276621267,-2.196549296641037,-2.2414927413428427,-2.2859520913124496,-2.3298204231498953,-2.3729824578497865,-2.4153140580425356,-2.4566817384830726,-2.4969422040435627,-2.5359419287493745,-2.573516794878146,-2.6094918201060033,-2.6436809891333466,-2.6758872345500198,-2.705902600940991,-2.7335086087663005,-2.7584769107999376,-2.780570249757977,-2.7995437943260364,-2.8151468736851086,-2.8271252196285834,-2.8352237000388607,-2.8391896415726605
-0.3311596906210858,-0.31203562687843905,-0.29728152857999024,-0.2859349678048731,-0.27737788543514375,-0.2711898897212426,-0.26707208979230107,-0.26480434651726786,-0.2642197652092192,-0.2651887146632606,-0.2676084022033631,-0.2713958399805445,-0.27648295965958286,-0.28281313532872066,-0.29033865423831173,-0.29901884159489983,-0.30881864652007984,-0.31970755987073074,-0.33165877352337647,-0.3446485200766855,-0.3586555475383433,-0.37366069700019255,-0.3896465595304763,-0.40659719461206195,-0.42449789720544606,-0.4433350022676442,-0.4630957202904722,-0.4837679967841782,-0.5053403911536892,-0.5278019714069172,-0.5511422213881364,-0.5753509581127917,-0.600418257314467,-0.6263343854652931,-0.653089736769693,-0.6806747740430041,-0.7090799727329831,-0.7382957666483693,-0.7683124951090423,-0.7991203505645599,-0.8307093261647107,-0.8630691626416573,-0.8961892939631356,-0.9300587912101922,-0.9646663041532229,-1.0000000000000004,-1.0360474987827875,-1.072795804832925,-1.110231233783526,-1.1483393345358437,-1.187104805491138,-1.2265114045067937,-1.2665418518729217,-1.3071777253555767,-1.3483993469097768,-1.3901856600633946,-1.4325140966810015,-1.4753604330269015,-1.5186986336465393,-1.562500681381069,-1.6067363940205248,-1.651373225388979,-1.6963760487813726,-1.7417069242723542,-1.7873248466546852,-1.833185471650369,-1.8792408235948816,-1.9254389799557463,-1.9717237304137696,-2.018034216357086,-2.0643045444476202,-2.110463372865222,-2.15643347927417,-2.202131305182307,-2.2474664765355366,-2.2923413088769284,-2.3366502979176476,-2.3802796058317877,-2.4231065441200514,-2.4649990660868726,-2.5058152826091513,-2.545403013566787,-2.583599394538893,-2.620230564190082,-2.6551114503373654,-2.688045697128421,-2.7188257670371474,-2.747233236558652,-2.773039373994605,-2.796006011731328,-2.815886789864471,-2.8324287944769724,-2.845374698692165,-2.8544653973208103,-2.8594432343889453
-0.32397878272078,-0.3053403679278596,-0.29099993928330325,-0.2800147587997708,-0.2717793466414629,-0.2658818244237684,-0.2620293247730001,-0.2600061240955754,-0.2596486601168882,-0.26082987884774905,-0.26344902299796724,-0.26742474185563525,-0.2726903054702467,-0.27919019818965995,-0.28687764064552224,-0.29571275244755746,-0.3056611666502933,-0.31669296932462765,-0.3287818757121978,-0.34190458312886296,-0.35604025612962037,-0.3711701125836566,-0.38727708737281274,-0.4043455564013508,-0.422361108248697,-0.4413103525461233,-0.4611807587387247,-0.4819605183243846,-0.5036384261032029,-0.5262037769428124,-0.5496462748250223,-0.5739559517976429,-0.5991230949769165,-0.6251381798980787,-0.6519918087461837,-0.679674652397972,-0.7081773955407793,-0.7374906834738902,-0.7676050703002475,-0.798510967579472,-0.8301985929322008,-0.8626579179678914,-0.8958786150042664,-0.9298500020409924,-0.9645609854694511,-1.0000000000000004,-1.036154945281163,-1.0730131186663632,-1.1105611435752878,-1.148784892890739,-1.1876694067018871,-1.227198803853622,-1.2673561866034893,-1.3081235374449234,-1.3494816076880738,-1.3914097968075514,-1.4338860212816014,-1.4768865728083347,-1.5203859644318583,-1.564356762908177,-1.6087694077490486,-1.653592014757708,-1.6987901619833021,-1.7443266594980678,-1.7901612997805143,-1.8362505863324117,-1.8825474435469969,-1.9290009032104507,-1.9755557653016964,-2.0221522386777413,-2.068725555289051,-2.1152055563800363,-2.1615162593895265,-2.2075754000707444,-2.2532939494156046,-2.298575613380591,-2.3433163157676073,-2.3874036743574103,-2.430716470413073,-2.4731241242720046,-2.514486190121089,-2.5546518812000767,-2.593459645507077,-2.6307368149877095,-2.6662993475759422,-2.6999517022416675,-2.731486880382615,-2.76068665457209,-2.78732206875441,-2.811154225787296,-2.831935438686023,-2.8494107718820425,-2.863320079516137,-2.8734005383372674,-2.879389775749037
-0.3169584349398745,-0.29879660435177,-0.28486205901470896,-0.27423138566527594,-0.2663114533924981,-0.26069874327334097,-0.257106303950163,-0.2553227496139219,-0.255187792499455,-0.2565769116453268,-0.25939135070513347,-0.2635513687526263,-0.2689915521305881,-0.2756574773234514,-0.28350328325765384,-0.2924898712109416,-0.30258354727461634,-0.3137549832884127,-0.3259784095651134,-0.3392309807626706,-0.35349227134386674,-0.36874386990547214,-0.38496904956568245,-0.40215249745016,-0.42028009085704904,-0.43933870942612274,-0.459316077071022,-0.48020062692793375,-0.5019813849391108,-0.5246478686417203,-0.5481899979983135,-0.5725980159394772,-0.5978624167983203,-0.6239738809698613,-0.6509232143590132,-0.6787012915669703,-0.7072990020901742,-0.736707198177183,-0.7669166440454332,-0.7979179655523674,-0.8297015998173867,-0.8622577441791586,-0.8955763039651199,-0.929646838544825,-0.964458505157081,-1.0000000000000004,-1.0362594960657958,-1.0732245771832478,-1.1108821677215037,-1.1492184574015862,-1.1882188205357205,-1.2278677291555704,-1.2681486593364912,-1.3090439897892368,-1.350534892299601,-1.3926012130340342,-1.43522134345152,-1.4783720806756688,-1.522028475874176,-1.5661636689914005,-1.6107487102080307,-1.655752365963344,-1.7011409074757795,-1.7468778830537288,-1.7929238710076072,-1.8392362107789533,-1.8857687151258222,-1.9324713587717974,-1.9792899411262248,-2.026165728403443,-2.073035068780218,-2.1198289789053506,-2.1664727101451247,-2.2128852889499644,-2.2589790306813744,-2.304659034560866,-2.349822659628175,-2.3943589915699395,-2.4381482998530646,-2.481061497533258,-2.5229596162465424,-2.5636933065472705,-2.6031023840298744,-2.6410154418873004,-2.6772495504800675,-2.711610081850439,-2.7438906920828074,-2.7738734844392203,-2.801329433161753,-2.826019087067125,-2.8476936286543784,-2.8660963178399417,-2.8809644261142373,-2.8920316651336826,-2.8990312113624555
-0.31009505726547665,-0.29240086879209204,-0.2788645280692897,-0.26858158656997244,-0.2609710351054526,-0.25563756232114165,-0.25230002672635277,-0.25075130345213215,-0.25083432197315975,-0.25242705061651494,-0.2554326998594002,-0.2597731114428244,-0.2653841660814226,-0.2722125143980274,-0.2802131986198201,-0.2893478890266434,-0.2995835539031708,-0.31089144145405806,-0.32324628880285106,-0.3366257006032538,-0.3510096546124338,-0.3663801041301743,-0.3827206549593537,-0.4000163002740268,-0.4182532012200288,-0.4374185028119317,-0.45750017898258943,-0.47848690019631124,-0.5003679193277084,-0.5231329724408454,-0.5467721913743041,-0.5712760258486432,-0.5966351733096684,-0.6228405148754295,-0.6498830559815433,-0.6777538706934537,-0.7064440489681583,-0.7359446455493748,-0.7662466301928871,-0.7973408383394218,-0.8292179217380465,-0.8618682984167954,-0.8952821014859932,-0.9294491262549129,-0.9643587751597814,-1.0000000000000004,-1.0363612409718368,-1.073430361969887,-1.111194581616676,-1.1496403994724729,-1.1887535167547274,-1.228518751030041,-1.268919944191713,-1.3099398628071741,-1.35156009040598,-1.393760910735531,-1.436521180740904,-1.4798181930929342,-1.5236275268265864,-1.5679228844519841,-1.6126759158508235,-1.657856026816217,-1.7034301701821555,-1.7493626207265414,-1.7956147306885197,-1.8421446635069363,-1.8889071084459808,-1.935852971544684,-1.9829290404459703,-2.030077628177607,-2.0772361895280294,-2.124336908198668,-2.171306262785084,-2.218064565853727,-2.26452547521956,-2.3105954847485686,-2.356173394133108,-2.4011497672455935,-2.445406377863927,-2.488815654772109,-2.5312401381558156,-2.5725319564176576,-2.6125323441134674,-2.6510712194454102,-2.6879668429292494,-2.723025593006262,-2.7560418910012086,-2.786798300068372,-2.8150658739195644,-2.840604777420391,-2.863165254014578,-2.882488971686379,-2.898310851912026,-2.910361391737827,-2.9183695814898414
-0.3033851399548922,-0.2861497750032058,-0.2730040685024992,-0.2630621818860368,-0.2557550036408828,-0.2506952801044139,-0.24760757484457097,-0.24628894800618173,-0.2465854896773681,-0.248377614193022,-0.25157046506517566,-0.25608743982585436,-0.2618656918187956,-0.2688529279401573,-0.27700507882402536,-0.2862845711629165,-0.2966590246510221,-0.3081002545015926,-0.3205834964280011,-0.33408679776752526,-0.34859053298940634,-0.3640770141015893,-0.3805301740696423,-0.3979353069736868,-0.41627885296870165,-0.43554821784531356,-0.45573162114418436,-0.47681796638887414,-0.4987967292215872,-0.5216578601396584,-0.545391698806197,-0.5699888976965195,-0.5954403533270793,-0.6217371434689791,-0.6488704689709214,-0.676831599178793,-0.7056118202429186,-0.735202385034378,-0.7655944643625151,-0.796779098633244,-0.8287471494577366,-0.8614892506201836,-0.8949957578986716,-0.929256697228734,-0.9642617107156364,-1.0000000000000004,-1.0364602664734779,-1.0736306478222086,-1.1114986503652244,-1.1500510766457661,-1.1892739476142864,-1.229152418868275,-1.2696706902681762,-1.3108119080266976,-1.3525580588333346,-1.394889855050798,-1.4377866097560774,-1.4812261014222843,-1.5251844268187078,-1.56963584050873,-1.614552581199994,-1.6599046828282538,-1.7056597683330328,-1.751782827205234,-1.7982359736787736,-1.8449781831670815,-1.8919650094423766,-1.939148278027434,-1.9864757533089095,-2.033890784193626,-2.0813319219628776,-2.1287325083825293,-2.176020241790773,-2.223116715326482,-2.2699369261811975,-2.316388762860277,-2.362372469487563,-2.407780096486707,-2.452494935832346,-2.496390952491264,-2.539332223385795,-2.581172392007479,-2.6217541595542353,-2.6609088289182385,-2.6984559240316894,-2.734202918234727,-2.767945103508865,-2.7994656267346434,-2.828535764774792,-2.8549154631711575,-2.8783542125351116,-2.898592296730927,-2.9153625158494747,-2.9283923999075196,-2.9374070164877435
-0.2968252517408383,-0.28004001587676547,-0.26727748199756174,-0.2576700719192094,-0.25066035091308464,-0.24586897515347783,-0.24302610980681427,-0.24193292503213604,-0.24243861555681562,-0.24442599891041467,-0.24780211819124176,-0.2524919000967515,-0.2584337490438276,-0.26557641047765657,-0.2738766886528366,-0.28329775416842856,-0.2938078674101793,-0.3053794012970965,-0.31798808195635153,-0.33161239213581256,-0.346233096470183,-0.36183285971463874,-0.3783959365089217,-0.39590791673098336,-0.41435551474190707,-0.43372639254724404,-0.45400901092428336,-0.4751925022302231,-0.49726656075673453,-0.5202213473910885,-0.5440474056235941,-0.5687355867073643,-0.5942769822499415,-0.620662862672363,-0.6478846201901547,-0.6759337153217991,-0.704801626224359,-0.7344797996138865,-0.7649596029587368,-0.7962322771070349,-0.8282888888645372,-0.8611202829433598,-0.8947170327841396,-0.9290693897500278,-0.9641672302065987,-1.0000000000000004,-1.0365566558375403,-1.0738256030559037,-1.1117946292510654,-1.1504508332338985,-1.1897805486596913,-1.2297692617992906,-1.270401522777654,-1.3116608493901791,-1.3535296230507026,-1.3959889759177277,-1.43901866798819,-1.482596953928634,-1.5267004382371139,-1.5713039171333152,-1.6163802073757962,-1.6618999599119189,-1.7078314563318828,-1.7541403891072989,-1.800789622519218,-1.8477389318732327,-1.894944723336544,-1.9423597299031046,-1.989932680954297,-2.037607949990501,-2.0853251742083123,-2.133018843865512,-2.1806178688271687,-2.2280451163656543,-2.2752169188867897,-2.3220425582295383,-2.3684237251847824,-2.4142539632796303,-2.4594180944591653,-2.5037916378886718,-2.547240232623281,-2.589619071317634,-2.6307723659354227,-2.6705328597828872,-2.708721409118687,-2.7451466659568036,-2.779604893294303,-2.8118799402511367,-2.8417434450381167,-2.8689552929914433,-2.8932644027622496,-2.9144098769447284,-2.9321226185829548,-2.946127434958436,-2.9561457324052274
-0.2904120380767891,-0.27406836151802916,-0.26168164779475317,-0.2524022347101261,-0.24568414658050297,-0.24115580358666305,-0.23855287038771678,-0.23768055309164265,-0.23839109575119838,-0.2405696767532755,-0.24412520568225024,-0.24898411203393928,-0.2550860299367368,-0.26238072580848715,-0.270825862852097,-0.28038534315666275,-0.29102805715332514,-0.30272692622299335,-0.31545815878059624,-0.3292006657554785,-0.34393559544117075,-0.35964595941695465,-0.37631632854521463,-0.39393258343071874,-0.4124817078758984,-0.4319516155801355,-0.45233100422847194,-0.4736092308311393,-0.49577620425921926,-0.5188222917979953,-0.5427382368226434,-0.5675150854458947,-0.5931441204495608,-0.6196168009683404,-0.6469247066094019,-0.6750594850314183,-0.7040128022914907,-0.733776294752694,-0.7643415222369091,-0.7956999216052557,-0.8278427602890617,-0.8607610892034304,-0.8944456945544316,-0.9288870480470799,-0.9640752550161701,-1.0000000000000004,-1.0366504892686674,-1.0740153897996276,-1.1120827641815618,-1.1508400009167155,-1.1902737394794243,-1.2303697896014643,-1.2711130441167633,-1.3124873844889864,-1.354475578568822,-1.3970591696377237,-1.440218355544164,-1.4839318576777005,-1.5281767783904385,-1.5729284452817776,-1.6181602424925932,-1.6638434269392406,-1.7099469274733212,-1.7564371278519806,-1.803277630457852,-1.8504289983656081,-1.8978484779321847,-1.945489697456224,-1.9933023393373486,-2.0412317900698116,-2.0892187617719844,-2.1371988830859614,-2.1851022665150603,-2.2328530461946836,-2.2803688845690444,-2.3275604542845234,-2.3743308935801974,-2.420575243923178,-2.4661798669965758,-2.5110218518547,-2.55496842241077,-2.597876351514828,-2.6395914025896103,-2.6799478112476836,-2.7187678307516796,-2.755861370945948,-2.791025761231115,-2.824045666217443,-2.854693218197092,-2.8827283958797123,-2.9078997213852262,-2.9299453137579494,-2.948594398788039,-2.963569301675226,-2.9745880266374547
-0.2841422194215513,-0.26823165737220656,-0.2562135206805017,-0.24725572390439737,-0.2408235358130229,-0.23655299678952052,-0.23418517023916618,-0.23352922509442142,-0.2344404000871409,-0.23680619260749253,-0.2405373459815031,-0.24556176640205854,-0.2518202965487173,-0.25926370639016827,-0.26785050352587697,-0.2775453092139713,-0.2883176333621177,-0.3001409366333581,-0.31299190165904156,-0.3268498603690787,-0.34169633825312634,-0.35751468783284257,-0.3742897907819354,-0.39200781340107815,-0.41065600421011106,-0.43022252412339235,-0.4506963034490275,-0.4720669197162513,-0.4943244923548285,-0.5174595911085106,-0.5414631553506835,-0.5663264221947067,-0.592040861742725,-0.6185981179735556,-0.6459899539815549,-0.6742082006080317,-0.7032447077825053,-0.7330912974005425,-0.7637397174199118,-0.795181596377872,-0.8274083978592511,-0.8604113743587801,-0.8941815200570937,-0.9287095220262525,-0.9639857093947889,-1.0000000000000004,-1.0367418440466563,-1.0742001642723358,-1.1123632921074693,-1.1512188993065593,-1.1907539244178098,-1.2309544935650552,-1.2718058348814996,-1.3132921857319693,-1.355396692264273,-1.3981013003568952,-1.4413866367859958,-1.4852318803340314,-1.5296146214662432,-1.5745107090097343,-1.6198940839312381,-1.6657365981693486,-1.7120078165228403,-1.758674802388151,-1.8057018843205341,-1.8530504010175963,-1.9006784267496852,-1.9485404728248383,-1.9965871624865756,-2.0447648833438232,-2.0930154110674977,-2.1412755020878103,-2.1894764620380833,-2.237543683875324,-2.2853961539611043,-2.3329459320793404,-2.380097603329372,-2.4267477103331347,-2.4727841623756612,-2.5180856318759894,-2.562520947777132,-2.6059484912375375,-2.6482156145273,-2.689158093750904,-2.7285996397404,-2.7663514948187884,-2.802212145300506,-2.835967179342447,-2.8673893506198858,-2.8962388792420066,-2.9222640607107,-2.945202222966617,-2.9647811295642144,-2.9807208603087822,-2.992736273640975
-0.27801258956219826,-0.262526822399388,-0.2508701290343256,-0.24222766668893905,-0.2360757371331585,-0.23205785917485852,-0.22992039558199612,-0.22947640593343865,-0.2305840696678369,-0.23313316181461757,-0.2370362270596253,-0.24222262246395904,-0.24863437830571522,-0.2562232508433066,-0.2649485776472675,-0.2747756869247119,-0.28567469757335373,-0.2976196004274173,-0.310587544322407,-0.32455827506010104,-0.3395136889111698,-0.35543747350262134,-0.37231481595134774,-0.3901321632657519,-0.40887702400227344,-0.4285378018556267,-0.449103655518166,-0.4705643789520655,-0.4929102981754796,-0.5161321815042861,-0.5402211604796548,-0.5651686594160684,-0.5909663319449918,-0.617606003086351,-0.6450796155875302,-0.6733791795891171,-0.7024967249436432,-0.7324242550469889,-0.7631537018617672,-0.7946768813554514,-0.8269854488896508,-0.8600708540152069,-0.8939242942008401,-0.9285366670198041,-0.9638985203324385,-1.0000000000000004,-1.0368307946564224,-1.0743800770457443,-1.112636441420381,-1.1515878364831167,-1.1912214932495928,-1.2315238473087347,-1.2724804548277977,-1.3140759014519574,-1.3562937036335931,-1.3991162014692156,-1.4425244418840475,-1.4864980518651365,-1.5310151003862282,-1.5760519474783685,-1.6215830804948759,-1.6675809355523716,-1.7140157021662086,-1.7608551117855937,-1.8080642072393578,-1.8556050906950965,-1.9034366520087738,-1.9515142730971118,-1.999789505703028,-2.0482097264239165,-2.0967177627761986,-2.145251487937272,-2.1937433905930224,-2.2421201137671973,-2.2903019607377395,-2.338202373685829,-2.3857273826958507,-2.4327750332280775,-2.479234788228649,-2.5249869148493547,-2.5699018647955474,-2.6138396528481076,-2.6566492543319518,-2.6981680304472806,-2.738221206170679,-2.7766214265572198,-2.8131684205661536,-2.8476488028385774,-2.8798360703467987,-2.909490827073295,-2.9363613062448066,-2.9601842317482236,-2.9806861149423365,-2.9975850226621796,-3.010592920715104
-0.2720200139745001,-0.25695084729665973,-0.2456485729317052,-0.23731526179215925,-0.23143804032827253,-0.22766776602029662,-0.22575600298103238,-0.2255196302086561,-0.22681971455589672,-0.2295482678234969,-0.23361960404402984,-0.23896450559648083,-0.24552616961848628,-0.2532573215634118,-0.2621181146789933,-0.27207457200728996,-0.2830974110366874,-0.2951611437348368,-0.3082433771922428,-0.32232426400976466,-0.33738606487492984,-0.35341279673081166,-0.37038994681524484,-0.3883042379013274,-0.4071434339465172,-0.4268961770373005,-0.4475518500588525,-0.4691004593694199,-0.49153253365664484,-0.5148390359760859,-0.5390112862629407,-0.5640408922929818,-0.5899196874988594,-0.6166396742048526,-0.6441929710470082,-0.6725717636553233,-0.7017682579332378,-0.7317746348260168,-0.7625830062553851,-0.794185371462584,-0.8265735733030289,-0.8597392539582485,-0.8936738096010821,-0.9283683435471088,-0.9638136174380284,-1.0000000000000004,-1.0369174129110545,-1.074555273292849,-1.1129024323290746,-1.1519471094999039,-1.1916768218188025,-1.2320783075529704,-1.273137443781455,-1.3148391569540838,-1.3571673259816728,-1.4001046769464134,-1.4436326682895702,-1.4877313661574216,-1.5323793085659345,-1.5775533568577391,-1.6232285344551154,-1.669377850917024,-1.7159721093361981,-1.762979697697652,-1.810366361246913,-1.8580949534768307,-1.9061251674678859,-1.9544132432611412,-2.0029116486101293,-2.051568736757982,-2.1003283750574013,-2.149129541988693,-2.1979058986913613,-2.2465853288421798,-2.295089444816565,-2.343333065452309,-2.391223662734707,-2.4386607852015185,-2.4855354538100234,-2.5317295398089863,-2.5771151330709876,-2.621553904632332,-2.6648964840218277,-2.706981858681743,-2.747636820440534,-2.786675483059879,-2.823898899198846,-2.8590948078847065,-2.8920375659667945,-2.9224882982366127,-2.950195334381061,-2.974894975785401,-2.9963126864954646,-3.014164748267552,-3.0281604838534713
-0.2661614282200144,-0.2515007927660528,-0.2405460223010507,-0.2325157775457035,-0.22690780443109815,-0.22338016138019756,-0.22168951719997032,-0.22165650003546813,-0.22314501154517724,-0.22604925993463998,-0.23028529694436037,-0.2357853050049549,-0.24249362759363818,-0.25036394243550447,-0.25935720429818543,-0.2694401190553008,-0.28058399247798316,-0.292763848706787,-0.30595774520489283,-0.32014623435877265,-0.33531193496270384,-0.3514391875370686,-0.36851377416678593,-0.38652268849394333,-0.4054539452885657,-0.4252964206879815,-0.44603971762749095,-0.4676740508748235,-0.49019014792042026,-0.5135791627815437,-0.5378326000706601,-0.5629422473447696,-0.588900114172317,-0.6156983765110842,-0.6433293251906521,-0.671785317593284,-0.7010587318775725,-0.7311419226673533,-0.7620271778817295,-0.7937066759672723,-0.8261724430823494,-0.8594163097100868,-0.8934298662441088,-0.9282044170884484,-0.963730932825129,-1.0000000000000004,-1.0370017680683876,-1.074725893023356,-1.113161477216057,-1.1522970048641379,-1.192120272644097,-1.232618314852912,-1.2737773225005171,-1.3155825555094913,-1.3580182475484284,-1.4010675025990438,-1.4447121821313382,-1.488932782549229,-1.5337083015846393,-1.579016092133527,-1.6248317034950597,-1.6711287080487038,-1.7178785114237842,-1.7650501467026771,-1.8126100497441087,-1.8605218132434924,-1.9087459211282605,-1.9572394590160935,-2.005955798062238,-2.054844255624861,-2.10384972661503,-2.15291228300734,-2.2019667473195748,-2.2509422338607363,-2.2997616555259515,-2.3483412011353932,-2.3965897803572602,-2.444408443685126,-2.4916897728204566,-2.538317250570045,-2.5841646181594418,-2.629095222947754,-2.672961376878994,-2.715603731449868,-2.756850694303228,-2.7965179097210004,-2.834407830548413,-2.870309413154924,-2.9039979855762534,-2.935235324837478,-2.9637700101922193,-2.9893380964967213,-3.0116642000534317,-3.030463040655823,-3.0454415436694173
-0.2604338363790165,-0.24617378782703317,-0.23555971513301072,-0.22782655000556842,-0.2224824557659574,-0.21919255606898227,-0.21771852913272033,-0.21788468293413174,-0.21955770201759062,-0.22263395113303802,-0.22703118846936476,-0.23268297153164544,-0.23953476984067334,-0.2475411966463493,-0.25666399421998887,-0.2668705393783201,-0.27813271596274747,-0.29042605140715105,-0.30372904573531323,-0.31802264416829595,-0.33328981735390395,-0.3495152237041472,-0.3666849349278159,-0.3847862106895951,-0.4038073120324689,-0.4237373448527808,-0.4445661280431822,-0.46628408084551165,-0.48888212573922907,-0.5123516039802508,-0.5366842011987818,-0.5618718811127621,-0.5879068258235808,-0.6147813813171625,-0.6424880069901179,-0.6710192283117539,-0.7003675919754213,-0.7305256224916614,-0.7614857798978942,-0.7932404178641039,-0.8257817417512479,-0.8591017661095309,-0.8931922711687755,-0.9280447578706075,-0.9636504010036726,-1.0000000000000004,-1.0370839269414893,-1.074892071306831,-1.1134137809755225,-1.1526377989916183,-1.1925521954926326,-1.2331442942932398,-1.274400593493007,-1.3163066792977225,-1.3588471325774765,-1.4020054272728764,-1.4457638195409401,-1.4901032272859238,-1.5350030987707817,-1.5804412688229075,-1.626393802555231,-1.6728348246644795,-1.7197363323804895,-1.7670679925312118,-1.8147969198487235,-1.8628874341430997,-1.9113007978102707,-1.959994929452265,-2.0089240909195643,-2.058038550993438,-2.1072842196281645,-2.1566022501564426,-2.2059286149652206,-2.255193648416941,-2.304321554645932,-2.3532298849106663,-2.4018289812821654,-2.4500213938075435,-2.497701266137333,-2.5447536982916117,-2.5910540939209925,-2.636467494321935,-2.6808479192458394,-2.7240377188445537,-2.7658669619160223,-2.806152881034728,-2.8446994012605167,-2.8812967844104724,-2.9157214358171726,-2.947735910691068,-2.977089185324133,-3.0035172383735507,-3.0267440325212718,-3.0464829437209144,-3.062438741398588
-0.2548343095184687,-0.24096702817225504,-0.23068695574041487,-0.22324498113046584,-0.21815948605817403,-0.2151025257129662,-0.21384069380802545,-0.2142019097966734,-0.21605558988108153,-0.21930021600535793,-0.22385522193088253,-0.22965551555359986,-0.2366476723703082,-0.24478722458942653,-0.2540366881149788,-0.2643640989371973,-0.2757419088544012,-0.2881461397985675,-0.3015557266153923,-0.31595200047481214,-0.3313182776844107,-0.3476395289175396,-0.36490211033634595,-0.38309354283282826,-0.4022023292337019,-0.42221780095288897,-0.44312998879858456,-0.464929512603387,-0.48760748607548093,-0.5111554340416679,-0.5355652195477267,-0.5608289789119554,-0.5869390632280984,-0.6138879849698846,-0.6416683685424096,-0.6702729039078802,-0.6996943026483524,-0.7299252554469721,-0.7609583906617412,-0.7927862332891672,-0.8254011638812905,-0.8587953769136826,-0.8929608381646444,-0.9278892406635588,-0.9635719587772572,-1.0000000000000004,-1.0371639540034308,-1.0750539384843028,-1.1136595413338453,-1.1529697586381282,-1.1929729279243568,-1.233656656147274,-1.2750077417926913,-1.3170120903008764,-1.3596546223302806,-1.4029191739844562,-1.4467883879109606,-1.4912435949016398,-1.536264684707882,-1.581829964604869,-1.6279160055880444,-1.6744974742909156,-1.7215469487181132,-1.7690347181854043,-1.8169285646314035,-1.8651935229394476,-1.9137916216090278,-1.9626815996071894,-2.0118185966966142,-2.061153820253526,-2.110634182552565,-2.1602019058553936,-2.2097941005155177,-2.2593423098585346,-2.3087720193280763,-2.358002134267715,-2.4069444228778174,-2.4555029311531213,-2.503573364455481,-2.5510424439618546,-2.5977872448087904,-2.643674517501907,-2.6885600122894804,-2.7322878094884735,-2.774689680893456,-2.8155845012230634,-2.8547777354359765,-2.892061034152193,-2.9272119809921007,-2.959994029879625,-2.9901566959895627,-3.017436046421749,-3.0415555788014546,-3.0622275381798163,-3.0791547749817663
-0.24935998419424438,-0.23587777456537168,-0.22592511306722488,-0.21876853701542387,-0.21393645060430183,-0.21110770886799302,-0.21005372846430848,-0.21060597292794114,-0.21263653958517553,-0.21604598873766556,-0.22075539923087964,-0.22670100496564277,-0.23383046757962841,-0.2421002218580469,-0.2514735436156609,-0.2619191163690242,-0.27340994986247963,-0.2859225518183339,-0.2994362842417571,-0.3139328574337622,-0.3293959272297957,-0.34581077099176594,-0.3631640242192193,-0.3814434642889015,-0.4006378313737849,-0.4207366782154612,-0.44173024354773743,-0.46360934396333164,-0.4863652806928143,-0.5099897585216422,-0.5344748143664229,-0.5598127536447878,-0.585996092964174,-0.6130175078102699,-0.6408697841053708,-0.6695457727806379,-0.6990383467340773,-0.7293403591838984,-0.7604446030909203,-0.7923437709648106,-0.825030414624407,-0.8584969044199807,-0.8927353874855841,-0.9277377445875692,-0.963495545145717,-1.0000000000000004,-1.0372419114866827,-1.075211620369025,-1.1138989491536582,-1.1532931413087686,-1.1933827958084997,-1.2341557965024772,-1.2755992356953796,-1.317699331152401,-1.360441336049005,-1.403809440999436,-1.4477866670900088,-1.4923547495319793,-1.5374940106655972,-1.5831832208699426,-1.6293994472261006,-1.676117888050308,-1.723311691411678,-1.7709517579567309,-1.819006525245394,-1.8674417312501268,-1.9162201582358593,-1.9653013529044874,-2.0146413200908846,-2.064192192825266,-2.1139018727997976,-2.1637136385156093,-2.2135657260346853,-2.2633908760880397,-2.313115844899982,-2.3626608827947426,-2.4119391769007748,-2.4608562644246827,-2.509309410841574,-2.557186960808147,-2.6043676680959074,-2.650720005455983,-2.696101473734446,-2.740357911951933,-2.7833228333640307,-2.8248168048856948,-2.864646894830377,-2.902606221330905,-2.938473642253116,-2.9720136253975546,-3.002976361059882,-3.031098163706897,-3.056102248819681,-3.077699938129641,-3.09559239523069
-0.24400806098684072,-0.23090335127970757,-0.22127161904491555,-0.21439474617868065,-0.2098109665008813,-0.20720580520026324,-0.20635541069184832,-0.20709472415762445,-0.20929847421066855,-0.21286926119002286,-0.2177297789276699,-0.22381756324446844,-0.23108134231987715,-0.23947843732226926,-0.24897287040759794,-0.25953396109722165,-0.27113526717613023,-0.28375377353948583,-0.2973692617683454,-0.3119638145472913,-0.327521421171687,-0.34402766017861586,-0.36146944134529413,-0.37983479384480967,-0.39911269081188827,-0.4192929021784065,-0.4403658706665084,-0.46232260585167395,-0.485154592834842,-0.5088537128036027,-0.5334121730580405,-0.5588224446734421,-0.5850772063538046,-0.6121692931848555,-0.64009164918132,-0.6688372827886607,-0.6983992247203109,-0.7287704871673435,-0.7599440240542368,-0.7919126916724789,-0.8246692092690074,-0.8582061191074176,-0.8925157455779117,-0.9275901529301072,-0.9634211012126467,-1.0000000000000004,-1.0373178594774606,-1.075365238437034,-1.1141321887224918,-1.1536081956465327,-1.1937821138139122,-1.2346420978543435,-1.2761755274580977,-1.3183689259431954,-1.3612078718710925,-1.4046769028570283,-1.448759410518276,-1.4934375261616823,-1.538691995960237,-1.5845020441939728,-1.630845224369221,-1.67769725636052,-1.7250318477110438,-1.7728204993477017,-1.8210322929558818,-1.8696336576801513,-1.918588117251838,-1.9678560134817251,-2.017394203398129,-2.067155732653338,-2.117089479300217,-2.1671397651601683,-2.217245939425983,-2.267341928250588,-2.3173557475597173,-2.3672089828576777,-2.4168162321346487,-2.4660845180142132,-2.5149126632054726,-2.5631906366347463,-2.610798876041949,-2.6576075873290606,-2.7034760395639963,-2.7482518561557234,-2.7917703270291963,-2.8338537576699805,-2.8743108790917264,-2.912936351113152,-2.9495103968621468,-2.983798607881636,-3.0155519802524524,-3.0445072290015425,-3.0703874646537344,-3.0929032877024625,-3.111754402079196
-0.23877580306983395,-0.2260411445766592,-0.21672396699477636,-0.2101211979000155,-0.20578071092954836,-0.20339457372787909,-0.2027435766395307,-0.2036660730202332,-0.20603937363021385,-0.2097680810445009,-0.2147764743776725,-0.2210033675900136,-0.22839853604290525,-0.23692017128552312,-0.2465330284009578,-0.2572070515224557,-0.26891633667855036,-0.2816383374126447,-0.2953532473793095,-0.3100435149716269,-0.32569345694283125,-0.34228894755291756,-0.35981716585476564,-0.37826638818484404,-0.39762581630917115,-0.4178854332659139,-0.43903588188159876,-0.461068360990857,-0.48397453596757434,-0.5077464609007459,-0.5323765100438786,-0.557857316747309,-0.5841817184555448,-0.6113427065057441,-0.6393333796460318,-0.6681469004498801,-0.6977764540167739,-0.7282152080225635,-0.7594562737934654,-0.7914926677519725,-0.8243172728183845,-0.8579227992957914,-0.8923017448222174,-0.9274463529719726,-0.9633485700975846,-1.0000000000000004,-1.037391856005314,-1.0755149100081107,-1.114359438026889,-1.1539151618013468,-1.19417118587479,-1.2351159296705343,-1.2767370539633056,-1.3190213809875218,-1.3619548076983785,-1.4055222113437167,-1.4497073463070698,-1.494492731811017,-1.5398595292487924,-1.5857874077402685,-1.6322543976948407,-1.6792367305532951,-1.7267086628663013,-1.774642284902883,-1.8230073110744756,-1.871770849856885,-1.920897154199177,-1.9703473484131881,-2.020079128820141,-2.070046440591948,-2.120199124955698,-2.17048253393301,-2.2208371169840606,-2.271197973313849,-2.321494366965295,-2.3716492081784915,-2.421578496933717,-2.4711907344852233,-2.5203862966916883,-2.569056776090565,-2.6170842980012763,-2.6643408103525528,-2.7106873656904926,-2.755973394758677,-2.8000359962236625,-2.8426992569595,-2.8837736260340807,-2.923055374699877,-2.960326177520035,-2.9953528544238157,-3.0278873324115194,-3.0576668745329467,-3.084414657764821,-3.1078407578186136,-3.1276436409218755
-0.23366053481033977,-0.2212886012227076,-0.21227971007467225,-0.20594554060873063,-0.20184341949640325,-0.1996718311207314,-0.19921611928353739,-0.200317985000161,-0.20285727273671555,-0.20674055002332253,-0.21189365194924492,-0.21825664714049323,-0.2257803390225351,-0.2344237737170704,-0.2441524259785212,-0.2549368532903406,-0.2667516802382631,-0.2795748205844929,-0.2933868726380833,-0.30817064389991794,-0.32391077264669055,-0.34059342347169425,-0.3582060397605231,-0.3767371404366395,-0.3961761516218735,-0.4165132654308192,-0.43773932096430457,-0.4598457026466169,-0.48282425258194933,-0.5066671943157769,-0.5313670656821105,-0.5569166589824729,-0.5833089671064259,-0.6105371343566094,-0.6385944109204545,-0.667474110180557,-0.6971695682631305,-0.7276741049135917,-0.7589809853738428,-0.7910833826255905,-0.8239743395901009,-0.8576467308219435,-0.8920932232880704,-0.9273062358221086,-0.963277896852583,-1.0000000000000004,-1.0374639571282411,-1.0756607484177059,-1.1145808690128431,-1.1542142717807213,-1.194550305633226,-1.2355776489269903,-1.2772842373501987,-1.319657185551056,-1.3626827020233772,-1.4063459964191443,-1.4506311782655381,-1.4955211466643883,-1.5409974697602578,-1.5870402525941854,-1.6336279930960624,-1.6807374244155968,-1.7283433417717244,-1.7764184139542185,-1.8249329768039833,-1.8738548063715852,-1.9231488726359358,-1.9727770698330982,-2.0226979206706384,-2.0728662566861535,-2.1232328689876563,-2.1737441265031388,-2.2243415658429,-2.274961446545118,-2.325534268723952,-2.3759842563171585,-2.426228801675286,-2.476177876970328,-2.5257334059939573,-2.574788602869436,-2.6232272824745917,-2.670923141710022,-2.7177390295951827,-2.7635262045295947,-2.808123602976046,-2.8513571325795875,-2.893039011945047,-2.932967189195582,-2.9709248717617345,-3.0066802074640173,-3.0399861738803304,-3.0705807238296163,-3.098187266330566,-3.122515543038778,-3.1432629990420073
-0.22865964040076991,-0.21664322704397465,-0.2079364597688599,-0.2018654803195708,-0.19799688462364007,-0.1960354500564663,-0.19577098675547067,-0.19704847983910515,-0.199750259736598,-0.20378482217402027,-0.20907952930531315,-0.21557568125767634,-0.2232250906472863,-0.2319876425566486,-0.24182951831640087,-0.25272187763211174,-0.2646398640733609,-0.27756184328896566,-0.2914688109086821,-0.3063439270166004,-0.3221721455476456,-0.3389399161028096,-0.3566349415176836,-0.375245978783905,-0.3947626741594218,-0.4151754248601521,-0.43647526248546714,-0.45865375343420667,-0.48170291305311985,-0.5056151309549803,-0.5303831052382981,-0.5559997838902814,-0.5824583120101466,-0.6097519836420434,-0.6378741971827221,-0.6668184135714523,-0.6965781166707956,-0.7271467749521602,-0.7585178041615801,-0.790684530345719,-0.8236401528351477,-0.8573777067319948,-0.8918900245008592,-0.9271696962605895,-0.9632090283829114,-1.0000000000000004,-1.0375342170135893,-1.075802863180353,-1.1147966478333526,-1.1545057497830742,-1.1949197568599241,-1.236027600617644,-1.2778174856149866,-1.3202768125432573,-1.3633920947151887,-1.4071488670969163,-1.451531586877594,-1.4965235251444469,-1.5421066484677834,-1.5882614890339302,-1.6349670030514136,-1.682200415658242,-1.72993705053276,-1.7781501442853298,-1.8268106429983482,-1.8758869786325654,-1.9253448260791566,-1.9751468369644878,-2.025252347484503,-2.0756170623548194,-2.1261927091855832,-2.176926660368977,-2.227761526324364,-2.2786347138903835,-2.3294779467858,-2.3802167510614827,-2.4307699011246453,-2.481048831487437,-2.530957007595822,-2.580389261845196,-2.6292310991056063,-2.6773579703595813,-2.7246345319378156,-2.770913887703291,-2.8160368380689564,-2.859831147518368,-2.902110851925198,-2.9426756375256367,-2.981310321415096,-3.0177844737604316,-3.0518522369622163,-3.0832523896648873,-3.11170873267874,-3.136930858515073,-3.1586154021303416
-0.22377056252117866,-0.2121025855172784,-0.2036918844195029,-0.1978787791149326,-0.19423895399152352,-0.19248335763036997,-0.19240618072752025,-0.19385562990324381,-0.19671647450516205,-0.20089910221865145,-0.20633237375168936,-0.2129587978791619,-0.22073117778111062,-0.22961022208784543,-0.2395628057739445,-0.250560679774675,-0.2625794971850748,-0.2755980673074887,-0.28959777584554774,-0.3045621290195986,-0.32047639062812816,-0.3373272900194448,-0.3551027846576854,-0.37379186514226975,-0.3933843937040471,-0.4138709687404357,-0.43524281062826997,-0.4574916641804214,-0.48060971455336343,-0.5045895140936063,-0.5294239179047908,-0.5551060264522465,-0.5816291338689312,-0.6089866807777958,-0.6371722106181782,-0.6661793286990214,-0.6960016633966816,-0.7266328286353753,-0.7580663873268497,-0.7902958151645187,-0.8233144643757354,-0.8571155269886593,-0.8916919972200666,-0.9270366325893178,-0.9631419133716522,-1.0000000000000004,-1.0376026880149796,-1.0759413601450638,-1.1150069350838354,-1.1547898125147276,-1.195279813854337,-1.2364661182392438,-1.2783371931819272,-1.320880719176091,-1.364083507767332,-1.407931412282875,-1.4524092302318508,-1.4975005969347626,-1.543187869204974,-1.5894519977411425,-1.6362723879300858,-1.6836267473158277,-1.7314909179602638,-1.779838693719182,-1.8286416198422908,-1.8778687726346783,-1.9274865198612512,-1.9774582580586317,-2.0277441240353364,-2.0783006824801546,-2.129080584061046,-2.180032191067731,-2.231099174192073,-2.282220074259913,-2.3333278257461463,-2.3843492447288193,-2.4352044767162715,-2.4858064091778,-2.5360600419399786,-2.585861821143818,-2.6350989406244407,-2.6836486088141087,-2.7313772981364868,-2.778139973320526,-2.8237793220976775,-2.8681249986618806,-2.910992900257489,-2.9521845083994647,-2.9914863221207537,-3.0286694234347804,-3.063489228468328,-3.0956854720957367,-3.124982500820665,-3.1510899370411076,-3.173703810896051
-0.2189908010315206,-0.20766429639668815,-0.1995437077985881,-0.19398325367179314,-0.19056752902888485,-0.18901353381710873,-0.1891197548523979,-0.19073755860770164,-0.19375410700138435,-0.19808164396426797,-0.20365050064813622,-0.21040437193458777,-0.21829703318896193,-0.2272900013769404,-0.23735083234947973,-0.2484518574166352,-0.2605692298572312,-0.2736821944947923,-0.28777251994845515,-0.30282405220687925,-0.318822359209212,-0.3357544448569677,-0.35360851648353714,-0.37237379389489295,-0.39204035118862307,-0.41259898407952206,-0.43404109805574975,-0.4563586128383848,-0.4795438800156762,-0.5035896113897445,-0.5284888158663025,-0.5542347432387055,-0.5808208335566217,-0.608240670919619,-0.6364879407052766,-0.6655563894696633,-0.695439786947081,-0.7261318893105219,-0.7576264033708017,-0.7899169511244579,-0.8229970342606595,-0.856859998192779,-0.8914989952283285,-0.9269069464899841,-0.9630765022079686,-1.0000000000000004,-1.037669420745489,-1.076076341643159,-1.1152118860260967,-1.1550666694915057,-1.1956307418253929,-1.2368935242527035,-1.2788437414467704,-1.321469347591007,-1.364757446009645,-1.4086942015732333,-1.4532647449072031,-1.4984530679539305,-1.5442419097294324,-1.5906126309545774,-1.6375450772361955,-1.6850174290816993,-1.7330060369959124,-1.7814852416332292,-1.8304271764549334,-1.8798015506495211,-1.92957541290415,-1.9797128922496323,-2.030174913265975,-2.0809188874085005,-2.13189837491178,-2.183062714294334,-2.2343566228150835,-2.2857197617246627,-2.3370862630605744,-2.3883842203834793,-2.439535138754752,-2.4904533484689733,-2.5410453755290114,-2.5912092741547186,-2.64083392473933,-2.6897982948802603,-2.737970679918093,-2.7852079185515835,-2.8313546065266,-2.8762423175418927,-2.919688850804802,-2.9614975363173395,-3.0014566229106254,-3.0393387890900145,-3.074900828349663,-3.1078835565948673,-3.1380120140830385,-3.1649960262007464,-3.188531217770817
-0.21431791169314746,-0.20332603437459415,-0.19548970771897708,-0.19017677383183199,-0.18698056345037378,-0.1856240099823441,-0.18590981325586142,-0.18769243889594087,-0.19086139573963262,-0.1953307487719685,-0.2010322718793736,-0.20791082382285814,-0.21592113402419055,-0.22502551277412325,-0.23519218419874988,-0.24639404926709824,-0.2586077522183506,-0.2718129653670358,-0.2859918331792041,-0.30112853512408333,-0.31720893763140323,-0.3342203140289578,-0.352151116823027,-0.37099079068468904,-0.3907296175296361,-0.41135858658194147,-0.43286928483007847,-0.45525380345224375,-0.478504657145296,-0.5026147139440375,-0.5275771334091316,-0.5533853115688278,-0.5800328313307199,-0.6075134172285722,-0.6358208935353595,-0.6649491449951739,-0.6948920796099949,-0.7256435926654682,-0.757197531675256,-0.789547661668511,-0.8226876304372452,-0.8566109333182705,-0.8913108771306633,-0.9267805428888843,-0.9630127469188355,-1.0000000000000004,-1.037734464147299,-1.0762079066289656,-1.1154116508014946,-1.1553365233258053,-1.1959727972539127,-1.237310130522302,-1.2793374992941702,-1.3220431254559608,-1.3654143977862676,-1.4094377860148117,-1.4540987468165174,-1.4993816212837972,-1.5452695227364532,-1.5917442135700046,-1.6387859707953922,-1.686373438581471,-1.7344834660724964,-1.7830909304059115,-1.8321685424214216,-1.881686632840519,-1.9316129194154774,-1.9819122513285075,-2.0325463281363674,-2.0834733948667896,-2.1346479078002867,-2.1860201679343243,-2.237535925245595,-2.289135947627595,-2.340755551176658,-2.3923240939734534,-2.443764428538742,-2.4949923171656714,-2.5459158029600624,-2.596434541483307,-2.646439095978196,-2.6958101933572847,-2.7444179568398233,-2.7921211100033374,-2.838766174742675,-2.8841866710951276,-2.9282023374338593,-2.970618401618667,-3.0112249258426385,-3.049796264997992,-3.0860906884110664,-3.1198502122741414,-3.150800712836893,-3.178652385615216,-3.2031006437069083
-0.2097495049188915,-0.19908552777635574,-0.19152771468338703,-0.1864572612132926,-0.18347606183878987,-0.18231286744233965,-0.1827745090797528,-0.1847184917718375,-0.18803662631590462,-0.1926447640820037,-0.19847609438338087,-0.20547661794763727,-0.21360200037492005,-0.2228153304741703,-0.23308548821305605,-0.24438593364421843,-0.2566937928633286,-0.2699891577491595,-0.2842545416370058,-0.29947445127014916,-0.31563504599255743,-0.3327238634993418,-0.35072959683688093,-0.36964191126020524,-0.3894512925123804,-0.41014891957492783,-0.4317265573808528,-0.45417646516909,-0.47749131747656587,-0.5016641354027466,-0.526688226071647,-0.5525571287097042,-0.5792645660812393,-0.6068044001707751,-0.635170591164438,-0.6643571589976734,-0.694358146914326,-0.7251675862432463,-0.7567794620738023,-0.7891876792689251,-0.8223860284389434,-0.8563681514597351,-0.8911275061633028,-0.9266573298282043,-0.9629506011040385,-1.0000000000000004,-1.0377978655580087,-1.0763361508137823,-1.1156063746339164,-1.1555995699999562,-1.1963062282377397,-1.237716238733974,-1.2798188235905117,-1.3226024665341392,-1.3660548356015894,-1.4101626988294726,-1.4549118320107415,-1.5002869180543301,-1.5462714368255956,-1.5928475441892551,-1.6399959398869288,-1.6876957225884068,-1.7359242304125668,-1.7846568667981277,-1.8338669092563247,-1.8835252988067854,-1.9336004105107583,-1.984057801440865,-2.0348599333929496,-2.0859658717988356,-2.13733095545107,-2.1889064340147444,-2.2406390762147006,-2.2924707426137707,-2.3443379195859997,-2.396171216389903,-2.44789482041112,-2.499425914471313,-2.5506740488958406,-2.601540472846742,-2.651917427481553,-2.701687397696591,-2.7507223377820824,-2.7988828650096393,-2.8460174431051604,-2.891961562432656,-2.9365369344637817,-2.9795507305696454,-3.0207948856893325,-3.0600455063546788,-3.0970624311048445,-3.131588990197325,-3.1633520323222517,-3.1920622842879873,-3.217415135069798
-0.20528324455109653,-0.194940557287604,-0.18765561057012847,-0.18282268786318526,-0.18005207827088063,-0.17907823606975476,-0.17971204307357552,-0.18181398488230538,-0.18527812998630894,-0.19002208199252754,-0.19598041873447472,-0.20310026130849296,-0.21133819386670843,-0.22065806913381442,-0.23102941065429014,-0.24242622713063164,-0.25482611753181006,-0.2682095854785591,-0.2825595062896511,-0.29786070785802055,-0.31409963694003346,-0.33126409060777645,-0.3493429978790445,-0.36832624037237116,-0.38820450372565374,-0.4089691529824568,-0.4306121275198017,-0.4531258512956,-0.4765031554727166,-0.5007372111018411,-0.5258214698338114,-0.5517496111124023,-0.5785154946143656,-0.6061131168497296,-0.6345365709952226,-0.6637800092423886,-0.6938376071144539,-0.7247035289794722,-0.7563718944431245,-0.7888367450735242,-0.822092011087708,-0.8561314775920251,-0.8909487500115892,-0.9265372183434133,-0.9628900198742595,-1.0000000000000004,-1.0378596707738,-1.076461166793486,-1.115796198023127,-1.155855999126631,-1.196631274820545,-1.2381121407938473,-1.2802880596535193,-1.3231477712259567,-1.3666792167359245,-1.4108694561047175,-1.4557045774455983,-1.5011695982874855,-1.5472483574226823,-1.5939233961211483,-1.6411758283241153,-1.6889851981837505,-1.737329323268689,-1.7861841232730995,-1.8355234318023523,-1.8853187890594238,-1.9355392157654199,-1.9861509647120026,-2.0371172472634105,-2.088397936125365,-2.1399492390704387,-2.191723340576925,-2.243668014049953,-2.295726198582873,-2.347835536800073,-2.399927875452676,-2.4519287237383245,-2.503756672942932,-2.5553227699742838,-2.606529848914791,-2.6572718227481835,-2.7074329316229906,-2.756886962413244,-2.8054964329048744,-2.8531117619909647,-2.8995704316182316,-2.944696157137621,-2.9882980954882354,-3.03017010967799,-3.0700901286004134,-3.107819648401605,-3.1431034217800446,-3.17566940056691,-3.205228998046661,-3.231477760625634
-0.20091684666697096,-0.19088895471331604,-0.18387132735447345,-0.17927107494848063,-0.17670671498505777,-0.17591829294389374,-0.17672066223271155,-0.1789772311484224,-0.1825842822956142,-0.1874611378897011,-0.193543737778768,-0.2007803021452067,-0.2091283163189342,-0.21855238254318604,-0.2290226558441848,-0.240513683283064,-0.2530035278405191,-0.26647309716233036,-0.2809056217577079,-0.2962862446276909,-0.3126016945143531,-0.32984002294557346,-0.34799039040641816,-0.3670428907194945,-0.3869884055433788,-0.4078184823447843,-0.4295252314994662,-0.4521012383970238,-0.475539487666282,-0.499833297249917,-0.5249762603436464,-0.5509621936829927,-0.5777850909690387,-0.6054390803694403,-0.6339183851877552,-0.663217286996765,-0.6933300906988044,-0.7242510907613509,-0.7559745383134352,-0.7884946085685828,-0.8218053682103381,-0.8559007423411069,-0.8907744806364357,-0.9264201223464282,-0.9628309597920769,-1.0000000000000004,-1.0379199241096286,-1.076583044170134,-1.1159812569290248,-1.1561059941970229,-1.1969481693052064,-1.2384981192081177,-1.2807455416999183,-1.3236794270857868,-1.3672879838325713,-1.4115585574522937,-1.4564775417128966,-1.5020302817022981,-1.548200967659631,-1.594972518336886,-1.6423264534859103,-1.6902427538649238,-1.7386997071083812,-1.787673739257841,-1.8371392295677447,-1.887068306433737,-1.937430624700153,-1.9881931208030799,-2.039319743080549,-2.0907711584315236,-2.1425044300925706,-2.194472663474841,-2.2466246225183606,-2.2989043105676514,-2.351250512253205,-2.4035962978249823,-2.4558684848217673,-2.5079870603820495,-2.559864556659109,-2.6114053830976287,-2.6625051173349865,-2.7130497507185556,-2.762914902626662,-2.8119649962806044,-2.8600524168350008,-2.9070166564544935,-2.9526834621153144,-2.996864014904527,-3.039354157280107,-3.079933706802907,-3.1183659007360243,-3.154397017274913,-3.187756236397798,-3.21815580708106,-3.2452916086237917
-0.19664807841065254,-0.18692860176779538,-0.18017284586456547,-0.17580049148500354,-0.17343812108955498,-0.1728312610437664,-0.17379865848148124,-0.17620658744312329,-0.17995350175380181,-0.18496040912697992,-0.1911645853197429,-0.19851532863290208,-0.2069710084524914,-0.2164969623488523,-0.22706396490526298,-0.23864709139356488,-0.25122486006697287,-0.26477857498549967,-0.2792918151491589,-0.2947500327090056,-0.31114023304180355,-0.3284507172796294,-0.34667087293554316,-0.36579100193804315,-0.38580217815074325,-0.40669612788113496,-0.42846512911356655,-0.4511019254363088,-0.4745996518380122,-0.4989517701478942,-0.5241520121786772,-0.5501943290866814,-0.5770728457646969,-0.6047818192266798,-0.6333156000970996,-0.6626685965144894,-0.6928352399211093,-0.7238099520070932,-0.755587112496981,-0.7881610272573664,-0.8215258963680228,-0.8556757817656024,-0.8906045741088828,-0.9263059585142317,-0.9627733788157221,-1.0000000000000004,-1.037978668456605,-1.076701869667888,-1.1161616829473033,-1.1563497328174575,-1.1972571365526086,-1.2388744474452793,-1.2811915932723463,-1.324197809314802,-1.3678815654578063,-1.4122304866365336,-1.457231265738357,-1.5028695684832647,-1.549129929214364,-1.59599563638232,-1.6434486073022216,-1.691469250604322,-1.7400363147466062,-1.7891267223492429,-1.8387153880054603,-1.8887750174405857,-1.9392758882029655,-1.9901856084017653,-2.041468850838671,-2.093087063585332,-2.1449981518553436,-2.197156128102488,-2.24951073259819,-2.3020070185415724,-2.354584898135828,-2.4071786508601813,-2.4597163887440305,-2.512119481663924,-2.564301935033353,-2.616169723282312,-2.667620080512308,-2.71854074396994,-2.7688091639503227,-2.818291672225172,-2.866842629164898,-2.914303553275891,-2.960502247986483,-3.005251953754522,-3.048350540047936,-3.089579775100545,-3.128704716025129,-3.1654732643396057,-3.1996159475431365,-3.2308459935764415,-3.2588597839743576
-0.19247475685138724,-0.1830574288947294,-0.17655819457082325,-0.17240905310278148,-0.17024449130960215,-0.16981540798237138,-0.1709443673993144,-0.17350045331359815,-0.1773842485586526,-0.1825184137515079,-0.18884153485177602,-0.19630396762575303,-0.20486494864649057,-0.21449053682610025,-0.22515211455109246,-0.23682527529993985,-0.24948898398213404,-0.26312493356778616,-0.2777170449420249,-0.29325107353177565,-0.3097142960735548,-0.32709525852195875,-0.34538357104386996,-0.36456973963688605,-0.3846450266125766,-0.40560133359331596,-0.42743110283689595,-0.4501272329512665,-0.473683006232267,-0.49809202544355524,-0.5233481581405082,-0.5494454870832927,-0.57637826557852,-0.6041408767308392,-0.6327277957366417,-0.6621335545430795,-0.6923527083531364,-0.7233798032646428,-0.7552093447336383,-0.7878357663534882,-0.8212533985983705,-0.8554564371484278,-0.8904389104523102,-0.9261946461826477,-0.9627172362454405,-1.0000000000000004,-1.0380359453367158,-1.0768177272435724,-1.1163376034769867,-1.1565873869350716,-1.1975583942666495,-1.239241390281665,-1.2816265276466388,-1.324703281231208,-1.368460376635265,-1.412885712174052,-1.457966273447752,-1.5036880400139796,-1.550035883112908,-1.5969934532493752,-1.6445430571953463,-1.6926655228612808,-1.7413400504285415,-1.7905440494676208,-1.8402529597371378,-1.8904400535599701,-1.9410762198910951,-1.9921297266505977,-2.043565958685831,-2.0953471322904136,-2.1474319812092393,-2.199775411053567,-2.252328124182815,-2.305036209158808,-2.357840691161022,-2.410677044383506,-2.463474661152458,-2.516156280507548,-2.568637368537954,-2.620825453519626,-2.6726194168760706,-2.7239087352800615,-2.7745726869295537,-2.824479513546215,-2.8734855576295604,-2.921434377747343,-2.9681558558016397,-3.013465323605526,-3.0571627214959975,-3.0990318262037313,-3.1388395887567966,-3.176335626685783,-3.211251928823676,-3.2433028394407515,-3.272185405520386
-0.1883947478672384,-0.17927341411650924,-0.17302544840782438,-0.1690949208466508,-0.16712406477225356,-0.16686904478069287,-0.16815616698838534,-0.17085726974662913,-0.17487502336248628,-0.18013370927564776,-0.18657319833956165,-0.19414488344714886,-0.20280885174178487,-0.2125318696982355,-0.22328591592357985,-0.23504709224309134,-0.24779480172969284,-0.2615111188665783,-0.27618029991266096,-0.2917883977808969,-0.3083229553690039,-0.3257727587425678,-0.34412763641337996,-0.3633782944728048,-0.3835161799818255,-0.4045333664081684,-0.42642245700271014,-0.4491765022678186,-0.4727889288069962,-0.49725347741910886,-0.522564148580793,-0.5487151538924511,-0.5757008723506168,-0.6035158104499033,-0.6321545652656346,-0.6616117898537865,-0.6918821604577388,-0.7229603448286763,-0.7548409713526836,-0.787518598488286,-0.8209876841692519,-0.855242554797985,-0.8902773734918883,-0.9260861072449943,-0.9626624926723171,-1.0000000000000004,-1.0380917949550312,-1.0769306981921545,-1.116509141880274,-1.1568191230531453,-1.1978521532662019,-1.2395992041311965,-1.2820506482205374,-1.3251961947190882,-1.369024819356084,-1.413524687906328,-1.4586830724030302,-1.5044862595778556,-1.5509194504956805,-1.5979666502087586,-1.6456105469798317,-1.693832379549638,-1.7426117908651684,-1.7919266679604016,-1.841752965724612,-1.8920645124797224,-1.9428327974157564,-1.9940267365161088,-2.045612414354997,-2.097552802576127,-2.1498074500624607,-2.2023321417166026,-2.255078527719673,-2.307993717429544,-2.3610198342671813,-2.4140935324114166,-2.4671454699826394,-2.520099741188627,-2.5728732596573365,-2.6253750956629296,-2.6775057679179572,-2.72915648494498,-2.7802083484832134,-2.830531509976043,-2.879984299021041,-2.9284123256676478,-2.975647569620394,-3.0215074829113533,-3.065794117025472,-3.1082933109519773,-3.1487739791461595,-3.186987542806658,-3.2226675604311787,-3.2555296241246734,-3.285271603404514
-0.18440596505375537,-0.175574581912027,-0.16957272762768966,-0.16585630001096907,-0.1640751238275643,-0.1639905246799609,-0.16543247648113932,-0.16827551797517867,-0.17242436608127343,-0.17780489149177742,-0.18435822504148835,-0.1920367767243068,-0.20080146788925812,-0.21061975900079016,-0.22146421347516493,-0.23331143176910368,-0.2461412467498016,-0.2599361071239419,-0.2746805981075397,-0.2903610643943044,-0.306965309921193,-0.3244823562235397,-0.3429022459144623,-0.3622158812652151,-0.38241489044610955,-0.40349151535689176,-0.4254385170157064,-0.44824909474747443,-0.4719168165165281,-0.49643555831007175,-0.5217994507569712,-0.5480028315869159,-0.5750402028156911,-0.6029061916811788,-0.6315955144997155,-0.6611029427926297,-0.6914232711811489,-0.7225512863749093,-0.7544817369498771,-0.7872093034314711,-0.8207285683438236,-0.8550339858583965,-0.8901198507108857,-0.9259802660553559,-0.9626091099294352,-1.0000000000000004,-1.0381462562495345,-1.0770408612474194,-1.1166764176351098,-1.1570451024366406,-1.1981386177447235,-1.239948137360184,-1.2824642488848137,-1.325676890656987,-1.3695752830660812,-1.4141478535465992,-1.459382154410011,-1.5052647730276532,-1.5517812333498209,-1.5989158876059648,-1.6466517977228992,-1.6949706049631605,-1.7438523862240904,-1.793275496658464,-1.8432163963916133,-1.893649459282034,-1.9445467637125227,-1.9958778621015778,-2.0476095265370784,-2.0997054712280425,-2.152126046865215,-2.2048279038084155,-2.257763625787209,-2.3108813283334135,-2.364124218259515,-2.417430114811133,-2.4707309271241407,-2.523952090197672,-2.5770119515538434,-2.6298211109605454,-2.6822817135548327,-2.734286691096782,-2.785718963233733,-2.8364505893598158,-2.8863418892892305,-2.9352405337766956,-2.9829806170752717,-3.029381737295588,-3.074248093889401,-3.1173676379244855,-3.1585113123575708,-3.197432424780998,-3.2338662062922214,-3.267529622533088,-3.2981215165293407
-0.1805063686570438,-0.17195900212219423,-0.16619819668402744,-0.16269143900732558,-0.16109599290485524,-0.16117824199078531,-0.1627717551861984,-0.16575371832461328,-0.17003085474440682,-0.17553059332855894,-0.1821953003751046,-0.1899783832654086,-0.19884158144090364,-0.20875303598862976,-0.21968588389387464,-0.23161721467401303,-0.2445272827451886,-0.25839890385558234,-0.2732169858564525,-0.28896815960169886,-0.30564048502225544,-0.32322321455231284,-0.3417066007280601,-0.36108173814814987,-0.381340432510452,-0.4024750907893832,-0.4244786285987869,-0.4473443910672979,-0.47106608462548605,-0.4956377176538566,-0.5210535482162297,-0.5473080375126066,-0.5743958079598102,-0.6023116049454799,-0.6310502614431864,-0.6606066648514551,-0.6909757255635043,-0.7221523466107908,-0.7541313940790495,-0.7869076678243468,-0.8204758721561409,-0.8548305861283008,-0.8899662331134648,-0.9258770493362245,-0.9625570510452421,-1.0000000000000004,-1.0381993669386969,-1.0771482926780942,-1.1168395464808631,-1.1572654813084686,-1.19841798551817,-1.2402884305879678,-1.2828676143777344,-1.3261456993273049,-1.3701121451311826,-1.4147556352024133,-1.4600639960991284,-1.5060241094254412,-1.5526218152093296,-1.5998418056224704,-1.647667508567455,-1.6960809596609892,-1.7450626610778404,-1.7945914268875145,-1.8446442126981326,-1.895195927580389,-1.9462192282000064,-1.9976842919061397,-2.0495585661985785,-2.101806495161577,-2.1543892180359823,-2.207264236848766,-2.260385054612579,-2.3137007783737427,-2.367155683392962,-2.4206887389027982,-2.474233090030753,-2.5277154978452696,-2.5810557296528405,-2.6341659016032137,-2.6869497736186028,-2.739301991113294,-2.791107284811444,-2.842239618826538,-2.89256130454893,-2.941922080565613,-2.990158169949887,-3.037091339861266,-3.0825279711967624,-3.126258173102058,-3.1680549777898976,-3.20767365715138,-3.2448512125154245,-3.279306103026536,-3.310738290110895
-0.17669396453069158,-0.16842478888243642,-0.16290006314552455,-0.15959862826418544,-0.15818503740286563,-0.15843063097783733,-0.16017250137121108,-0.16329042909702812,-0.16769310438351215,-0.17330948374698496,-0.1800831448229147,-0.18796847297744831,-0.1969280098818341,-0.20693056408406407,-0.21794983506931648,-0.22996339198931967,-0.24295190268769956,-0.25689854287980596,-0.2717885368251761,-0.2876087960021064,-0.30434763136697096,-0.3219945217522536,-0.3405399255042154,-0.3599751257576698,-0.3802921022143947,-0.40148342362184686,-0.42354215707191345,-0.44646179053072343,-0.47023616605225377,-0.4948594216665531,-0.5203259402062482,-0.5466303037339483,-0.5737672525009794,-0.6017316475035606,-0.630518435841932,-0.6601226182579728,-0.6905392183666509,-0.7217632529417328,-0.7537897029574314,-0.7866134849249348,-0.8202294221968021,-0.8546322158877597,-0.8898164150936254,-0.925776386090284,-0.9625062801990083,-1.0000000000000004,-1.0382511635669194,-1.077253066379664,-1.1169986405574792,-1.1574804110369727,-1.1986904482618288,-1.2406203169741454,-1.283261020623743,-1.3266029408075073,-1.370635771282233,-1.4153484458751073,-1.4607290594806248,-1.5067647816545156,-1.5534417618246674,-1.6007450250038917,-1.6486583575195868,-1.6971641813151142,-1.746243415311811,-1.7958753234367317,-1.8460373471697837,-1.8967049206093305,-1.947851267929331,-1.999447180032815,-2.051460767846488,-2.1038571927414296,-2.1565983693324227,-2.2096426375788,-2.262944405532713,-2.316453757075163,-2.3701160208989753,-2.4238713010065815,-2.477653963277423,-2.531392079816481,-2.585006823180199,-2.6384118122280444,-2.691512409307624,-2.7442049629953913,-2.796376007133579,-2.847901405942848,-2.8986454620788793,-2.9484599870890036,-2.9971833447701983,-3.0446394915253334,-3.090637019953461,-3.134968239578171,-3.177408328422869,-3.2177145958744826,-3.255625905920108,-3.2908623255111293,-3.3231250733243245
-0.172966803116017,-0.16497009958144987,-0.15967657663830384,-0.15657619915743878,-0.15534066261263327,-0.15574616477880004,-0.15763325118126392,-0.16088424549219862,-0.16540976595874407,-0.17114026667457713,-0.17802051287681936,-0.18600584882305435,-0.19505960280144707,-0.2051512378641538,-0.2162550050977765,-0.22834894400639622,-0.24141412786341052,-0.25543408538462364,-0.2703943511057523,-0.28628211167843076,-0.3030859241926049,-0.3207954894487259,-0.33940146755524664,-0.35889532645296873,-0.3792692163818018,-0.40051586461602356,-0.422628486661453,-0.44560071040767557,-0.4694265107405032,-0.49410015264647633,-0.5196161411113662,-0.545969176503245,-0.5731541143923057,-0.6011659288936482,-0.629999678755908,-0.6596504755837939,-0.69011345371833,-0.7213837411520648,-0.7534564311840106,-0.7863265543643906,-0.8199890504081008,-0.8544387397328529,-0.8896702943099744,-0.9256782075161178,-0.9624567626782666,-1.0000000000000004,-1.038301681547951,-1.077355253962102,-1.1171538085384467,-1.1576900383150854,-1.19895619173665,-1.2409440224930823,-1.283644735057178,-1.3270489253440882,-1.3711465160402532,-1.4159266859373998,-1.4613777924755045,-1.5074872870047094,-1.5542416218033717,-1.6016261477567892,-1.6496250022023389,-1.6982209855217911,-1.7473954249938202,-1.7971280254867994,-1.8473967048843754,-1.8981774122693522,-1.949443928686767,-2.0011676473478888,-2.053317330742899,-2.1058588450493234,-2.1587548671694416,-2.2119645613258183,-2.2654432264012163,-2.319141908426997,-2.373006974458497,-2.4269796479369496,-2.480995500065923,-2.5349838986762503,-2.5888674066538155,-2.642561131380365,-2.6959720246007666,-2.7489981267126757,-2.801527765658353,-2.8534386998496215,-2.9045972213123545,-2.9548572177784735,-3.004059203407669,-3.0520293413763477,-3.0985784631383897,-3.143501117317114,-3.186574680222253,-3.2275585673412097,-3.266193592644376,-3.3022015396153166,-3.33528501704083
-0.16932297844511804,-0.16159313384552496,-0.1565260278161966,-0.15362252297086582,-0.15256131267199002,-0.15312335435636865,-0.15515257759153656,-0.1585337985637542,-0.16317952532108737,-0.1690216799761945,-0.17600619201960221,-0.18408934581464267,-0.19323524090206318,-0.20341398208550038,-0.2146003613246904,-0.2267728793380421,-0.23991300695455658,-0.25400461903124005,-0.2690335543426308,-0.28498726934726004,-0.3018545624533123,-0.3196253520689592,-0.33829049608188727,-0.357841643569537,-0.3782711119017549,-0.39957178368848506,-0.4217370198385043,-0.44476058530253404,-0.4686365850573787,-0.49335940840313525,-0.5189236799128869,-0.5453242157528627,-0.572555984346598,-0.6006140704890017,-0.6294936421502012,-0.6591899193695422,-0.6896981447719059,-0.7210135550999547,-0.7531313534702433,-0.7860466819141225,-0.8197545938881927,-0.8542500264175598,-0.8895277715660177,-0.9255824469276364,-0.9624084648381331,-1.0000000000000004,-1.0383509552063932,-1.0774549248337295,-1.1173051557579003,-1.1578945053315932,-1.1992153960056189,-1.2412597661963658,-1.2840190169318006,-1.3274839537101828,-1.371644723123152,-1.416490743590221,-1.4620106294234865,-1.5081921077324512,-1.5550219272231578,-1.6024857578156906,-1.650568080577456,-1.6992520665786894,-1.7485194432072078,-1.7983503474993132,-1.8487231644177702,-1.8996143481290777,-1.950998226051765,-2.0028467825939322,-2.055129420071679,-2.107812697102431,-2.1608600398868054,-2.214231423316747,-2.2678830229434754,-2.3217668322747316,-2.3758302416233663,-2.4300155784462154,-2.484259603681237,-2.538492965327623,-2.592639601330753,-2.646616092934804,-2.70033096763519,-2.753683945518262,-2.806565138614521,-2.8588541923814215,-2.9104193848189737,-2.961116681256712,-3.010788753693193,-3.0592639870539102,-3.1063554758127365,-3.151860042957153,-3.19555731160169,-3.2372088674644663,-3.2765575568305945,-3.3133269829518164,-3.3472212716547496
-0.16576062716621287,-0.15829213254776084,-0.1534467473581121,-0.15073600988556968,-0.14984546955060757,-0.15056074748213005,-0.15272908939293947,-0.15623775420923425,-0.16100110220925226,-0.166952494459976,-0.17403900174193784,-0.18221783004433217,-0.19145383504343427,-0.20171775074489143,-0.21298489942283905,-0.2252342340155266,-0.2384476151566115,-0.25260925709226434,-0.2677052968930189,-0.28372345554228234,-0.30065276802747976,-0.31848336607411143,-0.33720630143080993,-0.3568134007028381,-0.3772971450390311,-0.39865056924852565,-0.4208671766847841,-0.443940866548569,-0.46786587121701745,-0.49263670171035623,-0.5182480996723122,-0.5446949946090769,-0.571972465381326,-0.6000757050744814,-0.6289999885037156,-0.658740641766172,-0.6892930133808407,-0.7206524464255826,-0.7528142513824868,-0.785773679263065,-0.819525894703815,-0.8540659487025548,-0.8893887506956923,-0.9254890396770332,-0.9623613540624077,-1.0000000000000004,-1.038399017817381,-1.0775521462814013,-1.117452784332162,-1.1580939499349143,-1.199468235640683,-1.2415677604638193,-1.2843841176168578,-1.3279083175476574,-1.3721307258348368,-1.4170409952998326,-1.4626279915691212,-1.5088797115968418,-1.5557831942188876,-1.6033244216818272,-1.65148821163669,-1.7002580982294686,-1.749616200849255,-1.7995430800694503,-1.850017578751004,-1.9010166463867724,-1.9525151464124997,-2.0044856434586444,-2.0568981680594276,-2.1097199590247318,-2.1629151789685688,-2.2164445999425766,-2.270265260062193,-2.3243300856617664,-2.3785874751882603,-2.4329808446193795,-2.487448128900551,-2.541921240424489,-2.5963254766115336,-2.6505788774769066,-2.704591532048858,-2.758264827233404,-2.8114906482068194,-2.864150519168839,-2.9161146992773874,-2.9672412311513976,-3.017374950040698,-3.066346475148396,-3.113971185260793,-3.160048209656708,-3.2043594629390193,-3.2466687608323914,-3.2867210593862146,-3.324241879462999,-3.3589369849995996
-0.16227792759077303,-0.15506537684151606,-0.15043710499170718,-0.14791510799745733,-0.1471916520645654,-0.1480569277511968,-0.1503614302095247,-0.15399481219274025,-0.15887324927981405,-0.16493151291701613,-0.172117792593471,-0.18039019774813414,-0.18971432532160393,-0.2000615261742571,-0.2114076425047074,-0.2237320706195463,-0.23701705332894166,-0.25124713762306716,-0.2664087530198673,-0.28248987982975504,-0.29947978495646416,-0.3173688092220086,-0.3361481943820453,-0.3558099410210394,-0.3763466907727399,-0.39775162756326504,-0.4200183942847281,-0.4431410216275501,-0.46711386672815614,-0.49193155978236547,-0.5175889570363683,-0.5440810989265029,-0.5714031723829166,-0.5995504764411752,-0.6285183904345985,-0.6583023441916718,-0.6888977897871689,-0.7203001742718942,-0.7525049130955579,-0.7855073638045876,-0.8193027997111189,-0.8538863832105628,-0.8892531384538676,-0.9253979230810897,-0.9623153987263675,-1.0000000000000004,-1.0384459016445438,-1.0776469835472096,-1.117596793276004,-1.158288505789772,-1.1997148799207134,-1.2418682112436599,-1.2847402808803665,-1.3283222996944708,-1.3726048474376107,-1.4175778062162352,-1.4632302875271683,-1.5095505523729515,-1.556525923544705,-1.6041426890349817,-1.6523859960641636,-1.701239734377378,-1.7506864073966142,-1.800706990743673,-1.8512807761405172,-1.9023851987931226,-1.9539956479409248,-2.0060852576015624,-2.0586246750528034,-2.1115818071734336,-2.164921540216464,-2.2186054299759106,-2.272591363095483,-2.3268331841235157,-2.3812802845151917,-2.435877153222183,-2.490562883356631,-2.545270635740497,-2.599927051403033,-2.6544516136465113,-2.7087559582887755,-2.762743125502659,-2.8163067617976596,-2.8693302607237627,-2.9216858564385353,-2.973233666908257,-3.0238206940793724,-3.0732798016195733,-3.1214286711605412,-3.168068766981579,-3.2129843361449586,-3.2559414799248714,-3.2966873368178478,-3.334949437847888,-3.3704353003517267
-0.15887309876196176,-0.1519111872174576,-0.1474955085425883,-0.14515830236188437,-0.14459841491945424,-0.14561051362651975,-0.14804827754651123,-0.15180370519895664,-0.15679475116930874,-0.16295756919342963,-0.17024144526657972,-0.17860537440299223,-0.18801568018066475,-0.19844431816846325,-0.20986764026751767,-0.22226547744360056,-0.2356204471775329,-0.2499174226647853,-0.26514312011600305,-0.2812857740545485,-0.29833487871327075,-0.31628097985912373,-0.33511550546488245,-0.3548306266054139,-0.3754191421617688,-0.3968743821486512,-0.41919012614253776,-0.44236053361330224,-0.46638008386464647,-0.49124352377170116,-0.5169458217627442,-0.5434821268420884,-0.570847731689426,-0.5990380389981801,-0.6280485303415659,-0.657874737002383,-0.6885122123232674,-0.7199565050172984,-0.752203133156852,-0.7852475584325551,-0.819085160384208,-0.8537112102879403,-0.889120844411565,-0.9253090363506563,-0.9622705681611642,-1.0000000000000004,-1.0384916379763265,-1.077739499901878,-1.1177372786139026,-1.158478302527124,-1.1999554930209593,-1.24216131828235,-1.285087743160265,-1.3287261744980452,-1.373067401508703,-1.4181015305737965,-1.463817913728271,-1.510205070343473,-1.5572506011125742,-1.604941093319777,-1.6532620168712207,-1.7021976097693914,-1.751730751639347,-1.8018428248041496,-1.8525135609532613,-1.9037208715371108,-1.9554406615292326,-2.007646623640597,-2.0603100105542365,-2.113399385222481,-2.166880344879293,-2.220715215743665,-2.274862719029553,-2.3292776029358544,-2.3839102368124863,-2.4387061670042196,-2.493605628857338,-2.54854301549573,-2.6034462954413957,-2.6582363794441086,-2.7128264348859266,-2.767121141020293,-2.8210158930655016,-2.8743959435076696,-2.92713549407921,-2.9790967346026576,-3.030128835293549,-3.0800669122328044,-3.128730965782398,-3.1759248208313418,-3.221435094282098,-3.2650302243912077,-3.306459600136553,-3.3454528500689933,-3.3817193545202344
-0.1555443995439018,-0.14882792258359517,-0.14462040300830875,-0.14246411406461676,-0.14206434778106886,-0.14322015751184564,-0.14578834186781967,-0.14966319791736932,-0.15476442358705556,-0.1610295272935302,-0.16840886971150748,-0.17686231385532503,-0.1863568955560414,-0.1968651631445486,-0.2083639681695298,-0.22083356768836915,-0.23425694646837353,-0.2486192974775601,-0.26390761795800316,-0.28011039161537127,-0.29721733549978957,-0.31521919624043704,-0.3341075843009197,-0.3538748378171099,-0.37451390973576787,-0.3960182731851265,-0.41838184162297354,-0.4415989006380524,-0.46566404915776666,-0.4905721482878916,-0.516318276265532,-0.5428976883477071,-0.5703057806906809,-0.5985380574006882,-0.6275901000603421,-0.657457539178205,-0.6881360271262583,-0.7196212120197122,-0.7519087122604977,-0.7849940913460753,-0.8188728326509919,-0.8535403138721718,-0.8889917808556599,-0.9252223205231516,-0.9622268326197457,-1.0000000000000004,-1.0385362571607564,-1.0778297567150166,-1.1178743334865349,-1.1586634658876862,-1.200190234194416,-1.2424472753446596,-1.2854267338240368,-1.3291202081153477,-1.3735186922817155,-1.4186125120749877,-1.4643912548459028,-1.5108436927697935,-1.5579576985083736,-1.6057201523076543,-1.6541168400050932,-1.7031323406522996,-1.752749902385078,-1.8029513060214788,-1.8537167144683386,-1.9050245060967146,-1.9568510916895048,-2.009170712100225,-2.0619552142178845,-2.115173805205066,-2.168792780740253,-2.2227752242568624,-2.2770806776678922,-2.3316647783197944,-2.386478858370074,-2.4414695059588474,-2.496578082662902,-2.5517401976426424,-2.6068851305763108,-2.661935203501321,-2.716805099697824,-2.771401122728601,-2.825620403140266,-2.879350040982994,-2.9324661969456556,-2.9848331277491127,-3.036302171669276,-3.086710703011519,-3.135881054214506,-3.1836194334030385,-3.2297148612321287,-3.273938160386795,-3.3160410338322195,-3.355755289937063,-3.39279227602166
-0.15229012773130635,-0.1458139793676948,-0.1418102696564372,-0.1398310993182831,-0.13958807437277626,-0.14088454485232563,-0.14358036570204946,-0.1475720861555539,-0.15278111243752857,-0.1591462805129003,-0.1666190042816036,-0.17515999747977984,-0.18473699404798272,-0.19532312333107238,-0.20689572663626443,-0.21943547868574204,-0.2329257242701418,-0.24735196980266078,-0.2627014879884673,-0.2789630067678483,-0.2961264615712831,-0.314182795875889,-0.33312379897300043,-0.3529419726890512,-0.3736304209104662,-0.3951827569567879,-0.4175930254147628,-0.44085563538047406,-0.46496530290927884,-0.48991700093589324,-0.5157059151794082,-0.5423274048804455,-0.5697769674450336,-0.5980502061935788,-0.6271428005344624,-0.657050478021001,-0.6877689878644163,-0.7192940753713908,-0.7516214570310441,-0.7847467958625044,-0.8186656767359911,-0.8533735813649819,-0.8888658626928377,-0.9251377183979284,-0.962184163244226,-1.0000000000000004,-1.0385797886387316,-1.0779178135223937,-1.1180080482527566,-1.1588441178593758,-1.2004192579455177,-1.2427262704244235,-1.2857574754173817,-1.3295046588003385,-1.3739590149737373,-1.41911108425806,-1.464950684205508,-1.5114668343434983,-1.5586476734866435,-1.6064803686357179,-1.654951014932653,-1.704044525402108,-1.7537445091346915,-1.8040331373772167,-1.8548909956467483,-1.9062969200560673,-1.9582278174182561,-2.0106584663230964,-2.0635612968076424,-2.116906148516968,-2.1706600031640395,-2.224786688299354,-2.279246552758792,-2.3339961086041874,-2.3889876357528346,-2.444168748541581,-2.4994819187225445,-2.5548639551127184,-2.6102454320179485,-2.6655500663166225,-2.720694041119588,-2.7755852689887806,-2.8301226017161882,-2.884194974647671,-2.9376804976869817,-2.990445488108151,-3.0423434503466793,-3.0932140207047376,-3.1428818746130336,-3.1911556231903666,-3.2378267214093217,-3.282668419966703,-3.3254347949149743,-3.3658599117718557,-3.403657183337867
-0.14910861917901805,-0.14286779064149469,-0.13906362514601048,-0.13725784858353116,-0.1371682515986837,-0.13860239326182605,-0.14142312277588454,-0.14552919598046243,-0.1508436929711542,-0.15730675060018656,-0.16487081490747224,-0.17349743336697132,-0.18315502412401533,-0.19381728598630948,-0.20546204029537526,-0.21807037115122205,-0.2316259762249179,-0.24611466915221836,-0.2615239926254258,-0.27784291395419963,-0.29506158258688553,-0.31317113490220816,-0.3321635354188393,-0.35203144634180034,-0.37276811942618215,-0.3943673053129311,-0.41682317701554816,-0.44013026457439447,-0.46428339872423835,-0.4892776618733383,-0.5151083449416524,-0.5417709089297236,-0.5692609503119204,-0.5975741694697563,-0.626706341499741,-0.6566532888655544,-0.6874108554749921,-0.718974881664008,-0.7513411798162114,-0.7845055102383002,-0.8184635570097494,-0.8532109035107887,-0.8887430073575964,-0.925055174474363,-0.9621425320346295,-1.0000000000000004,-1.038622260975909,-1.0780037280903711,-1.1181385105872836,-1.159020376808966,-1.2006427141965297,-1.242998485946461,-1.286080183902475,-1.329879777179415,-1.3743886560988294,-1.4195975708494473,-1.4654965641767062,-1.512074897619256,-1.5593209704450233,-1.6072222303235666,-1.6557650752004405,-1.7049347451280097,-1.7547152027309127,-1.8050890017576293,-1.8560371418707244,-1.9075389078906326,-1.959571693027474,-2.012110803346706,-2.0651292411188913,-2.1185974668824348,-2.1724831361054644,-2.226750807477228,-2.281361623082947,-2.3362729553481745,-2.391438016953673,-2.446805432848563,-2.5023187688719553,-2.557916017025236,-2.613529029547809,-2.669082901457377,-2.724495299264415,-2.7796757287250324,-2.8345247481424893,-2.8889331150529554,-2.9427808777781825,-2.995936406490018,-3.048255368277264,-3.099579663268468,-3.149736318476007,-3.1985363650166208,-3.245773719518311,-3.291224100534106,-3.3346440120215495,-3.3757698491370154,-3.41431718325555
-0.1459982469510107,-0.1399878252661556,-0.13637902067169683,-0.13474298571412477,-0.13480356869176408,-0.13637245167602524,-0.13931541717395085,-0.1435333828866795,-0.14895106896246285,-0.15550988694651224,-0.1631632942988903,-0.17187365553903738,-0.1816100593491716,-0.19234676264409084,-0.20406205723895846,-0.2167374284634843,-0.23035691984570547,-0.2449066461253584,-0.2603744145976773,-0.2767494271583281,-0.29402204298493984,-0.3121835874789585,-0.33122619684820653,-0.35114269042227697,-0.37192646480844915,-0.3935714051509362,-0.416071810237367,-0.4394223285371894,-0.4636179030626178,-0.48865372338569485,-0.5145251833911472,-0.5412278436604423,-0.5687573975994642,-0.5971096405425214,-0.6262804411817381,-0.6562657148024676,-0.6870613979128933,-0.718663423763488,-0.7510676984882607,-0.7842700774973376,-0.8182663418445272,-0.8530521742802322,-0.8886231347240943,-0.9249746348925351,-0.9621019118189452,-1.0000000000000004,-1.0386637018932547,-1.0780875564776458,-1.1182658055742931,-1.1591923576082486,-1.2008607484470024,-1.2432640989600847,-1.286395068886325,-1.3302458065154306,-1.3748078937685462,-1.4200722861016386,-1.466029246549378,-1.5126682734299843,-1.55997802087935,-1.6079462112691623,-1.6565595389721024,-1.7058035642521416,-1.7556625959810568,-1.8061195626200084,-1.857155869654077,-1.9087512417218577,-1.9608835489436758,-2.0135286147467006,-2.066660002865601,-2.120248783284265,-2.1742632730812588,-2.2286687492305624,-2.283427133502787,-2.3384966444250064,-2.3938314125079105,-2.4493810577566393,-2.5050902239930593,-2.5608980698594745,-2.616737708694669,-2.672535596729223,-2.728210867114287,-2.7836746025424857,-2.8388290524922457,-2.8935667828046148,-2.9477697684325657,-3.001308423554697,-3.0540405728853246,-3.105810380359819,-3.1564472309392233,-3.205764590099667,-3.2535588603542376,-3.299608264341491,-3.3436717845845108,-3.385488213647058,-3.4247753692856495
-0.14295742048841936,-0.13717258705839594,-0.13375504113002085,-0.13228516712524319,-0.13249274638612374,-0.13419349953041748,-0.13725608252418792,-0.1415835309906592,-0.14710217191456143,-0.1537546658014361,-0.16149546117339314,-0.17028772319189212,-0.18010119764285348,-0.19091068838613856,-0.20269494831214208,-0.21543585596993223,-0.2291177938396027,-0.24372717174957925,-0.2592520563049134,-0.2756818792851842,-0.29300720538205627,-0.3112195452077089,-0.3303112031825951,-0.3502751525642823,-0.37110493184973414,-0.3927945579194976,-0.4153384527316978,-0.43873138071693885,-0.46296839480885543,-0.48804478947848823,-0.5139560593835524,-0.540697862551388,-0.5682659872263949,-0.5966563216313014,-0.6258648260055969,-0.6558875064124229,-0.6867203899096959,-0.7183595005941131,-0.7508008362535618,-0.7840403452663226,-0.8180739034759702,-0.8528972907585312,-0.8885061670216554,-0.9248960473763691,-0.9620622762244231,-1.0000000000000004,-1.0387041382963276,-1.078169353094426,-1.1183900157971383,-1.1593601717549629,-1.2010735019266232,-1.2435232813246135,-1.2867023338397108,-1.3306029829608494,-1.3752169979801174,-1.420535535117224,-1.4665490728944153,-1.5132473412851475,-1.5606192438203452,-1.6086527717247316,-1.657334909544306,-1.7066515310662569,-1.7565872842551464,-1.8071254646328296,-1.858247875324868,-1.9099346720426997,-1.9621641924764328,-2.014912767448316,-2.0681545115343103,-2.1218610928596298,-2.1760014781066284,-2.230541649809116,-2.2854442959751275,-2.340668467068803,-2.3961691965705127,-2.4518970840265024,-2.507797835137467,-2.5638117585916445,-2.6198732118767984,-2.6759099953138143,-2.7318426916417424,-2.7875839438195746,-2.8430376766098355,-2.898098249547622,-2.9526495515034394,-3.0065640306078065,-3.059701662732705,-3.1119088738427783,-3.1630174110928775,-3.2128431861473308,-3.261185108643427,-3.3078239380426644,-3.352521182062333,-3.395018093844548,-3.435034820160995
-0.1399845847961717,-0.13442061397677924,-0.131190304307024,-0.1298830809842781,-0.1302345361126367,-0.13206434596238467,-0.13524398120784148,-0.13967855225000472,-0.1452959602889508,-0.1520400895144507,-0.15986635951049544,-0.16873871996311662,-0.17862756056125778,-0.18950822113981036,-0.2013599064268627,-0.2141648803171546,-0.2279078574555297,-0.24257553684628563,-0.25815623920154906,-0.27463962156333965,-0.2920164499948395,-0.31027841657329036,-0.3294179905163568,-0.34942829586983853,-0.370303010111284,-0.39203627914126604,-0.4146226455331711,-0.43805698725747144,-0.46233446485849156,-0.4874504754857844,-0.513400612421889,-0.5401806290481743,-0.5677864063976109,-0.596213923560099,-0.6254592303176629,-0.6555184215112605,-0.6863876127424902,-0.7180629169314606,-0.750540421469964,-0.7838161656169618,-0.8178861178704635,-0.852746153038434,-0.8883920287537548,-0.9248193611791206,-0.9620235996500539,-1.0000000000000004,-1.0387435963033547,-1.0782491707591726,-1.1185112214243704,-1.1595239274887519,-1.2012811117417896,-1.243776199887273,-1.2870021763071533,-1.3309515358005561,-1.3756162308928896,-1.4209876141597713,-1.4670563749098573,-1.5138124697529838,-1.561245046252763,-1.6093423587536453,-1.6580916758421367,-1.7074791782663943,-1.7574898460605386,-1.8081073342909515,-1.859313835681682,-1.9110899284153398,-1.9634144085577208,-2.016264104507346,-2.069613671206441,-2.1234353637631247,-2.1776987865980626,-2.2323706152134544,-2.287414290528629,-2.3427896808857245,-2.398452707957599,-2.4543549353702963,-2.510443114614917,-2.5666586877977617,-2.6229372395115313,-2.679207896875866,-2.7353926749034954,-2.7914057597754556,-2.847152735137324,-2.9025297389344566,-2.957422560374887,-3.0117056703919083,-3.0652411881861408,-3.117877798304569,-3.1694496123175497,-3.219774997481549,-3.268655388922727,-3.3158741122935274,-3.3611952432282286,-3.404362554145427,-3.44509859841035
-0.13707821964780673,-0.1317304773276344,-0.12868346008675166,-0.12753544642343734,-0.1280277192171877,-0.1299838290365194,-0.13327800359321113,-0.13781738570688035,-0.1435314187597405,-0.1503651858010407,-0.15827505783054235,-0.16722575322446787,-0.1771882926043276,-0.18813854100020735,-0.20005614589977783,-0.21292374880523107,-0.22672638985546106,-0.241451051419435,-0.2570863032032239,-0.27362202296974786,-0.2910491740832763,-0.30935962640615156,-0.3285460105983383,-0.34860159841039723,-0.36952020344418035,-0.39129609795400766,-0.41392394262108,-0.4373987265804654,-0.4617157157210941,-0.4868704076941707,-0.5128584923018067,-0.5396758162300334,-0.567318351292733,-0.5957821654680577,-0.6250633961183193,-0.655158224905358,-0.6860628540120894,-0.7177734832037455,-0.7502862874715956,-0.7835973949145608,-0.8177028645978974,-0.8525986641175418,-0.8882806466203154,-0.9247445270310908,-0.9619858572401764,-1.0000000000000004,-1.0387821012721579,-1.0783270607530144,-1.1186295002922444,-1.1596837299023826,-1.2014837110162018,-1.2440230166538522,-1.2872947881083538,-1.3312916876848204,-1.376005847093583,-1.4214288109521673,-1.4675514747531198,-1.5143640168274315,-1.561855823517821,-1.610015406669163,-1.6588303128949404,-1.7082870234665621,-1.7583708435941496,-1.8090657805069974,-1.8603544086246995,-1.9122177201423411,-1.964634960453406,-2.017583445861998,-2.0710383613503174,-2.1249725379984596,-2.179356206243828,-2.2341567221029557,-2.289338266207511,-2.34486151083098,-2.400683251153626,-2.456755999485021,-2.5130275370479938,-2.5694404227236545,-2.6259314510932814,-2.6824310586404563,-2.7388626751066787,-2.7951420125130513,-2.8511762965201752,-2.9068634275771625,-2.9620910808415224,-3.016735737872844,-3.0706616520865175,-3.123719761581634,-3.1757465426382936,-3.2265628251897907,-3.2759725854557806,-3.3237617413997427,-3.369696975515769,-3.4135246338505745,-3.4549697490071245
-0.13423683880807244,-0.12910078099010483,-0.1262331896799797,-0.1252410127735007,-0.12587110620080422,-0.12795081499242617,-0.1313570672923311,-0.13599899675469412,-0.1418075574913657,-0.14872900703237835,-0.1567206484972457,-0.16574795339803988,-0.17578256054625208,-0.18680084957565918,-0.19878290181332317,-0.21171172876489378,-0.2255726895081751,-0.24035304406631125,-0.2560416061149991,-0.27262846967572646,-0.29010479141483636,-0.30846261536488073,-0.3276947303331063,-0.3477945527470282,-0.36875602952873643,-0.39057355666944105,-0.4132419104978798,-0.43675618898382557,-0.4611117611387232,-0.4863042229815188,-0.5123293587708564,-0.5391831064898093,-0.5668615267670424,-0.5953607745315752,-0.6246770728055135,-0.654806688156824,-0.685745907430159,-0.7174910153011687,-0.7500382724007367,-0.7833838936727471,-0.8175240267095861,-0.8524547297997942,-0.8881719494431589,-0.9246714970894655,-0.9619490248591556,-1.0000000000000004,-1.0388196778259875,-1.0784030728719576,-1.1187449279838744,-1.1598396810484557,-1.2016814290257631,-1.2442638889524615,-1.2875803555315022,-1.331623654852879,-1.3763860938508952,-1.4218594049630109,-1.4680346853599584,-1.514902330280461,-1.5624519596997026,-1.6106723374558913,-1.6595512822935126,-1.709075569692404,-1.759230823273294,-1.810001395180006,-1.8613702337626952,-1.9133187369124303,-1.9658265904480903,-2.0188715890569005,-2.0724294375842036,-2.126473532220115,-2.1809747178434984,-2.2359010186720596,-2.291217341982878,-2.3468851501530215,-2.402862097285562,-2.4591016290530123,-2.5155525403943195,-2.5721584903232273,-2.6288574662410125,-2.6855811964414626,-2.7422545076484535,-2.7987946200382896,-2.8551103839926366,-2.911101445983289,-2.9666573519770982,-3.0216565810206966,-3.0759655104193557,-3.1294373252942638,-3.1819108650955634,-3.2332094273022043,-3.283139542184466,-3.331489743009335,-3.378029354419249,-3.4225073462215585,-3.464651298090867
-0.13145898927290622,-0.12653016065983852,-0.1238382048726132,-0.12299855881808713,-0.12376353598098025,-0.12596419751425095,-0.12948011643979168,-0.13422237642722162,-0.1401234114389442,-0.14713062954776845,-0.15520224704299634,-0.16430447329515319,-0.17440955278857717,-0.18549436935564134,-0.19753942939896624,-0.21052810695659682,-0.22444607360457267,-0.2392808614094874,-0.25502152308032044,-0.27165836451324527,-0.2891827317483808,-0.3075868394380072,-0.3268636313008917,-0.34700666546873976,-0.368010019431412,-0.3898682103489534,-0.4125761277839037,-0.4361289762555914,-0.46052222571922197,-0.4857515684698463,-0.511812881201114,-0.5387021912265433,-0.5664156460642268,-0.5949494856974207,-0.624300016928472,-0.6544635893580425,-0.6854365726148426,-0.7172153343928949,-0.7497962190464319,-0.7831755264140254,-0.8173494906210945,-0.8523142586009215,-0.8880658680944599,-0.9246002248901765,-0.9619130790670826,-1.0000000000000004,-1.0388563498783117,-1.0784772554769888,-1.1188575779052032,-1.159991880041822,-1.2018743913280596,-1.244498969590716,-1.2878590595188413,-1.331947647347581,-1.3767572113599547,-1.4222796676816194,-1.468506310750799,-1.5154277480005007,-1.5630338279968599,-1.6113135611747489,-1.6602550326294905,-1.7098453058557597,-1.7600703162461138,-1.8109147537423669,-1.8623619329970464,-1.9143936494220304,-1.966990020504489,-2.0201293099404736,-2.073787732411603,-2.127939238506241,-2.1825552761178124,-2.2376045254960557,-2.2930526076329607,-2.34886176130621,-2.404990485065312,-2.4613931427107154,-2.5180195269373935,-2.574814380266062,-2.6317168657161507,-2.688659985742009,-2.7455699461297045,-2.80236545725608,-2.8589569765431593,-2.9152458794758505,-2.9711235669918703,-3.026470501585033,-3.081155172985898,-3.135033005388962,-3.187945198131805,-3.239717518993046,-3.290159062713821,-3.3390609978483745,-3.3861953229468433,-3.4313136776186246,-3.4741462517596866
-0.12874325052640828,-0.12401728311084123,-0.1214972472932032,-0.12080689206781829,-0.12170387517351727,-0.12402289702121623,-0.1276461209929361,-0.13248654070936944,-0.13847803967044436,-0.1455691529889887,-0.15371899151607937,-0.16289448747708463,-0.17306847873503078,-0.1842183431002211,-0.1963250034417489,-0.20937218899058566,-0.22334587749366305,-0.23823386754907896,-0.2540254460498583,-0.270711126460642,-0.2882824403370169,-0.3067317694642366,-0.3260522092954273,-0.3462374567481256,-0.3672817171784628,-0.3891796263954366,-0.4119261848275616,-0.43551670130267106,-0.4599467445836555,-0.48521210119163216,-0.511308738274546,-0.5382327705500651,-0.5659804305403859,-0.5945480414263493,-0.6239319919511268,-0.6541287129151354,-0.6851346548944923,-0.7169462667512988,-0.7495599746895265,-0.7829721615358921,-0.8171791459997434,-0.8521771616576747,-0.8879623354280608,-0.924530665301688,-0.9618779970964478,-1.0000000000000004,-1.0388921406566167,-1.0785496555421732,-1.1189675213579304,-1.1601404231579062,-1.2020627198866687,-1.2447284070066562,-1.288131075844851,-1.332263869221516,-1.3771194329770957,-1.4226898628821825,-1.4689666463250115,-1.515940598317598,-1.563601791078828,-1.6119394763521986,-1.660941999917763,-1.7105967072109878,-1.760889838882516,-1.8118064156860223,-1.8633301110837721,-1.9154431099736156,-1.9681259528984543,-2.021357363336813,-2.075114055930003,-2.1293705251040143,-2.184098810490093,-2.2392682363476637,-2.294845124593515,-2.350792476833188,-2.4070696217016128,-2.463631825986932,-2.5204298642471894,-2.5774095459154123,-2.634511192411903,-2.6916690626277586,-2.7488107233435293,-2.805856356943584,-2.8627180098602225,-2.9192987690974728,-2.9754918740786453,-3.0311797558640876,-3.086233004074207,-3.1405092726876944,-3.1938521159925672,-3.2460897728050018,-3.2970339103288357,-3.3464783494979278,-3.39419779112461,-3.4399465866989467,-3.4834575949317483
-0.126088233814429,-0.1215608454750298,-0.11920908769905038,-0.11866484805378265,-0.11969101739423829,-0.12212585997847317,-0.12585407605270665,-0.13079052986882062,-0.1368705247098772,-0.1440436996557174,-0.1522700418489671,-0.16151719163679853,-0.17175856818721225,-0.18297203325017664,-0.19513891770526212,-0.20824329876711145,-0.22227145413836408,-0.23721144353444304,-0.2530527832693878,-0.26978619014694005,-0.2874033774490869,-0.3058968906703225,-0.3252599738788992,-0.34548645991357696,-0.36657067934558457,-0.3885073841605253,-0.41129168333032984,-0.4349189877937346,-0.45938496302726006,-0.48468548776897485,-0.5108166176805324,-0.5377745529970445,-0.5655556093987796,-0.5941561914467264,-0.6235727680248085,-0.6538018493399241,-0.68483996511912,-0.7166836435831451,-0.7493293909538249,-0.7827736711822475,-0.8170128856565717,-0.8520433526406563,-0.887861286213516,-0.9244627744806214,-0.9618437568297403,-1.0000000000000004,-1.038927072725258,-1.0786203187008407,-1.119074827609547,-1.160285403927129,-1.2022465331905452,-1.2449523454137,-1.2883965752873963,-1.3325725187350175,-1.3774729854454066,-1.4230902468775612,-1.4694159791436927,-1.516441200315924,-1.564156201429208,-1.6125504703544655,-1.66161260800267,-1.7113302357938778,-1.7616898932464953,-1.812676925068853,-1.8642753561745695,-1.9164677530518999,-1.9692350708306967,-2.022556483693185,-2.0764091965141853,-2.1307682371485943,-2.1856062258403965,-2.240893118985577,-2.296595926779568,-2.352678400218139,-2.409100683782544,-2.4658189322116533,-2.522784886111589,-2.5799454052775874,-2.637241952314885,-2.6946100247738682,-2.7519785322391983,-2.8092691107013015,-2.8663953772589106,-2.9232621124988705,-2.979764377247445,-3.035786555467605,-3.091201323129723,-3.145868553443185,-3.1996341491410405,-3.2523288188950406,-3.3037668080415155,-3.353744604210492,-3.402039635549429,-3.4484090036731887,-3.4925882902739454
-0.12349258143439815,-0.11915957453904003,-0.11697252528038016,-0.11657128963973111,-0.11772388257995195,-0.12027205822760509,-0.1241030012044374,-0.12913340780782884,-0.13529997190075632,-0.14255341388127107,-0.15085457924689522,-0.16017180200087286,-0.17047907076033236,-0.18175472135697018,-0.19398048437623025,-0.20714077793596802,-0.221222173590299,-0.2362129868545116,-0.25210295878590805,-0.2688830053739786,-0.286545017906513,-0.3050817022258138,-0.3244864479532674,-0.34475322103733613,-0.36587647466284917,-0.3878510745665579,-0.4106722359858731,-0.4343354698156341,-0.45883653619329534,-0.48417140410501364,-0.510336215824999,-0.5373272552579805,-0.5651409194348297,-0.5937736925177065,-0.6232221217697774,-0.6534827950500048,-0.6845523194792211,-0.7164273008673778,-0.7491043236630893,-0.782579931119863,-0.8168506054425512,-0.8519127476705869,-0.8877626570727352,-0.924396509829129,-0.9618103367779328,-1.0000000000000004,-1.038961168007411,-1.0786892892899524,-1.1191795639606075,-1.1604269132256113,-1.2024259463687097,-1.2451709249398963,-1.2886557237921625,-1.3328737885464208,-1.3778180891114735,-1.4234810687632102,-1.4698545882014746,-1.5169298641341997,-1.5646974016754474,-1.613146919747412,-1.6622672689487126,-1.7120463408439193,-1.7624709675506616,-1.813526811002122,-1.86519824033777,-1.9174681958788184,-1.9703180390162067,-2.023727385704157,-2.0776739214751805,-2.1321331973567816,-2.187078403233502,-2.242480115916102,-2.298306021379626,-2.3545206067120423,-2.411084818129756,-2.4679556833965464,-2.525085893439658,-2.5824233419236777,-2.639910615439937,-2.6974844323863625,-2.755075026862231,-2.8126054698824774,-2.86999093058857,-2.9271378648118014,-2.9839431371487164,-3.0402930680730065,-3.096062405424706,-3.1511132298994458,-3.2052937846849443,-3.2584372453004633,-3.3103604386666325,-3.360862530764132,-3.4097236989889494,-3.45670382961838,-3.5015412771957983
-0.12095496604103326,-0.1168122260578463,-0.11478638698208513,-0.11452510635244241,-0.1158014163280621,-0.11846048833613707,-0.12239193987791616,-0.1275142614344555,-0.1337655087890942,-0.14109746142790208,-0.1494718055959587,-0.15885755475084606,-0.16922925531822186,-0.1805657075317893,-0.19284903352792002,-0.20606398537456877,-0.22019742248281127,-0.23523791094598667,-0.2511754119712363,-0.2680010366556021,-0.28570685063976053,-0.3042857168139529,-0.3237311673472478,-0.3440372985387008,-0.3651986836342603,-0.3872102997426077,-0.410067466132673,-0.433765791542746,-0.45830112875922163,-0.4836695350870621,-0.509867237550633,-0.5368906019146332,-0.5647361047909079,-0.5934003082015296,-0.6228798360651907,-0.6531713521765624,-0.6842715393316247,-0.7161770791992194,-0.7488846327036098,-0.7823908206196666,-0.8166922041488552,-0.8517852652378448,-0.8876663864191073,-0.9243318299539389,-0.961777716059808,-1.0000000000000004,-1.0389944478061617,-1.0787566103927255,-1.1192817958093684,-1.16056503936233,-1.202601071300456,-1.2453842817617529,-1.2889086826306908,-1.3331678658949289,-1.3781549581337262,-1.4238625706516745,-1.4702827446878686,-1.5174068912545946,-1.5652257249060155,-1.6137291906427245,-1.6629063834164772,-1.712745459210682,-1.763233536593771,-1.814356588119812,-1.866099320060091,-1.918445038948228,-1.9713755042523353,-2.024870764913372,-2.078908977695876,-2.133466206696421,-2.188516200621818,-2.244030145128967,-2.2999763896234446,-2.356320144131012,-2.413023142625488,-2.470043271088137,-2.527334155137772,-2.584844705884567,-2.6425186167389927,-2.7002938091187128,-2.7581018232712555,-2.8158671465013514,-2.873506481121928,-2.930927939506691,-2.9880301718850797,-3.044701418174684,-3.1008184827261256,-3.1562456408568345,-3.2108334668147998,-3.264417598223936,-3.3168174449247383,-3.3678348603526764,-3.417252790026764,-3.4648339358452542,-3.5103194709067638
-0.11847408996757158,-0.11451758408477233,-0.11264952684255501,-0.11252521372972966,-0.11392258925424928,-0.11669017096544343,-0.12071995872607376,-0.1259322000525807,-0.13226628452524647,-0.13967502890095013,-0.14812094289000716,-0.15757370546325425,-0.16800840942687145,-0.17940430991291598,-0.19174391260163098,-0.20501229668382195,-0.2191966035414605,-0.23428564471866786,-0.25026959706235524,-0.2671397627731982,-0.28488837825871904,-0.30350846021803995,-0.32299368041828747,-0.3433382628017282,-0.36453689817129875,-0.38658467267397617,-0.4094770074195716,-0.4332096069186706,-0.4577784146346583,-0.4831795743009345,-0.5094093958676902,-0.5364643251874306,-0.5643409167204727,-0.5930358086445243,-0.622545699847124,-0.6528673283795734,-0.6839974510320583,-0.7159328236402881,-0.74867018189209,-0.7822062223426294,-0.8165375834109978,-0.8516608261251324,-0.8875724143989915,-0.9242686946269926,-0.9617458743820914,-1.0000000000000004,-1.0390269328247763,-1.078822323879603,-1.1193815867139152,-1.1606998681628886,-1.2027720167212845,-1.2455925482328736,-1.2891556085523024,-1.3334549327764225,-1.3784838006827644,-1.4242349878980864,-1.4707007122386062,-1.51787257478061,-1.5657414949755413,-1.6142976390310153,-1.663530341024423,-1.7134280157449986,-1.7639780621819932,-1.8151667570306413,-1.8669791367300106,-1.9193988665411852,-1.972408095966433,-2.0259872982938885,-2.080115092244255,-2.1347680450325406,-2.189920453524199,-2.2455441008083272,-2.3016079875243736,-2.35807803362874,-2.414916747013362,-2.472082857194655,-2.529530908959522,-2.587210814520103,-2.6450673569848,-2.7030396429643244,-2.7610605004322415,-2.8190558141207194,-2.8769438004259795,-2.9346342092350612,-2.9920274578115555,-3.049013687826123,-3.1054717439614636,-3.161268082240874,-3.216255597252571,-3.270272382336241,-3.3231404295709144,-3.3746642865102663,-3.424629682750922,-3.4728021633180717,-3.5189257615349625
-0.1160486845621789,-0.11227446031747715,-0.11056082534912004,-0.11057055268556538,-0.11208639636765946,-0.11496015025645052,-0.11908614702167077,-0.12438635477003697,-0.13080146928393116,-0.13828532318115913,-0.1468012326756385,-0.1563195285676489,-0.16681583882578802,-0.1782698641507041,-0.19066448590555005,-0.20398510370108935,-0.2182191351112886,-0.23335563209720747,-0.24938498271782017,-0.2662986763469004,-0.2840891166388322,-0.3027494709226074,-0.3222735476688917,-0.34265569580681515,-0.36389072123984995,-0.38597381686455834,-0.4089005034836654,-0.4326665793497421,-0.45726807667060215,-0.4827012237559672,-0.5089624116949204,-0.5360481646924063,-0.5639551133611339,-0.5926799703664284,-0.6222195079142846,-0.6525705366700641,-0.6837298857741179,-0.7156943835744642,-0.7484608388486084,-0.7820260222300424,-0.8163866476166657,-0.8515393533331244,-0.8874806828354661,-0.9242070647476018,-0.9617147920203497,-1.0000000000000004,-1.0390586431861875,-1.0788864704476402,-1.1194789984518894,-1.1608314830500592,-1.2029388883247554,-1.2457958530076554,-1.2893966539301893,-1.3337351661125358,-1.3788048191340287,-1.424598549317068,-1.4711087471774364,-1.5183271997044465,-1.5662450267984422,-1.6148526111024244,-1.6641395206971596,-1.714094423675619,-1.764704993534634,-1.8159578047535103,-1.867838217103556,-1.9203302472226353,-1.9734164267439165,-2.027077644807991,-2.0812929729651843,-2.1360394717511775,-2.1912919756816605,-2.247022854019942,-2.3032017465972667,-2.359795270444017,-2.416766693673946,-2.4740755747875,-2.5316773623303064,-2.5895229533632884,-2.647558203630296,-2.7057233871256474,-2.763952601090726,-2.8221731087193027,-2.8803046212149934,-2.9382585066569566,-2.995936930324276,-3.0532319173746703,-3.1100243358820276,-3.166182807674185,-3.221562535709777,-3.2760040610956027,-3.329331955547901,-3.381353465068664,-3.4318571164840415,-3.4806113221250783,-3.5273630133054747
-0.11367750953919614,-0.11008169345951668,-0.10851918880965668,-0.10866008889182835,-0.11029185646306738,-0.11326949323257195,-0.11748961607139091,-0.12287587792424705,-0.12937025370178734,-0.13692757087450874,-0.1455119355146302,-0.15509431682192604,-0.16565086691649242,-0.17716172290949067,-0.18961013413029326,-0.20298181402955437,-0.21726445070018732,-0.23244733157863168,-0.2485210515895695,-0.2654772834218118,-0.283308594521842,-0.3020082997287839,-0.3215703413766981,-0.3419891907755654,-0.36325976651994296,-0.3853773660115302,-0.4083376076400153,-0.4321363814098384,-0.4567698063794158,-0.48223419362026787,-0.5085260136101671,-0.5356418672072452,-0.5635784595162509,-0.5923325760576535,-0.6219010607410721,-0.652280795239109,-0.6834686794343574,-0.7154616125692445,-0.7482564748744267,-0.7818501093979858,-0.8162393038170764,-0.8514207720089643,-0.8873911351742342,-0.9241469023060593,-0.9616844498006241,-1.0000000000000004,-1.0390895984517325,-1.0789490896583798,-1.119574091077928,-1.1609599651212368,-1.2031017888604436,-1.2459943211602547,-1.289631966901937,-1.334008737913298,-1.3791182102531565,-1.4249534773914247,-1.4715070987487968,-1.5187710431643175,-1.5667366266315623,-1.6153944435552674,-1.664734291000804,-1.7147450849719725,-1.76541476767498,-1.8167302051370906,-1.8686770737532585,-1.9212397343202992,-1.9744010928375781,-2.02814244594732,-2.082443309051631,-2.1372812263617935,-2.1926315596908963,-2.2484672533754635,-2.3047585745529,-2.3614728246242813,-2.418574018375989,-2.4760225288782185,-2.533774693147483,-2.5917823769403174,-2.6499924916443898,-2.7083464608605907,-2.766779632622613,-2.825220629539385,-2.8835906381859693,-2.9418026252535356,-2.999760484637674,-3.0573581061887265,-3.11447836372334,-3.170992029050872,-3.2267566003541868,-3.281615057082456,-3.335394546162228,-3.38790501414575,-3.438937795553269,-3.488264190997737,-3.5356340637763024
-0.11135935234489111,-0.10793814859708672,-0.10652354873991192,-0.10679281217618666,-0.10853801152949052,-0.11161728921932085,-0.11592949864675922,-0.12139994252476828,-0.12797184833185712,-0.13560101777893158,-0.1442523304631681,-0.15389738080432017,-0.1645128342675088,-0.1760792553857866,-0.18858025388048386,-0.20200185058335063,-0.21633199853772309,-0.23156021580498964,-0.2476772999095126,-0.2646751030686301,-0.28254635313054227,-0.30128450938325585,-0.3208836452377184,-0.34133835182838035,-0.3626436580777544,-0.38479496369182786,-0.40778798258266397,-0.4316186945560002,-0.4562833036651156,-0.4817782019657453,-0.5080999376102158,-0.5352451864460368,-0.5632107264446861,-0.5919934143841463,-0.6215901642976627,-0.651997927293268,-0.6832136724232276,-0.71523436824234,-0.7480569648344279,-0.7816783760358029,-0.8160954616417051,-0.851305009377481,-0.8873037164315887,-0.9240881703486333,-0.9616548290817618,-1.0000000000000004,-1.039119817639179,-1.0790102199742848,-1.1196669229789153,-1.1610853932229503,-1.2032608182281754,-1.246188074299044,-1.289861691504723,-1.3342758154336292,-1.3794241653743542,-1.425299988472993,-1.4718960093417657,-1.519204374692156,-1.5672165923462946,-1.6159234638932558,-1.6653150104659837,-1.7153803906936356,-1.7661078098069107,-1.8174844192642345,-1.869496205500985,-1.922127866386502,-1.9753626746589228,-2.0291823262541344,-2.0835667715961503,-2.1384940290791383,-2.1939399776164836,-2.2498781256747185,-2.3062793559697896,-2.3631116417260807,-2.4203397310042356,-2.4779247971718723,-2.5358240505569194,-2.5939903095672436,-2.6523715243248835,-2.710910250306896,-2.7695430678641064,-2.82819993991517,-2.88680350883686,-2.945268320124997,-3.00349997655014,-3.0613942133771856,-3.1188358918622083,-3.175697917112744,-3.2318400682842316,-3.2871077523485615,-3.3413306852820264,-3.39432151416367,-3.4458743890983636,-3.4957635168768815,-3.5437417231300943
-0.10909302753739197,-0.10584271659057101,-0.10457286126612009,-0.10496773593565067,-0.10682392617475492,-0.11000264928007235,-0.11440494843133583,-0.11995774171217097,-0.12660548311440362,-0.1343049283673159,-0.14302171456726318,-0.15272804842144708,-0.16340109813522488,-0.17502184684212693,-0.18757425722174512,-0.20104465114783368,-0.2154212411488064,-0.23069377115052564,-0.24685323709029533,-0.2638916669980885,-0.2818019457969644,-0.3005776742202618,-0.32021305402219974,-0.3407027936542395,-0.36204203004935936,-0.38422626305991864,-0.40725130009647753,-0.43111320885439636,-0.4558082765635168,-0.48133297452249524,-0.5076839268794898,-0.5348578828423582,-0.562851691658359,-0.591662279799508,-0.6212866298768045,-0.65172176089618,-0.6829647095416006,-0.7150125121332869,-0.7478621870439771,-0.7815107173084008,-0.8159550332162291,-0.8511919946750033,-0.8872183731443448,-0.9240308329438881,-0.9616259117384178,-1.0000000000000004,-1.039149319240066,-1.079069898793793,-1.1197575509271454,-1.1612078440225575,-1.2034160735687078,-1.2463772306767564,-1.290085967805434,-1.3345365613239626,-1.3797228705720868,-1.4256382929759892,-1.4722757147056802,-1.5196274564521313,-1.5676852136906527,-1.6164399907117852,-1.6658820278990132,-1.7160007213270771,-1.7667845336778794,-1.8182208958418484,-1.8702960978353274,-1.9229951676436614,-1.976301737252274,-2.0301978938244742,-2.0846640141234367,-2.139678581385382,-2.195217981582622,-2.2512562765268513,-2.3077649529442734,-2.3647126434933146,-2.4220648162646508,-2.479783430797617,-2.537826555706734,-2.5961479461240424,-2.654696574089246,-2.713416109285109,-2.7722443459213353,-2.831112568082314,-2.8899448542679007,-2.948657308774029,-3.0071572231981896,-3.0653421585009544,-3.123098944470124,-3.1803026020267984,-3.236815176010344,-3.2924844887794387,-3.3471428175552664,-3.4006055078951616,-3.4526695309162605,-3.5031120145240164,-3.551688773519799
-0.10687737618048485,-0.10379431348052048,-0.10266610654249662,-0.10318389656534284,-0.10514868706552746,-0.10842470566746372,-0.11291513948364976,-0.11854848823269867,-0.12527040686349827,-0.13303858528621607,-0.14181940237377172,-0.1515856644318048,-0.16231503200002997,-0.1739888981559859,-0.18659157124251635,-0.2001096679544065,-0.21453165494162219,-0.229847497322796,-0.24604838533967574,-0.26312651918865104,-0.28107493760344715,-0.29988737981608427,-0.31955817324258096,-0.34008214119216174,-0.36145452633573516,-0.3836709265563862,-0.4067272407793514,-0.43061962271619236,-0.45534444099181154,-0.48089824444214063,-0.5072777315672113,-0.5344797233403212,-0.5625011387272582,-0.5913389723640593,-0.6209902739270334,-0.6514521288160402,-0.6827216398426379,-0.7147959095798446,-0.7476720231600132,-0.7813470312622075,-0.8158179330835482,-0.851081659085658,-0.8871350533216524,-0.9239748551502693,-0.9615976801446942,-1.0000000000000004,-1.0391781212363957,-1.0791281624850544,-1.1198460301314888,-1.1613273920772504,-1.203567649351009,-1.2465619052965053,-1.290304932025919,-1.3347911337752525,-1.3800145068263854,-1.4259685955631853,-1.47264644415778,-1.520040543470379,-1.5681427725417219,-1.6169443339737615,-1.6664356826817597,-1.7166064471102258,-1.767445341928847,-1.8189400715768425,-1.871077223314195,-1.9238421484141104,-1.9772188307523588,-2.0311897407939634,-2.0857356731047054,-2.1408355665733034,-2.196466304345189,-2.2526024909511246,-2.309216205719673,-2.36627672851407,-2.4237502343678834,-2.4815994550172964,-2.5397833024790053,-2.598256452806801,-2.6569688832439065,-2.7158653600807594,-2.7748848729601954,-2.833960007969061,-2.8930162599663403,-2.9519712718749576,-3.0107340037991395,-3.0692038222764007,-3.1272695061626252,-3.1848081739634,-3.241684119942436,-3.2977475684691058,-3.3528333486471724,-3.406759500536603,-3.459325819340469,-3.510312366175969,-3.559477968466364
-0.10471126525096561,-0.10179187990770827,-0.10080228818321024,-0.10144035290205014,-0.10351140238235113,-0.10688261128994406,-0.11145926571536471,-0.11717141392818528,-0.1239658867688386,-0.1318012888697217,-0.14064472545646037,-0.15046958998416976,-0.16125402511716486,-0.17297982538319,-0.18563163763012622,-0.1991963672693367,-0.21366272980926299,-0.2290209069771807,-0.24526227928796615,-0.26237921552692994,-0.2803649050360674,-0.299213222655527,-0.31891861883304645,-0.33947602932386284,-0.36088080030854985,-0.3831286256268765,-0.4062154937743436,-0.43013764264290366,-0.45489152050717985,-0.4804737520697428,-0.5068811085726636,-0.5341104811932451,-0.5621588570915912,-0.591023297570547,-0.6207009178920274,-0.6511888683787078,-0.6824843164987677,-0.714584429598978,-0.7474863580761818,-0.7811872187346269,-0.8156840781277453,-0.8509739356800424,-0.8870537063986063,-0.9239202029848993,-0.9615701171583909,-1.0000000000000004,-1.0392062411167002,-1.079185046418409,-1.1199324142866511,-1.1614441099004904,-1.2037156374562918,-1.2467422100138683,-1.2905187166635979,-1.3350396866586123,-1.3802992501820472,-1.4262910953252301,-1.4730084207832257,-1.5204438838563243,-1.5685895431489076,-1.617436795275415,-1.666976305060673,-1.7171979283453753,-1.768090626431718,-1.819642371538742,-1.871840041953226,-1.9246693055348998,-1.9781144908260448,-2.0321584438069564,-2.0867823684546263,-2.141965650271278,-2.1976856598449004,-2.2539175339581643,-2.310633933295324,-2.3678047728568443,-2.4253969216917395,-2.4833738699128154,-2.5416953582001924,-2.600316967858736,-2.659189664732743,-2.7182592942063515,-2.777466022976934,-2.8367437199694026,-2.8960192765749055,-2.9552118540287786,-3.0142320603823474,-3.072981047270596,-3.131349522644326,-3.18921668367465,-3.246449056882785,-3.302899254106171,-3.358404645495655,-3.412785959806404,-3.46584581715373,-3.517367221241171,-3.5671120323066754
-0.10259358705924312,-0.09983438054690438,-0.09898043270843801,-0.09973618568213113,-0.1019112012892272,-0.10537553919299487,-0.11003654038417775,-0.11582576924071458,-0.12269120791226959,-0.13059235666794938,-0.13949703195657476,-0.14937920217034295,-0.1602174820817369,-0.17199405933528342,-0.18469391226057885,-0.1983042289960251,-0.21281396874453107,-0.22821352534426131,-0.2444944656280219,-0.26164932346031455,-0.2796714356499324,-0.29855480980989024,-0.3182940168402016,-0.3388841025771473,-0.36032051452628616,-0.3825990404509721,-0.40571575651131836,-0.42966698298083367,-0.4544492460740498,-0.48005924472391925,-0.506493821338208,-0.533749935769625,-0.5618246418807655,-0.5907150661762076,-0.6204183880558364,-0.6509318213261976,-0.6822525966735492,-0.7143779447722182,-0.7473050798218362,-0.7810311832668366,-0.8155533875008588,-0.8508687593561667,-0.8869742831915742,-0.923866843393529,-0.9615432061058412,-1.0000000000000004,-1.0392336958915132,-1.0792405849976614,-1.1200167556206064,-1.1615580680259816,-1.20386012725894,-1.2469182536351984,-1.2907274506076238,-1.3352823696598157,-1.380577271901993,-1.4266059859534035,-1.4733618616278206,-1.5208377190159548,-1.5690257923683752,-1.617917668102529,-1.667504216425444,-1.7177755157009185,-1.768720768614799,-1.8203282095095117,-1.8725850016006023,-1.9254771227581982,-1.9789892390988748,-2.033104564469693,-2.0878047040115053,-2.143069480950778,-2.198876743742284,-2.2552021511123956,-2.312018934016224,-2.3692976306869005,-2.427005791423415,-2.485107651053021,-2.543563764330969,-2.602330602280728,-2.661360102865382,-2.720599173143734,-2.7799891385499755,-2.8394651316986894,-2.898955420644299,-2.958380664504258,-3.0176530985090433,-3.076675638588236,-3.1353409013492954,-3.1935301430724308,-3.2511121045236204,-3.3079417693703492,-3.363859036583597,-3.418687316067376,-3.4722320515323757,-3.524279196035853,-3.5745936596899144
-0.100523258682897,-0.0979208035540362,-0.09719958900413196,-0.09807049701337472,-0.10034723341731502,-0.10390268205456957,-0.10864619560098306,-0.11451082273153909,-0.1214456727985153,-0.12941112298965476,-0.13837568613740275,-0.1483138935917319,-0.1592048224073836,-0.17103104517032852,-0.18377786480153918,-0.19743274629021398,-0.21198488746740202,-0.22742488986956483,-0.24374450276728465,-0.2609364216613273,-0.2789941277458588,-0.2979117586259808,-0.3176840031244191,-0.33830601483959627,-0.35977334046027765,-0.38208185968058406,-0.40522773445770666,-0.42920736568421625,-0.4540173558396444,-0.47965447648482246,-0.5061156396497308,-0.533397872366088,-0.561498293738908,-0.5904140940409154,-0.6201425153937346,-0.6506808336803251,-0.6820263413982132,-0.7141763311352167,-0.7471280794647387,-0.7808788310197857,-0.8154257825523448,-0.8507660667825683,-0.8868967358551704,-0.9238147442215963,-0.9615169307673042,-1.0000000000000004,-1.0392605021082713,-1.0792948116902032,-1.120099104940284,-1.1616693350692948,-1.204001205704461,-1.2470901420123308,-1.2909312592507918,-1.335519328408886,-1.380848738615035,-1.426913455906092,-1.4737069778837446,-1.5212222838573928,-1.5694517798890497,-1.618387238077488,-1.6680197295777262,-1.71833955050238,-1.769336139776782,-1.8209979883211258,-1.8733125382988274,-1.926266071137873,-1.9798435835670076,-2.034028649788103,-2.088803268001374,-2.144147690417073,-2.2000402339351806,-2.256457069076368,-2.313371986144018,-2.370756134863484,-2.4285777341822072,-2.4868017501408075,-2.5453895371361646,-2.6042984405220153,-2.6634813540259334,-2.722886229067412,-2.7824555315734765,-2.842125638732085,-2.9018261753700334,-2.961479277965285,-3.020998787980812,-3.0802893645501306,-3.139245512076515,-3.197750525805679,-3.255675341948744,-3.3128772993385254,-3.369198812226913,-3.424465962471771,-3.4784870140208977,-3.531050873558499,-3.5819255151205596
-0.09849922141290104,-0.09605016002639796,-0.09545882779512645,-0.09644240986041072,-0.09881866836232622,-0.10246325169430884,-0.1072874818508393,-0.1132258606137847,-0.12022860089963538,-0.1282569384584718,-0.13728006795233394,-0.14727307193926897,-0.15821548011808473,-0.17009024199664263,-0.182882978328019,-0.19658142518764282,-0.21117501406466288,-0.22665454986519282,-0.24301196049140633,-0.2602400997032429,-0.27833259005798494,-0.2972836964257123,-0.31708822307142326,-0.3377414290821318,-0.35923895823024954,-0.38157678018746966,-0.4047511408780026,-0.42875852008670123,-0.4535955949174688,-0.4792592079896491,-0.505746339444202,-0.5330540820270409,-0.5611796186566471,-0.5901202019711563,-0.6198731354284553,-0.6504357556112855,-0.6818054154526798,-0.7139794680713131,-0.7469552510173016,-0.7807300706932542,-0.8153011867611143,-0.850665796343504,-0.8868210178408004,-0.9237638741863435,-0.9614912753628932,-1.0000000000000004,-1.0392866758656711,-1.0793477590560334,-1.1201795116755875,-1.1617779777872395,-1.2041389573845955,-1.2472579781338409,-1.2911302645973783,-1.3357507046049775,-1.381113812458293,-1.4272136885692523,-1.4740439750686032,-1.5215978069890876,-1.5698677584505407,-1.6188457831975294,-1.6685231489903338,-1.7188903650131888,-1.769937101389723,-1.8216521001813835,-1.8740230766339967,-1.927036609402814,-1.9806780189951563,-2.034931232590866,-2.0897786334866177,-2.14520089428377,-2.2011767910594284,-2.257682996137664,-2.3146938484100072,-2.3721810975185815,-2.430113618623388,-2.488457095641106,-2.547173668335466,-2.6062215411516787,-2.665554547362741,-2.7251216655493353,-2.784866483973087,-2.8447266053262616,-2.904632991313905,-2.9645092351846682,-3.024270763536772,-3.08382395736317,-3.1430651876201576,-3.201879767836427,-3.2601408101385383,-3.3177079908995113,-3.374426224877301,-3.430124255127718,-3.484613160535244,-3.537684803300906,-3.5891102325462634
-0.09652044021222853,-0.0942214834755882,-0.09375724113123171,-0.09485106754328998,-0.09732469519520642,-0.10105647859610695,-0.10595966752730149,-0.1119701862984892,-0.1190393282127464,-0.1271291695823129,-0.13620957262594446,-0.14625615958619062,-0.15724890335264644,-0.16917112248899477,-0.18200874895029143,-0.19574978424368059,-0.21038388864125995,-0.22590206617287742,-0.2422964196390033,-0.25955995774652885,-0.27768644145188276,-0.29667026021587484,-0.3165063313137024,-0.33719001709205837,-0.35871705634897866,-0.3810835068195024,-0.404285696601641,-0.42832018268083855,-0.4531837151784088,-0.4788732062353672,-0.5053857026240534,-0.5327183613707285,-0.5608684278088939,-0.5898332155695826,-0.6196100880915826,-0.6501964413109556,-0.6815896872508623,-0.713787238208942,-0.7467864913462193,-0.780584813447842,-0.8151795256700328,-0.8505678880861312,-0.8867470838567127,-0.9237142028499478,-0.9614662245390155,-1.0000000000000004,-1.0393122328275037,-1.0793994587757256,-1.1202580239218125,-1.1618840611350805,-1.204273464609706,-1.2474218622129962,-1.2913245853670845,-1.335976636136757,-1.3813726512144864,-1.4275068624111147,-1.4743730531980674,-1.521964510910943,-1.5702739740533216,-1.6192935740645695,-1.6690147710573182,-1.71942828270562,-1.7705240053914737,-1.8222909269884515,-1.874717030073068,-1.9277891843175279,-1.9814930273010742,-2.0358128319383124,-2.0907313587997436,-2.1462296924318256,-2.2022870589733765,-2.2588806227190306,-2.3159852605508435,-2.3735733106178967,-2.431614292023901,-2.4900745933904282,-2.548917125735512,-2.6081009375115336,-2.6675807854597307,-2.727306658245687,-2.7872232484043784,-2.847269365124729,-2.9073772871104033,-2.9674720437445576,-3.027470625539531,-3.0872811137816956,-3.1468017243944506,-3.2059197680142106,-3.264510512477767,-3.3224359531766967,-3.3795434894386944,-3.435664513285843,-3.4906129113934425,-3.5441835010942806,-3.5961504149889003
-0.09458590318656251,-0.0924338293128617,-0.09209394188596953,-0.09329563324886511,-0.09586452198571657,-0.09968161144362189,-0.10466203847969577,-0.11074311995354115,-0.1178772068305648,-0.12602719833547935,-0.13516361024765214,-0.14526259319322116,-0.1563045539814003,-0.16827317251680735,-0.1811546854535805,-0.194937354184487,-0.20961106298291213,-0.22516701083802643,-0.24159747178711063,-0.2588956062356837,-0.277055310632757,-0.2960710964076698,-0.3159379914613563,-0.3366514592152014,-0.358207331475704,-0.3806017521653395,-0.40383112979890956,-0.4278920969052317,-0.4527814750491261,-0.4784962443883614,-0.5050335168780895,-0.5323905124214369,-0.56056453739837,-0.589552965089912,-0.6193532175898786,-0.6499627488707215,-0.681379028730075,-0.7135995273227205,-0.746621700085345,-0.7804429728297658,-0.8150607268227804,-0.8504722836695929,-0.8866748898294916,-0.923665700593621,-0.961441763355301,-1.0000000000000004,-1.0393371882359883,-1.0794499416773833,-1.1203346884805359,-1.1619876483216935,-1.2044048074785558,-1.2475818917725479,-1.2915143370952455,-1.3361972571984708,-1.3816254084443196,-1.4277931511313724,-1.4746944069523789,-1.5223226121986713,-1.5706706661614938,-1.6197308741069512,-1.669494884335292,-1.7199536185223037,-1.7710971944679899,-1.8229148406345912,-1.8753948012896167,-1.9285242310305173,-1.9822890779271272,-2.0366739535177176,-2.0916619879628677,-2.147234669453616,-2.203371665226831,-2.2600506218723586,-2.3172469438275334,-2.3749335465046624,-2.433080580850515,-2.4916551271885683,-2.550620853843991,-2.609937638350998,-2.669561144989894,-2.729442355566181,-2.7895270489343833,-2.849755221847165,-2.9100604501583405,-2.970369178723688,-3.03059994064997,-3.090662495760201,-3.1504568830528954,-3.2098723886484515,-3.26878641526558,-3.32706325795781,-3.384552783596415,-3.441089019544877,-3.4964886513721494,-3.5505494489887917,-3.603048634217063
-0.0926946210668412,-0.0906862743465901,-0.09046806326761518,-0.09177528955461053,-0.09443737533853043,-0.09833791666833175,-0.10339389757292586,-0.10954399807509888,-0.11674160452434412,-0.12495042175305013,-0.13414160537750644,-0.144291823325724,-0.15538190723468048,-0.16739589078392608,-0.180320308949092,-0.1941436775692718,-0.20885610022956608,-0.2244489667943399,-0.240914718946925,-0.258246665606073,-0.2764388358633381,-0.29548586054562725,-0.31538287584200553,-0.33612544410677986,-0.35770948817793685,-0.3801312363271473,-0.4033871757645742,-0.42747401293905013,-0.45238863931745327,-0.47812810160071284,-0.5046895755086643,-0.5320703424475847,-0.5602677685046457,-0.5892792852969521,-0.6191023722763461,-0.6497345401636413,-0.6811733152443752,-0.7134162242380592,-0.7464607795516779,-0.7803044646983424,-0.8149447197029699,-0.8503789263159279,-0.8866043928669298,-0.9236183385926401,-0.9614178772720005,-1.0000000000000004,-1.0393615569246302,-1.0794992377626298,-1.1204095508990377,-1.162088800862745,-1.2045330639455938,-1.2477381617264918,-1.2916996322294683,-1.3364126984018787,-1.3818722336141631,-1.4280727238050843,-1.4750082258369719,-1.5226723216816584,-1.5710580678984365,-1.620157939793444,-1.6699637697763632,-1.7204666791286893,-1.7716570023259313,-1.8235242032995016,-1.8760567824785308,-1.9292421734109235,-1.9830666281994536,-2.0375150900255137,-2.0925710510934663,-2.1482163950826374,-2.2044312215150215,-2.2611936497571103,-2.318479601528362,-2.376262558426909,-2.4345132913110406,-2.4931995593730796,-2.552285774466323,-2.6117326284445106,-2.671496677351444,-2.731529879326348,-2.7917790817066814,-2.852185449963116,-2.9126838372979904,-2.9732020833716235,-3.0336602424909382,-3.0939697310973098,-3.1540323891016437,-3.213739456078431,-3.2729704482271806,-3.331591940131049,-3.389456248158084,-3.446400020075097,-3.5022427297877887,-3.556785095165065,-3.609807430458352
-0.09084562670337268,-0.08897791629153184,-0.08887875834222111,-0.09028923796453607,-0.0930424999414854,-0.09702467800975709,-0.10215456425941957,-0.10837217307108735,-0.1156319043387964,-0.1238982515371328,-0.13314299666369395,-0.14334331408239823,-0.1544804513426567,-0.1665387884795388,-0.17950515253596946,-0.19336830846324068,-0.20811857455928517,-0.22374752755859606,-0.2402477732694428,-0.25761276600037347,-0.27583666469109047,-0.2949142170455355,-0.31484066524940446,-0.33561166849066587,-0.35722323870133427,-0.37967168670106166,-0.4029535767089023,-0.42706568750359963,-0.45200497894450165,-0.4777685628328419,-0.5043536772648638,-0.5317576638054624,-0.5599779469384585,-0.5890120153315341,-0.6188574045258236,-0.6495116807307618,-0.6809724254616722,-0.7132372207391499,-0.7463036346643284,-0.7801692071560471,-0.8148314356754308,-0.8502877607627262,-0.8865355512222243,-0.9235720887922656,-0.9613945521378332,-1.0000000000000004,-1.0393853533306174,-1.0795473762316725,-1.1204826555083212,-1.1621875786319784,-1.2046583098858472,-1.247890764458928,-1.2918805802228428,-1.3366230868842304,-1.38211327221923,-1.428345745021513,-1.47531469433746,-1.5230138446146064,-1.5714364062356392,-1.6205750208398195,-1.6704217009530242,-1.7209677631568332,-1.7722037539559439,-1.8241193677337029,-1.8767033556600936,-1.9299434243739,-1.9838261236752035,-2.0383367215369357,-2.0934590647969173,-2.1491754246093775,-2.2054663241181407,-2.2623103461037557,-2.3196839194563164,-2.3775610810487673,-2.4359132098891894,-2.494708731377092,-2.553912787285503,-2.6134868691920423,-2.6733884092871607,-2.7335703253832935,-2.7939805155904627,-2.854561295350437,-2.9152487754740237,-2.9759721697702037,-3.03665303229995,-3.0972044140709905,-3.157529933506853,-3.2175227612405344,-3.277064505026638,-3.3360239981268904,-3.3942559874054132,-3.451599724858532,-3.5078774606009966,-3.5628928538761584,-3.61642931214984
-0.08903797457126134,-0.08730787328962447,-0.08732519956830748,-0.08883669845685781,-0.09167915812563238,-0.0957411960874827,-0.1009433741628369,-0.10722701285638593,-0.11454750419860463,-0.12287011367457974,-0.1321672364713598,-0.14241654273512178,-0.15359968718612454,-0.16570138893984482,-0.1787087609737792,-0.1926108121208353,-0.20739807088218576,-0.22306229693522686,-0.23959625676061877,-0.25699354699426186,-0.2752484536843786,-0.2943558389410367,-0.3143110487004188,-0.3351098369267024,-0.3567483027473189,-0.37922283776507554,-0.4025300815557911,-0.42666688367066957,-0.4516302708832123,-0.4774174186822566,-0.504025626181453,-0.5314522937883873,-0.5596949031010979,-0.5887509985801574,-0.6186181706149319,-0.6492940396714199,-0.6807762412644509,-0.71306241148019,-0.7461501728663394,-0.7800371204810413,-0.8147208079295667,-0.85019873321746,-0.8864683242594386,-0.9235269238845143,-0.9613717741782651,-1.0000000000000004,-1.0394085915067808,-1.0795943855074779,-1.120554045459784,-1.162284039910688,-1.2047806191575205,-1.2480397899001379,-1.2920572876238716,-1.3368285464124465,-1.3823486659024322,-1.428612375018106,-1.4756139920692144,-1.5233473808432092,-1.5718059021749922,-1.6209823604082978,-1.6708689442753137,-1.7214571614408523,-1.7727377658869963,-1.824700677532345,-1.8773348929738647,-1.9306283861951539,-1.984567998478314,-2.0391393158635753,-2.09432653254634,-2.150112299283878,-2.206477554326995,-2.2634013346627735,-2.320860566401551,-2.378829830946367,-2.4372811038636417,-2.496183464271029,-2.555502770425625,-2.6152012992032128,-2.6752373434874124,-2.7355647642553813,-2.796132492813964,-2.8568839759388025,-2.9177565623845054,-2.978680819482369,-3.039579779570948,-3.100368106064967,-3.1609511732958304,-3.2212240602324202,-3.2810704437803437,-3.3403613943648764,-3.3989540694559754,-3.4566903079448292,-3.513395122543084,-3.5688751054185426,-3.6229167557250803
-0.08727074028689227,-0.08567528344201422,-0.08580657834291207,-0.08741690904309782,-0.0903466294367404,-0.09448678798462044,-0.09975967867317138,-0.10610790045933097,-0.11348781652614448,-0.1218654480657835,-0.13121379052235618,-0.14151099937954986,-0.15273912795786274,-0.16488322732008803,-0.17793069036514125,-0.19187076467888858,-0.20669418454404656,-0.22239288873031393,-0.23895980100568404,-0.2563886573309925,-0.2746738681772459,-0.29381040763854943,-0.3137937232000406,-0.33461966158576134,-0.35628440725813665,-0.37878443087405833,-0.40211644574771577,-0.42627737067738364,-0.4512642979030903,-0.4770744652181588,-0.5037052314233518,-0.531154054481055,-0.5594184718486476,-0.5884960825491489,-0.6183845306061885,-0.6490814895373617,-0.6805846476539571,-0.7128916938997104,-0.7460003040492448,-0.7799081270620649,-0.8146127714247019,-0.8501117913134189,-0.8864026724201801,-0.9234828172857483,-0.961349529984199,-1.0000000000000004,-1.039431285133131,-1.0796402932590965,-1.1206237627606042,-1.1623782414354535,-1.2049000636623999,-1.248185325599994,-1.2922298581632514,-1.3370291974836597,-1.382578552569095,-1.4288727698098198,-1.47590629392176,-1.5236731249641027,-1.5721667709248026,-1.6213801953001579,-1.6713057592005696,-1.7219351572443864,-1.7732593464321267,-1.8252684673998303,-1.877951756962765,-1.9312974508150815,-1.9852926756242664,-2.039923328899308,-2.095173945050201,-2.1510275467054822,-2.2074654788552794,-2.264467223639731,-2.322010194599447,-2.3800695070888644,-2.4386177218118554,-2.497624559288758,-2.5570565809996326,-2.6168768348655327,-2.677044459177341,-2.7375142417262865,-2.7982361295826914,-2.8591546823386524,-2.920208467116236,-2.9813293841885606,-3.0424419226852426,-3.103462336186306,-3.1642977321518337,-3.224845074873825,-3.284990087570659,-3.3446060557047637,-3.403552526634151,-3.4616739077217824,-3.51879795926333,-3.57473419613072,-3.6292722054361346
-0.08554302013522702,-0.08407930435205047,-0.08432210455870387,-0.08602912533830051,-0.08904421021792844,-0.0932607868423739,-0.09860284455289525,-0.10501423363917621,-0.11245226787005222,-0.12088370816418462,-0.1302821375455499,-0.14062618659610143,-0.15189829883419045,-0.16408385027658717,-0.1771705078481425,-0.19114775285933547,-0.2060065210392369,-0.22173892647465746,-0.2383380469022822,-0.25579775466453075,-0.27411258202247835,-0.2932776126802014,-0.31328839351413085,-0.3341408620322433,-0.3558312862090644,-0.37835621406162817,-0.4017124310572293,-0.42589692374729726,-0.4509068484208767,-0.4767395038216753,-0.503392307135418,-0.5308627726188775,-0.5591484923608901,-0.5882471187431573,-0.6181563482361243,-0.6488739062305271,-0.6803975326577067,-0.7127249681378796,-0.7458539404802519,-0.7797821513355966,-0.8145072628373335,-0.8500268840671845,-0.8863385571914421,-0.923439743115048,-0.9613278065010603,-1.0000000000000004,-1.039453447527994,-1.0796851264241742,-1.120691848307885,-1.16247023844421,-1.2050167134041485,-1.2483274567988147,-1.2923983928376384,-1.3372251574222667,-1.382803066497698,-1.4291270813139754,-1.4761917701981953,-1.5239912664793247,-1.5725192220697877,-1.6217687561417835,-1.671732398436066,-1.7224020264803794,-1.7737687959259387,-1.8258230634056032,-1.8785543008477465,-1.9319510001328972,-1.986000567334246,-2.0406892049550374,-2.0960017806081592,-2.151921681200246,-2.208430650238956,-2.2655086061169523,-2.3231334401747543,-2.3812807913051186,-2.439923794099134,-2.4990327983386798,-2.5585750556417843,-2.6185143708972443,-2.678810712688667,-2.739419779433852,-2.800292516682809,-2.8613745784558877,-2.9226057307667044,-2.9839191863108865,-3.045240869531712,-3.106488601874165,-3.167571201002368,-3.2283874932637153,-3.288825224959299,-3.3487598739014004,-3.408053355850436,-3.4665526271995235,-3.524088179495899,-3.5804724384180866,-3.635498073209053
-0.08385393060766849,-0.08251911267897649,-0.08287100617187122,-0.08467262014205777,-0.08777121320310287,-0.09206254146537177,-0.09747225355380769,-0.10394542451416375,-0.11144029854428761,-0.11992436062613776,-0.129371768937333,-0.13976161912097604,-0.15107673665636884,-0.16330281565841093,-0.17642779129818267,-0.19044137368113445,-0.2053346957326229,-0.22110004315558168,-0.23773064440209318,-0.25522050531091867,-0.27356427735263994,-0.29275715151446535,-0.31279477194959276,-0.3336731650137292,-0.3553886804074873,-0.37793794184860774,-0.40131780540475614,-0.425525323917494,-0.45055771633692165,-0.4764123410314888,-0.5030866722973261,-0.5305782794521074,-0.5588848080146865,-0.588003962547806,-0.617933490807239,-0.6486711689043481,-0.6802147872401815,-0.7125621369566618,-0.745710996731943,-0.7796591197251919,-0.8144042205102138,-0.8499439618375797,-0.8862759410745616,-0.9233976761733366,-0.9613065910182631,-1.0000000000000004,-1.0394750916587567,-1.079728911230678,-1.1207583419216176,-1.1625600847207158,-1.2051306365445826,-1.2484662664957653,-1.2925629899905162,-1.3374165404736327,-1.3830223384468041,-1.4293754574708277,-1.4764705867498396,-1.5243019899455028,-1.572863459735288,-1.6221482675644077,-1.6721491081348163,-1.722858037923487,-1.774266406954174,-1.8263647832314573,-1.879142868793409,-1.9325894062911404,-1.9866920753391097,-2.0414373770826715,-2.0968105054555775,-2.1527952041864666,-2.209373607223215,-2.266526060462244,-2.3242309235723217,-2.3824643487365056,-2.4412000333534474,-2.50040894450026,-2.560059011025323,-2.6201147808852427,-2.6805370380165705,-2.7412823754441575,-2.802302720070072,-2.8635448020926564,-2.9249495670529075,-2.986451519625233,-3.047977998116363,-3.1094483694996913,-3.170773138600866,-3.231852970333524,-3.29257761050005,-3.3528247060627647,-3.412458518988365,-3.471328534307437,-3.529267957245269,-3.5860921108027455,-3.641596738531351
-0.08220260795025894,-0.08099390370205545,-0.08145252878050298,-0.08334668303004583,-0.0865269671208907,-0.09089141593744987,-0.09636730204425685,-0.10290089919987004,-0.11045136227735151,-0.11898688497079335,-0.12848218843199194,-0.13891682352685833,-0.15027398962150415,-0.16253969220835668,-0.1757021290389155,-0.18975123418106532,-0.2046783335901233,-0.22047588095715573,-0.23713725226063084,-0.25465658400756547,-0.2730286443487777,-0.2922487292742056,-0.3123125781416914,-0.33321630425751003,-0.3549563372985812,-0.3775293750578083,-0.40093234268243266,-0.4251623578714462,-0.45021670087703414,-0.47609278839465474,-0.5027881505833376,-0.5303004106145583,-0.5586272662616499,-0.5877664731163358,-0.61771582908364,-0.6484731598684208,-0.6800363052165828,-0.7124031056627155,-0.7455713896143925,-0.7795389605829074,-0.8143035844031852,-0.8498629762860342,-0.8862147875552498,-0.9233565919232253,-0.9612858711590394,-1.0000000000000004,-1.039496230152245,-1.0797716732178748,-1.1208232823765047,-1.1626478326374912,-1.205241899458009,-1.248601835514905,-1.2927237453902882,-1.3376034578945828,-1.3832364957583316,-1.4296180423600198,-1.4767429051062992,-1.52460547511798,-1.5731996827459291,-1.622518948377806,-1.6725561280848138,-1.7233034534153986,-1.7747524645756667,-1.8268939364106846,-1.8797177961649179,-1.9332130319509313,-1.9873675911735467,-2.0421682673887434,-2.0976005740971293,-2.1536486045287626,-2.210294875137466,-2.267520150725154,-2.3253032499748723,-2.3836208282763534,-2.442447134926489,-2.5017537425064695,-2.561509244365818,-2.6216789178085182,-2.6822243473620677,-2.743103004811221,-2.8042677814446746,-2.865666465534541,-2.9272411629073103,-2.9889276498615174,-3.0506546571613553,-3.1123430749570806,-3.1739050721016246,-3.2352431283962275,-3.2962489652504163,-3.356802375110596,-3.416769943298305,-3.4760036622028734,-3.5343394319890504,-3.591595457996961,-3.6475705483699996
-0.08058820772197992,-0.07950289089487986,-0.08006593521319322,-0.08205061995578958,-0.08531081630877116,-0.08974678924757568,-0.09528740064642253,-0.10188009745750837,-0.10948492587133599,-0.11807077324966947,-0.1276129117816104,-0.13809133791298384,-0.14948961698262853,-0.16179405927291168,-0.17499311956196653,-0.18907695114308964,-0.20403706891760562,-0.2198660910085243,-0.2365575377949137,-0.25410567368017023,-0.2725053810165118,-0.29175205856185754,-0.3118415388482498,-0.3327700202737326,-0.3545340107773472,-0.37713028063489834,-0.40055582258376254,-0.42480781777741555,-0.449883606439595,-0.47578066232240246,-0.5024965702267727,-0.5300290059967395,-0.5583757185099465,-0.5875345132600835,-0.6175032371902199,-0.6482797644964176,-0.6798619831695227,-0.7122477820329208,-0.7454350381096022,-0.7794216041327291,-0.8142052960456999,-0.8497838803383091,-0.8861550610746495,-0.9233164664695506,-0.9612656348706172,-1.0000000000000004,-1.0395168753047428,-1.079813437256587,-1.120886707432692,-1.1627335331972812,-1.2053505667837006,-1.2487342425689767,-1.2928807523057033,-1.3377860180408103,-1.383445662457313,-1.4298549763130886,-1.4770088826011332,-1.5249018970900834,-1.5735280847789526,-1.6228810117381762,-1.6729536918919652,-1.72373852806335,-1.7752272465369747,-1.8274108245593836,-1.8802794097765485,-1.9338222305583217,-1.988027496460799,-2.042882287338055,-2.0983724296298965,-2.154482358881121,-2.211194966258778,-2.268491427021185,-2.326351009708283,-2.384750862996443,-2.4436657773414145,-2.50306791921259,-2.56292653391062,-2.6232076145475673,-2.683873531660316,-2.744882620122698,-2.8061887188123587,-2.8677406561244583,-2.9294816790611837,-2.991348815292264,-3.053272166693596,-3.1151741242457933,-3.176968497627908,-3.2385595576910253,-3.2998409772818307,-3.3606946702430975,-3.4209895217974324,-3.4805800095907893,-3.5393047088971348,-3.596984690999017,-3.6534218171185224
-0.07900990436292843,-0.0780453055096143,-0.07871050512760179,-0.08078375286237244,-0.08412212033711436,-0.08862805492561271,-0.0942319738833503,-0.1008824723518738,-0.10854046887048935,-0.11717552972559571,-0.1267634664451849,-0.13728471160424727,-0.14872318875764023,-0.16106550652088072,-0.17430037125511627,-0.18841815083596594,-0.20341054510781886,-0.21927033314005162,-0.2359911766487194,-0.2535674652169916,-0.27199419296923305,-0.29126685924147017,-0.3113813877504596,-0.332334060164908,-0.35412146100675335,-0.376740431475121,-0.40018803043885903,-0.42446150113217707,-0.4495582424477268,-0.4754757839507217,-0.5022117638889965,-0.5297639096232297,-0.5581300200100556,-0.5873079493426386,-0.6172955925152303,-0.648090871137106,-0.6796917203685323,-0.7120960762424318,-0.7453018633081632,-0.7793069824159233,-0.8141092984909557,-0.8497066281475242,-0.8860967270013796,-0.9232772765405746,-0.9612458704147345,-1.0000000000000004,-1.0395370390916696,-1.079854227568761,-1.1209486538654534,-1.1628172360731097,-1.2054567014765885,-1.24886356432103,-1.2930341015787223,-1.337964326451324,-1.3836499593482843,-1.430086396022175,-1.477268672493293,-1.525191426427722,-1.5738488545124263,-1.6232346653104328,-1.6733420271569652,-1.7241635104320925,-1.7756910234799774,-1.827915741600227,-1.8808280281321839,-1.9344173466020826,-1.988672163188301,-2.0435798380477213,-2.099126504056348,-2.1552969320193185,-2.2120743801642004,-2.2694404259044068,-2.327374778634794,-2.3858550705610226,-2.44485662272772,-2.504352184051833,-2.564311639414883,-2.624701684380189,-2.685485461095242,-2.746622152031994,-2.8080665270321488,-2.869768436823583,-2.9316722506155926,-2.993716227309694,-3.0558318186230116,-3.1179428940439604,-3.179964880833122,-3.241803816923434,-3.303355302188086,-3.3645033473992214,-3.4251191136752306,-3.485059541053486,-3.544165859066175,-3.602261987210289,-3.659152826571836
-0.07746689077214824,-0.07662039617093416,-0.07738553461871682,-0.07954541930382442,-0.08296025364284734,-0.08753462068764084,-0.09320045983544697,-0.0999074899186356,-0.10761748323899871,-0.11630067056072876,-0.1259333912866541,-0.13649650485905324,-0.14797428544680605,-0.16035363367038555,-0.1736235021386551,-0.1877744687588308,-0.20279841439507984,-0.21868827564699939,-0.23543785256514868,-0.25304165725019906,-0.27149479321814834,-0.290792858237359,-0.31093186526006167,-0.33190817744154577,-0.3537184542417555,-0.37635960625564063,-0.39982875705506393,-0.4241232106098639,-0.4492404232063263,-0.4751779790055538,-0.5019335685327444,-0.5295049695341265,-0.55789002974434,-0.5870866511775389,-0.6170927756161189,-0.6479063710283569,-0.6795254186922787,-0.7119479007951514,-0.745171788348054,-0.7791950292382355,-0.8140155362715819,-0.8496311750584387,-0.8860397516045276,-0.923238999469824,-0.9612265663584746,-1.0000000000000004,-1.0395567331769309,-1.0798940677463686,-1.121009157493869,-1.1628989896469744,-1.205560364856238,-1.248989875443959,-1.293183881694926,-1.3381384859300518,-1.3838495041084342,-1.4303124346450928,-1.4775224240845057,-1.5254742292995012,-1.5741621757685313,-1.6235801114251323,-1.6737213556463444,-1.7245786427295688,-1.776144059142699,-1.828408973978974,-1.8813639616580626,-1.9349987158632445,-1.989301953974569,-2.044261310571955,-2.099863218587563,-2.156092777163086,-2.212933604072338,-2.270367670728855,-2.328375118534566,-2.386934053628749,-2.4460203172436676,-2.505607229478178,-2.5656653026045415,-2.6261619214640755,-2.6870609856008856,-2.7483225097771204,-2.809902178351027,-2.8717508467595825,-2.933813987600259,-2.9960310709915072,-3.0583348773106036,-3.120650732272986,-3.1828956574549814,-3.2449774338005692,-3.306793563591648,-3.3682301297240356,-3.429160544703856,-3.4894441873896125,-3.5489249197683708,-3.6074294905723323,-3.664765825927453
-0.07595837789490056,-0.07522742847942249,-0.07609033583656737,-0.07833497207592577,-0.08182460517247708,-0.0864659080905504,-0.09219230980614887,-0.0989546288406854,-0.10671547304769466,-0.11544572351334367,-0.1251222362815453,-0.13572628858561536,-0.14724249775853177,-0.15965805022394475,-0.17296213960962428,-0.18714554939446335,-0.20220033761743422,-0.21811959506046616,-0.23489725716623241,-0.252527955944044,-0.27100690196891897,-0.2903297893391219,-0.31049271833265607,-0.3314921318436812,-0.3533247626589716,-0.3759875892733019,-0.39947779856273513,-0.42379275391573534,-0.4489299677637719,-0.4748870776724054,-0.50166182529962,-0.5292520376704114,-0.5576556103202713,-0.586870491929362,-0.616894670128502,-0.6477261582140214,-0.679362982553381,-0.7118031704565371,-0.7450447383554936,-0.7790856801188611,-0.8139239553568175,-0.8495574775729325,-0.8859841020275505,-0.9232016131785401,-0.9612077115654102,-1.0000000000000004,-1.0395759689219528,-1.0799329807696734,-1.121068253208538,-1.1629788410472417,-1.2056616166541787,-1.2491132486780447,-1.2933301788515632,-1.3383085966247157,-1.384044411377643,-1.4305332219068956,-1.4777702828327544,-1.5257504676025273,-1.5744682276521216,-1.623917547230238,-1.6740918934579165,-1.7249841609865362,-1.776586610553623,-1.8288908008740024,-1.8818875129280728,-1.9355666656567012,-1.9899172223276678,-2.0449270861779505,-2.1005829839370618,-2.1568703362883985,-2.2137731131745784,-2.2712736719991193,-2.329352577475984,-2.3879884002429663,-2.447157491486674,-2.506833731396862,-2.566988247626675,-2.627589101306592,-2.688600935349842,-2.7499845816866793,-2.8116966229258953,-2.873688901762458,-2.935907975520558,-2.9982945056555472,-3.060782580126412,-3.1232989586533932,-3.1857622338626004,-3.2480819055614614,-3.310157353647551,-3.371876708034748,-3.43311560765279,-3.4937358459616807,-3.55358389471364,-3.6124893117228805,-3.670263031811782
-0.07448359431916324,-0.07386568462419883,-0.07482423661314493,-0.0771517788561728,-0.08071457803420674,-0.0854213521956434,-0.09120698799649245,-0.09802338013326581,-0.10583395416940194,-0.11461022764312365,-0.12432956223195996,-0.13497364406642515,-0.1465274263431262,-0.15897837521136174,-0.17231592019367212,-0.18653104596996703,-0.20161598398603117,-0.21756397592533155,-0.23436908973933007,-0.25202607478960537,-0.2705302464246536,-0.28987739301278614,-0.31006370028691665,-0.3310856891680784,-0.3529401641918013,-0.3756241702875995,-0.3991349562660089,-0.4234699436446815,-0.4486266997781282,-0.4746029144702181,-0.5013963793916034,-0.5290049697630798,-0.5574266278671748,-0.5866593480180853,-0.6167011626781501,-0.6475501294635642,-0.6792043188257272,-0.7116618021886424,-0.7449206403877648,-0.7789788722411217,-0.8138345031111193,-0.8494854933166448,-0.885929746263051,-0.9231650961587172,-0.9611892951870448,-1.0000000000000004,-1.0395947573944135,-1.0799709890248848,-1.121125974998364,-1.1630568361847893,-1.2057605150596515,-1.249233754886574,-1.2934730770233316,-1.338474756103079,-1.384234792845532,-1.4307488841980802,-1.4780123904620113,-1.5260202990840683,-1.5747671846847315,-1.6242471648379242,-1.6744538511808387,-1.7253802952303687,-1.7770189282197415,-1.829361494399126,-1.882398976881868,-1.9361215150651712,-1.9905183128955635,-2.0455775366131705,-2.1012862006055646,-2.1576300404302304,-2.214593370956323,-2.272158927710488,-2.3303076901750837,-2.389018684210704,-2.448268760892053,-2.5080323495828836,-2.568281181487627,-2.628983981222122,-2.6901061212291673,-2.7516092356733113,-2.8134507893331313,-2.875583594888277,-2.937955275892878,-3.000507665403529,-3.0631761379974907,-3.1258888652519308,-3.188565987596454,-3.251118699502225,-3.3134482335445865,-3.375444741286946,-3.4369860627071778,-3.4979363810513444,-3.5581447543242493,-3.617443528169656,-3.6756466283302336
-0.0730417858811519,-0.07253446300455677,-0.07358658009829804,-0.07599522185265922,-0.07962958915889123,-0.08440040124097878,-0.09024397118831831,-0.09711324683760883,-0.10497245398266247,-0.1137937330246735,-0.123554940489625,-0.13423816269061997,-0.1458286815342879,-0.15831423694015304,-0.1716844893042623,-0.18593062022460896,-0.20104503086145614,-0.21702111058495488,-0.23385305703007575,-0.25153573440587185,-0.2700645605950233,-0.2894354162178605,-0.3096445706294915,-0.3306886211008976,-0.3525644423707848,-0.3752691443686624,-0.39880003649834966,-0.4231545971442851,-0.44833044738767563,-0.47432532812933037,-0.5011370799564165,-0.5287636252258914,-0.5572029519363537,-0.5864530990265842,-0.6165121427958695,-0.6473781841943491,-0.679049336774191,-0.711523715087309,-0.7447994233779347,-0.7788745444047777,-0.8137471282541463,-0.8494151810067199,-0.8858766531283919,-0.9231294274567058,-0.9611713066545389,-1.0000000000000004,-1.0396131093766845,-1.0800081143212243,-1.1211823559764469,-1.1631330197879461,-1.2058571167638377,-1.2493514631096143,-1.2936126580259764,-1.3386370594266748,-1.38442075733564,-1.4309595446695549,-1.4782488850683664,-1.5262838774592304,-1.5750592169342157,-1.6245691514666045,-1.6748074340504893,-1.7257672696532604,-1.7774412563085746,-1.8298213197999436,-1.882898641036074,-1.9366635751657957,-1.9911055617086582,-2.0462130243643624,-2.101973259157025,-2.1583723099761167,-2.215394829508573,-2.2730239236790073,-2.3312409783444794,-2.3900254654707784,-2.4493547261204918,-2.509203728087926,-2.5695447944792664,-2.6303473007773515,-2.6915773353040944,-2.7531973197149417,-2.815165585066055,-2.8774358969310674,-2.939956926768582,-3.0026716596540086,-3.065516735946024,-3.128421717020003,-3.1913082679011615,-3.2540892534959385,-3.316667734003513,-3.37893585704066,-3.44077363788932,-3.502047624221731,-3.5626094360210256,-3.6222941844809338,-3.680918767139919
-0.07163221527966113,-0.07123307786039275,-0.07237672440437075,-0.07486469746163579,-0.07856906896958739,-0.08340251632221263,-0.08930274843585645,-0.09622374372282758,-0.1041305110835731,-0.11299580046899899,-0.12279795268675192,-0.1335194456939915,-0.1451458830980597,-0.1576652727532646,-0.1710675010089844,-0.18534394218457095,-0.20048716353678092,-0.21649069897239234,-0.23334887304163968,-0.2510566623469343,-0.26960958511127875,-0.28900361223007903,-0.3092350948853825,-0.33030070505562603,-0.3521973861690098,-0.37492231175006696,-0.39847285048270703,-0.42284653638227027,-0.44804104308560416,-0.47405416147337764,-0.5008837799766009,-0.5285278670516036,-0.5569844554044667,-0.5862516276111509,-0.61632750283517,-0.6472102243964721,-0.6788979479866593,-0.711388830321426,-0.7446810180813963,-0.778772636979915,-0.8136617808220661,-0.8493465004206214,-0.8858247922421193,-0.9230945866573586,-0.9611537356707102,-1.0000000000000004,-1.0396310353739913,-1.080044377907426,-1.12123742840512,-1.1632074354362791,-1.2059514770026238,-1.2494664406160132,-1.2937490015777964,-1.3387955992221074,-1.3846024108868356,-1.4311653233245,-1.4784799012226897,-1.5265413525248042,-1.575344490140176,-1.6248836895783705,-1.6751528420983588,-1.7261453027750338,-1.7778538328243851,-1.8302705356439606,-1.8833867856888362,-1.9371931492496437,-1.9916792964147896,-2.04683390290859,-2.102644540486229,-2.1590975549508444,-2.2161779298302067,-2.273869133861806,-2.332152951032134,-2.3910092904513403,-2.450415973434615,-2.510348495636043,-2.5707797605937452,-2.631679782224839,-2.693015351269917,-2.7547496623241523,-2.816841897020604,-2.879246756923149,-2.9419139432467944,-3.0047875736647778,-3.0678055336176864,-3.130898752323446,-3.1939903962510434,-3.2569949765070842,-3.3198173557720305,-3.382351651925854,-3.4444800294827775,-3.5060713746861425,-3.5669798445202985,-3.627043292491837,-3.6860815675437264
-0.07025416169902908,-0.0699608589112146,-0.07119404225936136,-0.07375961593351431,-0.07753246105945731,-0.08242717108168698,-0.0883828207654414,-0.09535439699580922,-0.10330767500548466,-0.1122160012526985,-0.1220581904744503,-0.13281710390638488,-0.1444786599890021,-0.15703112879383002,-0.17046461780272412,-0.18477068994437384,-0.19994207502709585,-0.21597244840790225,-0.23285625884008135,-0.2505885929150695,-0.26916506704695686,-0.2885817404696295,-0.3088350444336025,-0.3299217240160796,-0.3518387898523782,-0.3745834776862985,-0.39815321419611027,-0.42254558781817264,-0.4477583235987126,-0.47378926130498106,-0.5006363361621644,-0.5282975617115542,-0.5567710143800334,-0.5860548194149173,-0.6161471378926107,-0.6470461545600444,-0.6787500663082786,-0.7112570710741765,-0.7445653570241618,-0.7786730918623451,-0.8135784121301318,-0.849279412365971,-0.8857741340011593,-0.9230605538686988,-0.9611365722022971,-1.0000000000000004,-1.0396485456223068,-1.0800798004876944,-1.1212912237201627,-1.1632801255932663,-1.2060436495979658,-1.249578752953693,-1.2938821853591342,-1.3389504657500242,-1.384779856832075,-1.4313663371072367,-1.478705570069962,-1.526792870269424,-1.5756231658353468,-1.6251909570120104,-1.6754902702971421,-1.7265146076007625,-1.7782568897788071,-1.8307093940047197,-1.8838636841179606,-1.937710533034387,-1.9922398365069698,-2.0474405169565757,-2.103300416078272,-2.159806175292588,-2.2169431021212733,-2.2746950206680094,-2.3330441049503206,-2.3919706924172353,-2.451453075065,-2.5114672660084754,-2.5719867379271046,-2.6329821309252215,-2.6944209248923587,-2.7562670730059993,-2.8184805919695135,-2.8810171026241633,-2.9438273179762513,-3.0068564690448665,-3.070043665800394,-3.1333211834637287,-3.19661366686844,-3.2598372491004444,-3.3228985701163016,-3.385693692107009,-3.448106902458614,-3.510009399682495,-3.571257852140778,-3.6316928315254047,-3.69113711660466
-0.06890692044053207,-0.06871715100352568,-0.0700379206683874,-0.07267940104709442,-0.07651922187779743,-0.081473851405534,-0.08748370088312235,-0.09450474401887043,-0.10250350594632228,-0.11145391685462623,-0.12133525526845648,-0.13213075750624917,-0.14382665011334905,-0.15641145977673654,-0.16987551038746287,-0.1842105494547483,-0.19940946586530253,-0.21546607340252139,-0.23237494236558112,-0.25013126697950877,-0.26873075974407484,-0.288169566334671,-0.30844419634792236,-0.32955146638429084,-0.3514884528345568,-0.3742524523146929,-0.39784094823853505,-0.42225158227907633,-0.44748212976996565,-0.4735304782950846,-0.5003946088466658,-0.5280725790584696,-0.5565625081129496,-0.5858625629840735,-0.6159709457307225,-0.6468858816048345,-0.6786056077778385,-0.7111283624861957,-0.7444523744528421,-0.77857585243046,-0.8134969747364827,-0.8492138786513738,-0.885724649558763,-0.9230273097070897,-0.9611198064724762,-1.0000000000000004,-1.039665650095985,-1.0801144022371405,-1.1213437725542208,-1.1633511316379042,-1.2061336869978994,-1.249688463998304,-1.2940122850699292,-1.3391017469718431,-1.384953195874603,-1.431562699989218,-1.4789260194253957,-1.527038572980182,-1.5758954014630802,-1.6254911271117778,-1.6758199087012111,-1.726875391773396,-1.77865065335609,-1.8311381406401497,-1.8843296027728722,-1.9382160148703815,-1.992787493544122,-2.0480332026886168,-2.10394124826019,-2.160498561120773,-2.217690766067598,-2.275502035260566,-2.3339149247950925,-2.3929101918074895,-2.452466589565966,-2.512560638417921,-2.5731663690720668,-2.6342550357583834,-2.6957947944367597,-2.757750342704575,-2.820082517025284,-2.8827478409990634,-2.945698021646419,-3.008879384256317,-3.072232242933538,-3.1356901971906073,-3.1991793472347503,-3.2626174239443113,-3.3259128193087735,-3.388963513746427,-3.451655890903279,-3.513863434852846,-3.5754452991195635,-3.6362447486274494,-3.6960874692792753
-0.06758980256202103,-0.06750131376638129,-0.06890776058324394,-0.07162348979179278,-0.07552882042396727,-0.08054205512856606,-0.08660491288993433,-0.09367433303494066,-0.10171757450329222,-0.11070913869979279,-0.12062875800194355,-0.13146003578210727,-0.14318950009891632,-0.15580592876677246,-0.16929985745848294,-0.18366321431673197,-0.19888904390395068,-0.21497129546750054,-0.23190465824934423,-0.24968443180068836,-0.268306422644616,-0.28776686103995075,-0.3080623332425217,-0.3291897258331066,-0.35114617953644056,-0.37392905052169173,-0.3975358777058867,-0.4219643548392658,-0.44721230644476584,-0.4732776668758044,-0.5001584618866076,-0.5278527922323755,-0.5563588189069006,-0.5856747496867732,-0.6157988267034118,-0.6467293148121773,-0.6784644905662088,-0.7110026316005689,-0.7443420062862449,-0.7784808635034868,-0.8134174224071183,-0.8491498620581908,-0.8856763108031667,-0.9229948352828871,-0.961103428953622,-1.0000000000000004,-1.0396823585151471,-1.0801482028167149,-1.1213951047594648,-1.163420493895287,-1.2062216403152521,-1.249795636000301,-1.2941393744854064,-1.3392495286143253,-1.3851225261616957,-1.4317545230522541,-1.479141373867471,-1.5272785993458278,-1.5761613504910856,-1.6257843688520606,-1.676141942582637,-1.7272278577215723,-1.7790353440731597,-1.8315570151653526,-1.8847848014606214,-1.938709875940406,-1.9933225713650633,-2.0486122879833486,-2.104567390445026,-2.1611750929959714,-2.2184213311170087,-2.2762906178492877,-2.3347658835565857,-2.393828296563255,-2.4534570621614744,-2.5136291978725946,-2.574319281500334,-2.63549916952391,-2.697137681086383,-2.7592002442386203,-2.821648500092217,-2.884439858685305,-2.947527003468116,-3.0108573351059196,-3.074372351607846,-3.138006955206314,-3.201688678594187,-3.265336826307935,-3.3288615171121227,-3.392162623465973,-3.4551285984476987,-3.5176351846274483,-3.5795439939365608,-3.6407009588143264,-3.700934648569173
-0.06630213452561547,-0.06631272127492371,-0.06780297657985224,-0.07059133205766421,-0.07456073794900167,-0.0796312917467317,-0.08574599200460842,-0.0928627229000499,-0.10094946141475014,-0.10998126791027837,-0.1199383188851891,-0.1308045769007238,-0.14256686507154295,-0.15521420696313878,-0.16873734549676442,-0.18312838558178346,-0.19838052412291354,-0.21448784292939854,-0.23144514763598026,-0.24924784085979254,-0.2678918211271212,-0.2873734014603389,-0.30768924312237034,-0.32883630116332596,-0.35081177924996565,-0.37361309181325686,-0.39723783206694835,-0.4216837447036505,-0.4469487023608024,-0.4730306851366596,-0.49992776256401467,-0.5276380775694961,-0.5561598320345633,-0.5854912736346313,-0.6156306836837482,-0.6465763657590667,-0.6783266349167549,-0.7108798073095972,-0.7442341900685339,-0.7783880713010886,-0.8133397100820057,-0.8490873263132253,-0.885629090336944,-0.9229631121865561,-0.961087430360303,-1.0000000000000004,-1.0396986803528276,-1.0801812213876567,-1.1214452494295168,-1.1634882516661977,-1.206307559365107,-1.2499003296305013,-1.2942635255099726,-1.3393938942320696,-1.3852879433560368,-1.4319419145690713,-1.4793517548280013,-1.527513084556682,-1.5764211625215583,-1.6260708469581133,-1.6764565525629296,-1.7275722028027949,-1.779411176934684,-1.8319662512200268,-1.8852295335261509,-1.9391923904532713,-1.9938453662959774,-2.0491780926395973,-2.1051791873685888,-2.161836142172089,-2.2191351967474646,-2.2770611979754025,-2.3355974428204447,-2.394725502446514,-2.45442502508144,-2.514673515530391,-2.5754460879347145,-2.6367151893311327,-2.698450289350155,-2.7606175327264655,-2.8231793503077873,-2.8860940224495018,-2.9493151916438394,-3.0127913152270764,-3.0764650550559884,-3.1402725946613366,-3.204142876450244,-3.2679967545531023,-3.3317460492591175,-3.395292498806925,-3.458526598697148,-3.521326322612748,-3.5835557136465774,-3.6450633453327193,-3.7056806456894797
-0.06504325785327467,-0.06515076172170377,-0.06672299654339878,-0.06958239033300923,-0.07361446766469688,-0.07874108213692356,-0.0849064842935055,-0.09206948282290282,-0.10019875730901348,-0.10926991506294116,-0.11926356717188458,-0.13016402768175603,-0.14195840843785346,-0.1546359734901155,-0.16818766856736855,-0.1826057715577104,-0.1978836284427038,-0.21401545075064018,-0.23099615801116932,-0.24882125369340286,-0.2674867263482067,-0.2869889699791081,-0.3073247192381712,-0.3284909961652166,-0.3504850660061157,-0.37330440018929195,-0.3969466450441513,-0.42140959509482334,-0.4466911700413476,-0.47278939472406173,-0.49970238149208046,-0.5274283145140313,-0.5559654356554928,-0.5853120316067095,-0.615466421994053,-0.6464269482543494,-0.6781919630876552,-0.7107598203032681,-0.7441288649238877,-0.7782974234042627,-0.8132637938422735,-0.8490262360622859,-0.8855829614570214,-0.9229321224752346,-0.9610718016425007,-1.0000000000000004,-1.0397146248418914,-1.0802134766254803,-1.1214942349206711,-1.1635544432557476,-1.2063914927010595,-1.2500026040241803,-1.2943848082293858,-1.3395349252680104,-1.3854495407048173,-1.4321249800813063,-1.4795572806793373,-1.5277421604013872,-1.5766749833978304,-1.6263507220229876,-1.6767639147406486,-1.7279086194421442,-1.7797783615833245,-1.8323660766307188,-1.8856640460270275,-1.9396638258315289,-1.9943561673516037,-2.0497309285915657,-2.105776975319162,-2.1624820708411145,-2.2198327527273545,-2.2778141947878967,-2.3364100530606704,-2.3956022933498464,-2.4553709978887683,-2.5156941490434486,-2.576547386711371,-2.6379037369790748,-2.6997333074601166,-2.762002946000596,-2.8246758584736193,-2.8877111796337687,-2.951063493828014,-3.014682296551967,-3.078511393634056,-3.1424882286418563,-3.2065431310548655,-3.270598480619773,-3.3345677739282347,-3.3983545886876705,-3.4618514356614942,-3.524938491982795,-3.587482204218417,-3.649333759930602,-3.7103274202533227
-0.06381252879007013,-0.06401483709560438,-0.06566726136097231,-0.06859613940936918,-0.0726895144599666,-0.07787095828393265,-0.0840859464075644,-0.09129419211133076,-0.09946506245990855,-0.10857469995371288,-0.11860414093187883,-0.1295380433786825,-0.14136380167413776,-0.15407091519368302,-0.16765052812360934,-0.18209508762021837,-0.19739808554323973,-0.213553860355353,-0.23055744303443335,-0.24840443573307852,-0.2670909150888373,-0.2866133543407916,-0.3069685599457044,-0.32815361948425276,-0.3501658584469719,-0.3730028040219285,-0.396662154498029,-0.42114175314362334,-0.446439565691874,-0.47255366074394317,-0.49948219252376974,-0.527223385532704,-0.5557755207365971,-0.5851369229759064,-0.6153059493381973,-0.6462809782769418,-0.6780603992960524,-0.710642603019365,-0.744025971512605,-0.7782088687174845,-0.8131896308784553,-0.8489665568445957,-0.8855378981353326,-0.9229018486597267,-0.9610565339790482,-1.0000000000000004,-1.0397302009817282,-1.0802449867335109,-1.1215420888724348,-1.1636191060011014,-1.2064734876503227,-1.250102516823763,-1.2945032909612637,-1.339672701111992,-1.3856074091066417,-1.4323038224750315,-1.4797580668188177,-1.5279659553606104,-1.5769229553076747,-1.6266241506208052,-1.6770642008150372,-1.7282372952666833,-1.7801371024453467,-1.832756713568092,-1.8860885799028384,-1.9401244428934794,-1.9948552564303614,-2.050271100117589,-2.1063610823604026,-2.1631132323706805,-2.2205143793682334,-2.2785500173119217,-2.337204153924164,-2.3964591415975347,-2.456295487797394,-2.5166916428934156,-2.577623762132492,-2.6390654393265702,-2.7009874077588787,-2.763357205012095,-2.826138797476315,-2.8892921585919944,-2.952772797577365,-3.0165312297741838,-3.0805123852940275,-3.144654946648917,-3.2088906078903294,-3.2731432505056963,-3.3373280222148587,-3.401350313858973,-3.465104624185435,-3.528473305873549,-3.591325180880306,-3.653514023138563,-3.7148769004713076
-0.06260931797498698,-0.06290436286818331,-0.06463522462150938,-0.06763206609371437,-0.07178539462427011,-0.07702046301434723,-0.08328394532606256,-0.09053643992541796,-0.09874798654884898,-0.1078952513682778,-0.11795968683015445,-0.12892628746580992,-0.14078272412115156,-0.15351872644390294,-0.16712563281682288,-0.18159605602989226,-0.19692363068787797,-0.2131028194603029,-0.23012876237683755,-0.24799715814969697,-0.2667041696051886,-0.2862463475084593,-0.3066205685694166,-0.3278239844909276,-0.3498539797016631,-0.37270813593753793,-0.39638420231522276,-0.42088006978307363,-0.4461937490998729,-0.4723233516674102,-0.4992670726632694,-0.5270231760319795,-0.5555899809751024,-0.5849658496376561,-0.6151491757360331,-0.6461383739159958,-0.6779318696639685,-0.7105280895951549,-0.7439254519885978,-0.778122357432054,-0.8131171794597402,-0.8489082550680135,-0.8854938750000888,-0.9228722736919098,-0.9610416187712761,-1.0000000000000004,-1.0397454175447358,-1.0802757694559932,-1.1215888382274186,-1.1636822762983197,-1.2065535903477107,-1.2502001242201586,-1.2946190403039919,-1.3398072991574888,-1.3857616371763215,-1.4324785420539017,-1.4799542257505658,-1.5281845946978092,-1.5771652168833818,-1.6268912854165072,-1.6773575782058228,-1.7285584132357155,-1.780487598871759,-1.8331383786993876,-1.886503370139438,-1.9405744960296878,-1.9953429085036254,-2.0507989040426735,-2.1069318285476624,-2.163729971534682,-2.221180447770249,-2.279269064709525,-2.3379801745072375,-2.3972965082382958,-2.4571989899816122,-2.5176665287176907,-2.57867578480966,-2.6402009086528553,-2.7022132470773568,-2.7646810142252454,-2.827568922698393,-2.89083776911628,-2.9544439707916204,-3.0183390448020093,-3.082469026047368,-3.1467738150693982,-3.2111864481438586,-3.2756322847399577,-3.3400280985979287,-3.4042810673565693,-3.4682876503783753,-3.5319323477796036,-3.595086328471049,-3.657605924560726,-3.7193309833650825
-0.061433010119086084,-0.061818767687260134,-0.06362635232286665,-0.06668966892763889,-0.0709016355779224,-0.07618914973720431,-0.0825000581069949,-0.08979582503710729,-0.09804714843325099,-0.10723120685894258,-0.11732985991184472,-0.12832843143116773,-0.14021486278464906,-0.1529791089428743,-0.16661269831155204,-0.1811084057544326,-0.19646000555253842,-0.21266208191075814,-0.22970988156345556,-0.2475991977023926,-0.2663262774839415,-0.28588774752525903,-0.30628055327010933,-0.32750190915449484,-0.34954925726607783,-0.3724202327023375,-0.39611263429991267,-0.4206243996455763,-0.44595358353775955,-0.4720983392393122,-0.499056901980184,-0.5268275742778572,-0.5554087127239198,-0.5847987159408563,-0.6149960134598765,-0.6459990553129416,-0.6778063021659189,-0.7104162158205984,-0.7438272499582287,-0.7780378409905984,-0.8130463989041956,-0.8488512979850403,-0.8854508673176422,-0.9228433809525417,-0.9610270476368595,-1.0000000000000004,-1.0397602830825954,-1.080305842090781,-1.121634509250594,-1.1637439896283548,-1.2066318457685543,-1.2502954809927944,-1.2947321211840905,-1.3399387948565435,-1.3859123113076361,-1.4326492366100072,-1.48014586716473,-1.528398200547171,-1.577401903298727,-1.6271522752722014,-1.6776442101693232,-1.7288721517670402,-1.7808300452751327,-1.8335112833362484,-1.886908645928228,-1.941014233374191,-1.9958193917993503,-2.05131462993504,-2.1074895261379534,-2.1643326247371837,-2.2218313200604953,-2.2799717265329553,-2.3387385336243494,-2.398114843329892,-2.4580819878769673,-2.518619325626921,-2.5797040119982024,-2.6413107430088894,-2.70341146710304,-2.765975062002537,-2.8289669724195767,-2.892348802853749,-2.956077862144741,-3.020106651202502,-3.0843822904198683,-3.148845877638874,-3.213431769174973,-3.278066778850386,-3.342669281401885,-3.4071482149508623,-3.4714019720435876,-3.5353171719528516,-3.598767301796277,-3.6616112231744986,-3.7236915349940607
-0.060283003690862154,-0.060757493077574144,-0.06264012258584124,-0.06576845791337824,-0.0700377756090992,-0.07537658219120479,-0.08173387164388123,-0.08907195559609557,-0.09736217592109564,-0.10658221252750742,-0.11671432339310361,-0.12774415457510502,-0.13965991214146528,-0.1524517715380843,-0.16611144710596967,-0.18063187229597222,-0.19600695805975107,-0.2122314075211157,-0.22930057182043656,-0.2472103365919365,-0.26595703150185607,-0.28553735738007535,-0.30594832691658164,-0.32718721592050426,-0.3492515228862068,-0.3721389351114631,-0.39584730006855173,-0.42037460096324664,-0.445718935668753,-0.47187849838962237,-0.4988515635263773,-0.5266364713181436,-0.555231614919326,-0.5846354286209422,-0.6148463769729685,-0.6458629446053384,-0.6776836265781657,-0.7103069190930231,-0.7437313104404348,-0.7779552720526888,-0.8129772495499257,-0.8487956536695787,-0.8854088509749184,-0.9228151542394488,-0.9610128124038602,-1.0000000000000004,-1.039774805932352,-1.080335221501631,-1.1216791275479479,-1.163804280582227,-1.2067082977605792,-1.25038864054839,-1.2948425969020987,-1.3400672617729859,-1.3860595157341333,-1.432816001492523,-1.4803330980142624,-1.5286068919988245,-1.5776331463629412,-1.627407265350239,-1.6779242559109888,-1.7291786848593516,-1.7811646312622649,-1.833875633578069,-1.8873046308206456,-1.9414438969705874,-1.9962849679802426,-2.0518185602968724,-2.1080344797937816,-2.164921520229839,-2.2224673496245377,-2.2806583829707874,-2.3394796400693156,-2.3989145862158825,-2.4589449534729577,-2.5195505405140133,-2.5807089879227734,-2.642395526559674,-2.704582694739065,-2.7672400209803305,-2.830333668208665,-2.8938260337139674,-2.9576753015068706,-3.021834938636551,-3.086253131897864,-3.1508721558964305,-3.2156276649756106,-3.280447903824795,-3.3452528232538006,-3.4099530955934942,-3.4744490191063564,-3.5386293038026624,-3.6023697259892566,-3.6655316476384496,-3.7279603906944443
-0.059158710608637116,-0.05971999314834519,-0.061676025374965596,-0.06486795424647374,-0.06919336361735849,-0.0745823341983117,-0.08098498242882032,-0.08836444890183653,-0.09669270555145704,-0.10594792281395846,-0.11611274845765049,-0.12717314381441322,-0.13911757395097346,-0.15193643004098226,-0.1656216083573715,-0.18016619752330854,-0.19556424221746305,-0.21181056192013212,-0.22890060992652045,-0.24683036231840758,-0.26559622948948014,-0.28519498487716577,-0.30562370696109326,-0.326879731591998,-0.3489606124449888,-0.371864087881388,-0.39558805294778776,-0.42013053547127654,-0.44548967545562734,-0.47166370714752875,-0.498650943255366,-0.5264497609071159,-0.5550585890108742,-0.5844758967350299,-0.614700182869844,-0.6457299658724697,-0.677563774429548,-0.7102001383732093,-0.7436375798280979,-0.7778746044615311,-0.8129096927271308,-0.8487412909944204,-0.8853678024624005,-0.9227875777560877,-0.9609989051049538,-1.0000000000000004,-1.0397889942223022,-1.0803639241301093,-1.1217227180845522,-1.1638631828854147,-1.2067829890747899,-1.2504796549585226,-1.2949505291770258,-1.3401927716339936,-1.3862033325880392,-1.4329789296742257,-1.4805160225893204,-1.5288107851814228,-1.5778590746117924,-1.627656397213127,-1.6781978706945095,-1.7294781822109146,-1.7814915417628225,-1.8342316304510309,-1.8876915428780239,-1.9418637229331817,-1.9967398923166637,-2.0523109707494656,-2.1085669867810406,-2.16549697832304,-2.223088881331319,-2.2813294050870936,-2.3402038928692326,-2.399696165794761,-2.45978834759781,-2.520460668354913,-2.5816912440944337,-2.6434558299178232,-2.705727542454338,-2.768476548435422,-2.8316697153062216,-2.895270218267174,-2.959237100357204,-3.023524777285066,-3.088082483365954,-3.1528536496315303,-3.2177752066230414,-3.2827768065660106,-3.347779951535585,-3.4126970218606036,-3.4774301940407857,-3.5418702402971514,-3.605895196875679,-3.66936889660762,-3.7321393553297075
-0.05805955593983126,-0.05870573430757452,-0.06073356222590895,-0.06398769005491076,-0.0683679588635026,-0.07380598942355417,-0.08025299632161288,-0.08767293118147335,-0.09603838238081851,-0.10532800029080508,-0.11552481405881426,-0.1266150934918019,-0.13858755707174752,-0.15143280705060913,-0.16514291771257467,-0.17971112950889057,-0.195131617962449,-0.21139931640060539,-0.22850977806885198,-0.24645906754300972,-0.2652436741988504,-0.2848604425096366,-0.30530651531851405,-0.3265792872142419,-0.3486763658525384,-0.3715955395455693,-0.39533474987546036,-0.4198920683142197,-0.4452656760722306,-0.47145384655814065,-0.4984549299441735,-0.5262673394324917,-0.5548895388934564,-0.5843200315990537,-0.6145573498185366,-0.6456000450826161,-0.6774466789538327,-0.7100958141428363,-0.743546005850611,-0.777795793211691,-0.8128436907310362,-0.8486881796094339,-0.8853276988576423,-0.9227606361004598,-0.9609853179718381,-1.0000000000000004,-1.0398028558777,-1.080391966007128,-1.1217653052020689,-1.163920729421485,-1.206855961395392,-1.2505685749960271,-1.295055978189426,-1.340315394380059,-1.3863438419573506,-1.433138111815961,-1.4806947425893813,-1.529009993342195,-1.5780798133958793,-1.6278998089203995,-1.6784652059476073,-1.729770809334652,-1.7818109571541145,-1.8345794700429687,-1.8880695948169863,-1.9422739416033574,-1.9971844138544466,-2.05279213021297,-2.109087337161175,-2.1660593115910047,-2.223696251751677,-2.2819851550538903,-2.340911681531344,-2.400460000781716,-2.4606126201955685,-2.521350192501402,-2.582651299619473,-2.6444922104686293,-2.706846608624942,-2.7696852866427424,-2.832975802998308,-2.8966820961335373,-2.9607640521879515,-3.0251770182664672,-3.0898712575363514,-3.154791337323006,-3.2198754427256113,-3.2850546103406613,-3.350251868831152,-3.4153812803925723,-3.4803468722949953,-3.5450414503651406,-3.609345281341935,-3.673124639055609,-3.736230203551728
-0.056984977606958545,-0.057714194982925286,-0.05981224597932125,-0.06312720814456411,-0.06756113072561257,-0.07304714114086783,-0.07953752832478371,-0.08699703737353134,-0.09539885977500859,-0.10472211546289475,-0.11495020672691172,-0.12606970519056349,-0.13806957728326766,-0.1509406317821241,-0.16467511714306604,-0.17926642237040788,-0.19470885100817514,-0.2109974477733625,-0.22812786370295146,-0.24609624995389737,-0.26489917317505407,-0.28453354733663044,-0.3049965782490369,-0.32628571796287015,-0.34839862693963847,-0.3713331423532126,-0.3950872513045666,-0.4196590679550971,-0.44504681381767547,-0.47124880060171753,-0.4982634151175573,-0.5260891058446237,-0.5547243708414392,-0.5841677467268284,-0.614417798504558,-0.6454731100419511,-0.6773322750435332,-0.7099938883632406,-0.743456537537603,-0.7777187944178163,-0.8127792067956578,-0.8486362899204268,-0.8852885178092917,-0.9227343142543717,-0.9609720434298136,-1.0000000000000004,-1.0398163986262845,-1.0804193627641232,-1.121806912635717,-1.1639769522549936,-1.2069272553687904,-1.2506554501702691,-1.295159002623144,-1.3404351982134155,-1.3864811219411692,-1.4332936363291333,-1.4808693571931488,-1.5292046269245503,-1.5782954849662398,-1.6281376351225454,-1.6787264093646306,-1.7300567276697651,-1.7821230533821224,-1.8349193436342157,-1.888438994150529,-1.9426747777013373,-1.9976187755777957,-2.053262301080908,-2.1095958139778017,-2.1666088250709983,-2.224289789370671,-2.2826259863770737,-2.3416033862830785,-2.401206499963239,-2.461418210595719,-2.522219584966146,-2.5835896615002087,-2.6455052126868637,-2.7079404778670777,-2.7708668632244167,-2.8342526049814665,-2.898062390363635,-2.962256932899595,-3.0267924940456203,-3.0916203473699864,-3.1566861765702696,-3.2219293998613514,-3.2872824152217066,-3.3526697533684695,-3.418007132330098,-3.4832004027144343,-3.5481443752984436,-3.6127215177063565,-3.676800514602807,-3.7402346800717954
-0.0559344261001956,-0.05674486534902762,-0.058911600520959465,-0.06228606175078821,-0.06677245846109009,-0.07230539200480567,-0.07883820236433617,-0.08633641091720443,-0.09477379920659063,-0.1041299465725406,-0.11438862038179681,-0.1255366875542668,-0.13756335711251177,-0.15045963990007263,-0.16421795478474757,-0.17883183611683207,-0.19429571269697138,-0.21060473822540984,-0.2277546594167044,-0.2457417121358748,-0.264562538631519,-0.2842141208640985,-0.3046937262443307,-0.3259988630353276,-0.3481272433543866,-0.3710767521710443,-0.394845421110092,-0.4194314060872239,-0.44483296803310796,-0.4710484561153323,-0.49807629297452677,-0.5259149615878388,-0.5545629934448012,-0.584018957770966,-0.6142814515765848,-0.6453490903449959,-0.6772204992051406,-0.7098943044354377,-0.7433691251837737,-0.7776435652843212,-0.812716205068375,-0.8485855930686604,-0.8852502375216076,-0.9227085975730263,-0.9609590740925325,-1.0000000000000004,-1.0398296300036387,-1.080446129643891,-1.1218475635307128,-1.1640318826536784,-1.2069969106316945,-1.2507403287613361,-1.2952596597057786,-1.3405522496449798,-1.3866152487033452,-1.4334455894362879,-1.4810399631263305,-1.5293947936433272,-1.5785062085573633,-1.6283700071521032,-1.678981625006062,-1.7303360946900113,-1.7824280020789232,-1.835251437824565,-1.8887999433249378,-1.943066450473491,-1.9980432145674376,-2.0537217393896343,-2.1100926934379665,-2.1671458164568813,-2.224869814793921,-2.2832522441160505,-2.3422793783054674,-2.401936062444811,-2.4622055477755946,-2.523069306700222,-2.5845068249279963,-2.646495368445544,-2.7090097213617526,-2.7720218914904136,-2.8355007797191845,-2.8994118078103677,-2.963716501187606,-3.028372018834393,-3.0933306264894918,-3.1585391045168243,-3.2239380830094952,-3.289461298524695,-3.3550347594564016,-3.4205758137464257,-3.4859921079630656,-3.5511804291541136,-3.6160254160929775,-3.680398133850175,-3.7441544999407514
-0.054907364196377546,-0.05579724706105584,-0.0580311605279418,-0.061463814295994144,-0.06600153097454797,-0.07158035382795949,-0.07815465107607972,-0.08569070354707613,-0.0941628700575484,-0.10355117940980563,-0.11383975615042653,-0.12501575611132648,-0.13706862566528144,-0.14998957335624827,-0.1637711847821344,-0.17840713649876971,-0.19389197985637335,-0.21022097518211286,-0.22738996279823828,-0.2453952614438422,-0.26423358732891056,-0.2839019889290381,-0.30439779391701915,-0.3257185655454965,-0.34786206646188617,-0.37082622838799156,-0.3946091264986085,-0.4192089575486647,-0.4446240210209651,-0.4708527027168838,-0.4978934603170712,-0.5257448105338494,-0.5544053175472007,-0.583873582465583,-0.6141482335937944,-0.6452279173265839,-0.67711128951572,-0.7097970071613647,-0.7432837203148063,-0.777570064075997,-0.8126546505852824,-0.8485360609109904,-0.8852128367394503,-0.9226834717749316,-0.960946402756907,-1.0000000000000004,-1.0398425573583823,-1.080472281511087,-1.1218872804582076,-1.1640855511099737,-1.2070649658383639,-1.250823257853182,-1.2953580052479114,-1.3406666135398637,-1.386746296524486,-1.433594055229851,-1.4812066547273604,-1.5295805985577677,-1.578712100467705,-1.6285970531120189,-1.679230993395049,-1.7306090640087533,-1.782725970676623,-1.8355759346564795,-1.8891526398526801,-1.9434491738353379,-1.9984579621541811,-2.0541706949829175,-2.1105782450882224,-2.1676705762871737,-2.225436640948155,-2.283864265097265,-2.342940019960147,-2.402649077891866,-2.4629750506157575,-2.5238998078633483,-2.5854032735686716,-2.647463197316887,-2.7100548971714433,-2.7731509707709896,-2.83672097079003,-2.9007310394924857,-2.9651434989208103,-3.0299163889839695,-3.0950029495841958,-3.160351038266171,-3.225902475974945,-3.2915923152377315,-3.357348017916278,-3.423088536075594,-3.4887232849421768,-3.554150999156319,-3.6192584588073387,-3.6839190787179863,-3.7479913488375423
-0.05390326668427679,-0.05487085299443037,-0.05717047122097742,-0.06066003915305977,-0.06524794659139398,-0.07087164736393645,-0.0774865155973745,-0.0850595750931199,-0.09356574942711307,-0.10298550712779024,-0.11330332218929196,-0.1245066331042992,-0.13658511846211663,-0.14953018023200473,-0.16333456713686453,-0.17799209486298853,-0.1934974346594996,-0.20984595117327232,-0.22703357630755927,-0.24505670987986405,-0.26391214045751343,-0.28359698158708,-0.3041086198933721,-0.3254446724214014,-0.34760295124688007,-0.3705814338226683,-0.39437823792054466,-0.4189916002392256,-0.44441985796663463,-0.4706614327313772,-0.4977148164810208,-0.525578558917161,-0.5542512561859058,-0.5837315405707341,-0.6140180709747933,-0.6451095240152768,-0.6770045855808214,-0.7097019427062995,-0.7432002756543138,-0.777498250089518,-0.8125945092472918,-0.8484876660006142,-0.8851762947337303,-0.9226589229321198,-0.9609340223981754,-1.0000000000000004,-1.0398551878572062,-1.0804978328624095,-1.1219260854307402,-1.1641379873618698,-1.2071314586870225,-1.2509042833657638,-1.2954540936811425,-1.3407783531615045,-1.386874337852393,-1.4337391157290966,-1.4813695240111413,-1.5297621441422955,-1.5789132741377807,-1.6288188979613605,-1.6794746516110564,-1.7308757854808898,-1.7830171225179283,-1.8358930117346801,-1.8894972764414117,-1.9438231565103916,-1.9988632440680387,-2.0546094116717937,-2.1110527319856893,-2.168183388127805,-2.2259905732761416,-2.284462378121816,-2.3435856650101545,-2.403345926764245,-2.4637271281485837,-2.5247115280870287,-2.586279479840644,-2.6484092068656655,-2.7110765505489507,-2.7742546867411484,-2.837913807227669,-2.902020760949932,-2.9665386515115735,-3.031426383369088,-3.0966381528072477,-3.162122875290198,-3.227823541805742,-3.293676498445168,-3.359610636508119,-3.4255464865365575,-3.4913952052066137,-3.557057446097536,-3.622422100713932,-3.687364902788994,-3.7517468833655045
-0.052921620096024476,-0.05396520699049903,-0.05632908812242558,-0.059874319414424566,-0.06451131283695799,-0.07017890209573992,-0.0768334453641426,-0.08444269328582923,-0.09298212194458318,-0.1024326300627762,-0.11277903351156912,-0.12400904732376354,-0.1361125772786578,-0.1490812145848792,-0.1629078675603843,-0.17758648801098414,-0.19311186448933448,-0.2094794637029725,-0.22668530715182633,-0.24472587397374154,-0.26359802352298467,-0.28329893300331316,-0.30382604670910346,-0.32517703430588746,-0.34734975621922703,-0.37034223463357285,-0.3941526289850364,-0.41877921503989696,-0.44422036686243527,-0.4704745411193948,-0.49754026326896666,-0.5254161152724106,-0.5541007245335233,-0.5835927538185137,-0.6138908919480786,-0.6449938450881846,-0.6769003284936617,-0.7096090585624141,-0.7431187450917868,-0.7774280836258097,-0.8125357477969593,-0.8484403815684014,-0.8851405912872989,-0.9226349374606617,-0.9609219261651153,-1.0000000000000004,-1.0398675284897563,-1.0805227978364718,-1.1219639999172193,-1.1641892204131377,-1.207196425945476,-1.2509834500862054,-1.2955479780949781,-1.340887530214463,-1.3869994433509745,-1.4338808509353997,-1.4815286607308729,-1.5299395303551775,-1.5791098402259363,-1.6290356635984853,-1.6797127333807438,-1.7311364053017773,-1.7833016169634621,-1.8362028423422312,-1.8898340411192258,-1.9441886021649848,-1.9992592805830574,-2.0550381273898566,-2.111516410864266,-2.1686845287497274,-2.226531909926195,-2.285046904167348,-2.344216658834701,-2.4040269805443426,-2.4644621798002477,-2.5255048967308205,-2.5871359051858454,-2.649333892935182,-2.7120752142386473,-2.7753336117373086,-2.839079903852965,-2.9032816325911837,-2.9679026682779694,-3.0329027637643478,-3.098237054165003,-3.1638554938301513,-3.229702223203593,-3.2957148597450083,-3.3618237003514753,-3.4279508285530698,-3.4940091153782147,-3.5599011047387585,-3.6255177696148686,-3.6907371316554856,-3.755422731355726
-0.05196192244453712,-0.05307984360805883,-0.05550657682004091,-0.05910624766672451,-0.06379124622101798,-0.06950175602941008,-0.0761950979130015,-0.08383973356633351,-0.09241167958699464,-0.10189225555908565,-0.11226661181885071,-0.12352273394664648,-0.13565074999032095,-0.1486424362993955,-0.16249085733068105,-0.1771900980614614,-0.19273506180679398,-0.2091213151230804,-0.2263449671641458,-0.24440257466697524,-0.26329106623536724,-0.2830076813462415,-0.30354992070817177,-0.3249155054601749,-0.34710234332212575,-0.37010850023190717,-0.3939321763772721,-0.41857168573466336,-0.44402543843383796,-0.47029192540768083,-0.49736970488517085,-0.5252573903735663,-0.5539536398414638,-0.5834571458607665,-0.6137666265039818,-0.6448808168271395,-0.6767984607955295,-0.7095183035134249,-0.7430390836515047,-0.7773595259632496,-0.81247833379601,-0.8483941815047886,-0.8851057066812648,-0.9226115021114683,-0.9609101073754039,-1.0000000000000004,-1.0398795860733658,-1.0805471902233743,-1.1220010448574531,-1.1642392785529447,-1.207259903475951,-1.2510608016990217,-1.295639710272606,-1.3409942048859362,-1.387121681947695,-1.4340193388858342,-1.481684152438034,-1.5301128547051377,-1.57930190668186,-1.6292474689417404,-1.6799453691661614,-1.7313910661032423,-1.7835796094959395,-1.836505595553246,-1.8901631173562703,-1.9445457095392062,-1.999646286658002,-2.0554570743441265,-2.1119695322961465,-2.1691742683015534,-2.2270609419364193,-2.285618156584394,-2.3448333386381055,-2.4046926019591237,-2.465180595626301,-2.5262803331319224,-2.5879730003337413,-2.6502377399260557,-2.713051408770323,-2.776388305066389,-2.8402198615983383,-2.9045143000327664,-2.9692362427981114,-3.034346275212729,-3.0998004538987867,-3.165549753290269,-3.2315394429275024,-3.2977083896600403,-3.3639882723408134,-3.4303027021692016,-3.4965662375562645,-3.5626832842084335,-3.628546866629385,-3.694037263269737,-3.759020492176847
-0.05102368296681417,-0.052214307880578105,-0.054702512736264045,-0.05835542577082491,-0.0630873720275811,-0.06883985549278061,-0.0755711386883768,-0.08325037890135761,-0.09185412150150071,-0.10136409779851663,-0.1117657853373213,-0.12304743437886162,-0.13519939042115298,-0.14821361094191712,-0.16208331315293506,-0.17680271231660613,-0.1923668240224529,-0.2087713125102788,-0.22601237268577237,-0.24408663720000737,-0.26299110240125745,-0.2827230686847691,-0.30328009194448463,-0.32465994367019174,-0.34686057784299407,-0.36988010319692693,-0.3937167597782468,-0.41836889893460066,-0.44383496606785167,-0.4701134856217698,-0.49720304787239544,-0.5251022971749258,-0.5538099213850822,-0.583324642218351,-0.6136452063480453,-0.6447703770761765,-0.6766989264373758,-0.7094296276002998,-0.7429612474623792,-0.7772925393316721,-0.8124222356035389,-0.8483490403422171,-0.885071621681721,-0.9225886039613687,-0.9608985595111167,-1.0000000000000004,-1.0398913672576493,-1.0805710234739931,-1.1220372406762436,-1.1642881893748815,-1.207321926259195,-1.2511363808154385,-1.2957293407256025,-1.3410984358860292,-1.3872411208796067,-1.4341546557051754,-1.4818360845405814,-1.530282212315998,-1.5794895788179275,-1.6294544300077876,-1.6801726862503534,-1.7316399070467843,-1.7838512518213083,-1.8368014363423202,-1.8904846841828564,-1.9448946725740806,-2.000024472073023,-2.055866479161643,-2.1124123408487923,-2.169652870477378,-2.227577953413861,-2.2861764412873447,-2.3454360336530806,-2.4053431451962086,-2.4658827565410353,-2.527038246848277,-2.588791205558595,-2.6511212210680224,-2.714005642745825,-2.7774193133074947,-2.841334267824586,-2.9057193944311317,-2.970540053256801,-3.035757646386486,-3.101329134859167,-3.167206494624189,-3.2333361041905704,-3.2996580580427093,-3.3661053935554324,-3.432603224460398,-3.49906776972479,-3.565405268399873,-3.6315107665738315,-3.6972667682973768,-3.762541737050706
-0.050106421872975315,-0.05136815507898732,-0.053916480902923225,-0.05762146464711528,-0.06239932410978441,-0.06819285493921584,-0.07496124085445904,-0.08267431960289139,-0.09130915383232818,-0.1008478776342231,-0.1112762886582466,-0.12258289610213119,-0.13475825819674211,-0.14779450961942667,-0.1616850170239712,-0.17642412313202963,-0.1920069533718194,-0.2084292675465212,-0.22568734445160799,-0.24377789100263872,-0.2626979698190238,-0.2824449408881149,-0.30301641408641133,-0.3244102101555951,-0.3466243283269166,-0.36965691919374116,-0.3935062617868456,-0.41817074400418347,-0.44364884574350133,-0.46993912422058776,-0.49704020105058844,-0.5249507507538528,-0.5536694904104379,-0.5831951702319049,-0.6135265648557777,-0.6446624652002764,-0.6766016707425436,-0.7093429820879857,-0.7428851937286958,-0.777227086887148,-0.8123674223548616,-0.8483049332380962,-0.8850383175268709,-0.9225662304044555,-0.9608872762143602,-1.0000000000000004,-1.0399028785289557,-1.0805943107089861,-1.1220726072970577,-1.1643359797954183,-1.2073825284178523,-1.251210229001836,-1.2958169187276023,-1.3412002804868277,-1.3873578257380137,-1.4342868756563614,-1.4819845403594287,-1.53044769598941,-1.5796729593784413,-1.6296566599876288,-1.6803948088204586,-1.731883063914063,-1.7841166919669535,-1.837090525690806,-1.8907989163041725,-1.945235680535112,-2.0003940415624433,-2.056266563031925,-2.112845075237511,-2.170120592679936,-2.2280832217087214,-2.2867220569402114,-2.346025065338525,-2.4059789561141947,-2.4665690345408136,-2.5277790378953755,-2.589590950930178,-2.6519847986849396,-2.7149384131186807,-2.7784271706063937,-2.8424236966303376,-2.906897532807057,-2.9718147627846587,-3.0371375899405417,-3.102823862872854,-3.1688265407142073,-3.235093091050023,-3.3015648144737506,-3.3681760836638577,-3.4348534899399814,-3.501514886156524,-3.568068316366884,-3.6344108183417876,-3.7004270904732195,-3.765988009373251
-0.04920967010090924,-0.05054095047990716,-0.05314807574121422,-0.056903984065933964,-0.06172674468978133,-0.06756041675619491,-0.0743650851118715,-0.08211125315243631,-0.09077648955217962,-0.10034332242891081,-0.11079786258264952,-0.12212887252486772,-0.134327118601061,-0.14738490884211275,-0.1612957561003931,-0.1760541277902719,-0.19165525679404505,-0.20809499640280085,-0.22536970747889332,-0.24347616958751808,-0.2624115101769793,-0.28217314752856204,-0.3027587443240122,-0.3241661694813913,-0.34639346649257474,-0.3694388268934776,-0.3933005678441783,-0.41797711298972856,-0.4434669759643272,-0.4697687460329611,-0.4968810754573616,-0.5248026682551905,-0.5535322700826188,-0.5830686590140586,-0.6134106370287452,-0.6445570220453277,-0.6765066403706028,-0.7092583194331236,-0.742810880701724,-0.7771631326875149,-0.8123138639409941,-0.848261835958273,-0.8850057759145349,-0.9225443691436875,-0.9608762512830366,-1.0000000000000004,-1.0399141262146918,-1.080617064727535,-1.1221071641552935,-1.164382676071815,-1.2074417432391462,-1.251282386807349,-1.295902492346972,-1.3412997945603153,-1.3874718605118164,-1.4344160711894633,-1.4821296011832592,-1.5306093962657445,-1.579852148606847,-1.6298542693204108,-1.680611858048393,-1.7321206691947628,-1.7843760743770662,-1.8373730206900307,-1.8911059842117144,-1.945568918132315,-2.0007551949437876,-2.056657541845424,-2.113267968473774,-2.170577686179245,-2.228577017583798,-2.2872552951373355,-2.3466007475720043,-2.406600372447392,-2.467239792921547,-2.528503096976942,-2.5903726565581064,-2.65282892445318,-2.715850205466889,-2.7794123989629713,-2.8434887091543217,-2.9080493183627487,-2.973061019789895,-3.0384868028585363,-3.1042853871023466,-3.1704106967435,-3.23681126879053,-3.3034295886546055,-3.370201341322701,-3.4370545709610134,-3.5039087378133975,-3.570673662717384,-3.6372483452839877,-3.703519646959125,-3.769360825040167
-0.048332969076408015,-0.04973226913918576,-0.05239690084682959,-0.056202612442991,-0.06106928416348449,-0.06694221107861334,-0.07378235951892079,-0.081560884029703,-0.09025584829795602,-0.09985016589722515,-0.11033025397005122,-0.1216851228369946,-0.1339057424371246,-0.14698459038964817,-0.16091532257028623,-0.17569252837775332,-0.19131154581396376,-0.20776831962612918,-0.22505929095899097,-0.24318131044660563,-0.26213156895441153,-0.28190754178694966,-0.30250694327889605,-0.3239276894720706,-0.3461678671505777,-0.36922570789573744,-0.3930995661600906,-0.4177879005499038,-0.44328925769283806,-0.4696022581959681,-0.4967255842902008,-0.5246579688372986,-0.5533981854355768,-0.5829450394030493,-0.6132973594519514,-0.644453989899266,-0.6764137832822482,-0.7091755932527138,-0.7427382676521653,-0.7771006416686287,-0.8122615309887404,-0.8482197248609921,-0.8849739789900294,-0.9225230081827414,-0.9608654786667322,-1.0000000000000004,-1.039925116487515,-1.0806392980158241,-1.1221409302111514,-1.1644283038194987,-1.207499603196892,-1.2513528937906493,-1.2959861084785187,-1.3413970326151707,-1.3875832876295797,-1.4345423129892199,-1.4822713463217356,-1.5307674014832013,-1.5800272443109857,-1.6300473657650856,-1.6808239521691946,-1.7323528521719185,-1.7846295400052707,-1.8376490746415595,-1.8914060542915432,-1.9458945656368396,-2.0011081272431785,-2.0570396263281037,-2.113681248009416,-2.171024396266874,-2.2290596053792857,-2.2877764405792123,-2.3471633868370736,-2.4072077240051373,-2.467895386490486,-2.5292108057096767,-2.5911367328299892,-2.6536540396535915,-2.716741494259057,-2.78037550851183,-2.844529853870624,-2.909175340791809,-2.9742794582828767,-3.0398059667916693,-3.1057144403984585,-3.1719597505613946,-3.238491484300882,-3.305253290793648,-3.3721821445699605,-3.439207518113446,-3.5062504527434077,-3.57322251800479,-3.6400246455877494,-3.706545828703486,-3.7726616727766977
-0.04747587047866488,-0.04894169567062132,-0.05166256878011133,-0.05551698663966471,-0.06042660091003754,-0.06633791560667673,-0.07321275931730518,-0.08102292354563506,-0.08974695621067708,-0.09936814795220997,-0.1098732155911584,-0.12125141186858966,-0.13349390589134896,-0.14659334118104855,-0.16054351352838256,-0.17533913166506856,-0.19097563642735543,-0.20744906202962327,-0.22475592815216255,-0.24289315495051686,-0.2618579953253799,-0.2816479803608197,-0.30226087491662096,-0.3236946411281748,-0.3459474081241168,-0.3690174466532633,-0.39290314764178097,-0.4176030038882335,-0.4431155942868539,-0.4694395700950726,-0.4965736428503513,-0.5245165736196561,-0.5532671633234224,-0.5828242439176885,-0.6131866702524631,-0.6443533124543506,-0.6763230487052284,-0.7090947582937028,-0.7426673148434122,-0.7770395796213156,-0.8122103948413649,-0.8481785768813269,-0.8849429093344016,-0.922502135818103,-0.9608549524627285,-1.0000000000000004,-1.0399358553694038,-1.0806610227552735,-1.122173923962127,-1.1644728880289295,-1.2075561399728587,-1.2514217885459433,-1.2960678128742669,-1.3414920478324877,-1.38769216800037,-1.43466567002118,-1.4824098531571546,-1.530921797835198,-1.580198341926454,-1.630236054469994,-1.6810312065571047,-1.7325797390047881,-1.784877226404597,-1.8379188371545994,-1.8916992889294704,-1.9462127989943083,-2.001453028817212,-2.057413022172264,-2.1140851358768367,-2.1714609624059693,-2.2295312431730916,-2.2882857712435634,-2.347713282405595,-2.4078013328658443,-2.468536161772488,-2.5299025368422217,-2.5918835806435436,-2.654460575417195,-2.7176127431140578,-2.7813169977962153,-2.845547666877094,-2.9102761765822236,-2.9754706981936376,-3.0410957483904686,-3.1071117396458248,-3.173474473041786,-3.240134566444088,-3.307036811986247,-3.3741194512127466,-3.441313360616486,-3.508541136473738,-3.575716069116969,-3.6427409926556,-3.7095070008019397,-3.7758920144711476
-0.046637936011015284,-0.04816882402974947,-0.05094470086110692,-0.054846751768050296,-0.05979836110589733,-0.06574721542826585,-0.07265598676216117,-0.08049708967964132,-0.0892495457794827,-0.09889701455572246,-0.10942650598438323,-0.12082750995224023,-0.13309139040150172,-0.14621095314800409,-0.1601801308545805,-0.17499374899052145,-0.19064734898933608,-0.20713705258560602,-0.22445945628524633,-0.24261154825065553,-0.26159064206519217,-0.2813943233751339,-0.30202040646155687,-0.3234668985452188,-0.3457319701718673,-0.36881393039874916,-0.39271120582445285,-0.41742232268753593,-0.44294589143767504,-0.4692805933059801,-0.4964251684883213,-0.52437840563198,-0.5531391323731324,-0.5827062067136367,-0.613078509059239,-0.6442549347705406,-0.676234387101268,-0.7090157704034579,-0.7425979835055875,-0.7769799131689985,-0.8121604275398332,-0.8481383695160694,-0.8849125499530105,-0.9224817406313929,-0.9608446669121291,-1.0000000000000004,-1.0399463487356084,-1.0806822508305265,-1.1222061634551364,-1.164516453081973,-1.2076113844775074,-1.2514891087282063,-1.296147650173334,-1.34158489210045,-1.3877985610533992,-1.4347862095765025,-1.4825451971946013,-1.5310726694260952,-1.5803655345781322,-1.6304204380404468,-1.6812337337994678,-1.7328014528093552,-1.785119267814889,-1.8381824542406386,-1.8919858466132693,-1.946523789934966,-2.001790085471427,-2.057777930163738,-2.1144798488253436,-2.171887618377182,-2.2299921829368015,-2.2887835585518115,-2.3482507265152037,-2.4083815135659488,-2.469162457210932,-2.5305786544685165,-2.5926135916328636,-2.6552489529647976,-2.7184644050543767,-2.78223735403543,-2.846542672177073,-2.9113523893125395,-2.976635345682484,-3.042356799629624,-3.108477986101527,-3.174955618434806,-3.241741326420967,-3.3087810245887113,-3.376014199209431,-3.443373106706122,-3.510781872400009,-3.5781554796625596,-3.6453986354828443,-3.7124045028589445,-3.7790532855116035
-0.045818737176804146,-0.0474132573025741,-0.050242926969405986,-0.05419156100063886,-0.059184238543402976,-0.06516980284565363,-0.07211175095633006,-0.07998310692091956,-0.08876335568960025,-0.09843651757269062,-0.10898988931608514,-0.1204131927890002,-0.1326979825281369,-0.1458372231115798,-0.15982498109571977,-0.17465619614680014,-0.19032650810577684,-0.20683212432162518,-0.22416971645214398,-0.24233633918404768,-0.2613293654594742,-0.28114643429547764,-0.30178540831413037,-0.3232443388348901,-0.3455214369130643,-0.3686150490737214,-0.3925236368039365,-0.41724575904622724,-0.4427800571100183,-0.4691252415381596,-0.49628008055095113,-0.5242433897648093,-0.5530140229386207,-0.5825908635409425,-0.6129728169641225,-0.6441588032399338,-0.6761477501339508,-0.7089385865011008,-0.7425302358103415,-0.7769216097459752,-0.8121116018045987,-0.8480990808090592,-0.8848828842644417,-0.9224618114819139,-0.9608346163961015,-1.0000000000000004,-1.039956602318486,-1.0807029938372055,-1.1222376662982894,-1.1645590227677938,-1.2076653668701232,-1.251554891077682,-1.296225663930939,-1.3416756160479995,-1.3879025247765209,-1.43490399731546,-1.4826774521106563,-1.5312200983253137,-1.5805289131399414,-1.6306006166043638,-1.6814316437685144,-1.733018113736535,-1.785355795247734,-1.8384400684054114,-1.8922658820320135,-1.9468277060807464,-2.0021194785754806,-2.0581345463055634,-2.11486559845374,-2.172304592420608,-2.2304426706874247,-2.2892700675310973,-2.3487760045420694,-2.4089485732838964,-2.469774603363418,-2.5312395142357027,-2.5933271483889913,-2.656019583840675,-2.7192969227533146,-2.7831370533859023,-2.847515381954604,-2.912404529941374,-2.9777739934438445,-3.043589758126027,-3.1098138657269434,-3.17640392471183,-3.243312558127306,-3.31048678258614,-3.377867307046213,-3.445387744017765,-3.512973722171552,-3.5805418903545,-3.647998799033813,-3.715239649349874,-3.7821468951254125
-0.04501785506026433,-0.04667460749913107,-0.0495568853486463,-0.053551075384514334,-0.058583914453721034,-0.06460537720646087,-0.07157976768873162,-0.07948070611376001,-0.08828813067416741,-0.09798641462910491,-0.10856313524442712,-0.12000824131784521,-0.13231347382941272,-0.14547195266218507,-0.1594778753505129,-0.17432629327069968,-0.19001294252766057,-0.20653411421930146,-0.22388655351703038,-0.24206738018079288,-0.26107402521575346,-0.280904179843674,-0.3015557539703767,-0.3230268420484546,-0.34531569475468404,-0.36842069525942517,-0.3923403391712169,-0.4170732174164338,-0.44261800148366165,-0.46897343057997715,-0.49613830032999634,-0.5241114527215046,-0.5528917670561293,-0.5824781517028035,-0.6128695364839591,-0.6440648655522315,-0.6760630906375321,-0.708863164549672,-0.7424640348463799,-0.7768646375763283,-0.81206389101792,-0.8480606893369407,-0.8848538960897437,-0.9224423374994168,-0.9608247954322264,-1.0000000000000004,-1.0399666217112242,-1.0807232630894428,-1.122268449672317,-1.1646006202982855,-1.2077181165783621,-1.2516191714436697,-1.2963018966465667,-1.3417642690775284,-1.3880041157536114,-1.4350190973096844,-1.4828066898006957,-1.5313641646198997,-1.580688566292889,-1.6307766878760397,-1.6816250436911016,-1.7332298390481609,-1.785586936568984,-1.8386918187382695,-1.8925395461726295,-1.9471247110493528,-2.0024413851751244,-2.058483061938252,-2.115242591339291,-2.1727121073738798,-2.2308829466350493,-2.2897455569719622,-2.3492893951690825,-2.4095028120193187,-2.4703729230924165,-2.5318854635467245,-2.5940246246749448,-2.656772870140483,-2.720110728776196,-2.784016561196063,-2.848466296843267,-2.913433137090418,-2.9788872210035,-3.0447952474501343,-3.1111200495129454,-3.177820113903926,-3.2448490385046496,-3.3121549219542326,-3.3796796741081083,-3.4473582399639486,-3.515117726072606,-3.582876419390576,-3.650542684616535,-3.718013729983283,-3.785174226720975
-0.04423488011229462,-0.04595249535176644,-0.04888622241557192,-0.052924963659952536,-0.05799707733405119,-0.06405364473873852,-0.07105975927673519,-0.07898962430672042,-0.08782362136980415,-0.09754646897363928,-0.10814601878674457,-0.11961244158852458,-0.131937660739193,-0.14511494804271546,-0.1591386291575392,-0.17400386473579785,-0.18970648504828555,-0.20624286311591894,-0.2236098160202011,-0.24180452717405082,-0.26082448437747524,-0.28066742991573074,-0.30133131994372553,-0.32281429110229637,-0.345114632820662,-0.3682307641096513,-0.3921612139488059,-0.41690460454385253,-0.4424596368967429,-0.4688250782453876,-0.49599975101217475,-0.5239825229716182,-0.552772298400895,-0.5823680100155092,-0.6127686115238008,-0.6439730706611982,-0.6759803625866496,-0.7087894635290978,-0.7423993445956965,-0.776808965653443,-0.8120172692066878,-0.8480231741953315,-0.8848255696419767,-0.9224233080770754,-0.9608151986709546,-1.0000000000000004,-1.039976412371456,-1.0807430696271916,-1.1222985303416704,-1.1646412683230576,-1.2077696623172347,-1.2516819848076277,-1.2963763897913223,-1.3418508993966312,-1.3881033892008767,-1.4351315720832014,-1.4829329804248401,-1.5315049464655837,-1.5808445805814588,-1.6309487472180952,-1.681814038216474,-1.733436743190824,-1.7858128165789613,-1.8389378409990524,-1.8928069864137533,-1.9474149645554484,-2.002755978101091,-2.0588236638567525,-2.1156110291631682,-2.1731103808065093,-2.2313132453265356,-2.29021027958184,-2.349791170549612,-2.410044522767534,-2.4709577317510036,-2.5325168417577815,-2.594706385635368,-2.657509204733556,-2.7209062458157534,-2.7848763322551915,-2.8493959061888092,-2.9144387373210705,-2.9799755950093383,-3.0459738774307983,-3.1123971937985515,-3.1792048924338423,-3.2463515278848045,-3.3137862610150988,-3.381452181044362,-3.4492855421070625,-3.5172149033993474,-3.5851601628308556,-3.653031470255626,-3.720728010063051,-3.788136638231456
-0.0434694119410276,-0.045246550118023816,-0.04823059257353674,-0.05231290208331496,-0.05742342277898567,-0.06351431839006916,-0.07055145441242049,-0.07850960460556641,-0.08736958417582902,-0.09711644934279841,-0.10773832019032478,-0.1192255846377115,-0.13157034444833568,-0.1447660200347725,-0.15880706238621017,-0.1736887390479974,-0.1894069724032311,-0.20595821560867436,-0.22333935608647784,-0.2415476395124853,-0.2605806092403782,-0.2804360575020479,-0.3011119856889502,-0.3226065717055264,-0.3449181428830848,-0.36804515328544174,-0.3919861645288991,-0.41673982940930365,-0.4423048777906579,-0.46868010432213475,-0.49586435763063047,-0.5238565307055899,-0.5526555522450504,-0.5822603787695277,-0.6126699873411635,-0.6438833687520799,-0.6758995210669021,-0.7087174434099323,-0.7423361299104912,-0.7767545637201158,-0.8119717110257478,-0.8479865149853895,-0.884797889516062,-0.9224047128646639,-0.9608058208921645,-1.0000000000000004,-1.0399859796247717,-1.0807624242233276,-1.1223279246652995,-1.1646809889439873,-1.2078200321075399,-1.2517433653056076,-1.2964491838344983,-1.3419355540489426,-1.388200399002119,-1.4352414826522908,-1.4830563924525875,-1.5316425201363861,-1.5809970404683975,-1.6311168877016726,-1.681998729482112,-1.733638937867634,-1.7860335570904073,-1.8391782677025286,-1.8930683466169789,-1.9476986225090467,-2.0030634260749833,-2.0591565344242135,-2.1159711088324844,-2.1734996251506153,-2.231733795785358,-2.2906644821344697,-2.3502815964669557,-2.410573991689512,-2.4715293373638203,-2.5331339803707724,-2.5953727880009323,-2.6582289714797405,-2.7216838869218196,-2.7857168110363735,-2.8503046883057017,-2.9154218454048535,-2.981039669515773,-3.0471262444536835,-3.113645940583162,-3.1805589514416277,-3.247820770328121,-3.3153816007871058,-3.3831856901283084,-3.4511705785270816,-3.519266252832669,-3.587394194971853,-3.6554663110631647,-3.7233837308500846,-3.7910354624600098
-0.04272105910708035,-0.044556409388031,-0.047589658030344296,-0.05171457425412987,-0.056862653315915855,-0.0629871176705829,-0.07005458801262607,-0.07804039602987661,-0.08692578111702093,-0.09669612982949452,-0.10733982480650264,-0.11884746636835768,-0.13121133078907707,-0.14442498384787253,-0.15848299913061778,-0.1733807487438475,-0.18911424517300077,-0.20568001996150395,-0.223075029336092,-0.24129657987508904,-0.2603422692711537,-0.28020993860981463,-0.3008976335282124,-0.32240357228959293,-0.34472611929529107,-0.36786376289161354,-0.39181509661326097,-0.4165788031719212,-0.4421536406565075,-0.46853843052141114,-0.49573204701776846,-0.5237334077907249,-0.5525414654167187,-0.5821551996916967,-0.6125736105113008,-0.6437957112099522,-0.6758205222462685,-0.7086470651278517,-0.7422743564907472,-0.7767014022492316,-0.8119271917417009,-0.8479506918007655,-0.8847708406789239,-0.9223865417619304,-0.9607966570018197,-1.0000000000000004,-1.039995328668129,-1.080781337390545,-1.122356648607122,-1.164719803729356,-1.2078692532937738,-1.2518033462500497,-1.2965203182693814,-1.3420182789440984,-1.3882951977429954,-1.4353488885642105,-1.483176992706181,-1.5317769600728166,-1.5811460283879522,-1.6312812001649322,-1.6821792171777261,-1.7338365321079663,-1.7862492770042593,-1.839413228200486,-1.8933237672155778,-1.94797583711119,-2.0033638938122618,-2.059481851682651,-2.116323022599028,-2.1738800478281304,-2.232144821647719,-2.2911084056153603,-2.350760932489617,-2.411091498277435,-2.472088040803397,-2.5337372032208667,-2.596024180287646,-2.6589325454409027,-2.722444055725492,-2.7865384319337227,-2.8511931107277793,-2.916382964587749,-2.9820799862619536,-3.0482529317534,-3.114866917832477,-3.1818829671039843,-3.2492574939556444,-3.3169417253288276,-3.3848810456116807,-3.453014258184272,-3.5212727528066403,-3.589579568717302,-3.657848339607366,-3.7259821099233186,-3.7938720074261543
-0.04198943892338291,-0.04388171889628172,-0.04696308862032018,-0.051129670946255895,-0.056314478244382196,-0.06247176849978456,-0.06956890107268252,-0.07758175337321095,-0.08649197970982671,-0.09628528975495565,-0.10695032296797624,-0.11847788743215963,-0.130860430122421,-0.14409165901155543,-0.15816626760618083,-0.17307973029156254,-0.1888281476882634,-0.20540812801440977,-0.222816694797972,-0.241051214188317,-0.26010933702832056,-0.279988952187528,-0.3006881485791373,-0.3222051839398312,-0.3445384589268228,-0.36768649541504395,-0.39164791815478317,-0.4164214391139297,-0.44200584398304305,-0.4683999804289298,-0.49560274775941565,-0.5236130877284124,-0.5524299762602642,-0.5820524159084857,-0.6124794288934624,-0.6437100505889667,-0.6757433233473397,-0.7085782905588734,-0.7422139908624474,-0.7766494524249928,-0.811883687217166,-0.8479156852149292,-0.8847444084599119,-0.9223687849121601,-0.9607877020287215,-1.0000000000000004,-1.0400044645731663,-1.080799819388058,-1.1223847177461919,-1.1647577337275805,-1.2079173525615245,-1.2518619601509557,-1.2965898316383253,-1.3420991188868399,-1.388387836744307,-1.4354538479348238,-1.483294846402748,-1.5319083389287111,-1.5812916247976074,-1.6314417732699067,-1.6823555986074612,-1.7340296323352649,-1.7864600923833163,-1.839642848761552,-1.893573385300773,-1.9482467569470003,-2.0036575421224168,-2.059799789460605,-2.116666958174789,-2.1742518513746014,-2.2325465412950436,-2.2915422853634193,-2.3512294321225204,-2.4115973155159725,-2.4726341359619712,-2.534326826659348,-2.596660902991199,-2.659620293087259,-2.723187146657895,-2.7873416194940046,-2.852061630453096,-2.9173225868485924,-2.9830970749439065,-3.049354509699473,-3.1160607397782196,-3.1831776009474506,-3.2506624112751954,-3.318467402077138,-3.3865390740734056,-3.4548174712768542,-3.5232353618725827,-3.591717315945414,-3.6601786662788633,-3.728524341539747,-3.7966475567129376
-0.04127417725948285,-0.04322213233771084,-0.04635056163051535,-0.05055788994302912,-0.05577861347926935,-0.061968003057095516,-0.06909414052373597,-0.07713343706674938,-0.08606795283192273,-0.09588371354387513,-0.10656960986925426,-0.11811665311504933,-0.13051745722844765,-0.143765869270311,-0.15785670004900795,-0.1727855239946581,-0.18854852793761437,-0.20514239509521154,-0.22256421482536126,-0.24081141154545782,-0.2598816880852454,-0.2797729800515685,-0.3004834186848555,-0.3220113003288934,-0.34435506110016895,-0.3675132556646617,-0.39148453930066296,-0.41626765258695564,-0.44186140820606384,-0.4682646794573641,-0.4954763901502666,-0.5234955056125454,-0.5523210245976615,-0.581951971910293,-0.6123873915981058,-0.6436263405824676,-0.6756678826203353,-0.7085110824952778,-0.7421550003564091,-0.7765986861246813,-0.8118411738954906,-0.8478814762688538,-0.8847185785414966,-0.9223514326959212,-0.9607789511213545,-1.0000000000000004,-1.0400133922894208,-1.0808178802281083,-1.1224121472865822,-1.1647947994805548,-1.2079643559543751,-1.2519192387364593,-1.296657761557112,-1.342178117605296,-1.3884783660943423,-1.435556417485164,-1.48341001719525,-1.532036727616753,-1.5814339082283715,-1.6315986935577642,-1.6825279687503607,-1.7342183424329551,-1.7866661165238635,-1.8398672526488056,-1.8938173347056386,-1.948511527076186,-2.0039445280064156,-2.0601105174778853,-2.1170030988443806,-2.1746152335596833,-2.232939167982962,-2.291966351208859,-2.351687342954294,-2.412091710039402,-2.473167909918924,-2.5349031597318508,-2.597283288776488,-2.660292572498658,-2.723913545163689,-2.788126788642803,-2.852910694183139,-2.9182411931516596,-2.9840914534807332,-3.0504315360762764,-3.117228007211771,-3.184443500155508,-3.252036219501472,-3.319959382179503,-3.3881605847628933,-3.456581089593607,-3.5251550190586998,-3.5938084478725076,-3.6624583796544212,-3.7310115969932274,-3.799363369814566
-0.040574908350225036,-0.042577311187962416,-0.04575176163094046,-0.04999893587629321,-0.055254781397747074,-0.06147555963601204,-0.06863005909356433,-0.07669521304630493,-0.08565347859503705,-0.09549119060271129,-0.10619748545014554,-0.11776357322562221,-0.13018223119945732,-0.14344744248123922,-0.15755413261789616,-0.1724979738981271,-0.18827523747778216,-0.2048826799336495,-0.22231745501369624,-0.24057704412817482,-0.2596592009552448,-0.279561906814768,-0.30028333434595217,-0.3218218176519984,-0.344175827529245,-0.36734395071309034,-0.3913248723371512,-0.416117360959827,-0.4417202556592192,-0.4681324548001117,-0.4953529061505721,-0.5233805980891036,-0.5522145516909452,-0.5818538135167455,-0.6122974489550286,-0.6435445359939482,-0.6755941593168832,-0.7084454046222104,-0.7420973530877174,-0.7765490759009365,-0.8117996287858937,-0.8478480464590518,-0.8846933369502292,-0.9223344757249885,-0.9607703995448201,-1.0000000000000004,-1.0400221166474564,-1.0808355296822907,-1.1224389520669826,-1.1648310210366135,-1.2080102888903257,-1.2519752129728157,-1.2967241447386229,-1.342255317778468,-1.3885668346803124,-1.4356566525769692,-1.483522567212285,-1.5321621953527162,-1.581572955333655,-1.6317520455025278,-1.6826964203191541,-1.7344027638085338,-1.7868674600253198,-1.840086560195256,-1.8940557460867036,-1.9487702891210776,-2.004225004751508,-2.0604142014474944,-2.1173316235744477,-2.1749703875044233,-2.2333229099668825,-2.292380827607484,-2.352134906800721,-2.4125749422846887,-2.4736896431039557,-2.535466504352116,-2.597891662662436,-2.660949733560954,-2.7246236279094544,-2.7888943449053607,-2.8537407385565294,-2.9191392536935714,-2.985063628274989,-3.0514845563570394,-3.1183693077718204,-3.185681297869705,-3.2533796008702374,-3.321418400820527,-3.389746369937856,-3.4583059668614067,-3.5270326442252093,-3.595853955412909,-3.664688546857917,-3.7334450249718305,-3.80202068248417
-0.03989127460870951,-0.041946924527754025,-0.045166380308736084,-0.04945252006921887,-0.054742710689864346,-0.06099418250178813,-0.06817641517079655,-0.0762668526226231,-0.08524834022094493,-0.09510751520105115,-0.10583375428220727,-0.1174184619864204,-0.12985457533586844,-0.14313621051436726,-0.1572584052988897,-0.17221692769708058,-0.18800813134620697,-0.20462884457776942,-0.2220762841206766,-0.24034798713015126,-0.2594417570187041,-0.2793556198169101,-0.30008778865426283,-0.3216366345639463,-0.34400066225955456,-0.3671784898398923,-0.3911688316358201,-0.4159704835678115,-0.44158231052617136,-0.4680032353863396,-0.49523222934403094,-0.5232683033168612,-0.5521105002057096,-0.5817578878429668,-0.6122095524823936,-0.6434645927088236,-0.675522113664534,-0.7083812214949409,-0.7420410179357356,-0.776500594964532,-0.8117590294490278,-0.8478153777259465,-0.8846686700479549,-0.9223179048364383,-0.9607620426778593,-1.0000000000000004,-1.0400306423619017,-1.0808527772876986,-1.122465146570031,-1.1648664179631296,-1.208055176177754,-1.2520299130838288,-1.2967890170158474,-1.3423307610629394,-1.388653290218902,-1.4357546072472218,-1.4836325570967752,-1.5322848096984767,-1.581708840936791,-1.631901911563308,-1.682861043817415,-1.7345829954558885,-1.7870642308579683,-1.8403008888772556,-1.894288747003328,-1.9490231813522785,-2.004499122023466,-2.060711003174806,-2.117652707120152,-2.1753175017954383,-2.2336979706242595,-2.29278593377148,-2.3525723598444843,-2.4130472666406417,-2.47419960945613,-2.5360171554714,-2.598486342202252,-2.6615921181575937,-2.7253177629870873,-2.7896446846222287,-2.8545521903773454,-2.920017228144659,-2.986014094467375,-3.0525141039720585,-3.1194852162261535,-3.186891613484907,-3.2546932229466883,-3.3228451775428165,-3.391297205196689,-3.459992939087706,-3.5288691384149513,-3.5978548095350416,-3.6668702139184566,-3.7358257519135254,-3.8046207070814217
-0.03922292644343137,-0.04133064887124209,-0.04459411630618311,-0.04891836038281784,-0.0542421362127031,-0.06052362175255198,-0.06773297267244477,-0.07584813235487871,-0.08485232592055118,-0.09473248635595392,-0.10547822545806855,-0.11708113792799073,-0.12953431704479218,-0.14283200915554586,-0.15696936181232468,-0.17194223664778296,-0.18774706797592322,-0.20438075431252198,-0.2218405739884628,-0.24012411868277722,-0.2592292404521538,-0.27915400905710425,-0.29989667722846164,-0.3214556521178439,-0.3438294716099814,-0.3670167844763645,-0.3910163336013046,-0.4158269416632521,-0.44144749879407763,-0.4678769518372726,-0.4951142948968489,-0.5231585609291856,-0.5520088141756221,-0.5816641432667868,-0.6121236548566189,-0.6433864676669908,-0.6754517068419881,-0.7083184985167595,-0.7419859645246787,-0.7764532171676373,-0.8117193539829459,-0.8477834524425715,-0.8846445645232754,-0.92230171108691,-0.9607538760099562,-1.0000000000000004,-1.040038974034404,-1.0808696323528977,-1.1224907449313795,-1.164901009358758,-1.2080990420309283,-1.252083368569733,-1.2968524133642438,-1.3424044881188408,-1.388737779285968,-1.4358503342417264,-1.4837400460435788,-1.532404636603826,-1.5818416380772362,-1.6320483722350856,-1.6830219275951417,-1.7347591340159028,-1.7872565344288323,-1.8405103533859044,-1.8945164619949224,-1.9492703387719916,-2.0047670259563466,-2.0610010806540937,-2.117966520128823,-2.1756567605960657,-2.2340645485736497,-2.293181883796784,-2.3529999327712945,-2.413508931593251,-2.474698076578885,-2.53655540124364,-2.599067637659234,-2.6622200603565402,-2.725996310112322,-2.7903781951598505,-2.8553454668381915,-2.9208755658848946,-2.9869433361858526,-3.0535207005712155,-3.120576294747671,-3.1880750529387467,-3.2559777389280673,-3.324240416562211,-3.3928138498054414,-3.461642824897941,-3.5306653841994073,-3.5998119616136,-3.669004406125452,-3.738154882359977,-3.807164632919706
-0.03856952207950927,-0.04072816799829457,-0.04403467506246149,-0.04839618106606112,-0.053752798848002506,-0.06006363318376666,-0.06729950091466208,-0.07543883392728479,-0.08446522877597538,-0.09436590771919212,-0.10513071248354969,-0.11675142378563891,-0.12922128774120645,-0.14253467801185168,-0.1566868495222866,-0.17167375548100974,-0.1874919091126763,-0.20413827758050998,-0.22161019946793642,-0.2399053197828153,-0.25902153815924245,-0.2789569671279756,-0.2997098981513856,-0.3212787737054868,-0.34366216411616185,-0.36685874815183667,-0.3908672966204698,-0.41568665836755225,-0.44131574820834846,-0.46775353642368345,-0.4949990395179255,-0.5230513119968907,-0.5519094389679183,-0.5815725293968599,-0.6120397098831025,-0.6433101188361522,-0.6753829009550143,-0.7082572019174901,-0.7419321632047267,-0.7764069169875437,-0.811680581009462,-0.8477522534035852,-0.8846210073832483,-0.9222858857470273,-0.9607458951385254,-1.0000000000000004,-1.040047116156501,-1.0808861039637312,-1.1225157609485075,-1.1649348138653373,-1.2081419100850848,-1.252135608225546,-1.2969143679234776,-1.3424765386350896,-1.388820347345411,-1.4359438850477515,-1.4838450918360562,-1.5325217404471294,-1.5819714180554951,-1.6321915060980994,-1.6831791579028124,-1.734931273835403,-1.7874444736457522,-1.8407150656965163,-1.8947390126560733,-1.9495118931951023,-2.0050288592398364,-2.0612845881624784,-2.118273229240861,-2.1759883437545917,-2.234422837790652,-2.293568886787157,-2.3534178509025176,-2.4139601798673236,-2.4751853058911397,-2.537081523186504,-2.599635852178246,-2.6628338865926677,-2.726659620818515,-2.7910952551162045,-2.856120975738139,-2.9217147062345337,-2.9878518267893126,-3.054504856280925,-3.1216430931847525,-3.1892322089953877,-3.2572337879406112,-3.32560480707745,-3.3942970470194167,-3.4632564258678835,-3.5324222460201287,-3.6017263437777594,-3.6710921283805735,-3.740433499308275,-3.809653626612592
-0.03793072738391108,-0.040139172790582406,-0.043487768659069795,-0.047885712609514144,-0.05327444536316789,-0.059613978155952145,-0.06687577448664381,-0.07503874402873323,-0.08408684662556107,-0.09400758746731262,-0.10479103317250123,-0.11642914639880597,-0.12891532275165735,-0.14224406041942408,-0.1564107193484131,-0.1714113423176622,-0.18724251973420986,-0.20390128590482168,-0.22138503834496345,-0.23969147422198817,-0.2588185397035511,-0.2787643891516172,-0.29952735190904306,-0.3211059049993507,-0.3434986504753889,-0.36670429644142755,-0.39072164101296314,-0.41554955862447285,-0.44118698822864394,-0.46763292302454895,-0.49488640142013557,-0.5229464989921151,-0.5518123212498511,-0.5814829970416631,-0.6119576724677586,-0.6432355051858792,-0.6753156590130349,-0.7081972987325995,-0.7418795850336646,-0.7763616695108476,-0.8116426896608903,-0.8477217638145925,-0.8845979859453199,-0.9222704202959764,-0.9607380957661754,-1.0000000000000004,-1.0400550731124094,-1.0809022009889644,-1.1225402080892903,-1.1649678496794584,-1.2081838034110866,-1.2521866601589133,-1.2969749140185547,-1.3425469513539294,-1.3889010387772451,-1.4360353099257699,-1.483947750881628,-1.5326361840748606,-1.5820982504768102,-1.6323313898658756,-1.6833328189439583,-1.7350995070244943,-1.7876281489797186,-1.8409151351361996,-1.8949565177096426,-1.9497479733280814,-2.0052847612042686,-2.0615616763513773,-2.1185729971879628,-2.1763124269096266,-2.234773027720821,-2.2939471469750354,-2.3538263343243964,-2.4144012485645114,-2.475661552774589,-2.5375957963384286,-2.6001912819529767,-2.663433915845728,-2.7273080386458073,-2.7917962345216254,-2.8568791156956603,-2.922535078679566,-2.9887400291059056,-3.055467069955621,-3.122686149326065,-3.1903636615236866,-3.2584619953309066,-3.326939023574333,-3.3957475243994395,-3.464834526850945,-3.5341405705255284,-3.6035988692553276,-3.673134365546419,-3.742662664560417,-3.812088832419339
-0.037306215694587475,-0.0395633610713997,-0.042953115668815864,-0.047386691602401464,-0.052806828275577894,-0.059174423465582486,-0.0664615731275884,-0.07464765423538441,-0.08371698195172836,-0.09365733819443978,-0.10445900954428625,-0.11611413661299291,-0.1286162612204162,-0.14196000335366768,-0.1561408256799738,-0.17115485858657284,-0.18699876797166004,-0.20366965381388796,-0.22116497126860063,-0.2394824685184296,-0.25862013724319327,-0.2785761727172515,-0.2993489413312559,-0.32093695389614013,-0.34333884349300164,-0.36655334691521324,-0.39057928898310595,-0.41541556915469824,-0.44106114998606927,-0.4675150470868355,-0.49477632028267027,-0.5228440657531885,-0.551717408956059,-0.5813954981793491,-0.6118774985893379,-0.6431625866623909,-0.6752499449063597,-0.7081387567828853,-0.7418282017590305,-0.776317450418069,-0.8116056595671524,-0.8476919672817629,-0.88457548782948,-0.9222553064162332,-0.9607304736980503,-1.0000000000000004,-1.0400628491817403,-1.0809179320857711,-1.122564099500328,-1.1650001345637142,-1.2082247445296757,-1.2522365518074567,-1.2970340841803705,-1.3426157640947902,-1.3889798969048939,-1.4361246579403217,-1.4840480782463512,-1.5327480288400506,-1.5822222032936506,-1.6324680984319435,-1.6834829929263049,-1.7352639235123382,-1.7878076585255156,-1.8411106684496137,-1.895169093077899,-1.949978704845774,-2.0055348679033673,-2.0618324923355296,-2.118865982888769,-2.1766291815927263,-2.235115303389644,-2.2943168638392657,-2.354225598013959,-2.414832369297838,-2.476127066717302,-2.5380984894117544,-2.6007342163891,-2.6640204598140116,-2.7279418993257734,-2.792481495034926,-2.85762027635667,-2.9233371030921043,-2.989608395666152,-3.056407829423888,-3.1237059891599204,-3.191469977769845,-3.2596629729517397,-3.3282437261244353,-3.3971659941228363,-3.4663778963004446,-3.535821186903027,-3.6054304327127973,-3.6751320827918166,-3.744843419070363,-3.8144713725892134
-0.03669566765342602,-0.03900043744912686,-0.04243044100829535,-0.04689886059301803,-0.05234970572010873,-0.058744741219079286,-0.06605668160664036,-0.07426536089612996,-0.08335544177159568,-0.09331497680774697,-0.10413446772383471,-0.11580622918416335,-0.1283239460180235,-0.14168235734175294,-0.15587702629216196,-0.1709041689444391,-0.18676052503299478,-0.20344325876830485,-0.22094988168118798,-0.23927819184994395,-0.25842622546714716,-0.2783922178205488,-0.29917457153388544,-0.3207718304618493,-0.34318265803021475,-0.3664058190887652,-0.39044016457308584,-0.41528461841163306,-0.44093816624153237,-0.46739984558637915,-0.4946687372144056,-0.52274395745046,-0.5516246512568304,-0.5813099859284258,-0.6117991452725092,-0.6430913241640271,-0.6751857233840456,-0.7080815446547242,-0.7417779858007567,-0.776274235968696,-0.8115694708432424,-0.8476628478017346,-0.884553500950636,-0.9222405359884382,-0.9607230248392432,-1.0000000000000004,-1.0400704485421353,-1.0809333057050698,-1.1225874480150444,-1.1650316858576355,-1.2082647554253305,-1.252285309955644,-1.2970919101656901,-1.3426830137774908,-1.3890569640217347,-1.4362119769900301,-1.4841461276885506,-1.5328573346396848,-1.5823433428470446,-1.6326017049152797,-1.6836297601115218,-1.7354246111014178,-1.7879830980607279,-1.841301769862955,-1.8953768519517435,-1.9502042104661381,-2.005779312194797,-2.0620971797796663,-2.1191523415419877,-2.176938775328328,-2.235449845509662,-2.2946782322198045,-2.354615851961715,-2.41525376832282,-2.476582091453722,-2.5385898649420717,-2.601264938263435,-2.664593823083817,-2.728561530961683,-2.793151390134925,-2.858344838597794,-2.9241211899458293,-2.9904573689309455,-3.057327611729351,-3.1247031271282846,-3.192551712624651,-3.260837319442515,-3.3295195606784493,-3.398553153289163,-3.4678872865868673,-3.537464907206539,-3.6072219105912406,-3.6770862259336514,-3.7469767832885257,-3.816802347704391
-0.03609877104294013,-0.03845011316425301,-0.04191947579377397,-0.04642196795240522,-0.05190284131979506,-0.05832470870982196,-0.06566088960573685,-0.07389166502085255,-0.08300203753029568,-0.09298032442552431,-0.10381723784419886,-0.11550526268555557,-0.1280382236521534,-0.14141097637735092,-0.15561918226453603,-0.17065914119782402,-0.18652766512844057,-0.203221981089564,-0.22073965575027255,-0.23907853598902148,-0.25823670153326983,-0.2782124268045548,-0.2990041498625955,-0.3206104468782897,-0.34303001095334473,-0.36626163437501646,-0.3903041936174088,-0.415156636538392,-0.4408179713452285,-0.4672872569898264,-0.494563594718266,-0.5226461205530561,-0.5515339985272315,-0.5812264145192353,-0.6117225705616756,-0.6430216795173933,-0.6751229600323642,-0.7080256316808616,-0.7417289102342876,-0.7762320029866414,-0.8115341040770354,-0.8476343897517984,-0.8845320135111955,-0.9222261010864115,-0.9607157451922821,-1.0000000000000004,-1.0400778752718327,-1.080948330096711,-1.122610266161563,-1.1650625204883276,-1.208303857559743,-1.252332960751194,-1.2971484229765824,-1.342748736444806,-1.3891322814169145,-1.4362973138367972,-1.4842419516915275,-1.5329641599510793,-1.5824617339067821,-1.6327322807045164,-1.6837731988636246,-1.7355816555203394,-1.7881545611031566,-1.8414885411462272,-1.8955799048580835,-1.9504246100229967,-2.0060182238185775,-2.0623558789828973,-2.1194322247170825,-2.1772413717310855,-2.2357768305848187,-2.295031442429474,-2.3549973012912244,-2.4156656666652756,-2.4770268651011613,-2.539070179433862,-2.601783723879216,-2.6651543032948304,-2.7291672542044783,-2.793806265307507,-2.859053174724978,-2.9248877405265876,-2.9912873815145575,-3.0582268833664257,-3.125678066375539,-3.1936094088853957,-3.2619856205043285,-3.3307671593542105,-3.3999096842207366,-3.46936343431012,-3.539072526679285,-3.608974161437996,-3.6789977217751257,-3.7490637575035337,-3.819082837021225
-0.035515220626609605,-0.03791210593987491,-0.041419957200393764,-0.045955767741212655,-0.05146600405954958,-0.057914108298098926,-0.06527399160528433,-0.07352637217140975,-0.082656584996915,-0.09265320627777343,-0.10350715395154256,-0.11521107941683854,-0.1277589441807345,-0.14114571783753943,-0.15536715790155026,-0.17041964622716577,-0.18630006539783897,-0.20300570389063655,-0.2205341823023101,-0.23888339523955826,-0.2580514650079433,-0.2780367043021796,-0.29883758583810693,-0.32045271739103987,-0.3428808210843917,-0.36612071603741614,-0.3901713036985741,-0.4150315553259477,-0.44070050119721776,-0.46717722121760397,-0.49446083665655377,-0.5225505027965416,-0.5514454023170747,-0.5811447392662122,-0.6116477334955063,-0.6429536154541566,-0.6750616212538584,-0.7079709879217285,-0.7416809487741599,-0.7761907288460965,-0.8114995403174311,-0.8476065778803498,-0.8845110139938532,-0.9222119939723049,-0.9607086308546846,-1.0000000000000004,-1.0400851333521623,-1.0809630133145234,-1.1226325661703667,-1.165092654980815,-1.2083420718849236,-1.2523795297210325,-1.297203652879318,-1.3428129672844147,-1.389205889400462,-1.436380714134199,-1.4843356014953792,-1.5330685618672681,-1.5825774397105314,-1.632859895500955,-1.6839133856960735,-1.735735140475211,-1.788322138966698,-1.8416710816738464,-1.8957783597254145,-1.950640020536857,-2.006251729473427,-2.062608726960881,-2.119705780442589,-2.177537130600675,-2.236096431012121,-2.295376680362856,-2.3553701463756247,-2.4160682802459177,-2.477461620292894,-2.5395396835025545,-2.602290843217578,-2.6657021913015204,-2.7297593824245685,-2.7944464582283075,-2.8597456486675354,-2.925637147138267,-2.9920988564027455,-3.059106100511034,-3.126631298992085,-3.1946435975125556,-3.263108449169766,-3.3319871407194763,-3.40123625475801,-3.470807060606822,-3.5406448240719293,-3.6106880262341092,-3.6808674784403674,-3.751105322181141,-3.8213138988096977
-0.034944717992791086,-0.03738613983559193,-0.04093162832462345,-0.045500019579667386,-0.05103896816286497,-0.05751272729392436,-0.06489578677259128,-0.07316929235527048,-0.08231890416298707,-0.09233345160926014,-0.10320405391249722,-0.11492352531554595,-0.12748596112726368,-0.14088644240181922,-0.1551208206551141,-0.17018555791273748,-0.18607760583987687,-0.202794313008356,-0.22033335275809263,-0.23869266637522957,-0.25787041780730413,-0.2778649571802003,-0.29867479110289874,-0.32029855825877507,-0.3427350091529345,-0.3659829891443332,-0.390041424103934,-0.41490930817239935,-0.4405856932090615,-0.4670696796078851,-0.4943604082172131,-0.5224570531514527,-0.5513588153217001,-0.5810649165408918,-0.6115745940821601,-0.6428870955884735,-0.6750016742469687,-0.7079175841472658,-0.7416340757580323,-0.776150391457773,-0.8114657610628218,-0.8475793972976026,-0.8844904911545755,-0.9221982070918874,-0.9607016780165795,-1.0000000000000004,-1.0400922266699717,-1.0809773632212205,-1.122654359981748,-1.1651221054681007,-1.2083794188559525,-1.2524250417868132,-1.2972576294227558,-1.3428757406502492,-1.389277827327714,-1.436462222455115,-1.4844271271279565,-1.533170596131434,-1.5826905220018954,-1.6329846173604194,-1.6840503953176005,-1.7358851476996442,-1.7884859208157247,-1.8418494884836318,-1.8959723219476587,-1.9508505562838605,-2.006479952891097,-2.062855857525842,-2.1199731532921327,-2.1778262080141473,-2.2364088151806807,-2.295714127602398,-2.35573458295121,-2.4164618200018086,-2.4778865843079334,-2.5399986220130724,-2.602786560085349,-2.6662377713306586,-2.730338221879562,-2.7950722989411396,-2.8604226161677584,-2.926369793304044,-2.9928922071660815,-3.0599657092463883,-3.127563306252904,-3.1956547978813377,-3.264206366067523,-3.333180110069524,-3.402533518549844,-3.472218871452653,-3.5421825619560434,-3.6123643287174994,-3.6826963857053188,-3.7531024383001608,-3.8234965706908657
-0.034386971402118625,-0.03687194510472016,-0.04045423804987733,-0.045054488520576655,-0.05062151297142567,-0.05712035784264964,-0.06452607885298742,-0.0728202399217353,-0.08198881914347177,-0.0920208935849609,-0.10290777932382161,-0.11464244987072782,-0.1272191313982531,-0.14063301397318226,-0.15488004104912556,-0.1699567530625038,-0.18586016924313872,-0.2025876969375493,-0.2201370610698527,-0.2385062485794705,-0.25769346414001143,-0.27769709448473573,-0.2985156793693136,-0.32014788770393726,-0.3425924977493019,-0.3658483805246724,-0.3899144857837037,-0.4147898300433305,-0.440473486266486,-0.4669645748815238,-0.4942622558810022,-0.5223657217926809,-0.5512741913535443,-0.5809869037456491,-0.6115031132751785,-0.6428220843950283,-0.6749430869862124,-0.7078653918192445,-0.7415882661311468,-0.7761109692555178,-0.8114327482498735,-0.8475528334665557,-0.8844704340157754,-0.9221847330699583,-0.960694882958393,-1.0000000000000004,-1.0400991590199864,-1.0809913874931754,-1.1226756592530556,-1.165150887700955,-1.2084159184433787,-1.2524695212800154,-1.2973103814562263,-1.3429370900832684,-1.3893481336230822,-1.4365418823186031,-1.4845165774349822,-1.5332703171704067,-1.5828010410674451,-1.6331065127339843,-1.6841843006768131,-1.736031757003419,-1.7886459937180212,-1.8420238563342284,-1.8961618944463168,-1.9510563288629128,-2.0067030149087595,-2.0630974013645025,-2.1202344844682104,-2.178108756415893,-2.2367141475682137,-2.2960439615218244,-2.3560908022281324,-2.4168464920047765,-2.478301979197588,-2.5404472342149815,-2.60327113225925,-2.666761321135052,-2.7309040718780206,-2.795684110032264,-2.86108442496618,-2.9270860539631185,-2.993667838168593,-3.060806145783944,-3.12847455885115,-3.196643518028168,-3.2652799196819067,-3.334346659699637,-3.4038021153387237,-3.4735995579597865,-3.5436864870328986,-3.614003875701818,-3.6844853153248307,-3.7550560476853034,-3.825631869972126
-0.03384169563831606,-0.03636925805474689,-0.03998754091522598,-0.04461894492528923,-0.05021342282755589,-0.05673679681329839,-0.06416467606356024,-0.07247903346067389,-0.08166615808015619,-0.09171536919783853,-0.10261817542430304,-0.11436770603875851,-0.12695831520275225,-0.14038529960117535,-0.15464469260592176,-0.16973311134182004,-0.1856476411189279,-0.2023857467668663,-0.21994520365999604,-0.23832404338701652,-0.2575205104515078,-0.27753302738814756,-0.2983601663690272,-0.32000062586470396,-0.3424532112789814,-0.36571681872466677,-0.38979042131008707,-0.4146730574332224,-0.4403638206930438,-0.4668618511079267,-0.4941663273895447,-0.5222764600696763,-0.5511914853144758,-0.5809106592881453,-0.6114332529500306,-0.6427585471876666,-0.6748858282028996,-0.7078143830740625,-0.7415434954312141,-0.7760724411832919,-0.811400484242613,-0.8475268721942056,-0.8844508318596741,-0.9221715647058856,-0.9606882420485985,-1.0000000000000004,-1.0401059341071055,-1.0810050936250644,-1.1226964753657445,-1.1651790170574368,-1.2084515901452861,-1.2525129919566318,-1.2973619371469334,-1.3429970483316656,-1.3894168458031753,-1.436619736216054,-1.4846040001093586,-1.5333677781272639,-1.582909055772757,-1.633225646507613,-1.684315173005603,-1.7361750463198524,-1.7888024426963112,-1.8421942777610112,-1.8963471777309775,-1.9512574472610527,-2.006921033539495,-2.0633334861139767,-2.1204899118838023,-2.1783849247052935,-2.2370125888350736,-2.2963663553869114,-2.3564389909983126,-2.417222497576864,-2.478708021908875,-2.5408857538743153,-2.6037448116265978,-2.6672731121435924,-2.731457224939343,-2.7962822068005946,-2.861731414982598,-2.9277862956630263,-2.994426144771822,-3.061627836679617,-3.1293655171268893,-3.1976102548922145,-3.266329646607313,-3.3354873691725446,-3.405042671240978,-3.4749497966694447,-3.5451573304375907,-3.615607457390972,-3.6862351213559044,-3.7569670733368103,-3.8277207939801454
-0.033308611862345364,-0.035877820910953304,-0.03953129698712776,-0.044193164342544916,-0.049814486959435286,-0.056361845689556385,-0.06381139098944165,-0.07214549570371336,-0.08135075304741217,-0.09141671917888501,-0.10233509100883915,-0.11409915016124214,-0.12670337597388648,-0.14014316940690258,-0.15441465177459368,-0.1695145152049218,-0.18543990963580728,-0.20218835611625824,-0.21975767936141538,-0.23814595462695848,-0.25735146536972997,-0.2773726691373275,-0.29820816980383963,-0.3198566947482192,-0.3423170759182282,-0.36558823396581097,-0.38966916483748426,-0.41455892832789204,-0.4402566382147403,-0.4667614536718345,-0.4940725717142347,-0.5221892204774494,-0.551110653168871,-0.5808361425564602,-0.6113649758812869,-0.6426964500986017,-0.6748298673663679,-0.7077645307060076,-0.7414997397737046,-0.7760347866825005,-0.8113689518218082,-0.8475014996229948,-0.8844316742218409,-0.9221586949692648,-0.9606817517415263,-1.0000000000000004,-1.0401125555486377,-1.0810184889343846,-1.1227168194322352,-1.1652065085521552,-1.2084864529990316,-1.2525554770114606,-1.2974123239968836,-1.343055647370531,-1.3894840004992997,-1.43669582563664,-1.4846894417196888,-1.5334630308930561,-1.5830146235974887,-1.6333420820407374,-1.6844430818614005,-1.7363150917519086,-1.7889553507784202,-1.8423608431305127,-1.8965282699582382,-1.9514540179171072,-2.0071341240409466,-2.063564236435704,-2.120739570241878,-2.178654858322118,-2.2373042959158806,-2.296681478453711,-2.3567793317406376,-2.417590033402896,-2.479104924404884,-2.5413144094021733,-2.604207844322593,-2.667773409607714,-2.731997966949875,-2.7968668974239534,-2.8623639184929592,-2.928470876747638,-2.9951675135344016,-3.062431199045366,-3.1302366312910617,-3.1985554945520387,-3.2673560717977534,-3.336602805580883,-3.4062557990220466,-3.4762702498396063,-3.546595808038518,-3.61717584768931,-3.6879466404770325,-3.7588364197568005,-3.8297643203913054
-0.03278744746981595,-0.03539738168313053,-0.039085271734108334,-0.04377692739014216,-0.04942449936901361,-0.05599531046335097,-0.06346604048258098,-0.07181945342781566,-0.08104243996025057,-0.0911247879093724,-0.10205837834464321,-0.11383664188496007,-0.12645418029235914,-0.13990649650991524,-0.15418979786111398,-0.16930084982815574,-0.185236865555811,-0.2019954210760597,-0.21957438935934132,-0.23797188836727004,-0.25718623965222775,-0.2772159350033312,-0.29805960929775305,-0.3197160181850492,-0.3421840195708412,-0.36546255810390255,-0.38955065206375045,-0.41444738216792304,-0.4401518819255996,-0.4666633292409864,-0.4939809390259697,-0.5221039566283465,-0.5510316519174087,-0.5807633138948892,-0.6112982457204065,-0.6426357600581808,-0.6747751746657215,-0.7077158081509678,-0.7414569758375366,-0.7759979856796642,-0.8113381341746361,-0.8474767022224929,-0.8844129508849085,-0.9221461169956955,-0.960675408575233,-1.0000000000000004,-1.040119026876472,-1.081031580565852,-1.122736702302589,-1.1652333768452863,-1.208520525592668,-1.2525969990920134,-1.297461568859362,-1.3431129184209902,-1.3895496334793558,-1.4367701910920825,-1.484772947738035,-1.5335561261376849,-1.5831178006695188,-1.6334558812038118,-1.6845680951683073,-1.7364519676170904,-1.7891047990461173,-1.8425236406934196,-1.8967052669890803,-1.9516461447836841,-2.0073423989821864,-2.0637897740874624,-2.1209835911128523,-2.1789186993297363,-2.2375894221088206,-2.29698949606429,-2.3571120027235133,-2.4179492916402476,-2.4794928937821727,-2.5417334239801765,-2.604660470864293,-2.668262472744352,-2.7325265773153347,-2.797438483121454,-2.862982260302198,-2.929140147540939,-2.9958923224072462,-3.063216640756237,-3.131088341644769,-3.1994797124574497,-3.268359708811515,-3.3376935238047505,-3.407442098366862,-3.4775615657279135,-3.5480026207322215,-3.6187098045074424,-3.6896206923035835,-3.760664973272226,-3.8317634075595235
-0.03227793595158226,-0.03492769403531863,-0.038649235904318825,-0.04337001963935546,-0.04904325872255795,-0.055637001530954,-0.06312844556294003,-0.07150073736118123,-0.08074105848461081,-0.09083942333525245,-0.10178789308951501,-0.11358004408380398,-0.12621059781186247,-0.13967515695693572,-0.15397001296022672,-0.16909200304490282,-0.18503840217228065,-0.20180684014762815,-0.21939523713468578,-0.23780175286076402,-0.2570247461346506,-0.2770627422323179,-0.29791440635029537,-0.31957852178482726,-0.3420539718260697,-0.36533972458915853,-0.38943482019247344,-0.41433835981306216,-0.4400494962541402,-0.4665674257346412,-0.4938913806656865,-0.5220206232245749,-0.5509544395715635,-0.5806921345803868,-0.6112330269741152,-0.6425764447751904,-0.6747217209920588,-0.7076681894705805,-0.7414151808511473,-0.7759620185744214,-0.8113080148846269,-0.8474524667813004,-0.8843946518724559,-0.9221338240826701,-0.9606692091694291,-1.0000000000000004,-1.0401253515391955,-1.0810443754956771,-1.1227561345710007,-1.1652596362513434,-1.2085538260760604,-1.2526375803120475,-1.2975096979549665,-1.3431688919688243,-1.3896137796691492,-1.4368428721407573,-1.4848545625669343,-1.5336471133399585,-1.5832186417981773,-1.6335671044148705,-1.6846902792571417,-1.736585746491143,-1.7892508666826683,-1.8426827566361792,-1.8968782624447447,-1.9518339293875522,-2.00754596830885,-2.064010217993527,-2.1212221030100524,-2.179176586496202,-2.2378681171626766,-2.297290569740054,-2.3574371781048495,-2.4183004600258786,-2.479872132385259,-2.542143015682859,-2.605102926281346,-2.668740554875485,-2.733043329109645,-2.797997258312115,-2.8635867579131244,-2.929794450526682,-2.996600940924447,-3.0639845606529517,-3.1319210787939733,-3.2003833736566563,-3.2693410600510187,-3.338760066764423,-3.4086021561453865,-3.478824378869803,-3.5493784547336054,-3.620210070063694,-3.6912580796991965,-3.7624536023543653,-3.833718994841318
-0.031779816757458466,-0.03446851715849978,-0.03822296540590614,-0.04297223150203765,-0.048670568243768655,-0.05528673359154682,-0.06279843132204992,-0.07118918209142033,-0.08044645194982884,-0.09056047688364964,-0.10152349421212356,-0.11332922278264247,-0.12597250118634606,-0.13944902965236636,-0.15375518188905166,-0.16888786528214664,-0.18484441524927978,-0.20162251418549754,-0.21922012840883653,-0.2376354584924384,-0.2568668996805628,-0.27691300999776114,-0.2977724842910569,-0.31944413289305335,-0.34192686391761956,-0.3652196684273758,-0.3893216078962416,-0.4142318035075519,-0.4399494269307338,-0.46647369229292907,-0.49380384911567693,-0.5219391760314561,-0.5508789751287764,-0.5806225667996354,-0.6111692849833613,-0.6425184727176881,-0.6746694779211752,-0.7076216493368036,-0.7413743325789375,-0.7759268662278519,-0.8112785779218787,-0.8474287803991685,-0.8843767674430573,-0.9221218096855747,-0.9606631502234597,-1.0000000000000004,-1.0401315329041507,-1.0810568805357312,-1.1227751265821222,-1.1652853007477142,-1.208586372171703,-1.2526772422647392,-1.2975567368872116,-1.3432235977825981,-1.3896764731731328,-1.436913907411159,-1.4849343295656992,-1.5337360408168508,-1.5833172005065996,-1.633675810675119,-1.6848096989044254,-1.7367164992506121,-1.7893936310191432,-1.8428382751312555,-1.8970473477611507,-1.9520174708884506,-2.0077449394065834,-2.0642256843130187,-2.1214552314632535,-2.1794286553732736,-2.238140527361653,-2.2975848572727204,-2.3577550280295467,-2.418643721980715,-2.4802428379183104,-2.5425433975970764,-2.6055354402435733,-2.6692079035643523,-2.733548489220267,-2.798543510769793,-2.864177721691452,-2.930434120524008,-2.997293730389971,-3.064735348740144,-3.132735263859693,-3.2012669330187973,-3.270300616997971,-3.339802965668294,-3.4097365466733756,-3.480059310351913,-3.55072398186156,-3.621677371181187,-3.6928595890831466,-3.764203157934774,-3.8356320029180035
-0.03129283516298005,-0.03401961564617599,-0.03780624119012749,-0.042583358120341114,-0.04830623560940049,-0.05494432554818475,-0.06247582682886946,-0.07088462597593326,-0.08015846726322626,-0.09028780338139157,-0.10126504391424744,-0.11308404708306871,-0.12573976599909278,-0.1392279962905344,-0.15354519212235504,-0.1686883294986423,-0.18465480296254386,-0.20144234634100341,-0.21904897108986127,-0.23747291772817142,-0.25671261713254967,-0.27676665935389105,-0.2976337682354029,-0.3193127805490152,-0.3418026286837263,-0.36510232614210497,-0.3892109552808721,-0.4141276568463713,-0.43985162095582225,-0.4663820792470106,-0.4937182979716594,-0.5218595718513863,-0.5508052185482802,-0.5805545736267217,-0.6111069859028284,-0.6424618130943424,-0.6746184176967233,-0.7075761630168974,-0.7413344093080757,-0.7758925099511105,-0.8112498076335323,-0.8474056304793306,-0.884359288084487,-0.9221100674137945,-0.9606572285143419,-1.0000000000000004,-1.0401375742594392,-1.0810691023375965,-1.1227936884372125,-1.1653103839829704,-1.2086181811852497,-1.2527160060355038,-1.2976027106577195,-1.3432770649313026,-1.3897377472945984,-1.4369833346247416,-1.4850122910760195,-1.5338229557519847,-1.5834135290632232,-1.6337820576035877,-1.684926417370349,-1.736844295114282,-1.7895331675795139,-1.8429902783860763,-1.897212612241902,-1.9521968661363793,-2.0079394171628584,-2.064436286506501,-2.121683099090333,-2.179675038373424,-2.238406795608059,-2.2978725128130097,-2.3580657187245504,-2.418979256711449,-2.4806052035540826,-2.5429347779385156,-2.6059582371854817,-2.669664760748431,-2.7340423184901104,-2.799077521774525,-2.864755455027065,-2.93105948485913,-2.99797104406025,-3.065469386380332,-3.133531308683794,-3.2021308354519347,-3.271238860443877,-3.3408227402561166,-3.4108458319684187,-3.481266968080809,-3.5520398598200127,-3.623112419580551,-3.6944259907336554,-3.7659144737176393,-3.837503334114907
-0.030816742139144915,-0.03358075937276712,-0.03739884913714568,-0.04220319925899581,-0.04795007284732761,-0.054609600411101765,-0.06216046503788669,-0.07058691105444301,-0.07987695482676574,-0.09002126097552395,-0.10101240755492122,-0.1128443890909787,-0.12551227069355309,-0.13901194128962507,-0.15333993372944166,-0.16849329112464012,-0.1844694658419219,-0.20126624200733828,-0.21888167522008192,-0.23731404506472842,-0.2565618172645773,-0.27662361319033574,-0.29749818504132924,-0.319184395444798,-0.34168120052826384,-0.36498763573780824,-0.38910280385057217,-0.41402586474235975,-0.4397560265689662,-0.4662925380900182,-0.49363468191558496,-0.5217817684984811,-0.550733130727565,-0.580488119001403,-0.6110460966809897,-0.6424064358362663,-0.6745685132138227,-0.7075317063588052,-0.7412953898356535,-0.7758589314943642,-0.8112216887344986,-0.8473830047210368,-0.8843422045080811,-0.9220985910269257,-0.9606514408948525,-1.0000000000000004,-1.040143478815872,-1.081081047396512,-1.1228118300001273,-1.165334899284955,-1.2086492700157645,-1.2527538922144765,-1.2976476436810058,-1.343329321801532,-1.3897976345553338,-1.4370511906181558,-1.4850884884468876,-1.5339079042233665,-1.5835076785124562,-1.6338859014708758,-1.68504049643574,-1.736969201683534,-1.7896695501245732,-1.8431388466907075,-1.897374143109919,-1.9523722097274083,-2.008129504027195,-2.0646421354008693,-2.1219058256670995,-2.1799158648449017,-2.238667061502905,-2.298153686957112,-2.358369412591542,-2.4193072393098243,-2.480959418040194,-2.543317360165369,-2.6063715364277797,-2.6701113628692474,-2.7345250718561185,-2.799599566260359,-2.865320254491596,-2.9316708635331588,-2.99863322732275,-3.0661870464837047,-3.1343096160304493,-3.202975516116593,-3.2721562607159895,-3.341819899037614,-3.4119305620013156,-3.4824479470470675,-3.5533267324744324,-3.624515912168268,-3.6959580390871203,-3.767588366488471,-3.839333872717505
-0.03035129422506661,-0.03315172337476291,-0.03700057994444247,-0.04183155920008337,-0.047601896236994026,-0.05428238520329843,-0.061852182699408564,-0.07029588296362627,-0.07960176845572038,-0.08976071105575892,-0.10076545357643846,-0.11261012384593289,-0.1252898965058913,-0.13880075172725898,-0.15313929931262463,-0.1683026480031239,-0.18428830671526986,-0.20109410876599826,-0.21871815292498137,-0.2371587569810434,-0.25641442073557164,-0.2764837961879265,-0.297365663267429,-0.31905890988535285,-0.3415625153828605,-0.3648755366639732,-0.3889970964740064,-0.4139263733941968,-0.4396625932187022,-0.46620502144875825,-0.49355295668915605,-0.5217057247738871,-0.5506626734794606,-0.5804231677079456,-0.6109865850406888,-0.6423523115793319,-0.6745197380030997,-0.7074882557769205,-0.7412572534561808,-0.7758261130360211,-0.8111942062984336,-0.8473608911122866,-0.8843255076432475,-0.9220873744310844,-0.9606457842916676,-1.0000000000000004,-1.0401492497088682,-1.0810927220552127,-1.1228295609031484,-1.1653588596686573,-1.2086796551656986,-1.2527909209086616,-1.297691559798875,-1.343380396114205,-1.38985616671476,-1.4371175113649002,-1.4851629620588693,-1.5339909312303885,-1.583599698704542,-1.6339873972320098,-1.6851519964380643,-1.7370912849816504,-1.7898028506947152,-1.8432840584642918,-1.8975320255577364,-1.9525435940580502,-2.00831530006984,-2.064843339252587,-2.12212352819535,-2.1801512611448883,-2.238921461424477,-2.2984285268309974,-2.3586662682973247,-2.419627840849469,-2.4813056658027994,-2.5436913430892596,-2.6067755522959803,-2.6705479409991093,-2.7349969984845943,-2.8001099129597686,-2.8658724099924147,-2.93226856938617,-2.99928061787061,-3.066888693693823,-3.13507057978336,-3.2038014006349207,-3.2730532778987818,-3.342794939526522,-3.412991274942849,-3.483602829584768,-3.554585230123818,-3.6258885313206553,-3.697456473033245,-3.7692256364190744,-3.8411244852843787
-0.02989625340347531,-0.0327322877345668,-0.036611229017787586,-0.04146824664024647,-0.04726152621218982,-0.05396251086835506,-0.06155082027198224,-0.07001139085378845,-0.07933276529930379,-0.08950601817880532,-0.10052405343216135,-0.11238112925225172,-0.12507252739919725,-0.13859431727766733,-0.1529431839472286,-0.16811630033251962,-0.18411123065375454,-0.20092585633458135,-0.21855831836340445,-0.23700697189073952,-0.25627035004418175,-0.2763471347756338,-0.29723613313193764,-0.31893625774959256,-0.341446510669992,-0.364765969780155,-0.38889377735124336,-0.4138291302552147,-0.4395712715331848,-0.46611948305615125,-0.49347307906803684,-0.5216314004417391,-0.5505938095098204,-0.5803596853545181,-0.6109284194602307,-0.6422994116469485,-0.6744720662151498,-0.7074457882382286,-0.7412199799494105,-0.7757940371722442,-0.8111673457489501,-0.8473392779227537,-0.8843091886321207,-0.9220764116753163,-0.9606402557035502,-1.0000000000000004,-1.040154890000303,-1.0811041325076676,-1.122846890552659,-1.1653822778438776,-1.2087093527506065,-1.2528271117537622,-1.297734482294436,-1.3434303149408462,-1.3899133747885652,-1.437182331996402,-1.4852357513477357,-1.5340720807201271,-1.5836896383246415,-1.6340865985584463,-1.6852609763064925,-1.7372106094920976,-1.7899331396516043,-1.8434259903002863,-1.8976863427965067,-1.9527111093782386,-2.0084969030389477,-2.0650400038093086,-2.1223363209691954,-2.1803813507108143,-2.239170128604932,-2.298697176172614,-2.358956440861975,-2.4199412284803556,-2.481644127047737,-2.5440569209834787,-2.60717049423616,-2.670974720964832,-2.7354583419033593,-2.800608824544721,-2.8664122049231056,-2.9328529082575834,-2.999913545873433,-3.067574684569309,-3.1358145851388177,-3.204608905295567,-3.2739303620510056,-3.3437483484701427,-3.4140284974060164,-3.484732185626439,-3.555815969768199,-3.627230945163504,-3.6989220162060557,-3.77082706736877,-3.842876020956925
-0.029451386979002157,-0.03232223746696934,-0.036230596364704576,-0.0411130745902763,-0.04692878726609812,-0.05364981218041656,-0.0612562218368961,-0.06973328730753194,-0.0790698057632121,-0.08925704999453339,-0.10028808151609092,-0.11215728601180157,-0.12486004999931953,-0.13839253015042405,-0.15275148512308698,-0.16793415061083702,-0.18393814491853072,-0.2007613965159012,-0.21840208767901875,-0.23685861009585424,-0.2561295294846947,-0.2762135570886032,-0.29710952647282673,-0.31881637445248623,-0.34133312526702464,-0.36465887732192015,-0.38879279198155764,-0.41373408400301864,-0.4394820132915904,-0.4660358777243884,-0.49339500683673604,-0.5215587562057441,-0.5505265023957879,-0.5802976383531243,-0.6108715691549678,-0.642247708033293,-0.674425472605406,-0.7074042812488133,-0.7411835495684844,-0.7757626869067411,-0.8111410928510612,-0.8473181536968971,-0.884293238824359,-0.9220656969480994,-0.9606348521995871,-1.0000000000000004,-1.040160402680307,-1.0811152848027206,-1.12286382813467,-1.1654051662226905,-1.2087383785086037,-1.2528624839256979,-1.2977764339057496,-1.3434791047194399,-1.3899692890668502,-1.4372456868225467,-1.4853068948274775,-1.5341513956129507,-1.5837775449211569,-1.6341835578692399,-1.6853674935960525,-1.7373272381958174,-1.7900604857187683,-1.8435647170105363,-1.897837176103742,-1.9528748438429469,-2.0086744084162973,-2.065232232369934,-2.1225443156397157,-2.1806062541298807,-2.2394131932049848,-2.2989597754120514,-2.3592400817448103,-2.420247565520933,-2.481974977859205,-2.5444142836886092,-2.6075565669279475,-2.6713919234685326,-2.7359093401308168,-2.801096557764486,-2.8669399163105136,-2.9334241791429503,-3.0005323341443098,-3.0682453677616124,-3.1365420087946947,-3.2053984372543343,-3.2747879534184197,-3.3446806020744653,-3.4150427446837717,-3.4858365729535055,-3.5570195553716837,-3.628543807847379,-3.7003553772707924,-3.7723934271818105,-3.844589311765723
-0.029016467459185406,-0.03192136240819142,-0.035858486490374486,-0.04076586027702098,-0.04660350785855681,-0.05334412765629469,-0.06096823501470744,-0.06946142826036641,-0.07881275343402791,-0.08901367717392555,-0.100057415094151,-0.1119384775584249,-0.12465235353227727,-0.13819528503069173,-0.1525641026874906,-0.16775610358120335,-0.18376895890875258,-0.20060064314837947,-0.21824937895299887,-0.23671359374173534,-0.2559918851040691,-0.27608299292725935,-0.2969857767089169,-0.3186991969081243,-0.3412222994711812,-0.3645542028676664,-0.3886940871320611,-0.41364118450989146,-0.4393947713962615,-0.46595416131878475,-0.4933186987641412,-0.5214877536863759,-0.5504607165646305,-0.58023699390006,-0.6108160040593671,-0.6421971733869798,-0.6743799325194049,-0.707363712840717,-0.7411479430283887,-0.7757320456408223,-0.8111154337028492,-0.8472975072472536,-0.8842776497720763,-0.9220552245739387,-0.9606295709174711,-1.0000000000000004,-1.040165790669019,-1.081126184847633,-1.1228803826202,-1.1654275369267142,-1.2087667478095776,-1.2528970561518205,-1.2978174368391175,-1.343526791269869,-1.3900239391317986,-1.4373076093516695,-1.4853764301127181,-1.5342289178274622,-1.5838634649333192,-1.6342783263614025,-1.6854716045208988,-1.737441232607554,-1.7901849560211456,-1.8437003116682127,-1.8979846048698348,-1.9530348835624913,-2.008847909471595,-2.0654201258431475,-2.1227476212779766,-2.1808260892068305,-2.2396507823867196,-2.2992164617497064,-2.3595173389282347,-2.4205470115480043,-2.482298390296042,-2.5447636167156023,-2.6079339703948112,-2.671799764205569,-2.736350225801995,-2.8015733635802613,-2.8674558149584377,-2.9339826743472197,-3.0011372983031674,-3.0689010841889357,-3.1372532191354305,-3.2061703947307016,-3.275626482642258,-3.3455921662249346,-3.4160345209823477,-3.4869165374422915,-3.558196578121093,-3.6298277598186046,-3.7017572502066725,-3.7739254679809653,-3.8462651729335025
-0.02859127243813686,-0.03152945710743785,-0.03549470829592042,-0.040426425047559486,-0.04628552032548157,-0.05304529946963582,-0.060686710883747094,-0.06919567292321256,-0.07856147500543917,-0.08877577333876753,-0.09983193423714153,-0.1117245899939719,-0.12444932976320784,-0.13800247902094143,-0.1523809387895506,-0.1675820661787525,-0.18360358411088426,-0.2004435120576819,-0.2181001121579016,-0.23657184677307547,-0.25585734466005705,-0.2759553737174487,-0.2968648188019807,-0.31858466349372655,-0.34111397496540347,-0.3644518913062941,-0.38859761080714106,-0.41355038281396145,-0.4393094998455698,-0.4658742907323078,-0.4932441145796877,-0.5214183553986597,-0.550396417273121,-0.580177719956877,-0.6107616948095445,-0.6421477809951546,-0.6743354218784368,-0.7073240615591435,-0.7411131414947119,-0.7757020971637177,-0.8110903547273518,-0.8472773276479051,-0.8842624132249092,-0.922044989010051,-0.9606244090618284,-1.0000000000000004,-1.0401710568182918,-1.0811368384115363,-1.122896562770516,-1.1654494017941859,-1.2087944756641578,-1.2529308467218356,-1.2978575127820244,-1.3435733998089496,-1.3900773538748854,-1.4373681323100287,-1.4854443939405455,-1.5343046883047935,-1.5839474437180603,-1.634370954039478,-1.685573363986722,-1.7375526528112457,-1.790306616123614,-1.8438328456496529,-1.8981287066433887,-1.9531913126515525,-2.0090174973154005,-2.0656037828044727,-2.1229463444364676,-2.1810409710300274,-2.2398830203845965,-2.2994673692325116,-2.3597883569995237,-2.420839722484408,-2.482614532485671,-2.5451051013463717,-2.6083029001117177,-2.6721984539796915,-2.7367812262916473,-2.8020394872966925,-2.8679601655880598,-2.9345286796345706,-3.00172874693651,-3.0695421672063956,-3.1379485764131148,-3.20692516720029,-3.276446370963517,-3.346483496702933,-3.417004319650217,-3.4879726133056255,-3.5593476166802134,-3.631083428085956,-3.703128314585526,-3.7754239264572456,-3.8479044031746494
-0.028175584482809792,-0.031146320720904445,-0.03513907497901754,-0.040094594275587675,-0.045974660790398116,-0.05275317336710357,-0.060411503900551194,-0.06893588370675138,-0.07831584020622646,-0.08854321499303516,-0.0996115217553181,-0.1115155120258922,-0.12425087293681097,-0.1378140115841075,-0.1522018978259367,-0.16741194747883262,-0.1834419340492734,-0.20028992100956433,-0.21795420911269858,-0.2364332948910541,-0.25572583758038375,-0.27583063247159195,-0.29674658921980845,-0.31847271401456695,-0.34100809478508637,-0.3643518888057046,-0.3885033122186823,-0.41346163109111056,-0.43922615370747814,-0.4657962238607637,-0.49317121495014254,-0.5213505247305319,-0.5503335705874564,-0.5801197852318419,-0.6107086127262521,-0.6420995047680031,-0.674291917165568,-0.7072853064499944,-0.7410791265726956,-0.7756728256431479,-0.8110658426646602,-0.8472576042281171,-0.8842475211252098,-0.922034984843135,-0.9606193639025898,-1.0000000000000004,-1.0401762039133544,-1.0811472511287918,-1.122912377142236,-1.1654707723868558,-1.2088215767324506,-1.2529638734984423,-1.297896682915743,-1.3436189549650759,-1.3901295615136409,-1.437427287660771,-1.485510822191775,-1.5343787470322698,-1.5840295255761907,-1.6344614897443515,-1.6856728256223248,-1.737661557494507,-1.790425530068534,-1.843962388675128,-1.8982695571753936,-1.95334421327695,-2.009183260950707,-2.065783299551889,-2.123140589208989,-2.1812510120358803,-2.2401100285746858,-2.2997126288282845,-2.3600532772305947,-2.421125850684553,-2.4829235687157643,-2.5454389147319696,-2.6086635471102206,-2.6725881988154736,-2.737202563834476,-2.8024951686903528,-2.868453226975168,-2.935062474374879,-3.0023069817536387,-3.0701689427725007,-3.1386284329247207,-3.2076631355833447,-3.277248030423127,-3.347355039398034,-3.417952623402747,-3.4890053233300975,-3.5604732374397106,-3.632311426483073,-3.704469235846297,-3.776889524155742,-3.849507784991187
-0.02776919102180951,-0.030771756908182093,-0.03479140393677421,-0.039770197269963524,-0.04567076907803305,-0.05246759858652765,-0.06014247182217329,-0.06868192614757328,-0.07807572172997462,-0.08831588145593341,-0.09939606313455548,-0.11131113490634524,-0.12405687971924952,-0.13762978448813892,-0.15202688638795459,-0.16724565864649726,-0.18328392423795437,-0.20013978966389567,-0.2178115934389357,-0.23629786551155624,-0.2555972949229559,-0.27570870375081835,-0.2966310259002101,-0.31836328966978944,-0.34090460328565925,-0.36425414278210266,-0.38841114175705016,-0.41337488262760264,-0.43914468909378096,-0.46571991957862086,-0.49309996145698626,-0.521284225921759,-0.5502721433636915,-0.5800631591618743,-0.6106567297983074,-0.6420523192236609,-0.674249395412028,-0.707247427047729,-0.7410458802965699,-0.7756442156161386,-0.8110418845642227,-0.8472383265661427,-0.884232965603367,-0.9220252067862262,-0.9606144327734045,-1.0000000000000004,-1.04018123467443,-1.0811574285022651,-1.1229278340922983,-1.1654916599966996,-1.2088480653325484,-1.2529961539276913,-1.2979349679276113,-1.3436634807924832,-1.3901805896079755,-1.437485106622406,-1.4855757499116642,-1.5344511330664645,-1.5841097537779,-1.6345499811813187,-1.685770041810384,-1.7377680039822243,-1.790541760412331,-1.8440890088485742,-1.8984072304622788,-1.9534936657042068,-2.009345287323226,-2.06595877016005,-2.1233304572890477,-2.181456322071661,-2.2403319255421863,-2.2999523684982344,-2.3603122376558234,-2.4214055450178753,-2.4832256595236886,-2.545765229988403,-2.6090160980810517,-2.6729692000680996,-2.737614455642552,-2.802940642135267,-2.8689352520842646,-2.9355843316869064,-3.002872297739425,-3.070781729612022,-3.139293133185585,-3.208384672429305,-3.278031864058084,-3.34820723051611,-3.418879904542619,-3.4900151791090286,-3.5615739947627407,-3.6335123559266274,-3.7057806655654253,-3.778322967757557,-3.851076084965191
-0.027371884236690257,-0.030405573731003194,-0.03445151667083115,-0.039453067185360326,-0.04537368862991264,-0.05218842777696922,-0.05987947563032887,-0.06843366883608093,-0.07784099516646376,-0.08809365479654516,-0.09918544647405442,-0.11111135237279018,-0.1238672491414683,-0.13744970175191035,-0.15185581320992644,-0.16708311288724498,-0.18312947213364741,-0.19999303952982606,-0.2176721905179874,-0.23616548772443824,-0.2554716493370706,-0.27558952362805456,-0.2965180682159266,-0.31825633301908995,-0.3408034461109906,-0.36415860187008015,-0.38832105096281455,-0.41329009179341114,-0.439065063135004,-0.46564533771545424,-0.49303031657437607,-0.5212194240433975,-0.5502121032286803,-0.58000781189495,-0.6106060186664483,-0.6420061994735129,-0.6742078341839467,-0.7072104033635388,-0.7410133851191654,-0.7756162519800752,-0.8110184677773482,-0.8472194844831874,-0.8842187389732464,-0.9220156496756344,-0.9606096130700947,-1.0000000000000004,-1.0401861517583122,-1.0811673759065141,-1.1229429417828038,-1.1655120756524577,-1.208873955448816,-1.2530277050490795,-1.2979723880229925,-1.3437070007851433,-1.3902304650760868,-1.437541619686804,-1.4856392113300922,-1.5345218845556572,-1.584188170587605,-1.634636474947434,-1.6858650637174275,-1.7378720482692975,-1.7906553682611437,-1.8442127726963093,-1.8985417987878717,-1.9536397483429366,-2.0095036613703994,-2.0661302865331397,-2.1235160480267834,-2.1816570084567593,-2.240548827147272,-2.3001867132676885,-2.3605653731479523,-2.421678950950259,-2.483520961783793,-2.5460842162901574,-2.6093607354742723,-2.673341654530559,-2.73801711402,-2.803376136725541,-2.8694064881996177,-2.9360945185782703,-3.0034249833037103,-3.071380839375336,-3.139943014099198,-3.209090142097551,-3.278798266093619,-3.3490404967833522,-3.419786625176066,-3.4910026812711967,-3.562650431226306,-3.6346868046702694,-3.7070632417231133,-3.7797249493578216,-3.852610054047589
-0.026983460955682603,-0.030047583554277026,-0.034119238694627234,-0.03914304093497823,-0.045083266421922556,-0.051915516920657906,-0.05962237945732822,-0.06819098334610293,-0.07761153893469833,-0.0878764197700488,-0.09897956242555134,-0.11091606059001669,-0.12368188254389434,-0.13727366959245718,-0.15168858911884023,-0.16692422539897456,-0.1829784970899216,-0.19984959392206883,-0.21753592744937714,-0.23603609225381267,-0.25534883502559697,-0.27547302965204185,-0.2964076569404265,-0.3181517879502406,-0.34070457016259303,-0.3640652158934593,-0.3882329924991922,-0.4132072140162265,-0.43898723395594547,-0.4655724390329912,-0.4929622436476733,-0.521156084977781,-0.5501534185615043,-0.5799537142729577,-0.6105564526076054,-0.6419611212078725,-0.674167211569435,-0.7071742158738272,-0.7409816239017923,-0.775588919983987,-0.8109955799499038,-0.8472010680375294,-0.8842048337277508,-0.9220063084679587,-0.9606049022491504,-1.0000000000000004,-1.0401909577599013,-1.0811770985908953,-1.1229577081857312,-1.1655320301260053,-1.2088992607399645,-1.253058543505381,-1.2980089629369242,-1.3437495378902997,-1.390279214209953,-1.4375968566367303,-1.4857012398812213,-1.5345910387617179,-1.584264817288157,-1.6347210165581587,-1.6859579413230437,-1.7379737450525428,-1.7907664133055679,-1.844333745204772,-1.8986733327642986,-1.9537825377910876,-2.009658466069182,-2.066297938456406,-2.1236974584844837,-2.181853176042417,-2.2407608465893105,-2.300415785295077,-2.3608128154921464,-2.4219462106234824,-2.4838096287925895,-2.546396038961479,-2.6096976375970447,-2.673705754538324,-2.738410746475012,-2.8038018763951684,-2.8698671770533375,-2.936593296082283,-3.0039653204274086,-3.0719665767943045,-3.140578405123383,-3.209779900934382,-3.2795476221314614,-3.3498552556462697,-3.420673237424992,-3.4919683197053786,-3.5637030778583965,-3.6358353485543824,-3.708317588965493,-3.781096146739782,-3.8541104278433136
-0.026603722549796892,-0.029697602949361315,-0.03379439944278109,-0.03883995910526503,-0.044799352883780584,-0.0516487252567536,-0.059371050513752924,-0.06795374416617517,-0.07738723421753259,-0.08766406375546479,-0.09877830413399355,-0.1107251580935795,-0.12350068352248247,-0.1371015963734997,-0.15152512698523435,-0.16676891332512345,-0.18283092031249099,-0.199709377918267,-0.21740273301013457,-0.2359096114193241,-0.25522878770810453,-0.2753591608122563,-0.29629973421456274,-0.3180495996474329,-0.3406079235696068,-0.3639739358368748,-0.3881469201251895,-0.4131262057561247,-0.4389111606518398,-0.4655011852027442,-0.49289570687251955,-0.5210941753990204,-0.5500960584753779,-0.5799008378149951,-0.610508005519578,-0.641917060682028,-0.6741275061659977,-0.7071388455089855,-0.7409505799043827,-0.7755622052200568,-0.8109732090152,-0.8471830675187929,-0.8841912425344929,-0.9219971782371809,-0.9606002978262635,-1.0000000000000004,-1.0401956552137002,-1.081186601682589,-1.1229721410875302,-1.1655515339385565,-1.2089239945469166,-1.2530886855522243,-1.2980447119454699,-1.3437911145216568,-1.3903268626904306,-1.4376508465629285,-1.4857618682226525,-1.5346586320814295,-1.5843397342044332,-1.634803650473328,-1.686048723448346,-1.7380731477617852,-1.7908749538545166,-1.8444519898573006,-1.8988019013718496,-1.95392210887807,-2.0098097824826273,-2.0664618136464066,-2.1238747834907126,-2.1820449272699816,-2.240968094469499,-2.300639703939228,-2.361054693458239,-2.422207462932736,-2.4840918103518823,-2.546700859565474,-2.6100269787090906,-2.6740616880715677,-2.7387955558292547,-2.8042180800350787,-2.8703175549505393,-2.937080919391715,-3.0044935848053815,-3.0725392398347746,-3.141199628432935,-3.21045429744631,-3.280280309334284,-3.3506519154677403,-3.421540183635039,-3.4929125737807563,-3.564732454370958,-3.6369585512516744,-3.7095443188627,-3.7824372236449486,-3.8555779268927672
-0.02623247483124995,-0.029355452599519532,-0.03347683218253982,-0.03854366587259876,-0.044521801820376475,-0.051387915206888984,-0.059125359017833105,-0.06772182863244824,-0.07716796489785199,-0.0874564766948922,-0.09858156717964105,-0.11053854573460038,-0.12332355787607081,-0.13693339255522252,-0.15136534167528437,-0.1666170957089577,-0.1826866648156131,-0.19957231831741457,-0.21727253761516183,-0.235785979098389,-0.25511144458491164,-0.27524785750470726,-0.29619424351406654,-0.31794971456041715,-0.34051345565953983,-0.3638847138180734,-0.3880627886694242,-0.413047024480878,-0.43883680326512714,-0.4654315387842112,-0.49283067127444563,-0.5210336627540001,-0.5500399928000154,-0.5798491547010922,-0.6104606519061012,-0.6418739947026476,-0.6740886970682686,-0.7071042736424579,-0.7409202367758836,-0.7755360936153489,-0.8109513431870596,-0.8471654734423683,-0.8841779582315809,-0.9219882541718329,-0.9605957973748991,-1.0000000000000004,-1.0402002465952702,-1.081195890189548,-1.1229862480935984,-1.1655705973667119,-1.2089481699004687,-1.253118147067425,-1.2980796538767767,-1.3438317525722268,-1.390373435601963,-1.437703617880767,-1.4858211282540923,-1.5347247000672641,-1.5844129607263235,-1.6348844201224593,-1.6861374577837167,-1.7381703085901636,-1.7909810468682248,-1.844567568669989,-1.8989275719978425,-1.954058534706805,-2.009957689805303,-2.0666219978000004,-2.1240481156930953,-2.1822323622277193,-2.241170678851957,-2.30085858582501,-2.361291132871221,-2.422462843602267,-2.4843676528498984,-2.546998835991083,-2.6103489291158852,-2.6744096388549816,-2.7391717403247346,-2.8046249616074976,-2.870757852891664,-2.9375576379895674,-3.005010045986159,-3.0730991198457662,-3.141806999078795,-3.211113672469735,-3.28099669660638,-3.3514308757191715,-3.422387896579658,-3.4938359125632537,-3.5657390693887394,-3.638056964508651,-3.7107440301628865,-3.783748830039316,-3.8570132569495836
-0.025869527954162665,-0.029020957207513767,-0.03316637392724638,-0.03825400892188631,-0.044250470334934754,-0.05113295230245001,-0.05888517812648392,-0.06749511686318117,-0.07695361749627212,-0.08725355103419767,-0.0983892495215597,-0.11035612662590247,-0.12315041355501305,-0.13676897064527682,-0.15120915000406163,-0.16646869344898352,-0.18254565537956097,-0.19943834359930496,-0.21714527327858163,-0.23566513068937398,-0.2549967443020307,-0.2751390614985899,-0.29609112961785494,-0.3178520803744168,-0.3404211169297442,-0.36379750306091196,-0.3879805540046088,-0.4129696286418906,-0.4387641227628113,-0.46536346320363065,-0.49276710268899976,-0.5209745152438594,-0.5499851920644478,-0.57979863775635,-0.6104143668622969,-0.6418319006145309,-0.6740507638560608,-0.7070704820800853,-0.7408905785448978,-0.7755105714237495,-0.8109299709530648,-0.8471482765439746,-0.8841649738235124,-0.9219795315722379,-0.9605913985249032,-1.0000000000000004,-1.0402047343226535,-1.0812049690033685,-1.1230000366326414,-1.1655892304483473,-1.2089717995287568,-1.2531469435600782,-1.2981138071218514,-1.3438714734268515,-1.3904189574469141,-1.437755198346459,-1.485879051135542,-1.5347892774476328,-1.5844845353311343,-1.6349633679294124,-1.6862241909158424,-1.7382652785236676,-1.79108474799042,-1.8446805422266335,-1.8990504104745087,-1.9541918866947157,-2.0101022654075797,-2.0667785746421243,-2.1242175456097967,-2.1824155787062267,-2.24136870532332,-2.301072544907376,-2.361522256680017,-2.422712485259194,-2.484637299340469,-2.5472901225379836,-2.610663655259647,-2.6747497864552527,-2.739539493728181,-2.8050227302576776,-2.871188296692019,-2.938023695776905,-3.0055149675085695,-3.07364650170541,-3.142400825143822,-3.2117583593370735,-3.2816971447706593,-3.352192527168844,-3.4232167996602416,-3.494738795027842,-3.5667234206740575,-3.6391311283829872,-3.7119173090421778,-3.785031602375639,-3.858417109254654
-0.02551469631747816,-0.02869394540528443,-0.03286286535177909,-0.037970839367031994,-0.04398521875395626,-0.05088370511355163,-0.05865038386796037,-0.06727349169478136,-0.07674408111031679,-0.08705518166512011,-0.09820125144246958,-0.1101778060894425,-0.12298116061105345,-0.13660824515097317,-0.15105647068993114,-0.1663236292554502,-0.1824078185091397,-0.1993073838849785,-0.21702087357604097,-0.235547003075687,-0.25488462691698355,-0.2750327159037692,-0.2959903385771304,-0.31775664598079584,-0.3403308590196079,-0.3637122578690344,-0.38790017302267665,-0.41289397765074115,-0.43869308101439036,-0.4652969227332738,-0.49270496774237865,-0.5209167018059427,-0.5499316274802774,-0.5797492604354829,-0.6103691260604923,-0.6417907562876995,-0.6740136865827202,-0.7070374530497231,-0.7408615896105637,-0.7754856252181118,-0.8109090810679758,-0.8471314677743627,-0.8841522824771727,-0.9219710058478212,-0.9605870989611472,-1.0000000000000004,-1.0402091207577544,-1.0812138429020894,-1.1230135139609216,-1.1656074429883543,-1.208994895864532,-1.253175090179418,-1.29814718964506,-1.3439102979744026,-1.3904634521595354,-1.43780561507287,-1.4859356673050248,-1.5348523981466171,-1.5845544956054225,-1.635040535336431,-1.6863089683540702,-1.738358107369929,-1.7911861115796823,-1.8447909697128073,-1.8991704811159318,-1.9543222346136995,-2.0102435848788076,-2.0669316259723787,-2.1243831616797246,-2.1825946722524763,-2.24156227705087,-2.3012816925338377,-2.3617481850245863,-2.4229565175055385,-2.4849008896203175,-2.5475748699994667,-2.610971319808183,-2.675082306376258,-2.739899005433008,-2.8054115904230597,-2.871609107098605,-2.9384793311978266,-3.006008607035355,-3.0741816639637203,-3.1429814078952383,-3.2123886840394036,-3.282382006742013,-3.3529372520664964,-3.42402730710239,-3.4956216702668828,-3.567685995347533,-3.6401815714768517,-3.7130647293506076,-3.7862861638517837,-3.859790160806402
