0,1,2,3,4,5,6,7,8,9,10,11,12,13,14,15,16,17,18,19,20,21,22,23,24,25,26,27,28,29,30,31,32,33,34,35,36,37,38,39,40,41,42,43,44,45,46,47,48,49,50,51,52,53,54,55,56,57,58,59,60,61,62,63,64,65,66,67,68,69,70,71,72,73,74,75,76,77,78,79,80,81,82,83,84,85,86,87,88,89,90,91,92,93,94
-1.3701770463822982,-1.306064571811069,-1.2521923770042243,-1.2059707854998962,-1.1657107459498717,-1.1302511739975012,-1.0987650236491564,-1.0706420883374783,-1.0454206935527148,-1.0227437301599556,-1.0023301956100614,-0.9839545095911062,-0.9674333010101177,-0.9526155063113508,-0.9393750652838914,-0.9276054655949925,-0.9172161842419674,-0.9081286036802299,-0.9002743390557351,-0.893593054805146,-0.8880309776813367,-0.883539624054086,-0.88007470369688,-0.8775958714386338,-0.8760648661508087,-0.8754460926155111,-0.8757056605672341,-0.8768108201803883,-0.8787299598374876,-0.8814321463218269,-0.8848867511107056,-0.8890634110778062,-0.8939318711241386,-0.8994615757624127,-0.9056213338728483,-0.9123800888376151,-0.9197057495552774,-0.9275657451559407,-0.9359265574712561,-0.9447538551398793,-0.9540122782997373,-0.9636654856771676,-0.9736759834926306,-0.984005174324154,-0.9946132452928969,-1.0054591898761205,-1.0165005810415932,-1.0276938742346169,-1.0389944254891896,-1.0503558811258833,-1.0617309287984766,-1.0730712319288627,-1.0843267494431985,-1.0954467146295443,-1.1063795311968716,-1.117072031582933,-1.1274707423798047,-1.1375217177877373,-1.1471697221764554,-1.156359862309314,-1.165037317489842,-1.1731464661266122,-1.1806329145693517,-1.1874430939672387,-1.1935233910730314,-1.19882251668742,-1.2032909709813577,-1.2068802773018972,-1.2095455059300264,-1.2112446739418692,-1.2119382031089532,-1.2115911156771464,-1.2101729644733772,-1.2076575475772233,-1.2040236217178535,-1.1992557206383148,-1.1933443877500616,-1.1862865386959798,-1.1780855175108407,-1.1687512753292606,-1.158301339333534,-1.1467595074659886,-1.1341575913636492,-1.120533751731223,-1.1059332446099135,-1.0904086056127582,-1.0740173210392445,-1.0568236430999356,-1.0388972033520627,-1.020312347076202,-1.001146874118708,-0.9814824434042246,-0.9614029331912688,-0.9409940044975862,-0.9307895401507393
-1.3394054653311032,-1.2760892134475148,-1.2228880026736304,-1.1772538990174246,-1.137524800201764,-1.1025579924369755,-1.0715394203794637,-1.0438684025671718,-1.019090429427613,-0.996853901683975,-0.9768821245963205,-0.958952950223893,-0.9428857721542727,-0.9285317781884433,-0.9157667600246139,-0.9044857424385085,-0.8945994798987056,-0.8860304360860118,-0.8787111374492257,-0.8725820236683529,-0.8675899842532725,-0.8636871059137546,-0.8608295938278928,-0.8589775272749817,-0.8580930282707171,-0.8581408342958592,-0.8590873525219321,-0.8609001039804763,-0.863547720981003,-0.8669994941733292,-0.8712250035125608,-0.876194078404037,-0.881876642676685,-0.888242307755488,-0.895260043032646,-0.9028989297218487,-0.9111270084277936,-0.9199118183991911,-0.9292199369550891,-0.9390171018602802,-0.949267998912355,-0.9599362963378572,-0.9709844754146907,-0.9823738646371927,-0.9940645256338809,-1.0060152615037454,-1.0181833997383454,-1.030525054374526,-1.0429951305397782,-1.0555467606068651,-1.0681319743978261,-1.0807016288233606,-1.093204775198478,-1.1055895506762503,-1.117803072945528,-1.1297907353402359,-1.1414973947671436,-1.1528672041628996,-1.163842812510385,-1.1743669490907938,-1.1843821473096094,-1.1938298607099385,-1.2026525008268951,-1.2107930117786603,-1.2181939550527154,-1.2247999782121821,-1.230557225876966,-1.2354124891284568,-1.2393159557136213,-1.2422205038291945,-1.2440810424571513,-1.2448570440233397,-1.2445124080864123,-1.243015061540892,-1.2403378852429148,-1.236459482024277,-1.2313646903046704,-1.2250448072759101,-1.2174977751379767,-1.2087285247329826,-1.1987498802043417,-1.1875815142019963,-1.1752516232417354,-1.1617954127491115,-1.147255918742529,-1.1316842384963888,-1.1151372185394859,-1.0976793905483562,-1.079381546328384,-1.0603201393864614,-1.0405759386939772,-1.020234515263907,-0.9993844695372345,-0.9781170179971377,-0.9674832922270837
-1.3093402120368913,-1.24683704851469,-1.1943241002798226,-1.149294683866564,-1.1101133103984473,-1.0756553885449827,-1.0451196590128191,-1.0179148047322033,-0.9935933433807637,-0.971809064283452,-0.9522894716584213,-0.9348157507797633,-0.9192099688402233,-0.9053254809317096,-0.8930398528693623,-0.8822495745533676,-0.8728666114934613,-0.8648144474512661,-0.8580264642596271,-0.8524438260810188,-0.8480140395421387,-0.8446897211759743,-0.8424275361906479,-0.841187958104881,-0.8409334671060867,-0.8416291136732572,-0.8432415880535677,-0.8457386732499304,-0.8490892421530613,-0.8532628115907367,-0.858229178187378,-0.8639583780873143,-0.8704205343171422,-0.8775854521459237,-0.8854222951088724,-0.8939003228046506,-0.9029877554871987,-0.9126522983291419,-0.9228606879799456,-0.93357880399315,-0.9447714594411918,-0.9564024235417953,-0.9684342541723484,-0.9808283183070893,-0.9935446759933603,-1.0065420760553028,-1.019777748869255,-1.0332076290515106,-1.046786347111614,-1.0604667115997446,-1.0742002995479254,-1.0879373815811915,-1.1016263382244178,-1.1152144615668296,-1.1286478490794754,-1.1418707399597605,-1.1548266172838773,-1.1674580409314406,-1.1797058731257581,-1.1915107980948414,-1.202813043071388,-1.2135514954339288,-1.2236657228576087,-1.2330955322355952,-1.2417800227946973,-1.2496601182814482,-1.2566779338274825,-1.262775855813686,-1.26789947518135,-1.2719967879125993,-1.2750174299460182,-1.276915507819737,-1.2776493993050808,-1.2771812471022326,-1.2754780891768347,-1.2725125608595511,-1.2682636924443713,-1.2627169855102705,-1.2558647345097151,-1.247706538274973,-1.2382501194015627,-1.2275105810462317,-1.215511974793937,-1.2022859811408382,-1.1878727946271317,-1.1723214000571414,-1.155687331395805,-1.13803469404673,-1.1194347290531925,-1.0999653011394606,-1.0797094844611332,-1.0587561262852208,-1.037197963730252,-1.0151312421846415,-1.0040978814118418
-1.2799646634359618,-1.218289424430824,-1.1664799803210057,-1.1220704107130413,-1.083451510623895,-1.0495165704923815,-1.0194769408772342,-0.9927505175668316,-0.9688967176051694,-0.9475746079637387,-0.928515793659454,-0.9115047050049035,-0.8963660029025489,-0.8829551369618494,-0.871151380644819,-0.8608526282614659,-0.8519720010787615,-0.8444339527261909,-0.8381726751547136,-0.8331300165442673,-0.8292540648670299,-0.8264979353320808,-0.8248187265977632,-0.8241772844051434,-0.8245364295854318,-0.8258615126251118,-0.8281194983739182,-0.8312784278964546,-0.8353074153642255,-0.8401762091397541,-0.8458548326667105,-0.8523135438818054,-0.8595226849859066,-0.8674522804536826,-0.876071718696797,-0.8853504741211743,-0.8952569889778279,-0.9057591831649663,-0.9168240079936482,-0.9284175474330622,-0.9405048118253087,-0.9530497496502796,-0.9660150820486019,-0.9793623105128615,-0.9930515992144686,-1.0070417589425755,-1.0212900496298527,-1.035752365281009,-1.0503832134707096,-1.0651352423969418,-1.0799597536421457,-1.094806623033298,-1.1096237663397372,-1.124357850575755,-1.1389541873307345,-1.1533561133866914,-1.1675060014524397,-1.1813450947488036,-1.1948127644500983,-1.20784795162735,-1.2203888884011027,-1.2323722261333991,-1.243735015139802,-1.254414253841074,-1.2643459231114373,-1.2734675487869551,-1.281717534058746,-1.2890341839952524,-1.2953587804765632,-1.3006347023108544,-1.3048065674033382,-1.307823321261603,-1.3096379787301216,-1.3102070203154126,-1.3094917138460727,-1.307458738124423,-1.3040812620771836,-1.2993388701282749,-1.2932180217998024,-1.2857127309992222,-1.2768252824797433,-1.2665658238089517,-1.254953790046609,-1.2420168205537263,-1.2277916950833245,-1.2123246543665145,-1.19566928188386,-1.1778885776027703,-1.1590535395048063,-1.1392427554935525,-1.1185409419083747,-1.0970395781944475,-1.0748349374704258,-1.0520277446619208,-1.0406241482576795
-1.2512626062626209,-1.1904282251500975,-1.1393356245236352,-1.095559163960963,-1.0575155986844886,-1.0241158671205757,-0.9945837512289557,-0.968346216515259,-0.9449694604027697,-0.9241177258349775,-0.9055266300340287,-0.8889837699305375,-0.8743163301076468,-0.8613817918174421,-0.8500610795563135,-0.8402534410749368,-0.8318731076868119,-0.8248454620003204,-0.819105469841018,-0.8145956315981195,-0.8112645890532801,-0.8090659327012945,-0.8079571752902067,-0.807899519428383,-0.8088561150533843,-0.8107926050003502,-0.8136762248557146,-0.8174752736512587,-0.8221591105487022,-0.8276977229548566,-0.8340613725139171,-0.8412205542988781,-0.8491458489913192,-0.857807523897386,-0.8671752202007936,-0.8772186596612854,-0.8879065437909981,-0.899207049755913,-0.911087391352091,-0.9235139108109371,-0.9364518756422843,-0.949865480418835,-0.9637176833814265,-0.9779702023566039,-0.9925833956977381,-1.0075162353290243,-1.0227261187995094,-1.038169018373805,-1.0537994491451652,-1.0695700394732,-1.0854319688538117,-1.101334884811489,-1.1172264176228353,-1.1330528020047552,-1.1487587702796258,-1.1642869791788883,-1.1795789256578815,-1.1945747841044378,-1.2092127006184394,-1.2234301471064413,-1.2371636451026624,-1.250347913345412,-1.2629177879460496,-1.2748077669904878,-1.2859510375919814,-1.2962820391769658,-1.3057357703663452,-1.3142467714988615,-1.3217523021058775,-1.3281913934407419,-1.3335039107075453,-1.3376338591580716,-1.3405290716254847,-1.3421405173491108,-1.3424238003979294,-1.341339695170718,-1.3388555000220181,-1.334944810562333,-1.3295881175679702,-1.322773651307818,-1.3144979807005908,-1.3047659666791778,-1.2935920124587885,-1.2809992523526215,-1.2670205261187895,-1.2516987424753268,-1.2350849328575775,-1.2172403418413857,-1.1982350540178266,-1.1781477051320155,-1.157063995432983,-1.135077388332828,-1.1122870810486463,-1.0887977096292079,-1.0770530239194998
-1.223218226105216,-1.1632358532013165,-1.1128716597241572,-1.069739806304909,-1.0322826901405513,-0.9994286702581817,-0.9704137886720393,-0.9446739451009933,-0.9217820063968624,-0.901407298126089,-0.8832893696457234,-0.8672189147187426,-0.8530255802545156,-0.8405688249178117,-0.8297311761788245,-0.8204131926572572,-0.8125301781951894,-0.8060084114144661,-0.8007836033839338,-0.7967988821430488,-0.7940034225890708,-0.79235127350267,-0.791800348254952,-0.7923121963490528,-0.7938502900758745,-0.7963805611582538,-0.799870515615056,-0.8042887132269437,-0.8096047640367942,-0.8157889034540005,-0.8228116433735576,-0.8306437312230325,-0.8392560045364595,-0.8486189952539769,-0.8587026224888508,-0.8694768842895406,-0.8809107740847562,-0.8929727632592928,-0.9056303692922235,-0.9188502388337898,-0.9325979476739931,-0.9468379933923118,-0.9615336340880201,-0.9766468734718244,-0.9921383406611292,-1.0079672531850812,-1.024091238262996,-1.0404664481038273,-1.057047517417628,-1.0737871754227273,-1.0906366120935373,-1.107545391370565,-1.124461013973016,-1.1413294512327947,-1.1580950383607096,-1.174699948446603,-1.1910850115863902,-1.2071895554826766,-1.2229507402772704,-1.2383048172238509,-1.253186857279459,-1.267529924974764,-1.2812669232084017,-1.2943301378700756,-1.3066502676874703,-1.3181589622527523,-1.3287881116131939,-1.338468799163478,-1.347134545329426,-1.354720304881829,-1.3611614618638357,-1.3663973136940344,-1.3703707095356732,-1.3730272818684386,-1.374317105549866,-1.3741951380505824,-1.372622836609494,-1.3695677808810036,-1.365004407352699,-1.358915013694062,-1.3512902293581708,-1.3421293495202935,-1.3314413843029893,-1.3192445499018768,-1.305567268549801,-1.2904485733351678,-1.2739363795268521,-1.2560895577392706,-1.2369766336250199,-1.216675631479236,-1.1952725853902502,-1.1728622942419054,-1.1495462599847905,-1.125432445987784,-1.1133755389892808
-1.195816096791824,-1.1366952124409968,-1.0870693329673387,-1.0445919451310848,-1.0077307749598197,-0.9754313805819426,-0.9469418992022249,-0.921707036164135,-0.8993062240238298,-0.879413785058239,-0.8617731282521884,-0.846177982027374,-0.8324604018620924,-0.8204817771251122,-0.8101261975904661,-0.8012954973832087,-0.7939060223392608,-0.7878849208338395,-0.7831686269417937,-0.7797008778353515,-0.7774313664884042,-0.7763145882019442,-0.7763088482832636,-0.7773760374722757,-0.7794799474453065,-0.7825867986174156,-0.7866643698449124,-0.7916814865573426,-0.7976080170904787,-0.8044144547105753,-0.8120715738510996,-0.8205503890798466,-0.8298220120420786,-0.8398572592607851,-0.8506263503240036,-0.8620995851563735,-0.8742462775885619,-0.8870352251833303,-0.9004342844513504,-0.9144104458769928,-0.9289296369881954,-0.9439567066763542,-0.9594552660723156,-0.9753876637250483,-0.9917148644705983,-1.0083964032292252,-1.0253902151507233,-1.0426527192270356,-1.0601387659822756,-1.0778012890486466,-1.0955916033683537,-1.1134593150063181,-1.1313519306952484,-1.1492153063292458,-1.1669935405511866,-1.18462849624002,-1.2020605225745022,-1.219228299630648,-1.236068216450631,-1.252515528891776,-1.268504094725345,-1.2839655794443905,-1.2988312127771462,-1.3130313372961444,-1.3264944498403097,-1.3391496915869994,-1.3509261278123352,-1.361751682481338,-1.371556414759928,-1.3802714729064303,-1.387828034143579,-1.3941609284987388,-1.3992082332186184,-1.4029104374307155,-1.4052122446733706,-1.4060629130837554,-1.4054181219839479,-1.4032394474466692,-1.3994952295856844,-1.3941617299924491,-1.3872234654635829,-1.3786739350592825,-1.3685164462271637,-1.3567639331278247,-1.3434399698674993,-1.3285792148521214,-1.3122259412180037,-1.2944360601911509,-1.275275920106278,-1.2548222935409914,-1.2331609097320007,-1.2103872578520525,-1.18660452132332,-1.161923395184672,-1.149582832115359
-1.1690411700947645,-1.1107896914871351,-1.0619104877554186,-1.0200959006555321,-0.9838386766192475,-0.9521013567699466,-0.9241440145249524,-0.899420038496937,-0.8775153296916888,-0.8581091277979624,-0.8409486356044438,-0.825830560700544,-0.8125893200024409,-0.8010881933907782,-0.791212798633692,-0.7828662161580346,-0.7759658091841287,-0.7704395752277632,-0.766224654475664,-0.7632653797220085,-0.7615119516228064,-0.7609193044904344,-0.7614461307256737,-0.7630546600714522,-0.7657090035795899,-0.7693756726618983,-0.7740227234331043,-0.7796192533797166,-0.7861353975379667,-0.7935419173497729,-0.8018098619842678,-0.8109105272807803,-0.8208153150292441,-0.8314953444422423,-0.8429211556573113,-0.8550633729738257,-0.8678916553423448,-0.8813751540076514,-0.8954820946940923,-0.9101798452208454,-0.9254347216345052,-0.9412119649601144,-0.9574755842279531,-0.9741883226107362,-0.9913115355681783,-1.008805136234854,-1.0266274340421155,-1.0447351887566514,-1.0630835491146988,-1.08162574186077,-1.1003133056560033,-1.119095997775235,-1.1379214487272082,-1.15673552846898,-1.1754822404976495,-1.1941032905451343,-1.2125387123146758,-1.230726716541758,-1.248603114116395,-1.26610236954105,-1.2831573439523374,-1.2996985373928376,-1.3156557467326746,-1.3309576216679109,-1.3455307252769833,-1.3593019565807662,-1.372197827173799,-1.384143387780451,-1.3950655072506868,-1.4048917941250127,-1.4135494931422743,-1.4209692123277773,-1.4270844787072634,-1.4318308462756724,-1.4351478242266291,-1.4369791143754862,-1.4372747105819428,-1.4359902325920382,-1.4330879209933756,-1.4285379392239839,-1.4223185648156833,-1.4144173159699847,-1.404831536989859,-1.393568563355041,-1.380646736350566,-1.3660958850817972,-1.3499561531320703,-1.332279941424841,-1.3131308317611445,-1.2925837263814688,-1.2707234252416377,-1.2476454692722183,-1.2234540995775922,-1.1982621387854553,-1.1856661583893924
-1.1428787657420114,-1.0855031478021249,-1.0373775413855146,-0.9962326756948581,-0.9605860134950461,-0.929416867715227,-0.9019970943274058,-0.8777886484505393,-0.8563838080511199,-0.8374666567874445,-0.8207881313077703,-0.8061478687194951,-0.7933826059994653,-0.7823574789688342,-0.7729596045280479,-0.7650932854411957,-0.7586768827052837,-0.7536392270935388,-0.7499181524482756,-0.7474585777958676,-0.7462112048652464,-0.7461314029023641,-0.7471782496183493,-0.7493143142083963,-0.7525040293644425,-0.7567142016724787,-0.7619131703799811,-0.7680703124570295,-0.775156038628666,-0.7831413889616695,-0.7919976992219787,-0.8016965598421646,-0.8122096775026427,-0.8235084904118131,-0.8355638770112451,-0.848346805633602,-0.8618273016680673,-0.8759748935708147,-0.8907582018970169,-0.9061450001082936,-0.9221020237204546,-0.9385949402011716,-0.9555881941420951,-0.9730449651805372,-0.990927045606,-1.0091947781001815,-1.027806902427903,-1.046720581986779,-1.0658913341286935,-1.085272754510294,-1.1048166905371513,-1.1244731452215926,-1.1441899750127076,-1.1639131771775835,-1.1835867845501724,-1.2031524807065264,-1.2225501309882396,-1.2417176363776066,-1.2605904027658987,-1.2791022879937608,-1.2971853539303413,-1.314769148755851,-1.3317822582678995,-1.3481518721584707,-1.363802870137898,-1.3786601603351378,-1.3926479587624996,-1.4056887170525056,-1.417706376629252,-1.4286252682698453,-1.4383689762703877,-1.4468641344010713,-1.4540399481147492,-1.4598272557473757,-1.4641605644505562,-1.4669781839332596,-1.4682245402215355,-1.4678493745876375,-1.4658088596387064,-1.462067036111253,-1.4565958584832006,-1.4493767218502596,-1.4404007933602303,-1.4296695384103053,-1.4171957254245027,-1.4030039435738884,-1.3871297581150022,-1.3696215442826842,-1.3505395589214708,-1.3299562392495967,-1.3079548483718062,-1.2846303501810707,-1.260087422316114,-1.234440405762105,-1.2216168974850894
-1.1173145617255575,-1.0608198923951595,-1.0134534633173264,-0.9729839269722207,-0.9379531623921078,-0.9073570475867654,-0.8804790722114986,-0.8567896461237123,-0.8358873378768616,-0.8174610068183763,-0.8012652686607946,-0.7871026454615571,-0.7748121578533912,-0.7642607678503971,-0.7553370672657989,-0.7479465616670983,-0.7420085944170096,-0.7374528175983192,-0.7342177499117253,-0.732248890590334,-0.7314974388828749,-0.731919197626113,-0.7334736304610068,-0.7361236485513095,-0.7398340102047818,-0.7445718227194281,-0.7503057153482567,-0.7570053525990424,-0.764641430128847,-0.7731852769528355,-0.7826085267782847,-0.7928830770397562,-0.8039809527416925,-0.8158739256566113,-0.8285332281179016,-0.8419301895468974,-0.8560352200267262,-0.8708182452093871,-0.8862483020634984,-0.90229359343851,-0.9189213001749171,-0.9360975448183216,-0.9537872389243746,-0.971954033543278,-0.9905601964607437,-1.0095665430114278,-1.0289322904254752,-1.0486150589211283,-1.068570794428296,-1.0887535260993633,-1.1091154831213188,-1.1296069960037445,-1.1501762356180236,-1.1707694254475125,-1.1913307371214723,-1.211801950996949,-1.2321228947686058,-1.2522313024116216,-1.272062330086579,-1.2915493960223012,-1.310623942542305,-1.3292147610508647,-1.3472494307041032,-1.364653897389262,-1.381351590820168,-1.3972656648034987,-1.4123182847923854,-1.4264295649947578,-1.439520773385078,-1.4515132187706115,-1.46232709289576,-1.4718853032087698,-1.4801129666235702,-1.486936433458086,-1.4922854131540542,-1.4960930049703003,-1.4982982062001882,-1.4988449841507934,-1.4976835057459004,-1.4947716983326809,-1.4900751487220532,-1.4835690260939172,-1.4752381501750622,-1.4650778879874649,-1.453095138267324,-1.43930888287368,-1.4237496984534692,-1.406461455386021,-1.3875005592207112,-1.3669364133683803,-1.3448501556928338,-1.3213355568202023,-1.2964971153841542,-1.2704500794835316,-1.2574265615332092
-1.092334584896043,-1.0367246751154302,-0.9901217545162488,-0.9503319378677988,-0.9159212240756331,-0.88590185354121,-0.8595688050194394,-0.8364008357791497,-0.8160027231038314,-0.7980680382774274,-0.782355025768322,-0.7686690524147111,-0.7568513903746493,-0.7467708022243724,-0.7383173344023553,-0.7313976794688398,-0.7259321512377376,-0.7218512144021527,-0.7190940667143431,-0.7176067843073536,-0.7173410628346699,-0.7182531395303615,-0.7203028664382244,-0.7234535007633713,-0.7276701316527412,-0.7329201735972346,-0.7391725533602761,-0.7463972313585809,-0.7545651974254414,-0.7636480795287461,-0.7736178200161189,-0.7844466347563583,-0.7961068792028153,-0.808570671599311,-0.8218096117447823,-0.8357954048247601,-0.8504988611136965,-0.8658903202832573,-0.8819392537316472,-0.8986143134315471,-0.9158831469477623,-0.933712355592236,-0.9520673438449309,-0.9709122631311261,-0.9902098888567388,-1.0099215449749406,-1.0300069655774071,-1.0504242724904844,-1.0711298910837899,-1.0920783388219564,-1.1132222892247738,-1.1345124708465313,-1.1558974454448394,-1.177323748956871,-1.1987357879255935,-1.2200755441503452,-1.2412829237080703,-1.2622956211364,-1.2830486819684794,-1.303475235784976,-1.3235062688656234,-1.343069993831092,-1.3620931714038553,-1.3805007040936483,-1.39821478873626,-1.4151570470874368,-1.431247826052584,-1.446405151378083,-1.4605478620328793,-1.4735944934569312,-1.4854621070991614,-1.4960701303952328,-1.5053398269459728,-1.5131932921915892,-1.5195556513352637,-1.5243549889316588,-1.5275250307658805,-1.5290040977276098,-1.5287364404413806,-1.5266739125815498,-1.5227757243509554,-1.5170107526574383,-1.5093573405451255,-1.4998045692666273,-1.48835321266102,-1.4750163201872613,-1.4598191077091038,-1.4428004981992482,-1.4240125526366887,-1.4035210994006064,-1.3814045839601552,-1.357754982591397,-1.332676007756206,-1.3062832043978179,-1.2930868027186182
-1.0679252018337748,-1.013202670509472,-0.967366427720523,-0.9282595925292292,-0.8944719906771592,-0.8650320259042832,-0.8392460253055234,-0.8166009901637739,-0.7967078286041374,-0.7792647640459005,-0.764033623293825,-0.7508225815832992,-0.7394751341194272,-0.7298618219007347,-0.7218741290108521,-0.7154199222969171,-0.7104204769980471,-0.7068070643747398,-0.7045195578412905,-0.7035046092928293,-0.7037144115879634,-0.7051056388217819,-0.7076385353099429,-0.7112767095059536,-0.7159855874871834,-0.7217328980228171,-0.7284878732303962,-0.7362207778792484,-0.7449029050287298,-0.7545061911411521,-0.7650028971694478,-0.7763655678398929,-0.7885668998951669,-0.8015793693822326,-0.8153749552745254,-0.829925751026593,-0.8452029801210139,-0.8611774102560212,-0.8778189621225396,-0.8950967530260527,-0.9129789147563544,-0.9314325467640695,-0.9504235676780454,-0.9699166530574569,-0.9898751123699369,-1.0102608079492927,-1.0310340234289643,-1.0521534197192277,-1.0735759445496724,-1.0952566499978298,-1.1171487072854396,-1.1392033037009455,-1.1613694577832068,-1.1835940929565372,-1.2058219349394244,-1.2279952589288754,-1.2500541522524278,-1.2719363838961328,-1.2935770132553508,-1.31490901755964,-1.3358630756445111,-1.3563669835629066,-1.376346856671512,-1.3957267396509376,-1.4144277981209512,-1.4323703302268176,-1.449473083508504,-1.4656522314611176,-1.480824418540927,-1.494905647446193,-1.507810104780405,-1.5194539811545338,-1.5297549224073115,-1.5386310054441799,-1.54600299131476,-1.551794156730918,-1.5559331282958055,-1.5583527277618525,-1.5589914025346097,-1.5577949994914464,-1.554716375606996,-1.5497180827225066,-1.5427718962035486,-1.5338604627811225,-1.522978216087878,-1.5101319892164788,-1.495341302603459,-1.4786397260093898,-1.4600745163242168,-1.439707414605651,-1.4176136298102548,-1.3938827602607895,-1.3686171360148935,-1.3419319923958617,-1.3285894205863402
-1.044073109987248,-0.990239464217374,-0.9451719885840759,-0.9067503512627917,-0.8735879148567272,-0.8447290506548077,-0.8194912967283308,-0.7973697984372641,-0.7779815203288076,-0.7610292815854458,-0.7462784482796192,-0.7335399708983226,-0.7226595423148852,-0.7135094627487071,-0.7059826397080027,-0.6999881041866551,-0.6954480861849105,-0.692294659634185,-0.6904683721483923,-0.6899164519488299,-0.6905915913740374,-0.6924509050890204,-0.6954550345658728,-0.6995679455000237,-0.7047554075483992,-0.7109854711753322,-0.7182276818016614,-0.7264526168745317,-0.7356318813866364,-0.7457377292702294,-0.7567427492579409,-0.768619824338615,-0.7813420021393791,-0.7948821263577127,-0.8092125651297494,-0.8243058107078843,-0.8401335105705621,-0.8566668719398901,-0.873876276875124,-0.8917313211234013,-0.9102006347872005,-0.9292518310606124,-0.9488513598225778,-0.968964439998906,-0.9895549366211054,-1.0105852747717279,-1.0320163144700876,-1.0538072868174406,-1.0759156978869417,-1.0982971732366924,-1.120905427109888,-1.143692157542258,-1.1666068964441612,-1.1895970198412444,-1.2126076463413598,-1.2355814251760535,-1.2584587159886875,-1.2811774637559628,-1.3036728530099504,-1.325877831553937,-1.3477229056925415,-1.369135602579316,-1.3900415511643005,-1.4103641098435038,-1.430023600033975,-1.4489391913971665,-1.467028238733531,-1.4842052868329207,-1.5003850099253535,-1.5154811100348942,-1.5294051466568148,-1.5420703124156276,-1.5533908696847287,-1.5632811144122127,-1.571657667993498,-1.5784392146423354,-1.5835494664898309,-1.5869159101485952,-1.5884713234544323,-1.5881556374860106,-1.5859154085020144,-1.581706861254617,-1.5754951479890311,-1.5672563685254437,-1.5569784390701003,-1.5446617321692058,-1.5303197749651054,-1.5139804148368463,-1.4956856792542106,-1.4754927397014228,-1.4534730490948,-1.4297132637740684,-1.4043137484538004,-1.3773888288474367,-1.363926369044255
-1.020765329069384,-0.967821039883282,-0.9235234176496743,-0.8857882271317674,-0.8532520806113497,-0.8249751240571201,-0.800285972155601,-0.7786878174388556,-0.7598036094715876,-0.743340709785073,-0.7290679835188052,-0.7167991260150497,-0.7063820050464797,-0.6976906633036628,-0.6906194197787929,-0.6850784615692884,-0.6809909686790516,-0.6782898155225647,-0.6769162239598892,-0.6768180004087437,-0.6779483400658592,-0.6802648027761066,-0.6837284327531667,-0.6883035594290682,-0.6939563029956242,-0.7006550431417735,-0.7083696464624201,-0.7170710111422535,-0.7267310623618489,-0.7373223798611162,-0.7488178885044494,-0.7611908179388505,-0.7744145750753328,-0.7884623797178886,-0.8033069975702772,-0.8189213284161903,-0.8352774525164322,-0.8523470258794741,-0.8701009015445071,-0.8885091640821019,-0.9075409530069314,-0.9271644075715498,-0.947346522414555,-0.9680530751222737,-0.9892485034963872,-1.01089581504308,-1.032956467936372,-1.0553902890236495,-1.078155372641141,-1.101207950201398,-1.124502317225245,-1.147990726865405,-1.171623272794286,-1.1953478399634434,-1.219110004192371,-1.2428528592933945,-1.266517117698554,-1.290040990777054,-1.3133598875182075,-1.336406837031219,-1.3591122954378003,-1.381403655255914,-1.4032062048563498,-1.4244427747406057,-1.4450330152928625,-1.4648951500533525,-1.4839453354936305,-1.502096698775887,-1.5192621578624304,-1.5353533372027162,-1.5502794085246518,-1.5639507999586355,-1.5762786221278635,-1.5871736271566683,-1.5965485237914911,-1.6043176252552083,-1.6103999238606614,-1.614717749055622,-1.6171983604487683,-1.6177758856076363,-1.6163906586996624,-1.6129926034586906,-1.6075402264567384,-1.6000030022976064,-1.59036218875106,-1.5786114919495775,-1.5647581837498592,-1.548824056292264,-1.5308455166756274,-1.510874715446453,-1.4889788558639205,-1.4652411096871654,-1.4397593088025795,-1.4126462783015548,-1.3990897630510424
-0.9979891927033913,-0.9459337665577994,-0.9024061531093808,-0.8653577636928145,-0.8334481756276879,-0.8057531192990297,-0.7816121542909282,-0.7605364260447667,-0.7421548003427758,-0.7261791301844733,-0.7123817420121137,-0.7005790479420793,-0.6906210700545923,-0.6823835787861388,-0.6757622945336605,-0.6706685541450264,-0.6670264843845253,-0.6647697592954915,-0.6638402761838136,-0.6641864225057581,-0.6657619004867388,-0.6685247203763733,-0.6724363351558488,-0.6774614447567912,-0.6835665269644048,-0.6907202981603133,-0.6988929537626837,-0.7080557203764631,-0.7181808510926646,-0.7292412591122732,-0.7412102129487314,-0.7540612963152393,-0.7677682826669446,-0.782304775072093,-0.7976439437540644,-0.8137591031327496,-0.8306227732427035,-0.848207066152283,-0.8664833133146823,-0.8854220961075173,-0.9049930719407989,-0.9251649155676639,-0.9459051767667676,-0.9671802036500421,-0.988955020258081,-1.0111932321102524,-1.0338569128881017,-1.0569065058975362,-1.080300718352574,-1.1039964142164973,-1.1279485023411364,-1.152109828627062,-1.1764310896672725,-1.2008607278687842,-1.2253448322166696,-1.249827002647938,-1.2742483753445444,-1.2985475084111977,-1.322660123798798,-1.346519431536812,-1.3700559483786359,-1.393197054126663,-1.415867830190029,-1.4379907252300428,-1.4594848787170904,-1.480267738237584,-1.5002544445208459,-1.519356905988725,-1.5374864879539345,-1.5545529511561407,-1.57046331000395,-1.5851254554836047,-1.5984475744943494,-1.610337110604465,-1.6207030877726014,-1.6294556738614407,-1.6365093437805123,-1.64178145928231,-1.6451939281482697,-1.646675205376491,-1.6461595049319766,-1.6435905011322638,-1.6389200626104605,-1.6321109922690091,-1.6231377827162108,-1.6119873045324362,-1.5986603471443317,-1.5831723503942907,-1.5655537444163592,-1.5458512389570966,-1.5241273210097162,-1.5004611582188243,-1.4749474995733869,-1.4476970898440245,-1.4340718849793488
-0.9757323403094931,-0.9245643865701925,-0.8818060743124301,-0.8454440138060126,-0.8141604650840351,-0.787046555003823,-0.7634526586464851,-0.7428977823897454,-0.7250166416682913,-0.7095255322233818,-0.6962002060875105,-0.6848597660003619,-0.6753563695539089,-0.6675675018555094,-0.6613902761245571,-0.6567371739445549,-0.6535332667739036,-0.6517130284438843,-0.6512190337573609,-0.6520002547416248,-0.6540109053538024,-0.6572094518508542,-0.6615577622352264,-0.6670209137806526,-0.6735657488649155,-0.6811613278323553,-0.6897781822420068,-0.6993878743425497,-0.7099629922711237,-0.7214767896324636,-0.7339028852739349,-0.7472152234268892,-0.7613879502726101,-0.7763950580947171,-0.7922101272578946,-0.8088068924483632,-0.826158318857162,-0.8442369801169775,-0.8630146916055376,-0.8824625373827596,-0.9025506989467399,-0.9232483934847032,-0.944523733569598,-0.9663436467190797,-0.9886737534290174,-1.0114782692645,-1.034719896923745,-1.058359712657543,-1.0823570565295357,-1.106669446783102,-1.1312524322038477,-1.1560594831256934,-1.1810419338377163,-1.206148825814014,-1.2313268096976409,-1.256520045057661,-1.2816701542413322,-1.3067161133458607,-1.3315940359986733,-1.3562374026252724,-1.3805768908413674,-1.4045399782925558,-1.428051661701446,-1.4510341423920519,-1.4734061967621004,-1.4950846549936807,-1.5159838132638548,-1.5360145482913812,-1.5550868660925226,-1.5731088681788157,-1.5899856328552897,-1.6056227345464247,-1.6199256598501688,-1.6327987759833518,-1.6441476494148954,-1.6538785306164983,-1.6619015853231056,-1.668129406312957,-1.6724787285879505,-1.674872481728401,-1.6752388819735453,-1.6735154289171883,-1.6696473887490793,-1.6635908757753781,-1.6553135430509236,-1.6447952915256525,-1.6320302347623161,-1.6170271983618978,-1.5998103130390295,-1.5804204597748672,-1.5589149705817817,-1.5353685139310236,-1.5098722250295182,-1.4825342021064447,-1.468865190644908
-0.9539827092248154,-0.9037000038500331,-0.8617094859822538,-0.8260325194581253,-0.7953737668132621,-0.768839565493945,-0.745790978700045,-0.7257547837448863,-0.7083714810539377,-0.6933617621987298,-0.6805047707997558,-0.6696222756597203,-0.6605685525477412,-0.6532227894905374,-0.6474834851284361,-0.6432642618005635,-0.6404911344810693,-0.639099377689184,-0.639032246372423,-0.6402393011160745,-0.6426752726282903,-0.6462990889586961,-0.651073039438832,-0.6569625854548622,-0.6639349407883022,-0.6719595167122006,-0.6810071878299101,-0.691049858739165,-0.7020604591371216,-0.714012589253224,-0.726880224134871,-0.7406376740658249,-0.7552594631203557,-0.7707199776309515,-0.7869932125100149,-0.8040533270067013,-0.8218737354111383,-0.8404274768525455,-0.8596868544454822,-0.879623458954723,-0.9002080001549589,-0.921410242411172,-0.94319886637034,-0.9655413852377615,-0.9884040233510444,-1.0117516152563912,-1.0355475028319114,-1.0597534080709778,-1.0843293197937711,-1.1092334279061768,-1.134421942938334,-1.1598489860949153,-1.1854665584994801,-1.2112243361616188,-1.237069573217923,-1.2629470351985521,-1.2887988853495909,-1.3145645808073605,-1.34018069672852,-1.3655810641640231,-1.390696612111464,-1.4154550161659964,-1.4397813001101225,-1.4635975416300822,-1.4868222903615862,-1.5093719065918136,-1.5311600021897491,-1.5520965977444678,-1.5720905232094906,-1.5910484159163518,-1.6088736298412176,-1.625469636182908,-1.6407394393104513,-1.6545845582313978,-1.6669073274451218,-1.6776103087847383,-1.6865995711211723,-1.6937831442105755,-1.6990727797746519,-1.702386043077092,-1.7036452931905088,-1.7027819504504604,-1.6997347394214157,-1.6944530963217908,-1.6868977906329685,-1.6770416529233279,-1.664871959942904,-1.6503906953952208,-1.633615401867483,-1.614580775699237,-1.5933385837870184,-1.5699585260453564,-1.5445276137769914,-1.5171507479217472,-1.5034623149941306
-0.9327285270484043,-0.8833280726785908,-0.8421031031072113,-0.8071092925426404,-0.77707342774469,-0.7511168726934636,-0.7286112530869193,-0.7090910288608254,-0.6922024223771084,-0.6776704756396523,-0.6652776912627556,-0.654848480843434,-0.6462392221616431,-0.6393307954511485,-0.6340230782789391,-0.6302308305339233,-0.6278810101688626,-0.6269096938008534,-0.6272608195518781,-0.6288845408097654,-0.6317361101908503,-0.6357749233456389,-0.6409636971565214,-0.6472682836992538,-0.654656274681803,-0.6630974388871613,-0.6725630003920624,-0.6830252122906888,-0.6944573517128627,-0.7068333710133129,-0.7201276065088469,-0.7343147391950772,-0.7493696752549905,-0.7652671988714083,-0.7819817228027992,-0.7994878339540462,-0.8177593983690779,-0.8367699232098152,-0.856492201641737,-0.87689833353016,-0.8979595593620465,-0.9196461935133932,-0.9419274879177292,-0.9647715454893596,-0.9881451993325158,-1.012013909213748,-1.036341663441978,-1.0610908393311234,-1.0862220868054355,-1.111694281010446,-1.1374643118172016,-1.1634869731040074,-1.1897149569867889,-1.2160986040210895,-1.2425858077307579,-1.2691219795213111,-1.2956498713629718,-1.322109477056322,-1.3484378951151585,-1.3745693790120783,-1.4004351907371675,-1.4259632943287526,-1.4510788426088188,-1.4757039032326418,-1.499756924572615,-1.523153934061966,-1.5458080090255426,-1.5676284784505972,-1.5885231695436208,-1.608397441100634,-1.6271531250024451,-1.6446917949586526,-1.6609141852309106,-1.6757191898713053,-1.6890061341188312,-1.700674119354506,-1.710625332442467,-1.7187634514862549,-1.7249954428826153,-1.72923368054399,-1.7313948226807874,-1.7314043244151922,-1.729194452483107,-1.724708000795372,-1.7178988396562844,-1.7087326600523256,-1.697189772158758,-1.6832651234573226,-1.6669694128991774,-1.6483308284011122,-1.6273951906866424,-1.604226788403007,-1.578908020982328,-1.551540058622436,-1.5378560774424843
-0.9119583042043355,-0.8634363868513406,-0.8229740364711191,-0.7886607965436443,-0.7592453015481171,-0.7338637595646069,-0.7118982346893454,-0.6928907826012409,-0.6764932858884021,-0.6624350928358835,-0.6505020335992873,-0.6405211403306132,-0.6323508775671893,-0.625873807830235,-0.6209911817910085,-0.6176188942331517,-0.6156848459825115,-0.6151259174790813,-0.6158867332518136,-0.617918043829957,-0.6211756288864556,-0.6256193573742519,-0.6312123797499403,-0.6379209450680823,-0.6457130291200597,-0.6545587643357553,-0.664429730177768,-0.6752985338017103,-0.687138804994547,-0.6999248530270508,-0.7136313797862281,-0.7282334408101193,-0.7437063277184602,-0.7600252253955858,-0.7771649667361685,-0.7951005683084267,-0.8138063494145698,-0.8332562865470128,-0.8534236639158838,-0.8742810914553617,-0.8958003412688598,-0.917952278911266,-0.9407067290169907,-0.96403238626519,-0.9878966953116977,-1.0122657450366321,-1.0371041748966747,-1.062375024294393,-1.0880396134890473,-1.1140575131118047,-1.1403863062639352,-1.1669814772065468,-1.1937964288039775,-1.220782191317226,-1.24788732824541,-1.2750579310490175,-1.3022373820330226,-1.3293662605771164,-1.35638224311229,-1.383220069636734,-1.4098114085716658,-1.4360845940544154,-1.461965000871282,-1.4873747908335746,-1.5122324264244729,-1.5364537293564628,-1.5599513821662692,-1.5826341761615819,-1.6044090994440874,-1.6251804086107768,-1.6448486061287098,-1.6633135661084513,-1.6804739584011408,-1.6962262697949926,-1.7104670352943274,-1.7230921222847084,-1.7340000516717247,-1.743090365070027,-1.7502654481538205,-1.7554326663962172,-1.7585031470211898,-1.759396510492478,-1.7580386702495177,-1.7543658368788628,-1.7483249923830158,-1.7398746487144567,-1.7289880495419907,-1.7156529440697788,-1.6998729646186206,-1.681669498832239,-1.6610820696031703,-1.6381691390777164,-1.6130080302193206,-1.5856956679788037,-1.5720394868585452
-0.8916608267153125,-0.8440130692340508,-0.8043097787920617,-0.7706739290740283,-0.7418757274088972,-0.7170660449809074,-0.6956372614959405,-0.6771389427052299,-0.661228570823913,-0.6476397572784509,-0.6361616292212657,-0.6266238179203798,-0.6188868601081254,-0.6128349912536746,-0.6083708297796808,-0.6054114030703661,-0.6038855549733824,-0.6037309716282246,-0.6048929672568426,-0.6073228938287878,-0.6109770630938871,-0.6158158227984323,-0.621802762709539,-0.6289045347885824,-0.6370895046438396,-0.6463281740020865,-0.6565924830804815,-0.6678553980663415,-0.6800909059828442,-0.6932736771154302,-0.7073787824860456,-0.7223816552241968,-0.7382579748891366,-0.7549833290450753,-0.7725329720973145,-0.7908823513085445,-0.8100062397176366,-0.8298790833483061,-0.8504746572866984,-0.8717660812533973,-0.8937256585358572,-0.9163248055856804,-0.9395339195898994,-0.9633222873411729,-0.987657965973221,-1.0125076753331352,-1.0378367085388833,-1.063608771398672,-1.08978586100959,-1.116328250818789,-1.1431942277863316,-1.1703399806488337,-1.1977196388840725,-1.2252849433053972,-1.252985153236142,-1.2807670692432278,-1.3085747399845655,-1.3363493732651317,-1.364029271409798,-1.3915497180296346,-1.4188428539204399,-1.4458374568514425,-1.4724592081078014,-1.4986304590595605,-1.5242697922048756,-1.549292941307169,-1.5736123243361404,-1.597136338689295,-1.6197712876100139,-1.641420492673054,-1.661983310124332,-1.681358104363223,-1.6994416797388139,-1.7161283273632781,-1.7313120066184462,-1.7448855746233283,-1.7567441023716879,-1.7667832124997729,-1.7749009195754506,-1.7809997717310344,-1.7849855466365305,-1.7867721752150734,-1.786279340739172,-1.7834367506585957,-1.778184534120264,-1.770474012525275,-1.7602712915349428,-1.7475567911333922,-1.7323268857264096,-1.714595902445859,-1.6943967442510033,-1.6717816596512058,-1.6468224549491262,-1.6196113157756153,-1.60600574618886
-0.8718251491804385,-0.8250465616955693,-0.7860981914393772,-0.7531360052214275,-0.7249515098671777,-0.7007100599471405,-0.6798142291139952,-0.6618210085304221,-0.6463934203455257,-0.6332692967923437,-0.6222410321794214,-0.6131408360533608,-0.605831303278348,-0.6001983333292771,-0.5961459073246189,-0.5935921831544899,-0.5924669479423383,-0.5927086954191307,-0.59426343271623,-0.5970831173925384,-0.6011245980709068,-0.6063487064888073,-0.612719477104412,-0.6202039702974504,-0.6287709467613756,-0.6383912826543714,-0.649037283757703,-0.6606822796634493,-0.673300618575029,-0.6868673352219135,-0.7013578726250469,-0.7167480438210305,-0.733013918046399,-0.7501314867240483,-0.7680764263142764,-0.7868246149280861,-0.8063512789055427,-0.8266313330320352,-0.8476390420793734,-0.8693480341777082,-0.8917311422013269,-0.9147603319556497,-0.9384065716762507,-0.9626397391369862,-0.9874285032633323,-1.0127402149509857,-1.038540821578532,-1.0647946975401583,-1.091464520886637,-1.118511272660541,-1.1458939514416775,-1.173569461340164,-1.2014926708726918,-1.2296160484173368,-1.257889570736842,-1.2862607719693178,-1.314674398110223,-1.343072322746631,-1.371393516109926,-1.3995738561106759,-1.4275460149890846,-1.455239280215123,-1.4825797163364407,-1.5094899514990503,-1.5358887852718703,-1.5616919724082843,-1.5868117874663537,-1.6111563680082652,-1.634631477572135,-1.6571396609182776,-1.6785793018976007,-1.6988474370042528,-1.717839196936649,-1.735446882189151,-1.7515620861151826,-1.7660748757187872,-1.7788770870829695,-1.7898606424371966,-1.7989193984014717,-1.8059512834430413,-1.8108569168048816,-1.8135446977237513,-1.813928219001948,-1.8119307844202681,-1.807485728417857,-1.8005371964511296,-1.7910441116720022,-1.778979463785546,-1.7643322087983138,-1.7471093842434504,-1.7273369806043215,-1.705060674161063,-1.680346339639316,-1.6532809510263258,-1.6397482567198307
-0.8524405879500652,-0.8065256154012823,-0.7683274917005711,-0.7360347416582591,-0.7084598996596358,-0.6847826250819311,-0.6644155648257044,-0.6469230516400637,-0.6319735886414601,-0.6193091871594725,-0.6087254793444796,-0.600057232613449,-0.593169086233758,-0.5879485949848662,-0.584301097776202,-0.5821458809731395,-0.5814136752094912,-0.582043783602415,-0.5839829092387117,-0.5871836191774837,-0.5916033034101653,-0.5972032825059204,-0.6039480405866549,-0.6118050515053541,-0.6207434758151165,-0.6307345687076082,-0.6417510057727283,-0.653766483788415,-0.6667557154632131,-0.6806941027575841,-0.6955574628921324,-0.7113219904402557,-0.7279641453469377,-0.745460323341679,-0.7637866227331869,-0.7829193518479161,-0.8028341890791241,-0.8235065163472249,-0.8449110860229175,-0.8670220323131195,-0.8898127150686802,-0.9132556468118752,-0.9373223641484102,-0.961983333418584,-0.9872078332569284,-1.0129638441525728,-1.0392179666832424,-1.065935244148683,-1.0930790375823256,-1.120611038171268,-1.148490961355028,-1.1766764346937353,-1.2051230751284405,-1.233784092204858,-1.262610197957683,-1.2915496804581414,-1.3205480094926343,-1.3495477568211962,-1.3784885971909626,-1.407307047659817,-1.4359363646793195,-1.4643064046320813,-1.492343684897638,-1.51997118999296,-1.5471080253533955,-1.5736700673385229,-1.5995695596458304,-1.6247145048411709,-1.6490102631367158,-1.672358751940986,-1.6946575473401808,-1.715802531632199,-1.7356873464723281,-1.7542024999402799,-1.7712374234432504,-1.7866796097275262,-1.800417873011101,-1.812340653611666,-1.8223378655819578,-1.830303020508356,-1.836131778312744,-1.8397271754274247,-1.8409968685267675,-1.8398578746261218,-1.8362368124832662,-1.8300706905447217,-1.8213112304986456,-1.80992391930469,-1.7958901638880143,-1.7792095136629826,-1.7599007835159886,-1.7380027477322146,-1.7135749605274087,-1.686698734825498,-1.6732606219745427
-0.8334967144917438,-0.7884392814522023,-0.7509862405715328,-0.7193582414751432,-0.6923885755052039,-0.6692710292852067,-0.6494282030879983,-0.632431688108126,-0.6179554100331885,-0.6057455180477178,-0.5956008532025603,-0.5873587206582931,-0.5808857905501452,-0.5760712643694876,-0.5728218339392133,-0.5710579120197512,-0.5707111728675551,-0.5717217305910349,-0.574036987026727,-0.5776101223360031,-0.5823990720142946,-0.5883656498970047,-0.595474794296208,-0.6036943971087616,-0.6129940230102993,-0.6233453102877762,-0.6347213080211966,-0.647096083374582,-0.6604447162878335,-0.6747429781262582,-0.6899670618853326,-0.7060935446661976,-0.7230992775022538,-0.7409610602111483,-0.7596554120653742,-0.7791590702699025,-0.7994481633020356,-0.820498537835368,-0.8422854309676792,-0.8647834798168774,-0.8879665677209048,-0.9118077503346783,-0.9362791289408368,-0.9613517549232925,-0.9869955133356562,-1.0131790114747408,-1.0398695006172547,-1.0670326916698392,-1.0946326288548025,-1.1226317141045743,-1.1509903827435775,-1.1796669913674687,-1.208617912041092,-1.2377971060495845,-1.2671560351526445,-1.2966437580465235,-1.3262064906827278,-1.3557875308924119,-1.3853272896521507,-1.4147629626888403,-1.4440284376535504,-1.4730541927556735,-1.5017672611183217,-1.5300910561309922,-1.5579450701865816,-1.5852453940337323,-1.611904344907067,-1.63782990643353,-1.6629271634363951,-1.6870975469392673,-1.7102379809069645,-1.7322433590919977,-1.7530060113537276,-1.7724148444670322,-1.7903573260666994,-1.806718585605052,-1.8213846257374433,-1.8342406222864427,-1.8451727631591086,-1.8540703496180366,-1.8608242877732828,-1.8653324295676954,-1.8674966627236778,-1.867227850067038,-1.864445992809577,-1.859081023879533,-1.8510774686327447,-1.8403932660720879,-1.8270021720870222,-1.8108960793230044,-1.792086393101544,-1.7706046849029988,-1.746503826035939,-1.7198590428405547,-1.706536651242857
-0.8149833489409231,-0.7707769018551247,-0.7340633310448375,-0.7030949796989094,-0.6767256267810384,-0.6541630095183326,-0.634839562382622,-0.6183340524262448,-0.6043257699471005,-0.5925649610768358,-0.5828536470667167,-0.5750316508490338,-0.5689676599654081,-0.5645525140229646,-0.5616942528048119,-0.560314413242663,-0.560345613121066,-0.5617287788805214,-0.5644120135849362,-0.5683491137361718,-0.5734985640636014,-0.5798226756614955,-0.5872868450857605,-0.5958593863459205,-0.6055102719826344,-0.6162115268993573,-0.6279365767925538,-0.6406598618473869,-0.6543568313861992,-0.6690036277709588,-0.6845768207602076,-0.7010533703805333,-0.7184105185354617,-0.7366254683060125,-0.7556751584330612,-0.7755367530343393,-0.7961868280634776,-0.8176016919013762,-0.8397570628154993,-0.8626280769449324,-0.8861891368644764,-0.9104138369596143,-0.9352748386223741,-0.9607437738024388,-0.9867911296416315,-1.0133861363092023,-1.040496692037124,-1.0680891726351283,-1.096128304130789,-1.1245771981028356,-1.1533970108415725,-1.1825468313659326,-1.2119837911918756,-1.2416626112217763,-1.2715355143744846,-1.301552343380756,-1.3316600790590993,-1.3618027691454224,-1.39192158812413,-1.4219544450546204,-1.4518359004781245,-1.4814971015621154,-1.5108656539260485,-1.5398654657360347,-1.5684164902526123,-1.5964351180313778,-1.6238338365266793,-1.6505207181490968,-1.6764006921660066,-1.7013748359558254,-1.725339568256981,-1.7481889519530447,-1.769814174938078,-1.790102726535428,-1.8089403025622257,-1.8262098747529347,-1.8417948410812068,-1.855577328334801,-1.867440014685734,-1.8772682001914731,-1.884948247619933,-1.8903730106890837,-1.8934387864752156,-1.8940504301833583,-1.8921214410122789,-1.8875747586827751,-1.8803477399730706,-1.8703907566000377,-1.8576698390547097,-1.8421690836373406,-1.8238922809027835,-1.802863527657661,-1.7791286768466752,-1.7527564674452711,-1.7395703627445747
-0.7968905538307314,-0.7535281008100747,-0.7175479768721571,-0.6872337894594072,-0.6614595370378396,-0.6394467316290842,-0.6206375233302974,-0.6046177729050861,-0.5910720776206468,-0.5797547398663672,-0.5704709325230095,-0.5630629763705541,-0.5574015628683926,-0.5533791610464356,-0.5509051535334486,-0.5499021989882169,-0.550303858353518,-0.552051871419118,-0.5550950445865677,-0.5593877935307023,-0.5648891555059488,-0.5715619423909468,-0.5793720125494672,-0.5882881056616496,-0.5982806053535572,-0.609321926131462,-0.6213858728920496,-0.634447260930826,-0.6484819105542605,-0.6634663361627158,-0.6793774847169753,-0.6961926990175726,-0.713889611071683,-0.7324458258487543,-0.7518386995134352,-0.7720458205702552,-0.7930442092775492,-0.8148106320952864,-0.8373212843062972,-0.8605517965537324,-0.8844770857429518,-0.9090712798843076,-0.9343075951608049,-0.9601582387898627,-0.9865942947758749,-1.013585611234985,-1.0411007285385465,-1.0691066834781882,-1.0975688811186461,-1.1264511401052029,-1.15571533707029,-1.1853212949062357,-1.21522690681419,-1.2453876587982138,-1.2757565436744875,-1.306284198682628,-1.3369183849045216,-1.367603920137602,-1.398282765634544,-1.428893574019796,-1.4593716155598515,-1.489648748202822,-1.5196532011217976,-1.5493094370306228,-1.5785379372790744,-1.6072554707295004,-1.6353747844475297,-1.662804139451343,-1.689448421522527,-1.7152084791892312,-1.7399803643716072,-1.7636574589070364,-1.786129971133285,-1.807284149420754,-1.8270041032686535,-1.8451708464808618,-1.861665375230123,-1.8763669800081761,-1.8891550447183936,-1.8999110787985163,-1.908517115787528,-1.9148612040157276,-1.9188342377522538,-1.9203352235481086,-1.9192712898705777,-1.9155584846665519,-1.9091270450590614,-1.8999197806357337,-1.8878949485307828,-1.8730287373148136,-1.855317145844404,-1.834776553177364,-1.8114454856421935,-1.7853858194981642,-1.772355986426144
-0.7792086279948762,-0.7366827763020889,-0.701429701778522,-0.6717638487709343,-0.6465791683071043,-0.6251107721589877,-0.6068104079887227,-0.591270948471001,-0.5781822404229586,-0.5673026019232641,-0.5584403289455586,-0.5514402201513058,-0.5461749573180075,-0.5425386300311863,-0.5404419584195408,-0.5398087201418211,-0.5405734185997491,-0.5426786075792778,-0.5460737985240327,-0.5507140286776901,-0.5565588906485397,-0.563571700142329,-0.5717187803958634,-0.5809692998048677,-0.5912940557832869,-0.6026658549018571,-0.6150588833150894,-0.6284483329937585,-0.6428103963080023,-0.6581219602205257,-0.674360348821873,-0.6915032870281279,-0.7095287956826068,-0.7284148797700452,-0.7481393103419498,-0.7686800972659003,-0.7900147014365089,-0.8121203432557289,-0.8349736903494831,-0.8585508628065841,-0.8828272863931785,-0.9077776170359542,-0.9333756197485027,-0.9595940710162704,-0.9864046457144171,-1.013777804130217,-1.0416827230370462,-1.0700870952352142,-1.0989570008554188,-1.1282569617424048,-1.1579495727543214,-1.1879953904006229,-1.2183530699561462,-1.2489788658862244,-1.2798265472359003,-1.3108475536044244,-1.3419904387586723,-1.3732008073886957,-1.4044214271365922,-1.4355917203836894,-1.4666476995072577,-1.4975219701862919,-1.528143430939757,-1.5584371531020194,-1.588324207107899,-1.6177218121336114,-1.6465430573652877,-1.6746964847781314,-1.7020870413159264,-1.7286154637983318,-1.754177567526749,-1.7786661954123066,-1.8019707312623061,-1.8239763515953937,-1.8445657584673036,-1.8636182014308582,-1.8810124732489968,-1.8966252374725239,-1.9103327974341389,-1.9220130830178428,-1.9315440150923346,-1.938809034735589,-1.9436938292899164,-1.946091726506488,-1.945903629568635,-1.9430388135560195,-1.9374204645856263,-1.9289838583488816,-1.9176794558423027,-1.903475453757797,-1.886359909998797,-1.8663412713221028,-1.8434504565235987,-1.8177421297700058,-1.804887966393215
-0.7619281006386536,-0.720231091984691,-0.6856983291069763,-0.6566746678964841,-0.6320737461562365,-0.6111441010744789,-0.5933469602602659,-0.5782821267662053,-0.5656446396794468,-0.555196792238416,-0.5467499749282567,-0.5401514442087807,-0.5352758583955564,-0.5320189185253676,-0.5302926765934746,-0.5300220261994726,-0.5311424121326291,-0.5335972024167912,-0.5373366148078318,-0.5423163100561401,-0.5484964384757485,-0.5558408221506439,-0.5643162517547873,-0.573892326934905,-0.5845402610860306,-0.5962332547945592,-0.608945877023015,-0.622653697481812,-0.6373332811899723,-0.6529618877111898,-0.6695172177177577,-0.6869773771164656,-0.7053207738624945,-0.7245258106329588,-0.7445706703889721,-0.7654337808964129,-0.7870930395818043,-0.809526116208864,-0.8327101456269081,-0.856621731846996,-0.8812368035449325,-0.9065305383413103,-0.9324772435739315,-0.9590502583993132,-0.986221841918497,-1.0139630600872473,-1.042243719554789,-1.0710321632506237,-1.1002951413574436,-1.1299978739357952,-1.160103670648538,-1.190573819865101,-1.2213677376974401,-1.2524424485465784,-1.2837525018709328,-1.315250145136193,-1.3468847345395594,-1.3786026754874712,-1.4103475583370537,-1.4420595977341633,-1.473675576475686,-1.5051288804511924,-1.5363491184522764,-1.5672620192146858,-1.5977892974623813,-1.6278486886040076,-1.6573536999657335,-1.68621323976494,-1.7143324136712934,-1.741611956581808,-1.7679475694601432,-1.7932316908836523,-1.817353027846788,-1.8401958467251094,-1.861641614266779,-1.8815680030991904,-1.8998517960676087,-1.9163672351843741,-1.9309877544169545,-1.9435879147574553,-1.9540417423218437,-1.962228273193195,-1.9680281903187768,-1.9713293219657424,-1.9720265041321572,-1.9700223738135125,-1.965233153076179,-1.957586633610725,-1.9470254814165033,-1.9335098433733433,-1.9170197141722745,-1.8975554218563895,-1.8751400241142413,-1.8498206500251135,-1.837160962980544
-0.7450397255722496,-0.7041634693431997,-0.6703439718733328,-0.6419560772647159,-0.6179328454495869,-0.5975360653671546,-0.580236327340089,-0.5656402834676277,-0.55344810789828,-0.5434260284719938,-0.5353885014939663,-0.5291852209611647,-0.5246928077104807,-0.5218085648379223,-0.5204458702398274,-0.5205307300269468,-0.5219995289010126,-0.5247964489343282,-0.5288724150116053,-0.5341837128562954,-0.5406910523552355,-0.5483587640281451,-0.5571541080519438,-0.5670471173582325,-0.5780094230194932,-0.5900146210952806,-0.6030376644199364,-0.6170545010318662,-0.6320420687184136,-0.64797799922926,-0.6648403688301219,-0.6826076628654532,-0.701258674262839,-0.7207722006638495,-0.7411268335693721,-0.7623014147895013,-0.7842742737971031,-0.8070235247533641,-0.8305267642268077,-0.8547610742302203,-0.8797028799890583,-0.9053278741603166,-0.9316108994381234,-0.9585258505477867,-0.9860455636180432,-1.014141703152152,-1.0427846984770117,-1.0719435359942047,-1.10158563002338,-1.1316768928917058,-1.1621813445078537,-1.1930610020262826,-1.2242760397304846,-1.255784251761044,-1.2875409702600482,-1.3194992539737493,-1.3516092688683077,-1.3838182321717587,-1.4160705702984582,-1.4483073093081804,-1.4804660269921859,-1.5124809178296048,-1.544282337316748,-1.5757967154593522,-1.606946461089771,-1.637649886062264,-1.6678209857491368,-1.6973691132262185,-1.7261996237013342,-1.7542133528783046,-1.7813060020433578,-1.807369732699729,-1.8322927155439859,-1.8559584611699347,-1.8782473663519816,-1.899035707581509,-1.9181984460421768,-1.9356076031730534,-1.951133951657355,-1.9646488930617878,-1.9760227770450223,-1.98513043999195,-1.9918477683473157,-1.996057278329244,-1.9976479080557552,-1.996515805557031,-1.9925703327166033,-1.9857318673718483,-1.9759353043105055,-1.9631327078104388,-1.9472959133276901,-1.9284169714314903,-1.906510852359089,-1.881616853762691,-1.8691698544644975
-0.7285344756017831,-0.688470580126721,-0.6553570232123107,-0.6275982159113846,-0.6041463767769706,-0.5842763734724365,-0.5674680421406841,-0.553334802745642,-0.5415819073046113,-0.5319794776168396,-0.524345006953264,-0.5185306063594242,-0.5144148448955277,-0.5118966179971818,-0.5108906231300614,-0.5113239750872967,-0.5131339965809945,-0.5162656830941303,-0.5206706669911021,-0.5263058599563275,-0.5331325328299386,-0.5411155261340006,-0.5502225711231323,-0.5604241355576967,-0.5716922694023463,-0.5840009651724598,-0.5973255601740501,-0.6116423809111315,-0.6269287376213406,-0.6431626334028495,-0.6603225187197859,-0.6783872564093962,-0.6973360218558711,-0.7171480045736589,-0.7378022008848018,-0.7592778624470553,-0.7815537459623823,-0.804608404694096,-0.8284198910972818,-0.8529657589291417,-0.8782229232603245,-0.9041675847610342,-0.930775114126986,-0.958019954125866,-0.9858755102501726,-1.0143140379071325,-1.0433065813339748,-1.0728227630832226,-1.1028306549207556,-1.133296854659216,-1.1641860869044367,-1.195461093366007,-1.2270828025792517,-1.2590097767494506,-1.2911981312678011,-1.323601737708327,-1.3561715769817044,-1.3888556867862583,-1.421599340236046,-1.4543443908938734,-1.4870292327008747,-1.5195888933444548,-1.5519545073071432,-1.5840532451755227,-1.615808254705714,-1.6471384790682142,-1.6779584658336726,-1.7081780852637833,-1.7377030264914828,-1.766434321999942,-1.7942677807395195,-1.8210954072758259,-1.8468049694507964,-1.8712793691698175,-1.8943980917444951,-1.9160361916574524,-1.9360669911778676,-1.9543604872915592,-1.970784995805544,-1.9852089664288501,-1.9974992901528654,-2.0075268110069264,-2.0151628309914904,-2.020284748569184,-2.0227757831161206,-2.0225257556712894,-2.0194372873523823,-2.013423431145128,-2.0044113557681706,-1.992345034136006,-1.977188071856556,-1.9589241103374677,-1.937559833030722,-1.9131264366241463,-1.900909738420864
-0.7124035370730808,-0.6731433390378516,-0.6407281471967674,-0.613591520418566,-0.5907045735126348,-0.5713550804589462,-0.5550320066331271,-0.5413554587901492,-0.5300357095955555,-0.5208467340381162,-0.5136090332952703,-0.5081771147064651,-0.5044314809412254,-0.5022726096975461,-0.5016165112869841,-0.502391404936825,-0.5045355490251702,-0.5079947513488448,-0.5127213516312179,-0.518672888025995,-0.5258111932233633,-0.5341016188304903,-0.5435123682741294,-0.5540143452116009,-0.5655800192501503,-0.5781837798894018,-0.5918013490658569,-0.6064094314618074,-0.6219857090376257,-0.6385085550102476,-0.6559567922726772,-0.6743096588525455,-0.6935467097346715,-0.71364752288951,-0.7345914954327626,-0.7563582843736372,-0.7789270685388039,-0.8022768347147491,-0.8263860851322302,-0.8512328387523804,-0.876794493499039,-0.9030477507282142,-0.9299685014614478,-0.9575317286295681,-0.9857113990366428,-1.0144803509120615,-1.0438102351576495,-1.0736713025918887,-1.1040322750714981,-1.1348604283997255,-1.1661211854726516,-1.1977780073153892,-1.2297925716970526,-1.2621242059059234,-1.2947298076309177,-1.3275640611572963,-1.3605787655730088,-1.3937227854767835,-1.4269422488830035,-1.460179850158888,-1.4933748174210226,-1.5264630327369744,-1.5593764380255435,-1.5920429795381268,-1.6243865841225533,-1.6563268761366254,-1.6877790140906568,-1.7186534518348429,-1.7488562907070904,-1.7782888494826974,-1.806847145102227,-1.8344231384280831,-1.8609043209707021,-1.886173125880272,-1.9101082787100625,-1.932583779322078,-1.95347148809398,-1.972639568494161,-1.9899540797168158,-2.0052807246592947,-2.0184831521389057,-2.029428422309326,-2.0379834678472872,-2.044020769432031,-2.047418015366387,-2.0480588731091043,-2.045839356650736,-2.0406653006000584,-2.0324562128140764,-2.0211479889625847,-2.006695958715188,-1.9890752490382524,-1.9682840839525095,-1.944345316474061,-1.9323759327348367
-0.696638304563002,-0.658172896669662,-0.6264482700129026,-0.5999267143267706,-0.5775979794712338,-0.5587625739444713,-0.5429184760493477,-0.5296923983357349,-0.5187995768354159,-0.5100177987950705,-0.5031705440023959,-0.4981146950406856,-0.49473267323267844,-0.49292652808227144,-0.4926135756140315,-0.4937231348085547,-0.4961943969142346,-0.4999739804813219,-0.5050149319993258,-0.5112754161231581,-0.5187178278131588,-0.5273080303707656,-0.5370147000224812,-0.547809176931574,-0.5596643506529997,-0.5725550077660735,-0.5864572545794922,-0.6013481732669079,-0.6172058164018723,-0.6340089257271808,-0.6517366944514658,-0.6703687331648944,-0.6898849732906331,-0.7102653775481027,-0.7314897395471309,-0.7535381168911004,-0.7763901051801247,-0.8000251189039964,-0.8244221037246924,-0.8495595370311859,-0.8754152923715786,-0.9019665642102492,-0.9291897559558615,-0.9570603825333479,-0.9855529636860039,-1.0146409120197375,-1.0442964764566132,-1.0744905277209449,-1.1051924298385474,-1.136370128499356,-1.167989737741351,-1.2000154317853922,-1.2324096316569804,-1.2651324255928713,-1.2981414912805744,-1.3313923241192265,-1.364837542863273,-1.398426843439582,-1.4321072147561231,-1.4658222027475825,-1.4995118848676297,-1.5331130155775794,-1.5665583691471683,-1.5997766986582826,-1.632692745904224,-1.6652268616256134,-1.6972948689293548,-1.7288078660801385,-1.7596724391028133,-1.789790276411045,-1.8190576965483665,-1.8473667232354856,-1.8746046914228474,-1.900653698410125,-1.9253918549383435,-1.9486922668638023,-1.970425503807635,-1.9904580811953425,-2.0086539973250357,-2.0248764102583583,-2.0389859411291287,-2.050846075003543,-2.0603195924027595,-2.0672742607712125,-2.0715824323066676,-2.073121804380984,-2.071781930429195,-2.067461549273891,-2.06007259189388,-2.0495429125396036,-2.035819542437994,-2.0188690145031383,-1.9986809469508038,-1.9752696331624797,-1.9635639762683177
-0.6812303757145477,-0.6435506326806784,-0.6125085714752454,-0.5865947979958097,-0.564817437127807,-0.5464895606965281,-0.5311180438938634,-0.5183361241240858,-0.5078639434166754,-0.49948306015837884,-0.4930199031898619,-0.48833370897143347,-0.4853088021629981,-0.4838487932234625,-0.4838722963374953,-0.4853097251180549,-0.488101200433666,-0.4921941495641513,-0.49754232470394233,-0.5041045165717961,-0.5118436823517647,-0.5207261971882426,-0.5307212102838577,-0.5418004984756974,-0.553937371146207,-0.5671070116391064,-0.5812859099834811,-0.5964515247832203,-0.612582277760193,-0.6296572772549747,-0.647656084363829,-0.666558679316609,-0.6863453665375108,-0.7069964895303593,-0.7284922338608502,-0.7508130527434487,-0.7739389529899499,-0.797849770770781,-0.8225248886410019,-0.8479432354482341,-0.8740831529434723,-0.9009223209201944,-0.9284376470236222,-0.9566051697695532,-0.985399953207966,-1.0147959755773373,-1.0447660748476195,-1.0752817328918585,-1.1063129475039568,-1.1378283256402166,-1.1697946646947954,-1.2021768451997676,-1.234938024624324,-1.2680390470043656,-1.301438366531446,-1.3350922868049397,-1.3689542461719606,-1.4029747745092969,-1.437101725617837,-1.4712795054526688,-1.5054490533467955,-1.5395480112762663,-1.5735100075155148,-1.6072646295121076,-1.6407374658558251,-1.6738496344956784,-1.7065176720181099,-1.7386533766837675,-1.7701638861880982,-1.8009513360506706,-1.8309124336165952,-1.8599393655882202,-1.8879194235576033,-1.9147344950011926,-1.9402622141105912,-1.9643749465813347,-1.9869421364065831,-2.0078288307611434,-2.0268971578783628,-2.044007929410627,-2.059018950669672,-2.071790339977958,-2.082180943985623,-2.0900540250015975,-2.0952768002259146,-2.097721189230306,-2.097270443151522,-2.0938163424046583,-2.0872633425698894,-2.0775313128201356,-2.064558986041437,-2.048304246348015,-2.028747985547491,-2.005895747977254,-1.9944696291921415
-0.6661715462111251,-0.6292681491976704,-0.5989004768662598,-0.5735870388929643,-0.5523540763724522,-0.5345270538794966,-0.5196216277166932,-0.5072774792442614,-0.49721959901799506,-0.48923327524288407,-0.4831478559781499,-0.4788249098635289,-0.476150649208118,-0.4750302341725243,-0.47538356912284474,-0.4771421567417722,-0.48024704381420813,-0.4846464638668113,-0.49029487327680865,-0.4971516879302751,-0.5051804267347193,-0.5143479763808134,-0.5246239587896384,-0.53598058721811,-0.5483915903514547,-0.5618325475939878,-0.5762803316737175,-0.591712776214115,-0.6081086702910354,-0.6254474866063398,-0.6437091514287785,-0.6628740114382969,-0.6829227403769067,-0.7038360583406622,-0.7255945381048845,-0.7481790233180297,-0.7715699262639819,-0.7957474986026614,-0.8206915530860059,-0.8463814628955069,-0.8727960304110216,-0.8999134128162056,-0.9277110136757083,-0.9561653865075515,-0.9852521308286732,-1.0149457815256502,-1.0452197563779964,-1.0760461393226395,-1.1073955531184232,-1.139237256933523,-1.1715387231875263,-1.2042655311774952,-1.2373815672791388,-1.270848425287202,-1.3046253313442528,-1.338669393168476,-1.372934867226111,-1.407373118338362,-1.441932867398632,-1.476559386734272,-1.5111944877053,-1.5457767122755484,-1.5802405613716013,-1.614516480979622,-1.6485309346250088,-1.6822058442088672,-1.7154585042007966,-1.7482014635106395,-1.7803424732791215,-1.8117841880019712,-1.8424237849048875,-1.8721537075948973,-1.900861311129444,-1.9284283924785663,-1.9547322409621481,-1.97964462922519,-2.0030340346770896,-2.0247642101806322,-2.0446955995690823,-2.0626868625462453,-2.07859319728132,-2.0922715625704744,-2.1035770897431583,-2.1123687466703287,-2.1185088217102352,-2.1218636564911573,-2.122310368591662,-2.119733930890538,-2.114031441280156,-2.1051148595143174,-2.0929146418318,-2.077379992799727,-2.0584829824052018,-2.0362202427952334,-2.025088872990249
-0.6514538048849716,-0.6153172644381977,-0.5856156490857578,-0.5608949622864401,-0.5401993037708275,-0.522866360911145,-0.508420455602443,-0.49650763229769357,-0.48685767249506684,-0.47925955268167675,-0.4735455100142949,-0.46957942327523483,-0.46724937635764796,-0.46646206746444596,-0.4671386827386437,-0.4692118079304475,-0.4726234115892347,-0.4773225305546025,-0.4832643234136458,-0.49040882987688716,-0.4987201296360544,-0.5081656202027163,-0.518715395543079,-0.5303421046780721,-0.5430198946876186,-0.5567247399668518,-0.5714338945747355,-0.5871255654184115,-0.603778906828728,-0.6213737533494634,-0.639890393445447,-0.6593095368169877,-0.6796122226217061,-0.7007795431557773,-0.7227924534776942,-0.7456321823278544,-0.7692795415742582,-0.7937151920374474,-0.8189193698436348,-0.8448718852613502,-0.8715519936075167,-0.8989383213949542,-0.9270087596637666,-0.9557403682033505,-0.9851092729971589,-1.0150905564058954,-1.0456582065691111,-1.0767849001360519,-1.108441875693672,-1.1405990352060358,-1.1732245173246059,-1.2062845919956988,-1.2397438663386384,-1.2735646770869191,-1.307707016846074,-1.342128792337599,-1.3767850754216464,-1.411628065393547,-1.4466073508159871,-1.4816690748306716,-1.5167559287846355,-1.5518073646799218,-1.5867587719724074,-1.621541476247522,-1.656082840665056,-1.6903056240113832,-1.724127918842916,-1.757463070744446,-1.7902195011465247,-1.8223004500681184,-1.8536036398636002,-1.8840218590066127,-1.913442626665679,-1.941747762090315,-1.9688143349385872,-1.9945136652434927,-2.0187134167483327,-2.041276215962462,-2.0620610025878503,-2.080924474516663,-2.0977194277884608,-2.112299867149878,-2.124517426650971,-2.134226992138871,-2.1412861333126365,-2.1455558201261824,-2.146907214665977,-2.1452186453796482,-2.1403799851688277,-2.1322953781403253,-2.120887046129516,-2.1060955064969686,-2.0878839365372435,-2.0662399189422307,-2.05541791014473
-0.6370693289570295,-0.601690006543687,-0.5726459810963314,-0.5485103423248594,-0.5283447923042028,-0.5114990718953605,-0.497506053333685,-0.48601806333676834,-0.4767696166451896,-0.46955333627342055,-0.4642043180637989,-0.4605887285629606,-0.45859650680447617,-0.45813587696978963,-0.45912929815206116,-0.46151043273324754,-0.4652221664354861,-0.47021433603685603,-0.47644279992358207,-0.48386821985579864,-0.49245523494757526,-0.5021717523952418,-0.5129883371404742,-0.524878072930901,-0.5378155239710969,-0.5517770582333825,-0.5667403094162249,-0.5826838556725722,-0.5995872142085357,-0.6174305786316003,-0.6361945963896443,-0.655860336558034,-0.6764091996140309,-0.6978226454868786,-0.7200820064374058,-0.7431688908169309,-0.7670645040679103,-0.7917499097323422,-0.8172057603900662,-0.8434122960573276,-0.8703492172096539,-0.8979956115389376,-0.9263298490249983,-0.9553294868933859,-0.9849711684740692,-1.0152305142831997,-1.0460820732078269,-1.0774991050453597,-1.1094534548007795,-1.1419156575211364,-1.174854508906631,-1.2082369609494936,-1.2420283328126946,-1.2761916966682274,-1.3106878052727338,-1.3454753583220291,-1.3805102392275448,-1.4157454799715474,-1.4511315359009818,-1.4866154236796103,-1.522140720604076,-1.5576477965499018,-1.5930729428280082,-1.6283483828043759,-1.663402400785008,-1.6981586218195677,-1.732535972819496,-1.7664486377284494,-1.7998057604492723,-1.8325112280142448,-1.8644633776053958,-1.8955554248026278,-1.9256751475583866,-1.9547044938459033,-1.9825204325369716,-2.008993964906061,-2.033992087810593,-2.0573764632984326,-2.0790047016308293,-2.0987317243966825,-2.11640812643063,-2.131885161614125,-2.1450111835474877,-2.155637209371158,-2.163616303379323,-2.168804275441094,-2.171066518433656,-2.170274890493784,-2.1663121859949617,-2.159074844083264,-2.1484769139225146,-2.134450240140784,-2.1169490602947705,-2.0959517957717053,-2.08545316351017
-0.6230104794031854,-0.588378607615192,-0.55998358865188,-0.5364251934841691,-0.5167824715638147,-0.5004170485986226,-0.48687023218948466,-0.4758005505305807,-0.46694719379059,-0.4601063895389834,-0.45511606160165696,-0.4518446415715527,-0.4501839068042135,-0.4500435949966186,-0.45134742894992197,-0.45403014081799586,-0.458035528475087,-0.463314224835798,-0.46982278525128374,-0.4775224913408538,-0.4863785398739773,-0.49635934620348987,-0.507435944800172,-0.519581852740425,-0.5327720497426802,-0.5469832956207399,-0.5621936017200846,-0.5783819151219949,-0.595528113270205,-0.6136127458219176,-0.6326168157811896,-0.6525217477607981,-0.6733092992907586,-0.6949612932150129,-0.7174594337843676,-0.74078570336511,-0.7649216948665827,-0.7898488680273985,-0.8155482848875517,-0.8420006078055486,-0.869185974577763,-0.8970839258650942,-0.9256733019904317,-0.9549321487094087,-0.9848376174948381,-1.0153658575945523,-1.0464919689100682,-1.0781897846577737,-1.1104317466310798,-1.1431890130072841,-1.1764310270276412,-1.2101254137129869,-1.2442381951115633,-1.278733170743146,-1.3135718464800494,-1.348713708158819,-1.3841154459036746,-1.4197309214143639,-1.455511454622102,-1.4914049368466409,-1.5273558354744725,-1.5633054440659044,-1.599190966764119,-1.634945540234506,-1.6704983884905642,-1.7057740289082788,-1.7406922553372326,-1.7751681276928652,-1.8091115601279975,-1.8424271433789985,-1.8750138938796357,-1.906765531070493,-1.9375701805967107,-1.9673100194544608,-1.9958620284170503,-2.023097017375482,-2.0488814569608853,-2.0730762005335883,-2.0955376978864764,-2.116119274929082,-2.134669521763888,-2.151037141806594,-2.165067423191061,-2.1766077278228684,-2.1855068300276836,-2.19161559547269,-2.1947938412648638,-2.1949071391892616,-2.191831364126595,-2.185455376671802,-2.175685133460764,-2.162443842007933,-2.1456767761437066,-2.1253531089726994,-2.11519127538719
-0.6092697964438565,-0.5753754979438641,-0.5476208032965557,-0.524631762363581,-0.5055045183763651,-0.4896124139409208,-0.4765050773424151,-0.4658471575136214,-0.4573824621294853,-0.45091078112925453,-0.44627283533582585,-0.4433392983365092,-0.4420037686224565,-0.44217748455228634,-0.44378542298816326,-0.4467633785831926,-0.4510560559276011,-0.4566148798576086,-0.4633970994479042,-0.4713646135881655,-0.4804831745495064,-0.4907217039403444,-0.5020517039575068,-0.5144471232682246,-0.5278833551742079,-0.5423375492945026,-0.5577880923494094,-0.5742142977734344,-0.5915964003738727,-0.6099153026295379,-0.6291523594815329,-0.6492893470714578,-0.6703083755657535,-0.6921916258744665,-0.7149211689159718,-0.738479355381938,-0.7628481594646297,-0.7880094305109331,-0.8139446329769595,-0.8406348441153344,-0.8680606311703531,-0.8962019795276055,-0.925038191222638,-0.9545477915934963,-0.9847084310003529,-1.015496777928493,-1.0468884734778028,-1.0788579144315302,-1.1113781295699399,-1.1444208900585617,-1.1779562769054397,-1.2119525787941177,-1.2463765111121239,-1.2811925921261513,-1.3163630731555742,-1.3518482186375524,-1.38760551968527,-1.4235896636867278,-1.4597528317762731,-1.4960437896370442,-1.5324078972243609,-1.568787375746744,-1.6051203509964778,-1.6413408859968281,-1.6773791602999855,-1.7131606065820981,-1.7486059147655317,-1.7836310545360556,-1.818146753915796,-1.8520583594857027,-1.8852656263463936,-1.9176628493026002,-1.9491385850474725,-1.979575333956203,-2.0088501953608917,-2.036833908789298,-2.0633925532259734,-2.088386322979843,-2.111670670527474,-2.1330975016270513,-2.1525135933593647,-2.169765295851442,-2.184695044336929,-2.197146758427013,-2.206965139270961,-2.2139963275469743,-2.2180947641760094,-2.2191199272574567,-2.2169409426262274,-2.211439233282025,-2.2025127608038098,-2.1900761513399813,-2.174065713244172,-2.1544413086179435,-2.144629106304827
-0.595839995152736,-0.5626733004291951,-0.5355501656225892,-0.5131225198145906,-0.4945033478379157,-0.47907754197256125,-0.46640293682007616,-0.4561502213774382,-0.448067762807125,-0.44195887102956855,-0.4376670326018628,-0.4350651397291294,-0.4340485944940964,-0.434530122683463,-0.43643594518065765,-0.43970291146643303,-0.44427662701034265,-0.4501093039586235,-0.45715888147797035,-0.4653878727594041,-0.47476258305424457,-0.48525243797227224,-0.49682940529677255,-0.5094678632282856,-0.5231436164221059,-0.53783420198662,-0.5535183794858622,-0.5701758258953471,-0.5877871302963245,-0.6063335445672391,-0.6257967717950286,-0.646158935490504,-0.6674024939104961,-0.6895099810719174,-0.7124638291474694,-0.7362467513904292,-0.7608410970350643,-0.786229098404212,-0.8123926152956262,-0.8393131323857383,-0.8669716384800907,-0.8953485554329399,-0.9244236383522175,-0.9541758831947966,-0.9845834299287148,-1.0156234567427314,-1.0472721360686499,-1.0795044183187497,-1.1122939093285322,-1.145612982965366,-1.1794323480146918,-1.2137209471668686,-1.2484461792780566,-1.2835732723231852,-1.3190652148483917,-1.3548830417334845,-1.3909850385714462,-1.427326713461277,-1.4638611043000738,-1.5005378495502235,-1.5373032027018811,-1.5741003148895787,-1.6108682403855294,-1.6475419793571227,-1.6840526802019196,-1.7203267109930018,-1.7562856836352183,-1.7918465078117187,-1.8269207651106747,-1.8614146057878131,-1.8952285782740677,-1.9282576192212664,-1.960390794383525,-1.9915110161332732,-2.0214956031538813,-2.0502153394128064,-2.077536040809634,-2.1033173861079044,-2.1274139877316856,-2.1496765015490222,-2.16995007830581,-2.188078908409055,-2.203902783831074,-2.217262393671102,-2.2279985832848346,-2.235952990003914,-2.2409748833310648,-2.2429178479673517,-2.2416444414334546,-2.2370288034773975,-2.2289610143325533,-2.2173471936207667,-2.2021147038450706,-2.183214056963317,-2.173763733522438
-0.5827139611812027,-0.5502648251770492,-0.5237644187753743,-0.5018901533866305,-0.48377160473608294,-0.46880504831128267,-0.4565564109988096,-0.4467023412666471,-0.4389957076631701,-0.4332432975100109,-0.42929133157171284,-0.4270148969818921,-0.4263111815256182,-0.4270943848178499,-0.4292919613453461,-0.4328418073613727,-0.43769042299390826,-0.44379080270812166,-0.45110157175920484,-0.4595858543090303,-0.469210505719031,-0.47994545301267566,-0.4917631271035283,-0.5046383333685456,-0.5185472853079021,-0.5334679049437518,-0.5493793219141785,-0.5662615737060839,-0.5840956003888897,-0.6028629996440826,-0.6225458187599786,-0.6431265243245998,-0.6645879180273706,-0.6869128819402159,-0.7100842040035693,-0.734084954212022,-0.7588978505612742,-0.7845055016914404,-0.8108901556546255,-0.8380336970769509,-0.8659175284435217,-0.8945224998294754,-0.9238288107857262,-0.9538159189312168,-0.984462444562717,-1.0157460660254358,-1.0476434771953147,-1.0801301721226675,-1.1131803236739846,-1.146766898027135,-1.1808612215863379,-1.2154328811550985,-1.2504499489193133,-1.2858783531504714,-1.3216818109230088,-1.3578221188635275,-1.394258349841232,-1.4309468268424996,-1.4678414391387895,-1.5048926952198283,-1.5420477417001115,-1.579250660381834,-1.6164414390236914,-1.6535560236263458,-1.690526542406509,-1.7272803162531714,-1.763739901949378,-1.7998231760608983,-1.835442609741328,-1.8705052006719596,-1.9049123407742472,-1.9385596702354644,-1.971336836751638,-2.0031272477798683,-2.0338085364547127,-2.063251639918071,-2.0913222336078534,-2.11787961815023,-2.1427777172547584,-2.165866101759775,-2.1869884775227417,-2.2059870648528324,-2.2226992187184766,-2.2369626077613667,-2.2486144388111304,-2.2574920690850817,-2.263439805707723,-2.2663055468519264,-2.2659454716500824,-2.2622266031932234,-2.2550312692365346,-2.244257175754899,-2.229822779506457,-2.2116692260102098,-2.202592449262089
-0.5698847465955614,-0.5381430642715124,-0.5122565021954961,-0.4909275600747942,-0.47330215534033826,-0.45878778101439144,-0.446958342599979,-0.4374963675443544,-0.43015916761374173,-0.4247569647753302,-0.42113868222423134,-0.4191815780351993,-0.41878460747569735,-0.41986343003830306,-0.42234672303281817,-0.42617342106306966,-0.43129091232769756,-0.43765296825828415,-0.4452188958416037,-0.4539524265374184,-0.4638209626180445,-0.4747949296190601,-0.48684721883114346,-0.499953060171221,-0.5140890732163172,-0.5292335620865729,-0.5453660235047564,-0.5624668522410503,-0.580517335889541,-0.5994994141816479,-0.619395474527018,-0.6401883221833216,-0.6618610975201111,-0.6843970255359433,-0.707779244395268,-0.7319911749728458,-0.7570158977211416,-0.7828363909283431,-0.8094352838164842,-0.8367948534995395,-0.8648969082820535,-0.8937227182378216,-0.9232529187606586,-0.9534674202012761,-0.9843453139277814,-1.015864768905328,-1.0480029905701238,-1.0807360065952787,-1.1140385467940495,-1.1478841591937572,-1.1822447775301947,-1.2170906226352418,-1.2523904296676769,-1.2881108174692346,-1.324216222532254,-1.3606691940686422,-1.3974295844082663,-1.434454524847606,-1.4716987497974954,-1.5091136339688198,-1.5466472154390787,-1.5842445060213788,-1.621846430293089,-1.6593898868432655,-1.696807992527241,-1.7340290359781185,-1.7709765389379044,-1.8075693686154402,-1.8437209182466343,-1.879339072831536,-1.9143261136783016,-1.9485784416241645,-1.9819863542645755,-2.014433831905567,-2.0457989117172324,-2.0759527868408574,-2.1047611090329696,-2.132082932145693,-2.1577716365757866,-2.18167586749093,-2.203638061890628,-2.223498655368228,-2.241092768363284,-2.2562552568695744,-2.268819905693717,-2.278620015980631,-2.2854951449268746,-2.2892877166398704,-2.2898477299323536,-2.287035268973675,-2.2807250519869204,-2.2708064811594872,-2.257189167162593,-2.239804894842412,-2.2311127586823187
-0.5573455658230531,-0.5263011867136291,-0.5010195455874888,-0.48022783935538493,-0.46308807954204,-0.4490188118632221,-0.43760180716083674,-0.4285253914934506,-0.42155126163048173,-0.4164930312703041,-0.41320229402854736,-0.411558454651606,-0.4114622173552629,-0.4128306872249854,-0.41559375326810644,-0.41969137966787473,-0.4250718357572403,-0.43168966423883237,-0.43950484913960475,-0.448481725220895,-0.45858823815697614,-0.46979530879939224,-0.48207628578518236,-0.49540682067450437,-0.5097639361126616,-0.5251263152805108,-0.5414738187949353,-0.558787195300603,-0.5770480762924302,-0.5962387396590274,-0.6163419087318212,-0.6373407229314232,-0.6592186564752911,-0.6819592720991308,-0.7055460526046442,-0.7299627638592265,-0.755192842457475,-0.7812196296696605,-0.8080261288201829,-0.8355950020755454,-0.8639084557357124,-0.8929481716916543,-0.9226952126253074,-0.9531299327326159,-0.9842318852359533,-1.0159797202150878,-1.0483511448085903,-1.081322710298216,-1.1148696933289182,-1.1489662132775413,-1.1835848008318883,-1.218696300617883,-1.2542701002374257,-1.2902734991138531,-1.3266716436948656,-1.3634278262157296,-1.4005026701143786,-1.4378541077508078,-1.4754377116862283,-1.5132057180962888,-1.5511070537250287,-1.5890876584682716,-1.6270893955188492,-1.6650501210270563,-1.7029039473184682,-1.7405801433832246,-1.7780032133757562,-1.8150930359885935,-1.8517639557791314,-1.887924781314451,-1.9234787251516783,-1.958323001533771,-1.9923486211956702,-2.0254402099403395,-2.0574762932225537,-2.088328417263811,-2.117862321185074,-2.1459369374548967,-2.172405242636229,-2.197115110013445,-2.219907878204108,-2.240622378975293,-2.2590916965782775,-2.275148079458125,-2.288622105542118,-2.2993432440317623,-2.307146517243719,-2.3118690923336125,-2.3133549929946984,-2.311457552268692,-2.3060440348057543,-2.296995664780915,-2.2842132850380557,-2.2676193467495387,-2.2593223776052747
-0.5450897917038788,-0.5147325335207675,-0.49004686310559764,-0.4697842864958002,-0.45312266332708795,-0.43949142803817454,-0.4284801039534436,-0.41978273552349954,-0.4131653462806528,-0.40844489860075717,-0.40547562429498196,-0.4041390502475317,-0.40433761079226027,-0.4059898420061825,-0.40902683314191224,-0.4133895688601896,-0.4190271923617983,-0.42589501160130716,-0.433953682638899,-0.44316813923721554,-0.4535068666727815,-0.4649412776417172,-0.47744517483782056,-0.490994628326058,-0.505567060589307,-0.5211415306283551,-0.5376982595796442,-0.5552183463897964,-0.5736837626868274,-0.5930771204999186,-0.6133814747788513,-0.6345802945154078,-0.6566573828776345,-0.6795966351009541,-0.7033818730081243,-0.727997201557995,-0.753426407175084,-0.7796531874615376,-0.8066609128056679,-0.8344326230302013,-0.8629509146552639,-0.8921978732616798,-0.9221549803238804,-0.9528030250551989,-0.9841220133719797,-1.0160910670121925,-1.0486883850043704,-1.081891032247978,-1.1156748220993606,-1.1500144347733998,-1.1848829874699707,-1.2202519382624955,-1.2560913165332754,-1.292369092083251,-1.3290511115549353,-1.3661014003032323,-1.403481344052443,-1.4411496683872371,-1.4790627763605513,-1.517173760001711,-1.555432430896203,-1.593785653939897,-1.632176231331342,-1.6705429801139564,-1.708821013082276,-1.746940590045834,-1.7848272125744773,-1.8224017889585387,-1.8595796412333734,-1.8962705343401747,-1.9323786501342186,-1.9678020648703443,-2.0024325611482174,-2.0361554780047797,-2.068849908275769,-2.1003878427709233,-2.130635213406625,-2.159450950773324,-2.1866877611912376,-2.2121928942339912,-2.2358067549542477,-2.2573667474756807,-2.276704113761668,-2.2936486966792486,-2.3080280805179485,-2.3196681260848035,-2.3283995376984943,-2.334054446434669,-2.336471112228855,-2.33549631379793,-2.3309900301407893,-2.322825448048521,-2.3108947384295417,-2.2951110661488747,-2.2872192300085414
-0.5331109516460986,-0.5034306129809596,-0.47933194774739674,-0.4595903861261186,-0.44339939156405883,-0.4301991241634662,-0.4195867473273496,-0.41126194385385784,-0.4049950057950391,-0.40060620103223865,-0.3979523671515439,-0.396917128396268,-0.39740463011025406,-0.3993348244634265,-0.402639989193021,-0.4072621200235771,-0.41315122644635105,-0.4202633753437768,-0.42855988950614154,-0.43800629711192585,-0.4485716189686073,-0.46022775588840936,-0.4729489610922455,-0.48671171978774685,-0.5014938508600686,-0.5172747857025484,-0.5340351024294088,-0.5517562465690129,-0.5704205259860928,-0.5900108827248118,-0.6105106989598097,-0.6319037685914353,-0.654174218788306,-0.6773062720130563,-0.701284083475473,-0.7260920913228719,-0.7517144255109187,-0.7781351333503217,-0.8053379452947818,-0.8333062714769857,-0.8620230909217264,-0.8914708848381636,-0.9216315450687795,-0.9524862870883721,-0.9840155604175727,-1.0161989490609313,-1.0490151341867926,-1.082441684364116,-1.1164549395575707,-1.1510301303211457,-1.1861409498949926,-1.2217594593741443,-1.25785631916161,-1.2944001590588117,-1.3313575158928614,-1.368693137946203,-1.4063691640002596,-1.4443451045035305,-1.4825781847492836,-1.5210223462423567,-1.5596282806540518,-1.5983437737509987,-1.6371125658406287,-1.675874436681779,-1.7145655028483224,-1.7531170234353104,-1.7914555101470413,-1.8295029164417054,-1.867175565091822,-1.9043842069734487,-1.9410340276878533,-1.9770240101610812,-2.0122467632666736,-2.0465884023044745,-2.0799286616178594,-2.1121400627153992,-2.14308883025396,-2.172634006667932,-2.2006281557914473,-2.2269180460265923,-2.25134330794534,-2.273740089325349,-2.2939379790388097,-2.311764612844311,-2.3270447922397435,-2.339600991993143,-2.3492598164248144,-2.3558485843163943,-2.3592000084417752,-2.359154517988027,-2.3555649851555227,-2.3482967137763433,-2.337233315365633,-2.322278735317951,-2.314801445294115
-0.5214027238803598,-0.4923890960562338,-0.46886846594653697,-0.449639806060409,-0.4339119410932346,-0.4211355947030371,-0.41091545845292066,-0.4029567736462125,-0.39703404263291553,-0.3929707955312334,-0.3906264431071227,-0.3898866819589397,-0.3906573490746523,-0.39285979754002387,-0.39642748152755036,-0.40130339811913496,-0.4074384152274235,-0.41478935205286893,-0.4233181925353935,-0.4329910544174753,-0.4437774897129487,-0.45564988338330226,-0.46858293542419993,-0.48255354261754757,-0.49753991662769836,-0.5135218576430067,-0.5304802970621636,-0.5483970231422441,-0.5672546759744046,-0.5870365233968222,-0.6077262703389485,-0.6293080308881316,-0.6517662512232958,-0.6750854757379243,-0.6992501873878787,-0.7242451516141557,-0.7500548356286774,-0.7766636298638496,-0.804055617889754,-0.8322145728623331,-0.8611238486651462,-0.890766314149849,-0.9211242631843142,-0.9521793288318703,-0.9839123952108508,-1.016303499278931,-1.0493317946710823,-1.0829753437372858,-1.1172110029845639,-1.1520145428406403,-1.1873602221075918,-1.2232206944263246,-1.2595672403957259,-1.2963691393052923,-1.3335936079508226,-1.3712061071096127,-1.4091695190395437,-1.4474441302338659,-1.4859879794524244,-1.5247558506106706,-1.5636993098698482,-1.602767058790866,-1.641903773716774,-1.681050197556974,-1.7201434524210828,-1.75911580330442,-1.7978947826376184,-1.836403402244552,-1.874559006173218,-1.9122733577350752,-1.9494526773265963,-1.985996895453851,-2.0217994975516644,-2.0567474337032516,-2.090721149099881,-2.123593776840224,-2.1552319289172983,-2.185494867661309,-2.2142351364124018,-2.241299159310367,-2.266525945751842,-2.2897505534338642,-2.310801102406959,-2.3295032159592193,-2.345679120801597,-2.359148126262936,-2.369732955113213,-2.3772563397445654,-2.381545666715373,-2.3824352274895544,-2.379770976242973,-2.37341050102397,-2.3632289821567176,-2.349121230949791,-2.3420673553463334
-0.5099589338116495,-0.4816018119296217,-0.45865025235645174,-0.43992639135642664,-0.42465417410080253,-0.41229472668882217,-0.40246015744354047,-0.39486118656139046,-0.3892764685148875,-0.3855327523169083,-0.3834919891649746,-0.3830419228041837,-0.384090062262632,-0.38655914610667974,-0.3903837926252818,-0.3955079902780434,-0.40188345725722385,-0.40946775820476233,-0.41822353237085386,-0.42811748196249777,-0.43911968563995485,-0.4512030083262286,-0.46434259283387735,-0.4785157437613208,-0.4937010617572013,-0.5098787120526915,-0.5270299755010588,-0.545136979116434,-0.5641826911056746,-0.5841507007976365,-0.6050250313418992,-0.6267901122443575,-0.6494307036741809,-0.6729316666458707,-0.6972778062232177,-0.722454209264134,-0.7484456739940581,-0.7752369274255488,-0.8028123993539804,-0.8311562187398147,-0.8602521067573421,-0.8900833119993012,-0.9206325221069567,-0.9518817791521306,-0.9838123929377274,-1.016404844151153,-1.049638749310372,-1.0834926547325263,-1.1179439234554112,-1.1529688553673978,-1.1885422643696686,-1.224637386149735,-1.2612261106407674,-1.2982783560066213,-1.335762008629715,-1.3736432311520663,-1.4118856394267743,-1.4504502867729252,-1.4892960161847602,-1.5283784463104966,-1.5676500114484238,-1.607060323021542,-1.6465549902616394,-1.6860757183903146,-1.725560635380774,-1.7649430170276204,-1.804151425100056,-1.8431099407752753,-1.881736947361509,-1.9199452442237364,-1.957642114397988,-1.9947284733183925,-2.031098729336242,-2.0666407215261526,-2.1012356706633533,-2.134757397288231,-2.1670729901188874,-2.198042033886147,-2.227517167747812,-2.2553446028836714,-2.2813628750204846,-2.3054061128916032,-2.3273011468810196,-2.3468717783222486,-2.363937863901172,-2.378315765838684,-2.3898245436274723,-2.3982825705454154,-2.403512131390678,-2.4053415977789037,-2.4036102035718265,-2.3981679999270478,-2.3888818788470156,-2.375637620543186,-2.369015491391274
-0.498773550465037,-0.47106274369046464,-0.44867130481697215,-0.43044415860277185,-0.41562013176554835,-0.403670592765093,-0.394214955836536,-0.38696934071661415,-0.3817164958967556,-0.37828634589230914,-0.3765433494529624,-0.37637727207887606,-0.37769727501713035,-0.3804274666409202,-0.3845036167871685,-0.38987069505971306,-0.3964812615348756,-0.4042936191715585,-0.4132710564506814,-0.42338085471413933,-0.4345936144911966,-0.4468826762746181,-0.4602236215474176,-0.4745941587928848,-0.48997327369285637,-0.5063414926292031,-0.5236804419570196,-0.5419725833710864,-0.5612012089950658,-0.5813502252749903,-0.6024039689925376,-0.624347180267204,-0.6471649282188796,-0.6708423851689571,-0.6953646726628349,-0.7207171931245204,-0.7468850695907747,-0.7738533591654773,-0.8016068310434776,-0.8301299628462266,-0.8594068355557538,-0.8894210696963833,-0.9201557385292713,-0.9515932846557607,-0.9837154347527743,-1.0165031041141137,-1.0499363626577773,-1.0839942309415096,-1.1186545685920313,-1.1538941946135972,-1.1896884675791142,-1.2260111947230534,-1.262834864439899,-1.300130023083157,-1.3378652161091797,-1.3760072972362813,-1.4145206057770032,-1.4533669523105641,-1.4925059744336056,-1.531894117303817,-1.571484676323226,-1.6112281660736028,-1.6510711245498855,-1.6909562172800874,-1.7308225771167944,-1.770604493964345,-1.810231565701939,-1.8496289517899944,-1.888716090387174,-1.9274068378170277,-1.9656095645798204,-2.00322620500797,-2.0401521329767176,-2.076276126639412,-2.1114802426677612,-2.145639060036065,-2.1786202285171172,-2.21028375233142,-2.2404824771819953,-2.269062527024488,-2.295862105622744,-2.320714568625791,-2.3434456306385147,-2.36387745718053,-2.3818277360727307,-2.397110098024785,-2.4095401567711336,-2.418932154420722,-2.4251035011786937,-2.427876871850476,-2.4270849856725785,-2.4225705465077407,-2.4141923145803488,-2.4018271586400464,-2.3956445806698894
-0.48784068302331063,-0.46076602415340284,-0.43892577949626865,-0.4211872904234082,-0.4068040281638208,-0.39525744453219325,-0.38617414941375383,-0.3792755830211991,-0.37434852985911427,-0.37122604652707336,-0.36977506633887325,-0.36988735099630077,-0.3714736939474106,-0.3744595574803222,-0.37878185018139776,-0.38438651233032584,-0.3912269372573829,-0.3992621588841172,-0.4084561086202587,-0.4187766414006422,-0.4301948746453843,-0.4426846198378853,-0.456221892812092,-0.47078480184636895,-0.48635271356280985,-0.5029065114758535,-0.5204281633804708,-0.5389004614828052,-0.5583070175488758,-0.5786320507087828,-0.5998602067456615,-0.6219765315609749,-0.6449663981751397,-0.6688152849070428,-0.6935086241767086,-0.7190321281571155,-0.7453712385415256,-0.7725113360958269,-0.8004375226600358,-0.8291346174545966,-0.8585870538775908,-0.8887788166737631,-0.9196933566755106,-0.9513135086430036,-0.9836214074269267,-1.0165983939129153,-1.0502249820458776,-1.0844806569962895,-1.119343765120745,-1.1547916342773412,-1.1908001573358806,-1.2273437025985379,-1.2643953460591384,-1.3019262515325203,-1.3399056129376252,-1.378300964157464,-1.417077357615576,-1.456197351287275,-1.495621367392952,-1.5353066688932104,-1.5752074046506692,-1.615274985008991,-1.6554568717104534,-1.6956966875145751,-1.7359345679657245,-1.7761058189189909,-1.816141079424685,-1.8559665942422143,-1.8955028697269338,-1.9346648375145241,-1.9733619775510718,-2.0114972738360146,-2.048967104807488,-2.085661233851431,-2.121462609603385,-2.156246635784219,-2.1898816026427843,-2.222228025700517,-2.253139062456129,-2.282460869866423,-2.3100314556624,-2.3356835529864934,-2.3592419291619886,-2.380527295441734,-2.3993553680208946,-2.4155372585389663,-2.428885351201451,-2.439209984909252,-2.4463239243997266,-2.4500443750038348,-2.4501977540714757,-2.4466196174748434,-2.4391607628912957,-2.427689282921841,-2.4219535429371106
-0.4771545774530983,-0.45070593180568386,-0.42940798620124676,-0.4121501301897923,-0.3982002444212984,-0.3870497061749689,-0.37833221134382367,-0.3717744418697766,-0.3671671603891147,-0.36434651216525893,-0.36318187200212737,-0.3635669721092638,-0.3654142179418507,-0.3686504096126697,-0.3732135814484283,-0.3790506337206345,-0.3861157841669627,-0.3943687901056814,-0.40377421936859115,-0.4143004947459783,-0.42591924538646353,-0.43860474901339375,-0.4523334513342747,-0.46708385618910997,-0.48283570691933786,-0.49957024004110284,-0.5172697606304011,-0.5359173871548162,-0.5554970466830289,-0.5759932665475476,-0.5973909968690294,-0.6196755844815827,-0.6428327012538926,-0.6668481262048886,-0.6917075970491737,-0.7173971299317516,-0.7439024791010662,-0.7712093426211264,-0.7993031482998791,-0.8281690499817751,-0.8577918261857054,-0.8881558182692539,-0.9192448466981085,-0.9510421301346939,-0.9835302030199999,-1.016690822933064,-1.050504938590524,-1.0849524902558971,-1.1200123012509333,-1.1556621981205217,-1.1918785977244328,-1.2286364189919075,-1.265909314685154,-1.3036690553326014,-1.3418854726347462,-1.380526769636159,-1.419558701348167,-1.4589445630238507,-1.4986455512307872,-1.5386197375995558,-1.5788221162651772,-1.6192049853147872,-1.6597167244133793,-1.7003019094997018,-1.7409016755200346,-1.781452344763304,-1.8218856009244055,-1.8621287792984553,-1.902103465682814,-1.9417256829808853,-1.980906039891589,-2.0195485978181744,-2.0575507754057893,-2.0948033636757235,-2.1311902552251167,-2.166587740333348,-2.200864824392029,-2.233882620900376,-2.2654946990420237,-2.2955473635592574,-2.3238785563428817,-2.3503205332636763,-2.3746972773772965,-2.3968282224374944,-2.4165273060509445,-2.433603329693695,-2.447865662487894,-2.4591209674936083,-2.467177594352815,-2.4718475097300017,-2.472951047979016,-2.470316825023089,-2.463787856932603,-2.4532236101772074,-2.447941486799515
-0.46670961321776394,-0.44087688687869386,-0.4201123838491472,-0.4033271769313673,-0.38980332309938026,-0.3790419683614821,-0.3706837856292333,-0.364460620173801,-0.3601671550321761,-0.35764258073338606,-0.3567586804340772,-0.3574111310388983,-0.3595139296608152,-0.3629951979686963,-0.3677940828290982,-0.3738584336242523,-0.3811432834544437,-0.38960910527466863,-0.3992210966440979,-0.409948242292002,-0.4217626777646699,-0.43463914211826493,-0.4485545063133367,-0.46348766538805153,-0.47941873506777144,-0.49632930063903125,-0.5142020002149028,-0.5330202742046208,-0.5527683605855205,-0.5734310903713014,-0.5949937133320704,-0.6174418723759012,-0.640761533172729,-0.6649387701633702,-0.6899596208100656,-0.7158103994991061,-0.7424771669917396,-0.7699459323566638,-0.7982024427744427,-0.8272321798299065,-0.8570202599686993,-0.8875513736617435,-0.9188097031852749,-0.9507788429666264,-0.9834417185758948,-1.0167804955093396,-1.0507765481250209,-1.0854102623760076,-1.1206609288889724,-1.1565068628340947,-1.1929249948354814,-1.2298907840636253,-1.2673784492667484,-1.3053603569415873,-1.3438069658452678,-1.3826871371177385,-1.421967317694628,-1.4616115297743093,-1.5015817337413195,-1.5418368003890515,-1.5823325604517213,-1.623022191185708,-1.6638549836213545,-1.7047764619320893,-1.7457287561679358,-1.786649204281343,-1.8274705366129878,-1.8681211825783917,-1.9085238166965472,-1.9485955668425592,-1.9882481872609297,-2.0273868416265826,-2.0659100212090857,-2.1037095834939636,-2.1406704131405747,-2.1766697444750593,-2.21157736809911,-2.2452550771796242,-2.277556947236606,-2.308329540222592,-2.3374108566988676,-2.364632815136384,-2.389818771786076,-2.412787054735302,-2.433350011591573,-2.45131433870156,-2.4664866023123344,-2.4786700158511588,-2.4876687448163293,-2.493289750700783,-2.4953475090396746,-2.4936639116406143,-2.4880743846499906,-2.4784299321524537,-2.4736077059036825
-0.45650030007372555,-0.43127344753900454,-0.41103357609424407,-0.39471308043583786,-0.3816079628055191,-0.3712289823988413,-0.3632236808424838,-0.35732898871286833,-0.3533434518931733,-0.35110926282583277,-0.3505005798419947,-0.3514149986311832,-0.3537680874797777,-0.35748927318542956,-0.36251880178157503,-0.3688054607011715,-0.3763050891817499,-0.3849788678779942,-0.39479261721032666,-0.40571587776725426,-0.4177212860086543,-0.4307840372745009,-0.4448814230284759,-0.4599927250267477,-0.4760984269408297,-0.49318045850782477,-0.5112217865598234,-0.5302061690686588,-0.5501181504810382,-0.5709428609404044,-0.5926658451623101,-0.6152730372680826,-0.6387506916942454,-0.6630851730508591,-0.6882628130396751,-0.7142702186090366,-0.7410937510543669,-0.7687197242304267,-0.7971341981810598,-0.8263229754433277,-0.8562715033001322,-0.8869648139483877,-0.9183874437709294,-0.9505233549460534,-0.9833558558386746,-1.0168675112135594,-1.0510401120701784,-1.0858544807711645,-1.1212903657006779,-1.1573265607076277,-1.1939405000477132,-1.2311081728159645,-1.2688043530284354,-1.307001992426693,-1.345672166079065,-1.3847843821172434,-1.424305768628481,-1.464201064246412,-1.5044329824290936,-1.5449611832992372,-1.5857423250869196,-1.6267304551488282,-1.6678757686605261,-1.7091247322725767,-1.7504204659198885,-1.7917013212925603,-1.8329010760141318,-1.873949255672766,-1.9147696309511935,-1.9552804462875273,-1.9953946159030955,-2.035018427899776,-2.074051475524724,-2.1123867181547156,-2.1499100768836445,-2.1864997834237245,-2.2220264792107,-2.256352713932732,-2.2893331589894443,-2.320814737700712,-2.350635628196448,-2.37862754605507,-2.404613372591122,-2.4284104969957103,-2.4498298608060396,-2.4686762561006823,-2.4847536558077365,-2.4978620482479537,-2.5078016456805963,-2.5143746398646636,-2.51738987614899,-2.5166627449331234,-2.5120212839147116,-2.5033082112966007,-2.498951674987546
-0.4465212749489966,-0.4218903061948276,-0.4021663071030801,-0.38630263653067765,-0.37360901301654037,-0.3636056546328703,-0.35594686413640275,-0.3503745797889146,-0.3466911529675598,-0.34474173474599024,-0.3444028254327658,-0.34557391351570654,-0.34817211785528324,-0.35212815381093776,-0.3573833530560955,-0.3638874298534489,-0.3715970201889629,-0.3804740043193422,-0.3904848185046106,-0.4015995529647265,-0.4137913394503756,-0.4270358244082728,-0.4413107149391027,-0.4565956749327138,-0.47287155147851534,-0.4901206143668513,-0.5083261547671136,-0.5274722437846435,-0.5475437278604445,-0.5685260316940832,-0.5904049902339281,-0.6131668239590105,-0.6367980710563326,-0.6612853810837205,-0.6866153745184178,-0.7127749452474852,-0.7397507491898714,-0.7675293988465448,-0.796097260704598,-0.8254404515638081,-0.855544742562675,-0.8863955003517221,-0.9179776078385937,-0.9502753870654135,-0.9832725209879434,-1.0169519651226255,-1.0512959182454984,-1.0862856299778678,-1.1219012970343445,-1.1581221821186483,-1.1949262130884097,-1.232289898728206,-1.2701885576816063,-1.3085957162507267,-1.3474830550698313,-1.386820718144488,-1.4265765038598943,-1.466715856630596,-1.5072022320682832,-1.5479960695090833,-1.589054845196164,-1.630333467078865,-1.6717830266602396,-1.7133509265710167,-1.7549812705729362,-1.7966134211037266,-1.838182202444666,-1.879618236988534,-1.9208463973076821,-1.9617860540139642,-2.0023512935203907,-2.0424495479485523,-2.081981538968827,-2.1208413600410454,-2.1589160095026094,-2.1960847658141156,-2.232219182582201,-2.267182638186231,-2.300830484475181,-2.333010105126438,-2.3635599692060265,-2.392311718558221,-2.419087905813137,-2.443705142871749,-2.465973144287864,-2.485694994296206,-2.5026722790323808,-2.516701984073677,-2.52758059871315,-2.5351057816521916,-2.5390809803437606,-2.5393153124730006,-2.5356296376240315,-2.527858576412423,-2.523973045806613
-0.4367672989004645,-0.4127222859139801,-0.39350545747267596,-0.3780907825382318,-0.36580146910558664,-0.3561670410805351,-0.3488484555144833,-0.3435925811669849,-0.3402055177844421,-0.338535331882861,-0.338460832554377,-0.3398833750426933,-0.3427216080875817,-0.3469075189227122,-0.35238351119862843,-0.35910021464293784,-0.36701505245438915,-0.3760905962495342,-0.3862938909659386,-0.39759557009383384,-0.40996925492708947,-0.42339103772737197,-0.43783903626248843,-0.45329329187928646,-0.4697350104774789,-0.4871467974361998,-0.5055122638263243,-0.5248157894169991,-0.545042518140515,-0.566178164664477,-0.5882088494559845,-0.6111210745075923,-0.634901656764808,-0.6595375255480596,-0.6850155846947148,-0.7113230094673906,-0.7384467445693876,-0.7663736950899169,-0.795090527631559,-0.8245836666687101,-0.854839200324109,-0.8858428225468562,-0.9175797553123588,-0.9500346727686404,-0.9831916243919325,-1.0170339480688462,-1.0515442416259235,-1.0867041729265448,-1.1224943777150331,-1.1588945778556625,-1.1958831848902007,-1.2334372171502461,-1.2715325273567502,-1.3101432057425477,-1.3492415277815695,-1.388798262241664,-1.4287818668968721,-1.4691584811743208,-1.5098922917764157,-1.5509445068946692,-1.5922734109697023,-1.6338347626488947,-1.6755805414075287,-1.71745907868871,-1.7594154552594832,-1.8013900403367422,-1.843318703067598,-1.8851331619667344,-1.926759395620542,-1.9681179085700495,-2.009123969556581,-2.049686171895204,-2.0897063893688173,-2.1290798786379295,-2.16769475269004,-2.205431382288238,-2.2421622904152962,-2.2777517517821804,-2.312055878422005,-2.344922608301402,-2.376190809351919,-2.405692173524246,-2.4332490653976873,-2.4586774759476695,-2.4817860668371634,-2.5023764062140503,-2.520247896576283,-2.535194740516142,-2.547009933456823,-2.555486838293586,-2.5604237397704233,-2.561623716681083,-2.558900668779618,-2.5520813182247246,-2.548671642947284
-0.427233254148629,-0.40376433694891967,-0.385046040285586,-0.3700725928968418,-0.35818046756298516,-0.348908342283083,-0.3419237223482363,-0.33697833028752955,-0.3338819573444507,-0.3324855424046258,-0.3326701701744983,-0.3343390365756371,-0.3374122994563855,-0.3418232011344391,-0.3475152034561724,-0.35443984012238916,-0.3625553118781766,-0.3718248733284413,-0.38221617080062,-0.3937003745745016,-0.4062515896281038,-0.41984634864392634,-0.4344631749953032,-0.45008248272822016,-0.46668583187610135,-0.4842561588852101,-0.5027773902471666,-0.5222342098926025,-0.5426120547223023,-0.5638969247760861,-0.5860752213307618,-0.609133723065225,-0.6330595207209466,-0.6578398182367162,-0.6834617974472823,-0.7099129094913281,-0.7371803820920064,-0.7652514069534155,-0.7941129445606876,-0.8237517205781364,-0.8541541333535796,-0.8853061970993226,-0.9171934655276326,-0.9498009572661448,-0.9831130803770627,-1.017113546873416,-1.0517853450484504,-1.0871105521290558,-1.1230702337203469,-1.1596445612879758,-1.19681242025943,-1.2345513284732434,-1.2728376622781035,-1.31164606527584,-1.350949397089568,-1.390719040162619,-1.430924100716463,-1.471531402335824,-1.512505851638618,-1.5538094151082704,-1.5954011752773667,-1.6372377312571407,-1.6792719416583057,-1.7214530589612809,-1.763727133423798,-1.80603553617531,-1.848315178359644,-1.8904988727151073,-1.932513706473532,-1.974281324124344,-2.015718184926549,-2.0567340582810343,-2.097231991161544,-2.137108429628423,-2.1762526354800804,-2.2145461136931885,-2.2518624098549322,-2.2880667582732257,-2.323016106206832,-2.3565590348998193,-2.3885349137425615,-2.4187756033597374,-2.4471034153110796,-2.473333870714133,-2.497274747314003,-2.5187262840629137,-2.5374858992966987,-2.5533452293732912,-2.5660940032606105,-2.5755215252509096,-2.581421154736743,-2.5835901697483896,-2.581835735553056,-2.575976884876796,-2.5730474595386688
-0.4179141411871923,-0.39501153336595207,-0.3767831972969704,-0.36224327494081,-0.3507412814021782,-0.34182489836971364,-0.3351680741288665,-0.33052730873617264,-0.32771602833657765,-0.32658800125112686,-0.32702655467686803,-0.3289366991192977,-0.3322400807070691,-0.33687117996722415,-0.34277450305914003,-0.3499024760542313,-0.35821406746225914,-0.36767320639040646,-0.37824813315674444,-0.38991054824385474,-0.4026350343558138,-0.4163985591117747,-0.43118004634836726,-0.44696027798214466,-0.46372116344481906,-0.48144596567982756,-0.500118922082271,-0.5197250162176092,-0.5402499734190269,-0.5616800745020356,-0.5840019968547105,-0.607202791037531,-0.6312698166592856,-0.6561905471780594,-0.681952437119393,-0.7085432080653487,-0.7359503650717136,-0.7641613805711378,-0.7931635027949469,-0.8229437522179639,-0.853488830767668,-0.8847850660049228,-0.9168183361760396,-0.9495739968948258,-0.9830368070123829,-1.0171908445648192,-1.0520194798724347,-1.0875051907886957,-1.123629463746434,-1.1603729103935811,-1.197714880370837,-1.2356333810941589,-1.2741053022000903,-1.3131058301780407,-1.3526083981604153,-1.3925849912206745,-1.4330053530747566,-1.4738369805484985,-1.5150454889153953,-1.5565935922156937,-1.5984411607180504,-1.6405456234676208,-1.682860708943823,-1.7253365823411082,-1.7679202552659978,-1.8105540950703658,-1.853176051032751,-1.8957200270942831,-1.9381142203731494,-1.980281419702934,-2.0221392812270533,-2.0635987631744346,-2.104564104316958,-2.1449329635455983,-2.1845957825368743,-2.2234352389106813,-2.2613259502627674,-2.298134169542834,-2.33371774972725,-2.3679259995025217,-2.4005988870849704,-2.431568555125121,-2.4606573916240357,-2.487680593577197,-2.512445218565014,-2.534750358200863,-2.5543916421793074,-2.571158354000602,-2.584837181443142,-2.595213606766697,-2.602076302850964,-2.605216988604697,-2.604436326347792,-2.599545877365644,-2.5971006528745706
-0.40880507596510185,-0.38645906977439193,-0.36871219524814425,-0.3545981648325425,-0.3434793157425453,-0.3349121843213565,-0.32857705744182564,-0.3242351369573959,-0.32170342761894677,-0.32083848440902507,-0.32152584395740424,-0.3236723052628121,-0.32720098186675983,-0.3320475755633434,-0.3381576228570826,-0.3454844304923488,-0.35398772486129326,-0.3636321009870658,-0.37438638568088045,-0.3862228029479331,-0.3991164071735609,-0.41304459535033144,-0.4279866865661286,-0.4439238257188838,-0.46083826685322515,-0.4787135948003951,-0.4975343533132115,-0.5172858210476305,-0.5379540072272704,-0.5595254688514517,-0.5819871547372513,-0.6053263825491095,-0.6295307758727442,-0.6545880726349762,-0.6804859948051023,-0.707212529045298,-0.7347554521363264,-0.7631025114418932,-0.7922412369013809,-0.8221589375272065,-0.8528426122959676,-0.8842788953243641,-0.9164539823185436,-0.9493535585193058,-0.982962725908243,-1.017265920582866,-1.0522468865971302,-1.087888493837963,-1.124172640672838,-1.1610803696562533,-1.1985914851013302,-1.2366844741896088,-1.2753367296235552,-1.3145239703895584,-1.3542201925533348,-1.3943979728294142,-1.4350276814825147,-1.4760774776241992,-1.5175136738641348,-1.5592997209236847,-1.6013962662373704,-1.6437615579989961,-1.6863501849077756,-1.729113216055811,-1.7719986156898404,-1.8149497409409132,-1.8579055744461226,-1.900801107293465,-1.9435656464348472,-1.9861231279273084,-2.028392409460672,-2.070285648809764,-2.111708292815151,-2.15255923400548,-2.192730122056705,-2.232104842337504,-2.2705591301832833,-2.3079603121635315,-2.344167213059864,-2.379029948467734,-2.4123891776871313,-2.444077433598739,-2.4739173045821587,-2.501723803898418,-2.527303427419847,-2.5504542961026666,-2.5709704423218405,-2.588639006391766,-2.603243857588114,-2.6145668915307008,-2.6223923342526545,-2.626506589940547,-2.6267040548659915,-2.6227890449266154,-2.6208315399569275
-0.39990128714036954,-0.3781022581523019,-0.36082842230170664,-0.3471327236402755,-0.3363901035609129,-0.32816580542541773,-0.3221463511528522,-0.3180975691995158,-0.3158399869493511,-0.3152329034539658,-0.3161640318032788,-0.31854193342051307,-0.32229116837069194,-0.3273486427219363,-0.3336609092866816,-0.3411821437044882,-0.3498728202813717,-0.3596981912833641,-0.3706276624319327,-0.3826339744934293,-0.3956926474143252,-0.40978150192906293,-0.4248802471050639,-0.4409703858809233,-0.4580345120879792,-0.47605652780426944,-0.49502127857335987,-0.5149143335869022,-0.535721981416537,-0.5574310506640923,-0.5800287569144302,-0.6035026801896493,-0.627840703203919,-0.653030823354317,-0.6790610248689544,-0.705919554198553,-0.7335944543227058,-0.7620737418290502,-0.7913452224261874,-0.8213964874988489,-0.8522148266577156,-0.883787173905004,-0.9161000354620308,-0.9491394189718116,-0.9828907620278104,-1.0173388509697734,-1.0524677954394712,-1.0882608489102386,-1.1247003129333244,-1.1617676518413722,-1.199443115214871,-1.237705660313393,-1.276533172807992,-1.3159018938917133,-1.3557863720634167,-1.396159764759053,-1.4369930578706114,-1.4782550618217483,-1.5199127752023533,-1.56193037442664,-1.6042692733440833,-1.6468885282933887,-1.6897435782069092,-1.73278638681571,-1.7759658617883811,-1.8192263429041566,-1.8625078405423712,-1.9057464279289227,-1.9488725205945912,-1.9918112032840607,-2.0344825383028926,-2.076799891785133,-2.1186699327027574,-2.159992805544647,-2.2006613933047063,-2.240560821035145,-2.2795679840176746,-2.3175513335053286,-2.3543707279141306,-2.3898771646447887,-2.4239120813516757,-2.456308504280381,-2.486889340662126,-2.515469555063618,-2.5418552347539856,-2.565843701424103,-2.587227577036752,-2.6057920643902137,-2.621318433971029,-2.633585228466098,-2.642372466938825,-2.647461485288499,-2.6486406551888053,-2.6457072803772186,-2.644240592971425
-0.391198113401825,-0.36993652476601246,-0.35312738459370996,-0.3398425335555455,-0.3294693016040351,-0.32158149291210414,-0.31587176179543874,-0.3121104886793735,-0.3101216679527119,-0.3097673003452317,-0.3109372425390555,-0.31354179235283386,-0.3175069354808491,-0.3227707652373346,-0.3292808366514466,-0.3369921824141975,-0.3458660147045878,-0.3558682342843511,-0.3669688181292763,-0.37914101693578006,-0.39236081002655965,-0.4066064361885724,-0.4218579891464458,-0.43809732489650255,-0.45530737219757755,-0.47347234570939145,-0.4925773881850781,-0.5126083547928206,-0.5335518089151781,-0.5553948461908265,-0.5781249443364445,-0.601729941021012,-0.6261979732838596,-0.651517293048709,-0.6776761416820931,-0.7046630202054316,-0.7324662323539233,-0.761074058323663,-0.7904745737538854,-0.8206556463443704,-0.8516048500409323,-0.8833094121837526,-0.9157561426940686,-0.9489313645274944,-0.9828208435103791,-1.0174097085490663,-1.0526824268754287,-1.0886226272494803,-1.125213005800263,-1.1624354396593262,-1.200270614409682,-1.2386979478304472,-1.277695808594781,-1.317240949920373,-1.3573084623254572,-1.3978720731287808,-1.4389033729677703,-1.4803718126046306,-1.522245065237865,-1.5644880218997181,-1.607062851953378,-1.6499294086944782,-1.6930439710049483,-1.7363593876013272,-1.7798254998984409,-1.8233876225661416,-1.8669867873391588,-1.9105601436959718,-1.95403921337573,-1.99735022995573,-2.0404144619400544,-2.0831464908451753,-2.1254542197530424,-2.1672390610846333,-2.2083951538059283,-2.2488088915656483,-2.288358368419943,-2.32691320760581,-2.3643343588903782,-2.4004737719366487,-2.435173745164248,-2.4682678963352918,-2.499579564612728,-2.5289237955779,-2.5561064156145687,-2.5809241131597034,-2.6031682820696207,-2.6226223890290985,-2.6390653221162435,-2.6522725026360687,-2.662019982188532,-2.6680842761695853,-2.6702479768776763,-2.6683016154301074,-2.667328434706326
-0.38269100085857044,-0.36195740717942515,-0.3456047028983611,-0.33272329424439695,-0.32271268645553963,-0.3151550997640973,-0.30974921914953546,-0.3062699029552918,-0.30454455731249164,-0.3044378424594263,-0.30584172592527104,-0.3086682159518572,-0.3128447029798864,-0.3183104505224965,-0.32501400169452355,-0.33291123434296965,-0.3419640884191888,-0.3521391043720734,-0.363406822714174,-0.3757409971819836,-0.38911806023532725,-0.40351666297585576,-0.41891727842167104,-0.43530211060963664,-0.45265441834149156,-0.4709587241768065,-0.4902004634889767,-0.5103657728648736,-0.5314414859717731,-0.553414960939258,-0.5762739330096855,-0.6000064928268434,-0.6246010270002378,-0.6500460370939765,-0.6763300165592789,-0.7034417158457429,-0.7313696940851822,-0.7601024895591224,-0.7896284420996658,-0.8199356897729548,-0.8510120846768388,-0.8828451410648697,-0.915421965872365,-0.9487291904127004,-0.9827529015060121,-1.0174785630932548,-1.0528909921471374,-1.0889741845631074,-1.125711222588166,-1.1630843873251306,-1.2010747912373998,-1.239662303199307,-1.2788257650550583,-1.3185424319807515,-1.358787926195637,-1.399536534154333,-1.440760440410871,-1.4824297251098795,-1.524512724689675,-1.5669750336628763,-1.6097795658829905,-1.6528869602616514,-1.696254325087776,-1.7398353840591074,-1.783580902252635,-1.82743716090209,-1.871346206004959,-1.9152462566031092,-1.9590699372391551,-2.0027446292396833,-2.046192807504071,-2.0893302742733875,-2.1320661767523394,-2.1743032090437486,-2.215936786209277,-2.2568545965298004,-2.2969359684286927,-2.336051740812829,-2.3740640085502402,-2.4108257397169486,-2.4461801711797273,-2.4799616054796547,-2.5119939214799034,-2.5420923701846068,-2.5700626594060134,-2.5957010048902274,-2.618797749929823,-2.63913482199718,-2.656488939483173,-2.6706326312714883,-2.681338220088944,-2.6883776493098672,-2.691527980104422,-2.690573215984582,-2.690095833924659
-0.37437550049433943,-0.35416055135100155,-0.3382561094009029,-0.32577081932647634,-0.3161161507495347,-0.3088825966913178,-0.30377477200241865,-0.30057193949805106,-0.29910486217494814,-0.299240817850166,-0.3008738522952248,-0.30391765827632033,-0.3083010101247119,-0.3139643245003265,-0.32085711844731524,-0.32893610303407206,-0.3381639358367883,-0.3485077881329901,-0.3599387562040035,-0.37243108988800344,-0.38596166849819147,-0.40050954967358887,-0.41605558032919987,-0.4325823074985746,-0.45007331512392224,-0.4685134289720505,-0.48788837244551075,-0.5081845589987033,-0.5293890880727847,-0.5514895757667282,-0.574474010275472,-0.598330730587604,-0.6230483681788912,-0.6486156694269885,-0.6750213748825673,-0.7022544793575003,-0.7303037921064459,-0.7591581040663931,-0.7888060136258312,-0.8192359233768709,-0.8504359575025489,-0.8823939108674406,-0.915097180864255,-0.9485327003437294,-0.982686870020355,-1.0175454814810414,-1.0530936937387603,-1.0893158618217158,-1.1261954457829404,-1.163715122021225,-1.2018564209039906,-1.2405996531138053,-1.279924123975018,-1.3198075806775011,-1.3602261669269367,-1.4011547176677852,-1.442566000607215,-1.4844307143483837,-1.526717847220982,-1.569393686038828,-1.6124218780260213,-1.6557638362450722,-1.699377487625392,-1.7432174205315676,-1.787235313255725,-1.831378404752887,-1.8755897475460082,-1.9198086228146838,-1.9639687535427164,-2.0079986665803293,-2.051822042128043,-2.095355906916679,-2.1385106604340813,-2.181190290115864,-2.223291504841612,-2.2647033108228243,-2.305306303347418,-2.344972577210122,-2.3835654223073792,-2.420938887106923,-2.4569372200094417,-2.491395496808561,-2.5241382386149507,-2.554981021006044,-2.583729570132289,-2.6101797841163425,-2.634121128330219,-2.6553341832279975,-2.673593706280307,-2.68866955992024,-2.700330575165355,-2.7083443719321894,-2.7124827308170145,-2.712523377405507,-2.712543700699753
-0.3662472656851934,-0.34654170881466273,-0.3310774445745457,-0.3189810329775722,-0.30967569952546903,-0.30276006826337465,-0.2979445840827877,-0.2950128414497377,-0.29379890575477186,-0.294172630721945,-0.2960301079174221,-0.2992866888223533,-0.30387251084454947,-0.3097291267480484,-0.31680701333732797,-0.32506370294164144,-0.33446256057892976,-0.34497137945832534,-0.3565618038218421,-0.3692085726322625,-0.3828890057369527,-0.39758256150426163,-0.41327045532408846,-0.42993557216391975,-0.44756181619234336,-0.4661343116865724,-0.4856390654905396,-0.5060627633869164,-0.5273927660994104,-0.5496169432031683,-0.5727235313090939,-0.5967011131655986,-0.6215385604638191,-0.6472248596298136,-0.6737489933983154,-0.7011001959553398,-0.7292675214905064,-0.7582400082598584,-0.7880065076728671,-0.8185556811158734,-0.8498759189055627,-0.8819552903373329,-0.9147814768329487,-0.9483417060940691,-0.9826226857690079,-1.017610527844981,-1.0532907258228197,-1.0896479860099784,-1.1266661381015841,-1.164328245270807,-1.202616246960242,-1.2415108865142521,-1.280991923189867,-1.3210375863732748,-1.3616245311529496,-1.4027281304258676,-1.444321724365405,-1.486376619155505,-1.528862443704282,-1.571746165925797,-1.6149921552224444,-1.6585625872446552,-1.7024161966042672,-1.7465084257461405,-1.7907918554097402,-1.8352146729628371,-1.8797209291289085,-1.9242509591267165,-1.9687395791340434,-2.0131164582379344,-2.0573064796452267,-2.1012278968635054,-2.1447923680802394,-2.18790518373424,-2.230464361968451,-2.272360247621821,-2.313474732385401,-2.353681203835642,-2.392844193145946,-2.4308188871174403,-2.4674506143123303,-2.5025753075674464,-2.5360182276651786,-2.5675953887038223,-2.5971126666927957,-2.6243657916750958,-2.6491435187323846,-2.6712252686095477,-2.6903840424055914,-2.7063872587181654,-2.719000492117396,-2.727987287127412,-2.7331143959478026,-2.7341535197986375,-2.734673081724055
-0.3583020497795131,-0.33909673394237894,-0.32406465415759644,-0.31234996664952774,-0.30338744671717377,-0.2967837091920722,-0.29225493015995196,-0.2895889635614268,-0.2886231231322478,-0.2892297971066937,-0.2913070905712689,-0.2947719880169841,-0.29955596917017324,-0.30560170587924373,-0.31286062054037833,-0.3212910547686132,-0.3308570708167813,-0.3415270749002275,-0.3532732513835124,-0.36607082134763047,-0.37989753882801125,-0.39473325709125096,-0.4105595545627283,-0.42735964906844837,-0.44511776008421267,-0.4638193057020179,-0.4834505716280413,-0.503998511449999,-0.5254507427069233,-0.5477953839883365,-0.5710209158241941,-0.595116160184983,-0.6200702243818745,-0.6458723301872693,-0.6725116976756706,-0.6999777954976971,-0.7282599176764992,-0.7573473445444234,-0.7872291750977478,-0.8178943238931757,-0.8493314415445763,-0.8815288657192721,-0.914474555567335,-0.9481560270878764,-0.9825602880406459,-1.0176737637100364,-1.0534822746796957,-1.0899708708315248,-1.127123743487668,-1.1649243342279347,-1.2033549828900814,-1.2423968564771126,-1.2820301587774363,-1.3222335916878603,-1.362984311693094,-1.404258219221377,-1.4460292163115285,-1.4882692059089986,-1.5309484462367906,-1.574034575104588,-1.6174926728496908,-1.6612856660739361,-1.7053730859519112,-1.7497112181851016,-1.7942535349106836,-1.8389491621814302,-1.883743140062183,-1.928576849098762,-1.9733861925990859,-2.0181019776160047,-2.062650286952311,-2.106950601795493,-2.150915843808787,-2.194452614237499,-2.2374602537765105,-2.2798304641184486,-2.3214464600706086,-2.3621829557019023,-2.4019057661739174,-2.4404712706610474,-2.4777259421929725,-2.513506649867963,-2.5476394865463456,-2.5799410136568426,-2.6102173832289033,-2.638264301235698,-2.6638699749941,-2.6868128478118436,-2.7068643645114214,-2.723789718781727,-2.73735146166324,-2.7473093093092205,-2.753425238670398,-2.7554651832903843,-2.7564851556003798
-0.3505357037371315,-0.3318215812854963,-0.3172137862270663,-0.30587375590364063,-0.2972476117708678,-0.29094982075772435,-0.2867021923001034,-0.2842967683004627,-0.2835740572316392,-0.2844089407326389,-0.2867015053244715,-0.2903703429216864,-0.29534825488097827,-0.3015790151507547,-0.3090149775627049,-0.3176152810395738,-0.32734467484881735,-0.3381721692685469,-0.35007048092692283,-0.3630153059960284,-0.37698482633459207,-0.39195928426111193,-0.40792061578603933,-0.42485236651256253,-0.44273906630513116,-0.46156642238130985,-0.48132099474373913,-0.5019900002824484,-0.5235613089118685,-0.5460232838090384,-0.5693646449682954,-0.5935744490941364,-0.6186420345795529,-0.6445568539058089,-0.6713083597150837,-0.6988862502922522,-0.7272800544792624,-0.7564792895357608,-0.7864732967113208,-0.8172512382167985,-0.8488020192409795,-0.8811142398846172,-0.9141761308519181,-0.9479754900179271,-0.9824996185686552,-1.0177352481237967,-1.0536685190915773,-1.0902848173717672,-1.1275686880469316,-1.1655039428900338,-1.2040733136038373,-1.243258381991763,-1.283039787121043,-1.3233966938487995,-1.364306750192068,-1.4057463738113007,-1.4476900181048524,-1.490110172030068,-1.5329777119233112,-1.5762609342977352,-1.6199256191509859,-1.6639354323485567,-1.7082506903739914,-1.7528285111571729,-1.7976232469380238,-1.8425849523506455,-1.8876596474579677,-1.932789748862901,-1.9779122401873794,-2.022959061267493,-2.0678574900565794,-2.1125282350310193,-2.1568854845646466,-2.200837156753793,-2.2442839260925913,-2.2871188670095104,-2.329226541445389,-2.370483020627154,-2.410755443018078,-2.4499014304388265,-2.4877686605092557,-2.524195013349295,-2.5590075013962306,-2.592023337154992,-2.6230490695183075,-2.651880518871345,-2.6783055021157396,-2.702101662229406,-2.7230390831925297,-2.7408809487219674,-2.755387016493474,-2.7663134197562083,-2.7734176137111684,-2.776460023320118,-2.777981228124593
-0.34294417382769726,-0.32471230299202514,-0.3105209883650928,-0.2995486373522871,-0.2912525163864754,-0.28525480737202624,-0.28128285627238014,-0.27913282211949886,-0.27864835497218854,-0.2797067890753513,-0.28221016050161696,-0.2860786431353901,-0.2912463393579534,-0.29765810828119577,-0.30526722103983994,-0.3140336018941259,-0.323922676902455,-0.3349040514536106,-0.34695096656846003,-0.360039586470684,-0.3741485144663437,-0.38925837607128866,-0.40535145942625084,-0.4224116328302441,-0.44042373162366255,-0.45937374747191395,-0.47924851012586256,-0.5000354952993336,-0.5217228208731939,-0.5442990902227773,-0.567753258396797,-0.5920746123974863,-0.6172527172200959,-0.643277251482921,-0.6701378956968873,-0.697824573030259,-0.7263270422160351,-0.7556350523854172,-0.785738181808393,-0.816625834940421,-0.8482871659363345,-0.8807110315110944,-0.9138859278744138,-0.947799928486448,-0.9824406214101744,-1.017795037778979,-1.0538496307130996,-1.0905901147208907,-1.128001380927246,-1.1660676032384854,-1.2047718968427712,-1.2440962496321761,-1.284021726850526,-1.3245279469037419,-1.3655930396045846,-1.4071939296741331,-1.4493056114669889,-1.4919011492824708,-1.5349520264418937,-1.5784271869972777,-1.6222930993189166,-1.6665141568172892,-1.7110514499225293,-1.7558629175902563,-1.8009037806564154,-1.8461250118974315,-1.8914736015937628,-1.9368929926296852,-1.9823212414334601,-2.0276914145987255,-2.0729319798252765,-2.1179648712782937,-2.1627055458302458,-2.2070632428181356,-2.2509399798523786,-2.2942302177574034,-2.3368198870552166,-2.3785864438857414,-2.4193983860670896,-2.45911462470656,-2.4975840980923647,-2.5346457677858285,-2.5701276485087727,-2.6038477026066933,-2.6356129914144377,-2.665219582703759,-2.69245505508225,-2.7170964230358763,-2.738912600294806,-2.757664971279261,-2.773110727335762,-2.78500266224454,-2.793093962720772,-2.7971398059525474,-2.7991627275684383
-0.33552349938559267,-0.31776504629794644,-0.3039825049147127,-0.2933709457049294,-0.2853985813766835,-0.2796951732721098,-0.27599350809760503,-0.274093791879193,-0.2738427635827545,-0.27512016958146646,-0.27782996383373115,-0.28189387688527523,-0.28724729163117635,-0.29383613546944964,-0.3016145827400285,-0.3105433310882755,-0.32058847314624384,-0.33172020046147166,-0.3439122705730324,-0.35714130871193905,-0.3713863332518663,-0.3866283470495335,-0.40284998492312596,-0.4200354327913436,-0.4381698265690459,-0.4572394377073352,-0.4772313611788537,-0.49813332707058233,-0.5199336968545465,-0.5426213097555754,-0.5661853515136483,-0.5906153350458521,-0.6159010475301319,-0.6420323892168622,-0.6689992638602038,-0.6967918148410024,-0.7254000259421467,-0.7548138732041187,-0.7850231667838714,-0.8160175480780851,-0.847786414711027,-0.8803188743109036,-0.9136036826682514,-0.9476291826670202,-0.982383242832352,-1.0178531871287477,-1.0540257744199644,-1.0908870405604065,-1.1284222151466516,-1.1666158263120896,-1.2054513645012088,-1.2449112151306174,-1.2849768606700618,-1.3256283638041655,-1.3668443265359653,-1.4086021706078422,-1.4508774210369002,-1.4936437068827968,-1.5368731074070552,-1.580535203076483,-1.6245971393501923,-1.669024025452459,-1.7137777143126143,-1.7588169545628918,-1.80409782394782,-1.8495722026498018,-1.8951880409926847,-1.9408897979094564,-1.986616594492413,-2.0323026172888667,-2.077877517454152,-2.1232644521140873,-2.168380147071208,-2.2131351657370844,-2.257432876331894,-2.301169137631734,-2.3442312677400934,-2.3864981326856105,-2.4278396225688255,-2.468115980924601,-2.507177458881718,-2.5448641656421604,-2.5810051962482654,-2.615419356758581,-2.647914331328254,-2.6782865626173344,-2.706323537797456,-2.731801809347857,-2.7544893063429874,-2.774145820078197,-2.79052619913141,-2.8033801387740893,-2.8124568097108256,-2.817506403217282,-2.8200311999705114
-0.3282698106199522,-0.31097605108958426,-0.29759467432193265,-0.28733711091406544,-0.2796823236391299,-0.2742675193392441,-0.2708308307330487,-0.26917644141700725,-0.26915412707196884,-0.2706460060567073,-0.2735579187791992,-0.2778131272959228,-0.2833482746111837,-0.29011033960187893,-0.298054385760238,-0.30714187219195166,-0.3173395479005636,-0.3286181816491762,-0.3409520396247312,-0.35431820102398426,-0.3686960929111027,-0.38406708963187874,-0.4004141672363737,-0.41772182419748116,-0.43597549211852327,-0.45516171759444335,-0.4752678563182844,-0.496281888330552,-0.5181924143559558,-0.5409885051626095,-0.5646595728674875,-0.589195351974503,-0.6145858474861043,-0.6408211768471284,-0.6678914625035892,-0.6957870634581087,-0.7244981837889797,-0.7540150215761265,-0.7843276138293054,-0.8154258336879217,-0.8472993168602727,-0.8799374163037221,-0.9133291415876155,-0.9474630989863453,-0.9823274312052988,-1.017909748495105,-1.054197108637378,-1.0911758617151768,-1.128831568373223,-1.1671491032179682,-1.206112323871955,-1.2457040048601153,-1.2859060370801423,-1.326698918368674,-1.3680617134482764,-1.409972331179421,-1.4524068170632676,-1.495339354434877,-1.5387426075434196,-1.5825867821997242,-1.6268396896864323,-1.6714671433151862,-1.7164317470036883,-1.7616930475909953,-1.8072079678910502,-1.8529292844936762,-1.8988058972393973,-1.9447832704659385,-1.9908015812066249,-2.036796128441354,-2.0826977396712576,-2.1284307912034506,-2.1739132769313274,-2.2190570857139935,-2.263766942153733,-2.307940112542775,-2.351465319237805,-2.3942228604804603,-2.4360840485878303,-2.476910499295615,-2.5165538249773163,-2.5548553445763664,-2.5916453069431133,-2.6267434509256242,-2.659958188749889,-2.6910864600397173,-2.7199158021074346,-2.7462224664950283,-2.7697735780851342,-2.7903275365015645,-2.807637067324366,-2.821449005390811,-2.8315087565604387,-2.837561788482451,-2.84058830444346
-0.3211793264791263,-0.3043416475348337,-0.2913539265605558,-0.2814436554171129,-0.27410035323657267,-0.26896854003733983,-0.26579160088715525,-0.2643776282555521,-0.26457938284630833,-0.2662813152092047,-0.2693911210075117,-0.27383356882708654,-0.2795465414942355,-0.2864780526379729,-0.2945840409043332,-0.3038267149711449,-0.3141734700351062,-0.3255956431482132,-0.3380680012864401,-0.3515680705800883,-0.3660756804158227,-0.3815725707869366,-0.3980420535424023,-0.4154689346591911,-0.43383893656303574,-0.4531388763745703,-0.4733563660347384,-0.4944796311518007,-0.5164975074039124,-0.5393992928409141,-0.5631746216930966,-0.5878134457794837,-0.6133059836309185,-0.6396425655172289,-0.6668135280993526,-0.694809441490607,-0.7236207253965676,-0.7532377951589564,-0.7836509097042588,-0.8148501688201248,-0.8468254410233689,-0.8795663191318637,-0.9130620608129636,-0.947301529824307,-0.9822731369012239,-1.017964772171187,-1.0543637856493038,-1.0914568346737874,-1.1292298036596815,-1.1676679060842132,-1.2067553588197,-1.2464753172317544,-1.2868100720009434,-1.3277405471344927,-1.3692462607410083,-1.4113055990354506,-1.4538951179452475,-1.4969895446993786,-1.540562117682709,-1.5845836570434146,-1.6290226286548526,-1.6738455382098505,-1.7190157290602914,-1.7644935346853075,-1.8102367110041706,-1.8561989197862117,-1.9023299995476473,-1.9485764090183544,-1.994879371919378,-2.041175291482705,-2.0873961636907965,-2.133467579274617,-2.179308798190432,-2.2248330347473586,-2.2699463740793013,-2.314547497676794,-2.3585265466077088,-2.4017652711237623,-2.4441364328284783,-2.485503056194105,-2.5257181596120057,-2.564624329892462,-2.60205303875872,-2.6378250422301033,-2.6717495808076044,-2.7036242077858135,-2.7332366469097744,-2.7603630043936223,-2.7847697761515535,-2.8062141666824054,-2.8244469942633215,-2.839212468107477,-2.850252478596904,-2.8573080318687243,-2.860835808504636
-0.3142483525671591,-0.2978582537813801,-0.28525678063723303,-0.2756871914707415,-0.2686493705810866,-0.2637950204650852,-0.2608726859579025,-0.25969430044324726,-0.26011555846893186,-0.2620232033408332,-0.2653267550368543,-0.2699524638711259,-0.2758394323321367,-0.28293669216438166,-0.29120104323292484,-0.3005954319446613,-0.31108788954269384,-0.32265031246523357,-0.3352579606370698,-0.3488888001054513,-0.3635230562265779,-0.3791428288151377,-0.395731760103879,-0.4132749585432527,-0.4317584325393975,-0.4511692651477994,-0.47149532011656614,-0.4927250642726144,-0.5148475639896621,-0.5378523403845259,-0.5617292455890044,-0.5864684445230806,-0.6120603650126455,-0.6384955458518027,-0.665764533513713,-0.6938581047914116,-0.7227668904352669,-0.7524815183626021,-0.7829924645776698,-0.8142900505249018,-0.8463643723626069,-0.8792052574144837,-0.9128022058846108,-0.94714433323142,-0.9822203121993112,-1.018018306517643,-1.054525951890073,-1.0917302060788225,-1.1296172701362517,-1.1681726889580801,-1.207381030887844,-1.24722582401251,-1.2876897503036777,-1.3287541511039724,-1.3703989887145496,-1.4126031170831777,-1.455343592631142,-1.498595676209702,-1.5423331695951004,-1.5865274963402176,-1.63114776572153,-1.6761611641412433,-1.7215317628059945,-1.7672206701936477,-1.8131864632644823,-1.859383677540577,-1.9057630790943636,-1.9522721097066098,-1.9988530300500518,-2.045443338823194,-2.0919761919311886,-2.138378388862544,-2.1845704524976193,-2.230466921313956,-2.2759752435979106,-2.320995521942798,-2.3654193284831675,-2.4091298828713774,-2.4520014203292084,-2.493898407491743,-2.5346753100458863,-2.5741760369429683,-2.6122333475491297,-2.648669094847937,-2.683293442861725,-2.715904669962266,-2.746290817345539,-2.774227996020271,-2.799482242825947,-2.8218097586128543,-2.840959665716833,-2.856673778924873,-2.8686907202545573,-2.8767472957097415,-2.880775583437331
-0.307473279111492,-0.29152237371929957,-0.2792998421733639,-0.27006441857369,-0.2633261637170481,-0.25874383351783825,-0.256071041089323,-0.2551234935216584,-0.2557597685520774,-0.25786886317887836,-0.26136209101833563,-0.2661671595018955,-0.2722243707578009,-0.2794837581086451,-0.28790296877575505,-0.29744567510521236,-0.3080805342790427,-0.3197799932499579,-0.3325197970760918,-0.34627834472690244,-0.3610362511955345,-0.3767759703126927,-0.3934814693016708,-0.41113815407983756,-0.4297323142192,-0.4492512941498994,-0.4696832050210431,-0.49101675056826277,-0.5132412236464434,-0.5363463642728106,-0.5603222383223416,-0.5851592196600253,-0.6108479412372025,-0.6373791461402489,-0.6647435863265772,-0.6929322409171323,-0.7219359472102282,-0.7517455411028551,-0.7823517109345812,-0.8137449949165432,-0.8459157117887472,-0.8788539181384669,-0.9125493512630922,-0.9469913726620538,-0.9821689111959908,-1.0180703980535055,-1.0546837482194427,-1.0919962131897165,-1.1299943036639837,-1.1686638886534095,-1.2079898803426192,-1.2479561715687981,-1.2885458272557493,-1.3297405973936138,-1.3715208794239042,-1.4138659855503333,-1.4567534628845968,-1.5001590957438582,-1.544057238665597,-1.5884199077578987,-1.6332168445691297,-1.67841590458645,-1.7239818752835756,-1.7698766284414469,-1.8160595499195575,-1.8624860373957997,-1.9091077731341388,-1.955873170333633,-2.002725516444653,-2.0496033962927984,-2.096441116510278,-2.1431666788335577,-2.189701864891913,-2.2359625348478738,-2.2818575013226483,-2.327288292239643,-2.3721479211605665,-2.4163210922393374,-2.4596835360328804,-2.5021011917819607,-2.5434300103852556,-2.5835152734824978,-2.6221910886870536,-2.6592804812609145,-2.6945946291312195,-2.7279326419295304,-2.7590830040708494,-2.7878219759832823,-2.8139152999262986,-2.837118359368372,-2.857178787501667,-2.8738362319550848,-2.886826290815381,-2.8958818300646394,-2.9004095996892687
-0.3008505789802829,-0.28533059480628786,-0.2734798010614936,-0.26457212097499294,-0.25812760569989823,-0.25381193715350303,-0.25138370634113505,-0.2506623276131492,-0.25150921177694574,-0.25381557084128703,-0.25749448165865996,-0.26247508436708644,-0.268698860858374,-0.2761168296033123,-0.28468747139721584,-0.2943751727960797,-0.30514920685946745,-0.31698256222034704,-0.32985146128576837,-0.3437347289799164,-0.35861336362573715,-0.374470167289942,-0.3912894268194078,-0.4090568406195483,-0.42775897464458756,-0.4473834301728097,-0.467918561385261,-0.48935330465760263,-0.5116771751567772,-0.5348801276837345,-0.5589524377526911,-0.5838846840769407,-0.6096677006276585,-0.636292430620522,-0.6637498272436315,-0.6920310676733266,-0.7211271913432848,-0.7510292376243455,-0.781728102543755,-0.8132145362897636,-0.845479075229838,-0.8785120000834867,-0.9123032799138953,-0.9468425167229011,-0.9821188897203403,-1.0181210915419792,-1.0548373101821773,-1.0922550843191825,-1.1303612274517039,-1.1691419255505098,-1.2085824271589218,-1.2486669820407137,-1.2893790298856733,-1.3307007207912114,-1.372612878430235,-1.4150952639314762,-1.4581259054262996,-1.501681100661656,-1.5457357464255361,-1.590262440623036,-1.6352315460100408,-1.6806115755933049,-1.726368021533231,-1.7724635071825312,-1.818858215102026,-1.8655083933845407,-1.912366628907064,-1.9593822943977435,-2.0064996935145074,-2.0536584873651176,-2.100794123529964,-2.1478357987030128,-2.19470654812135,-2.2413235500257365,-2.2875969812026886,-2.3334297975521054,-2.3787164625320987,-2.423343177722856,-2.467187188238171,-2.5101159335075036,-2.5519868843281808,-2.592646741973223,-2.631931018872011,-2.6696639835134537,-2.7056579133507217,-2.7397128503187442,-2.7716178426049987,-2.8011494391884013,-2.828073246793113,-2.8521440124457964,-2.8731080822239794,-2.8907031596482198,-2.904662060234617,-2.914713968287852,-2.919739922314471
-0.2943768057483087,-0.27927958595324043,-0.26779342919325266,-0.2592071652637751,-0.25305065206580046,-0.2489963717585253,-0.24680780396573176,-0.24630800462330793,-0.24736116803472097,-0.24986068292849328,-0.2537213592750387,-0.25887374571684774,-0.2652604841879236,-0.2728335619932132,-0.2815522798073178,-0.2913817267345187,-0.3022917817034343,-0.31425596623658736,-0.32725097234197476,-0.3412560439635892,-0.3562525564772434,-0.3722236544352553,-0.3891539389715315,-0.40702939603144417,-0.42583686320218916,-0.4455641941196742,-0.4661999816675255,-0.4877333906359138,-0.5101541543817922,-0.5334524384240757,-0.5576187238678254,-0.5826437902377024,-0.6085186684834598,-0.6352344978563407,-0.6627824285956652,-0.6911538317392885,-0.7203399445276926,-0.7503320053883322,-0.7811211134825968,-0.8126982262850913,-0.8450540929407113,-0.8781792132789179,-0.9120637829155176,-0.9466976389352899,-0.9820702052541153,-1.0181704300714634,-1.05498676825323,-1.0925070392456493,-1.130718352638449,-1.169607204351708,-1.2091591719514905,-1.2493588544512768,-1.2901900582725667,-1.331635325227798,-1.373675896456128,-1.4162919728283208,-1.4594620539597702,-1.5031629411154768,-1.5473700629479836,-1.5920565884994242,-1.6371934907452368,-1.6827499287159875,-1.7286920876998901,-1.7749833308720042,-1.821584625259709,-1.868453057510866,-1.915542107351964,-1.9628020949271296,-2.010178329175155,-2.057611537180992,-2.1050382971618653,-2.1523889927568707,-2.199587906771061,-2.2465535308681392,-2.2931974045608703,-2.3394239128838255,-2.3851289758695047,-2.4302003033824735,-2.474516671936547,-2.5179470459942372,-2.5603504478388603,-2.60157504184316,-2.641457797916241,-2.679824294472641,-2.7164879894558416,-2.7512499531006678,-2.7838999127521107,-2.8142148395960644,-2.8419603583824453,-2.8668907552135434,-2.888751286132897,-2.907277929123697,-2.9222009550543033,-2.933246122661157,-2.9387687064645847
-0.2880485918098197,-0.27336609546884105,-0.2622375782563857,-0.25396649803817173,-0.2480923383891831,-0.24429425760950085,-0.24234053578851,-0.24205780555319745,-0.24331299568303155,-0.24600163373629247,-0.25004023297494626,-0.25536072656136,-0.2619068969127003,-0.26963168397751147,-0.2784951947094827,-0.2884632091740058,-0.29950620221901314,-0.3115982195150413,-0.3247164149650983,-0.33884044463518004,-0.353952054711848,-0.3700347265161774,-0.38707337016621324,-0.4050542542338498,-0.4239644832266021,-0.4437921586864513,-0.46452610791178905,-0.4861557199268951,-0.508670942205014,-0.5320621469694586,-0.5563200169239835,-0.5814355284281092,-0.6073999054333812,-0.6342044792020385,-0.661840592919094,-0.690299807367889,-0.7195735533504943,-0.7496532640213993,-0.7805302372152934,-0.812195633099988,-0.8446404088503279,-0.8778552784907911,-0.911830659089119,-0.9465566175106077,-0.9820228168562539,-1.0182184551320805,-1.0551322480692793,-1.0927522896029718,-1.131065978843926,-1.170060114795357,-1.2097205968549685,-1.2500323657549606,-1.2909795867653617,-1.3325451851691539,-1.3747108109514183,-1.417457095690422,-1.4607630010878836,-1.5046058221429681,-1.548961509115654,-1.5938037916302106,-1.639104241978162,-1.6848326537976743,-1.7309558939802017,-1.777438053771574,-1.824240872412286,-1.8713222631489224,-1.9186365866363242,-1.9661350981277692,-2.0137641005966542,-2.0614653763829702,-2.1091766235447116,-2.1568294039876923,-2.2043492412102403,-2.251655934666208,-2.298662383965183,-2.3452744030348027,-2.39138937346523,-2.4368965223028893,-2.481676172039418,-2.52559883439446,-2.568525111752809,-2.610304671698099,-2.6507759905082304,-2.6897660190902255,-2.7270894722947525,-2.762548539704067,-2.7959337380933804,-2.8270225890672402,-2.8555808834611733,-2.881362616472166,-2.9041121460858754,-2.923563938606963,-2.939445954407331,-2.9514807800923664,-2.957498192934887
-0.281862646537423,-0.26758694906030556,-0.25680917759891564,-0.24884714364987737,-0.24324977792404834,-0.23970279242633286,-0.23797918068622081,-0.23790908791554433,-0.23936212891255693,-0.2422359325831014,-0.24644868595515845,-0.25193368295099994,-0.25863582708216537,-0.26650899487994373,-0.27551408607864314,-0.2856175601976929,-0.2967904781191688,-0.3090074009748145,-0.32224593690319825,-0.33648614723637005,-0.35171014276826895,-0.36790173590908193,-0.3850461404954819,-0.40312990284949723,-0.4221403897259446,-0.44206594616232886,-0.4628956296275133,-0.48461904924612664,-0.5072263625835682,-0.5307081446073392,-0.5550552756844573,-0.5802589250936463,-0.6063105058761842,-0.6332015373495592,-0.6609235516124912,-0.6894682951553488,-0.7188273881786111,-0.7489924543210513,-0.7799549857211652,-0.8117063407430125,-0.844237679944726,-0.8775399267366812,-0.9116037146482125,-0.9464193351381267,-0.9819766850913791,-1.0182652066880515,-1.0552738706477771,-1.0929910392486142,-1.1314043946889507,-1.170501032330895,-1.2102671663562048,-1.2506880718293867,-1.2917482651359724,-1.3334310469323873,-1.3757184675745049,-1.4185915804629134,-1.4620298001272958,-1.5060109056485693,-1.5505113587693686,-1.5955054392519097,-1.64096530789275,-1.6868613816094502,-1.7331611974185535,-1.7798295628975502,-1.8268289772444546,-1.8741181682732755,-1.9216523655134266,-1.9693837468553133,-2.0172595977758223,-2.0652227447708893,-2.1132119945035663,-2.161160077854812,-2.2089937513671996,-2.2566341157422785,-2.3039954269420626,-2.3509849262307148,-2.39750146013743,-2.4434357799297812,-2.488669766499485,-2.5330754985429054,-2.5765151843148733,-2.618840031488026,-2.659890067953574,-2.6994936756655457,-2.737466898364041,-2.773613131180974,-2.8077237855470005,-2.83957705629495,-2.868939042901949,-2.895563614123369,-2.9191944166249644,-2.93956461397213,-2.9564000861142925,-2.9694204978849585,-2.97593070377029
-0.2758157544856532,-0.2619390478899364,-0.2515052321568012,-0.24384620202135832,-0.2385201593261277,-0.23521924901299673,-0.2337210921595556,-0.23385928325148075,-0.23550607521800604,-0.2385611612467864,-0.24294437291376703,-0.24859034137307834,-0.255445072018623,-0.2634633620404614,-0.2726068905620327,-0.2828427851358839,-0.29414268286316325,-0.3064816517091451,-0.31983774643988827,-0.3341914268434776,-0.34952516216024687,-0.3658230902507942,-0.38307072344485604,-0.40125488097830786,-0.4203631872221947,-0.44038422634191665,-0.4613072817778896,-0.48312217866928187,-0.5058192807004702,-0.5293893616766132,-0.5538234957503718,-0.5791130412647671,-0.6052495965035543,-0.6322248649524354,-0.6600305636649706,-0.6886586208766254,-0.7181008421046298,-0.7483490373146551,-0.7793948886698598,-0.8112299483280183,-0.8438455756833774,-0.8772328988267186,-0.9113827628675519,-0.9462856787841867,-0.9819317719624077,-1.0183107232460964,-1.0554117525940043,-1.0932234846121935,-1.1317338782877773,-1.170930318757546,-1.2107993280815021,-1.2513265084136638,-1.2924967196705994,-1.3342936299321817,-1.376699681595006,-1.4196963411464814,-1.463263466827236,-1.5073793122809431,-1.5520208407441394,-1.5971628717884045,-1.6427781440035316,-1.6888376863542165,-1.7353096945612267,-1.7821596808205942,-1.829350892045356,-1.8768428585302255,-1.924591666516573,-1.972550403920914,-2.020667326940273,-2.0688862947884465,-2.1171472111004563,-2.165383965877743,-2.213524540341383,-2.2614913290527503,-2.309199939539075,-2.356559037610689,-2.40346893660473,-2.449821917289657,-2.495501429330543,-2.5403811357283033,-2.584324873651944,-2.6271854246289417,-2.668804409893091,-2.7090116971081017,-2.747624726567002,-2.7844481804163377,-2.8192744649929593,-2.851882565818546,-2.882039028075174,-2.9094977529455166,-2.9340018571630218,-2.955283405390982,-2.9730664228751063,-2.987067899582324,-2.9940686379359343
-0.2699047736381077,-0.25641936668414633,-0.24632282044458886,-0.23896084653367566,-0.23390074445237552,-0.23084097298256,-0.2295636959956715,-0.22990589474167766,-0.23174241296950449,-0.23497497150541946,-0.23952501756960842,-0.24532849625893416,-0.25233249582052864,-0.26049271832164766,-0.2697716089965052,-0.2801369521013841,-0.29156095121576353,-0.3040191725751429,-0.3174901100202465,-0.33195461503485735,-0.34739550919098416,-0.3637972502044784,-0.3811456437157634,-0.39942777708077415,-0.41863152769949785,-0.43874571454273203,-0.4597598428701777,-0.481663949799227,-0.5044486012115379,-0.5281047658983407,-0.5526237079779284,-0.577996971064143,-0.6042163349004426,-0.6312736833221977,-0.6591609144513288,-0.6878701343824734,-0.7173933299482904,-0.7477224933685189,-0.7788494926403766,-0.8107660694061991,-0.843463777446507,-0.8769339449294145,-0.9111676237695376,-0.9461555395021803,-0.9818880408464792,-1.0183550419202603,-1.0555460062970812,-1.0934498150251937,-1.1320546977140022,-1.1713483228288246,-1.2113175135422427,-1.2519481919967324,-1.2932255542031812,-1.3351336278608628,-1.3776552392222419,-1.4207722592757044,-1.4644649809979815,-1.5087121232126965,-1.5534911407997454,-1.598777382931904,-1.6445441553856632,-1.6907630880436897,-1.7374030239771354,-1.7844301683260122,-1.8318085035029519,-1.8794983501595808,-1.9274566389995806,-1.9756373552401452,-2.0239897137934726,-2.0724585948497354,-2.120984987025265,-2.1695039290716256,-2.2179446178604456,-2.266230733640917,-2.3142792297441925,-2.362000192580249,-2.409295402736411,-2.4560586740975885,-2.5021750335294244,-2.547519743383536,-2.5919582901822307,-2.635345060080868,-2.677523305997914,-2.7183244321989375,-2.7575673389924407,-2.7950580723796623,-2.8305901289599116,-2.86394339711789,-2.894884999335364,-2.923169022473497,-2.948538229278687,-2.970723784088376,-2.989448078557047,-3.004425670890154,-3.0119144670567075
-0.2641266336971704,-0.2510249518946184,-0.24125909260555023,-0.2341883219812324,-0.22938886623478094,-0.22656538056213815,-0.22550448801679224,-0.22604649490913786,-0.22806878907899453,-0.23147508277703288,-0.23618841028454352,-0.24214600759635552,-0.24929602697256747,-0.25759505972442476,-0.26700630403653225,-0.27749818963558326,-0.2890434769183603,-0.3016182218951391,-0.3152013499878814,-0.32977409766916654,-0.3453196327768415,-0.3618227273337604,-0.3792694751543202,-0.39764722696509214,-0.41694410865424913,-0.43714916972150686,-0.4582521331421452,-0.4802432440255133,-0.5031132665817672,-0.5268533607915571,-0.551454976977217,-0.5769098402910622,-0.6032099082179943,-0.6303472411924416,-0.6583139145902028,-0.6871022085542577,-0.7167042873107987,-0.7471123213438013,-0.7783183603816024,-0.8103143313333061,-0.8430919780120449,-0.8766428241602342,-0.9109581238274878,-0.946028812252675,-0.9818454564345602,-1.0183981984931756,-1.0556767401155853,-1.093670213033171,-1.132367111441801,-1.1717553808250236,-1.211822138840546,-1.2525536206589027,-1.2939353510942664,-1.335951709806693,-1.3785858988642596,-1.421820185320044,-1.465635288055156,-1.5100103818281418,-1.5549234034523685,-1.6003502216177856,-1.6462646987919438,-1.6926390547556514,-1.7394427686528102,-1.7866427269425889,-1.8342036353618085,-1.882086592775123,-1.9302493620320882,-1.9786468128338286,-2.0272291066095183,-2.0759421325143523,-2.124727951835359,-2.173522741232697,-2.2222569035902917,-2.2708553959470743,-2.3192365107684076,-2.3673117500352836,-2.414984360683481,-2.4621496917572814,-2.5086943539039175,-2.554495221696962,-2.599419448962967,-2.643323054382851,-2.6860509576415836,-2.7274361468496737,-2.7672990417123984,-2.8054471244162937,-2.841675072371423,-2.8757637837846217,-2.907481084599266,-2.9365813949808732,-2.962807294118859,-2.985889239203985,-3.0055482045806436,-3.0214965556800935,-3.0294707312298197
-0.2584783344143471,-0.2457529199094033,-0.23631126851972883,-0.22952594259200154,-0.22498192662563365,-0.2223899564758991,-0.22154103191067698,-0.22227872340816468,-0.22448291675758458,-0.22805927985376506,-0.23293240578246,-0.23904079864156547,-0.24633365605819524,-0.2547684431072117,-0.2643090978864615,-0.2749246844605313,-0.28658851046561296,-0.29927711326380724,-0.312969842427524,-0.32764831276770323,-0.3432960323744183,-0.35989808207881335,-0.3774408387801076,-0.3959119118732257,-0.4152996712409207,-0.43559339268406383,-0.4567830128387351,-0.47885898087152157,-0.5018122555054294,-0.525634184169621,-0.550316399687345,-0.5758508050782596,-0.6022295319145776,-0.6294448135468644,-0.6574888988614802,-0.6863542383131582,-0.7160331696780209,-0.746518037796573,-0.7778010701112503,-0.8098743746702164,-0.842729881059745,-0.8763593041919981,-0.910754095684374,-0.9459053957329489,-0.9818039846741233,-1.0184402274741933,-1.0558040585533113,-1.0938848546916402,-1.13267136876396,-1.172151817095668,-1.212313605338422,-1.253143274869284,-1.2946266721590272,-1.336748521313924,-1.379492392321624,-1.4228409400126485,-1.4667753004844797,-1.5112750953247378,-1.5563187337128137,-1.6018825938995507,-1.6479410846635179,-1.6944670047788324,-1.741430458269,-1.788799001347574,-1.8365380509521079,-1.8846094720118223,-1.9329718471579826,-1.9815809176886634,-2.0303877791856384,-2.0793393175192687,-2.128378654051699,-2.1774430920814933,-2.2264642303052917,-2.2753682929828543,-2.324074904198031,-2.3724969754631062,-2.420539217895695,-2.4680985162580327,-2.5150630698101137,-2.5613113761477346,-2.606712271978151,-2.6511234336458243,-2.6943914795489796,-2.7363510253583607,-2.776824065597022,-2.815619586576154,-2.8525335323489567,-2.887347912767704,-2.9198313780130434,-2.949738823562065,-2.9768128099072224,-3.0007832747600824,-3.0213699864045345,-3.0382833520774364,-3.0467400349138867
-0.2529569439621904,-0.2406004553123342,-0.23147663596805312,-0.22497109011001548,-0.22067739461122393,-0.21831225190107606,-0.21767095714062545,-0.21860028489721905,-0.22098257335965155,-0.2247254107262897,-0.2297549209615113,-0.2360108537264871,-0.24344343356843545,-0.2520109840033591,-0.2616781701324289,-0.2724146793302573,-0.2841943569825478,-0.29699421345523724,-0.31079401510691884,-0.32557574849585436,-0.3413232560056878,-0.3580219218286107,-0.3756584009097841,-0.394220556658631,-0.41369699850859476,-0.4340772243827562,-0.45535138057388735,-0.47751011642342966,-0.5005445814051823,-0.5244463067121563,-0.5492071040237079,-0.5748190506169149,-0.6012744485611621,-0.6285657005071221,-0.6566852251790767,-0.6856256396802207,-0.7153794515703193,-0.7459391762192902,-0.7772972148513357,-0.809445852614521,-0.8423772007012498,-0.8760831608855879,-0.9105553778862685,-0.9457851922155092,-0.9817635927146906,-1.0184811621544276,-1.0559280624259482,-1.0940939098463276,-1.132967710188093,-1.1725379445736595,-1.2127923002919316,-1.2537176182419008,-1.2953000595470998,-1.3375246853881917,-1.3803754259197665,-1.4238353156111105,-1.4678858992319133,-1.512507236233318,-1.5576781987372668,-1.603375664729778,-1.6495745790403804,-1.6962483086518265,-1.743367571365606,-1.7909005816548862,-1.8388134555969993,-1.887068812047188,-1.9356260410241855,-1.9844417424855987,-2.0334679336602157,-2.0826524846746963,-2.131939564119023,-2.181267590271019,-2.2305693469256704,-2.279772315376177,-2.328797443022873,-2.377559043925903,-2.42596329002937,-2.4739086009726017,-2.5212847678025505,-2.567971919967532,-2.613840590368116,-2.6587501355041008,-2.7025489014220025,-2.745073171661272,-2.786146567145034,-2.8255796419776447,-2.863169688069013,-2.8986999236904816,-2.9319399387058867,-2.9626452403123014,-2.9905585295573114,-3.0154094067348503,-3.0369166401101264,-3.054788908635382,-3.0637250428980107
-0.24755959734394928,-0.2355648091898921,-0.22675254885033969,-0.2205212119383848,-0.2164728042917785,-0.2143298824955675,-0.21389195693013452,-0.2150089469902472,-0.21756559830983235,-0.22147138449364334,-0.22665393279437396,-0.2330542161564031,-0.24062346780324706,-0.2493208545317982,-0.2591117556679956,-0.2699664709775451,-0.28185937419604734,-0.2947679404248893,-0.30867234551326117,-0.3235549412380134,-0.3393998983749702,-0.3561928990842178,-0.3739208713699371,-0.3925719280523543,-0.41213491372233957,-0.43259954429695213,-0.45395617177301784,-0.4761956418368962,-0.4993092910058561,-0.5232888306080152,-0.5481262475928617,-0.5738137899458318,-0.6003439267068922,-0.6277092262771733,-0.6559022736161713,-0.6849158488845375,-0.714742625735576,-0.745375286321126,-0.7768064017978471,-0.809028430461467,-0.8420336610344137,-0.8758141779396045,-0.9103618146296233,-0.9456681073948592,-0.9817242488564415,-1.018521034658959,-1.0560488490190867,-1.0942975423991474,-1.1332563678124852,-1.1729140652630088,-1.2132585974526267,-1.2542770982530649,-1.2959560365773726,-1.33828080345052,-1.3812356815838034,-1.4248040770942327,-1.4689679350234797,-1.5137077438618585,-1.5590028293953728,-1.604830559652537,-1.6511664053776798,-1.6979842911018173,-1.745255537401602,-1.792949005593114,-1.8410314989051324,-1.8894663780038456,-1.9382138278871586,-1.987231294202818,-2.036471703203313,-2.0858838966314797,-2.1354130772369584,-2.184998766266555,-2.2345749214285116,-2.2840702702932147,-2.333407074545862,-2.3825010429319446,-2.4312598037507738,-2.4795833093599393,-2.5273629442005117,-2.574480476531249,-2.62080814660246,-2.6662070110262612,-2.710527169542065,-2.753606610579773,-2.7952706293282477,-2.8353314072047415,-2.873587660671885,-2.9098239082365516,-2.943810789627356,-2.975304554603022,-3.0040481983884195,-3.029771160240564,-3.0521914090867615,-3.0710161205979842,-3.0804284763535965
-0.24228349484280987,-0.23064329748303525,-0.22213642545558798,-0.21617381934020408,-0.2123657530242795,-0.21044052649341616,-0.21020178632040754,-0.21150253828439158,-0.2142298911089524,-0.21829516935494286,-0.22362747631279323,-0.23016898619323545,-0.23787192286015557,-0.2466962813964857,-0.25660814270982435,-0.2675784081498156,-0.27958197049684497,-0.2925967614009206,-0.30660335897831903,-0.3215844737604501,-0.3375245990735243,-0.35440970970810337,-0.37222700179417867,-0.39096483301084284,-0.4106122787653099,-0.4311592688917454,-0.4525963571904823,-0.47491458191664115,-0.4981054629779047,-0.5221608882654216,-0.5470730164712334,-0.5728342628009697,-0.5994372598013609,-0.6268747381406037,-0.6551394454793469,-0.684224321516469,-0.7141222023835492,-0.7448259333449281,-0.7763282517223691,-0.8086217850923672,-0.8416989957203969,-0.8755521465580451,-0.9101732555214403,-0.9455540502421811,-0.9816859225012853,-1.0185598759964054,-1.056166512238077,-1.0944959105604446,-1.1335375656825297,-1.1732804707015876,-1.2137128576384937,-1.254822146922041,-1.2965951085304628,-1.3390174562430635,-1.382073817858942,-1.4257479632985626,-1.4700222296191834,-1.5148775256673352,-1.5602936217605556,-1.606248366412466,-1.6527177462729692,-1.6996762328895243,-1.7470957387154318,-1.7949457605794694,-1.8431937769549767,-1.8918038782396729,-1.94073703200357,-1.9899515166002524,-2.0394011545865953,-2.0890357465262466,-2.138801516068667,-2.1886390751036933,-2.238483543638581,-2.2882648842429743,-2.337906663179706,-2.3873259751994444,-2.4364318994392784,-2.485125917576725,-2.5333010075733684,-2.5808405816789115,-2.627618596598047,-2.673497826586263,-2.7183301483492626,-2.761955289061513,-2.804200262448736,-2.8448789327351562,-2.8837915132196383,-2.9207239096017923,-2.9554479164658636,-2.9877206514504318,-3.0172855519426505,-3.0438720668058443,-3.067197560817682,-3.0869679262537764,-3.0968531089718234
-0.23712590050726234,-0.22583329938390406,-0.21762574678254598,-0.21192648569541284,-0.2083538996265455,-0.20664192286545813,-0.20659826029654216,-0.20807894646039937,-0.21097340941573783,-0.21519479067946268,-0.2206736426721534,-0.2273533191214927,-0.23518701670608433,-0.24413554397011428,-0.2541656708975992,-0.2652488897306071,-0.2773606030862741,-0.29047919106086617,-0.30458562688857604,-0.3196629734584011,-0.3356960408664733,-0.35267109125440843,-0.3705755839999769,-0.3893981171423144,-0.4091279926167424,-0.4297553501503071,-0.45127094149923774,-0.4736659937648158,-0.49693220664730475,-0.5210616410852964,-0.5460466240441164,-0.5718797345217741,-0.5985537651707507,-0.6260616055079327,-0.6543961624294603,-0.6835505317232871,-0.7135177084582445,-0.7442906974186148,-0.775862398404159,-0.8082256044889657,-0.8413729475820642,-0.8752968651348336,-0.9099895553516091,-0.9454429328674352,-0.9816485841064426,-1.0185977161058846,-1.0562811427504482,-1.0946891670883807,-1.1338115201292687,-1.1736374424004103,-1.2141554292758872,-1.2553531814574193,-1.2972177634012039,-1.339735204689263,-1.3828904708799272,-1.4266676879984175,-1.4710495770043908,-1.5160174585597375,-1.5615515385272172,-1.6076301364851386,-1.6542297451097476,-1.7013253725648547,-1.7488895123918935,-1.7968922856955505,-1.8453018343766225,-1.8940829665318404,-1.9431974199115354,-1.9926042925916487,-2.042258290638821,-2.092110160511007,-2.142107133333304,-2.192190899030433,-2.242297727904735,-2.2923588057701783,-2.3422989931356164,-2.3920367613177116,-2.4414826337947058,-2.4905396170011085,-2.539102281148181,-2.5870556859711344,-2.6342755117834016,-2.680626265695518,-2.7259616219983185,-2.7701230774152568,-2.8129394050071808,-2.8542262033976336,-2.893785250700873,-2.9314039220098898,-2.966855266645596,-2.99989738997473,-3.0302743139012476,-3.057715661760932,-3.081938383767079,-3.102647303381572,-3.113001763188819
-0.23208414067346084,-0.2211322557748474,-0.21321805490899237,-0.20777684481176895,-0.20443496263997663,-0.20293186954294384,-0.2030792519803093,-0.20473611645215328,-0.20779416720040356,-0.2121683291508747,-0.2177905772926758,-0.2246054233911332,-0.2325670193285223,-0.24163697245753735,-0.25178272947510294,-0.26297636294214666,-0.2751937762041079,-0.28841378978854415,-0.30261776497491066,-0.3177891106817876,-0.33391294805811267,-0.35097582137646466,-0.36896544844102763,-0.38787066320622454,-0.4076809899016931,-0.4283867741760483,-0.4499789619471395,-0.47244896549438753,-0.49578866076782635,-0.519990278294058,-0.5450463099010427,-0.5709494950112859,-0.5976927830440459,-0.6252692190109377,-0.6536718656454221,-0.6828939714448978,-0.7129286869470564,-0.7437691729389684,-0.77540848809039,-0.8078395872720745,-0.8410552682228123,-0.8750481389542486,-0.9098105738768569,-0.9453346703883203,-0.9816122051404252,-1.0186345839017008,-1.0563928281208779,-1.0948774595163857,-1.13407844009078,-1.1739852522608674,-1.2145866489143509,-1.2558706048712454,-1.2978244726135513,-1.3404345907112702,-1.3836862552923157,-1.4275639409322638,-1.4720507445228237,-1.5171283901422195,-1.5627775103587482,-1.6089768865333975,-1.6557035076218307,-1.7029329081388989,-1.7506381520405179,-1.798789973570314,-1.8473571663366384,-1.8963052441602901,-1.9455967026081877,-1.9951914465105136,-2.045045052592953,-2.0951092001728178,-2.1453321142879345,-2.195656550039138,-2.24601991566753,-2.296354608041562,-2.346586771009085,-2.396636242310307,-2.4464149823526236,-2.495827516672272,-2.544770005142166,-2.593129156880319,-2.6407823811112228,-2.6875959307966046,-2.733425295891284,-2.7781137705386203,-2.821491924581121,-2.86337713885656,-2.903572820079997,-2.941867890288832,-2.9780367483993193,-3.0118386019477215,-3.0430181940982814,-3.0713054817249374,-3.0964171843681165,-3.11805726578988,-3.1288773065007613
-0.22715560252293265,-0.21653766770943772,-0.2089109514084253,-0.2037225892878025,-0.20060671864823298,-0.1993082217008446,-0.19964269088661446,-0.2014720486829047,-0.2046902329674749,-0.20921391898278685,-0.21497647807340314,-0.22192355883592363,-0.23001025096212047,-0.23919894613586568,-0.24945775554765515,-0.26075932162423765,-0.2730800394332711,-0.2863991620077888,-0.3006984316783923,-0.3159615971361607,-0.33217408493093625,-0.3493227163066992,-0.36739546273050205,-0.38638138968287716,-0.4062702395084994,-0.4270525598603747,-0.448719487077498,-0.4712626150039423,-0.49467399235167964,-0.5189460158327552,-0.5440713387847795,-0.5700428577465999,-0.5968536756267628,-0.6244969896414876,-0.6529660150297989,-0.6822541496872558,-0.7123546962235494,-0.7432609679859814,-0.7749661789834716,-0.8074634422632787,-0.8407457176641708,-0.8748057799061959,-0.9096361756151694,-0.9452291808058955,-0.9815767580411805,-1.018670507315711,-1.0565016529397009,-1.0950609303691294,-1.1343385274175777,-1.1743241629712298,-1.2150068417157156,-1.2563748065624991,-1.2984156917001277,-1.3411161380070258,-1.384461765128453,-1.428437388779047,-1.47302647395412,-1.5182111398910014,-1.5639724371704355,-1.6102895997936018,-1.6571401033830702,-1.7044999986766785,-1.7523429094902898,-1.8006401721752718,-1.8493612204316001,-1.8984722618962335,-1.9479365376289914,-1.9977147462752587,-2.047763322330376,-2.0980348648493186,-2.14847857910464,-2.199038272293774,-2.2496524779230254,-2.3002547913305693,-2.3507726282672334,-2.4011271821040845,-2.4512318419116053,-2.5009926456490583,-2.5503073390228503,-2.599064280919644,-2.6471426130201703,-2.694410345019582,-2.740724798187016,-2.785931089138083,-2.829861618711843,-2.8723355941219415,-2.913158110388747,-2.952119709505832,-2.9889962299144353,-3.0235480904262686,-3.055520886629725,-3.0846450621937525,-3.1106372841117187,-3.1332008599509673,-3.144482647870592
-0.22233773267448242,-0.21204709493365392,-0.20470209581200383,-0.19976146892550783,-0.19686700065035811,-0.19576889009973453,-0.1962865612404885,-0.1982847973650559,-0.20165972804455645,-0.20632974620222733,-0.21222959367557248,-0.21930603496160828,-0.2275150803868975,-0.23681989166672857,-0.24718923241249247,-0.258596304586578,-0.27101798607716,-0.284433954588148,-0.29882632658788655,-0.31417918435505676,-0.33047825425498445,-0.3477106294055954,-0.36586453023230714,-0.384929249408561,-0.4048947432705896,-0.4257517576129022,-0.4474916155094322,-0.47010608881006277,-0.4935873955564274,-0.5179280952993359,-0.5431209995908404,-0.5691591588372402,-0.5960358262196763,-0.6237443479320426,-0.6522780884525181,-0.6816305918310839,-0.7117953094229579,-0.7427657037659019,-0.7745351407534296,-0.8070968880680818,-0.8404440640013666,-0.8745696062156805,-0.9094662296508127,-0.9451263848861857,-0.9815422161762566,-1.0187055133377365,-1.0566076989448447,-1.0952397173679795,-1.1345919771629576,-1.174654428383426,-1.215416321919316,-1.256866162872028,-1.2989918609484175,-1.3417803527892125,-1.385217574640718,-1.4292886760868484,-1.4739774825393015,-1.5192665002784378,-1.5651371893509625,-1.611569227395937,-1.658540567226574,-1.706027765814977,-1.7540049964053783,-1.802444186536789,-1.8513153984948905,-1.9005855219005996,-1.950218531034198,-2.0001759054586232,-2.050414924527677,-2.100889093845104,-2.1515485851478666,-2.2023382444574247,-2.2531977175877627,-2.304061785405165,-2.3548591236422443,-2.405512269908555,-2.455936032875916,-2.5060379552906853,-2.5557173636986064,-2.60486426571182,-2.6533595373475936,-2.701072953901323,-2.7478636812875767,-2.7935786809407226,-2.838052215798667,-2.881105360083136,-2.9225449528577694,-2.9621632246582013,-2.9997375385497405,-3.035029628469249,-3.067786068055854,-3.097737935227268,-3.124602016735755,-3.1480811617304023,-3.1598207342277274
-0.21762803580964718,-0.20765815444623303,-0.20058920411447634,-0.19589128919206278,-0.19321369648617193,-0.19231183948240638,-0.19300890035269802,-0.1951724688610046,-0.19870082493413932,-0.2035140469978769,-0.20954822187273514,-0.21675120930244596,-0.22507992329507953,-0.23449828147781293,-0.2449756879584042,-0.2564858940302672,-0.26900625160639624,-0.28251685531999193,-0.29700018894569524,-0.3124406622391662,-0.32882429586331696,-0.34613844977582353,-0.3643715887156507,-0.3835132282730358,-0.4035535347086894,-0.42448344815027017,-0.44629447477517736,-0.4689785609349073,-0.49252809062374503,-0.5169357829406307,-0.542194604414381,-0.5682977561283442,-0.5952386383798691,-0.6230107431756116,-0.6516075810314881,-0.6810228389743322,-0.7112501138475835,-0.742283014081524,-0.7741150540740982,-0.8067396526795889,-0.8401500830758524,-0.8743394421854456,-0.909300609448449,-0.9450262060478165,-0.9815085538050883,-1.0187396280537553,-1.0567110451379036,-1.0954139536261454,-1.1348389778589874,-1.1749762938716213,-1.215815393284203,-1.257345037610269,-1.2995534060155745,-1.3424277244884375,-1.3859542390944557,-1.43011842615699,-1.474904463956861,-1.5202952378424173,-1.5662726089256784,-1.6128166896223206,-1.6599059005972694,-1.7075172952094708,-1.755625585826226,-1.8042032803698649,-1.8532210583213082,-1.9026464795372733,-1.9524442393070496,-2.002576585266669,-2.0530016287107267,-2.1036737685542817,-2.1545441291568657,-2.205558581924827,-2.256657871769807,-2.3077779518231534,-2.358848745434855,-2.409794122509051,-2.4605303015171884,-2.510966321462765,-2.5610030836418773,-2.6105322419997354,-2.6594364071943097,-2.7075871270688388,-2.7548454233015662,-2.801060121897092,-2.8460673759995365,-2.889690164064615,-2.9317371210861696,-2.9720022304178113,-3.0102644601203776,-3.046286957935522,-3.0798173956949086,-3.1105876272344393,-3.1383147255139923,-3.1627012732127624,-3.1748945470621472
-0.21302407333152473,-0.203368519097058,-0.19657004732289707,-0.19210990972780007,-0.18964474731171244,-0.18893508702415573,-0.1898077970516887,-0.19213322010225298,-0.1958117457257602,-0.20076510613067367,-0.20693070796391488,-0.21425748584145143,-0.22270324072284353,-0.23223263220937262,-0.24281569313151508,-0.25442671403534955,-0.26704351217106126,-0.2806465914544587,-0.2952187962182995,-0.3107448576598282,-0.32721108529061294,-0.3446051009379003,-0.36291560907038,-0.3821323439763491,-0.4022456778304928,-0.4232467413407326,-0.4451272202108836,-0.46787923184516966,-0.4914953228681185,-0.5159683686922989,-0.5412914876422814,-0.5674580283464348,-0.5944615351213045,-0.6222956426831017,-0.6509540044476347,-0.680430447306124,-0.7107187104012258,-0.7418125448278801,-0.7737056101817963,-0.8063914731014199,-0.8398635581634784,-0.8741151179511242,-0.9091391926767667,-0.9449285702549437,-0.9814757460428813,-1.0187728766825166,-1.0568117678945166,-1.0955837678345515,-1.1350797117792522,-1.1752899966731345,-1.2162043495101749,-1.2578117825595925,-1.3001007385134322,-1.3430587264225857,-1.386672295522895,-1.4309272418857266,-1.4758080892527392,-1.5212980942051146,-1.56737951066529,-1.614032877105287,-1.661237072841526,-1.7089696379149477,-1.7572058136399504,-1.805918677637619,-1.8550795153143285,-1.904656545105432,-1.9546151711685278,-2.004918396431754,-2.055525151220816,-2.106390714493489,-2.157467149338055,-2.2087013389647248,-2.260035113949721,-2.3114055861391147,-2.3627439137322015,-2.413975286477621,-2.4650173221582583,-2.51578054667132,-2.566167428947602,-2.6160712656006058,-2.6653764007428857,-2.713956159887226,-2.761673429484457,-2.808378917374721,-2.8539106921367434,-2.8980936704020186,-2.940738331246964,-2.9816404709267275,-3.0205807382484267,-3.0573237883604913,-3.0916185060058012,-3.1231976568545785,-3.1517787606441,-3.177064319623768,-3.189707099113602
-0.20852346205459948,-0.19917591622256037,-0.19264245004677605,-0.18841524289905376,-0.18615814612317205,-0.18563670083453498,-0.18668139016879692,-0.18916525706447196,-0.19299076056602527,-0.198081255403193,-0.20437544324738433,-0.2118233134924985,-0.22038353754454398,-0.23002150322435355,-0.2407078604634627,-0.25241742911095155,-0.26512848317579163,-0.2788219283055948,-0.2934809627281876,-0.30909063312309915,-0.32563753247150107,-0.343109539565023,-0.3614955940795861,-0.3807856448410307,-0.40097026598477914,-0.4220407751013733,-0.4439890338988839,-0.46680732744002196,-0.4904883617124156,-0.5150251652629834,-0.5404110050876376,-0.566639374285316,-0.5937039581536796,-0.6215985310757288,-0.6503168862922015,-0.6798529875104986,-0.7102007130502352,-0.7413539535123359,-0.7733065104552184,-0.8060520949885186,-0.8395842796779407,-0.8738964692483364,-0.9089818610402922,-0.944833405915424,-0.9814437688264288,-1.0188052836101136,-1.0569099410693839,-1.0957492844385963,-1.1353143551887768,-1.1755957662131333,-1.2165834746383775,-1.2582667379524737,-1.3006342565656692,-1.34367381643421,-1.3873722634461516,-1.4317157065661168,-1.4766890077259176,-1.5222757870439252,-1.5684586831425151,-1.6152186519712508,-1.6625350224372282,-1.7103858117022974,-1.7587467799836332,-1.8075915640405227,-1.856892044059466,-1.9066170854955211,-1.9567327893127318,-2.007202901023941,-2.057987157097363,-2.109041703250014,-2.160319527371346,-2.2117685107759133,-2.2633315560762424,-2.3149469200271833,-2.3665469825432828,-2.4180582403049375,-2.4693996992824263,-2.520483362127579,-2.5712132573291577,-2.6214843193056057,-2.6711826230306266,-2.7201832750728405,-2.7683510336561468,-2.815538503341791,-2.8615856906068213,-2.906319481037223,-2.94955224232645,-2.991081639641749,-3.030690073776729,-3.0681437959087896,-3.10319301305778,-3.1355715329332137,-3.164997476733813,-3.1911734463491164,-3.2042614311567683
-0.2041238729267425,-0.19507812631645027,-0.18880428912737557,-0.18480525239490397,-0.18275193632721898,-0.18241479850797937,-0.1836278670754865,-0.18626683329652227,-0.1902361861838786,-0.1954608721862039,-0.20188086355228396,-0.20944718464093182,-0.21811936102573704,-0.22786349517713855,-0.23865084265961567,-0.2504567428051052,-0.2632599179139161,-0.27704166791184814,-0.2917855383442136,-0.3074768854912202,-0.32410258049528906,-0.3416507542727931,-0.3601105772464086,-0.37947220867764475,-0.39972642076679943,-0.42086471434501505,-0.44287912365741366,-0.46576209808546487,-0.4895064997676446,-0.5141055072609868,-0.539552533164489,-0.5658412120300049,-0.5929653671564505,-0.6209189096106904,-0.6496957694452243,-0.6792900441984662,-0.7096957483104349,-0.7409069087971787,-0.7729174660151772,-0.8057212723053153,-0.8393120448883851,-0.8736833371906227,-0.9088285001191965,-0.9447406437838923,-0.9814125988815148,-1.0188368724231234,-1.0570056360963642,-1.0959106238065286,-1.135543078582124,-1.1758938244137096,-1.2169530434329445,-1.258710232926874,-1.3011543453384289,-1.3442734374977228,-1.3880546455563025,-1.4324843846522217,-1.4775478477731196,-1.52322901101698,-1.5695108897398669,-1.6163748489310237,-1.6638006581674691,-1.7117668023153843,-1.7602495505846472,-1.8092230884387828,-1.8586598798282283,-1.9085294257723873,-1.9587985120670948,-2.009431614184709,-2.060389261881146,-2.1116284543490904,-2.16310309033505,-2.214762035461415,-2.266549250580041,-2.3184041233232255,-2.370260241856148,-2.42204539645664,-2.473679969570991,-2.525077429746264,-2.576143356053878,-2.6267743147267097,-2.676858107678459,-2.726271624272519,-2.7748814995957325,-2.822542247540516,-2.8690958322936,-2.91437113613065,-2.9581824563956,-3.0003293792256303,-3.0405961242435,-3.078750622400736,-3.114544507084771,-3.147712752590792,-3.1779742303842373,-3.2050318160499702,-3.218560608882837
-0.19982302978076572,-0.1910729817358181,-0.18505349230646395,-0.18127795186557716,-0.17942421035643807,-0.17926754572217263,-0.18064546227005707,-0.18343624850012397,-0.18754638446902838,-0.1929023779991379,-0.1994454478254415,-0.20712763374040044,-0.21590929943309245,-0.22575724863971303,-0.23664333124409076,-0.2485433963717032,-0.26143660625848053,-0.2753046477529386,-0.29013140722744524,-0.3059025447590624,-0.3226052044146055,-0.34022776446198666,-0.35875962167251085,-0.37819114170036805,-0.3985132909726907,-0.4197177499746463,-0.441796722076071,-0.46474281769248726,-0.4885490519548119,-0.5132087503610494,-0.5387154681004036,-0.5650629782164796,-0.5922452390868083,-0.6202562955383017,-0.6490902114826724,-0.6787412153665295,-0.7092034547580228,-0.7404710900640543,-0.7725381973434642,-0.8053987670000096,-0.83904665765,-0.8734755680583017,-0.9086789992171607,-0.9446502168693138,-0.9813822136918171,-1.018867665940082,-1.0570989220836768,-1.096067902389808,-1.1357660469101583,-1.1761843859884102,-1.217313321744573,-1.2591425859602934,-1.3016613775460262,-1.3448580182981118,-1.3887199283704188,-1.433233822487634,-1.4783852176937673,-1.5241584386461837,-1.5705368696110167,-1.6175022763204483,-1.665034860240877,-1.7131135646715534,-1.7617151580405666,-1.8108143642118768,-1.860384220015554,-1.9103948506896784,-1.9608137149811689,-2.011606005787392,-2.0627330333421123,-2.114152637044331,-2.165819612552633,-2.217683795924408,-2.26969019230977,-2.3217793059900016,-2.3738859196197226,-2.4259391033571442,-2.477860603872084,-2.5295653440797037,-2.5809604438204734,-2.631944094092281,-2.682405818577005,-2.7322242896094306,-2.7812680224136965,-2.829393450649842,-2.87644451348345,-2.922252114689533,-2.9666325189115854,-3.009387281482739,-3.0503025034153226,-3.0891478744100698,-3.1256765531221724,-3.159624799382352,-3.1907123778691244,-3.218642605874833,-3.2326077198776866
-0.1956187081160854,-0.18715836544047626,-0.1813880369317067,-0.17783140360110306,-0.17617310832755972,-0.17619315488177634,-0.17773245601189203,-0.1806718471598856,-0.18491976110057706,-0.19040423714269394,-0.1970677167708823,-0.20486323596260458,-0.21375198069804036,-0.22370144278174298,-0.23468405525892688,-0.24667616749101118,-0.25965737340662987,-0.2736097395206638,-0.2885174866294804,-0.3043665728822198,-0.3211444101051786,-0.33883961921128414,-0.35744181898522687,-0.3769415774901752,-0.3973300515996758,-0.4185990979223675,-0.4407410855948868,-0.4637487828365261,-0.4876153546665485,-0.5123342705089851,-0.537899225185301,-0.5643041273253768,-0.5915430675195621,-0.6196102214886423,-0.6484997841114337,-0.6782061118804084,-0.7087234825632338,-0.740046186998411,-0.7721684339192958,-0.8050843486940629,-0.8387879281477995,-0.8732730130968314,-0.9085332512157596,-0.9445620603470761,-0.9813525914693422,-1.0188976862414378,-1.0571898659047063,-1.096221232875938,-1.1359834197961272,-1.1764676587229017,-1.2176645668569575,-1.2595641052833617,-1.3021557139330397,-1.345427973782809,-1.389368582853323,-1.4339645490003439,-1.4792017064582108,-1.525064721159397,-1.5715373385983833,-1.6186017170938594,-1.6662384813615483,-1.714427024008025,-1.7631446030425102,-1.8123664705579245,-1.8620662255148357,-1.9122146061387513,-1.962779732347597,-2.0137275020273737,-2.065019993135442,-2.116615872034966,-2.1684708173655864,-2.220535621689601,-2.272756320393543,-2.325074520008996,-2.3774261836538413,-2.4297416473040956,-2.4819440091032985,-2.5339496341903023,-2.585667172580175,-2.636996431993166,-2.687828651530871,-2.7380442851962337,-2.787513729901736,-2.836095347437073,-2.8836350667818866,-2.9299658352107847,-2.9749059190477043,-3.018258887337122,-3.059812780876256,-3.0993391224306275,-3.136592689723894,-3.1713111415463486,-3.2032152729088823,-3.2320090047675163,-3.2464058706968335
-0.19150873390858525,-0.1833322097655854,-0.17780594869869493,-0.17446371724971765,-0.1729968167420104,-0.1731898838060797,-0.17488717300140344,-0.17797201721962974,-0.1823547642250789,-0.18796495538080382,-0.194746231540055,-0.20265260589866774,-0.21164607113182132,-0.22169479410234505,-0.2327717800149287,-0.24485386904211648,-0.25792107867559366,-0.2719558479401307,-0.2869427257411461,-0.30286796265466265,-0.3197192331738874,-0.337485396217474,-0.3561562883113156,-0.3757226760032095,-0.39617590289064974,-0.41750799823072615,-0.4397114936238289,-0.4627793119164947,-0.4867047649663725,-0.5114814631620224,-0.5371032380539598,-0.5635641310078876,-0.5908583620167329,-0.6189802348866458,-0.6479240726299684,-0.6776843569827662,-0.708255493045673,-0.7396318991936157,-0.7718079138727463,-0.8047777943861689,-0.8385356726519744,-0.8730755283249181,-0.9083911524361943,-0.9444761114750122,-0.9813237111261364,-1.0189269546980961,-1.0572785322846778,-1.0963707243341503,-1.13619535174172,-1.1767438437425337,-1.218007027817325,-1.2599750892743122,-1.3026377037340886,-1.3459837056879476,-1.3900010650115813,-1.4346770763657313,-1.4799978844407424,-1.5259484892946706,-1.5725129901091761,-1.6196739297728135,-1.667412347750985,-1.7157080769775734,-1.7645388555444619,-1.8138804537363606,-1.8637070220332785,-1.9139899005355288,-1.9646978586587038,-2.0157974869458473,-2.067251618389332,-2.119019733113403,-2.1710583788355,-2.2233192906534915,-2.2757495200294797,-2.3282917612016507,-2.3808831434903532,-2.4334552543160526,-2.4859325300909063,-2.5382327654637105,-2.590266129303631,-2.641934037080762,-2.693129435862368,-2.743734558616223,-2.7936216838601977,-2.8426511078980865,-2.89067076203065,-2.937515656337153,-2.9830060900498667,-3.0269476868508227,-3.069130481670676,-3.1093279001095904,-3.1472964277573205,-3.1827752303405954,-3.2154862645379048,-3.2451342108705843,-3.2599581840369236
-0.1874909824495674,-0.17959249522543352,-0.17430530042776837,-0.17117304857356963,-0.16989356722585391,-0.17025603445897097,-0.17210798110407488,-0.17533518880499255,-0.17984988318042738,-0.18558307867058144,-0.19247959247008506,-0.20049439630909216,-0.20959027418991916,-0.21973605521112827,-0.2309053058920485,-0.24307534792429308,-0.25622661434716587,-0.27034190963914906,-0.28540610458878124,-0.3014057366331535,-0.3183287379129984,-0.3361642007806642,-0.3549021752945025,-0.3745336226219864,-0.39505006941995546,-0.4164437141745747,-0.4387072477011644,-0.46183374435113667,-0.4858166598233904,-0.5106497425635181,-0.536326958001232,-0.5628424774420493,-0.5901906475263896,-0.6183658973935025,-0.6473626754136319,-0.6771755858230977,-0.7077991582498333,-0.7392279357729015,-0.7714563836543009,-0.8044788881697684,-0.8382897132846345,-0.8728829743512856,-0.9082526025071536,-0.9443923095134199,-0.9812955522474853,-1.0189554919988408,-1.057364983882958,-1.0965164823543594,-1.1364019923235658,-1.1770131357676572,-1.2183409457514838,-1.260375826835325,-1.303107685112459,-1.3465256030405603,-1.3906178164605376,-1.4353719006393817,-1.4807743041193477,-1.5268103540679312,-1.5734644959519817,-1.62071964935242,-1.6685572601248477,-1.7169575926959668,-1.7658988558813093,-1.8153573282568614,-1.8653077013506492,-1.9157219061484265,-1.9665693500017123,-2.0178173038904457,-2.0694293432277577,-2.12136574874644,-2.1735839233788745,-2.2260365307667063,-2.2786716242083727,-2.3314329709836157,-2.3842588521482577,-2.4370820919163982,-2.489828451348075,-2.5424171413645835,-2.594759837695476,-2.6467595537185415,-2.698310935975712,-2.7492979923730676,-2.7995948814034333,-2.849063838385857,-2.8975548072244894,-2.944904877525217,-2.9909364096181665,-3.0354571192804656,-3.0782590859976837,-3.119117703544921,-3.157791249273972,-3.1940204984634346,-3.227528695063758,-3.2580214290235676,-3.2732677960034735
-0.183563377211593,-0.17593724934867883,-0.17088421087458894,-0.16795759824070888,-0.16686163530912346,-0.1673899517191213,-0.16939329011658177,-0.17275983298876696,-0.1774036472647733,-0.18325719193730272,-0.1902664378683916,-0.19838729692043255,-0.20758332928318968,-0.21782401365644244,-0.22908346718635286,-0.24133948392501825,-0.2545729045587253,-0.2687668920640762,-0.2839066329755946,-0.29997894610638287,-0.31697201629812266,-0.33487516483259316,-0.3536786511549872,-0.3733736272472976,-0.39395179921881684,-0.41540553142074277,-0.43772767068874785,-0.46091143981021876,-0.4849504353812151,-0.5098385410494011,-0.5355698533273223,-0.5621386707178155,-0.5895394638080864,-0.6177667843733525,-0.6468152034234675,-0.6766794450092428,-0.7073541605403078,-0.7388340150285888,-0.771113597719264,-0.8041874209637534,-0.83804987779732,-0.8726952161999479,-0.9081175042387146,-0.9443105956486342,-0.9812680950662456,-1.0189833181762031,-1.0574492813720582,-1.0966586091797126,-1.1366034863806718,-1.1772757233571074,-1.2186665541646935,-1.260766597751628,-1.303565985578814,-1.3470540426380073,-1.3912192649655264,-1.4360495023613473,-1.4815315007440821,-1.5276509075064393,-1.5743925071362908,-1.6217395881676921,-1.6696739946265193,-1.7181764137433664,-1.767225515838644,-1.8167980780168014,-1.8668693225246447,-1.9174117603700358,-1.9683954253959302,-2.0197882569155667,-2.071554560231459,-2.1236554035932165,-2.1760490313377123,-2.228689021651642,-2.281524415371483,-2.334500038054499,-2.387555307845679,-2.4406242708558845,-2.493633998794398,-2.5465051051374754,-2.5991507598582206,-2.651475563588562,-2.703375852882689,-2.7547374053097817,-2.8054362562432655,-2.855336582726936,-2.9042903494268857,-2.9521367397244367,-2.9987002003116934,-3.043790573170238,-3.087202028954847,-3.128711990644739,-3.16808060645358,-3.2050503585580508,-3.2393458981167105,-3.270673868355176,-3.2863378534744094
-0.17972388874070155,-0.1723645455435907,-0.16754084357419874,-0.16481561065297967,-0.16389933924196853,-0.16459002218989216,-0.1667415505735237,-0.1702444605987452,-0.17501462454836414,-0.1809859178933726,-0.18810544284151298,-0.19633003326646747,-0.20562401063390912,-0.21595749079834636,-0.22730513100188698,-0.23964518863301976,-0.2529589042384428,-0.267229792438739,-0.2824433494667211,-0.2985866701066042,-0.3156481870279171,-0.3336174460052188,-0.35248491178871966,-0.37224192342872886,-0.39288036293814166,-0.41439275722428004,-0.4367721060022811,-0.4600117774798296,-0.48410550625865856,-0.5090473083856351,-0.5348314087123995,-0.5614522302495262,-0.5889043648837022,-0.6171824843838936,-0.6462812797368933,-0.676195592179063,-0.7069201922146551,-0.7384498640780057,-0.7707793182264444,-0.8039031902551619,-0.8378159993584156,-0.8725121231434096,-0.907985763502106,-0.9442309129203297,-0.9812413204381532,-1.0190104526313526,-1.0575314835126637,-1.0967972038331997,-1.136799974193603,-1.1775317891406845,-1.2189840792286466,-1.2611476730343796,-1.304012922390907,-1.347569389505754,-1.3918058249587917,-1.436710347133363,-1.4822699929756045,-1.5284707233496064,-1.5752976546365982,-1.622734436721529,-1.6707633037200909,-1.7193653571225376,-1.7685197196762759,-1.8182036573904048,-1.868392913044803,-1.9190605669358818,-1.9701772680743912,-2.021711612125421,-2.0736286218398736,-2.125890139963016,-2.1784552384887856,-2.2312783961581872,-2.2843096270063867,-2.3374948000261297,-2.3907744556513566,-2.444083846776268,-2.4973513414190185,-2.5504989414545487,-2.6034412979073274,-2.6560845872542314,-2.708326825690943,-2.7600555539975424,-2.811148679950659,-2.861472323325709,-2.910880475684019,-2.9592144260656594,-3.0063007299752362,-3.051951386479215,-3.095962700329133,-3.138114180546281,-3.1781679206192988,-3.2158682017978752,-3.2509411967878847,-3.2830947399684214,-3.2991715115586904
-0.1759705335756534,-0.1688725019919346,-0.16427340571583127,-0.16174537280753132,-0.16100503884697304,-0.161854673046391,-0.16415125259316987,-0.16778762106539613,-0.17268142072612847,-0.17876791589901408,-0.18599531816612114,-0.19432136557213653,-0.20371112617481035,-0.21413534072434182,-0.2255691961859485,-0.2379914043933118,-0.2513835980827439,-0.26572963676554373,-0.2810153204148014,-0.2972280144615702,-0.31435639460342113,-0.3323902267387435,-0.3513201769042684,-0.3711377675321259,-0.391835053047096,-0.4134047196587387,-0.4358399168745475,-0.4591341553593198,-0.48328130488086707,-0.5082755111343262,-0.5341111246184305,-0.5607826902142898,-0.5882849185133265,-0.6166125986895254,-0.6457605390992383,-0.675723695590924,-0.706496955134317,-0.7380752185342843,-0.7704533147506964,-0.8036259998534634,-0.8375879163504685,-0.8723335685433709,-0.9078572891148662,-0.9441532061517988,-0.9812152098185978,-1.0190369141578115,-1.0576116472254649,-1.096932362238312,-1.1369915916549678,-1.1777815100411981,-1.2192937400558046,-1.2615193152480497,-1.3044488029355428,-1.3480719973346655,-1.3923778980334478,-1.4373548861704166,-1.4829902834953668,-1.529270357719048,-1.5761805501229076,-1.623704864476938,-1.6718259170444227,-1.7205252151756611,-1.7697823251080047,-1.819574992271611,-1.8698794699384624,-1.920669397092123,-1.9719160267128832,-2.0235885989626334,-2.0756528416971287,-2.1280713592154,-2.1808040374945104,-2.233806241860381,-2.287028945183567,-2.3404190449917817,-2.393918189077926,-2.4474628218176475,-2.5009825928896223,-2.554400878012042,-2.6076337955390994,-2.66058908568077,-2.7131664330557137,-2.7652551340949794,-2.816734963195849,-2.8674739822560746,-2.9173282139363264,-2.966141062558325,-3.013741212186305,-3.059942846741398,-3.1045444444329413,-3.1473276530922774,-3.18805658132183,-3.226477396551006,-3.2623179018543933,-3.2952872547176555,-3.3117719311492864
-0.17230137319201866,-0.16545928057176695,-0.16108014704960816,-0.15874521319128032,-0.15817713440655634,-0.15918237091876453,-0.16162092476090795,-0.16538790130808945,-0.17040267801016196,-0.17660188086283668,-0.18393480920073646,-0.192360087678356,-0.20184351648881993,-0.2123564492066965,-0.22387459230406304,-0.23637710330326467,-0.24984599957389442,-0.26426547886628793,-0.2796216390252626,-0.2959021108850157,-0.31309580844482987,-0.3311927134258319,-0.35018368919583764,-0.37006043794149956,-0.39081518306522955,-0.41244076687951825,-0.43493048565013126,-0.4582779895881739,-0.48247728083941066,-0.5075226320473858,-0.533408516717282,-0.5601295990148358,-0.5876807056934163,-0.616056740795945,-0.6452526274952186,-0.67526343373292,-0.7060841603713675,-0.7377098221921674,-0.7701353640080066,-0.803355659655991,-0.8373654721762991,-0.8721594296986046,-0.9077319927310423,-0.9440774218835601,-0.9811897452404184,-1.019062720964059,-1.0576898276595692,-1.0970641773346168,-1.1371784704331311,-1.1780250574865203,-1.219595748961222,-1.2618817788234704,-1.3048739250931973,-1.3485622088989846,-1.3929358734154906,-1.4379835568279153,-1.4836928595892251,-1.5300503497591489,-1.5770417866596165,-1.6246515206146728,-1.6728625422306909,-1.7216567564619756,-1.7710141642400257,-1.8209129810730307,-1.8713299608301148,-1.9222392907153996,-1.9736128166088385,-2.0254204114448116,-2.077628495944339,-2.1302004231057325,-2.1830968792978966,-2.2362741024966826,-2.2896840100362637,-2.343274513039173,-2.3969883516197554,-2.4507631461712753,-2.5045298131092353,-2.5582130870775877,-2.6117305395528367,-2.6649914617145773,-2.7178971945961914,-2.770338781678466,-2.8221978569671013,-2.87334442234054,-2.9236365339269597,-2.972919718795047,-3.021024806721001,-3.067768191256509,-3.112950559983188,-3.1563557483624494,-3.1977499454901968,-3.236881287121518,-3.2734793100896495,-3.3072546210762375,-3.324142276569532
-0.16871451297113538,-0.16212308580789703,-0.15795935882241263,-0.1558135007073247,-0.155414065583237,-0.15657162081090803,-0.15914913304864164,-0.1630439246585791,-0.16817707405933913,-0.17448654218124027,-0.181922694836123,-0.19044502600582547,-0.2000200537883856,-0.21061973269813627,-0.2222202786551719,-0.2348012862471327,-0.24834515003608892,-0.26283639946054205,-0.27826142445843693,-0.29460811610380055,-0.3118656220446603,-0.33002413559120036,-0.349074713550257,-0.36900923429463717,-0.38982008682713065,-0.41150026641805226,-0.4340432131101579,-0.4574427138019921,-0.4816929002798842,-0.5067881694865051,-0.5327231153434253,-0.5594925187657251,-0.5870913201770467,-0.6155145360052128,-0.6447572017391323,-0.6748144949485946,-0.7056815278710049,-0.7373534267277604,-0.7698252495927704,-0.8030919854235874,-0.8371485150738156,-0.871989587699562,-0.9076097887365631,-0.9440035083098985,-0.981164909292076,-1.0190878906952694,-1.0577660782582043,-1.0971927391879799,-1.1373607381277573,-1.178262597612223,-1.219890311712879,-1.2622353103566297,-1.3052885775870493,-1.3490403564557774,-1.3934801284151366,-1.438596783105972,-1.4843781937053824,-1.5308112222500059,-1.577881939374104,-1.6255750347584974,-1.6738738656848606,-1.7227607265982714,-1.7722160444695434,-1.8222184956833365,-1.8727453249573478,-1.9237712573865196,-1.975268720812362,-2.0272082093517496,-2.0795568244610263,-2.1322786550783124,-2.1853351744644534,-2.2386834793561183,-2.292276417186212,-2.3460628977091336,-2.3999867382372586,-2.453986719580581,-2.5079950097227077,-2.5619376869899013,-2.615733761328898,-2.6692940615228866,-2.7225215722771035,-2.77530907454413,-2.8275400537684012,-2.879086448216289,-2.929808348106605,-2.979553408662966,-3.02815462003746,-3.075430607309926,-3.12118430002149,-3.1652017662580274,-3.2072513366469213,-3.247083192565589,-3.284428702657019,-3.319000043093563,-3.3362857133118347
-0.1652081011934481,-0.15886216384821683,-0.154909372742984,-0.1529486436322447,-0.15271431037275907,-0.15402096505243712,-0.1567344797688719,-0.16075434982016912,-0.1660033209462508,-0.17242066271410117,-0.1799577864830093,-0.18857503855638225,-0.19823964093175217,-0.20892413736552928,-0.22060524332310205,-0.23326298196788553,-0.24688011772788787,-0.26144150528066845,-0.276933820967562,-0.29334521101989086,-0.3106650521545573,-0.32888374510455787,-0.3479925362866787,-0.3679834767500667,-0.3888491177772124,-0.4105826045055272,-0.4331775178253672,-0.45662777851540604,-0.48092764531526555,-0.5060716368675999,-0.5320544649699332,-0.5588710248017881,-0.5865163680151442,-0.6149856209899163,-0.6442739290829058,-0.6743765770795607,-0.7052887861290769,-0.7370057914110273,-0.7695227617267264,-0.8028347985662654,-0.8369368979390002,-0.871823927289439,-0.9074905941488964,-0.9439314152180467,-0.9811406850978033,-1.0191124404538288,-1.0578404508211792,-1.0973181350958372,-1.1375385184192233,-1.1784942914553342,-1.2201776277711796,-1.2625801488947541,-1.3056930403162248,-1.3495067621271062,-1.3940110288584995,-1.439194976131697,-1.4850467439883164,-1.5315534821939591,-1.5787015660967962,-1.6264760176695425,-1.6748605533370542,-1.7238378490639583,-1.7733887493461498,-1.8234923823847726,-1.8741264741448105,-1.9252662774207119,-1.9768847912119414,-2.028953119365351,-2.081439032057808,-2.134307341509656,-2.1875202944728667,-2.241035832613092,-2.294807719117331,-2.3487858474027457,-2.4029150967901702,-2.4571353927918316,-2.51138013957517,-2.565576743612563,-2.6196456382642896,-2.6734991759946314,-2.727041971756877,-2.7801685334819637,-2.832764188796122,-2.8847028073882783,-2.935846512534146,-2.9860450910604075,-3.03513370577545,-3.0829332324201206,-3.1292488718734077,-3.173868966137139,-3.216564044185466,-3.257086405580223,-3.295169343584986,-3.330526718440008,-3.348205405867519
-0.16178032805540532,-0.15567480146707613,-0.15192855997498977,-0.1501490886028467,-0.15007638408846002,-0.15152898228307787,-0.15437560256243987,-0.15851786986074146,-0.1638801641578702,-0.17040303779618515,-0.17803892709540303,-0.18674901394972743,-0.19650121047574132,-0.20726863815918595,-0.21902850226436232,-0.23176124617392269,-0.24544999697007075,-0.26007992822065784,-0.2756379970705547,-0.29211259990575833,-0.3094933380050513,-0.3277708154254544,-0.34693646442696124,-0.3669825052839304,-0.387901648294231,-0.40968718542471194,-0.43233283553634205,-0.45583265053084077,-0.4801810134643869,-0.5053725621289251,-0.5314021237073474,-0.5582647052073231,-0.5859554671171718,-0.61446964338574,-0.6438024868411496,-0.6739493871231517,-0.7049056718830382,-0.7366666828312995,-0.7692276970187262,-0.8025839259380607,-0.836730478156622,-0.8716623367312382,-0.9073743285211044,-0.9438610939303649,-0.9811170562977534,-1.0191363868192305,-1.0579129955648359,-1.0974404496881807,-1.1377119312110384,-1.178720295139657,-1.2204578905176122,-1.2629165262096675,-1.306087584674942,-1.3499617382654039,-1.394528929500649,-1.4397785346206726,-1.485698954789827,-1.532277621376943,-1.5795012079738657,-1.6273550619111843,-1.6758232513595317,-1.7248888259724593,-1.7745330393972525,-1.8247354627331291,-1.8754742937385438,-1.9267253028561582,-1.9784620495765903,-2.0306562361647074,-2.0832762896227597,-2.1362877329040186,-2.1896535729573396,-2.243332582612656,-2.297279426499921,-2.351444966738725,-2.405775129421439,-2.460210968956944,-2.5146871101237034,-2.5691322717437126,-2.6234682951667643,-2.677609042104101,-2.7314607437028013,-2.784919623522802,-2.837872841095057,-2.8901961912691174,-2.9417538277725086,-2.9923976706184683,-3.041965065270913,-3.0902791546118746,-3.137147437144988,-3.1823605664989456,-3.22569132270768,-3.266894191462552,-3.305704478321869,-3.3418378365383594,-3.3599045156466056
-0.15842942470956078,-0.1525593250934154,-0.14901533015725388,-0.1474133196320837,-0.14749883837525957,-0.1490942864687872,-0.1520711734183111,-0.15633321123911248,-0.1618063816307247,-0.16843249428253326,-0.17616499022805598,-0.18496587049532387,-0.19480372376226018,-0.2056522379163539,-0.21748909842960185,-0.23029516068000522,-0.24405390730624088,-0.258750824518561,-0.27437314475413643,-0.29090950963122086,-0.3083497405563129,-0.32668464087814986,-0.3459058249958735,-0.3660056790157462,-0.38697706904267104,-0.40881343088861044,-0.4315086185591177,-0.45505681237258955,-0.4794525171134767,-0.5046904872217928,-0.5307656628231072,-0.5576731603656127,-0.5854082468303989,-0.6139662614015773,-0.6433425620319122,-0.6735326409051945,-0.7045319298167207,-0.7363358746342863,-0.7689398582349183,-0.8023391996409668,-0.8365291174382783,-0.8715047076806037,-0.9072609138505605,-0.9437924972486078,-0.9810940070293483,-1.0191597458669932,-1.0579837611792042,-1.0975597650238589,-1.1378810927663352,-1.1789407600528712,-1.220731287473864,-1.2632446670594932,-1.3064724738576894,-1.350405587803416,-1.3950341744209505,-1.440347845318768,-1.486335257158311,-1.532984116906233,-1.5802813900541612,-1.6282127424861903,-1.6767625868544744,-1.7259143388107856,-1.7756496529196641,-1.8259485344016446,-1.8767896435024634,-1.9281492584029336,-1.9800014885568928,-2.03231862347808,-2.0850697352234215,-2.138221045043609,-2.191736306903247,-2.2455751111086886,-2.2996930094671075,-2.3540418178631284,-2.408568493894303,-2.4632152049899103,-2.5179177808044795,-2.572606236482955,-2.6272038056092795,-2.681625844238089,-2.7357801850743657,-2.789564755158591,-2.842868534693943,-2.8955692362055974,-2.947533039779382,-2.998613998426208,-3.0486516480842383,-3.097471412713837,-3.144883111754687,-3.1906797447145308,-3.2346363914191376,-3.27650978713748,-3.316037332368149,-3.352936576780081,-3.371386198986047
-0.15515366232659034,-0.1495140998635902,-0.14616813045056354,-0.14473985715275361,-0.14498026025342448,-0.1467155259473163,-0.14981989772449023,-0.15419913286291997,-0.1597807828176423,-0.16650788962602192,-0.17433487912663637,-0.1832245552963352,-0.19314617003816092,-0.20407396649761989,-0.21598610091777548,-0.22886383258011733,-0.2426909926958043,-0.25745337396978485,-0.27313847870900076,-0.28973518892101424,-0.30723354177828455,-0.32562453595561536,-0.3448999643490325,-0.3650523755613033,-0.3860747883513316,-0.4079607794443163,-0.4307043352156592,-0.4542997617432265,-0.4787416830006386,-0.5040249676221631,-0.5301446662812959,-0.557096002527091,-0.5848743475372453,-0.6134751434458963,-0.6428938510333326,-0.6731260627662827,-0.704167312277515,-0.736013147270298,-0.7686590540788352,-0.8021004568370405,-0.8363326816673844,-0.8713509350643633,-0.9071502744908644,-0.9437255794009669,-0.9810715219095822,-1.0191825331866688,-1.0580527948829577,-1.097676160682859,-1.138046115838276,-1.179155833016332,-1.2209980005114307,-1.2635647894390534,-1.3068479631513918,-1.350838604589022,-1.3955270974014722,-1.4409032834253432,-1.4869560693073325,-1.5336734317253686,-1.5810426218516027,-1.629049617447087,-1.6776791685135795,-1.7269150491484808,-1.776739306738706,-1.8271323719907584,-1.87807335847886,-1.9295390423542558,-1.9815040726464672,-2.0339413150942787,-2.0868204751665287,-2.1401084600951137,-2.1937697577984583,-2.2477647624569386,-2.3020498988457927,-2.3565779217137206,-2.411296804883789,-2.4661498128787818,-2.521073964356624,-2.5760005545571563,-2.630854193245691,-2.6855517154879105,-2.7400025403754413,-2.7941062855364907,-2.8477537397207597,-2.900824524491824,-2.953186840792199,-3.004696872759066,-3.055196352541001,-3.104512996678904,-3.1524589659989055,-3.1988296368024915,-3.243402433580261,-3.2859364002515963,-3.3261711099844935,-3.363826106824852,-3.3826536052450327
-0.15195135118029057,-0.14653752869819847,-0.1433854446097671,-0.1421272570877763,-0.14251927119031116,-0.14439138250357253,-0.14762051334862303,-0.1521144251769302,-0.1578022077855401,-0.16462811098647556,-0.1725475258497422,-0.18152404338553918,-0.191527565606342,-0.20253287995448677,-0.21451860416130675,-0.22746639345130326,-0.2413604207371911,-0.2561867791707195,-0.27193323559409066,-0.2885889076408299,-0.3061440439591667,-0.3245898346508458,-0.3439182475279301,-0.36412199041135906,-0.385194231616226,-0.407128685901359,-0.4299194692870767,-0.4535610110033339,-0.47804805172106946,-0.5033755718627075,-0.5295387303019483,-0.5565328553956972,-0.5843534202693013,-0.6129959677691144,-0.642456059254104,-0.6727293852617056,-0.7038115790055199,-0.7356982877535723,-0.7683850989808283,-0.8018675395687902,-0.8361410407508041,-0.8712009169637991,-0.9070423370681535,-0.9436602959911333,-0.9810495860177904,-1.0192047638992952,-1.058120142475616,-1.09778971385468,-1.1382071097950863,-1.179365656447362,-1.2212582060520782,-1.2638771048196107,-1.3072143002153203,-1.351261073705845,-1.396008022289541,-1.4414452129983157,-1.4875617970645072,-1.5343460151077126,-1.5817853978840724,-1.6298662284815801,-1.6785735872501983,-1.7278915993177546,-1.7778026969367366,-1.8282877278052445,-1.879326249814639,-1.9308955274615736,-1.9829707391060158,-2.035525315834674,-2.0885295850173846,-2.1419511276748016,-2.195755152742074,-2.2499028447647396,-2.3043514873440585,-2.359054759240231,-2.413961635224937,-2.469016460955009,-2.5241574281046453,-2.5793170956064815,-2.6344214330892735,-2.6893887389072058,-2.744130002876166,-2.7985465196274872,-2.852530873498005,-2.9059645853687974,-2.9587178702070616,-3.0106490398093264,-3.0616020262842323,-3.111406847925946,-3.1598780246494593,-3.2068133372473215,-3.2519925960110663,-3.295177208331251,-3.3361089929733687,-3.374509580981649,-3.3937098749857895
-0.1488208397528501,-0.1436280514019561,-0.14066579208091845,-0.1395741099473602,-0.14011452619873133,-0.14212057047271465,-0.14547178974755326,-0.15007790928089904,-0.15586952634327744,-0.1627920743697331,-0.1708018904204689,-0.17986333689128386,-0.18994695300706965,-0.20102805972712634,-0.21308572714118235,-0.22610199858694724,-0.2400613819202313,-0.2549502647906765,-0.2707566733294531,-0.2874699561109306,-0.30508056904106073,-0.32357988981457364,-0.3429600576401626,-0.363213936335427,-0.38433484072817325,-0.4063166207828317,-0.42915351948973335,-0.45284008667174636,-0.47737117725292766,-0.5027418810841455,-0.5289474629380342,-0.5559833537323922,-0.58384512633749,-0.6125284221206062,-0.6420289008182811,-0.6723423488737446,-0.7034644968740178,-0.7353910894313476,-0.7681178128961186,-0.8016402945870693,-0.8359540684767408,-0.8710545545033588,-0.9069370304005453,-0.9435966039496924,-0.9810281848793068,-1.019226452673827,-1.0581858483880824,-1.0979004994227104,-1.1383641807397593,-1.1795703685146819,-1.2215120752602449,-1.2641818183785514,-1.307571725348855,-1.351673271780629,-1.3964772633451306,-1.4419739873426263,-1.4881528343017925,-1.5350023031295068,-1.5825101981902234,-1.6306631014736395,-1.6794464168059964,-1.7288446130659163,-1.7788404995520923,-1.8294153326003926,-1.880549105554652,-1.9322195617755389,-1.984402398851326,-2.0370716024881497,-2.090198110580588,-2.1437501658739255,-2.1976936855125695,-2.2519906309994453,-2.3065991306965072,-2.361473772582934,-2.416564517119113,-2.4718167751215048,-2.5271698952008093,-2.5825576834320962,-2.637907452755106,-2.6931389487365176,-2.748164715805368,-2.8028877113697948,-2.8572023016182166,-2.910991896010445,-2.9641287154511473,-3.016473194418251,-3.0678714668369467,-3.1181558597015044,-3.167143267081207,-3.2146338988586876,-3.2604099886475586,-3.3042353580026327,-3.345854139532356,-3.384990138669633,-3.4045581382382712
-0.1457605138616591,-0.1407841437863766,-0.13800772712229126,-0.1370790399505717,-0.13776471296245152,-0.139901835870182,-0.14337252710450166,-0.14808843607516664,-0.1539816371974645,-0.16099872379542468,-0.16909696000757535,-0.17824146423264242,-0.18840340022820978,-0.19955861187086477,-0.21168661263069044,-0.22476982625820874,-0.23879308890619733,-0.25374307687171527,-0.2696080704154946,-0.2863776444464561,-0.3040424579808798,-0.3225940725380072,-0.3420247952642397,-0.3623276428086353,-0.3834960735224602,-0.4055240697986351,-0.42840599897184806,-0.4521365289464008,-0.4767106265022747,-0.5021234886047887,-0.5283704836699377,-0.5554471429749741,-0.5833491369774846,-0.6120722034202108,-0.6416120982627671,-0.6719647017360719,-0.7031258396411166,-0.7350913517627067,-0.7678570211120173,-0.8014185731859857,-0.8357716423787576,-0.8709117517437637,-0.9068342854213096,-0.9435344614873831,-0.981007304449899,-1.019247613743146,-1.058249955730517,-1.0980085900454073,-1.138517431624475,-1.179770103287514,-1.2217597742269382,-1.2644791292193869,-1.3079204717484139,-1.352075467277425,-1.3969351255736617,-1.4424899493824084,-1.4887295633480457,-1.5356427191234534,-1.583217488824884,-1.6314407470419567,-1.6802982143328205,-1.7297746961816296,-1.7798533712503284,-1.8305158962983792,-1.8817426914040203,-1.933511969454027,-1.98579993730722,-2.0385811247103813,-2.091827068843999,-2.145506662246033,-2.1995865175969853,-2.254029360057208,-2.3087941487696106,-2.3638363662107698,-2.4191069433002976,-2.4745523400411806,-2.5301130458289967,-2.585724097206754,-2.6413141336674495,-2.6968043315957035,-2.7521087735141503,-2.8071320647877984,-2.861770338999925,-2.915908882496004,-2.96942191284828,-3.022171980808863,-3.0740074221740965,-3.124762877460113,-3.1742576274283283,-3.222294332669634,-3.268657684147652,-3.31311396427183,-3.355409683177074,-3.3952709029570425,-3.4152015128470268
-0.1427687958065249,-0.13800431681443293,-0.13540983794897432,-0.1346407041720621,-0.135468550986384,-0.13773395554823598,-0.1413215554930014,-0.14614488543409632,-0.1521374671365594,-0.15924703049265965,-0.1674317481336507,-0.17665747934214604,-0.18689599994328177,-0.1981236663102015,-0.21032042646595972,-0.22346907700268037,-0.23755477583460305,-0.2525644821540274,-0.268486725278394,-0.2853113019224196,-0.3030290701360183,-0.32163177155930534,-0.34111187787748687,-0.36146255546176675,-0.38267740325077515,-0.4047505333396595,-0.42767643483023754,-0.45144989124441537,-0.47606597886642454,-0.5015199995076935,-0.5278074230167462,-0.5549238788734145,-0.5828651330095802,-0.6116270174430838,-0.6412053822475894,-0.6715961993694952,-0.7027953877113413,-0.7347988801067462,-0.767602554062341,-0.801202231044984,-0.8355936436052369,-0.8707724155795793,-0.9067340351048614,-0.9434738280505561,-0.9809869311005137,-1.0192682609193149,-1.0583125063384324,-1.098114056233923,-1.1386669623606238,-1.1799649908781573,-1.222001464146305,-1.2647692305826075,-1.3082607657535883,-1.3524679207799428,-1.397381905045103,-1.4429934320179694,-1.4892923553843307,-1.5362676741136783,-1.5839077223347653,-1.6321996610564549,-1.6811295209512522,-1.7306824370961427,-1.7808419499686146,-1.831590108676695,-1.8829077514605275,-1.9347735515390707,-1.9871642152287428,-2.040054805888958,-2.0934174488874135,-2.147221674758071,-2.2014347791828537,-2.2560202377936545,-2.3109378266286673,-2.3661439080207125,-2.4215903681627737,-2.4772247002874836,-2.532988518371271,-2.5888180726497456,-2.6446433122334634,-2.700386827645107,-2.755964222611429,-2.8112817350869457,-2.866237250924386,-2.9207179207687006,-2.9745999484772523,-3.027747993319035,-3.080012591302783,-3.1312306992620775,-3.1812239947676066,-3.2297976078720536,-3.2767387175447693,-3.321816109862741,-3.364778731731677,-3.4053549791762894,-3.4256431028985954
-0.13984414353627184,-0.13528711576658026,-0.132870745899627,-0.13225779171204266,-0.13322479077169103,-0.13561573637737023,-0.13931773406650194,-0.14424616540509305,-0.1503359702405671,-0.15753599212215974,-0.1658052939110588,-0.17511046091520654,-0.18542386877580253,-0.19672237611911836,-0.20898635684325484,-0.22219897293853652,-0.23634569765562663,-0.2514137674267891,-0.2673919556395843,-0.2842702763628635,-0.3020397826735799,-0.32069239269303385,-0.340220739306063,-0.36061813555188227,-0.38187831807359185,-0.403995525991907,-0.4269643676466872,-0.4507797397601765,-0.4754368258148123,-0.5009310302442449,-0.5272579221627494,-0.5544132271400048,-0.582392804512688,-0.6111925785174721,-0.6408084912779,-0.6712366044285378,-0.7024729279071051,-0.7345134855193169,-0.7673542471499983,-0.8009911280774107,-0.835419956794281,-0.870636455641316,-0.906636214396217,-0.9434146642782748,-0.9809670516030433,-1.0192884076079878,-1.0583735408170591,-1.0982169664263575,-1.1388128699238553,-1.1801551575790548,-1.2222373014845633,-1.265052310047854,-1.3085928270830216,-1.352850885262158,-1.3978178892000814,-1.4434847584680055,-1.4898415708236579,-1.5368775672333745,-1.5845813382143525,-1.6329403251341912,-1.6819408622868348,-1.7315684074605375,-1.7818068555348732,-1.8326386400294603,-1.8840450089187666,-1.936005086703818,-1.9884960694911524,-2.0414935439763027,-2.094970212757463,-2.148896232706665,-2.2032395701144236,-2.2579644380183783,-2.313031415567679,-2.3683977304002513,-2.424016208851698,-2.479835361458127,-2.5357979105388173,-2.5918413031671528,-2.6478967809838494,-2.703888331716331,-2.759733063072256,-2.8153388297250337,-2.8706052540532156,-2.9254213375807914,-2.9796652590226955,-3.033203777133947,-3.0858896248499854,-3.1375620761872,-3.1880452133272064,-3.237146651787526,-3.284656085946991,-3.3303448446108415,-3.373964366384957,-3.4152454536133634,-3.4358859972275653
-0.13698504983536974,-0.1326311194275398,-0.1303891046261496,-0.12992902288935237,-0.13103221301460355,-0.1335460144522349,-0.1373599502731082,-0.14239121143313493,-0.14857612711696166,-0.15586463202394985,-0.16421666130248536,-0.17359951168522958,-0.18398614658952095,-0.1953539168269014,-0.2076836136408966,-0.22095875710366197,-0.23516512948644763,-0.2502902389028616,-0.2663230979090825,-0.28325393355321804,-0.3010739900016768,-0.31977535828124903,-0.33935082919627213,-0.35979385945430487,-0.3810983205723595,-0.40325857606959836,-0.42626935104213004,-0.45012565304138885,-0.474822770486627,-0.5003562082536162,-0.526721632599414,-0.5539148631135138,-0.5819318505111193,-0.6107686092345688,-0.6404211714373442,-0.6708856864584556,-0.7021582532497073,-0.7342349845582019,-0.7671119405767923,-0.8007851282851419,-0.8352504699540075,-0.8705037842010821,-0.9065407601431597,-0.9433569319611923,-0.9809476531166039,-1.0193080668226218,-1.0584330985834667,-1.0983173870591445,-1.138955248455198,-1.1803407259937337,-1.2224674381423384,-1.2653285497278066,-1.30891686906085,-1.3532246063477027,-1.3982433571434028,-1.4439642425980947,-1.4903775596749158,-1.5374727861251491,-1.5852387633440435,-1.6336632071154433,-1.6827327489850052,-1.732433162700442,-1.7827486902626255,-1.8336621418031163,-1.8851551667470878,-1.9372073319710803,-1.989796313850034,-2.0428982122912553,-2.096486296310429,-2.150531337601125,-2.205001960814923,-2.259863103454307,-2.315076134103977,-2.37059913125397,-2.4263858463180576,-2.482385791253694,-2.538542780468034,-2.594795440958797,-2.6510762896822304,-2.707310694413556,-2.763417249319533,-2.819305409460471,-2.8748765174272495,-2.930021411424799,-2.9846202326180626,-3.0385418290176713,-3.0916411256567797,-3.143759712763555,-3.1947240827194854,-3.2443443498719358,-3.2924127482799825,-3.3387031849107904,-3.3829696408100185,-3.424945392269657,-3.4459332679994765
-0.13419004152910308,-0.1300349392933331,-0.12796359930351553,-0.12765314845692988,-0.12888962782779956,-0.1315236543212306,-0.13544711909381224,-0.14057898560944082,-0.14685694416052275,-0.15423199848987323,-0.16266493840666474,-0.17212375772333033,-0.18258199580274415,-0.19401748574796596,-0.20641142776540722,-0.2197476928183173,-0.23401236599125408,-0.24919322161618407,-0.26527950660104604,-0.2822616566739322,-0.30013110322237857,-0.31888010666565325,-0.3385016125057927,-0.35898921817352214,-0.3803369272806556,-0.4025392251665094,-0.4255909512484557,-0.44948722158140164,-0.47422342730412126,-0.49979517159757236,-0.5261982157812373,-0.5534284714369786,-0.5814819786742698,-0.6103548401704462,-0.6400431761319991,-0.6705432216618457,-0.7018511627490787,-0.7339631990960438,-0.7668754791800181,-0.8005840996192948,-0.8350850743474636,-0.8703743160826116,-0.9064476110312025,-0.9433005940023387,-0.9809287231740127,-1.019327251197688,-1.0584912179073536,-1.0984153826355536,-1.1390941893578477,-1.180521815162816,-1.222692021610161,-1.2655981264541483,-1.3092330988337064,-1.3535893225590456,-1.398658579925871,-1.4444321892359335,-1.490900661892458,-1.5380537073258704,-1.5858804124106118,-1.6343687615208768,-1.683505677205832,-1.7332772425488363,-1.7836680395227678,-1.834661247207614,-1.8862389083386444,-1.938381023404634,-1.991065739673059,-2.044269660290987,-2.097966610024138,-2.1521279640146163,-2.2067229931757137,-2.261717346663872,-2.3170731689387547,-2.3727493749959083,-2.4287006263393196,-2.484877420522058,-2.541224647783613,-2.5976820980928905,-2.6541835464034547,-2.7106557231862616,-2.7670186912796546,-2.8231834893778895,-2.8790531634469874,-2.934520373451077,-2.9894672096806016,-3.0437645980429693,-3.0972696493782035,-3.1498262674100275,-3.2012633581964156,-3.2513935457520624,-3.3000116250718414,-3.346894113215798,-3.3917975803454237,-3.4344578396943466,-3.455787969368809
-0.1314576787070365,-0.1274972187981227,-0.12559294586120817,-0.12542894883842415,-0.12679587398447545,-0.12954754823841785,-0.13357818230421703,-0.13880847594367474,-0.14517745283695316,-0.15263716405951033,-0.1611492367676881,-0.1706823477616526,-0.18121060072628925,-0.19271230133524053,-0.20516905052050394,-0.21856506307056378,-0.23288672078349837,-0.24812205884134908,-0.2642605537707565,-0.2812928457558872,-0.29921054960495574,-0.3180060916792238,-0.3376725690146021,-0.35820371687289576,-0.3795936682332801,-0.4018370277246275,-0.42492874669706193,-0.4488640474277439,-0.47363842160121905,-0.49924756860926234,-0.525687342795389,-0.5529537457480416,-0.5810429050280286,-0.6099510096186922,-0.6396742658448584,-0.670208992674981,-0.7015514612018547,-0.7336979561410661,-0.7666447122757436,-0.8003879138464898,-0.8349236643822477,-0.8702479685744668,-0.9063567075211942,-0.943245614379129,-0.98091024966942,-1.0193459730017063,-1.0585479359499717,-1.0985110157911038,-1.1392297813899166,-1.1806985406847659,-1.2229111951177707,-1.265861211956043,-1.309541717579199,-1.3539452655566109,-1.3990638208146056,-1.4448888944739613,-1.491411207711546,-1.5386206966357951,-1.5865066883111734,-1.6350574299908605,-1.6842601290994352,-1.734101171558211,-1.7845654722932203,-1.8356365718042111,-1.8872968981378246,-1.9395268767745333,-1.9923051166443329,-2.0456087143146506,-2.099412039780313,-2.1536870604048186,-2.2084036814144947,-2.2635282509428145,-2.3190236758851346,-2.3748496935090624,-2.4309618605071415,-2.4873116442701515,-2.543844994629152,-2.6005028475495684,-2.6572202185823457,-2.713925183374122,-2.7705392554130848,-2.8269750398917104,-2.8831372688345236,-2.9389204083718035,-2.9942084837379257,-3.048874486319042,-3.102777705088111,-3.1557643528915045,-3.2076657509262696,-3.258297041292607,-3.307455598277903,-3.354920577586956,-3.4004511812359444,-3.443785817885367,-3.465453136210078
-0.1287865539651989,-0.12501663256019313,-0.12327589023435337,-0.12325523338614364,-0.12474981818377806,-0.12761661543778668,-0.1317521077583983,-0.13707869565855457,-0.1435367089894113,-0.1510792248391235,-0.1596686907070488,-0.16927445253918094,-0.17987116692410599,-0.1914376025555109,-0.20395575299838598,-0.21741016992349316,-0.2317875258495139,-0.24707611153396147,-0.26326562847225343,-0.2803469171552164,-0.2983117720786632,-0.3171527821572484,-0.33686319285382016,-0.35743687442255645,-0.37886808653240234,-0.4011515506193719,-0.424282327622838,-0.4482557438056256,-0.47306738926664593,-0.4987130575560217,-0.5251886940444317,-0.5524903883816323,-0.5806143536777109,-0.6095568633338377,-0.6393142078998881,-0.6698827883527603,-0.7012589589977303,-0.7334390876648111,-0.7664194935083746,-0.8001964464204425,-0.8347661375048165,-0.8701246613471936,-0.9062679917893668,-0.9431919581073034,-0.9808922208457638,-1.0193642441495676,-1.0586032888014518,-1.0986043473568685,-1.1393621107537166,-1.1808710148316637,-1.2231250977773334,-1.2661179730314664,-1.3098429207059281,-1.354292660367995,-1.3994593355528107,-1.4453346459598615,-1.4919095179709574,-1.5391741094735956,-1.587117982541142,-1.6357296417075284,-1.6849965732627536,-1.7349054595931834,-1.7854415416876046,-1.8365887140708193,-1.8883297822429257,-1.9406455881974982,-1.993515193442763,-2.046916178299618,-2.1008234476187604,-2.1552095499054014,-2.2100450129029836,-2.2652968711834642,-2.3209287807647083,-2.3769012870731854,-2.4331708271832064,-2.48968982264427,-2.5464052666668846,-2.6032592242342223,-2.6601879340336088,-2.717120799224948,-2.7739807657200077,-2.830681987728001,-2.8871308655776695,-2.943223655351046,-2.9988463022461054,-3.053873849716693,-3.108167755887997,-3.1615765367857427,-3.2139339282901744,-3.2650575966920834,-3.3147475111438727,-3.362785491290443,-3.4089334099308255,-3.452932325257024,-3.4749317829201236
-0.12617529166536467,-0.12259188564638368,-0.12101120763463591,-0.12113083965856752,-0.12275035433668702,-0.12572980142839807,-0.12996788869439335,-0.13538868250626557,-0.14193379216649316,-0.1495572998422956,-0.1582224566775814,-0.16789926416955758,-0.17856292059512668,-0.19019264828659121,-0.20277082549167158,-0.2162823339431963,-0.23071413099247096,-0.24605475779122532,-0.26229413623577447,-0.2794233030477322,-0.29743422874444203,-0.31631966146619117,-0.3360729920526939,-0.35668822296366365,-0.37815973793053903,-0.40048237276051335,-0.423651295684091,-0.44766193475604954,-0.4725099764007368,-0.49819130631534314,-0.524701958941054,-0.5520381100842631,-0.5801960565419151,-0.6091721542848649,-0.6389627762354078,-0.6695644035623172,-0.700973471933497,-0.7331864304366942,-0.7661996807062144,-0.800009576358951,-0.8346123940984995,-0.8700043163734295,-0.9061814076699148,-0.9431395912060214,-0.9808746252834899,-1.0193820762142813,-1.0586573115168862,-1.0986954364196055,-1.1394912611812469,-1.1810393466606506,-1.22333386472111,-1.266368571711629,-1.3101368980455996,-1.3546317256086127,-1.399845372609132,-1.445769723175827,-1.4923959044223167,-1.5397142912170647,-1.5877146755673976,-1.636385813800545,-1.6857154651789719,-1.735690602303852,-1.786296785463759,-1.8375182559462466,-1.8893381889862892,-1.9417378347536096,-1.9946966983955483,-2.048192834471907,-2.10220167246441,-2.1566963310893805,-2.211647948966311,-2.2670242347083147,-2.322789580274154,-2.378905325262104,-2.4353287724246053,-2.4920132818797014,-2.5489068740474963,-2.605952725961691,-2.6630882819437596,-2.720244254886317,-2.777345004722387,-2.8343062168851407,-2.891035941856157,-2.9474322088814175,-3.003382867398985,-3.058764998590252,-3.1134422195193245,-3.1672653419608285,-3.2200705141973596,-3.2716779306060704,-3.32189016810544,-3.3704917324407666,-3.417247202437662,-3.4619003356723965,-3.484226902289764
-0.12362254721109966,-0.12022171285510641,-0.11879770183966798,-0.11905463271839611,-0.12079640287225857,-0.12388607731033119,-0.12822454306018471,-0.13373749810567936,-0.1403678049716195,-0.14807053035177375,-0.15680971263836163,-0.1665559955297491,-0.17728510797636599,-0.18897671673472338,-0.20161357692636273,-0.21518089364669368,-0.22966590329625003,-0.24505739233164903,-0.26134549856347,-0.2785214509414713,-0.2965773924041182,-0.3155062270501663,-0.3353014881019467,-0.35595730748949617,-0.3774681904287869,-0.39982908470845846,-0.4230352635959056,-0.447082254787623,-0.4719658389855663,-0.49768199206288166,-0.5242268356149493,-0.5515966297394259,-0.5797877530965723,-0.6087966424183744,-0.638619751186531,-0.669253638984646,-0.7006948210342756,-0.7329398258651976,-0.7659851357427305,-0.7998271861253459,-0.834462337386177,-0.8698868578512764,-0.9060969005999064,-0.943088480664378,-0.9808574518888946,-1.0193994804384543,-1.058710038150612,-1.0987843403800879,-1.1396173140164167,-1.181203642120665,-1.2235376272333731,-1.266613165419117,-1.3104238340375662,-1.3549626736932607,-1.4002221734172648,-1.4461943977067016,-1.4928706700278127,-1.5402415775310097,-1.5882971371864896,-1.6370263517373251,-1.6864172476400041,-1.7364570815814773,-1.7871317265129472,-1.8384257633536905,-1.8903227294929215,-1.9428042750802454,-1.9958503401077299,-2.0494394440114583,-2.1035475308284868,-2.158148278705807,-2.213213425654159,-2.2687113420752247,-2.324607142822943,-2.380862947811868,-2.437436910879842,-2.4942833152213018,-2.551351192350926,-2.608584814412307,-2.6659228138360858,-2.7232971953718654,-2.780633714422187,-2.8378495695736583,-2.8948544429504453,-2.9515481196470295,-3.007820336928524,-3.06355019849619,-3.1186034689784035,-3.1728332470623677,-3.2260780894177885,-3.2781607202962024,-3.328886334722825,-3.3780421436882757,-3.4253954637298523,-3.470692797538491,-3.493341464442809
-0.12112700634179241,-0.1179048780167058,-0.11663420450149786,-0.11702550444863125,-0.11888691006356478,-0.1220844391100373,-0.1265211128600896,-0.13212422730028983,-0.13883787243251788,-0.14661807930154147,-0.15542965744996806,-0.16524387966883047,-0.17603699476556045,-0.1877891048717606,-0.20048333431357257,-0.21410520496911722,-0.22864222660798905,-0.24408342599318011,-0.26041915244383596,-0.27764082320689276,-0.29574075010709855,-0.31471198999404315,-0.33454821553358105,-0.35524368544213036,-0.37679302389033165,-0.39919128830447903,-0.42243385477847006,-0.44651634854184774,-0.4714346425674254,-0.4971848009730495,-0.5237630306310415,-0.5511656741034932,-0.5793891901291648,-0.6084300944308785,-0.6382849192758222,-0.6689503009241538,-0.7004228323817641,-0.7326991198452593,-0.7657757244032171,-0.7996491615148704,-0.8343158733363776,-0.8697722121307816,-0.9060144175660589,-0.9430385944095176,-0.9808406898835775,-1.0194164677453044,-1.0587615017894514,-1.0988711150086816,-1.1397403482939827,-1.1813640041550721,-1.2237365128776156,-1.266851907119526,-1.3107039079059746,-1.355285711039711,-1.4005899726062365,-1.446608933497906,-1.493334109246347,-1.5407562946820441,-1.5888657268697592,-1.6376516496981575,-1.6871023511528582,-1.7372053659967746,-1.78794687333097,-1.8393117867049114,-1.8912839982184737,-1.9438455499442453,-1.9969768080689065,-2.05065674769378,-2.1048618174848155,-2.159566244390576,-2.214742354485777,-2.2703591678555846,-2.3263825093431167,-2.382775265460668,-2.4394964266563846,-2.4965011838157025,-2.5537395634992355,-2.611156916060642,-2.668693044509318,-2.7262812275026693,-2.7838485972370264,-2.841313847135818,-2.8985882721331735,-2.955573395372957,-3.0121608248960485,-3.068231670907595,-3.123653833133416,-3.178282687009326,-3.2319591919310384,-3.2845086018036707,-3.335738737648375,-3.385439531948975,-3.433381067205837,-3.479312632962253,-3.5022784158404594
-0.11868738444182902,-0.1156401733108714,-0.11451957447239369,-0.11504237288764152,-0.11702084737161833,-0.12032390713538899,-0.12485666352051172,-0.13054797753493386,-0.13734314139033366,-0.1451991306784528,-0.15408151028912798,-0.1639621692361093,-0.17481786556319268,-0.18662912789155772,-0.19937944222041537,-0.21305464074914404,-0.22764250103850525,-0.24313228524943664,-0.2595145498829776,-0.27678089662397376,-0.2949238027131207,-0.31393647460220553,-0.3338127215159581,-0.3545469263233958,-0.37613382966823483,-0.3985685963153518,-0.4218467030176143,-0.4459638704708224,-0.4709160619515318,-0.4966994279305137,-0.5233102587179683,-0.550744977551898,-0.5790001215022267,-0.6080722835499097,-0.6379580730121459,-0.6686542011253627,-0.700157336949303,-0.7324641626115236,-0.7655713162567412,-0.7994753915455233,-0.8341729105731277,-0.8696603076433052,-0.9059339070538686,-0.9429899012755483,-0.9808243287940055,-1.0194330487489855,-1.0588117345845083,-1.0989558144991696,-1.1398604408154211,-1.1815205328003842,-1.2239306456183208,-1.2670849454674338,-1.3109772938304065,-1.3556010382640205,-1.4009489982217627,-1.4470135871030854,-1.4937865083084256,-1.5412587598417904,-1.5894207940947425,-1.6382620909372925,-1.6877711943307228,-1.7379359112219328,-1.7887427204713813,-1.840176861385756,-1.892222573467306,-1.944862282793225,-1.998076773238222,-2.051845466508617,-2.1061453061223867,-2.160951057352589,-2.2162356231693825,-2.2719686613860812,-2.3281166940726017,-2.3846433607616735,-2.4415084741609583,-2.4986681175762637,-2.556073296642569,-2.6136704230779295,-2.671400452950934,-2.7291979208246553,-2.7869913169135896,-2.844700810945233,-2.9022392915436512,-2.9595100016611697,-3.0164064024743142,-3.072811593924485,-3.1285955973427257,-3.1836160534978784,-3.2377163172902566,-3.2907241701457366,-3.3424500646258792,-3.392686668174938,-3.441206854198081,-3.4877627369655606,-3.5110406783492976
-0.11630242586639916,-0.11342641860148106,-0.11245269714825756,-0.11310418158219093,-0.11519721080883727,-0.11860352534867058,-0.1232302832737453,-0.129007878251719,-0.13588277990763675,-0.143812888942918,-0.15276451008228165,-0.1627101359278571,-0.17362702333318936,-0.1854961186841253,-0.19830126225854894,-0.21202859023241594,-0.22666614248039174,-0.24220341174194804,-0.25863115745246024,-0.27594116194553653,-0.2941260644710342,-0.31317921799276505,-0.3330945654635764,-0.35386661132077446,-0.3754902102468982,-0.397960632090677,-0.42127345213867073,-0.44542448452689065,-0.47040978090826524,-0.4962255762526846,-0.5228682425074016,-0.5503342818348855,-0.5786203079257257,-0.6077229893236114,-0.6376390106975105,-0.6683651565968063,-0.6998981704430696,-0.7322348085974095,-0.7653717845330643,-0.7993057683528981,-0.8340333602893102,-0.8695510748334634,-0.905855318998805,-0.9429423709740092,-0.9808083584416538,-1.019449233764802,-1.0588607677816775,-1.099038491519999,-1.1399776662217587,-1.1816733252810518,-1.2241201459381346,-1.2673124249466428,-1.3112441611094594,-1.3559088503688477,-1.4012994719391658,-1.4474086079227177,-1.4942281454807693,-1.5417492813782463,-1.5899626786641585,-1.638858048130265,-1.688424184269488,-1.7386491604365117,-1.7895197489821157,-1.8410215082238945,-1.8931390178918317,-1.9458550802870178,-1.9991508886083142,-2.0530063022566103,-2.107398749974976,-2.16230352503628,-2.217694096297129,-2.2735407474955283,-2.3298106853126055,-2.3864682888698474,-2.443474178913685,-2.500785316021603,-2.5583536690190978,-2.61612669420892,-2.6740464832258004,-2.732048808502574,-2.7900634994192264,-2.8480121832869965,-2.9058093230455273,-2.9633598628131863,-3.020559098720077,-3.0772921029793565,-3.133431004074061,-3.1888356955121098,-3.243351919000148,-3.296809979533988,-3.349022964519793,-3.3997862871635753,-3.4488756335300352,-3.4960459767571894,-3.5196311483707663
-0.11397090328264525,-0.11126246078689839,-0.11043248382895943,-0.11120989895712086,-0.11341502031896322,-0.11692236075773188,-0.12164108256098594,-0.12750308030429203,-0.13445597669452525,-0.14245857846719723,-0.1514779149568657,-0.16148706995218198,-0.17246378888056135,-0.1843894273278579,-0.1972481725902142,-0.2110264585913013,-0.22571258214236778,-0.24129626182982644,-0.2577684558531912,-0.2751211234756523,-0.2933470626123702,-0.312439769706363,-0.3323933186609951,-0.35320233294668935,-0.3748617788967845,-0.39736702923305334,-0.42071375569203706,-0.44489786386425756,-0.46991549189010495,-0.4957629574228406,-0.5224367122829809,-0.5499333358424785,-0.5782495167385271,-0.607381997418166,-0.6373275362406394,-0.6680829894417206,-0.6996451731495101,-0.7320109162994637,-0.7651770060040697,-0.7991401870894199,-0.8338971361635084,-0.8694444460938255,-0.9057786047389937,-0.9428959740653831,-0.9807927689331475,-1.0194650328189336,-1.0589086317512209,-1.0991191972639536,-1.140092097063805,-1.1818224761005025,-1.2243051309508424,-1.267534486004962,-1.3115046743183978,-1.356209336923997,-1.4016416092679451,-1.447794238433242,-1.4946592913209544,-1.5422281591361164,-1.590491711013331,-1.6394398837082935,-1.6890617169100564,-1.7393455447189288,-1.790278426826064,-1.841846233939215,-1.8940338789736888,-1.9468245328100986,-2.0001997897490797,-2.05413993812531,-2.108622882429001,-2.163624433761402,-2.2191186160165355,-2.2750763272074703,-2.331465446160519,-2.3882510783036603,-2.4453946383367064,-2.5028539490891344,-2.560581926789629,-2.618527055624098,-2.67663254534084,-2.734835388191348,-2.793066733812488,-2.8512496482187677,-2.9093001490680948,-2.9671248626392477,-3.0246209013371717,-3.0816752915378554,-3.138162253523913,-3.1939439198410633,-3.2488684089079065,-3.302768543612855,-3.3554600473730933,-3.406741087404064,-3.4563901811191733,-3.5041651910598937,-3.5280526960302536
-0.11169161702635488,-0.10914717316665712,-0.10845787109488025,-0.10935851770261795,-0.11167331917472101,-0.11527950282474997,-0.12008819345161736,-0.12603275538913827,-0.13306194055222598,-0.14113544299185765,-0.15022100171020458,-0.16029227951062097,-0.1713275003471182,-0.18330842059779417,-0.1962195674505507,-0.2100476664615547,-0.22478126609977167,-0.24041030615400416,-0.25692593949444564,-0.27432029866323315,-0.2925863369594106,-0.3117176913289166,-0.3317085639004125,-0.3525536946905383,-0.3742481593415947,-0.3967874312802433,-0.42016727665057374,-0.44438369055110893,-0.46943289575942515,-0.4953112908330448,-0.5220154057384851,-0.5495418953783027,-0.5778875216975399,-0.6070490994229738,-0.6370234589783808,-0.667807526694908,-0.6993981897887247,-0.7317923481469091,-0.7649868608700316,-0.7989785458269782,-0.8337641542797369,-0.8693403557022306,-0.9057037169699855,-0.9428506819316285,-0.9807775506514016,-1.0194804556577397,-1.0589553560157672,-1.0991979814957809,-1.1402038038693663,-1.181968077129003,-1.2244857145096155,-1.2677512651839251,-1.311758993460721,-1.356502682240568,-1.4019756197489075,-1.4481707144077482,-1.4950802089221504,-1.5426956847069073,-1.5910082125053293,-1.6400079501802,-1.6896841773874183,-1.740025483422869,-1.7910192092861932,-1.8426515315781655,-1.8949076894876349,-1.9477712149655213,-2.0012240953325655,-2.055247039244512,-2.109818417610365,-2.1649145493410016,-2.220510002679521,-2.276576278419573,-2.333081915219015,-2.389992731682522,-2.4472709225185185,-2.5048751579235695,-2.562759285848115,-2.620872801747931,-2.6791600160867013,-2.7375591228851692,-2.7960025730930482,-2.8544148524130564,-2.9127135134312754,-2.970806845254381,-3.0285937574301314,-3.085963211793963,-3.1427915042365973,-3.1989429916012,-3.254268157606044,-3.308602335717503,-3.361763884492058,-3.413553730959212,-3.4637532396243453,-3.512123189490751,-3.536308164423954
-0.10946339447284181,-0.10707945482382186,-0.10652782019957563,-0.10754905417733607,-0.10997117339186513,-0.11367406289111148,-0.11857076908023956,-0.1245960954943337,-0.1316998998337704,-0.13984274509848404,-0.14899306529536638,-0.15912509029674116,-0.17021751272263685,-0.1822524814909965,-0.19521485668596572,-0.20909164949405312,-0.22387165486033034,-0.23954502921696985,-0.25610311608736946,-0.27353821770990105,-0.2918434395469349,-0.3110125561275101,-0.3310398951319904,-0.35192031068367324,-0.37364898543743585,-0.39622149139895146,-0.419633687117682,-0.44388165529292145,-0.4689617015259273,-0.4948703035363655,-0.5216040677451739,-0.5491597229418277,-0.5775341027752123,-0.606724092663069,-0.6367265935032895,-0.6675386001660399,-0.6991570693729798,-0.7315789703761233,-0.7648012326501474,-0.7988207454637575,-0.8336343330505036,-0.8692387397610801,-0.9056306097015465,-0.9428064667498681,-0.9807626942464731,-1.0194955117566629,-1.0590009692778235,-1.0992748925979567,-1.1403128552083253,-1.182110217687793,-1.22466200731135,-1.2679628952436017,-1.3120072741138689,-1.3567890655381998,-1.402301707143705,-1.4485382651283407,-1.495491154148998,-1.5431521416887417,-1.59151249571583,-1.6405625904425625,-1.6902919403667394,-1.7406893845404836,-1.7917425393560338,-1.8434378809321972,-1.8957609679488563,-1.948695686051538,-2.002224407639086,-2.05632825322295,-2.1109860509510137,-2.16617461767844,-2.221869055469572,-2.2780414565607754,-2.3346610072822127,-2.3916942264411656,-2.449104074954689,-2.50685005564234,-2.564886932608512,-2.623165196064048,-2.6816302398568137,-2.740221441745194,-2.7988725350315047,-2.8575094059813955,-2.916051122154528,-2.974407615861263,-3.0324795742478594,-3.0901578753598224,-3.1473208737225478,-3.2038351347635885,-3.2595534948462954,-3.3143137891495256,-3.3679370085567983,-3.4202268433812186,-3.470967518135648,-3.5199227519928487,-3.5444003689214463
-0.10728508942321469,-0.1050582300216929,-0.10464131647784924,-0.10578054782748314,-0.10830767115945772,-0.11210517361912586,-0.11708798309959523,-0.12319231236406214,-0.1303691019209241,-0.13857976569890962,-0.14779341832247272,-0.15798484501066135,-0.1691331973723953,-0.18122100876654113,-0.1942334653077582,-0.2081578579218757,-0.2229832229444506,-0.23869992897680437,-0.25529950625269304,-0.2727744231908691,-0.2911179342574677,-0.3103239486995868,-0.3303869171266127,-0.35130180537625844,-0.37306390086364605,-0.3956688720896384,-0.41911266804652847,-0.44339145716512096,-0.46850162609408663,-0.4944397300086445,-0.5212024501277668,-0.5487865875186904,-0.5771890459643103,-0.6064067800185979,-0.636436759497716,-0.6672760462887117,-0.6989216650708174,-0.7313706529099795,-0.7646200080767551,-0.7986666896341754,-0.8335075931427349,-0.8691395361394516,-0.9055592382152033,-0.9427633014670311,-0.980748190627212,-1.0195102103290443,-1.0590454994456877,-1.099349977614672,-1.1404193177547928,-1.1822489846303963,-1.2248341169969201,-1.2681695052826791,-1.312249667569576,-1.3570686611063199,-1.4026200696171998,-1.4488971135904416,-1.4958923758647158,-1.543597805936403,-1.5920048647072527,-1.641104138078231,-1.6908853703673454,-1.7413376450520657,-1.792448848116024,-1.8442057489415298,-1.8965942190442897,-1.9495984905212982,-2.0032013130459214,-2.057384210665858,-2.11212645973633,-2.167405365344366,-2.2231965530082665,-2.2794726952269473,-2.336203613999943,-2.393356515521461,-2.4508951132659496,-2.508779728077881,-2.5669660247688464,-2.6254054718980235,-2.684044529444629,-2.7428237409064193,-2.80167810297951,-2.860534883280419,-2.919314644250215,-2.9779289415200694,-3.0362802199178085,-3.0942612539494374,-3.151752439075406,-3.2086225326850903,-3.264726709963478,-3.3199052974695054,-3.3739819137559244,-3.426763013659717,-3.478035691905018,-3.527566628316492,-3.552332096522226
-0.1051555815038574,-0.10308244761565444,-0.10279736876892542,-0.10405206062111816,-0.10668192228544537,-0.11057198844897087,-0.1156390291493059,-0.12182063697947498,-0.1290688127166595,-0.13734580354012316,-0.14662139057621815,-0.15687090288887262,-0.1680739415796939,-0.180213416501096,-0.1932748330604861,-0.20724575614166074,-0.2221154584798546,-0.23787451645480573,-0.25451464314167893,-0.2720284696898112,-0.29040939646896025,-0.3096514646339088,-0.32974924515074555,-0.3506978132252758,-0.37249255882458865,-0.3951292449018373,-0.418603908968751,-0.44291280335599925,-0.4680523940195469,-0.4940193119187031,-0.5208103114484608,-0.5484222643786785,-0.5768521430898677,-0.6060969697510465,-0.6361537815742668,-0.6670197059750249,-0.6986918340763149,-0.7311672692414506,-0.7644430769942145,-0.798516284622397,-0.833383857406278,-0.8690426844170096,-0.9054895590243639,-0.9427211597753837,-0.9807340309528678,-1.0195245603343173,-1.0590889736587394,-1.0994232822945316,-1.1405232563473255,-1.1823844624206048,-1.2250021482481221,-1.2683712208540365,-1.3124863209689641,-1.3573416384590642,-1.4029308999133017,-1.4492474766998553,-1.4962841161495044,-1.544032945802698,-1.592485615292727,-1.6416329176442312,-1.691464822074784,-1.7419706512634914,-1.7931385550963963,-1.8449555900841519,-1.8974079340488004,-1.9504801584265596,-2.004155382498918,-2.0584155256751613,-2.113240303634023,-2.168607500134212,-2.2244932539417728,-2.280870806795876,-2.3377106045208818,-2.3949805280425895,-2.4526450298943514,-2.5106652344978997,-2.5689976920536095,-2.627594833178337,-2.686404166819789,-2.7453673842640858,-2.80442072666095,-2.863492823700564,-2.922505712501333,-2.981372551905359,-3.039997524170124,-3.0982752800565505,-3.1560882375872623,-3.2133073286429004,-3.2697900523085908,-3.3253792148052796,-3.3799010559441287,-3.4331647942005383,-3.4849604021160108,-3.5350575375481195,-3.5601061052641767
-0.10307377558096409,-0.10115108047941135,-0.10099500885420998,-0.10236267649750275,-0.10509305765744603,-0.10907368107135884,-0.1142231203399291,-0.12048031905451673,-0.12779831615306048,-0.1361401747242308,-0.14547632854799986,-0.15578263924846958,-0.16703914810294318,-0.17922913365864268,-0.19233841400430052,-0.2063548223086853,-0.2212678628095821,-0.23706831535661443,-0.2537480720700369,-0.27129992344541165,-0.2897174127147517,-0.30899471018384084,-0.32912650465242166,-0.3501079783937433,-0.371934621761949,-0.39460229015981785,-0.41810710773337867,-0.44244540891880124,-0.46761373727435274,-0.4936087979067416,-0.5204274167988743,-0.5480665348811753,-0.5765231916282421,-0.6057944753355748,-0.6358774891220165,-0.6667694244756106,-0.6984674374828526,-0.730968696321721,-0.7642703322609856,-0.7983694392790897,-0.8332630508052219,-0.8689481258301379,-0.9054215298353263,-0.9426800160891036,-0.9807202066254739,-1.0195385704859783,-1.0591314183117095,-1.0994948511309666,-1.1406247340467024,-1.1825167332077724,-1.2251662028802457,-1.2685681640760338,-1.3127173774326817,-1.3576081624848468,-1.4032343855240548,-1.449589565462217,-1.4966666105114657,-1.544457822370382,-1.592955035290644,-1.6421492449491204,-1.692030640641895,-1.7425887791308936,-1.7938120686271652,-1.845687846751498,-1.8982025912267497,-1.9513412058459023,-2.005087171967812,-2.059422796332533,-2.1143282252047646,-2.16978171160751,-2.2257598975078396,-2.282236583022512,-2.339182826115127,-2.396567169950614,-2.4543547927783016,-2.5125076083045594,-2.5709830369345266,-2.6297344551765134,-2.688710403883765,-2.747853704240455,-2.807101822944269,-2.866384732437488,-2.925625924224029,-2.9847401400501905,-3.0436332790519716,-3.1022018476259516,-3.1603302673618217,-3.217891626371916,-3.2747457316902095,-3.3307378561747814,-3.385696852821496,-3.4394347008337043,-3.4917442556908704,-3.542398167685179,-3.567725123682333
-0.10103860118682029,-0.09926312494490386,-0.09923329090921751,-0.10071150083097447,-0.10354022871816859,-0.10760944491414737,-0.11283948875184802,-0.1191706265462722,-0.12655691371386002,-0.13496221224296168,-0.1443575949826359,-0.15471944504661383,-0.16602823474680672,-0.17826760367387617,-0.1914236761110466,-0.20548454794575566,-0.220439950113116,-0.23628086170564,-0.25299935016431796,-0.2705883620104599,-0.2890415803551871,-0.30835330195140287,-0.3285183309583495,-0.3495319544607245,-0.37138976107733424,-0.39408769669768695,-0.4176219702548778,-0.4419889965322499,-0.4671853950207083,-0.49320794337111007,-0.5200535375996074,-0.5477191862876429,-0.5762019945325214,-0.605499115299768,-0.6356077161584262,-0.6665250512448928,-0.6982483401619222,-0.7307748144523396,-0.7641016696555258,-0.7982260649411543,-0.8331451003518175,-0.8688558032200699,-0.905355109509931,-0.9426398455215645,-0.9807067092819866,-1.0195522492594478,-1.0591728590779503,-1.0995647274020026,-1.140723812191502,-1.1826458768991577,-1.225326379932068,-1.268760453739759,-1.3129429761860933,-1.3578683935901559,-1.4035307088527071,-1.4499235851657355,-1.4970400880892187,-1.5448726896762022,-1.593413404769839,-1.6426534273203508,-1.6925831619788223,-1.7431923945746108,-1.794469786175723,-1.8464029496104928,-1.8989786562196187,-1.9521821352981306,-2.0059972228862133,-2.0604066051657988,-2.115390850396359,-2.1709286716088405,-2.2269972040848574,-2.283570795614931,-2.3406211047773517,-2.3981173246477416,-2.456025346007251,-2.514307857712972,-2.572923135331029,-2.6318254852267464,-2.6909644632054586,-2.7502840025323327,-2.809722776596757,-2.869212081246808,-2.928676842015221,-2.9880333630774136,-3.047189239632031,-3.1060428127184236,-3.16448048792507,-3.2223774906041447,-3.279595918823286,-3.3359834978225256,-3.391371684133021,-3.445575212849311,-3.498389825133419,-3.549591175255079,-3.5751918503159064
-0.09904901196111648,-0.09741760025565593,-0.09751129096948752,-0.09909765990840924,-0.10202260695513221,-0.1061784926440934,-0.11148738494806132,-0.11789084518014636,-0.12534392397114402,-0.1338112655261403,-0.14326456843878344,-0.15368072645272068,-0.16504063394693347,-0.17732828404934953,-0.19053010087330957,-0.2046344375640885,-0.21963124703996417,-0.2355117034892107,-0.25226804602005437,-0.2698933739224252,-0.28838150726056,-0.30772686658260273,-0.32792436898132493,-0.34896940414104183,-0.37085765686444283,-0.3935851616041042,-0.41714821027007964,-0.44154329627019706,-0.466767113392641,-0.49281651026245044,-0.519688451406819,-0.5473800115808114,-0.575888360064325,-0.6052107130681827,-0.6353443011863025,-0.6662864398111479,-0.6980344106460201,-0.7305855071813028,-0.7639369877856961,-0.7980860753543206,-0.8330299350426618,-0.8687656609829286,-0.9052902580295452,-0.9426006238635987,-0.9806935307870246,-1.0195656048993529,-1.059213320931951,-1.0996329532078297,-1.1408205504519264,-1.1827719712296902,-1.2254827757518072,-1.2689482054122792,-1.3131632526800274,-1.3581224878381315,-1.4038200473707407,-1.4502497355573407,-1.4974047718477435,-1.5452777949264584,-1.5938609962862893,-1.643145763862086,-1.6931227130327908,-1.7437818537815009,-1.7951120946725574,-1.847101317953359,-1.8997365824199974,-1.9530034361414428,-2.0068860625763074,-2.0613675196002212,-2.1164287890208744,-2.172049034772039,-2.228205875722389,-2.2848741967921526,-2.3420262458109242,-2.399631853602391,-2.4576576104567205,-2.516066966409791,-2.5748190372907653,-2.633869043425918,-2.693167538737573,-2.7526595508398866,-2.812284941021048,-2.871976309182278,-2.9316599944852917,-2.9912538429185065,-3.0506671246949613,-3.109799994168827,-3.16854082083301,-3.2267669476096605,-3.284342745784896,-3.3411183775686135,-3.3969278918873966,-3.4515887730596826,-3.5048996484062176,-3.556639184976634,-3.5825089532618453
-0.09710398510405227,-0.09561354803364619,-0.09582810640993422,-0.09752030042116111,-0.10053938340366386,-0.10478005568161919,-0.11016607750118368,-0.1166402779881448,-0.12415868213551118,-0.1326867000040144,-0.14219664286312383,-0.15266590443436812,-0.16407579236790149,-0.17641064596498612,-0.18965718292618394,-0.2038040082972481,-0.21884129235525407,-0.23476040031613632,-0.2515537393713352,-0.2692145583850003,-0.28773681150449093,-0.3071150404730494,-0.3273442729379461,-0.3484199990146708,-0.3703379976505383,-0.3930943899756789,-0.41668554910356814,-0.44110804537904613,-0.46635864528548066,-0.4924342668852111,-0.51933194172602,-0.5470488092903736,-0.5755821016319107,-0.6049290968123122,-0.6350870870565961,-0.6660534476511826,-0.6978255210159601,-0.730400661202979,-0.7637761880013638,-0.7979493865989173,-0.8329174857973909,-0.8686776450215428,-0.9052269364602905,-0.9425623275625572,-0.9806806632258747,-1.0195786454267441,-1.0592528281710312,-1.0996995695073508,-1.140915006881249,-1.1828950918291836,-1.2256354840806782,-1.269131531536094,-1.3133783387071052,-1.3583705970822813,-1.4041025737693946,-1.4505682110122153,-1.4977608787668961,-1.5456733787051258,-1.594298075110867,-1.6436265457039356,-1.6936496120582234,-1.7443575034966852,-1.7957393708255331,-1.8477833600349935,-1.9004768113329629,-1.9538055849592117,-2.0077542046593067,-2.062306092393884,-2.1174426352162934,-2.1731434390078297,-2.229386596655303,-2.286147519824011,-2.3433990343937783,-2.401111596940675,-2.459252484404295,-2.51778589419277,-2.576671767650862,-2.635866223314387,-2.6953207965142667,-2.754981591577288,-2.814789638974291,-2.8746788233179887,-2.934576876976558,-2.9944031670198323,-3.0540686174259313,-3.113475174237401,-3.1725131502760684,-3.2310619857387257,-3.2889883064757486,-3.3461446951694507,-3.4023677805937567,-3.4574777878866145,-3.5112762288401655,-3.5635447894622194,-3.589679069773244
-0.0952025208420304,-0.09385003175887974,-0.09418285543703053,-0.09597858896910338,-0.09908976816392912,-0.10341338372932274,-0.10887485253374685,-0.1154182448609431,-0.12300053961986634,-0.13158789668237247,-0.14115322717711543,-0.15167441435626206,-0.16313317051326326,-0.1755141739002264,-0.18880442968089994,-0.20299278954667432,-0.21806963659702916,-0.23402652308546212,-0.25085602077152824,-0.2685515249603254,-0.28710712106818637,-0.30651746948351377,-0.326777706075676,-0.34788341926588195,-0.36983048014695985,-0.39261509467916067,-0.416233715441483,-0.4406829880628349,-0.46595975015295554,-0.4920609877062665,-0.5189837978319956,-0.5467253833250307,-0.5752830376334339,-0.6046540993061678,-0.6348359208353971,-0.665825936069786,-0.6976215467922486,-0.7302201662616525,-0.7636191743101817,-0.79781591701793,-0.8328076853993505,-0.8685917026991063,-0.9051651069198474,-0.9425249337018604,-0.9806680988976746,-1.0195913786459343,-1.0592914044362356,-1.099764616153509,-1.1410072379656633,-1.1830153122871945,-1.225784596132451,-1.269310541525126,-1.3135883625138955,-1.3586128690952215,-1.4043784561054151,-1.4508792006975746,-1.4981086200231752,-1.5460596751743827,-1.5947248994494734,-1.6440960562407847,-1.6941641688770215,-1.7449196813052792,-1.7963519814234052,-1.8484494733989054,-1.9011997729248442,-1.9545890459322424,-2.0086021494521322,-2.0632228620593995,-2.118432967892825,-2.1742125059755146,-2.2305400338008097,-2.287391479554124,-2.3447402361269187,-2.4025573740196204,-2.4608108441273258,-2.5194655775917063,-2.578482326680598,-2.63781809253838,-2.6974253753303423,-2.757251338565714,-2.81723816327043,-2.8773209994547466,-2.937428952267196,-2.99748288903664,-3.0573953660851583,-3.117070099253938,-3.1763993236800236,-3.23526455596429,-3.2935346570870827,-3.3510646126891475,-3.407693617515295,-3.463244627472295,-3.5175220350754874,-3.570310548958949,-3.59670480590068
-0.09334364190598521,-0.09212613626154997,-0.09257467659422591,-0.09447171157868084,-0.09767298993006435,-0.10207774431358896,-0.10761301327100181,-0.11422408211247959,-0.12186886361547078,-0.1305142517305402,-0.14013374487642505,-0.15070570559077012,-0.1622122423482475,-0.17463836526798726,-0.1879713609703737,-0.20220032263829069,-0.21731584174444762,-0.23330965366645806,-0.25017449128428293,-0.2679038932716038,-0.2864920735540233,-0.3059338086650154,-0.32622434040949777,-0.3473593534307984,-0.369334809008226,-0.39214699612157844,-0.41579244511302793,-0.4402678752763123,-0.4655701938110157,-0.49169645316993194,-0.5186438145957872,-0.5464095428101334,-0.5749909913066231,-0.6043855577867685,-0.6345906536762369,-0.6656037700832007,-0.6974223668302582,-0.7300439150584426,-0.76346585329643,-0.7976855871478117,-0.8327004684388406,-0.8685077827942811,-0.9051047325449701,-0.9424884199817685,-0.9806558303087298,-1.019603812151293,-1.0593290727322513,-1.0998281319269498,-1.1410972986724,-1.183132704215284,-1.2259302006712547,-1.2694853418571572,-1.3137934489089398,-1.3588494476928892,-1.4046478579420096,-1.4511828887303846,-1.4984482011652256,-1.5464369122681232,-1.595141720655202,-1.6445545713643206,-1.6946666851300307,-1.745468715904197,-1.7969502836288065,-1.849100045191765,-1.9019058859604199,-1.9553542711987282,-2.0094303843508854,-2.064118353270894,-2.1194003511647352,-2.175256841539408,-2.231666837240165,-2.2886067729063875,-2.34605059756563,-2.4039699839833895,-2.4623335444829753,-2.5211069304714284,-2.580251690706037,-2.6397256934943547,-2.6994823874030294,-2.7594699777089726,-2.8196317774661472,-2.879904182811055,-2.940217651261323,-3.0004945295147634,-3.0606489846726537,-3.120586480254728,-3.1802011523030416,-3.239376572424524,-3.2979838165721698,-3.3558802548808053,-3.412907632938733,-3.4688916258126143,-3.5236395010321218,-3.5769389911273484,-3.603588736174965
-0.09152639302156818,-0.09044096722623518,-0.09100272827911038,-0.09299887323257483,-0.09628829553265383,-0.1007724223383244,-0.10637987960675499,-0.11305714205733786,-0.12076303668100419,-0.12946517608123376,-0.13913763364270526,-0.1497592411408899,-0.16131249493376298,-0.17378273005996814,-0.18715750870572645,-0.20142616049059203,-0.21657948089701673,-0.23260938458853353,-0.24950876218499118,-0.26727129271553185,-0.2858913159091703,-0.30536372199339024,-0.3256838564672737,-0.3468474981538794,-0.3688506965991545,-0.3916898220285736,-0.41536148087955027,-0.43986246452456523,-0.46518974824876214,-0.4913404495201501,-0.5183117923168501,-0.5461011019314732,-0.5747057905829411,-0.6041233138197821,-0.6343511406965652,-0.6653868183070566,-0.6972278632193074,-0.7298718031615525,-0.7633161340427685,-0.7975583196519365,-0.8325957712576937,-0.8684258354583863,-0.9050457774606224,-0.9424527647003744,-0.9806438501664072,-1.0196159533334415,-1.059365855447103,-1.0998901545687945,-1.1411852424958902,-1.183247337307347,-1.2260723840857635,-1.2696560361630027,-1.313993719367046,-1.359080472854246,-1.4049109384844272,-1.4514794543296183,-1.4987798222828808,-1.5468053118788072,-1.5955487834331317,-1.6450023596864316,-1.6951574545196246,-1.746004927364675,-1.7975346252610436,-1.849735452467538,-1.9025955583282794,-1.9561017012023507,-2.0102393842012845,-2.064993077258248,-2.120345334767948,-2.1762770362107497,-2.2327676406846297,-2.289794079375662,-2.347330846734863,-2.4053502063023924,-2.4638214194710906,-2.5227108446174373,-2.5819808127171884,-2.6415900439559548,-2.701492919016435,-2.7616386676526994,-2.82197171653058,-2.882429688698973,-2.942944373665346,-3.0034395765603294,-3.0638310535826996,-3.124025993612334,-3.1839204118284337,-3.243399912965106,-3.3023377671217657,-3.3605937095767646,-3.418012020458383,-3.4744210809116605,-3.5296310259084973,-3.583432610855802,-3.6103334033294576
-0.08974984041081324,-0.08879365070826317,-0.089466188273013,-0.09155929741191393,-0.09493494949277537,-0.09949671965108209,-0.1051747876811282,-0.11191679259969778,-0.11968245634275121,-0.12844009504275888,-0.13816434496622954,-0.14883449727454146,-0.1604334280718378,-0.17294679050317008,-0.18636241654392816,-0.20066986729305736,-0.21586013796370818,-0.2319253187417214,-0.24885845467166323,-0.26665336218387736,-0.28530450415797937,-0.3048068821125183,-0.32515594304349804,-0.3463475579523978,-0.36837786277015283,-0.3912433072300603,-0.41494057223074865,-0.43946651967030625,-0.4648181914457705,-0.4909927686279625,-0.5179875365618258,-0.5457998797841812,-0.5744272679472973,-0.6038672131698508,-0.6341172408587559,-0.6651749528477691,-0.6970379211851174,-0.7297037289199171,-0.7631699280546522,-0.7974340392560286,-0.8324935318966054,-0.8683458121734766,-0.9049882067498904,-0.9424179467355742,-0.9806321513728511,-1.0196278093855815,-1.059401774370694,-1.099950720812326,-1.1412711215023075,-1.1833592793976777,-1.226211230461205,-1.2698227253124417,-1.314189292129897,-1.359306080836875,-1.4051678527110756,-1.4517690719631382,-1.4991036781706324,-1.5471650900374057,-1.5959463260379447,-1.6454396827549012,-1.6956367630440283,-1.7465286273858016,-1.7981053450694784,-1.8503560624810511,-1.903269187355705,-1.9568317650282552,-2.0110296116572224,-2.0658475321879033,-2.121268454464298,-2.177273665575319,-2.2338430619270877,-2.29095406150317,-2.3485816936284376,-2.4066988012964696,-2.4652752827806546,-2.524278190304907,-2.583670622958356,-2.6434121376841424,-2.7034580311492196,-2.7637585404268195,-2.8242591874994116,-2.884898803185365,-2.9456104886505186,-3.0063194864974885,-3.0669431202487996,-3.1273902816576493,-3.187558842953142,-3.247336419680402,-3.3065984546428506,-3.365207028087147,-3.423008937274119,-3.4798352549561926,-3.5354989742070795,-3.5897938701093035,-3.616941318060421
-0.08801307130572589,-0.08718333266148903,-0.08796425328254642,-0.09015222565018632,-0.0936122335881917,-0.09824995462097696,-0.10399708946990938,-0.11080241683441017,-0.11862653470695594,-0.12743844792213466,-0.13721334378049566,-0.14793096317000654,-0.1595745539617166,-0.17213008072700653,-0.18558563956547758,-0.19993101819466563,-0.21515740736237632,-0.2312570690863991,-0.24822319958544004,-0.26604974979469453,-0.2847313031435039,-0.3042629700860555,-0.32464029696175345,-0.34585924498893306,-0.36791603464003675,-0.3908071934531909,-0.4145294751880302,-0.4390798107467786,-0.4644553071958102,-0.49065320782564203,-0.5176708580085343,-0.5455057002269559,-0.5741552603027555,-0.603617105675136,-0.6338888168551771,-0.6649680491984222,-0.6968524289957534,-0.7295395933794468,-0.7630271491876339,-0.7973126726863011,-0.8323936900438422,-0.8682676657124189,-0.9049319864251393,-0.9423839455275251,-0.980620727019188,-1.0196393873094012,-1.059436850712836,-1.1000098664131208,-1.1413549863728223,-1.1834685965168568,-1.2263468216484386,-1.269985507497351,-1.3143802823029072,-1.3595264042884914,-1.4054187514997096,-1.452051911489427,-1.4994199584849932,-1.5475164570875721,-1.5963345804647089,-1.6458667952617079,-1.6961048892236041,-1.7470401195390783,-1.7986627729975835,-1.8509622329718534,-1.9039271601127616,-1.9575448807282125,-2.011801517527423,-2.0666822035317,-2.1221702324325964,-2.1782472907075023,-2.2348937032792504,-2.292087365337303,-2.3498038306932756,-2.40801651064253,-2.4666959283201173,-2.525809816851343,-2.5853220295020685,-2.645192945020891,-2.7053787600862966,-2.7658307020725803,-2.826495370113735,-2.887312783738427,-2.94821733550259,-3.009135684514297,-3.0699866997783487,-3.1306809532948066,-3.191118151971395,-3.2511878994536225,-3.3107677892402654,-3.3697222256057313,-3.4279005045020905,-3.485136374508857,-3.5412456757853925,-3.5960251978109423,-3.6234149588237172
-0.08631519347230832,-0.08560917847750815,-0.08649613849176507,-0.08877691709860969,-0.09231944643071088,-0.09703146172814758,-0.10284615238542738,-0.10971341265912926,-0.11759469808307887,-0.12645968765927496,-0.13628410810744285,-0.14704814057160398,-0.15873539686681593,-0.1713321464405393,-0.1848267439624074,-0.1992091990022482,-0.21447089372848005,-0.23060425837240217,-0.24760263714003194,-0.26546011263182123,-0.28417138627732097,-0.30373167515742594,-0.3241366228445397,-0.3453822788514582,-0.3674649463857982,-0.39038122912242734,-0.4141279521143737,-0.43870211377798896,-0.46410088493646917,-0.4903215697461105,-0.5173615722952496,-0.545218391741531,-0.5738896088394396,-0.603372845126704,-0.6336657349973907,-0.6647659861376054,-0.6966712778709638,-0.7293793002027149,-0.7628877135769763,-0.7971941486093703,-0.8322961869858148,-0.8681913501002336,-0.9048770834000353,-0.9423507410617926,-0.9806095703798645,-1.0196506939208039,-1.0594711051207684,-1.1000676261784026,-1.1414368864450353,-1.1835753529459314,-1.2264792373311018,-1.2701444783115745,-1.3145668019490797,-1.359741572354456,-1.4056637817496664,-1.452328138294301,-1.4997288478968196,-1.547859617853442,-1.596713772633307,-1.6462839452440203,-1.6965621043193213,-1.7475396995054737,-1.799207230437938,-1.8515543124384415,-1.9045698537063949,-1.958241455635168,-2.012555541110528,-2.0674975644235705,-2.1230511776473504,-2.1791984585713076,-2.235920151995474,-2.29319462088009,-2.3509979332989372,-2.409304057866768,-2.468084130732562,-2.5273065531536076,-2.586935918807165,-2.6469334134670786,-2.707256118014534,-2.767856233253807,-2.8286814174439123,-2.889672859860304,-2.950766224258028,-3.0118895652970656,-3.0729632755777114,-3.1338995846079465,-3.1946000113535766,-3.2549561244951786,-3.314847645700403,-3.374141281622567,-3.432688807497164,-3.490326630719148,-3.5468734259311905,-3.602128989754699,-3.6297567716664565
-0.08465533474610876,-0.08407037253563843,-0.08506107712624722,-0.08743264810255891,-0.09105590305495959,-0.09584059116378718,-0.10172135888832923,-0.10864919239714776,-0.11658638661771192,-0.12550328047211678,-0.13537612871301619,-0.14618554345620094,-0.15791549279131623,-0.1705525446197731,-0.18408530673579282,-0.19850400588850015,-0.21380021163321938,-0.22996651886733055,-0.2469964166599503,-0.2648841164931026,-0.2836244352974582,-0.3032126945178071,-0.32364463289094036,-0.3449163863406435,-0.36702433903994525,-0.3899651691662731,-0.413735771530499,-0.43833321060438024,-0.463754719584597,-0.48999766216792917,-0.5170594998754829,-0.5449377872966066,-0.5736301589084558,-0.6031342891516633,-0.6334478651089936,-0.664568645632202,-0.6964943618945618,-0.7292227555910413,-0.7627515395697948,-0.7970783975746798,-0.8322009655594931,-0.8681168205764589,-0.9048234654629006,-0.9423183138530744,-0.9805986749070739,-1.0196617358555704,-1.0595045576957896,-1.1001240339956642,-1.1415168697529232,-1.183679611268551,-1.2266085550900252,-1.270299730828306,-1.3147489601791795,-1.359951710781715,-1.4059030864993716,-1.4525979134232703,-1.5000305262380609,-1.548194771801903,-1.5970841225662502,-1.6466913742786637,-1.6970086725440092,-1.74802765530353,-1.7997390304789196,-1.852132640403581,-1.9051976355646927,-1.9589218866672198,-2.01329211051966,-2.068294076004684,-2.1239117862453805,-2.180127702408674,-2.2369229806830093,-2.294276442520138,-2.352164660193101,-2.4105621488227147,-2.469440645895715,-2.5287692082098356,-2.5885131562615293,-2.648634468244926,-2.7090910936033996,-2.769836189853292,-2.8308184564989736,-2.8919802337058265,-2.9532584363275327,-3.014582493652973,-3.075874299967396,-3.137047719460806,-3.19800606031988,-3.2586428328790884,-3.3188398639767414,-3.378466140342695,-3.437375896186523,-3.4954081795509184,-3.5523844854606077,-3.608107608547989,-3.6359691700916796
-0.08303264257822907,-0.0825661177640713,-0.08365832002752427,-0.08611871178878516,-0.08982093451777029,-0.09467670844156562,-0.10062210611012645,-0.10760918243120088,-0.11560105393921827,-0.12456870551165178,-0.13448890877294506,-0.14534269770949404,-0.15711438916674592,-0.1697908432044981,-0.18336091540271937,-0.19781504510869574,-0.21314498531017634,-0.22934349209300375,-0.24640419632682153,-0.26432143564645294,-0.28309014003433663,-0.3027057330813321,-0.3231640466615726,-0.344461301264376,-0.36659396029408153,-0.38955877483024537,-0.4133527079376309,-0.437972888714655,-0.463416611377343,-0.4896812978655962,-0.5167644658773396,-0.5446637242166652,-0.5733767598997908,-0.6029012991005223,-0.6332350804223896,-0.6643759127433757,-0.6963215779297371,-0.7290698682094865,-0.7626185476595992,-0.7969653519584785,-0.8321079701063328,-0.8680440335594453,-0.9047711012504456,-0.942286644929391,-0.9805880342257156,-1.0196725195745104,-1.0595372280096882,-1.1001791228595792,-1.1415949830658523,-1.1837814324211937,-1.2267348504654718,-1.2704513556747399,-1.3149268632391076,-1.3601569420189419,-1.4061368050402923,-1.4528613937087487,-1.5003251686438235,-1.5485221131991134,-1.5974458445606299,-1.6470893176697476,-1.6974448512663942,-1.7485042675105422,-1.8002584781431574,-1.852697547670501,-1.9058108637119764,-1.9595865606218066,-2.0140116429963717,-2.0690721877576923,-2.1247525418807145,-2.181035542115728,-2.2379027477000824,-2.295333429452384,-2.3533046539432556,-2.4117914721550004,-2.4707662114077156,-2.530198571626374,-2.5900545867100333,-2.650297012845526,-2.710884652570422,-2.7717716035545403,-2.8329075888217314,-2.894236080687551,-2.9556952251070356,-3.017215805121609,-3.078721194787293,-3.1401268700881557,-3.2013379054087077,-3.2622497290770713,-3.322746249676456,-3.382698711109955,-3.441963785413227,-3.500383142025454,-3.5577810808378296,-3.61396338358268,-3.6420545349551023
-0.08144628359127992,-0.08109563521099261,-0.0822871352380572,-0.08483441766342636,-0.08861388750787125,-0.09353919401908772,-0.09954780548597775,-0.10659282284708471,-0.11463816681227534,-0.12365545452710514,-0.1336219635483138,-0.14451914081157202,-0.1563316445479579,-0.16904662080412525,-0.18265316771211015,-0.197141932726419,-0.21250484839092643,-0.22873482857079797,-0.24582564293398335,-0.26377175259402197,-0.2825681981841299,-0.30221050326781906,-0.3226945908705092,-0.34401676423856387,-0.36617356430936887,-0.38916181349624157,-0.4129785416455256,-0.43762094108295013,-0.46308636571850137,-0.48937229446488484,-0.5164762999677386,-0.5443960440552509,-0.5731292651245168,-0.602673739938453,-0.6330272574787132,-0.6641876755357323,-0.6961528255374771,-0.7289205491143314,-0.7624886604231884,-0.7968549459101304,-0.8320171464279991,-0.8679729466112729,-0.9047199602228106,-0.9422557158170752,-0.9805776421279555,-1.0196830513687916,-1.0595691351201975,-1.1002329248987142,-1.1416712719255262,-1.1838808757419494,-1.2268581970174663,-1.2705994411039923,-1.3151006145941002,-1.3603573853136819,-1.4063650730264943,-1.453118731893599,-1.5006129456891948,-1.5488418312620489,-1.5977991473543618,-1.6474780046300985,-1.6978708912082752,-1.748969809476142,-1.800765870617882,-1.853249356571074,-1.9064098870348545,-1.9602358544604126,-2.0147145452143578,-2.069832337830446,-2.1255739160683795,-2.1819224846072682,-2.2388599975412093,-2.2963661660849954,-2.3544185413653773,-2.412992699749683,-2.472061547058857,-2.531595414111054,-2.5915610349679485,-2.6519219295618512,-2.7126377382325595,-2.7736634824092166,-2.8349498910700155,-2.896441550067763,-2.958077816576088,-3.0197908065749735,-3.0815053519925084,-3.1431385176796,-3.2045971210395763,-3.2657784844899673,-3.3265685745477613,-3.3868408688358054,-3.446454455289094,-3.5052536044791194,-3.5630654043153687,-3.6196986110330895,-3.6480152143919473
-0.07989544314643826,-0.07965816362629496,-0.08094680759651585,-0.08357909121976537,-0.08743412396650108,-0.09242744292949912,-0.0984978823974858,-0.10559956708751095,-0.11369720480205459,-0.1227630315407735,-0.13277482007056918,-0.14371442153224834,-0.1555668283182543,-0.16831946641249207,-0.18196167136927954,-0.19648429434788728,-0.21187944364851052,-0.22814018757435495,-0.24526043164903033,-0.26323475784362227,-0.28205831508936186,-0.3017267247926725,-0.3222359991838841,-0.3435825224951117,-0.36576291153265217,-0.38877405850792357,-0.41261305860660347,-0.43727716601202893,-0.46276379302985227,-0.4890704743028884,-0.5161948362213176,-0.544134592472334,-0.5728875317008386,-0.6024514801398206,-0.6328242760316183,-0.6640038249896341,-0.6959880068978297,-0.7287747116829779,-0.7623618024593437,-0.7967471152998673,-0.8319284417433348,-0.8679035184043338,-0.9046700126393636,-0.9422255085259401,-0.9805674925685626,-1.019693337364913,-1.059600297586294,-1.1002854714006638,-1.1417457806824904,-1.1839779990172827,-1.2269786663837934,-1.2707440730647779,-1.3152703150102418,-1.360553156805433,-1.4065880225810234,-1.453370076750038,-1.500894023521826,-1.5491541103046513,-1.5981442342866803,-1.647857658456675,-1.698287036635282,-1.7494245475288217,-1.8012614974779018,-1.8537883812056455,-1.9069950455394835,-1.960870135583992,-2.015401213573753,-2.0705749533490136,-2.126376368517602,-2.182789024169929,-2.2397952612113636,-2.297375222434206,-2.3555069339397106,-2.4141664871712987,-2.473327355289845,-2.532960487952063,-2.593033306320458,-2.6535100800077482,-2.714351272043225,-2.7755128113907346,-2.836946415584496,-2.8985977655373807,-2.960407409884347,-3.0223087768066037,-3.084228134239231,-3.1460841129553607,-3.2077852500703496,-3.269230737976081,-3.3303085769676333,-3.390894454431803,-3.450849851556126,-3.5100216188345135,-3.5682396140936268,-3.625315553879743,-3.6538535237727987
-0.07837932491923105,-0.07825295905312668,-0.07963663834320567,-0.08235207355626883,-0.08628102071663868,-0.09134086442272871,-0.09747177582526412,-0.10462888161519857,-0.11277765994817113,-0.1218909525320333,-0.13194701683563181,-0.14292809963487585,-0.1548195204029712,-0.16760897913155048,-0.1812860437687469,-0.19584176486393545,-0.2112684227491446,-0.22755923689035118,-0.244708245783265,-0.26271014968741735,-0.281560203526543,-0.3012541244630018,-0.3217880120252259,-0.3431583296955143,-0.365361768519068,-0.3883952890016307,-0.4122560502555439,-0.43694136698060326,-0.46244870860776555,-0.4887756642928398,-0.5159199129935121,-0.5438792191158948,-0.5726514204442923,-0.60223439158682,-0.6326260189539079,-0.6638242549165119,-0.6958270267331867,-0.7286322715464921,-0.7622379003300095,-0.7966417976687623,-0.8318418046470599,-0.8678357086886024,-0.9046212295354072,-0.9421960055352674,-0.9805575796599797,-1.0197033835295022,-1.0596307334826083,-1.1003367928370977,-1.1418185525305935,-1.1840728585275961,-1.2270963283361302,-1.270885335268579,-1.3154360626328243,-1.3607443696165955,-1.4068057823981794,-1.4536155731946776,-1.501168563989963,-1.549459129879116,-1.5984813034533252,-1.6482284967000105,-1.6986935255411728,-1.7498687411755753,-1.8017456409013421,-1.854314927675027,-1.9075666706008798,-1.961489762099733,-2.016072034485683,-2.071300450721547,-2.1271603474542156,-2.1836356428046155,-2.2407090565880194,-2.2983611545071225,-2.356570428214444,-2.4153134740872995,-2.4745643216371738,-2.534294527483971,-2.5944721870087006,-2.6550623056231903,-2.716026154115836,-2.7773205529343925,-2.8388981909431954,-2.900705825782146,-2.962685177925839,-3.0247709671097245,-3.086890875461157,-3.1489650767343336,-3.210903804348686,-3.2726080963765836,-3.333967962429185,-3.3948612752460416,-3.4551518859555874,-3.51468920288438,-3.573305834498519,-3.6308164419575406,-3.6595717456870513
-0.07689715048615486,-0.07687929442889985,-0.07835594473457608,-0.08115272100415183,-0.08515396910317996,-0.0902788816169453,-0.09646893801071865,-0.10368024558580213,-0.11187903644749309,-0.12103874513018642,-0.13113810350686705,-0.14215974558926536,-0.1540893109919006,-0.1669147679027594,-0.18062591173551024,-0.19521398820034896,-0.21067144601114585,-0.22699165258686094,-0.24416877656885383,-0.26219763398775964,-0.28107358350060174,-0.3007924359807568,-0.3213503763866754,-0.3427439457506676,-0.36496990776038185,-0.38802528974273276,-0.41190731335392083,-0.43661335249685074,-0.4621409324840231,-0.4884876957934603,-0.5156513727980538,-0.5436297775075039,-0.5724207957609639,-0.6020223494711985,-0.632432372147429,-0.6636488618768643,-0.6956697922351873,-0.7284931465239675,-0.762116882503161,-0.7965389321799909,-0.8317571850696481,-0.8677694782605494,-0.9045735826993306,-0.9421671897799744,-0.980547897667905,-1.019713195673977,-1.059660460413725,-1.1003869188870308,-1.141889629540982,-1.1841655090908176,-1.227211250834337,-1.271023309254593,-1.3155979530625972,-1.3609311339393804,-1.4070184778427919,-1.4538553623997252,-1.5014367247659477,-1.5497570649127823,-1.5988105478565773,-1.6485907313282588,-1.6990905898262465,-1.7503026432951874,-1.802218575878145,-1.8548292943051825,-1.9081250852038378,-1.9620950830791406,-2.0167273846483535,-2.0720092359318043,-2.127926289933524,-2.1844628105581965,-2.2416018887728706,-2.299324504673228,-2.357609606197464,-2.4164342846803466,-2.4757731151656692,-2.5355982495406826,-2.5958784447024597,-2.6565794281663724,-2.7176632637340603,-2.779087647464229,-2.840806222503145,-2.9027668050365163,-2.9649122679017426,-3.027178601844527,-3.08949488143635,-3.1517828004941406,-3.2139542652574904,-3.2759121350370735,-3.3375484040286563,-3.398743105502111,-3.4593624366042297,-3.519258340587117,-3.5782661561764573,-3.6362034720269776,-3.6651721299522375
-0.07544815891984413,-0.07553645919624596,-0.07710405966778744,-0.0799804047644459,-0.08405237464124138,-0.08924093115811882,-0.0954888341273108,-0.10275315052892253,-0.11100085034592144,-0.12020594831663178,-0.13034764062647142,-0.14140894029257556,-0.1533758002697061,-0.1662364512469816,-0.17998091127338078,-0.19460061707563536,-0.21008818217183034,-0.22643711878833628,-0.24364172294262243,-0.26169692396948996,-0.2805981820455994,-0.3003413997518578,-0.32092284564655404,-0.34233913664658555,-0.364587107518477,-0.38766385096762335,-0.41156664983996727,-0.43629293595588425,-0.46184028929179277,-0.48820640448237196,-0.5153890621883095,-0.5433861249315219,-0.5721955255450828,-0.6018152321990877,-0.6322432244562526,-0.663477545101232,-0.6955162129931969,-0.7283572565596197,-0.7619986792978262,-0.7964384595719354,-0.8316745342386911,-0.8677047889326772,-0.9045270446509601,-0.9421390446376021,-0.9805384410066953,-1.019722779458987,-1.0596894955276603,-1.1004358784602264,-1.1419590526943413,-1.1842560041049222,-1.2273235000788363,-1.2711580744525497,-1.315756079429109,-1.361113557120408,-1.4072262310458106,-1.4540895819004973,-1.5016986594659665,-1.55004808584005,-1.5991321555505644,-1.6489445688857574,-1.6994784554697162,-1.750726500325217,-1.8026805704119742,-1.8553317718645435,-1.90867060417641,-1.962686438808059,-2.017367631313971,-2.0727017048243868,-2.128674622143212,-2.185270985845311,-2.2424742504325135,-2.3002658020248035,-2.3586250357365612,-2.4175295280484566,-2.4769543888889523,-2.5368723538957028,-2.597252828960417,-2.6580622501929163,-2.719263459849075,-2.7808150139071897,-2.842671492929527,-2.9047817536253073,-2.9670898018714364,-3.0295328789949894,-3.0920414303446497,-3.1545386469229997,-3.2169380842544615,-3.279144398325573,-3.341051542951401,-3.4025416867407787,-3.46348334837675,-3.5237309823733076,-3.583122636305247,-3.64147880786746,-3.670656893648566
-0.07403160639378736,-0.07422375892274236,-0.0758803313144929,-0.07883451055397117,-0.08297565667458873,-0.08822646288957348,-0.09453094196021361,-0.10184710003875441,-0.11014262923889628,-0.11939211213447543,-0.12957519933538553,-0.14067527479846298,-0.15267859815428775,-0.16557365701157511,-0.1793506873216888,-0.19400131276592347,-0.20951830816087202,-0.22589532745798113,-0.24312679133668968,-0.26120774001889835,-0.2801337330319287,-0.2999007627013217,-0.3205051793924607,-0.3419436742756021,-0.3642131516644387,-0.3873107682304866,-0.41123386668326933,-0.43597993550206215,-0.46154660813539916,-0.4879316302339287,-0.5151328316426618,-0.5431481223280743,-0.5719754810793898,-0.6016129212994104,-0.6320584675821195,-0.6633102064135477,-0.6953662009255623,-0.7282245236615248,-0.761883222830706,-0.7963403221128651,-0.8315938046415061,-0.8676416035041434,-0.9044815886204427,-0.942111553915348,-0.9805292042351255,-1.0197321403988768,-1.0597178555291853,-1.100483699719157,-1.1420268619125817,-1.1843443955887434,-1.2274331405612626,-1.2712897082433061,-1.3159105324616505,-1.36129174374231,-1.407429160997098,-1.4543183656993364,-1.5019545177658022,-1.5503323587302775,-1.5994463097813938,-1.649290210646348,-1.6998573426967534,-1.751140552442676,-1.8031318857156364,-1.855822643774463,-1.909203534415882,-1.963264161028766,-2.0179931325475353,-2.0733782433803416,-2.1294057596970895,-2.1860606157603213,-2.2433266221292936,-2.3011855627266486,-2.3596172708886476,-2.4185997985940677,-2.478108780178112,-2.538117523690686,-2.5985960716779166,-2.6595115555224424,-2.7208275815643446,-2.7825035501947704,-2.8444949627125182,-2.906751698493437,-2.9692188772924677,-3.031834970714975,-3.094531773315634,-3.157233950464111,-3.21985668340522,-3.2823064001466395,-3.3444789889565896,-3.406258728263345,-3.4675164332939823,-3.5281090454622244,-3.5878772988200525,-3.6466445803912784,-3.676028221176891
-0.07264676579634699,-0.07294051492976461,-0.07468412276279146,-0.07771443826030122,-0.08192324804197071,-0.08723493952960126,-0.0935947515950053,-0.10096160947272725,-0.10930391197974121,-0.11859679740728879,-0.1288203611010008,-0.1399583500541146,-0.15199732404260757,-0.16492602212561103,-0.17873489351849514,-0.1934157448769902,-0.2089615088810559,-0.22536597818649806,-0.24262369547545237,-0.2607298094888133,-0.2796799769792191,-0.29947027809436033,-0.32009714325018646,-0.3415573362726798,-0.36384782952290085,-0.38696584225506037,-0.4109087757440344,-0.4356741738959613,-0.46125972246477964,-0.4876632170006445,-0.5148825354535536,-0.542915634189467,-0.5717605369388368,-0.6014153013349732,-0.6318779960032606,-0.6631467501572619,-0.6952196702130653,-0.7280948718426439,-0.7617704469648157,-0.7962444635570831,-0.8315149499889873,-0.8675798857326278,-0.9044371885277291,-0.9420847018378753,-0.9805201820521914,-1.019741283865816,-1.0597455566924596,-1.1005304101004754,-1.1420930960890363,-1.184430734221631,-1.227540235113378,-1.2714182860176004,-1.316061400557933,-1.361465795702621,-1.4076273836348019,-1.4545418443661307,-1.5022044455125227,-1.5506100454114158,-1.5997531891231098,-1.6496278527617259,-1.7002274661398475,-1.7515450337393323,-1.8035727764002196,-1.856302186312897,-1.9097241751075966,-1.9638285731745198,-2.0186042374776836,-2.074039227984925,-2.1301201079198195,-2.1868321363797794,-2.2441594726419822,-2.302084290355566,-2.360586852278268,-2.419645676401694,-2.4792369111587664,-2.539334425851991,-2.599908887522684,-2.6609281096932946,-2.7223564486083207,-2.784154133752448,-2.846277570672018,-2.9086776437241446,-2.971300567549162,-3.0340860238642575,-3.096967134967399,-3.159870017851618,-3.2227114559103986,-3.285399624451113,-3.347832320860278,-3.4098959075766433,-3.4714634709161585,-3.532394414187634,-3.5925321346536365,-3.651702887777175,-3.6812882643389444
-0.07129292635337237,-0.07168606393035404,-0.07351481166879559,-0.07661960160560977,-0.0808945947524009,-0.08626583635791274,-0.09267976511411202,-0.10009620565831767,-0.10848424839655646,-0.11781957546508348,-0.12808271745239352,-0.13925777664460792,-0.15133160656424227,-0.16429319236164197,-0.17813319197135247,-0.1928435911235038,-0.2084174769952707,-0.22484877798734093,-0.24213215617896466,-0.260262866509553,-0.2792366608755259,-0.2990497053627639,-0.319698508717825,-0.34117990585729174,-0.363490935720967,-0.3866288787910843,-0.4105911936370443,-0.43537547838528035,-0.46097946995360406,-0.48740101269906244,-0.5146380316200405,-0.5426885284601557,-0.5715505708976387,-0.6012222598165806,-0.6317017068956376,-0.6629870831235785,-0.6950765372345513,-0.7279682270637577,-0.7616602872595024,-0.7961508291024266,-0.8314379251807003,-0.8675196003067098,-0.9043938189631007,-0.94205847303519,-0.980511369293291,-1.0197502150939286,-1.059772614873311,-1.1005760363359318,-1.1421577931180371,-1.1845150693815754,-1.2276448449547228,-1.2715438812326951,-1.3162087698504354,-1.3616358122902517,-1.4078210119319756,-1.4547601451355252,-1.5024485848327718,-1.5508813035895797,-1.6000529676090336,-1.64995768640539,-1.7005890349951702,-1.7519401723910422,-1.804003490658146,-1.8567706688117802,-1.9102328179370298,-1.964379990596754,-2.019201286539518,-2.0746850256866622,-2.1308180621231188,-2.18758597305595,-2.2449732592770166,-2.302962476229875,-2.361534307445745,-2.420667727604897,-2.4803393890974412,-2.5405237114958013,-2.601191974359085,-2.662312660405197,-2.7238508617949186,-2.7857676219774197,-2.848020234450943,-2.910560571045684,-2.973335922470577,-3.036287160534157,-3.0993487139359566,-3.162448128638906,-3.2255037666262587,-3.288425525741623,-3.3511130870166106,-3.413454870838817,-3.4753262087404813,-3.536588940332097,-3.59708910198957,-3.656655795622532,-3.686439142439013
-0.06996939325887297,-0.07045975767523416,-0.07237178991617021,-0.07554942781846652,-0.07988915566894406,-0.08531864090965957,-0.09178549630204369,-0.09925042660803296,-0.10768319901663936,-0.1170600278781464,-0.12736186972350794,-0.13857317454486484,-0.15068108334164165,-0.16367482210468687,-0.17754525303446123,-0.19228453711415128,-0.20788591272011825,-0.22434344109820703,-0.24165190117193536,-0.25980665180611595,-0.27880353800151525,-0.2986388099371018,-0.31930905300501244,-0.3408111716800333,-0.3631422700421716,-0.3862996884754999,-0.41028094159945017,-0.4350836805801839,-0.4607056923816577,-0.4871448690985547,-0.5143991817441185,-0.5424666764394903,-0.5713454638393456,-0.6010336871198119,-0.6315295000565602,-0.6628311144824428,-0.694936720504713,-0.727844517178089,-0.7615526809225948,-0.7960593653493442,-0.8313626862709755,-0.8674607128196232,-0.9043514551677845,-0.9420328525312938,-0.9805027609260497,-1.019758939183113,-1.0597990455212702,-1.1006206044722244,-1.142220989923226,-1.184597449182312,-1.2277470297379356,-1.271666565467311,-1.3163527242706419,-1.3618018902591178,-1.4080101559805547,-1.4549733920010466,-1.5026870742375076,-1.5511462869648218,-1.6003458148588834,-1.6502798979112443,-1.7009422531738538,-1.7523261908218624,-1.8044242704406521,-1.857228353848006,-1.9107297472950258,-1.9649187207852137,-2.019784611710218,-2.0753159944488786,-2.1315000078733215,-2.1883225407013818,-2.245768428170636,-2.3038205997293337,-2.362460151185264,-2.421666504743114,-2.4814168067766484,-2.541686016322431,-2.602446013661064,-2.663665937950599,-2.7253116034729574,-2.7873448527045097,-2.849723850996977,-2.912401440327017,-2.975325968837683,-3.0384394785632485,-3.1016776833957094,-3.1649695357187313,-3.228234952578879,-3.291385529573554,-3.354322805796617,-3.416937233305861,-3.4791063626027907,-3.540694443469017,-3.601550126527975,-3.661505337112869,-3.691482942405311
-0.06867548731515072,-0.06926096260744252,-0.07125446328408724,-0.07450335731404856,-0.07890640220009626,-0.08439285267833885,-0.09091147035775737,-0.09842382124163329,-0.1069003347985431,-0.11631774619831337,-0.12665742880315634,-0.13790417287835588,-0.15004540075775896,-0.1630705741280547,-0.17697075509259808,-0.19173827614371586,-0.20736652362562946,-0.22384968878832456,-0.24118266489889795,-0.25936091252047877,-0.2783803677604668,-0.29823736308365323,-0.31892855887745153,-0.3404509276739187,-0.3628016372849263,-0.3859780866976692,-0.4099778453634517,-0.4347986163323103,-0.46043823552059937,-0.486894641714275,-0.514165850930004,-0.542249952688123,-0.5711450996695344,-0.6008494764047745,-0.631361277831255,-0.6626787557154401,-0.6948001406137383,-0.7277236718780555,-0.7614475667634624,-0.7959700202611497,-0.8312891904363351,-0.8674031897434098,-0.9043100730156572,-0.942007825732949,-0.9804943520467679,-1.0197674611029939,-1.0598248636910057,-1.1006641398905614,-1.142282722485044,-1.184677920509114,-1.2278468475935167,-1.2717864084746733,-1.3164933456111916,-1.361964123899706,-1.4081949230721147,-1.4551817058060745,-1.502920048723344,-1.5514051453430655,-1.6006318962020316,-1.6505946689084228,-1.7012873194486744,-1.7527033058629016,-1.804835351629408,-1.8576754974286125,-1.9112152404768823,-1.9654450635813614,-2.020354536737168,-2.0759324833933723,-2.132166321251261,-2.1890422440652646,-2.2465454145819796,-2.304659128605735,-2.363364885873298,-2.4226425471083113,-2.482469742860194,-2.542821960999908,-2.603671670914065,-2.6649886556350255,-2.726739437963799,-2.7888866446612814,-2.8513892970330135,-2.914201190062504,-2.977271710879925,-3.0405440520431815,-3.1039551915706842,-3.1674354658356996,-3.2309063234718605,-3.294281033051183,-3.3574629660647948,-3.420344579778145,-3.482805617082352,-3.544712711311837,-3.605917101762346,-3.6662535132078733,-3.6964217189306314
-0.06741054458030415,-0.06808905952500055,-0.07016225112328467,-0.07348084338247851,-0.07794581799929201,-0.0834879828256696,-0.09005722361488111,-0.09761594911650295,-0.10613523687126314,-0.11559233170730376,-0.12596901489232426,-0.1372504096829985,-0.14942421372989845,-0.16248011937545215,-0.17640938435123932,-0.19120450899094976,-0.2068590244407975,-0.22336724917191297,-0.24072418834470977,-0.25892540203953374,-0.2779669155133391,-0.29784514174659993,-0.3185568145058326,-0.3400989729105852,-0.362468847125319,-0.38566389346910146,-0.4096817350324855,-0.43452012561786546,-0.4601769490236718,-0.4866501897031972,-0.5139379076868344,-0.5420382349371033,-0.5709493652314768,-0.6006695235381443,-0.6311969450413679,-0.6625299205508695,-0.6946667201692458,-0.7276056226434013,-0.7613448851481852,-0.7958827431256976,-0.8312173959438285,-0.867346998404317,-0.9042696489953927,-0.9419833784187537,-0.9804861378767793,-1.0197757856964529,-1.0598500840535152,-1.1007066673253796,-1.1423430258674205,-1.1847565290533213,-1.2279443551725056,-1.2719034782338712,-1.31663071358592,-1.3621226051081514,-1.4083754177766528,-1.4553852043319493,-1.5031476398706278,-1.551658024744662,-1.600911372796432,-1.6509021764515852,-1.7016244275956272,-1.7530717289063746,-1.8052369642029387,-1.8581123491701268,-1.9116895678751078,-1.965959311385146,-2.0209113773595355,-2.0765348330366695,-2.1328173691041785,-2.1897454780011927,-2.2473046431776833,-2.305478519284554,-2.3642490017879103,-2.4235963810815164,-2.483498762247982,-2.5439321515369873,-2.604869596006565,-2.6662815101862414,-2.728135111988661,-2.79039379791175,-2.8530174295170907,-2.9159607378459573,-2.9791741307617414,-3.04260193181477,-3.10618236223692,-3.1698471200905076,-3.2335191621874704,-3.297113405319063,-3.3605350276525447,-3.423678465046809,-3.4864256259096615,-3.5486455000695027,-3.610191889267367,-3.670902292842715,-3.7012574946303944
-0.06617391602428135,-0.06694344325153256,-0.06909458603971963,-0.07248135188444582,-0.0770068986721828,-0.08260355389906326,-0.08922230326979808,-0.09682638016446088,-0.10538749628083988,-0.11488339517202739,-0.12529625726795945,-0.1366115316833172,-0.14881718549029088,-0.16190313674935286,-0.1758608346329904,-0.19068294372253103,-0.20636313686510643,-0.22289585702650605,-0.24027621886066886,-0.2584998798280669,-0.27756295241874174,-0.2974619283950597,-0.3181936133197505,-0.33975511146069337,-0.3621437139843975,-0.38535693329713183,-0.40939244496120963,-0.43424805242420206,-0.45992168631867614,-0.4864113757634625,-0.51371522383441,-0.5418314039998817,-0.5707581502247372,-0.6004937270177146,-0.6310364089157972,-0.6623845249012383,-0.6945363837396634,-0.727490302691236,-0.7612445779558552,-0.7957974845181459,-0.8311472621203464,-0.867292106958617,-0.9042301601932312,-0.9419594967288614,-0.980478113758898,-1.0197839176832924,-1.0598747209068726,-1.1007482108825295,-1.1424019342433978,-1.1848333193460014,-1.2280396076879363,-1.272017840999573,-1.3167649058880126,-1.3622774234532287,-1.4085517420182603,-1.4555840023833255,-1.5033699759382735,-1.551905067509285,-1.6011844017442156,-1.651202593147083,-1.7019537665316387,-1.7534316660544613,-1.805629332397829,-1.8585391524723605,-1.9121529931663606,-1.966461749355597,-2.0214554415225683,-2.0771233755195073,-2.1334535092901064,-2.190432627727512,-2.2480465283083673,-2.3062792171578916,-2.36511297741846,-2.4245285204608447,-2.4845044164212515,-2.545017179646525,-2.606040423610967,-2.667545182153419,-2.729499355084797,-2.7918670942896684,-2.8546090860914752,-2.917680980834325,-2.98103418905884,-3.044614145954394,-3.1083602952160394,-3.1722056744366234,-3.2360747252811906,-3.2998839880484243,-3.3635404218289144,-3.426940414339519,-3.489968012376321,-3.5524945348078596,-3.6143763189962264,-3.675453613143953,-3.7059922602178217
-0.06496496719214928,-0.06582352231465638,-0.06805091358619286,-0.07150436095486601,-0.07608915149077689,-0.08173909955697667,-0.08840626711583699,-0.09605469443627612,-0.1046567137434673,-0.11419055660670807,-0.12463879405351097,-0.13598719406922033,-0.14822398737279752,-0.16133931290580605,-0.17532480717941112,-0.19017329550257145,-0.20587858938543313,-0.22243525361749228,-0.2398385099954714,-0.2580841112670873,-0.27716825527801525,-0.29708751087462737,-0.31783875386588445,-0.339419152258591,-0.3618260568991616,-0.385057035062486,-0.40910981363979637,-0.43398224463995216,-0.45967230450443264,-0.4861780660370796,-0.5134976744119335,-0.5416293436871555,-0.5705713471256812,-0.6003219878997434,-0.6308795790240351,-0.6622424868022669,-0.6944090577996498,-0.7273776469276516,-0.7611465885362989,-0.7957141962650738,-0.8310787493231109,-0.8672384843695591,-0.9041915842761261,-0.941936167154811,-0.9804702751538885,-1.019791861663677,-1.0598987881866195,-1.100788794056906,-1.142459480920155,-1.1849083347902578,-1.2281326589550279,-1.272129561350166,-1.3168959982464479,-1.3624286662410556,-1.4087239951488417,-1.4557782118705953,-1.5035871819559565,-1.5521464123976259,-1.6014511362033579,-1.6514960872751505,-1.7022755204474826,-1.7537833182639684,-1.806012674865043,-1.8589561446868297,-1.9126057734927038,-1.9669526556050476,-2.0219870295860476,-2.0776984348289673,-2.134075090915033,-2.191104069079719,-2.2487714742765563,-2.307061656869025,-2.3659572797671613,-2.4254394667794443,-2.485487243778395,-2.5460776230986415,-2.607184773554927,-2.668780336295695,-2.7308328800116355,-2.79330729782139,-2.8561650855212894,-2.9193627962011193,-2.9828528252245246,-3.046581700251183,-3.110490066859939,-3.174512280168862,-3.2385742434696163,-3.3025940959182765,-3.3664805517679475,-3.4301319237652894,-3.493434369746995,-3.5562615098160943,-3.6184721895870853,-3.6799093796588744,-3.7106279746947632
-0.06378307787580084,-0.06472871863187901,-0.06703069196125622,-0.07054936071344553,-0.07519209511548386,-0.08089416430048235,-0.08760868328541171,-0.09530048185257822,-0.10394249940566258,-0.11351344504122451,-0.12399627199586316,-0.1353770602809723,-0.14764429860567585,-0.16078834205466297,-0.1748010104592579,-0.1896752864080531,-0.20540511709823406,-0.2219851865272071,-0.2394108213315871,-0.25767786749641974,-0.27678260638461794,-0.29672168226351214,-0.31749203967057493,-0.3390909089713956,-0.361515699397974,-0.3847640319007084,-0.4088336835811779,-0.43372255394866777,-0.45942866425028317,-0.4859501300154445,-0.5132851375895475,-0.5414319407244905,-0.5703888511113364,-0.6001542097279211,-0.6307263672113317,-0.6621037263542462,-0.6942846706773587,-0.7272675919006932,-0.7610508616692435,-0.7956328314096428,-0.8310118189108762,-0.8671861003848313,-0.904153899475646,-0.9419133765296239,-0.9804626176374454,-1.01979962212142,-1.059922299476046,-1.1008284397494128,-1.1425156983630558,-1.1849816176926486,-1.2282235614301529,-1.2722387022342962,-1.3170240644803322,-1.362576418577821,-1.4088922740191467,-1.455967941890024,-1.5037993798129756,-1.5523821946899385,-1.601711725495969,-1.6517828229084097,-1.7025898689369212,-1.754126881486151,-1.8063872048210694,-1.8593635572801137,-1.913048159636932,-1.9674323013878725,-2.0225064345259502,-2.078260327014525,-2.134682454563186,-2.1917601687554855,-2.249479875597671,-2.3078262625888746,-2.3667823646417396,-2.426329709615138,-2.486447769961586,-2.5471140460648245,-2.6083032511825532,-2.6699876219610674,-2.7321363831467105,-2.794715155138583,-2.857686228123324,-2.921007041579826,-2.9846309580464414,-3.0485055786747206,-3.11257273052693,-3.176768064404434,-3.241018922111627,-3.3052450170915404,-3.369356793012568,-3.4332544607581172,-3.496826261672692,-3.55994808897776,-3.622481268677824,-3.6842714665974885,-3.7151665655573205
-0.06262764179234548,-0.06365846720386426,-0.0660333917152478,-0.06961585298268513,-0.07431525932379834,-0.08006830321229952,-0.08682912999840031,-0.0945633419614289,-0.1032444726104087,-0.11285169829624575,-0.12336834624822046,-0.1347808018000718,-0.14707780611020738,-0.1602499257655543,-0.1742891599816554,-0.1891886452491054,-0.20494246153732742,-0.22154540948917667,-0.2389929183261419,-0.25728092526271507,-0.2764057933783093,-0.2963642407330713,-0.3171532791063969,-0.33877019987185175,-0.36121246937932394,-0.38447776108709864,-0.40856390121208896,-0.4334688357257699,-0.45919062969894675,-0.48572744044794725,-0.5130774945826921,-0.5412390846722293,-0.5702105599849183,-0.5999902984652472,-0.6305766875358998,-0.6619681656649723,-0.69416315250308,-0.7271600757550178,-0.7609573435247929,-0.7955533441779128,-0.8309464332162175,-0.8671349255147565,-0.9041170845723201,-0.9418911120185003,-0.9804551368967962,-1.0198072034272032,-1.0599452680157828,-1.100867170283415,-1.142570618219052,-1.1850532092936072,-1.2283123662483852,-1.2723453250159888,-1.317149176551835,-1.3627207634304694,-1.4090566730478482,-1.4561532988011106,-1.5040066883445613,-1.552612546281229,-1.6019663152131658,-1.652062960026579,-1.7028969871215827,-1.7544625468023378,-1.8067531301950046,-1.8597616159921282,-1.9134803961933455,-1.967900951283208,-2.023013942130447,-2.0788093603973268,-2.1352759325202753,-2.192401284552825,-2.250172117252558,-2.3085734482845233,-2.3675886769400245,-2.427199726891649,-2.487386508174505,-2.54812699945266,-2.6093964477065246,-2.671167673455477,-2.7334105448720614,-2.796091395880951,-2.8591732961847027,-2.922614555497649,-2.986369486093632,-3.0503867438337218,-3.114609317049344,-3.1789741305559005,-3.24340994168294,-3.307838013685549,-3.3721704939349006,-3.4363094645189607,-3.500145222604878,-3.5635559061458766,-3.6264052932284296,-3.6885417170863244,-3.7196099290152715
-0.06149806627033794,-0.06261221581491672,-0.06505849546376563,-0.06870335101269998,-0.073458184745534,-0.07926108170241974,-0.08606719531718543,-0.09384288370257732,-0.10256226167000282,-0.11220496276396208,-0.12275468015923163,-0.13419809794592563,-0.14652420430494306,-0.1597237727797962,-0.17378897811486382,-0.18871310739472236,-0.2044903705060941,-0.2211156822276683,-0.23858457215668594,-0.25689306677116885,-0.27603760910357433,-0.2960149894122077,-0.3168222852631519,-0.33845684771489637,-0.3609161989946985,-0.38419806392533395,-0.4083003167674404,-0.4332209489384953,-0.4589580683722172,-0.4855098732533314,-0.5128746295690823,-0.5410506678482419,-0.5700363741041992,-0.5998301624274616,-0.6304304562084306,-0.661835728794613,-0.6940444351597685,-0.7270550381879293,-0.7608659816249252,-0.7954756899461346,-0.8308825555187083,-0.867084931011286,-0.9040811188803843,-0.9418693611095375,-0.9804478287276819,-1.0198146098418404,-1.059967706713305,-1.1009050074207938,-1.1426242713392654,-1.1851231497968628,-1.2283991232599822,-1.2724494895183014,-1.3172714046173262,-1.3628617816857203,-1.4092172842882222,-1.4563343863015943,-1.5042092234154758,-1.5528375957739593,-1.6022150473166574,-1.6523366546276286,-1.7031970457721757,-1.7547905005556252,-1.8071106537705939,-1.860150540989558,-1.9139027217327964,-1.9683588633723215,-2.0235098311898403,-2.079345835773272,-2.1358558489906754,-2.19302776560093,-2.250848574933628,-2.3093036179803628,-2.3683766509265736,-2.428049985170988,-2.4883039594915335,-2.549117021231795,-2.6104649405508384,-2.67232111040272,-2.7346560299504663,-2.7974367330895644,-2.8606270543720225,-2.9241861577995465,-2.988069288154549,-3.0522261374256954,-3.116600835192518,-3.1811315587967903,-3.24574845824388,-3.310374322237264,-3.3749229761926958,-3.4392983464559324,-3.5033927582104774,-3.5670865655214157,-3.6302459698502987,-3.692721943433097,-3.7239599302245017
-0.06039377194315687,-0.06158942474046025,-0.06410549760735851,-0.06781137921265668,-0.07262042260531842,-0.07847207526012756,-0.08532247690791195,-0.09313872517742183,-0.10189550364476663,-0.11157289319503327,-0.1221549450676207,-0.13362863567836225,-0.14598319491547773,-0.1592095988269815,-0.17330019391021967,-0.18824841460363118,-0.2040485979150075,-0.22069577030101595,-0.23818555957155763,-0.25651407954232486,-0.27567785147226687,-0.29567373625620785,-0.31649887582221314,-0.3381506796183986,-0.3606267245346073,-0.3839247856392891,-0.40804278418777873,-0.432978756049085,-0.4587308510795918,-0.4852973074338074,-0.5126764296083053,-0.5408665852528083,-0.5698661963117191,-0.5996737122190732,-0.6302875915329631,-0.6617063417023061,-0.6939284522349265,-0.7269524204067235,-0.7607767248065889,-0.7953998252091532,-0.8308201500187185,-0.8670360888475503,-0.9040459822332148,-0.9418481116047372,-0.9804406890314032,-1.0198218455190977,-1.0599896281522359,-1.100941972377445,-1.1426766878008365,-1.1851914783980178,-1.2284838810656673,-1.2725512540656903,-1.3173908170767579,-1.3629995522067784,-1.4093741974929852,-1.45651130550013,-1.504407098000815,-1.5530574685674647,-1.6024580602372662,-1.6526040588356272,-1.7034902114258843,-1.755110924478287,-1.8074599733242325,-1.8605305470149824,-1.914315368962738,-1.968806289410785,-2.023994373681126,-2.0798700466104547,-2.1364225203077014,-2.1936399525847916,-2.251509615283598,-2.310017166011513,-2.369146710501724,-2.428880939938427,-2.48920061315856,-2.5500846367511043,-2.6115092936847883,-2.673448538095058,-2.73587348789337,-2.798751863590576,-2.862048250131144,-2.9257226500631672,-2.989731223665415,-3.054024680677725,-3.118548272105681,-3.1832414065192216,-3.24803560390049,-3.312855154162997,-3.377615535181744,-3.4422224906224153,-3.5065703457867747,-3.570541642034919,-3.634004975141658,-3.696813927401754,-3.7282184035318022
-0.05931419244893377,-0.06058956646128877,-0.06317390405885526,-0.06693947288911595,-0.0718015344711942,-0.0777008692123271,-0.08459458180825052,-0.09245049342567757,-0.10124384412766307,-0.11095515249130994,-0.12156882010259107,-0.13307210940527447,-0.1454544867893981,-0.15870712644721063,-0.17282254293096155,-0.18779431485957954,-0.20361690362367124,-0.2202854449504965,-0.23779566274424457,-0.2561437562726754,-0.275326323330094,-0.295340293919355,-0.31618287293493363,-0.33785152694685294,-0.36034388631838166,-0.3836577752682979,-0.4077911610199436,-0.43274212292079284,-0.458508851829742,-0.48508962499180797,-0.5124827845638169,-0.5406867344958988,-0.5696999318673734,-0.5995208606709657,-0.6301480138500404,-0.661579932194245,-0.6938151389740854,-0.7268521650874771,-0.7606895231855537,-0.7953257075498765,-0.8307591818123239,-0.8669883716980964,-0.9040116549689614,-0.9418273516116571,-0.9804337138118457,-1.0198289145087358,-1.060011044601139,-1.1009780858380225,-1.1427278969282417,-1.1852582333120143,-1.2285666870509138,-1.2726506755249556,-1.3175074806218268,-1.3631341518888007,-1.4095275001767549,-1.4566841549868093,-1.5046004222648124,-1.553272286944618,-1.6026954889705625,-1.6528653210051258,-1.7037766465002768,-1.755423995815275,-1.807801281758925,-1.8609018435309599,-1.9147185648829002,-1.969243474995408,-2.0244678349468304,-2.080382279240589,-2.136976255138312,-2.194238177963137,-2.252155596127392,-2.310714477270359,-2.369899269462983,-2.42969303587921,-2.4900769468857886,-2.5510303590477346,-2.612530057948237,-2.6745505478351195,-2.7370635533188414,-2.800037468369876,-2.863437614077591,-2.92722481600427,-2.9913561331300853,-3.055783274778656,-3.1204525937643557,-3.18530470878422,-3.2502724872588096,-3.315281696212413,-3.3802494404842287,-3.4450832541527365,-3.5096794346763494,-3.5739226817304126,-3.6376839560290253,-3.7008194204965594,-3.7323871527303263
-0.05825877413758729,-0.059612125384589376,-0.06226323197648931,-0.06608717799050368,-0.07100109200928184,-0.07694705848804162,-0.08388312620088989,-0.09177782420708436,-0.10060693703464185,-0.11035141150397276,-0.1209959919896697,-0.13252822079579119,-0.14493779571653764,-0.1582160848180525,-0.17235576708591882,-0.187350562211841,-0.20319505328720844,-0.2198844829528257,-0.2374146691324075,-0.2557818946992807,-0.27498283232763043,-0.29501447963105054,-0.3158741031046963,-0.3375592251990689,-0.36006752858699365,-0.383396885565368,-0.4075453083208336,-0.4325109187267584,-0.45829194774456017,-0.4848867108492083,-0.5122935870273571,-0.5405110157267856,-0.5695374883830873,-0.5993715227800456,-0.6300116454813987,-0.6614564298736303,-0.6937044322357089,-0.7267542163350127,-0.760604328121528,-0.7952532956094549,-0.8306996168668368,-0.8669417529197032,-0.9039781179168926,-0.9418070695348169,-0.9804268991727483,-1.0198358207594405,-1.0600319680220238,-1.1010133679707268,-1.1427779273138317,-1.1853234518001354,-1.228647587418985,-1.2727478093449651,-1.3176214602823588,-1.3632656557122091,-1.4096772776771127,-1.4568530309013727,-1.5047893036365334,-1.553482170156295,-1.6029274651690129,-1.6531205858226317,-1.7040565094036397,-1.7557298874442573,-1.8081347672338932,-1.86126463486036,-1.9151125309362138,-1.9696706597262637,-2.0249304738688245,-2.080882813044793,-2.137517354681573,-2.194822766180149,-2.2527868666975204,-2.3113959274463802,-2.3706347317592913,-2.430486707148072,-2.49093342713258,-2.5519546891478617,-2.6135277713685845,-2.6756277172691245,-2.738226846301206,-2.8012942129388874,-2.8647958603782664,-2.9286934218736516,-2.9929448385307866,-3.0575028013025807,-3.1223147454048306,-3.187322478764232,-3.252460193872553,-3.3176551109170282,-3.382825936312639,-3.44788196769531,-3.5127214466814216,-3.577231202151565,-3.641284530113298,-3.704740144255181,-3.736467951326128
-0.057226975784430145,-0.05865659757153807,-0.06137300950348479,-0.06525405085804348,-0.07021867674494864,-0.07621024738904136,-0.08318773519282452,-0.0911203617897316,-0.09998444440060261,-0.10976134883724509,-0.12043615486161396,-0.1319966785985116,-0.1444328442540277,-0.15773620958652312,-0.17189961446792967,-0.18691691661958387,-0.20278281820742539,-0.21949266647713905,-0.23704237134067885,-0.2554282974687405,-0.2746471907941972,-0.29469611507584315,-0.31557239707220575,-0.337273613899014,-0.35979749939931693,-0.3831419728986596,-0.40730509056372544,-0.4322850158618552,-0.45808001897584827,-0.4846884527692774,-0.5121087322456974,-0.5403393315656313,-0.5693787757592439,-0.599225615650889,-0.6298784106764099,-0.6613357660919528,-0.6935962704474274,-0.7266585196441522,-0.7605210921845851,-0.7951825490586373,-0.830641421996936,-0.8668962065329744,-0.9039453523837615,-0.9417872540677497,-0.9804202413149499,-1.0198425681214207,-1.0600524100788933,-1.101047838441227,-1.1428268068375935,-1.1853871701957175,-1.2287266272231534,-1.272842709595201,-1.3177328194714732,-1.3633941367946711,-1.4098236132132014,-1.457018026999335,-1.5049738468837726,-1.5536872345026653,-1.6031541172321973,-1.6533699944046187,-1.7043299546421364,-1.7560287679918796,-1.80846061329063,-1.8616191203221888,-1.915497483154871,-1.9700880773640295,-2.0253825430369465,-2.081371920634356,-2.138046112861547,-2.195394033871234,-2.2534037678534125,-2.3120618832588313,-2.371353491738404,-2.4312623776312714,-2.4917705093848053,-2.552858116359391,-2.614502959469567,-2.676680610711668,-2.739363972712283,-2.8025227476915493,-2.866123687123956,-2.930129216844901,-2.9944981437304063,-3.0591841226241145,-3.1241356519504326,-3.1892957081783857,-3.2545997866839538,-3.3199765370327983,-3.3853462419494273,-3.450619935842991,-3.5156977764773556,-3.5804686927293328,-3.644808286020751,-3.7085777905495276,-3.740462542813916
-0.056218268310392894,-0.05772249047089062,-0.06050277551423733,-0.06443965798248463,-0.0694538798297284,-0.07549004936588943,-0.08250804260065969,-0.09047775874300168,-0.09937603618057622,-0.10918465065707927,-0.11988901007462527,-0.13147719846462458,-0.14393936155636666,-0.15726724270528347,-0.17145383919678903,-0.1864931438014139,-0.20237997518779416,-0.21910978294619188,-0.23667856698754708,-0.25508277200947393,-0.27431921561631434,-0.2943850262770109,-0.3152775897043769,-0.3369945364897653,-0.35953365053111863,-0.38289289715576214,-0.40707037554783554,-0.4320642898567151,-0.4578729486246935,-0.4844947412804501,-0.5119281180494761,-0.5401715870372081,-0.5692237061234229,-0.5990830584389206,-0.6297482355601902,-0.6612178739017871,-0.6934905935637836,-0.72656502186208,-0.7604397691222342,-0.7951134285697714,-0.8305845648420407,-0.8668517072040194,-0.9039133401413268,-0.9417678941850305,-0.9804137365337473,-1.01984916034914,-1.0600723821457603,-1.1010815164262056,-1.1428745626867576,-1.18544942392933,-1.228803850397786,-1.2729354290029526,-1.3178416200291254,-1.363519666441415,-1.4099665879429901,-1.4571792347162882,-1.5051541541845959,-1.5538875934124619,-1.6033755703934505,-1.6536136843929405,-1.7045971329236576,-1.7563208019465204,-1.8087789989748249,-1.861965494363571,-1.9158736323027448,-1.9704959559826651,-2.0258242889128475,-2.08184986802582,-2.1385628165146997,-2.195952290062908,-2.2540066322941366,-2.312712702683406,-2.372055934387296,-2.432020461201656,-2.492588638424653,-2.553741118557551,-2.6154561355720585,-2.677709779462578,-2.7404755245538093,-2.8037237082530364,-2.867421776693835,-2.9315329333938545,-2.9960168348660776,-3.06082808232524,-3.125916218429936,-3.1912253677202407,-3.2566923064579645,-3.322247089977115,-3.387811552181974,-3.453298437560315,-3.5186097920252624,-3.5836366151708376,-3.6482567837577307,-3.7123340218940037,-3.744372640962151
-0.055232134508487185,-0.056809322659368,-0.05965207936631245,-0.06364357576693624,-0.06870630181394777,-0.0747860868000716,-0.08184369074086817,-0.08984967573659741,-0.09878139005630171,-0.10862101050528317,-0.11935426602953658,-0.13096950277577957,-0.143457083209797,-0.15680893227412174,-0.1710182012664374,-0.18607901508833624,-0.20198630639287618,-0.21873562490137832,-0.23632305857601565,-0.2547451304080406,-0.27399872811899595,-0.29408104348338515,-0.31498951988637724,-0.336721840230747,-0.3592758373775373,-0.3826495216507686,-0.40684103431021246,-0.43184861929472795,-0.45767062266297565,-0.4843054696029192,-0.511751644784475,-0.5400076895067052,-0.5690721937706034,-0.5989437722955016,-0.6296210480831066,-0.6611026880112059,-0.6933873430250204,-0.7264736711520614,-0.7603603138276904,-0.7950458957899587,-0.830529013843706,-0.8668082302274449,-0.9038820634132305,-0.9417489791348377,-0.980407381216386,-1.0198556011039583,-1.0600918953143523,-1.1011144206267476,-1.1429212213742046,-1.1855102475532897,-1.228879299788499,-1.2730260189896203,-1.3179479222646284,-1.3636423141938137,-1.4101062810186304,-1.4573367432299422,-1.5053303251965744,-1.5540833575196755,-1.6035919468045057,-1.653851790047245,-1.7048581912584737,-1.7566061497679142,-1.8090900989552239,-1.862303946687649,-1.9162411840130567,-1.9708945181176496,-2.026255951988931,-2.0823169148113774,-2.1390677455719764,-2.196497836366995,-2.254595784765434,-2.313348735172327,-2.372742435566222,-2.4327613619666844,-2.4933882485936643,-2.554604162462426,-2.61638780108735,-2.6787157621155577,-2.7415620802820673,-2.8048977158197985,-2.8686907961112285,-2.932905287669607,-2.9975016807347377,-3.062435505594041,-3.1276573303883337,-3.193112407478116,-3.2587387722098238,-3.3244678622599944,-3.390223037732898,-3.455918726607621,-3.521458834982827,-3.5867364038490446,-3.6516315550690126,-3.7160104717603115,-3.7481999301059665
-0.054268068776530676,-0.05591662358737093,-0.058820480658283714,-0.06286539029562999,-0.06797555242523678,-0.07409799079121093,-0.08119433022595324,-0.0892357813443656,-0.09820019124791024,-0.1080701291183761,-0.1188316379974852,-0.1304733204769981,-0.1429857510717225,-0.15636103238503285,-0.17059246639656855,-0.18567430728151368,-0.20160159921140952,-0.21836998987152523,-0.23597565336803683,-0.25441518928877027,-0.2736855539510197,-0.29378400105932734,-0.3147080304168215,-0.3364553760977884,-0.35902391885802576,-0.382411713034303,-0.4066169410403164,-0.4316378857315062,-0.4574729298573388,-0.484120533577137,-0.5115792152444731,-0.5398475486174004,-0.5689241551054547,-0.5988076803145947,-0.6294967779721494,-0.6609901447393485,-0.6932864617173795,-0.726384416957937,-0.7602826823092323,-0.7949799133146973,-0.8304747382243072,-0.8667657515090577,-0.9038515048632956,-0.9417304984315589,-0.9804011718394623,-1.0198618939565085,-1.0601109604019276,-1.1011465692810418,-1.1429668087567846,-1.1855696747651079,-1.2289530171814889,-1.2731145297056878,-1.3180517849976203,-1.3637621478767237,-1.4102427696400133,-1.4574906395205423,-1.5055024571240416,-1.554274634737851,-1.6038033656172956,-1.6540844423345469,-1.705113273057135,-1.7568849679931553,-1.8093940836384048,-1.8626346623779266,-1.916600338922403,-1.9712839809099103,-2.026677766942875,-2.08277331432436,-2.139561173235438,-2.197030967169611,-2.2551715422610252,-2.313970321868686,-2.373413362236132,-2.433485474510033,-2.494169764048282,-2.555447703909608,-2.617298445802674,-2.679699084859477,-2.7426242051245664,-2.80604537749205,-2.8699313973912455,-2.934246979857269,-2.9989534331704704,-3.0640071996155704,-3.1293598542895262,-3.1949577573483046,-3.260740181625821,-3.3266399239092026,-3.3925818456857715,-3.4584820319617737,-3.524246221113858,-3.5897694661928603,-3.6549341037990235,-3.719608744898306,-3.751946065447953
-0.05332557685542305,-0.055043933331333506,-0.05800754899341065,-0.062104697107834284,-0.06726125035214636,-0.07342540095007788,-0.08055961976538573,-0.08863575185338313,-0.09763213233024981,-0.10753171425117447,-0.11832084795058151,-0.12998838691347103,-0.14252511311410032,-0.1559233029720497,-0.1701764058882782,-0.18527880251351103,-0.20122564612357063,-0.21801268024548293,-0.23563616326240933,-0.2540927696970119,-0.27337952297283863,-0.2934937373782365,-0.31443296790605313,-0.3361949986864454,-0.35877775732409134,-0.38217934120585717,-0.4063979729975076,-0.43143197361628083,-0.4572797616954505,-0.4839398315946042,-0.5114107346066543,-0.5396910762301088,-0.5687795085862701,-0.5986747074810284,-0.6293753566834814,-0.6608801819733445,-0.6931878939342884,-0.7262972099700615,-0.7602068316602262,-0.7949154446624584,-0.830421707965967,-0.8667242475497217,-0.9038216475834027,-0.9417124418485079,-0.9803951049667914,-1.019868042389338,-1.0601295879584027,-1.1011779801768151,-1.1430113500528805,-1.1856277384304725,-1.2290250433318661,-1.2732010100648283,-1.3181532655978323,-1.363879233644405,-1.4103761291069938,-1.4576410084294222,-1.5056706447833967,-1.5544615303324738,-1.604009943063378,-1.6543117690163367,-1.7053625182252397,-1.7571574093399933,-1.8096911192805765,-1.862957822018907,-1.9169512928007393,-1.9716645562456225,-2.027089962787576,-2.0832193137997113,-2.1400433661503904,-2.197551969814482,-2.2557342142182524,-2.3145777958144986,-2.374069072680274,-2.434193184126543,-2.4949335990091193,-2.556272188113806,-2.6181885481598277,-2.6806602617716946,-2.7436624513889507,-2.807167286598089,-2.871144217880617,-2.935558694532836,-3.0003728274135444,-3.065543953954797,-3.1310246379118167,-3.1967623274409718,-3.2626975114775525,-3.3287643228899433,-3.394889099905807,-3.4609895582333183,-3.5269732406955523,-3.5927371830773547,-3.6581659062556504,-3.723130417662357,-3.755612673365716
-0.05240417557468291,-0.05419080235129492,-0.05721286374895662,-0.06136110097769709,-0.06656302303340578,-0.07276796519621875,-0.0799392259719367,-0.08804927107770588,-0.09707691305425037,-0.10700548050515124,-0.11782162439704091,-0.12951444367226284,-0.14207492327111826,-0.1554955096650268,-0.1697697964835987,-0.18489228811375824,-0.20085824457156676,-0.21766350314833538,-0.23530440467607328,-0.25377769698560204,-0.27308046914851225,-0.2932100947189431,-0.31416418267724566,-0.3359405661175652,-0.35853721846998976,-0.3819522792290586,-0.40618401043015506,-0.4312307702162288,-0.4570910123144811,-0.4837632645303902,-0.5112461103684351,-0.5395381863646298,-0.5686381746704328,-0.5985447806204247,-0.6292567173563857,-0.6607727391268581,-0.6930915853390784,-0.7262120020919305,-0.7601327200301489,-0.7948524542502833,-0.8303698937902837,-0.8666836954293045,-0.9037924750822768,-0.9416947994111524,-0.9803891772466988,-1.0198740497990189,-1.0601477882737687,-1.1012086706633673,-1.143054869859439,-1.1856844706054526,-1.2290954179911218,-1.273285507776789,-1.318252420023902,-1.3639936360248406,-1.4105064328697292,-1.4577879327157373,-1.5058349806661653,-1.5546441469908245,-1.6042117925310517,-1.6545338947329347,-1.705606063255627,-1.757423622806642,-1.8099813680959365,-1.8632736018131757,-1.9172942366775247,-1.9720364508920563,-2.027492763016925,-2.0836551545304616,-2.1405145845723617,-2.198061124781403,-2.2562841027082836,-2.315171482153522,-2.3747099167195307,-2.4348848670509904,-2.495680158003366,-2.557078049925665,-2.6190585755264895,-2.6815997951046278,-2.7446773587644913,-2.808264023010909,-2.872329880589697,-2.936841101010046,-3.0017605824721683,-3.067046540931795,-3.1326525107355785,-3.1985270084790463,-3.264611718029564,-3.330842085518193,-3.3971459014557226,-3.4634424860799373,-3.529641158924013,-3.5956409092137376,-3.661328411576026,-3.7265770383425045,-3.7592013517257383
-0.05150339260220349,-0.05335679125435533,-0.05643601385103558,-0.060634215699106875,-0.06588050645208732,-0.07212533956115763,-0.07933282317260648,-0.08747603017735806,-0.09653424017290746,-0.10649114916123636,-0.11733370222049011,-0.12905123842807953,-0.14163494129113552,-0.15507742364726518,-0.16937242022909693,-0.18451455647741088,-0.20049919683422512,-0.21732227032094098,-0.2349801984289579,-0.25346980070455327,-0.2727882304399243,-0.29293291916487885,-0.3139015286705904,-0.3356919399462255,-0.3583021712456391,-0.38173040324913643,-0.4059749364978993,-0.43103416554253204,-0.45690657843151516,-0.48359073567814104,-0.5110852522865805,-0.5393887951426812,-0.5685000757617686,-0.5984178283503061,-0.629140794768901,-0.6606677570993424,-0.6929974829284369,-0.7261287464080279,-0.7600603065967659,-0.7947909073695358,-0.8303192671386794,-0.8666440727914004,-0.9037639712742518,-0.9416775613902972,-0.9803833854101329,-1.019879919498612,-1.060165571384819,-1.1012386576632727,-1.1430973921685128,-1.1857399025581028,-1.2291641799339503,-1.273368069379388,-1.3183493028607218,-1.3641054179629686,-1.4106337525779056,-1.4579314931114418,-1.5059955550006388,-1.5548225848901254,-1.6044090246400966,-1.654750941085359,-1.7058440413176168,-1.7576837537692347,-1.8102649883620314,-1.8635821736951108,-1.9176293569644454,-1.9723998666293374,-2.027886385747446,-2.084081072019206,-2.140975082529306,-2.1985587058597433,-2.2568215026211202,-2.315751698328228,-2.3753362359220764,-2.435560890680799,-2.4964098361011544,-2.557865714081764,-2.619908984460606,-2.6825181755647076,-2.7456694546162286,-2.809336153457642,-2.873488994516582,-2.9380948536798623,-3.003117401476252,-3.0685157159893395,-3.1342442843239393,-3.2002526721898628,-3.2664837374404065,-3.332874216868531,-3.3993533290065714,-3.4658419726161016,-3.5322512163169173,-3.598481973538681,-3.6644230420941892,-3.729950127499959,-3.762713670202833
-0.05062276620040329,-0.05254147056348302,-0.055676597554255025,-0.05992366387612691,-0.06521334493534425,-0.07149718799626115,-0.07874009322454967,-0.08691572748134035,-0.09600382727170675,-0.10598844801723573,-0.11685682252351448,-0.12859852479314426,-0.1412049325924425,-0.1546688215174008,-0.16898406434298074,-0.18414540493805198,-0.20014830990464638,-0.21698879800311488,-0.23466336963187118,-0.25316891449396195,-0.27250264870464225,-0.2926620605064878,-0.3136448633498157,-0.33544898507278376,-0.35807248777259826,-0.3815135924128965,-0.4057706371956904,-0.4308420522789014,-0.45672635927604954,-0.48342215068661876,-0.5109280723177401,-0.539242820732877,-0.5683651361591435,-0.5982937810331102,-0.6290275252944344,-0.660565178236916,-0.6929055349973012,-0.7260473971525405,-0.7599895515385535,-0.7947307701630768,-0.8302698001533271,-0.8666053578282096,-0.9037361204685013,-0.9416607182956893,-0.9803777262681779,-1.019885654719821,-1.060182947081878,-1.1012679576836604,-1.1431389403833592,-1.1857940647892695,-1.2292313669840293,-1.2734487402697559,-1.318443967355698,-1.3642146408625377,-1.410758158127945,-1.4580717683750022,-1.5061524558113826,-1.5549969417633092,-1.604601747314538,-1.6549630267150395,-1.706076582343874,-1.7579379440758602,-1.8105421345217643,-1.863883705441527,-1.9179568355744747,-1.972755000378612,-2.028271043855834,-2.084497296125698,-2.141425107979611,-2.199044980317044,-2.257346701845586,-2.31631875427154,-2.375948363807434,-2.4362216137927772,-2.497123019145464,-2.5586355954484663,-2.6207402209684094,-2.6834158825848498,-2.7466392542720097,-2.810384231821317,-2.87462215496439,-2.9393205923420096,-3.0044439720236182,-3.069952218053351,-3.13580075269575,-3.2019401716900653,-3.2683144861570756,-3.334861701175851,-3.401512439243548,-3.4681891518187458,-3.53480462911403,-3.6012616796028962,-3.6674511937097143,-3.7332511783064737,-3.766151170604853
-0.049761844988127635,-0.05174442049167283,-0.0549342222277982,-0.05922907671753741,-0.06456119095847868,-0.07088318218517742,-0.07816072533550766,-0.0863680683158119,-0.09548539460344507,-0.10549711122895822,-0.11639073247584619,-0.12815606217100317,-0.14078466812339485,-0.15426948515453454,-0.1686045210859355,-0.1837846356437911,-0.1998053953716994,-0.2166629068196091,-0.23435374757783123,-0.25287487597975833,-0.272223569596175,-0.29239737214616923,-0.3133940476119257,-0.3352115696567015,-0.3578480432617104,-0.38130172879093926,-0.40557100128035817,-0.4306543257118989,-0.4565502565246904,-0.48325741749808415,-0.5107744845610052,-0.5391001832968145,-0.5682332820069691,-0.59817257073016,-0.628916846859795,-0.6604649462942813,-0.6928156911046202,-0.7259679096790261,-0.7599204160084527,-0.7946720096024373,-0.8302214656584761,-0.8665675292661712,-0.9037089073586246,-0.9416442608695341,-0.9803721967102108,-1.019891258615191,-1.0601999249154614,-1.1012965868273161,-1.1431795373340048,-1.1858469870529964,-1.2292970160392214,-1.2735275647341116,-1.3185364654543008,-1.364321364626675,-1.4108797177095234,-1.4582088353429778,-1.5063057689769677,-1.5551673129632126,-1.6047900658529457,-1.65517026738089,-1.7063038131145847,-1.7581863321384006,-1.8108129572828924,-1.8641783607787232,-1.9182768500374703,-1.9731020443266578,-2.028646945112622,-2.0849040512102235,-2.1418649029654846,-2.1995202090629995,-2.25785998144441,-2.3168729525934184,-2.3765466260449175,-2.4368673867543045,-2.497820083976121,-2.5593880992593077,-2.6215527207555933,-2.684293384589931,-2.747587261302553,-2.8114087994358883,-2.8757299438507022,-2.940518942529602,-3.0057409665190216,-3.0713567698856137,-3.1373226926916464,-3.203590341863527,-3.2701048613032357,-3.336805502231266,-3.4036242672666583,-3.4704851349287913,-3.537302589674707,-3.603981305958548,-3.6704142362574577,-3.736481656887014,-3.7695153672017976
-0.04892018770750184,-0.05096523072181114,-0.05420850414501466,-0.05855009383810561,-0.06392370495351685,-0.07028300136155963,-0.07759441588892635,-0.08583276483604685,-0.09497866892722584,-0.10501687915600577,-0.11593518516588297,-0.1277236156143502,-0.14037392422521222,-0.15387920158738133,-0.16823358763566887,-0.18343205543662755,-0.1994702693044026,-0.2163444216696231,-0.23405116563575135,-0.2525875266725208,-0.2719508424673389,-0.29213871100592925,-0.3131489456988934,-0.33497956503274473,-0.35762871593374435,-0.3810946973022311,-0.40537592019882496,-0.43047088366356956,-0.4563781742373596,-0.4830964462887666,-0.5106244052020203,-0.5389608049372052,-0.5681044412466418,-0.5980541311572551,-0.6288086989045372,-0.6603670063976663,-0.6927279020399579,-0.725890240430993,-0.759852862108179,-0.7946145934661697,-0.8301742371427778,-0.8665305663517753,-0.9036823170125219,-0.9416281800804782,-0.9803667937015037,-1.0198967342601284,-1.0602165142024722,-1.1013245608032074,-1.1432192052923673,-1.18589869837602,-1.2293611630958878,-1.2736045859773393,-1.318626847834059,-1.3644256476972982,-1.410998497850069,-1.4583427689805362,-1.506455578286281,-1.5553337915246601,-1.6049740829970238,-1.6553727760343362,-1.7065258573393693,-1.7584290530212154,-1.8110776037142617,-1.8644662994868444,-1.918589573612861,-1.9734411860467205,-2.0290142923121923,-2.085301556272867,-2.142294703762082,-2.1999846468089723,-2.2583616158243114,-2.317414588762423,-2.3771313406470984,-2.437498551728634,-2.4985013986482008,-2.5601236213465883,-2.622346909472384,-2.6851511392558702,-2.748513967794808,-2.812410385374009,-2.876812930010164,-2.941690515826423,-3.0070090425059703,-3.072730078429564,-3.138810864333208,-3.2052039997322757,-3.2718557410607474,-3.338706563772098,-3.405689826986258,-3.4727310108486287,-3.539746266872479,-3.6066421065452214,-3.6733135138777295,-3.739643002665294,-3.7728077470590704
-0.04809736299602463,-0.05020350019053765,-0.05349906827936124,-0.05788636306229833,-0.06330055512422383,-0.06969633213063098,-0.07704086827322598,-0.08530953586318724,-0.09448338335187323,-0.10454749821136033,-0.11548993945611485,-0.12730095568653788,-0.1399724824998394,-0.1534977628667722,-0.16787106596418688,-0.1830874757357659,-0.19914275213954724,-0.21603317161931201,-0.23375546114778878,-0.252306711868977,-0.271684320276222,-0.29188593743758595,-0.312909425112462,-0.3347528456297155,-0.3574143869420787,-0.3808923856405855,-0.40518528801904985,-0.4302916264257828,-0.45621001879565526,-0.4829391494107549,-0.5104777524586934,-0.5388246096472704,-0.5679785435699802,-0.5979383976413954,-0.6287030223413259,-0.6602713050089415,-0.6926421197915644,-0.7258143469132339,-0.7597868528633311,-0.7945584903187308,-0.8301280887413887,-0.8664944488379511,-0.9036563348625348,-0.941612467117614,-0.980361514281558,-1.0199020846549667,-1.060232724032395,-1.1013518949369416,-1.1432579659868214,-1.18594922707711,-1.22942384327267,-1.2736798461511656,-1.3187151639378447,-1.3645275470934637,-1.4111145634583488,-1.458473642430369,-1.5066019654928597,-1.5554964682248373,-1.605153898997913,-1.6555706628921474,-1.7067428357365966,-1.7586662385277618,-1.811336217339532,-1.8647476775011773,-1.918895175398494,-1.9737726086161311,-2.0293732833991385,-2.0856900250890265,-2.1427147410227,-2.2004385422231376,-2.2588518729019125,-2.3179439512822864,-2.3777028181577675,-2.438115442875266,-2.4991673226444355,-2.5608425483665487,-2.62312320295246,-2.685989593762139,-2.7494198546188064,-2.8133895067282477,-2.8778716694904505,-2.942835910177055,-3.0082488429912235,-3.074072835149022,-3.140266011174808,-3.2067819448212465,-3.2735679850449007,-3.340565809865992,-3.4077101115133512,-3.4749278465351474,-3.5421368064865955,-3.609245311074305,-3.6761503453866196,-3.7427366287117403,-3.776029770374295
-0.04729294916501203,-0.049458836878457646,-0.052805548103984634,-0.057237540234877926,-0.0626914172628279,-0.06912286829532377,-0.07649979271562302,-0.08479810672468169,-0.09399927718303225,-0.10408872071479003,-0.11505475984345814,-0.1268878583268851,-0.13958012967996147,-0.15312496594153124,-0.16751676271944405,-0.18275071242275231,-0.1988226685726069,-0.21572898979713706,-0.23346647532940246,-0.2520322805565911,-0.2714238594947904,-0.29163891513586115,-0.31267535653070055,-0.33453128889129324,-0.35720494029733985,-0.3806946842035863,-0.40499900136232725,-0.43011645669657206,-0.4560456988428996,-0.4827854413356647,-0.5103344465285709,-0.5386915232616696,-0.5678555203733726,-0.5978253070789252,-0.6285997595175896,-0.6601777898908479,-0.6925582975146449,-0.7257401876641811,-0.7597223521993435,-0.7945036694896102,-0.83008299521945,-0.8664591569707891,-0.903630946695877,-0.9415971133847068,-0.980356355561951,-1.019907312726942,-1.0602485632733138,-1.101378604180736,-1.1432958406166094,-1.185998600785454,-1.2294850908333377,-1.273753386381693,-1.3188014620062916,-1.3646271184483583,-1.411227977866747,-1.4586015270600106,-1.506745010367938,-1.5556554316418447,-1.6053296116808946,-1.6557640355071124,-1.7069548661106548,-1.7588980172844604,-1.8115889382282369,-1.8650226470104059,-1.919193820437104,-1.9740964907305925,-2.0297241115909026,-2.086069666341217,-2.14312523991973,-2.2008821380813837,-2.2593310142647427,-2.318461321863885,-2.378261361835299,-2.438718386544525,-2.4998182070824493,-2.5615452580194376,-2.6238820074458324,-2.6868091850383857,-2.7503053916878573,-2.814346668885692,-2.8789067058408557,-2.94395571019046,-3.0094609967626695,-3.0753857163599685,-3.1416888606488724,-3.208324959515574,-3.275242434673342,-3.3423841452892455,-3.4096860935447393,-3.477076687388514,-3.5444753315902244,-3.6117921254114504,-3.678926024646345,-3.745763922093448,-3.7791828708170048
-0.04650653398003968,-0.04873085760443985,-0.05212758539703266,-0.0566032890347401,-0.06209597457407234,-0.06856231068739227,-0.0759709061198155,-0.08429820909916508,-0.09352609577417681,-0.10364030475029651,-0.11462941632132129,-0.12648410471904903,-0.13919665750350418,-0.15276061253768347,-0.16717048910916965,-0.18242158573125167,-0.19850984745151123,-0.2154317132919914,-0.233184053171831,-0.25176408531990546,-0.2711693200200038,-0.2913975110532707,-0.3124466137275572,-0.33431477519911823,-0.35700026279479324,-0.38050148602328804,-0.4048169593377171,-0.42994527951831785,-0.4558851252256524,-0.48263523859999324,-0.5101944095375899,-0.5385614734088051,-0.5677353047139455,-0.5977147978946995,-0.6284988541782166,-0.6600864100730686,-0.6924763895014063,-0.7256677222289509,-0.7596593249176831,-0.794450101053723,-0.8300389319554347,-0.8664246714765511,-0.903606138645352,-0.9415821104945987,-0.9803513147245146,-1.0199124213321253,-1.060264040577552,-1.1014047031233432,-1.1433328498655415,-1.186046846458666,-1.2295449392091706,-1.2738252467962896,-1.3188857891089034,-1.3647244160455374,-1.4113388028720752,-1.458726492507978,-1.5068847907518057,-1.5558107682117628,-1.605501316507918,-1.6559529988367183,-1.707162063426959,-1.7591245148220969,-1.8118359030840914,-1.8652913565524454,-1.9194856698192986,-1.9744130068152677,-2.0300669654973014,-2.0864406837470595,-2.143526420282038,-2.201315671414106,-2.259799295328113,-2.3189669755925957,-2.378807267830685,-2.439307701467741,-2.5004543949163294,-2.56223211926363,-2.624623719845842,-2.6876103400047313,-2.7511710382128074,-2.8152823657959347,-2.8799185703949126,-2.9450504874364736,-3.0106461187002775,-3.0766693835554193,-3.143080124404518,-3.2098338094120216,-3.2768799135288296,-3.3441624558990357,-3.4116187257428376,-3.479178557636453,-3.546762942935189,-3.6142837319570242,-3.681641820934922,-3.748726244225742,-3.7822684558711406
-0.04573771445071095,-0.04801918782422199,-0.05146483005078473,-0.05598328079337023,-0.06151391750131019,-0.06801436700123453,-0.07545393190806493,-0.08380958086480206,-0.09306359038188106,-0.10320201402680418,-0.11421368424704426,-0.1260894811633939,-0.13882186259102092,-0.15240450904125957,-0.16683206078837998,-0.18209992013886733,-0.1982041216729069,-0.21514118305456797,-0.23290804334727966,-0.25150198225079023,-0.27092056508766227,-0.291161595317746,-0.3122230734942555,-0.3341031877981848,-0.35680024394286747,-0.3803126866989359,-0.4046390634785624,-0.42977800221746243,-0.45572821093737836,-0.4824884597522061,-0.510057565490385,-0.5384343894645038,-0.5676178312663538,-0.5976068100026044,-0.6284002514293174,-0.6599971158193663,-0.692396351151281,-0.7255969111330973,-0.759597736673423,-0.7943977558117821,-0.8299958749252045,-0.8663909735493913,-0.9035818971803611,-0.941567450263725,-0.980346389019493,-1.0199174132571986,-1.0602791643874232,-1.1014302059991987,-1.1433690139154962,-1.1860939904003498,-1.2296034210206308,-1.273895466549435,-1.3189681911745854,-1.3648194928538304,-1.4114470987754757,-1.458848606728691,-1.5070213826036127,-1.5559625622837858,-1.6056691066385076,-1.6561376553099638,-1.7073645398846482,-1.759345853655292,-1.8120772453309675,-1.8655539511071462,-1.9197708807839442,-1.974722327132783,-2.030402029236633,-2.0868032761838684,-2.143918496728392,-2.2017393736490476,-2.2602569654876614,-2.319461181091209,-2.3793408253615533,-2.4398836989417694,-2.5010762211334026,-2.562903492524282,-2.625348727910737,-2.688393475806361,-2.752017242949978,-2.8161970802330405,-2.8809077825461493,-2.9461208007361295,-3.011804810080254,-3.077924483723926,-3.1444404986392005,-3.2113092436637958,-3.278481227715546,-3.3459016090001237,-3.413508941110255,-3.4812344607139445,-3.5490007193333617,-3.6167212900241275,-3.6842989793153036,-3.7516249312249728,-3.785287907179802
-0.04498609662109132,-0.04732346143478949,-0.0508169398858449,-0.055377194318095846,-0.06094494355819435,-0.0674787516335762,-0.07494859986669766,-0.08333196595207149,-0.09261151802419931,-0.10277361774289062,-0.11380734421155836,-0.12570377895260165,-0.13845554632596624,-0.15205646638341008,-0.16650129774933298,-0.1817855442619365,-0.19790532808197092,-0.21485724380063687,-0.23263829811730474,-0.2512458308600696,-0.27067746118789593,-0.29093104115278656,-0.3120046155627332,-0.33389641272423276,-0.3566047758945867,-0.3801281843313298,-0.40446521768053856,-0.4296145343461344,-0.45557487106338,-0.4823450253005124,-0.5099238402221928,-0.5383102025071196,-0.5675030362811917,-0.5975012847671657,-0.6283038977031197,-0.6599098585957641,-0.692318138942305,-0.7255277158573881,-0.7595375539529492,-0.794346605271512,-0.8299538006865115,-0.8663580448389885,-0.9035582090983096,-0.9415531247068287,-0.9803415757638101,-1.019922291221298,-1.060293942940671,-1.10145512669797,-1.1434043524593651,-1.1861400582769965,-1.2296605680982786,-1.2739640838479005,-1.319048713021198,-1.3649124005614022,-1.4115529244211666,-1.4589679360356378,-1.507154860050064,-1.5561108961739123,-1.6058330729890935,-1.6563181048921294,-1.7075624049874616,-1.7595621533592842,-1.8123130951964272,-1.8658105721867324,-1.9200496068156436,-1.9750246178882325,-2.030729482548388,-2.0871576378099332,-2.1443016787972002,-2.2021534707502566,-2.2607042682681877,-2.31994420067847,-2.3798623168809208,-2.4404466830093563,-2.501684012945704,-2.563559729897058,-2.6260574104794987,-2.6891590000422516,-2.7528444444432587,-2.8170912840511653,-2.8818748500178293,-2.947167196445055,-3.0129376588731382,-3.0791516496611715,-3.1457706644242522,-3.2127519953186523,-3.2800471662093766,-3.3476024537056004,-3.415357653359097,-3.4832453796384555,-3.5511897180341534,-3.619105936214284,-3.6868987210035176,-3.7544612942621125,-3.788242580891399
-0.04425129536747008,-0.04664332058252896,-0.05018358046888771,-0.05478471571915833,-0.060388757163698514,-0.06695518552546353,-0.07445464599600271,-0.08286511419939302,-0.09216964134290961,-0.10235489045471446,-0.11341018191344254,-0.12532679425025783,-0.13809751473896625,-0.15171629992938307,-0.1661780242155686,-0.18147829075343402,-0.19761330737435578,-0.2145797439179642,-0.2323746732427523,-0.25099549399194565,-0.270439877983808,-0.2907057247993894,-0.3117911225317016,-0.33369433873313703,-0.35641375338033576,-0.3799478794598077,-0.404295328141302,-0.4294547876257493,-0.45542502272701846,-0.48220485766332644,-0.5097931613514461,-0.538188845273746,-0.5673908575446251,-0.5973981649660676,-0.6282097407237064,-0.6598245910394152,-0.6922417104033851,-0.725460098812869,-0.7594787440525108,-0.7942966216294423,-0.829912686363965,-0.8663258674388885,-0.90353506151577,-0.9415391260318762,-0.9803368723392714,-1.0199270578778563,-1.06030838427571,-1.101479478773304,-1.1434388847137766,-1.1861850751345049,-1.2297164115033787,-1.2740311359753953,-1.319127398384179,-1.3650031896087933,-1.4116563372337243,-1.459084545143896,-1.5072852954323812,-1.556255850217303,-1.6059933042901875,-1.656494445147727,-1.707755765612573,-1.7597735306449813,-1.8125435797928136,-1.8660613579237761,-1.9203219977393937,-1.9753200413312522,-2.0310495009032703,-2.0875039581822907,-2.144676171073101,-2.2025581833533536,-2.2611414414679176,-2.3204162905234416,-2.380372018242105,-2.440996950634222,-2.5022780899766284,-2.5642011753463256,-2.6267501376824987,-2.689907310988482,-2.7536530712604756,-2.8179654384343555,-2.8828202691262073,-2.9481902087312273,-3.014045240034835,-3.0803515002754356,-3.147071288023806,-3.214162781650942,-3.2815785012021204,-3.349265821291958,-3.417165757274976,-3.4852122773804006,-3.553330975098412,-3.6214387847903873,-3.6894422437353636,-3.7572366199169593,-3.791133808007757
-0.043532934199630446,-0.04597841547573367,-0.049564424936221485,-0.0542055382410922,-0.05984506948166768,-0.06644339600936355,-0.0739718123635047,-0.08240878121306139,-0.09173772846922112,-0.10194561194736274,-0.11302198803475605,-0.1249583279727684,-0.13774757839444263,-0.15138382936972228,-0.16586206853732577,-0.18117799620367414,-0.19732790400088795,-0.21430853537443006,-0.23211702789689426,-0.25075083774095397,-0.27020768823211583,-0.29048552544015394,-0.31158247979448106,-0.333496857232074,-0.3562270736428008,-0.379771674999807,-0.40412930330244734,-0.42929867589114323,-0.4552785850384211,-0.48206788112015175,-0.5096654582347426,-0.5380702521178726,-0.567281234338779,-0.5972973947539373,-0.6281177294740203,-0.659741266928604,-0.6921670240870537,-0.7253940233172607,-0.7594212750573259,-0.7942477777530321,-0.8298725096343995,-0.8662944238749581,-0.9035124418605545,-0.9415254466350609,-0.9803322761908762,-1.0199317158161136,-1.060322496236843,-1.1015032754514653,-1.1434726294313524,-1.186229065414235,-1.2297709815475732,-1.2740966593161707,-1.3192042899444756,-1.3650919092210279,-1.4117573932548533,-1.4591984972109895,-1.507412759352067,-1.5563975028188404,-1.6061498871424273,-1.6566667713018735,-1.7079447260772485,-1.7599800994313908,-1.812768823196298,-1.8663064431562182,-1.9205881998130447,-1.9756087558553848,-2.0313622556098476,-2.0878424223713443,-2.145042173309686,-2.2029537268972277,-2.2615687172994114,-2.320877700795987,-2.3808701988588643,-2.441534791872413,-2.5028587644428724,-2.5648281648985582,-2.6274272711468205,-2.690638797815992,-2.754443542223872,-2.8188199941403758,-2.8837445250382565,-2.9491903598459768,-3.0151281157922316,-3.081524640886557,-3.148343021207456,-3.2155423044876397,-3.2830759884396654,-3.350892525548188,-3.4189341290756126,-3.487136097229082,-3.555425505768217,-3.623720928046781,-3.6919307221319086,-3.759952170532377,-3.793962894732622
-0.04283064506673817,-0.04532840420208295,-0.04895915381930571,-0.05363936209787923,-0.05931359826352178,-0.06594311665906183,-0.07349984696105594,-0.08196272823082218,-0.09131555289294546,-0.10154556710939566,-0.11264255812188928,-0.12459818567425174,-0.13740555227994555,-0.1510588786150624,-0.16555326309068974,-0.18088450104292164,-0.19704896607497524,-0.2140434736300989,-0.23186522458060743,-0.2505117313705618,-0.2699807677056132,-0.2902703251256522,-0.3113785754685239,-0.33330386221330777,-0.35604463637350925,-0.3795994761832677,-0.40396705379239783,-0.42914611503763744,-0.45513547904336704,-0.48193402176424094,-0.5095406619224363,-0.5379543589678182,-0.5671741074036785,-0.5971989196273064,-0.6280278141634454,-0.6596598411534149,-0.6920940395434005,-0.7253294535712662,-0.7593651158213088,-0.7942000471635513,-0.8298332487125748,-0.8662636970943494,-0.903490337863655,-0.9415120790958076,-0.9803277848253744,-1.0199362675629375,-1.0603362864791466,-1.1015265296399512,-1.1435056049127201,-1.1862720529684179,-1.2298243078121995,-1.274160689378312,-1.319279429355591,-1.3651786074386996,-1.4118561471786695,-1.4593098538768112,-1.5075373207154685,-1.5565359305023563,-1.6063029060708667,-1.6568351762996647,-1.7081293882040605,-1.7601819709166522,-1.8129889465234417,-1.8665459595107237,-1.9208483558165845,-1.9758909160945803,-2.031667913918489,-2.0881732110725526,-2.14539988054927,-2.2033403117519557,-2.261986322526588,-2.3213286758129836,-2.381357121861871,-2.442060490038367,-2.5034263413316715,-2.5654410268311167,-2.6280891641965898,-2.6913538408030346,-2.7552162666355295,-2.8196553917389844,-2.8846480920231343,-2.950168160389288,-3.01618683592193,-3.0826716635188323,-3.149586501556767,-3.2168912505277536,-3.284540367554123,-3.3524833631195072,-3.4206636267643864,-3.4890177631536234,-3.5574743048330637,-3.6259534366764656,-3.6943653080630634,-3.762609184568566,-3.7967311228213174
-0.04214406816775984,-0.0446929525496742,-0.048367454876308,-0.053085894312454585,-0.058794067695444596,-0.06545408714417889,-0.07303850356508157,-0.08152672198784572,-0.09090289333464341,-0.1011545458109886,-0.11227169246801338,-0.12424617743449495,-0.13707125569957235,-0.15074127569287832,-0.16525144417887105,-0.18059764944760026,-0.19677634528236787,-0.21378441755044442,-0.2316191290398617,-0.25027804723483094,-0.26975899511803014,-0.29006000870288595,-0.3111793003276464,-0.3331152501884649,-0.35586634365101233,-0.3794311905000125,-0.40380849237102723,-0.42899702296832487,-0.45499562767452595,-0.48180320745681016,-0.5094187051150278,-0.5378411032870734,-0.5670694188999903,-0.5971026863900608,-0.6279399461963653,-0.6595802696872877,-0.6920227172944049,-0.7252663546363447,-0.7593102359472415,-0.7941534040191378,-0.8297948823376533,-0.8662336704545304,-0.903468737551294,-0.9414990161722869,-0.9803233958094015,-1.0199407155843554,-1.0603497624735114,-1.1015492539353966,-1.1435378290180154,-1.1863140610754552,-1.2298764191671419,-1.274223260816032,-1.3193528572698954,-1.3652633311484363,-1.4119526523861614,-1.4594186753024152,-1.5076590467768325,-1.5566712079587264,-1.6064524435775773,-1.6569997508640633,-1.7083098513839046,-1.7603792536465601,-1.8132040680058692,-1.8667800354832398,-1.921102605139624,-1.9761666730172545,-2.0319666391223734,-2.088496500714898,-2.1457494832391566,-2.2037181433436803,-2.2623944785981287,-2.321769454180944,-2.3818330442506808,-2.4425743218674745,-2.5039811185736616,-2.5660400818557916,-2.628736162048262,-2.692052811542678,-2.7559716444968574,-2.82047206184457,-2.88553143369803,-2.951124109569303,-3.01722193802334,-3.0837931471878077,-3.1508023527656137,-3.218210291656254,-3.2859723623900994,-3.3540391138451975,-3.422355090478324,-3.490858180159484,-3.559478346991529,-3.628137360135175,-3.6967471310092925,-3.7652088769568492,-3.7994397499306163
-0.04147285176605564,-0.044071733831962945,-0.04778902292654763,-0.052544848559543667,-0.05828620824934738,-0.06497605308699583,-0.07258754160073266,-0.08110053458718625,-0.09049953362154639,-0.10077234278433878,-0.11190919599943783,-0.12390211774988558,-0.1367445121687627,-0.15043085264783151,-0.16495645193681518,-0.1803172892482774,-0.1965098967930512,-0.21353122932246116,-0.23137861018551753,-0.25004966070154566,-0.26954225205084725,-0.28985446374556467,-0.3109845477349271,-0.3329309201262731,-0.3556920998814661,-0.37926672764108105,-0.40365353387636915,-0.4288513195437993,-0.4548589557036742,-0.48167536778191966,-0.5092995221219532,-0.5377304240350433,-0.5669671123729181,-0.5970086431204003,-0.6278540781421871,-0.6595025095594398,-0.6919530188093326,-0.7252046924123512,-0.759256605768055,-0.794107823098722,-0.8297573897592336,-0.8662043277130937,-0.9034476292375082,-0.9414862507967525,-0.980319106768146,-1.0199450622870865,-1.0603629315111718,-1.101571460631856,-1.1435693191781837,-1.1863551124544403,-1.2299273437888614,-1.2742844074516313,-1.3194246133642284,-1.365346126112188,-1.4120469609786968,-1.4595250202075194,-1.5077780031805599,-1.5568034080921,-1.6065985801931415,-1.6571605835521641,-1.7084862126374611,-1.7605720535815328,-1.8134143030628325,-1.8670087965175997,-1.9213510838659076,-1.9764361740175707,-2.032258590655922,-2.088812463566536,-2.1460911673451433,-2.204087422276002,-2.2627934017773077,-2.3222002689348376,-2.382298217042056,-2.443076557673929,-2.5045233872112327,-2.566625643298215,-2.629368602001292,-2.692736073145041,-2.7567100667234,-2.8212704253433474,-2.8863950032685937,-2.9520586954557615,-3.0182339477859754,-3.0848896581811447,-3.1519911849346105,-3.2195000852515143,-3.2873726813251736,-3.3555605410909184,-3.424009342831047,-3.492658234639867,-3.5614385872092758,-3.6302737270020424,-3.6990772984212716,-3.7677524394527873,-3.8020900099685395
-0.040816652008279775,-0.043464428717898684,-0.04722355968915792,-0.05201594501254014,-0.057789756536053005,-0.06450876592407617,-0.07214672600932559,-0.08068394337268359,-0.09010526256605367,-0.10039875750802452,-0.11155487816378873,-0.12356582542674133,-0.13642514931277994,-0.1501274454434931,-0.16466813023714444,-0.18004327184040214,-0.19624947917624702,-0.2132837743729965,-0.23114354001485538,-0.24982645007760595,-0.26933042288241893,-0.2896535804858935,-0.31079421357897985,-0.332750773390611,-0.3555218117397452,-0.3791059994432633,-0.4035020951719037,-0.42870892653263937,-0.4547253896953318,-0.48155043400299746,-0.5091830488206828,-0.5376222616290782,-0.5668671327172525,-0.5969167391383312,-0.627770163704966,-0.6594265188280435,-0.6918849064801336,-0.7251444336165758,-0.7592041963276674,-0.794063279785906,-0.8297207507251159,-0.8661756530170539,-0.9034270015167323,-0.941473776070989,-0.9803149153838842,-1.019949310020074,-1.060375800708413,-1.101593161728287,-1.1436000924060385,-1.1863952292795688,-1.2299771091781153,-1.2743441622966145,-1.3194947363646126,-1.3654270369960253,-1.4121391238105074,-1.4596289459073208,-1.5078942540017737,-1.556932602065464,-1.6067413945263231,-1.6573177608097955,-1.7086585666749032,-1.7607604741615601,-1.8136197643716878,-1.8672323650817502,-1.9215939248561131,-1.9766995630044137,-2.032543924190411,-2.0891212678376236,-2.1464251144616586,-2.204448344448018,-2.2631833032685567,-2.3226213476734037,-2.3827528854142743,-2.4435674615049585,-2.505053431562798,-2.5671980172726316,-2.6299868136239413,-2.6934039804347165,-2.7574319153543136,-2.8220508936154243,-2.887239243763462,-2.9529723952281595,-3.0192233792509127,-3.085961750333488,-3.15315359485977,-3.220761274487405,-3.288742017584534,-3.3570483920754235,-3.4256271892501244,-3.494418794722476,-3.5633559610725785,-3.6323635453371472,-3.701356896077168,-3.770241040988309,-3.8046831134438905
-0.04017513274758855,-0.04287072506485856,-0.04667077362521255,-0.05149891019375907,-0.0573044551642532,-0.06405198277019686,-0.07171582711857916,-0.0802767308052843,-0.08971987384738256,-0.10003359409376245,-0.11120855282249487,-0.12323712347792615,-0.13611299876719052,-0.14983089386824133,-0.16438632659960817,-0.17977545209713064,-0.19599495431670277,-0.21304192128899224,-0.23091379353625818,-0.24960829653633,-0.2691233947181182,-0.2894572517488925,-0.3106081962104046,-0.33257471368086655,-0.3553553881131766,-0.37894891983558665,-0.403354095096109,-0.4285697675634914,-0.45459485796164323,-0.4814283390208285,-0.5090692226170201,-0.53751655790788,-0.5667694261429101,-0.5968269249742697,-0.627688157695605,-0.6593522565538912,-0.6918183435987935,-0.7250855457624716,-0.7591529793632201,-0.7940197500539536,-0.8296849454676902,-0.8661476308934546,-0.9034068432567377,-0.9414615852621822,-0.980310819394159,-1.0199534610760619,-1.06038837701099,-1.1016143689361213,-1.1436301653067416,-1.1864344331939503,-1.2300257421772098,-1.274402557572274,-1.3195632640706778,-1.365506107397696,-1.4122291905203532,-1.4597305083478895,-1.5080078617862647,-1.5570588593444734,-1.6068809633126069,-1.6574713670248098,-1.7088270059539612,-1.7609446163694642,-1.8138205619365966,-1.867450860742248,-1.9218312578278107,-1.9769569804878984,-2.032822791727029,-2.0894230777802614,-2.146751501919253,-2.204801101169518,-2.2635643893405666,-2.3230329126907145,-2.383197288847949,-2.444047291290863,-2.5055715293827774,-2.5677575028524524,-2.6305911189346,-2.694056880143525,-2.758137563756735,-2.822813868751428,-2.8880645882640943,-2.9538656754181547,-3.0201907350663415,-3.0870099652959615,-3.154290166314988,-3.2219944886291874,-3.2900810495500643,-3.3585033981917034,-3.4272094183096513,-3.496140710611506,-3.565231385137557,-3.6344078030353777,-3.703586988437435,-3.7726758280227757,-3.8072202478154513
-0.03954796536964622,-0.04229031775548897,-0.04613037978402623,-0.05099347682850919,-0.056830052600487235,-0.06360546628636499,-0.07129462051631563,-0.07987868434282674,-0.08934316589654934,-0.0996766611758293,-0.11087003814505003,-0.12291583902173109,-0.13580789608140797,-0.14954104144178082,-0.1641108921026646,-0.17951368828450498,-0.19574618733386728,-0.21280554174012423,-0.2306892486941603,-0.2493950840470216,-0.26892105732350124,-0.2892653728882699,-0.31042639638094727,-0.3324026469738506,-0.35519274004616186,-0.37879540478695795,-0.403209454412945,-0.4284337680783956,-0.45446729051841217,-0.48130901733203224,-0.5089579824067769,-0.5374132560955314,-0.5666739401419818,-0.596739152338488,-0.6276080160029451,-0.6592796827753489,-0.6917532943336635,-0.725027997139982,-0.7591029272874916,-0.7939772104503806,-0.8296499546926128,-0.8661202462393547,-0.9033871435916829,-0.9414496717984999,-0.9803068165910034,-1.0199575176928377,-1.0604006671985022,-1.101635093686637,-1.1436595540883499,-1.186472745322975,-1.23007326898672,-1.2744596247298956,-1.3196302333788212,-1.3655833798740469,-1.4123172095622527,-1.459829762140874,-1.5081188875887719,-1.557182247740263,-1.607017361461316,-1.6576214845786197,-1.7089916207364997,-1.7611245787923169,-1.8140168031551607,-1.8676644002363352,-1.922063209433733,-1.9772085636635905,-2.033095341687674,-2.089718053786105,-2.147070502889026,-2.205145879272985,-2.2639368614463917,-2.323435181104605,-2.3836316612630304,-2.444516298991406,-2.5060779520176046,-2.5683043922361204,-2.631181832578755,-2.694695111098566,-2.7588273768256233,-2.8235597437644033,-2.888871460128728,-2.9547389921467104,-3.0211365067382756,-3.0880348327995355,-3.1554014703293998,-3.22320034332384,-3.291390441063524,-3.3599262753228443,-3.428756802057187,-3.4978248149245106,-3.5670657572753672,-3.6364074681768277,-3.7057686189971073,-3.7750579248924665,-3.8097025778401514
-0.03893482862427078,-0.041722908539210124,-0.04560209965260853,-0.05049938370254026,-0.056366303034272036,-0.06316898455036579,-0.07088288692762568,-0.07948959632173569,-0.08897494178357057,-0.09932777180394758,-0.11053915650576229,-0.1226018031832865,-0.13550968062427948,-0.14925773532565856,-0.16384168129670584,-0.17925784197925232,-0.1955030465029317,-0.21257451040335162,-0.23046978629790438,-0.24918669930591442,-0.26872330305840464,-0.28907784172345075,-0.31024871718412506,-0.3322344814673084,-0.35503378068661995,-0.37864537225540396,-0.40306809576349245,-0.428300855287711,-0.45434261904264694,-0.4811924049891836,-0.5088492685381585,-0.5373123007666791,-0.5665806234564918,-0.5966533740914048,-0.627529695567075,-0.6592087584834871,-0.6916897237079667,-0.7249717567956004,-0.7590540131717116,-0.793935638082921,-0.829615759565927,-0.8660934843126356,-0.9033678919150745,-0.9414380292652513,-0.980302904818986,-1.0199614820546987,-1.0604126778885004,-1.101655347138042,-1.1436882745716304,-1.1865101862876593,-1.2301197151816545,-1.2745153944700105,-1.3196956803052773,-1.3656588959668037,-1.4124032282353927,-1.45992676059703,-1.5082273910109745,-1.5573028334509242,-1.6071506621016418,-1.6577681938966027,-1.709152499143296,-1.761300457681303,-1.814208592883504,-1.8678730975423496,-1.9222899033376484,-1.977454446494331,-2.0333617190029907,-2.0900063524809553,-2.147382286484434,-2.205482861222796,-2.2643009163400896,-2.3238283649816394,-2.3840562311524316,-2.444974730738414,-2.506572964558007,-2.5688389709096704,-2.631759262001432,-2.695319004405672,-2.7595017111786246,-2.8242889027965568,-2.8896602732116916,-2.9555927913559765,-3.0220611748749793,-3.0890368709134197,-3.156488065458607,-3.2243794408851834,-3.2926708417244877,-3.3613177241521575,-3.4302700963356303,-3.4994719230248217,-3.5688599570127266,-3.638363489373486,-3.7079028106351886,-3.7773884341585684,-3.8121312459202525
-0.038335408459921894,-0.041168205875985464,-0.04508566100893674,-0.050016375522643486,-0.05591296624540831,-0.06274231093068572,-0.07048041209460898,-0.07910926384266936,-0.08861500910812836,-0.09898674333830293,-0.11021573438387833,-0.12229485099886084,-0.13521819549247027,-0.14898082623511222,-0.1635785521203914,-0.17900777798818268,-0.19526540317782448,-0.21234870488950897,-0.23025528995104239,-0.24898303166942526,-0.26853002681308524,-0.2888945584791358,-0.31007506399700624,-0.332070127524986,-0.3548784252337178,-0.3784987421384223,-0.4029299436196787,-0.4281709581257065,-0.45422077683068274,-0.48107843956195495,-0.5087430227756151,-0.5372136378126058,-0.566489426046779,-0.5965695442145869,-0.6274531543528195,-0.6591394455981003,-0.6916275975779929,-0.7249167945134971,-0.7590062107288187,-0.7938950106049614,-0.8295823417030945,-0.8660673307227196,-0.903349077873683,-0.9414266514007341,-0.9802990819740565,-1.0199653562939837,-1.0604244155406395,-1.1016751401823122,-1.1437163422001184,-1.1865467762171455,-1.2301651057272434,-1.2745698967615127,-1.3197596400081668,-1.365732696228772,-1.4124872927131493,-1.4600215557591056,-1.5083334302375073,-1.5574206811022062,-1.607280936626898,-1.6579115734970173,-1.709309727207553,-1.7614723470099625,-1.8143960334993103,-1.8680770639482258,-1.9225114602883453,-1.9776947597901273,-2.0336220651982373,-2.090288126817197,-2.1476870178604557,-2.205812225221293,-2.2646567461908296,-2.3242126714588363,-2.3844712217122366,-2.445422826974797,-2.5070568259871084,-2.5693615178045137,-2.6323237076157024,-2.6959288836286177,-2.7601609153463436,-2.8250017213214296,-2.890431432077545,-2.9564275090360415,-3.022965209426931,-3.090016586297595,-3.1575504980509095,-3.2255323705727035,-3.2939228871826653,-3.3626784304680246,-3.43175004109999,-3.501082833348712,-3.570614845868336,-3.6402767961121185,-3.7099905659611077,-3.7796684369532763,-3.8145073724493495
-0.03774939786165277,-0.04062592478524252,-0.04458079777815982,-0.04954420278053817,-0.055469807474972654,-0.062325223964077026,-0.07008698665851298,-0.0787374886587866,-0.08826317989254484,-0.09865339734718148,-0.10989960226561735,-0.12199482132220218,-0.1349332874207576,-0.14871016835353856,-0.1633213658186694,-0.17876336426967399,-0.1950331317166487,-0.21212800567149692,-0.23004564598338995,-0.24878397308869538,-0.268341125946181,-0.28871542572601605,-0.30990534442412176,-0.3319094976227177,-0.3547265908871555,-0.37835543622506407,-0.40279492423835883,-0.4280440072076619,-0.4541016987582136,-0.4809670600991023,-0.5086391882643149,-0.5371172144084113,-0.5664002990610761,-0.5964876177826817,-0.6273783513240705,-0.6590717069443031,-0.6915668826120935,-0.7248630807966006,-0.7589594942977396,-0.793855306201996,-0.8295496831572713,-0.8660417714219104,-0.9033306913609707,-0.9414155320924156,-0.9802953460025687,-1.0199691424920054,-1.0604358864607644,-1.1016944834519649,-1.1437437720493104,-1.1865825347613157,-1.2302094649943696,-1.2746231608599778,-1.3198221468091909,-1.3658048202480177,-1.4125694480714213,-1.4601141984334376,-1.5084370620717769,-1.5575358537866624,-1.6074082547381963,-1.6580517000384987,-1.709463388926924,-1.7616403385307233,-1.8145792249634418,-1.8682764081178416,-1.9227279981915535,-1.9779296312856465,-2.033876518477018,-2.0905635261635913,-2.147984858310026,-2.2061341453124994,-2.265004538693427,-2.3245883028624625,-2.384876850968465,-2.445860822590018,-2.507529789325247,-2.5698723054518036,-2.632875462966866,-2.696525064963873,-2.760805329958327,-2.8256985663410505,-2.8911853322105108,-2.957243571446533,-3.023849069920992,-3.090974474450392,-3.158589302507764,-3.226659708865731,-3.295147199424675,-3.3640090654638355,-3.4331973607290234,-3.5026583277279366,-3.572331267684681,-3.6421482990934617,-3.7120328676582215,-3.7818989933238734,-3.8168320561566937
-0.03717649669345846,-0.04009578669665892,-0.04408724989262147,-0.049082621620621936,-0.055036597298885326,-0.06191750723480993,-0.06970240604617928,-0.07837407706592359,-0.08791927047719916,-0.09832755950744954,-0.10959059454895836,-0.12170155673327798,-0.13465480669525576,-0.1484456192490491,-0.16306998686292928,-0.17852447185791043,-0.19480610940840748,-0.21191229601487116,-0.22984074338401328,-0.24858941804644097,-0.26815650022409265,-0.28854034832290765,-0.309739468242487,-0.3317525062966453,-0.35457819679729496,-0.37821537814899386,-0.40266296561743964,-0.42791993478825674,-0.45398532124090174,-0.48085820709160565,-0.5085377094958154,-0.5370229789807723,-0.5663131948060229,-0.5964075509360622,-0.6273052464184747,-0.6590055062300593,-0.6915075462706088,-0.7248105868490118,-0.7589138388273575,-0.7938165035781264,-0.8295177664085163,-0.8660167926966889,-0.9033127225106519,-0.941404665373291,-0.9802916948994156,-1.0199728426807386,-1.0604470968045288,-1.1017133873265195,-1.1437705788363672,-1.1866174811026475,-1.2302528167744686,-1.2746752153256269,-1.3198832342145028,-1.3658753066726703,-1.4126497383160963,-1.460204738221016,-1.5085383419704002,-1.5576484131019974,-1.6075326844864346,-1.658188648366421,-1.7096135663141165,-1.7618045218299683,-1.814758264879579,-1.868471236156144,-1.9229396321800207,-1.9781591857158443,-2.0341252138024846,-2.0908326963928747,-2.1482759653579597,-2.2064487914827957,-2.265344477176656,-2.324955456823541,-2.385273331900861,-2.446288947052322,-2.5079921017709506,-2.5703716001328036,-2.633414814892765,-2.6971078574112184,-2.761435287924585,-2.826379796578915,-2.891922360218757,-2.9580413953335105,-3.0247132056899773,-3.0919110199506328,-3.1596050015391564,-3.227762019731739,-3.2963443870558384,-3.365310286031886,-3.4346127643315905,-3.5041991717074783,-3.5740100489553894,-3.6439788905672232,-3.7140306788242095,-3.7840811425746357,-3.8191063744498543
-0.03661641154408812,-0.03957751930538933,-0.0436047631552583,-0.04863139370980818,-0.05461311150525283,-0.06151894925792156,-0.06932647035773343,-0.07801883979672297,-0.08758310141949721,-0.09800905950720917,-0.10928854945095878,-0.12141490344981243,-0.13438260706775118,-0.14818703979346814,-0.16282428287337503,-0.17829097478805345,-0.19458421640234924,-0.21170146191011874,-0.2296404737369251,-0.24839926349500274,-0.2679760517620089,-0.2883692333608856,-0.3095773473482222,-0.3315990700924587,-0.3544331640177312,-0.378078493342926,-0.40253399745222573,-0.42779867472093613,-0.45387158219583057,-0.4807518224370533,-0.5084385322741802,-0.5369308811770335,-0.5662280667174446,-0.5963293008541815,-0.6272338005234968,-0.6589408080239778,-0.6914495567856171,-0.7247592845580186,-0.7588692198610136,-0.7937785819433607,-0.829486574353,-0.8659923811592307,-0.9032951616908758,-0.9413940454180203,-0.9802881267074071,-1.019976458843841,-1.060458052581481,-1.1017318619388483,-1.1437967769285518,-1.1866516339679833,-1.2302951842940502,-1.2747260880407119,-1.3199429349352254,-1.3659441932340144,-1.4127282064097413,-1.4602932235476151,-1.5086373240767337,-1.5577584191883265,-1.6076542923133985,-1.6583224915579065,-1.7097603394459648,-1.7619649843818141,-1.814933248552597,-1.8686616516718768,-1.9231464746816807,-1.9783835448894838,-2.0343682829766507,-2.0910957799669116,-2.148560492852636,-2.2067563297591075,-2.2656767407083445,-2.3253143263905596,-2.3856608725633555,-2.4467074245374754,-2.508444004838384,-2.570859662025593,-2.633942043680193,-2.697677562940415,-2.762051114612585,-2.8270457626682566,-2.8926428940347026,-2.9588213881412084,-3.0255580560968554,-3.0928266966948392,-3.1605981064137367,-3.228839854889687,-3.297515045576316,-3.3665827350528144,-3.4359969460481032,-3.5057061148582314,-3.5756519991483326,-3.6457694446635713,-3.715984943307893,-3.786215903606338,-3.8213313837555662
-0.03606885557521089,-0.03907085643053421,-0.04313308910539604,-0.048190286110960656,-0.05419913097406415,-0.06112934336481857,-0.06895898425827163,-0.07767159191631734,-0.08725449739390712,-0.0976977309513849,-0.10899330891649406,-0.12113471124042263,-0.13411654567372366,-0.14793429408253012,-0.16258412454339677,-0.17806275002421046,-0.19436733563833464,-0.21149539200617795,-0.2294447311576686,-0.24821340879581655,-0.2677996849667519,-0.28820199010852754,-0.30941889570472725,-0.3314491075156578,-0.3542914154579968,-0.3779447089942156,-0.4024079510941636,-0.42768016241807594,-0.4537604210047341,-0.4806478494043809,-0.5083416036841815,-0.536840871834432,-0.5661448693324633,-0.5962528257298594,-0.6271639754524383,-0.6588775777336409,-0.6913928831421057,-0.7247091464774869,-0.7588256135221183,-0.7937415210006016,-0.8294560902926129,-0.8659685237394132,-0.9032779994985418,-0.9413836665395525,-0.9802846395156273,-1.0199799929176745,-1.0604687596585283,-1.1017499171815714,-1.1438223803524217,-1.186685011640165,-1.230336590228731,-1.2747758062265024,-1.3200012809072348,-1.3660115167695608,-1.4128048942977145,-1.4603797016929265,-1.5087340612536693,-1.5578659307643017,-1.6077731430918174,-1.6584533009656344,-1.7099037865115019,-1.7621218116000703,-1.8151042690452313,-1.8688477558392202,-1.923348635486044,-1.9786028277608114,-2.0346058547175305,-2.0913529160196287,-2.148838591055058,-2.2070569223046954,-2.266001504197912,-2.325665100139318,-2.386039676201479,-2.4471164740542672,-2.5088857344916393,-2.5713367453482627,-2.6344574232174844,-2.6982344766536714,-2.7626531280204425,-2.8276968073359665,-2.8933473031100165,-2.959583948219646,-3.026384050754327,-3.093721968129315,-3.161569117203955,-3.229893754068147,-3.2986597576522447,-3.3678270416794165,-3.43735058534691,-3.507179891085155,-3.577257911023879,-3.6475208177201734,-3.7178965860431124,-3.788304275253318,-3.823508119858432
-0.03553354837499967,-0.03857553787645074,-0.04267198488818735,-0.04775907115961431,-0.05379444155915181,-0.0607484875916775,-0.06859975687074638,-0.07733215272125449,-0.08693328709581394,-0.09739341126868695,-0.10870471853068331,-0.12086083333997522,-0.13385648295094477,-0.14768724935945166,-0.1623493855654079,-0.17783967738878026,-0.19415535277995666,-0.21129397754640067,-0.22925341223207774,-0.24803175566145974,-0.26762730648060007,-0.2880385299586674,-0.3092640292918336,-0.3313025389842128,-0.3541528758379098,-0.3778139540017378,-0.4022847595094525,-0.42756433481292433,-0.4536517784776706,-0.4805462326003873,-0.5082468720583933,-0.5367529029511875,-0.5660635582620532,-0.5961780847437925,-0.6270957339215233,-0.6588157815851758,-0.6913374950587414,-0.7246601458108071,-0.7587829964994075,-0.7937053009335227,-0.8294262979248401,-0.8659452076767327,-0.9032612267531714,-0.941373523185618,-0.9802812314585019,-1.0199834467931268,-1.0604792237633998,-1.1017675627125634,-1.1438474028021783,-1.1867176319686035,-1.2303770567172023,-1.2748243964597172,-1.3200583033105229,-1.366077313245273,-1.4128798429334122,-1.4604642188192463,-1.5088286051153421,-1.5579710051625506,-1.6078893001641115,-1.6585811462604738,-1.7100439838585224,-1.7622750868890869,-1.815271417233122,-1.8690296474574764,-1.9235462218087473,-1.9788171504991903,-2.0348380547343003,-2.09160424043795,-2.1491104067257183,-2.207350727512236,-2.266318938496381,-2.326007962279908,-2.3864099413670514,-2.447516309567188,-2.509317521275367,-2.571803098498515,-2.634961221143506,-2.6987788869443863,-2.7632416389459236,-2.8283332655823834,-2.89403594860691,-2.9603294650268452,-3.027191609739699,-3.0945972874774297,-3.16251852302587,-3.230924245258082,-3.2997790933818827,-3.3690438216155805,-3.43867434731564,-3.5086212189302524,-3.578828560949021,-3.6492338486053377,-3.7197665133788416,-3.790347236617808,-3.825637598237286
-0.03501021581282515,-0.03809130929748328,-0.042221213127646706,-0.047337526342960956,-0.05339883397490475,-0.06037618457050975,-0.0682486016730266,-0.07700034564037672,-0.08661930314652899,-0.09709594162230495,-0.10842262743242514,-0.12059312636756303,-0.1336022825611849,-0.14744577593912567,-0.1621199425593467,-0.1776216394936192,-0.193948156148549,-0.2110971123056249,-0.22906641595645816,-0.2478542080980528,-0.26745882512706487,-0.2878787663767035,-0.30911266605659904,-0.3311592867808244,-0.35401747164338637,-0.37768615893387647,-0.4021643572396094,-0.4274511303218542,-0.4535455968175839,-0.4804469179363391,-0.5081542869475708,-0.536666927657059,-0.565984090164573,-0.596105038040351,-0.6270290395273825,-0.658755386602472,-0.6912833629701964,-0.724612256394952,-0.7587413460329984,-0.7936699023945781,-0.8293971813328582,-0.8659224205127547,-0.9032448344917121,-0.9413636099354417,-0.9802779007146878,-1.019986822315877,-1.0604894504884221,-1.1017848079615256,-1.143871857647838,-1.1867495123806027,-1.2304166053744847,-1.2748718846885776,-1.3201140325879823,-1.366141617777128,-1.4129530923029154,-1.460546819999009,-1.508921006058106,-1.5580736983638266,-1.6080028253801837,-1.6587060954731836,-1.7101810060387912,-1.7624248916934038,-1.8154347818585936,-1.8692074230092226,-1.923739338354502,-1.9790266265571566,-2.035065005800374,-2.0918498859404666,-2.149376083209109,-2.2076379000946833,-2.2666292104936536,-2.326343092761052,-2.386771862029624,-2.447907140115513,-2.509739590442539,-2.5722589641897997,-2.6354536989928734,-2.699311075652089,-2.7638169511512656,-2.828955464856886,-2.8947091835846095,-2.9610583193273365,-3.027981143804803,-3.0954530979621087,-3.1634468022744278,-3.231931844961111,-3.3008736105563763,-3.3702336773900887,-3.4399688829477526,-3.510030801871311,-3.580364709206618,-3.6509093590372466,-3.7215956134057704,-3.79234574740156,-3.82772081439946
-0.034498589899012444,-0.037617922065624754,-0.04178054180123958,-0.046925434181943615,-0.0530121036832476,-0.06001224142275774,-0.06790533639615681,-0.07667599813840908,-0.08631238200189628,-0.09680516682104567,-0.10814688823028717,-0.12033145024634706,-0.13335381131325263,-0.14720974713502422,-0.16189567500255464,-0.17740852167320575,-0.19374563665919275,-0.21090469252929012,-0.22888364367892322,-0.24768067234983704,-0.26729415185795524,-0.2877226148499279,-0.3089647258655681,-0.33101927500815975,-0.353885131083187,-0.3775612559874908,-0.4020466803629663,-0.42734048880799236,-0.4534418195862866,-0.4803498525958627,-0.5080637990897419,-0.536582900185989,-0.5659064227196531,-0.5960336467035532,-0.6269638567256486,-0.6586963605876406,-0.6912304580088957,-0.7245654526848444,-0.7587006399004892,-0.7936353064934121,-0.8293687249760762,-0.8659001500834318,-0.9032288139628974,-0.941353921496324,-0.980274645505741,-1.0199901212883056,-1.0604994452934946,-1.1018016621349158,-1.1438957579435804,-1.1867806698916183,-1.2304552573046745,-1.274918296248373,-1.3201684984637918,-1.3662044646524318,-1.4130246814489489,-1.460627549241833,-1.509011313290709,-1.5581740650303821,-1.608113779134368,-1.658828215034469,-1.710314925852563,-1.7625713055454906,-1.8155944495829024,-1.869381176717111,-1.923928087378446,-1.9792313667363448,-2.035286827824767,-2.092089982154244,-2.1496357605163663,-2.207918591173752,-2.2669324832134796,-2.3266706673717774,-2.3871256276854824,-2.4482891699299847,-2.510152162078705,-2.572704579584495,-2.635935112337884,-2.6998313182136746,-2.7643793615245604,-2.8295637252293337,-2.8953673531816992,-2.9617708833857614,-3.028753054581612,-3.0962898330234356,-3.1643544228537435,-3.2329170584324274,-3.301943854915912,-3.371397198625603,-3.441234829423867,-3.5114093286152004,-3.5818671003006175,-3.6525481538985716,-3.7233847562795352,-3.7943007482343916,-3.829758744211831
-0.03399840864699577,-0.037155133141597574,-0.04134974411846848,-0.04652258211610416,-0.0526340507851053,-0.05965646965555571,-0.06756978292594695,-0.0763589416215904,-0.08601236386187594,-0.09652093523433436,-0.10787735692079359,-0.12007566812490822,-0.13311093908834337,-0.14697903918765576,-0.1616764651610314,-0.1772002119192706,-0.19354768775858844,-0.21071661687375176,-0.22870499904303898,-0.24751105684490682,-0.26713319970155247,-0.2875699928388986,-0.3088201304576099,-0.33088242954391056,-0.353755784046772,-0.3774391789481246,-0.4019316664563455,-0.42723235154564776,-0.4533403916709311,-0.48025498500385844,-0.5079753603813408,-0.5365007758485696,-0.5658305146032383,-0.5959638727340177,-0.6269001508091065,-0.6586386721017856,-0.6911787519878754,-0.7245197097378142,-0.7586608564038588,-0.7936014947854453,-0.8293409136806318,-0.8658783845119533,-0.9032131566221846,-0.9413444527005321,-0.9802714640953614,-1.0199933454700716,-1.0605092135099081,-1.1018181342218547,-1.143919116435299,-1.1868111211152943,-1.2304930331141328,-1.2749636558768263,-1.3202217299608687,-1.366265887350071,-1.413094648494262,-1.46070644952081,-1.5090995748633373,-1.5582721585386095,-1.6082222204011343,-1.6589475698146616,-1.710445814391237,-1.762714406112842,-1.8157505050371725,-1.8695510005987792,-1.9241125687457172,-1.9794314792521028,-2.0355036379215097,-2.0923246556892705,-2.1498895754053393,-2.208192948366161,-2.267228915905939,-2.326990857840472,-2.3874714234637384,-2.4486625985462807,-2.5105554512235617,-2.573140176423183,-2.6364057109268924,-2.700339883811065,-2.7649291602368287,-2.8301583595577107,-2.896010794794557,-2.9624675211562312,-3.029507734783521,-3.097107916532016,-3.1652418424024997,-3.2338803799190297,-3.3029903604007593,-3.3725349623025647,-3.442472810388586,-3.512757473387107,-3.583336463256126,-3.654151021547558,-3.7251347945398416,-3.7962131610000727,-3.831752344230177
-0.03350941593782686,-0.03670270494824379,-0.04092859840190144,-0.0461287623914064,-0.05226447991333316,-0.05930868506065501,-0.06724176720607211,-0.07604901134623532,-0.08571909258310306,-0.09624309870823744,-0.10761389280857792,-0.11982564630139692,-0.132873538767031,-0.14675353119493195,-0.16146219802335438,-0.17699660081733626,-0.1933542053639492,-0.2105327863482387,-0.22853038793209102,-0.24734527214258506,-0.2669758837123837,-0.28742081972872313,-0.3086788033987986,-0.3307486779979385,-0.3536293620633124,-0.37731986315119315,-0.4018192545593102,-0.4271266611858948,-0.4532412592515467,-0.4801622647958581,-0.5078889238485207,-0.5364205110057085,-0.5657563254627185,-0.5958956790260928,-0.6268378878875325,-0.6585822904460858,-0.691128217384307,-0.7244750031988545,-0.7586219743565437,-0.7935684492607287,-0.8293137326305988,-0.8658571122015957,-0.9031978541263364,-0.9413351985022356,-0.9802683547881941,-1.0199964965792674,-1.0605187603429655,-1.1018342329996766,-1.143941945568283,-1.186840882273943,-1.2305299529232983,-1.2750079877286158,-1.3202737554187216,-1.3663259185604737,-1.4131630306641885,-1.4607835627980403,-1.5091858376965916,-1.558368031010593,-1.6083282067700377,-1.6590642231617325,-1.7105737410793243,-1.76285426924363,-1.8159030308719348,-1.8697169845207862,-1.9242928799894976,-1.9796270697961083,-2.035715550477213,-2.0925540302115575,-2.150137661458995,-2.2084611158676104,-2.2675186641374134,-2.327303831931604,-2.3878094302297592,-2.449027620915678,-2.510949667989215,-2.573565981151482,-2.636865738819494,-2.700837035515269,-2.765466630896074,-2.8307396736517942,-2.8966398382513914,-2.963148588467779,-3.0302455684017016,-3.097907762997276,-3.166109508515058,-3.2348222928933135,-3.3040136493975636,-3.373647533018276,-3.4436834362223667,-3.514075896214597,-3.5847735119157287,-3.655718734124247,-3.726846563426389,-3.798083889158499,-3.833702552024554
-0.03303136138974594,-0.03626040524724594,-0.040516887970953874,-0.04574377194974666,-0.05190320012906646,-0.0589687076149481,-0.06692111914450294,-0.07574604632867299,-0.0854324155937114,-0.09597151248383895,-0.10735635842817892,-0.11958125414848197,-0.1326414861582581,-0.14653310504444406,-0.16125276123539756,-0.1767975814845446,-0.19316508780438113,-0.21035310425840947,-0.22835971841548286,-0.24718323088186445,-0.26682212092254964,-0.2872750167833171,-0.3085406700378268,-0.33061794967013114,-0.3535057982617218,-0.37720324544436856,-0.40170938513766075,-0.4270233617227781,-0.4531443697694204,-0.4800716427882268,-0.5078044436198859,-0.5363420630426052,-0.5656838158935695,-0.5958290293461843,-0.6267770348672208,-0.6585271856437203,-0.6910788273226665,-0.7244313092861443,-0.7585839730705146,-0.7935361523335516,-0.829287167358661,-0.8658363218286613,-0.9031828983289802,-0.941326153974531,-0.9802653159287189,-1.0199995762937952,-1.0605280908753567,-1.1018499670386372,-1.143964257494856,-1.186869969207427,-1.2305660363790771,-1.2750513153898524,-1.3203246025098814,-1.3663845902054383,-1.4132298643088514,-1.4608589300494579,-1.5092701476088433,-1.5584617333447737,-1.6084317944797588,-1.659178236938752,-1.7106987737153245,-1.7629909690109136,-1.8160521078053993,-1.8698792162508804,-1.9244691163677885,-1.9798182415975196,-2.035922677216928,-2.0927782265137918,-2.1503801491616237,-2.208723234534715,-2.2678018798788724,-2.3276097535398277,-2.3881398246860863,-2.4493844275131904,-2.511335017675731,-2.5739822150434577,-2.637315434518195,-2.701323030427294,-2.765992050697008,-2.831307966433161,-2.897254805982774,-2.9638144332052363,-3.0309669308977494,-3.09868977777199,-3.1669578589575975,-3.2357432702817546,-3.3050142329808407,-3.374735463241474,-3.4448673043085076,-3.5153652432072136,-3.586178945230545,-3.657252047853077,-3.7285208811904447,-3.7999138180653036,-3.835610286502722
-0.03256400022837447,-0.035828007019089725,-0.04011440102860142,-0.04536741232246122,-0.05155002481975757,-0.0586363613845009,-0.06660767252109068,-0.07544988925793916,-0.08515218380940048,-0.09570603511783737,-0.10710461946854544,-0.1193423640414526,-0.13241465993010237,-0.14631764534649427,-0.16104804503749293,-0.17660304950934957,-0.19298023576235224,-0.2101774761515962,-0.2281929006960226,-0.24702484773131417,-0.2666718302934967,-0.2871325070994857,-0.30840565746301785,-0.33049017550901283,-0.3533850273320205,-0.3770892641504098,-0.4016020000493281,-0.426922398460583,-0.4530496718961885,-0.4799830709496078,-0.5077218748988255,-0.5362653903440151,-0.5656129474155058,-0.5957638883111294,-0.626717559431933,-0.6584733284222377,-0.6910305555589691,-0.7243886047768378,-0.7585468323442424,-0.793504586831828,-0.8292612037380742,-0.8658160023359951,-0.9031682812751018,-0.941317314306378,-0.9802623459004511,-1.0200025862516782,-1.060537210070267,-1.101865344707731,-1.1439860640812594,-1.1868983973833291,-1.2306013026662121,-1.275093661892246,-1.320374298256466,-1.3664419334563416,-1.413295184924701,-1.4609325912890547,-1.5093525493434345,-1.558553315246325,-1.6085330384508767,-1.6592896715600824,-1.710820978511296,-1.7631245777560478,-1.8161978146704172,-1.8700377815089153,-1.9246413709184562,-1.9800050954824178,-2.0361251272684733,-2.0929973625846365,-2.1506171659730677,-2.2089794419648534,-2.268078711591004,-2.327908782781929,-2.38846277947089,-2.4497332044426834,-2.511711700883912,-2.574389094321905,-2.637755031097355,-2.7017981198153684,-2.7665056905678664,-2.831863530091283,-2.897856013187794,-2.964465395486515,-3.0316721893919096,-3.099454357251896,-3.1677873218800556,-3.2366437746893517,-3.3059926111499216,-3.3757992935616654,-3.4460249992956937,-3.5166261468314586,-3.5875534475474202,-3.658751703340868,-3.73015854940284,-3.801703815287749,-3.837476448230215
-0.03210709316157079,-0.03540528834418133,-0.03972093054991355,-0.044999489524988334,-0.05120477159992198,-0.05831147443005058,-0.06630126489848287,-0.07516038641028899,-0.08487825155234496,-0.0954465284046524,-0.10685854469825173,-0.11910885128716409,-0.13219294154174221,-0.146107039370591,-0.16084794220230236,-0.17641290289249767,-0.19279955221831457,-0.21000580976240357,-0.22802984705871943,-0.24687003934058538,-0.2665249326699648,-0.28699321556260315,-0.3082736944601372,-0.3303652880725316,-0.35326698548714397,-0.3769778590317241,-0.4014970425099129,-0.4268237179820389,-0.4529571155039491,-0.4798965023727675,-0.507641173937845,-0.5361904522694694,-0.5655436824502313,-0.5957002213675899,-0.6266594300231354,-0.6584206901958822,-0.6909833764653595,-0.7243468669935194,-0.7585105324507957,-0.7934737359866162,-0.829235827973962,-0.8657961429261452,-0.9031539951968259,-0.9413086747998012,-0.9802594431249201,-1.020005528052792,-1.0605461227741753,-1.101880374178954,-1.1440073769149794,-1.1869261819057009,-1.2306357705188287,-1.275135049726428,-1.3204228690461228,-1.3664979787532783,-1.4133590271753427,-1.4610045855925513,-1.509433086594969,-1.5586428252557294,-1.6086319923184433,-1.6593985860267724,-1.7109404201315126,-1.7632551661307838,-1.8163402284603114,-1.8701927640165206,-1.9248097345128112,-1.9801877299319814,-2.036323007224783,-2.0932115536759444,-2.1508488364013756,-2.2092298725737924,-2.268349304308148,-2.328201076086245,-2.388778463253849,-2.450074133539859,-2.5120799136251426,-2.57478683027621,-2.638184756328643,-2.7022625492491903,-2.767007815313449,-2.832406650236452,-2.8984437679969055,-2.9651018078357128,-3.032361702847175,-3.100201889071297,-3.168598316023674,-3.237524258619051,-3.3069492730611882,-3.376839552934352,-3.447157093355635,-3.5178592261810637,-3.5888976888913016,-3.6602184258707204,-3.73176035325824,-3.803454730917255,-3.8393019197467626
-0.0316604062563286,-0.0349920322887165,-0.03933627417440633,-0.04463981395481653,-0.05086726221414928,-0.05799387871490147,-0.0660017375341937,-0.07487738756624118,-0.08461047647170261,-0.09519285730079652,-0.10661800589399917,-0.11888059405471552,-0.13197621517813118,-0.14590117698163318,-0.1606523479748656,-0.17622704198974048,-0.19262294239519306,-0.20983801496106125,-0.22787047182100117,-0.24671872429222752,-0.2663813507343349,-0.28685706880402506,-0.3081447114714031,-0.3302432214882245,-0.3531516104263499,-0.37686897125519536,-0.40139445706022236,-0.4267272681170553,-0.45286665163604134,-0.47981189124675083,-0.5075622980126315,-0.5361172091296051,-0.5654759842995016,-0.5956379947714474,-0.6266026158221472,-0.6583692430490728,-0.6909372650151013,-0.724306073790526,-0.75847505412594,-0.7934435834227926,-0.8292110265952335,-0.8657767330553234,-0.9031400325085759,-0.9413002308672702,-0.9802566060607365,-1.020008403259176,-1.0605548337197845,-1.1018950634325009,-1.1440282073114982,-1.1869533375240326,-1.2306694582312705,-1.2751755008554966,-1.3204703406477059,-1.3665527558224255,-1.4134214249120092,-1.4610749511201337,-1.5095118020352238,-1.5587303107777561,-1.608728708463092,-1.6595050379609289,-1.7110571617300785,-1.763382803138236,-1.8164794243735294,-1.870344245545441,-1.9249742959081217,-1.9803662411388423,-2.036516421204948,-2.0934209123683933,-2.151075282073034,-2.209474657671895,-2.2686137997194544,-2.328486786280126,-2.3890870408297626,-2.4504073924723535,-2.5124398474285936,-2.5751756293767913,-2.638604832803737,-2.702716558730933,-2.767498683755032,-2.832937606048702,-2.899018371630846,-2.965723995352376,-3.033035822249386,-3.1009327522945718,-3.169391250923992,-3.238385164687285,-3.3078846972557363,-3.3778567589213937,-3.448264146436242,-3.5190650872427565,-3.5902123252433693,-3.6616529256916275,-3.733327061875169,-3.805167397878617,-3.8410875658803523
-0.031223710818295558,-0.034588026791571025,-0.03896023409959426,-0.0442882002912981,-0.050537322442645305,-0.05768341001513022,-0.06570893529542765,-0.07460074592851029,-0.08434871946612077,-0.09494488985111182,-0.10638287776925104,-0.11865747330861431,-0.13176436768507216,-0.14569995057871488,-0.1604611600141581,-0.1760453694556574,-0.19245031370545007,-0.2096740037019984,-0.22771469128382016,-0.24657082305594713,-0.266241008962842,-0.2867239951585443,-0.30801864055569617,-0.33012391141626907,-0.3530388412992025,-0.37676254335829995,-0.40129418953385176,-0.42663299791256826,-0.45277823247849014,-0.47972919283072457,-0.5074852053973622,-0.5360456221630727,-0.5654098171232302,-0.595577175568307,-0.6265470867314882,-0.6583189597200612,-0.6908921967674342,-0.724266203541335,-0.7584403785570792,-0.7934141131490158,-0.829186786446634,-0.8657577624268331,-0.9031263858028105,-0.9412919780287243,-0.980253833202438,-1.02001121339641,-1.0605633475287313,-1.101909420261471,-1.144048566320821,-1.1869798786420915,-1.2307023836692466,-1.2752150367276727,-1.3205167382261962,-1.3666062936938506,-1.4134824111932787,-1.4611437251391468,-1.5095887373373529,-1.5588158181089717,-1.6088232380415235,-1.6596090836393351,-1.7111712649877209,-1.7635075561729607,-1.8166154758568753,-1.870492305964655,-1.925135141798462,-1.9805407230621963,-2.036705470913569,-2.0936255486355915,-2.1512966218020457,-2.2097139255376597,-2.2688723362484398,-2.3287660626749362,-2.3893886732097913,-2.4507331548375033,-2.512791689446092,-2.5755556933872104,-2.6390154780540076,-2.7031603828230555,-2.7679785488669673,-2.833456670423584,-2.899580118556022,-2.9663322758770594,-3.033694890783578,-3.1016473176034953,-3.1701665271099078,-3.239226925834804,-3.308799351882774,-3.378851417926798,-3.4493467065101813,-3.5202443231576064,-3.591497998814508,-3.663055898304024,-3.734859428592352,-3.8068426322356297,-3.8428342340572685
-0.030796783274489314,-0.03419306455474391,-0.03859261697805039,-0.04394446739817148,-0.0502147820086396,-0.05737990783205582,-0.06542270657532434,-0.07433031804340295,-0.08409284460806354,-0.09470249711629464,-0.1061530379060649,-0.1184393727427846,-0.13155728850722248,-0.14550325503561723,-0.16027427833544827,-0.1758677901893435,-0.19228157569859405,-0.20951368997454978,-0.22756242368457968,-0.2464262579430887,-0.26610383358214307,-0.2865939246236682,-0.3078954153495239,-0.33000729501195813,-0.3529286186703562,-0.3766585192160221,-0.40119618702600945,-0.4265408576030083,-0.45269181133242853,-0.47964836342782036,-0.5074098553401463,-0.5359756535137983,-0.5653451459187941,-0.59551773157418,-0.626492813357693,-0.6582698135848108,-0.6908481478537176,-0.724227235125463,-0.7584064873719321,-0.7933853095484,-0.8291630946811068,-0.8657392209852066,-0.9031130478455385,-0.9412839119090854,-0.980251123080178,-1.0200139599542357,-1.0605716687144273,-1.1019234522763544,-1.1440684647342714,-1.187005819326048,-1.230734564279956,-1.2752536782891344,-1.320562086357624,-1.3666586207182974,-1.4135420183047032,-1.4612109440453658,-1.5096639332010664,-1.5588993924644523,-1.608915631016572,-1.6597107780259357,-1.711282790147317,-1.7636294910597483,-1.816748454648054,-1.870637023286248,-1.9252923568644276,-1.9807112674813832,-2.0368902556986868,-2.093825569906138,-2.1515129716569437,-2.209947801489953,-2.269125049130216,-2.3290390511492065,-2.3896835177105613,-2.4510515902578023,-2.5131356225539747,-2.5759272194734617,-2.639416904667402,-2.7035942507733113,-2.768447657909867,-2.8339641101147395,-2.9001292966364556,-2.9669269601531933,-3.0343392440061345,-3.1023459474804893,-3.1709245362983918,-3.2400499655334203,-3.3096936949184474,-3.3798240254282463,-3.4504053098191045,-3.5213975144775533,-3.5927553383147126,-3.6644280247407623,-3.7363581912608135,-3.808481233493155,-3.844542754609326
-0.030379405058500453,-0.033806942935621365,-0.03823323381606514,-0.04360843822830418,-0.04989947448810206,-0.05708321530608629,-0.06514290321222305,-0.0740659637228358,-0.0838427190701374,-0.09446555310295146,-0.10592836668781302,-0.11822617871661834,-0.13135486962627674,-0.14531098764178907,-0.16009160525518595,-0.1756942112808968,-0.1921166400105978,-0.20935698975406147,-0.22741358915085996,-0.24628495306284748,-0.26596975252775046,-0.2864667888197392,-0.3077749710291844,-0.3298933108898172,-0.35282088448571614,-0.3765568440084799,-0.40110039786291907,-0.4264507985816568,-0.45260734258691926,-0.47956936035973285,-0.5073362080399324,-0.5359072662091346,-0.5652819365010053,-0.595459631356654,-0.6264397669940802,-0.658221778641499,-0.6908050949633537,-0.7241891479165652,-0.7583733626282285,-0.7933571573695009,-0.8291399387521103,-0.8657210989105213,-0.9031000115717447,-0.9412760282357713,-0.9802484742583051,-1.020016644387578,-1.0605798016846357,-1.101937166909428,-1.1440879130904413,-1.1870311733132688,-1.2307660171023471,-1.275291445996185,-1.320606409043279,-1.3667097645837956,-1.4136002777772827,-1.4612766433847568,-1.5097374293757237,-1.5589810780044289,-1.6090059361856923,-1.6598101748038108,-1.7113917960488223,-1.7637486720916362,-1.816878430816815,-1.8707784737101107,-1.9254460238214977,-1.9808779640483554,-2.037070872608071,-2.094021081124553,-2.1517244450260264,-2.2101764079583974,-2.2693720704869413,-2.329305894229594,-2.389971728040874,-2.451362864473805,-2.5134718254530286,-2.576290400310466,-2.639809320402442,-2.7040183866366307,-2.7689062525611874,-2.8344601858727447,-2.900666187282086,-2.967508351985426,-3.0349692100134718,-3.1030289963881463,-3.1716656615852434,-3.2408546979882935,-3.3105681743804904,-3.3807750662040004,-3.451440481113077,-3.52252522941805,-3.593984959217744,-3.6657699718441794,-3.737824072532425,-3.8100839848954626,-3.8462139410769813
-0.02997136249813792,-0.033429463842127305,-0.03788189987505852,-0.04327993973034516,-0.04959123722172443,-0.056793179133762806,-0.06486938040941581,-0.07380754596906236,-0.08359821305283788,-0.0942339346944987,-0.1057087472332352,-0.11801778019244757,-0.13115700550159204,-0.1451230480461252,-0.1599130453358466,-0.17552454195985945,-0.19195542031442692,-0.20920382095495071,-0.2272681096550322,-0.2461468342790596,-0.26583869540295346,-0.2863425209512993,-0.3076572442737735,-0.32978189908874356,-0.35271558203913145,-0.37645746418943915,-0.4010067715724652,-0.42636277337253503,-0.452524781692798,-0.4794921419422504,-0.5072642246226611,-0.5358404241382786,-0.5652201554818603,-0.5954028442167747,-0.626387919603788,-0.6581748294955059,-0.6907630153302424,-0.7241519217699111,-0.7583409868026525,-0.7933296417173441,-0.8291173064065571,-0.8657033866121377,-0.9030872700821924,-0.941268322835942,-0.9802458853348739,-1.0200192681173004,-1.0605877507439576,-1.10195057141933,-1.1441069216816313,-1.1870559540197334,-1.2307967587773305,-1.2753283598269771,-1.3206497297239217,-1.3667597523318697,-1.413657220405895,-1.4613408578736387,-1.5098092646836925,-1.559060917859556,-1.6090942012095155,-1.6599073264060848,-1.711498340163109,-1.7638651620667467,-1.8170054728050777,-1.8709167316675268,-1.925596223467263,-1.9810409003384155,-2.037247416444221,-2.094212184810562,-2.1519311526812857,-2.210399864551671,-2.2696135294016484,-2.3295667311697077,-2.390253454386526,-2.451667139435054,-2.5138004727653485,-2.57664542418643,-2.6401929282996672,-2.7044330093941804,-2.7693545690423704,-2.834945152581203,-2.9011910655939444,-2.9680767483942105,-3.035585109607042,-3.103696810944756,-3.1723902776318536,-3.2416415283364364,-3.3114232285385015,-3.381705014555725,-3.452452733886058,-3.523628024105774,-3.5951874640217207,-3.6670823925387452,-3.73925778014379,-3.811651653721082,-3.847848590509728
-0.02957244670560577,-0.03306043362991673,-0.03753843457512396,-0.042958802757464554,-0.049289911228367345,-0.05650964948564763,-0.06460199665809796,-0.07355493090064336,-0.08335919971456107,-0.0940075215846381,-0.10549406533320038,-0.1178140686745266,-0.13096359301218996,-0.14493933820074467,-0.1597385053338396,-0.17535869354410316,-0.19179783227158964,-0.20905410338456498,-0.22712590897082663,-0.24601182916859088,-0.2657105934392945,-0.28622105576845414,-0.30754217322921384,-0.3296730010375448,-0.35261265594010993,-0.37636032745589354,-0.4009152588546616,-0.4262767356032704,-0.45244408513704926,-0.4794166674611411,-0.5071938671196374,-0.5357750920317539,-0.5651597702510891,-0.5953473401712817,-0.6263372438040982,-0.6581289413445379,-0.6907218867193254,-0.7241155370111496,-0.7583093427812937,-0.7933027480445887,-0.8290951856773532,-0.8656860747236372,-0.9030748166382274,-0.9412607916345017,-0.980243354940491,-1.020021832531004,-1.06059552009663,-1.1019636728950122,-1.144125500559845,-1.1870801745481163,-1.2308268055571059,-1.2753644392934582,-1.3206920712931058,-1.3668086103730381,-1.41371287626737,-1.4614036214190662,-1.5098794770425084,-1.5591389541560474,-1.6091804726392933,-1.6600022840460138,-1.7116024786249628,-1.763979022324591,-1.8171296474660315,-1.8710518698636935,-1.9257430347271676,-1.9812001619000208,-2.0374199798180337,-2.0943989811166297,-2.152133202840356,-2.210618288124455,-2.2698495519897888,-2.3298216980274233,-2.3905288434929117,-2.4519645733884987,-2.5141217351296152,-2.576992475104145,-2.6405679267903714,-2.7048383330697146,-2.769792838243035,-2.835419259389571,-2.901704200506039,-2.9686324397672603,-3.0361872564544035,-3.1043497300961453,-3.1730987508478803,-3.2424108528410045,-3.3122592861202005,-3.38261433452689,-3.4534425706067573,-3.5247064428222785,-3.596363442505357,-3.6683659260995816,-3.740660007196861,-3.8131849915737703,-3.849447483762214
-0.02918245347025561,-0.032699663002544455,-0.037202661400836945,-0.042644861979379556,-0.048995341121660374,-0.056232479926388024,-0.06434061366142885,-0.07330798768028224,-0.08312555510272546,-0.09378619621140949,-0.10528420938800132,-0.11761493814961277,-0.13077453139960227,-0.14475976230730048,-0.15956789414688366,-0.17519657939111255,-0.19164379348519667,-0.20890775869819578,-0.22698691263025594,-0.24587986698034747,-0.2655853794571783,-0.2861023295309906,-0.30742969747326043,-0.32956655952189884,-0.3525120520819769,-0.37626538271791077,-0.4008258115542507,-0.4261926399784066,-0.4523652104176712,-0.4793428971487046,-0.5071250984452824,-0.5357112354406279,-0.5651007489580806,-0.5952930899350228,-0.6262877128500044,-0.6580840899643725,-0.6906816874139743,-0.7240799744246296,-0.7582784138491228,-0.7932764621435773,-0.8290735648767367,-0.8656691540971373,-0.903062644658803,-0.9412534306512121,-0.9802408817379149,-1.020024338984138,-1.060603113848524,-1.101976478260136,-1.1441436595422516,-1.187103847695603,-1.2308561733147538,-1.27539970345234,-1.3207334561107675,-1.3668563645022669,-1.4137672747376762,-1.4614649671382818,-1.5099481034871687,-1.559215228039701,-1.6092647959434991,-1.6600950977466056,-1.7117042662652793,-1.764090312780553,-1.8172510201025283,-1.8711839593190005,-1.9258865346996945,-1.9813558323031,-2.037588653200939,-2.094581567884468,-2.152330701227223,-2.2108317928425603,-2.270080261469243,-2.3300709277398024,-2.3907980387454675,-2.4522553209651354,-2.5144357792934446,-2.577331732880328,-2.6409345098026726,-2.705234566843129,-2.7702212858426556,-2.835882749842833,-2.902205854923734,-2.969175710007388,-3.0367759572473396,-3.104988085283722,-3.173791439570439,-3.2431630590814553,-3.313076766513512,-3.3835034801168673,-3.454410482945325,-3.525761018243312,-3.5975134719797186,-3.669621198416828,-3.7420314324350112,-3.8146847346697044,-3.851011385787062
-0.02880118315378155,-0.032346966912966124,-0.03687440780906215,-0.042337955794513604,-0.048707375027223776,-0.055961527337577976,-0.06408509626063541,-0.07306658844505876,-0.0828971580868032,-0.09356984369404131,-0.10507907034655872,-0.11742028502896851,-0.13058972221271503,-0.1445842267638664,-0.15940112276426888,-0.1750381148494906,-0.19149322345390907,-0.20876471035542465,-0.22685104788204846,-0.24575087859584066,-0.2654629878285242,-0.28598627997142856,-0.3073197579811282,-0.32946251865180187,-0.352413717611455,-0.37617258006990006,-0.40073838263245953,-0.426110442253691,-0.4522881160196057,-0.4792707921610795,-0.5070578823759941,-0.5356488207169718,-0.5650430604928314,-0.5952400649045675,-0.626239300619158,-0.6580402516946915,-0.6906423962034669,-0.724045215242386,-0.7582481836808874,-0.7932507701374991,-0.82905243258935,-0.8656526157979183,-0.9030507477162608,-0.9412462359987384,-0.9802384644209905,-1.0200267888002656,-1.0606105360098983,-1.1019889942767591,-1.1441614082174922,-1.1871269859607736,-1.2308848775536507,-1.2754341709165118,-1.320773906015793,-1.3669030399137139,-1.4138204445088398,-1.4615249273778552,-1.5100151801909156,-1.5592897796997462,-1.6093472155342514,-1.660185816369042,-1.7118037566423272,-1.7641990919607942,-1.8173696545039864,-1.8713130694093305,-1.9260267986995983,-1.9815079931863044,-2.0377535249758605,-2.094760040699706,-2.1525237511312634,-2.2110404902464076,-2.2703057782287317,-2.3303145501963662,-2.391061180248588,-2.4525395332640754,-2.514742768203848,-2.5776633732424115,-2.6412928668652302,-2.705621915161327,-2.7706401324289143,-2.836335862008421,-2.902696285859485,-2.969706836677144,-3.0373515118557792,-3.1056122006091424,-3.174468694239163,-3.2438985261401543,-3.3138760799645617,-3.3843728954912944,-3.455356951995747,-3.5267922716738065,-3.598638117536024,-3.6708488222557456,-3.7433727205150813,-3.8161516041211874,-3.8525410459242404
-0.028428440587813242,-0.03200216446801463,-0.036553505138980924,-0.04203792624561942,-0.048425864502954497,-0.05569665184101957,-0.06383531236275886,-0.07283060823701781,-0.08267389029334993,-0.09335835176997875,-0.10487854164709098,-0.11723000809160666,-0.1304090692539006,-0.1444126401133783,-0.15923810421734075,-0.17488321721192968,-0.19134604352739615,-0.20862488357744624,-0.22671824365065874,-0.24562479649019586,-0.2653433544397732,-0.28587284626064857,-0.30721229709218534,-0.32936082382977183,-0.3523176008984663,-0.376081870761924,-0.4006529261406211,-0.42603009921062807,-0.45221276139084665,-0.4792003145559054,-0.5069921835290092,-0.5355878149946758,-0.5649866744683596,-0.5951882371412864,-0.6261919815967243,-0.6579974034259362,-0.6906039923705531,-0.7240112411333488,-0.7582186363311205,-0.7932256584727515,-0.8290317776657119,-0.8656364510994496,-0.903039119532556,-0.9412392038803397,-0.9802361017139827,-1.0200291832723085,-1.0606177904977088,-1.1020012275495095,-1.14417875595052,-1.1871496015514627,-1.2309129334158175,-1.275467859865298,-1.3208134423389417,-1.3669486612156057,-1.4138724136055103,-1.4615835337324246,-1.5100807424864637,-1.5593626483918488,-1.6094277747921826,-1.6602744876407005,-1.71190100207248,-1.7643054170350503,-1.8174856129826278,-1.8714392679054725,-1.9261639003008035,-1.9816567243029715,-2.0379146814868188,-2.0949344929455327,-2.1527124534648,-2.2112444893130467,-2.270526219894209,-2.3305526923107944,-2.3913184049021208,-2.452817357935011,-2.5150428610954068,-2.577987567922979,-2.641643183208364,-2.706000577846579,-2.7710495936138058,-2.8367788285999618,-2.9031757445649564,-2.9702260911403933,-3.037914213479076,-3.106222392995206,-3.1751308575677983,-3.2446176247848957,-3.3146576277717887,-3.385223015187866,-3.456282448494341,-3.5278007132787614,-3.599737932289071,-3.6720493975126,-3.7446845222759206,-3.8175863062162474,-3.854037198186422
-0.02806403497346288,-0.03166507883469727,-0.03623978852478338,-0.04174461893695636,-0.04815066446033356,-0.05543771672482656,-0.0635911328701777,-0.07259992493664491,-0.08245563604165618,-0.0931516107348429,-0.10468251915911608,-0.11704400842922347,-0.13023247852586017,-0.14424491299362963,-0.15907875353153855,-0.1747318056698255,-0.19120217686241503,-0.20848820530523504,-0.22658843049687682,-0.24550155469436064,-0.26522641665582825,-0.28576196897311945,-0.30710725847766795,-0.32926142172042816,-0.35222365150704427,-0.3759932071722538,-0.4005693971941504,-0.42595156863214356,-0.4521391069193914,-0.47913142727091795,-0.5069279673429516,-0.535528186170442,-0.5649315612033412,-0.5951375793556313,-0.6261457308607721,-0.6579555225854072,-0.6905664556797309,-0.7239780341925961,-0.7581897562254802,-0.7932011139111239,-0.8290115892157779,-0.8656206514782827,-0.9030277539759712,-0.9412323305875603,-0.9802337923709548,-1.0200315236629454,-1.0606248811375174,-1.1020131845293601,-1.1441957118886403,-1.1871717063911547,-1.2309403556913345,-1.2755007880554725,-1.3208520859147477,-1.3669932524438266,-1.4139232094011245,-1.4616408170623707,-1.5101448248861171,-1.5594338724604917,-1.6095065160917965,-1.6603611581824218,-1.7119960536598366,-1.764409343849227,-1.8175989564090056,-1.8715626210114689,-1.926297911377528,-1.9818021035660216,-2.0380722070873603,-2.0951050158547924,-2.1528969068193904,-2.211443896516463,-2.2707417013938302,-2.330785478090447,-2.391569846476327,-2.453088939258463,-2.515336213576358,-2.5783044847521364,-2.6419856398629094,-2.7063707502022583,-2.771449880146659,-2.837211877098489,-2.903644476660827,-2.970733738700315,-3.038464348793579,-3.1068189723433726,-3.175778264712159,-3.245320717647626,-3.3154218024762816,-3.386054264318483,-3.4571874330336927,-3.528786842309839,-3.6008134576164252,-3.6732235114667056,-3.7459674750021543,-3.8189895326944168,-3.855500561540548
-0.027707779783270325,-0.031335537148935444,-0.035933096808582476,-0.041457882953466196,-0.04788163308804272,-0.055184588370860155,-0.06335243161177395,-0.07237441919727416,-0.08224228228201902,-0.09294951338230106,-0.10449090112696346,-0.11686218939193083,-0.13005985818068666,-0.1440809580878888,-0.15892298767972157,-0.17458380126815776,-0.1910615483803113,-0.20835460415931095,-0.22646154057919254,-0.24538108875820086,-0.26511211328492656,-0.2856535900541246,-0.3070045871086613,-0.32916426022011613,-0.3521318201666901,-0.37590654278041313,-0.40048775194683195,-0.4258748092784259,-0.45206711391077015,-0.4790640941025881,-0.506865200057538,-0.5354699028854881,-0.5648776917051457,-0.5950880648914136,-0.6261005240679296,-0.6579145871247416,-0.6905297663655663,-0.7239455769314507,-0.758161528151513,-0.7931771235220708,-0.8289918566025456,-0.8656052086091215,-0.9030166450571642,-0.9412256124983642,-0.9802315351748359,-1.020033811205634,-1.060631811666024,-1.102024871517182,-1.1442122849663061,-1.1871933121262668,-1.230967158826246,-1.275532972830895,-1.3208898570939542,-1.367036837076041,-1.4139728586334943,-1.4616968075120251,-1.5102074611012206,-1.5595034893607362,-1.6095834808253162,-1.660445873534977,-1.71208896132522,-1.764510926957108,-1.8177097442461765,-1.8716831934017186,-1.9264289021452718,-1.9819442070915017,-2.0382261841877414,-2.0952716985608744,-2.1530772075204707,-2.211638815886685,-2.270952335021459,-2.3310130287045316,-2.391815635684913,-2.453354418224074,-2.5156229777126615,-2.578614287747283,-2.642320413756716,-2.706732623116115,-2.771841198024849,-2.837635229870661,-2.9041027222628912,-2.9712300387348956,-3.039002198096874,-3.107402241687951,-3.1764112434344627,-3.246008159399727,-3.316168988048007,-3.386867058767362,-3.458072356273134,-3.5297511473280085,-3.601865223393652,-3.6743717390280706,-3.7472222026846413,-3.820361961019003,-3.856931840186184
-0.02735949266594595,-0.031013370425814202,-0.035633272457902265,-0.04117757078123674,-0.047618631777135434,-0.05493713618376361,-0.06311908527574239,-0.07215397438127269,-0.08203371853436892,-0.09275195494704569,-0.10430358811479579,-0.11668445653629789,-0.12989111846941626,-0.14392069007715946,-0.1587707255363835,-0.17443912686245788,-0.19092408472571876,-0.20822401039950478,-0.2263375076156926,-0.2452633357149736,-0.2650003845445781,-0.28554765278654415,-0.3069042292256352,-0.32906928842741934,-0.3520420587448392,-0.3758218321408435,-0.40040794756648346,-0.4257997808635672,-0.4519967445660189,-0.47899827968560516,-0.5068038486943927,-0.5354129345078729,-0.5648250376532271,-0.5950396677107062,-0.6260563374396622,-0.6578745755072557,-0.6904939051213699,-0.7239138522671329,-0.7581339372499496,-0.7931536746754286,-0.8289725694363259,-0.8655901143601596,-0.90300578692597,-0.9412190460745595,-0.9802293289368436,-1.0200360471050995,-1.060638585733198,-1.1020362946675188,-1.1442284839105366,-1.1872144301327658,-1.2309933569312204,-1.2755644311329029,-1.3209267757546161,-1.3670794380451046,-1.4140213874200835,-1.461751534526412,-1.510268684061522,-1.5595715356799822,-1.6096587094260428,-1.660528678184825,-1.7121797738345101,-1.7646102196512192,-1.8178180345834516,-1.871801048257593,-1.9265569411995198,-1.9820831092414615,-2.0383766933009584,-2.0954346281473635,-2.1532534496808253,-2.2118293490670737,-2.271158230498327,-2.331235462550496,-2.3920559002562403,-2.453613932607168,-2.515903302109912,-2.5789171372014863,-2.6426476778087515,-2.7070863831612613,-2.7722237486016654,-2.8380491042844236,-2.9045507161059803,-2.971715244828954,-3.039528035449224,-3.1079724973468448,-3.1770301142642676,-3.24668029692341,-3.3168995600684648,-3.387661805385056,-3.4589376591446674,-3.5306941064221276,-3.6028937482253776,-3.675494642981114,-3.7484493162764476,-3.821704254645142,-3.858331723829489
-0.027018995352490194,-0.030698413472585173,-0.035340161482499965,-0.04090353823062998,-0.04736152504825064,-0.05469523252195074,-0.0628909733439098,-0.07193847649769047,-0.08182983682951672,-0.0925588330475513,-0.104120482952208,-0.1165107175733926,-0.12972617169308975,-0.14376402559372892,-0.15862188783306586,-0.17429770707582115,-0.1907897142255699,-0.20809635588721065,-0.22621626684755647,-0.24514823404557795,-0.26489117202821433,-0.2854441017599907,-0.30680613230780196,-0.32897645661527086,-0.3519543202197717,-0.37573903085732496,-0.400329942210087,-0.4257264440330921,-0.45192796196036333,-0.4789339494732925,-0.5067438810385738,-0.5353572511148652,-0.5647735713830926,-0.5949923623787878,-0.626013147748461,-0.6578354666955999,-0.6904588530882272,-0.7238828435131683,-0.7581069690063114,-0.7931307550340438,-0.8289537175683925,-0.8655753607881511,-0.9029951738681596,-0.941212627860466,-0.9802271724958622,-1.020038232538134,-1.0606452069040984,-1.1020474599919172,-1.1442443172456684,-1.1872350715224744,-1.2310189637896318,-1.2755951795095921,-1.320962861313868,-1.3671210777519427,-1.4140688212727959,-1.4618050268683014,-1.510328525934268,-1.5596380471582183,-1.6097322413917148,-1.6606096155893368,-1.712268538826267,-1.764707273992805,-1.8179238841689482,-1.8719162473028295,-1.9266820955548436,-1.9822188826652543,-2.038523813087556,-2.095593889696379,-2.1534257252527,-2.212015595370609,-2.2713594950332983,-2.331452895318642,-2.392290765002958,-2.453867617043315,-2.516177331993519,-2.5792131897688364,-2.64296760102114,-2.7074322126946715,-2.772597728692028,-2.838453712821809,-2.904988687664689,-2.972189604903397,-3.0400421288116375,-3.108530029069234,-3.177635190655881,-3.247337469479894,-3.317613885909676,-3.3884389021791472,-3.459783773055425,-3.5316161874232144,-3.6038995396723505,-3.6765927742241855,-3.7496494139450665,-3.823017063284273,-3.8597008879538763
