0,1,2,3,4,5,6,7,8,9,10,11,12,13,14,15,16,17,18,19,20,21,22,23,24,25,26,27,28,29,30,31,32,33,34,35,36,37,38,39,40,41,42,43,44,45,46,47,48,49,50,51,52,53,54,55,56,57,58,59
2.002859038867334,1.78258689437795,1.5833557853633302,1.4056656456176722,1.248558859983617,1.1103430896605302,0.9890424102673825,0.8826581202715996,0.7893064434758322,0.7072814363163005,0.635074807659196,0.5713724738565806,0.5150397928121846,0.4651020837812911,0.4207242512022243,0.3811914008312426,0.34589130258320516,0.3142989947535005,0.2859635433731922,0.2604967083541734,0.2375633726074034,0.2168735057942862,0.19817539141639226,0.18124993394776534,0.1659058781949295,0.15197580301473196,0.13931273923812657,0.12778731566073198,0.11728534326696977,0.10770576527195548,0.09895894078873206,0.09096516091969663,0.0836533768741456,0.07696012488068252,0.07082859600781516,0.06520783647735673,0.060052056504579364,0.05532003430400076,0.05097459635437967,0.04698216418697638,0.04331236249129386,0.03993767273599599,0.03683313188801272,0.033976064134574366,0.03134584887027764,0.028923711645462348,0.02669254180801067,0.024636729336997253,0.02274201966677598,0.020995385502530647,0.019384910756206717,0.01789968812807519,0.01652972621880838,0.015265866847692535,0.014099710386650866,0.013023548422878848,0.012030303313142475,0.011113473104607672,0.010267082210608118,0.009485636265919811
1.979799956828907,1.761560494949594,1.56450597438541,1.3889474982467005,1.2338259536561453,1.097403825131325,0.9776936081947625,0.8727034972664615,0.7805656835309982,0.6995937257070484,0.6282992960662777,0.5653871570729951,0.5097396820380818,0.4603971539380486,0.4165374247860597,0.3774566913654905,0.3425521671796467,0.3113069045601869,0.2832767606621102,0.2580792486907727,0.235384129936114,0.21490551635667857,0.19639521540478824,0.17963713629746256,0.16444259242729903,0.1506463640803164,0.13810337406227813,0.12668588181817533,0.11628110785407306,0.10678921738874919,0.09812163166388542,0.09019956761315019,0.08295278585000408,0.07631853204309622,0.07024062074840941,0.06466864754991124,0.05955730793795952,0.054865809797381024,0.05055736094508867,0.04659872214444441,0.04295982047773055,0.03961340755108608,0.03653476211506003,0.0337014252118557,0.031092971049102018,0.02869080052150504,0.02647796104269598,0.02443898531137767,0.022559747823818567,0.020827338148809,0.019229946170274216,0.017756760796283546,0.016397878081837597,0.015144219429181973,0.013987457707593999,0.012919950614103523,0.011934680844338123,0.011025201568929634,0.010185587597973287,0.009410390679703501
1.9566638806444727,1.740507688846363,1.54565762993895,1.3722443343873885,1.2191130634537979,1.0844849396860918,0.9663632176812043,0.8627643516053279,0.7718372529851573,0.6919153688352518,0.6215305085137166,0.5594063363318179,0.5044422350190748,0.4556934158431145,0.41235063156665736,0.3737211214284372,0.33921149699624126,0.30831278423575004,0.280587596688729,0.2556591716875471,0.2332021247493593,0.21293469033765783,0.1946121837721932,0.17802150603045,0.16297652866452456,0.1493142250589401,0.13689140337089384,0.12558194845525256,0.11527448621747391,0.10587040065762529,0.09728217264909592,0.0894319430408093,0.08225028039845353,0.07567513874976504,0.06965095535244192,0.06412787460086171,0.059061076893396375,0.054410199563483475,0.05013883165785392,0.04621407315115013,0.04260615356491369,0.03928809473985551,0.036235417344860424,0.03342587943864603,0.03083925022219021,0.028457106126825595,0.026262652831080226,0.024240565955199415,0.022376849258860753,0.020658709373221895,0.01907444234832153,0.017613333488250026,0.01626556648365587,0.015022142493531102,0.013874807050353932,0.012815984118664782,0.011838716882402641,0.010936613776921494,0.010103800142292516,0.009334873965570903
1.9334547268107802,1.7194308444104178,1.526812024828616,1.3555567116465352,1.2044203078000402,1.071586297140893,0.9550509650164287,0.852840343485321,0.7631207880731954,0.6842460019283879,0.6147680941840531,0.5534296802293323,0.49914714245813907,0.45099058287802596,0.4081636070285965,0.36998444745270337,0.3358690680046234,0.3053164278095789,0.27789586208625755,0.2532363032030649,0.23101719684974714,0.2109608803064167,0.19282616077905623,0.1764029181192814,0.16150757170079527,0.14797927975666142,0.13567672924504084,0.12447542525683905,0.11426539503373398,0.10494923818786608,0.09644049277530979,0.08866222168749498,0.0815458000295285,0.07502988914273923,0.06905954823298538,0.06358546998261098,0.058563319357634695,0.05395316294278762,0.049718970928564546,0.04582818250047062,0.04225132968448433,0.038961704670133185,0.0359350701951064,0.033149401510645764,0.030584663004704193,0.028222606849743936,0.026046597199611655,0.02404145280838828,0.022193306910223722,0.020489483406223072,0.018918384714798786,0.017469392731787395,0.01613277897172182,0.014899624530512861,0.01376174777557331,0.012711639102070063,0.011742402336726137,0.010847701325508833,0.010021712075960913,0.00925907894327274
1.9101764067749982,1.6983323185581274,1.5079704242473735,1.3388851854254238,1.1897478070250613,1.058707765590254,0.9437565817558707,0.8429311384563972,0.7544159299644021,0.6765852654929254,0.6080117058107525,0.5474568602037647,0.493854097255989,0.446288370060945,0.40397608781809363,0.3662464266388146,0.3325246566233936,0.3023176295002959,0.2752013674731039,0.25081046892203407,0.22882918574423436,0.20898393844530733,0.1910370102327378,0.17478124703736567,0.1600356058013333,0.14664142143370115,0.13445925321333033,0.12336622135676473,0.11325375043600087,0.10402565255769812,0.09559652055830342,0.08789033754129769,0.08083928377673816,0.07438272690888476,0.06846634736990215,0.06304138563655823,0.058063990928545944,0.05349465890870627,0.04929774084734965,0.04544101516068929,0.041895316462912204,0.03863420742369283,0.035633693015694995,0.03287196587314254,0.030329185777885244,0.02798728086026657,0.025829773971157318,0.02384162722117264,0.022009103539587304,0.020319644313881263,0.018761758541265973,0.01732492491257828,0.015999502961426985,0.014776653907232195,0.013648269130003573,0.01260690562412419,0.011645728018624416,0.01075845572064766,0.009939315547015146,0.009182998354352183
1.8868328263832443,1.6772144569928673,1.4891340861823825,1.3222303092779752,1.1750956836117192,1.0458492175479344,0.9324798047829419,0.833036407431186,0.745722324739793,0.6689328042727047,0.6012609996263389,0.5414875504785596,0.4885627944527079,0.4415864939885402,0.3997878116862148,0.3625068169003369,0.3291780396655076,0.2993161836655414,0.2725039234051074,0.248381494309982,0.22663793060121223,0.20700371650927354,0.18924459544921785,0.1731563667228733,0.15856051466841592,0.14530054277249588,0.13323887622191338,0.12225424530967026,0.11223946798762156,0.10309956578958761,0.09475018397557433,0.08711622407197733,0.08013067017689304,0.07373359526105623,0.06787130029228429,0.06249557307673425,0.05756304679988344,0.05303464605339986,0.04887510314537966,0.04505253576271917,0.041538081210086175,0.03830557278564912,0.035331257878877635,0.032593546711860905,0.03007279468056043,0.027751106102205318,0.0256121627576967,0.023641070347303922,0.021824221725702607,0.02014917599205224,0.018604548940986173,0.017179916269165617,0.015865725731455615,0.014653218863832314,0.013534360242528921,0.012501773635241359,0.011548684637924711,0.010668868374162007,0.009856602616206888,0.009106624859436545
1.863427885330941,1.6560795944149165,1.470304261814922,1.3055926352637721,1.1604640624388662,1.0330105300874701,0.921220376372784,0.823155826697312,0.7370396233722991,0.6612882672101761,0.5945156353131874,0.5355214280079817,0.4832729311713601,0.43688467277949794,0.39559851743339547,0.35876537681004733,0.3258289942864406,0.2963118847523236,0.2698033403281586,0.24594920456817226,0.22444327020770577,0.2050200657853005,0.18744877921474765,0.17152815054252823,0.1570821814072356,0.1439565358455552,0.13201549860425654,0.12113940506261406,0.11122246265551179,0.10217089932528017,0.09390141044297026,0.08633981420910328,0.07941989724967478,0.07308243691901736,0.06727435406064958,0.0619479833731976,0.05706044174581092,0.052573082573361435,0.048451019181446835,0.04466270858761816,0.04117959090770388,0.03797577023366538,0.035027736569234136,0.03231411794365382,0.029815465600499864,0.027514060285154938,0.02539374295287368,0.023439763137151244,0.021638643857988346,0.019978062160442466,0.01844674086342533,0.017034352887853682,0.0157314344190585,0.014529307509113963,0.013420010120105895,0.01239623297268887,0.011451262799486592,0.010578930600524776,0.009773565254023762,0.009029951035477692
1.8399654766150584,1.6349300547283665,1.4514821959144055,1.2889727142961391,1.1458530710221988,1.0201915849826213,0.9099780442575547,0.8132890779321428,0.7283674817097241,0.6536513074104094,0.5877752759568665,0.5295581724249703,0.47798420656350543,0.43218262601960467,0.3914079448552215,0.3550218655470774,0.32247729793309393,0.29330452724790057,0.2670994285311855,0.24351342458874317,0.22224504292668557,0.20303283705188424,0.18564942374744267,0.16989647125527876,0.15560048849159672,0.14260929208311732,0.1307890200506904,0.12002160792644438,0.11020264878327365,0.10123957400058654,0.09305012679106607,0.08556104031994004,0.07870690247695657,0.07242919409012094,0.06667545524890577,0.061398567135209414,0.05655613010521475,0.05210992625480513,0.04802544992836121,0.04427149755393046,0.04081981219749639,0.03764476892700651,0.03472310057349913,0.03203365320705044,0.02955717416564072,0.027276120876345716,0.02517449372443783,0.02323768633068637,0.021452352130024523,0.01980628635657564,0.018288319088658394,0.016888220697525512,0.015596616015251535,0.014404907816088976,0.013305207643647598,0.012290273356774269,0.011353452999670449,0.010488633613585444,0.009690195337657869,0.008952969372947801
1.816449485988331,1.6137681512449784,1.432669127226606,1.2723710964854489,1.1312628397528273,1.0073922688478787,0.8987525616934053,0.8034358482201194,0.719705560460618,0.646021582107981,0.5810395880021254,0.523597465991296,0.472696321756663,0.42748007470841753,0.38721583468947185,0.35127604284504055,0.31912272829342586,0.2902939056311874,0.26439199809947894,0.24107397891004806,0.22004308665445846,0.2010418805384834,0.18384639065878508,0.16826120097582312,0.15411531772942033,0.1412587022405837,0.1295593395777106,0.11890076054690317,0.10917994006402723,0.10030551001987904,0.09219625924124684,0.08477983418704775,0.07799162278184131,0.07177380844970947,0.06607454992604,0.060847274494143726,0.05605006576576729,0.05164513445881037,0.04759835595911304,0.04387886620480325,0.0404587113692416,0.037312537695392306,0.0344173210701998,0.03175212585262802,0.029297895735142153,0.027037265092341375,0.0249543940065385,0.0230348204503343,0.02126532853291944,0.019633831929640747,0.018129268221667546,0.016741505464355707,0.015461257359916667,0.0142800076174394,0.013189941563815337,0.012183884386945744,0.01125524562272792,0.010397968523229547,0.0096064846479139,0.008875672272976202
1.7928837914154985,1.5925961868848317,1.4138662888560876,1.2557883314778047,1.1166935021337305,0.99461247327913,0.8875436875291869,0.7935958300726473,0.7110535251830151,0.6383987526366826,0.5743082412114693,0.5176389935499903,0.46740897980367974,0.4227767412075027,0.38302192856441086,0.347527668941116,0.3157650632468042,0.28727981432466326,0.2616808588683518,0.23863069167217743,0.2178372387781223,0.19904704588494218,0.18203954091502045,0.1666222111379654,0.15262655022803015,0.13990465636569865,0.12832635549700527,0.11777676887544052,0.10815424951295675,0.09936862693029336,0.09133973338150142,0.08399612698559056,0.07727399450741555,0.07111622112124148,0.06547158363754939,0.06029405508614588,0.0555422021477444,0.0511786641062342,0.04716969743281262,0.04348477769489374,0.04009625434857973,0.03697904502766192,0.0341103689191164,0.031469508933216726,0.029037605390288462,0.026797469890585818,0.024733422491877398,0.022831145793690787,0.02107755484855627,0.019460682034230063,0.017969572686531713,0.01659419278642445,0.015325345136808142,0.014154594600888974,0.013074200496730123,0.012077055537821705,0.011156630937121804,0.01030692633197007,0.009522424866052995,0.00879805204442661
1.7692722625316561,1.5714164543736853,1.3950749086429346,1.2392249687892358,1.1021451950142227,0.9818520949946551,0.8763511862769849,0.7837687214506343,0.7024110462760841,0.6307824844020811,0.5675809086263294,0.5116824424800174,0.4621218856339936,0.41807234919020536,0.3788259689482892,0.3437765045260625,0.3124040808150337,0.28426204764675383,0.2589658203770955,0.23618338657263818,0.2156273361330649,0.19704818210086011,0.18022873479842738,0.1649793724577909,0.15113406635922544,0.13854704376548127,0.12708996538420642,0.1166495381397399,0.1071254894395488,0.09842884359562301,0.09048047414190041,0.0832098492603346,0.07655395339519881,0.07045637265612369,0.06486650138658008,0.05973885803451415,0.0550324921875792,0.050710471662369985,0.04673943408039381,0.04308919477705266,0.03973240668461383,0.036644259060238105,0.033802214650555086,0.031185775193928608,0.028776277925222544,0.02655671196080262,0.02451155762372192,0.022626642426109046,0.02088901264271106,0.01928681962395254,0.017809216720507195,0.016446268088229823,0.015188865868465358,0.01402865630449206,0.012957972919608046,0.01196977615514547,0.011057599091781108,0.010215497931478154,0.009438007570579486,0.00872010090092326
1.7456187601027728,1.550231236437017,1.3762962095338895,1.2226815581356354,1.0876180588226656,0.9691110359765195,0.8651748281845763,0.7739542257897098,0.6937777989747242,0.6231724468569453,0.5608572665308443,0.5057275026532221,0.45683474600679097,0.4133666235929672,0.3746276991000655,0.34002231069515915,0.3090395591140663,0.2812403997646789,0.2562466918232242,0.23373188682217336,0.21341321496047688,0.1950451375248832,0.17841383186843252,0.16333255489662593,0.14963774572408023,0.13718575297285668,0.12585006604732155,0.11551897281390694,0.10609357141949022,0.09748607816986712,0.08961840576974092,0.08242093090231944,0.07583143456327202,0.06979420301322567,0.06425924761476441,0.05918163193178971,0.05452088832114031,0.05024051312134459,0.04630752519006272,0.04269207978876513,0.0393671335372869,0.0363081475653777,0.033492828454417964,0.03090089706199596,0.02851388783750288,0.026314967716217805,0.024288777587758107,0.022421290173137216,0.020699683258036877,0.019112227444928093,0.017648184367991964,0.016297716615091894,0.015051805911027163,0.013902180111822962,0.012841247166302396,0.011862035451655643,0.010958140112275229,0.010123674099041302,0.009353224233961082,0.008641810957812643
1.7219271354884624,1.5290428059905468,1.3575314099478348,1.2061586497584473,1.0731122377974578,0.9563892036125365,0.8540143893098762,0.7641520520282032,0.685153463347146,0.6155683134795683,0.5541369944182619,0.4997738663935423,0.45154726946606627,0.4086592905681794,0.3704268630213292,0.33626484890006086,0.30567127630637,0.2782146646477476,0.2535232820169893,0.2312760151007055,0.21119471086487887,0.19303775978391507,0.1765946909225727,0.16168162762378735,0.1481374671174966,0.1358206717130069,0.12460655349485857,0.11438497658833643,0.10505840626623551,0.09654024807044922,0.0887534518043526,0.081629301125196,0.07510637248408139,0.06912965153808795,0.06364976618276189,0.058622324821561225,0.05400734246673036,0.04976874399025311,0.04587392959250246,0.042293394638361036,0.039000399664533184,0.035970677939213255,0.03318218016907797,0.030614846636423162,0.028250409318483556,0.026072213284626108,0.024065060303788154,0.02221506861281121,0.020509547806908706,0.018936888029145917,0.017486459474366427,0.01614852342743817,0.01491415144893266,0.013775153247068198,0.012724011422754445,0.011753822502871594,0.01085824389690836,0.01003144549394421,0.00926806621927802,0.008563174229062354
1.6982012301070577,1.5078534263272378,1.3387817241358337,1.1896567947464272,1.058627880216613,0.9436865108389033,0.842869651597494,0.7543619146379226,0.676537724295461,0.6079697617549865,0.5474197749599592,0.49382122843848475,0.4462591662975566,0.40395007743854755,0.3662232054094167,0.33250388090154304,0.3022990105539369,0.27518463602108123,0.25079539933614403,0.22881559351338615,0.20897165877162638,0.19102589575220438,0.17477116995725342,0.1600264589790702,0.14663310849245068,0.13445168686937964,0.12335932290359243,0.11324745233921242,0.10401990400219908,0.09559126995105513,0.08788553505153124,0.08083488844119405,0.07437870096188305,0.06846265694177166,0.06303800035045105,0.058060884179934956,0.053491806007770336,0.0492951192729828,0.04543860564577964,0.04189310079094178,0.038632169409170546,0.03563181718954357,0.03287023927001424,0.03032759567741922,0.027985816243492424,0.025828424499257867,0.023840383417252232,0.022007957067778652,0.020318587164116435,0.018760783687685887,0.01732402567970315,0.01599867339497322,0.014775888489516092,0.013647562770011374,0.012606253722347745,0.011645126242788234,0.010757900212733217,0.009938802653777288,0.009182524776802318,0.008484182624091436
1.6744448749030636,1.4866653513006256,1.3200483625356125,1.1731765453534047,1.0441651386258772,0.9310028762835951,0.831740402957423,0.7445835336577825,0.667930271559315,0.6003764731591282,0.5407052939771025,0.4878692859028703,0.4409701484875701,0.3992387126529901,0.3620164716117047,0.32873916872314635,0.298922539971939,0.27215010731976275,0.24806285168095102,0.2263504435467346,0.20674389288438977,0.18900939151031793,0.17294312612832172,0.15836691643498965,0.14512454692394783,0.1330786844493772,0.12210826858598718,0.11210630209764351,0.1029779738295795,0.09463905967410527,0.08701457755761069,0.08003762063673774,0.07364835310983808,0.0677931572793783,0.06242389275680956,0.05749725689670729,0.05297422977519696,0.048819593453777704,0.04500151122000465,0.04149115925407577,0.03826240668556531,0.03529153192341986,0.03255697485825916,0.030039115595648654,0.027720082161833085,0.025583576889493545,0.023614724290596717,0.02179993459728695,0.020126781959421216,0.018583896503809986,0.017160866412359647,0.015848151190733347,0.01463700285749185,0.01351939557092669,0.01248796194117209,0.01153593545948685,0.010657098691481376,0.009845735990665874,0.009096591040508624,0.00840482794454079
1.6506618898170726,1.4654808255044325,1.3013325321206761,1.1567184553123682,1.0297241700657151,0.9183382244107141,0.820626437346034,0.7348166347303691,0.6593307997226251,0.5927881331459205,0.5339932404149597,0.4819177382448593,0.4356799296837081,0.394524925744045,0.35780640758109417,0.3249704746056929,0.2955416425829884,0.2691108716433733,0.24532544642939744,0.22388038602483737,0.20451124664256837,0.1869880923039453,0.17111041571139116,0.1567028665587213,0.14361165857263458,0.13170154954967353,0.12085328395722071,0.1109614270183925,0.10193252410076757,0.09368353228280787,0.0861405005831152,0.07923742474764986,0.07291526132671526,0.067121089928185,0.06180738539941547,0.0569313892561698,0.05245456402951215,0.04834212048046154,0.044562603681668936,0.041087530563187785,0.037891074966013766,0.034949788334453814,0.03224235564858159,0.02974937744123378,0.027453180286559055,0.02533764567135203,0.023388059994439665,0.021590979988975315,0.019934112569938708,0.018406208325892768,0.016996964882414936,0.015696941285000095,0.014497480189312474,0.013390638365339661,0.012369123793170537,0.011426238790638234,0.01055582882540013,0.009752235787414696,0.009010256024498085,0.00832510188096016
1.6268560832581802,1.4443020844483232,1.282635436743998,1.1402830801458452,1.0153051362971335,0.9056924856657693,0.8095275548493439,0.7250609491414457,0.6507390082234136,0.5852044311373596,0.5272833063198776,0.47596628723426465,0.4303882251574696,0.38980844728679603,0.35359275983265653,0.3211975609626728,0.29215609627201466,0.2660667217109271,0.2425829903926263,0.2214052410656114,0.2022735526786484,0.18496184250255282,0.16927289406194113,0.15503417497374858,0.14209431864807057,0.13032016632115248,0.11959426150181954,0.10981272734820173,0.1008834622883484,0.09272460197280609,0.08526322457601564,0.0784342270339668,0.07217935727320662,0.06644639156540737,0.061188419613598895,0.05636322691758553,0.05193275844251068,0.047862653747359374,0.044121839877695676,0.04068217476667195,0.037518137266862935,0.03460655218988647,0.0319263499574449,0.029458351892550413,0.027185083484050823,0.02509060573780295,0.023160367298566145,0.021381071750509927,0.019740559112371648,0.018227700760209763,0.016832304074982013,0.015545027939093407,0.014357305927410855,0.013261277688697242,0.01224972682519502,0.011316024718919031,0.010454079963001305,0.009658292193569023,0.008923510619353687,0.008244996009432844
1.6030312515789948,1.4231313547297773,1.2639582774763913,1.1238709774728115,1.0009082040265933,0.8930655966221623,0.7984435617687586,0.7153162138625333,0.6421546013668442,0.5776250605166086,0.5205751868189514,0.4700146369231703,0.4250947517687706,0.3850890088593199,0.3493752754014574,0.31742019033650176,0.2887656787417473,0.26301744981618835,0.23983528977055468,0.21892482803710142,0.20003064277547247,0.18293048555784525,0.16743041557514435,0.1533607063211868,0.14057240137163543,0.12893441793345706,0.11833109273987283,0.10866010239368791,0.09983069495466416,0.09176218206338937,0.08438266914455121,0.07762795295432341,0.07144057184783126,0.06576899814555832,0.060566936051196646,0.05579271489527887,0.051408762078647835,0.047381146077876087,0.043679176119164595,0.0402750514107061,0.03714355613434294,0.034261788817385584,0.031608925690708396,0.029166009244780466,0.026915764263363985,0.02484243164886211,0.022931622662722046,0.02117018810103122,0.019546101435063155,0.01804835516356222,0.016666866743359404,0.015392395199022016,0.014216465314309954,0.013131299890898868,0.012129758411938339,0.011205281567316091,0.010351841304713663,0.009563895221384938,0.00883634558840669,0.00816450178811821
1.5791911785532922,1.401970854201931,1.2453022529395656,1.1074827073121623,0.986533545130072,0.8804575001288428,0.7873742707092923,0.7055821715965663,0.6335772883414642,0.570049718624136,0.5138685801024228,0.46406249361887325,0.41979922793237723,0.38036634300466804,0.345153701801564,0.31363812535564595,0.2853701674687939,0.25996284778334944,0.23708215010767186,0.21643896551380024,0.19778234782339854,0.18089386396202245,0.165582833645411,0.15168232422075845,0.13904577993903788,0.1275441865391032,0.11706366819279877,0.10750345048877175,0.09877412772091171,0.0907961849682368,0.08349875302958737,0.07681852713989377,0.07069883516240162,0.06508884487739523,0.05994287465891867,0.05521979753835536,0.050882523376052494,0.04689754970673299,0.04323456816471296,0.039866119523749785,0.03676729363010914,0.03391546309156456,0.0312900503310723,0.02887231939821784,0.02664519476535023,0.024593097621470397,0.02270180222720771,0.020958306962413457,0.01935071910988258,0.017868152635741097,0.016500635402038503,0.01523902688899114,0.014074943386602376,0.013000691130716521,0.012009205750760303,0.011093997494329566,0.010249101898434169,0.009469034741707422,0.008748751563916777,0.00808361055371281
1.5553396348563957,1.380822792137326,1.2266685596338955,1.0911188323828787,0.9721813368763982,0.8678681454593057,0.7763195006703593,0.695858570826696,0.6250067832386834,0.5624781067569069,0.507163187408778,0.4581095658591399,0.41450137358624045,0.37564018319435516,0.3409277869861997,0.30985112869258463,0.28196933966029,0.25690270692306233,0.2343233762489979,0.21394747123297242,0.1955284977773431,0.17885181920581203,0.16373000062563053,0.149998891231406,0.13751432648242837,0.12614935323717,0.11579187734866134,0.10634266896165313,0.09771366523577638,0.0898265221657001,0.08261139407652579,0.07600587336788131,0.06995407651705554,0.06440586620043368,0.05931617465628973,0.05464441851001759,0.050353990127145365,0.04641181626183931,0.04278797120358902,0.03945533760071957,0.03638931131647314,0.03356753942021379,0.030969690925242842,0.02857725184632119,0.026373346751537647,0.024342577519154144,0.02247088180326216,0.02074540595032867,0.01915439142392204,0.0176870740118176,0.01633359231954718,0.01508490660476237,0.013932724968788127,0.012869437370080415,0.011888055856388531,0.010982160489060134,0.010145850634976828,0.009373700479757427,0.008660719043168468,0.00800231351783366
1.531480377548333,1.359689369387518,1.208058392260993,1.074779918401043,0.9578517621500231,0.8552974884620705,0.7652790771392807,0.686145165868361,0.6164428050756191,0.5549099301707388,0.5004587130126764,0.4521555643898692,0.4092009101618136,0.3709102637934258,0.3366972793091144,0.30605896302266633,0.27856297221116244,0.25383681798883984,0.23155877229621274,0.2114501620509894,0.19326892161369774,0.17680419173627693,0.16187176778610576,0.14831026881153814,0.1359779120320821,0.12474979803652468,0.114515608627002,0.10517765410128448,0.09664921114356137,0.08885310416858305,0.08172050920671088,0.0751899145345254,0.06920622437481777,0.06371999576101911,0.05868677451317224,0.054066520766475216,0.0498231094588853,0.045923896745796264,0.04233933983835875,0.03904266358683251,0.03600957024132251,0.03321798173023466,0.030647814070826992,0.02828077566350575,0.02610019159276552,0.024090844841450333,0.02223883686323007,0.020531462365107805,0.01895709737100706,0.017505099854259704,0.016165719511127958,0.014930017706861264,0.01378979466697607,0.01273752436823301,0.011766295555499014,0.01086975836618474,0.010042076243414662,0.009277882010809452,0.008572238384468456,0.007920601763312954
1.5076171495598416,1.3385727785383397,1.1894729440409961,1.058466534373677,0.9435450096732517,0.8427454917125989,0.7542528321874595,0.6764417169245756,0.6078850778212299,0.5473448980857463,0.493754864215601,0.44620020214506184,0.40389756055625886,0.3661763200270153,0.3324619274870862,0.30226139098377247,0.2751508416619254,0.2507649711337572,0.22878814156389277,0.2089468538996071,0.1910034472870646,0.1747508209143343,0.16000798527311558,0.14661631727884045,0.13443640647761834,0.12334539981855443,0.11323474934315954,0.10400830112332132,0.09558066805179288,0.08787584049340348,0.08082601438833063,0.07437057262760978,0.06845520633567526,0.06303116638791666,0.058054611926824255,0.05348604653541248,0.04928982781257811,0.04543374151699677,0.041888628067227374,0.038628054861091936,0.03562803092270521,0.03286675345325864,0.03032438590292498,0.027982859492654028,0.025825700257560442,0.023837872713089334,0.022005642530505857,0.02031645318239149,0.018758815643009435,0.017322210444863057,0.015996998731251162,0.01477434331362509,0.013646136862429659,0.012604937675746688,0.01164391148116788,0.010756778760816477,0.009937767286316082,0.009181568755780472,0.008483299803057662,0.007838466240408464
1.483753679181299,1.3174752040609097,1.1709134070247484,1.0421792528896816,0.9292612742281905,0.8302121246669841,0.7432406045694994,0.6667479901446717,0.599333330425961,0.5397827236950684,0.4870513513394334,0.44024319422929514,0.39859104910671633,0.361438087948553,0.3282214805636844,0.29845817513691036,0.2717327241571111,0.24768695586754746,0.22601128653593403,0.20643736174226274,0.18873190168687096,0.17269154497204436,0.15813850206716606,0.14491689576970587,0.1328896785287782,0.12193603629942144,0.11194918567208895,0.10283450413556648,0.09450793749831365,0.0868946396291378,0.07992782460680539,0.07354776869847153,0.06770094911016894,0.0623393100674471,0.05741962379851522,0.05290293729403419,0.04875409092329427,0.044941300270344535,0.041435789266000715,0.03821146821942066,0.03524465333307674,0.032513817510949714,0.029999372080427376,0.027683471532347625,0.0255498433002412,0.023583633872927865,0.021771273569233994,0.020100355043558043,0.018559524620951888,0.01713838577648793,0.015827411465939432,0.01461786629407956,0.013501735704958317,0.012471662628390522,0.01152089006718259,0.010643209123221356,0.009832912154847618,0.009084749976689264,0.00839389336690373,0.007755897762906964
1.459893679554621,1.2963988224581389,1.1523809724007534,1.0259186504077706,0.9150007568783262,0.8176973638172358,0.7322422398251235,0.6570637576863612,0.5907872968547665,0.5322231241767618,0.48034788772281756,0.43428425790254627,0.3932811015664848,0.35669530440946634,0.32397568787415454,0.2946490779276014,0.26830839540421936,0.24460256101396644,0.22322800882204497,0.20392149953027805,0.18645411059374997,0.17062620096956135,0.15626316594081732,0.14321186219818638,0.13133759567568684,0.12052158399177033,0.11065880261161411,0.10165615610282543,0.09343091991778076,0.0859094090053814,0.07902585383460292,0.07272142283344493,0.06694337849243993,0.06164435791808188,0.05678174620963465,0.05231713374662125,0.048215843798814946,0.04444652201753352,0.04098077616963015,0.037792859857410856,0.034859396883188426,0.03215913629996885,0.029672737771993904,0.027382579523802207,0.0252725908487589,0.02332810066263,0.021535704373784815,0.019883144245935014,0.018359202365911514,0.016953605544609777,0.015656938924920982,0.01446056926065683,0.01335657510616143,0.012337684340864075,0.011397217542231136,0.010529036713441742,0.009727499063788985,0.008987414772039685,0.008304008992420805,0.007672887004157941
1.4360408481682132,1.2753458024067434,1.1338768307969982,1.0096853075416174,0.9007636651900058,0.8052011928484942,0.7212575903841763,0.6473887977813741,0.5822467161237433,0.5246658207090484,0.4736441897205002,0.4283231125675513,0.38796744508329234,0.35194770703053874,0.31972429901157823,0.290833861648185,0.2648776306332771,0.24151157466851758,0.22043810911438688,0.20139908015903066,0.18416989863576147,0.1685546247518075,0.15438182341614629,0.14150107321450298,0.12978002414861775,0.11910191816590607,0.10936348394512686,0.10047314881120796,0.09234951460761406,0.08492005495995894,0.07812001500050804,0.0718914541247825,0.06618241933275888,0.060946240164553404,0.056140914397318484,0.051728575801629484,0.04767503069813986,0.043949355066901105,0.04052354085335177,0.037372185352687735,0.034472220405611945,0.03180267167659238,0.02934444764170561,0.027080150737494157,0.024993912592234362,0.023071245015065488,0.021298908957956976,0.019664796732760306,0.01815782660968937,0.016767849138648615,0.015485562033579208,0.014302434561718487,0.013210638732486936,0.012202987700354053,0.011272879923925793,0.010414248595744404,0.00962151604638567,0.008889552072044775,0.008213636440048905,0.007589424492978448
1.4121988663550213,1.2543183048946516,1.1154021725776364,0.99347980934224,0.8865502134538112,0.7927236027981115,0.7102865156746582,0.6377228948046164,0.5737113323403117,0.5171105384888847,0.4669399767055944,0.4223594797596431,0.3826498081795829,0.3471950341748649,0.31546706379422546,0.2870122884009889,0.26144020455696637,0.23841378415649456,0.21764138714431627,0.19886991542405613,0.18187908924438612,0.16647665090481115,0.1524943197217827,0.1397843841630701,0.12821682887722524,0.11767691281039791,0.10806311220369304,0.09928537283181822,0.09126361969332487,0.08392648270591997,0.07721021995829389,0.07105778064097919,0.06541799550948929,0.06024488611140521,0.05549706272955485,0.051137202548287825,0.04713159510952182,0.04344974700283736,0.04006403471340682,0.03694939964687194,0.034083082137880326,0.031444384940973936,0.029014465834384124,0.026776151959474914,0.024713777768211733,0.022813038442443163,0.021060860943937967,0.019445288082913816,0.01795537474526451,0.016581095633101763,0.015313261424714673,0.01414344427390758,0.013063909998133704,0.01206755735995473,0.011147863012697976,0.010298831632965803,0.00951495094910858,0.008791150633773703,0.008122765309752075,0.0075055006094810976
1.3883713987937656,1.2333184833537154,1.0969581881345378,0.9773027455777034,0.8723606229059679,0.7802645922167551,0.6993288822339382,0.6280658393469837,0.5651808947470752,0.5095570067539361,0.46023497107485467,0.4163930831391352,0.37732792073489313,0.34243702492244465,0.31120373223415354,0.2831841200623745,0.25799589133132395,0.235308975991329,0.2148376416392182,0.19633381597705768,0.179581504610291,0.16439211271169457,0.15060049874950762,0.13806164904000842,0.12664787344921546,0.11624644059209789,0.10675756862754879,0.09809271748382575,0.09017313209322146,0.08292859629791374,0.0762963794547743,0.07022031939650057,0.0646500299004593,0.059540224115984,0.05485012467973665,0.050542952232666145,0.0465854797279939,0.04294764466471146,0.039602208447301515,0.03652445702711309,0.03369193970522994,0.031084236821025995,0.02868275596055142,0.026470549477345662,0.024432155149588967,0.02255345202414143,0.02082153355097781,0.019224593500384565,0.017751823817000974,0.016393323778442406,0.015140017430092063,0.013983580194301914,0.012916372057768823,0.011931377731903727,0.011022152385526798,0.010182772480691564,0.00940779142625339,0.008692199036142711,0.00803138503637644,0.007421105580773789
1.3645620930133997,1.2123484837876843,1.0785460681737338,0.9611547110102163,0.8581951219498629,0.7678241673316399,0.6883845638232242,0.6184174282918967,0.556655157769409,0.502004958808029,0.4535288982570226,0.4104236484863125,0.3720015139703535,0.3376734190464565,0.30693405450707545,0.2793491182476965,0.25454446451703827,0.23219693583326845,0.2120266702794431,0.19379059128183568,0.17727696563886292,0.16230084210831444,0.14870020301040962,0.13633272045014586,0.12507302006844942,0.11481037281554567,0.10544673312696111,0.09689507079689053,0.0890779474824717,0.08192629859792891,0.07537840309723776,0.0693789863209053,0.06387844435375342,0.05883218156085858,0.05420003280067589,0.04994576223323179,0.0460366264324076,0.04244299412533168,0.03913801203362713,0.03609731110720212,0.03329875010294104,0.030722187455926007,0.02834928108103456,0.026163309065904496,0.02414901303124371,0.022292456394252928,0.02058089958379577,0.019002687803484825,0.017547150510621893,0.016204511991800088,0.014965810071783242,0.013822823832371805,0.012768007799060916,0.011794432980655752,0.010895733389510394,0.010066057581296061,0.009300024934418494,0.008592685674797606,0.007939484884909743,0.007336229476566335
1.3407745789008727,1.1914104448952907,1.0601670039967221,0.9450363056706764,0.8440539463777686,0.7554023422119217,0.6774534415453498,0.6087774648956156,0.5481338810668333,0.49445413205011035,0.44682148672425764,0.4044509036990371,0.36667032043533243,0.33290395699122066,0.3026577809234931,0.2755070442771629,0.2510856970413264,0.22907744844836717,0.2092082696553296,0.19124004957011798,0.17496529190548554,0.1602026696385224,0.14679327359056227,0.13459744956346675,0.12349212951244763,0.11336857938174293,0.10413048424243371,0.09569231947291672,0.08797796025648474,0.08091949124035429,0.07445619932020828,0.0685336962273046,0.0631031596578601,0.05812068482562889,0.053546718698027775,0.049345569035835396,0.04548497626192953,0.041935740668888374,0.03867139471138794,0.035667914808222075,0.03290346967824475,0.03035819637921245,0.02801400369119135,0.02585439597242995,0.023864319216318413,0.022030021728808337,0.02033893142069013,0.018779545413787267,0.017341331142919556,0.016014638347400478,0.014790619053282534,0.01366115640173156,0.012618799835022095,0.011656707015776997,0.010768591135275027,0.009948673157830707,0.009191638726833987,0.00849259875685571,0.007847053945605678,0.007250862204652941
1.3170124682122435,1.1705064981884257,1.0418221877766614,0.928948135130732,0.8299373395928313,0.7429991389363785,0.6665354039659702,0.5991457588714292,0.539616829588264,0.4869042680068073,0.44011246800675224,0.39847457879304793,0.3613340739962797,0.32812837985189003,0.2983746619011493,0.27165765914262563,0.24761936116041816,0.2259502976678007,0.20638223522431492,0.18868199779727887,0.17264630161055153,0.15809742440903338,0.144879550106216,0.13285568607100326,0.1219050610892741,0.11192092874626886,0.10280869910423178,0.09448434884711794,0.08687306349360613,0.07990807459635658,0.07352967535153875,0.06768436278018,0.06232409551119226,0.05740565925812143,0.05289011300311976,0.048742308208133356,0.044930469391996325,0.041425828768388115,0.03820230495884824,0.03523622033873941,0.03250605411179307,0.029992222501471624,0.02767688570474118,0.025543774901600057,0.023578041002156304,0.021766117732679096,0.020095601001340474,0.018555140344777565,0.017134341651204386,0.01582368056675375,0.014614423750393823,0.013498558811673465,0.012468730496149811,0.011518183484649282,0.010640710490204361,0.009830605207740173,0.009082619847536997,0.008391926295506034,0.0077540811289784324,0.0071649935062724004
1.2932793540872287,1.1496387681052975,1.0235128128294364,0.9128908107723845,0.8158455528314134,0.7306145877634512,0.6556303472382711,0.5895221264777912,0.5311037736311893,0.4793551123686349,0.43340157671056057,0.3924944059049844,0.35599250982779634,0.32334642935589764,0.2940844479387895,0.2678007234753093,0.24414522842263944,0.22281526634749463,0.20354836126812323,0.18611624159793794,0.17031981153419312,0.1559849340438848,0.1429588706584766,0.13110727814012818,0.1203116725937719,0.11046728787670462,0.10148125339119006,0.09327104284835061,0.08576314891707683,0.07889194773753314,0.07259873717778409,0.06683089846248755,0.061541170490919846,0.056687029144924996,0.05223014534515859,0.04813591437340899,0.044373045109702,0.04091320206254183,0.03773069047185887,0.034802179174507834,0.03210645839867371,0.029624224092591155,0.027337888437197984,0.025231410000033337,0.023290145165897426,0.02150071362615219,0.019850879814313094,0.018329446190224793,0.016926157582488673,0.015631616008602144,0.01443720320188681,0.013335011658491169,0.01231778182236835,0.011378845764991015,0.010512076071501855,0.00971183949642894,0.0089729551254031,0.008290656104475597,0.007660555160675678,0.0070786129513577345
1.2695788105672197,1.1288093721185093,1.0052400738796035,0.896864950055251,0.8017788453859069,0.7182487273037478,0.6447381752312562,0.5799063906105034,0.5225944889048956,0.471806415029944,0.4266885505387242,0.38651011929821116,0.3506453644059989,0.318557847846214,0.28978688959129595,0.2639359975145092,0.24066306963212653,0.2196721363280944,0.2007064408500438,0.18354258524145206,0.16798563699073482,0.1538650246384842,0.14103107178746785,0.1293520723692647,0.11871182026315345,0.10900752220937636,0.10014802128881205,0.09205228395872388,0.08464810685626424,0.0778710083988329,0.07166328950886197,0.0659732145420716,0.0607543020211297,0.05596471768127479,0.051566744322796926,0.047526321183786524,0.04381264178860064,0.04039780333209907,0.03725649814166282,0.03436574203767428,0.03170463682894918,0.029254158763568627,0.026996972588877885,0.024917264840432246,0.023000597949684863,0.021233778131150283,0.019604738884221776,0.0181024361122352,0.016716754082370867,0.015438421658584747,0.014258936099893458,0.013170495216556664,0.0121659355547447,0.011238676957167886,0.010382672239053203,0.009592361550639398,0.008862631168006252,0.008188775792334041,0.007566464576197226,0.006991709933641069
1.245914392116851,1.1080204208379234,0.9870051673211517,0.8808711767814247,0.7877374848279826,0.7059016046950395,0.6338587996616878,0.5702983808989903,0.5140887565977615,0.4642579301326626,0.41997313031574657,0.3805214553714762,0.3452923755041982,0.3137623782664234,0.28548173744619143,0.2600632410772584,0.2371726548131567,0.21652068839524638,0.19785626577227222,0.1809608315872477,0.16564359178282334,0.1517375207131953,0.1390959884259289,0.12758991374193773,0.11710535873187418,0.10754149560533727,0.09880887544658563,0.09082795317241721,0.08352782620710014,0.07684515294069855,0.07072323574194266,0.06511122103732427,0.05996340634025337,0.055238646940228946,0.05089983747503307,0.046913461292801176,0.04324919686289632,0.03987957447560232,0.03677967403214526,0.03392685887546403,0.031300542967709045,0.02888198344786127,0.02665409822747873,0.02460130240532412,0.022709365045505067,0.02096527945710003,0.019357148758573497,0.01787408282900562,0.01650610588364753,0.015244074118647713,0.014079600780066058,0.013004989429177171,0.012013173126996863,0.011097659876309571,0.010252483088112397,0.009472156651666138,0.008751634355326542,0.008086272756664445,0.0074717977154900314,0.006904273665643345
1.222289633149164,1.0872740181083236,0.9688092914731486,0.8649101213580704,0.7737217472324729,0.693573275779898,0.6229921402297998,0.560697933806802,0.5055863634487588,0.45670941611392396,0.41325506001551043,0.3745281526704955,0.339933282190976,0.30895976414769794,0.2811687421015715,0.25618221352901943,0.23367375317514133,0.21336070224023976,0.1949976265333492,0.17837078204005136,0.16329348815527184,0.14960224516650344,0.1371534538522728,0.1258206455802093,0.1154921409858268,0.10606907030562666,0.09746368693454636,0.0895979299537233,0.08240219439173593,0.07581427631042428,0.06977847792456499,0.0642448266820899,0.05916839846776217,0.054508737841141165,0.050229351251423145,0.046297266327314346,0.042682646801011706,0.03935845648454341,0.03630016335652133,0.03348547883833003,0.030894129634611717,0.028507654382252123,0.026309224770201412,0.0242834850703721,0.02241641157962321,0.020695185286425503,0.01910807949425108,0.01764435860224078,0.016294187294603957,0.015048549596156311,0.013899175211457383,0.012838473899195115,0.0118594756567652,0.010955777044205724,0.010121492441779041,0.009351209828377494,0.008639950833274701,0.007983134178052168,0.007376542717379062,0.006816293173513988
1.1987080475544423,1.0665722611017205,0.9506536468301734,0.8489824210577467,0.7597319174018557,0.6812638052860079,0.6121381247588452,0.5511048927363994,0.4970871018232248,0.44916063575766574,0.4065340867926822,0.3685299519024982,0.33456782483068914,0.3041497495976848,0.27684765414549006,0.25229267375539227,0.23016613307827472,0.21019195642098037,0.19213031228566774,0.17577223650495163,0.16093513674855864,0.14745901922768148,0.13520329964304145,0.12404410949741798,0.11387201831577565,0.10459010688572844,0.096112325199008,0.0883620921942533,0.08127109731736458,0.07477827200268888,0.06882891671694435,0.06337393888977491,0.05836919217009103,0.05377491011738312,0.049555210981579195,0.0456776668587438,0.042112927078496405,0.038834389417899885,0.035817910453432036,0.03304155025754205,0.03048534888290224,0.028131127087224896,0.025962310965412856,0.023963774587254676,0.02212170209660715,0.020423462759657014,0.018857500643643974,0.017413235224243432,0.01608097218700288,0.014851823892725418,0.013717636986136697,0.01267092787933675,0.011704823936645896,0.010813010680982466,0.009989683843273305,0.00922950585004786,0.008527566507044228,0.007879347013925278,0.007280687513852114,0.006727757291732597
1.1751731282327613,1.0459172404042165,0.9325394363075297,0.8330887202764353,0.745768289091403,0.6689732670092027,0.6012966893385315,0.5415191081382924,0.4885907697929594,0.44161135625024894,0.3998099610176929,0.3625265959538165,0.3291957450864717,0.2993320792913648,0.2725182241368204,0.24839438013488324,0.22664956199985944,0.20701422832332494,0.1892541107930633,0.1731649933423256,0.15856834655200377,0.14530766240898904,0.1332453556247644,0.12226014535023741,0.11224484027004394,0.10310446420922713,0.09475465801746828,0.08712031616929236,0.08013441933417935,0.07373703201923079,0.06787445135343377,0.062498463716637274,0.05756569992576332,0.05303708228329746,0.04887734084392474,0.04505459237358316,0.04153997215026352,0.03830731237602576,0.03533285876242994,0.03259502062220108,0.030074151977881946,0.027752356346820124,0.0256133148738187,0.023642132066084152,0.021825200542926228,0.020150078460136927,0.018605381240396703,0.017180684004640946,0.01586643398373051,0.014653872392727045,0.013534963308507092,0.01250233026228859,0.01154919842497619,0.010669342696544645,0.009857040547992713,0.00910702921898495,0.008414467034274186,0.007774897992210675,0.00718421982418126,0.006638654657659558
1.1516883466303154,1.0253110400974454,0.9144678654812717,0.8172296707894205,0.7318311652351406,0.6567017439994108,0.5904677784725354,0.5319404376247103,0.48009717122083756,0.4340613492402628,0.3930824363154146,0.3565178299106175,0.32381678592581503,0.2945064984639569,0.26818020258767694,0.24448709051278003,0.22312380650134978,0.20382729412279263,0.18636880838850103,0.17054884932262274,0.15619292485660688,0.14314799245737472,0.131279449825208,0.12046859119002416,0.11061045460642017,0.10161199938064469,0.09339055145265811,0.08587247649328553,0.0789920431924641,0.07269044682765875,0.06691497960313263,0.06161830582423588,0.05675783288970353,0.0522951716003698,0.04819566383369639,0.044427971243198125,0.040963715422130925,0.03777716347388646,0.03484495079883965,0.032145836555661465,0.029660489374821405,0.027371296187968398,0.02526219384914226,0.02331851795736258,0.021526870250112327,0.019874998398320753,0.01835168978478243,0.016946675756767338,0.015650545646126106,0.014454670051506118,0.013351130984349235,0.012332659570513538,0.011392579236372621,0.010524754681790375,0.009723545515359306,0.008983764162966446,0.008300637818030721,0.007669773604825818,0.007087127148887456,0.006548973705940977
1.128257152279592,1.0047557378343703,0.8964401428228883,0.8014059320048947,0.717920858172531,0.6444493287494285,0.5796513452300359,0.5223687460877722,0.4716061158499073,0.42651039090251436,0.3863512696075449,0.3505034010828,0.31843069162875226,0.2896727529058783,0.2638333399473875,0.24057056217613126,0.21958863219610514,0.2006309287466469,0.1834741899318404,0.16792359958098504,0.15380867720752556,0.14097982530566325,0.1293054084239764,0.11866928321342442,0.10896870724325085,0.10011256769740395,0.09201986980568738,0.08461844607440648,0.0778438499987601,0.07163840531934504,0.065950397729593,0.06073336844100142,0.055945500856690346,0.05154909404256223,0.04751010173014635,0.04379773069285789,0.0403840892216349,0.03724387981359264,0.03435412812795809,0.031693943791323405,0.02924431069627974,0.02698789985926174,0.02490890451827757,0.022992892033443655,0.021226673917458232,0.019598187995640733,0.018096394228663833,0.016711180783656705,0.015433279660942401,0.01425419138325037,0.013166116409543346,0.012161893945768358,0.01123494613199404,0.010379227899570213,0.009589181400423117,0.00885969462744802,0.008186063999577421,0.007563960100974754,0.00698939676352504,0.006458702662748199
1.1048829723434324,0.9842534049094818,0.878457479928752,0.7856181712154119,0.7040376898760451,0.632216123386724,0.5688473514014822,0.5128039058223578,0.4631174193971745,0.41895826200637787,0.3796162211588644,0.34448305903118887,0.3130372077987606,0.2848305889598653,0.25947738658810604,0.23664455182989286,0.216043803717903,0.19742490583638497,0.1805700387677081,0.16528903757172278,0.15141540735620065,0.1388029750232146,0.1273230557024556,0.11686205571222433,0.10731944220970556,0.09860602260091779,0.09064247556828076,0.08335809606819239,0.0766897191710913,0.07058079476638149,0.06498060044959918,0.05984355332290072,0.05512861222393456,0.050798764260805304,0.04682057506292657,0.04316379676998223,0.0398010247680958,0.03670739745623237,0.033860331338582204,0.03123928714779353,0.028825564708824445,0.026602119809160125,0.024553402760909886,0.022665213369490688,0.02092457359424406,0.019319612067927462,0.017839461960039996,0.016474168863649063,0.015214608026947688,0.014052410448524937,0.012979895558474494,0.011990011138331253,0.011076278509531056,0.010232743275389035,0.009453930545232301,0.008734804267553091,0.008070730450947814,0.007457443480256438,0.006891015712288488,0.006367829539849287
1.0815692111630477,0.9638061063232723,0.8605210917441944,0.7698670638471555,0.6901819921796158,0.6200022398682775,0.5580557676586207,0.5032457966537408,0.45463090365212644,0.41140474798855803,0.3728770546274177,0.3384565555980925,0.3076360813764321,0.2799797535202933,0.25511209279209485,0.23270881557428072,0.21248908469022887,0.19420899771063346,0.17765613668347074,0.16264495502263418,0.1490129172121136,0.13661725376605155,0.1253322139930908,0.11504674102242478,0.10566250159517951,0.09709221562676094,0.0892582293740638,0.08209129583020858,0.07552952839321876,0.0695175007775679,0.06400548089099735,0.058948760713166404,0.05430707395274409,0.05004409554660916,0.04612700307763054,0.04252609431158214,0.039214452141908634,0.03616765139295874,0.033363500015833394,0.03078181050337923,0.028404199299121347,0.02621390766360837,0.024195643688579207,0.022335440323914706,0.020620530661472347,0.019039234808374456,0.017580859787170073,0.01623560923560228,0.014994502241157965,0.013849300841462407,0.012792443972125244,0.0118169884959291,0.010916555392921863,0.010085281387854335,0.009317774969965794,0.008609076439844236,0.007954621767305317,0.007350209485580048,0.006791970801446562,0.006276342128523193
1.0583192498100387,0.9434159008408581,0.8426321967821603,0.7541532937069707,0.6763541070079686,0.6078078001784989,0.5472765737188421,0.49369430607003967,0.44614639658009075,0.40384963903038096,0.36613353711871616,0.3324236449413016,0.3022270606559916,0.2751199940347589,0.2507372087407309,0.2287631088833431,0.20892423769636542,0.1909829753284829,0.1747322638673221,0.15999114188917166,0.1466010067941725,0.13442247172643323,0.12333270362796715,0.11322316947251106,0.1039977254978218,0.0955709963539004,0.0878669899488658,0.08081791286771657,0.07436315356788227,0.06844840725339624,0.06302493054952978,0.058048889301058504,0.05348079152925024,0.04928499979475907,0.04542930370045211,0.041884546910851465,0.03862430025302854,0.035624575515310924,0.032863572713256226,0.030321456769890773,0.0279801614493742,0.025823214203029233,0.023835581623159786,0.02200353051826422,0.020314505813091837,0.018757019770015707,0.017320553922236432,0.01599547058367047,0.014772933284665812,0.013644835676575895,0.012603736745807259,0.011642802952335536,0.010755755421753601,0.009936822458833924,0.009180696363792826,0.008482494193838164,0.007837722259073372,0.007242243595863736,0.006692248592567676,0.006184227993277977
1.0351364456424879,0.9230848410447864,0.8247920173364818,0.7384775532272713,0.6625543866069721,0.5956329365303795,0.5365097585140258,0.48414932935967847,0.43766373243058915,0.3962927301397423,0.3593854392441052,0.32638408357165033,0.2968098953047577,0.2702510585080126,0.24635248450530806,0.22480718658483811,0.20534902425033455,0.1877466082532738,0.17179819886649886,0.1573273863084561,0.14417947418171378,0.1322184370818598,0.12132434288667247,0.11139116933089424,0.10232495197214064,0.09404221235295875,0.0864686140600176,0.07953781279030646,0.07319046876900767,0.0673733963399997,0.06203883924465242,0.057143836179626616,0.05264966892415708,0.04852138746507903,0.044727393501946024,0.0412390768828995,0.03803049680863344,0.03507810258475494,0.03236048692417019,0.02985816786574296,0.02755339721209567,0.02542998933869828,0.023473170074752848,0.021669440816557382,0.020006459036697788,0.018472929847724084,0.01705850996455868,0.015753721021665355,0.014549871608077653,0.013438987575206885,0.012413748516557499,0.011467431015652308,0.010593856840375665,0.009787346343340466,0.00904267607548229,0.008355040263288848,0.007720015943847108,0.007133531018532233,0.006591835395565853,0.006091474465402
1.0120241318651608,0.9028149733818596,0.8070017796896306,0.7228405437087171,0.6487831937749422,0.5834777915698517,0.5257553203638852,0.474610769753891,0.42918275185075133,0.38873382123781164,0.3526325351833657,0.320337630394228,0.2913843363856388,0.265372695508315,0.24195767003968738,0.2208408028414364,0.20176320476870804,0.18449966461686423,0.16885371854563475,0.15465347455315287,0.1417481154651293,0.13000495594351397,0.11930694794344908,0.10955056675252024,0.10064401697569232,0.09250570913347936,0.0850629564646115,0.07825085925947231,0.07201134619284265,0.06629234838203524,0.06104709507429518,0.05623349680243882,0.051813608551490996,0.047753167543208866,0.044021187659841976,0.04058960522957307,0.0374329682799126,0.034528164201390335,0.03185417905223363,0.02939188468830419,0.027123851684175106,0.025034182088445246,0.02310836171895124,0.02133312730403181,0.019696349593682324,0.018186927259681733,0.016794692883316944,0.015510328076955834,0.0143252871165197,0.013231728651570936,0.012222453450155973,0.011290848756239626,0.010430837486682066,0.00963683251911405,0.008903695103728081,0.008226697057210193,0.007601486538060914,0.007024056681786647,0.006490717261527239,0.005998068636315455
0.9889856170938829,0.8826083382038966,0.7892627143149012,0.7072429755606486,0.6350409020949372,0.5713425185834328,0.5150132671539155,0.46507853857437675,0.4207033020039005,0.381172717250579,0.34587460275166276,0.3142840467533222,0.28595013638271866,0.2604846541762644,0.23755251517484308,0.21686371113329375,0.19816653854332383,0.1812419110843906,0.16589859804525667,0.1519691909851856,0.13930672469609534,0.1277818323040975,0.11728033281358051,0.10770118572459056,0.0989547543147875,0.09096133009015786,0.083649869856679,0.0769569139370803,0.07082565610797718,0.06520514187445614,0.06004958436852594,0.05531776493923048,0.05097251122629532,0.046980247500380316,0.043310599920886705,0.039936051603351855,0.036831639867977155,0.03397469077181702,0.031344584381209156,0.028922547085489324,0.026691468980223756,0.024635740551680642,0.02274110837346218,0.020994545265282945,0.019384135998814517,0.017898973528323356,0.016529066999777867,0.015265258673904667,0.0140991491542131,0.013023030498399302,0.01202982522777248,0.011113031794298126,0.010266674780568568,0.009485260075895263,0.008763734087188528,0.008097446650623247,0.007482117448402515,0.006913805226638377,0.006388879975324851,0.005903997350719297
0.9660241849241492,0.8624669698024565,0.7715760560730416,0.6916855685393457,0.6213278961681415,0.5592272817092762,0.504283616518091,0.4555525553862742,0.4122252366934865,0.3736092282054367,0.3391114234709959,0.3082230964812539,0.2805070492300884,0.25558668423623204,0.23313676961541785,0.21287566424208515,0.19455878371497218,0.17797311281957398,0.16293261074046694,0.1492743180093346,0.13685509383741967,0.1255488679850899,0.1152443092990301,0.10584284801140949,0.09725699558922896,0.08940891644802917,0.08222920481328212,0.07565583643271867,0.06963326680423482,0.0641116534131549,0.05904619164210291,0.054396532630472595,0.05012627612127192,0.046202533252157486,0.04259554256169753,0.039278334270287714,0.03622643546884771,0.03341761147612962,0.03083163704389941,0.028450093826573437,0.026256192205186966,0.024234611883725343,0.022371360974077374,0.02065364916179631,0.019069775999247227,0.01760902946074135,0.016261595969018376,0.015018479116832748,0.013871426488605986,0.012812864172167569,0.011835837032220185,0.010933955287089719,0.010101345712057674,0.009332607704396966,0.00862277329424261,0.007967270775053777,0.00736189176299369,0.0068027609987278866,0.006286309048029952,0.005809247199561156
0.9431430935040062,0.8423928964373155,0.7539430444031477,0.6761690519839537,0.6076445718482256,0.5471322561515763,0.49356639602630253,0.4460327481564745,0.4037484164924071,0.3660431693328425,0.3323427826462235,0.3021545459511541,0.27505483034396294,0.25067853601043594,0.22871018293829956,0.20887641423650702,0.19093969724805304,0.1746930334505651,0.15995552819978626,0.14656863602667955,0.13439301271247883,0.12330586258337381,0.11319868693328332,0.103975373098297,0.09555057013601209,0.08784830720654128,0.08080080973944102,0.07434748424986173,0.06843404454036679,0.06301175764441123,0.058036799545837105,0.05346969014076259,0.04927480072227729,0.0454199291160748,0.041875926348546096,0.03861637007192057,0.03561727763747219,0.03285685423397948,0.030315269990193707,0.02797446257215205,0.02581796342614875,0.02383074226938032,0.021999069549925886,0.020310392608797613,0.018753226552888566,0.017317055128491642,0.015992242761087773,0.014769955072460548,0.013642087294016371,0.01260120017786931,0.011640461533788322,0.010753593915758879,0.00993482682904659,0.00917885368491637,0.008480792612415501,0.007836150808706996,0.007240792242272408,0.006690908039862777,0.006182989709060772,0.005713804512751568
0.9203455751112712,0.8223881403587344,0.7363649235078668,0.6606941650501713,0.5939913364768312,0.5350576283984942,0.48286164337672416,0.43651905341748315,0.3952727088779231,0.3584743611732662,0.32556846944584084,0.296078164133869,0.26959323665825075,0.24575996043579829,0.22427250459336162,0.20486571245936114,0.18730903490630657,0.17140143503640884,0.15696712014423125,0.14385192338794578,0.13192026895428263,0.12105261341726656,0.1111432729254107,0.10209857813458312,0.09383530497200117,0.08627933908253396,0.07936453081191165,0.07303171273084721,0.0672278534905469,0.06190532721314411,0.05702128881678215,0.052537125911071375,0.048417980782701125,0.04463233776819286,0.04115166049609919,0.03795007438619437,0.03500408755077761,0.0322923456697198,0.029795414954251184,0.027495589843290032,0.025376723643368473,0.02342407689577251,0.021624183198045925,0.019964728351465472,0.01843444380616895,0.01702300984683394,0.015720969641641328,0.014519651551851614,0.013411099134808797,0.012388008453351002,0.011443670875668322,0.010571921871781138,0.009767094224710407,0.009023975875632174,0.00833777153750672,0.007704067766379718,0.00711880130962816,0.006578230079331354,0.00607890689812645,0.005617655351696719
0.8976348357351324,0.8024547178233659,0.7188429425327489,0.6452616569415601,0.5803686091200742,0.5230035964435606,0.4721694065931068,0.42701141643685014,0.386797988372232,0.35090262968948926,0.3187882769875931,0.28999372265905793,0.26412202666363466,0.24083070908364332,0.2198234839063938,0.20084330951624324,0.18366655122961145,0.16809807803411156,0.15396715440659095,0.1411239563467138,0.12943664795411977,0.1187889154719044,0.10907787210329899,0.10021227787562807,0.09211102473552181,0.08470184645205042,0.07792021192174498,0.07170837500060774,0.06601455568960014,0.06079223270989499,0.05599953822715549,0.051598726509741476,0.04755571027663254,0.04383966019847259,0.04042265262502371,0.0372793610872791,0.034386784969683434,0.03172401107656413,0.029272002420735427,0.02701341098976793,0.024932412760463363,0.023014559924392382,0.021246650057191865,0.019616608240429247,0.018113383071140476,0.01672685215334876,0.015447738151984327,0.01426753289180799,0.013178428948064107,0.012173258353175502,0.011245436658934425,0.01038891284299097,0.009598123524512508,0.008867951700533434,0.008193689162378769,0.007571002289045917,0.006995901041736562,0.006464710524931436,0.0059740452569066035,0.005520785501578292
0.8750140546621934,0.7825946391037852,0.7013783557397251,0.6298722871385009,0.5667768208061368,0.5109703700106651,0.4614897442271555,0.41750979139236444,0.37832413668887843,0.3433278063844573,0.3120020024291056,0.2839009958806558,0.2586409604503212,0.23589053418236153,0.21536287008434152,0.19680895526593112,0.18001199951194244,0.16478272126639265,0.15095539689097792,0.13838450901254673,0.12694193280982208,0.11651456134399692,0.10700228685605741,0.0983162846238609,0.09037755162685235,0.08311566129096057,0.07646769461560066,0.07037732190911468,0.06479401097693523,0.05967234261651508,0.05497142453198612,0.05065437658223372,0.04668788135079679,0.043041795664964626,0.03968880871844401,0.036604142504291566,0.0337652882000584,0.031151774379725293,0.02874496159008825,0.026527860157418013,0.024484969553729478,0.022602134462315734,0.020866417280878208,0.019265983206538967,0.017789998801889254,0.016428539785905097,0.015172509088517165,0.01401356273570297,0.012944043025713163,0.011956918631985041,0.011045729927059468,0.01020453999917896,0.009427889872814113,0.008710758136975031,0.008048524165396795,0.007436934633123347,0.006872073158594507,0.0063503324537250464,0.005868389120470439,0.0054231804633982535
0.8524863840669961,0.7628099084915235,0.6839724226745937,0.6145268256246935,0.5532164147639056,0.4989581707826401,0.4508227255660267,0.4080141415530668,0.36985104288511195,0.3357497284247822,0.30520944706364883,0.27779976094681796,0.253149799754563,0.2309391886431436,0.21089041222294078,0.19276239881253973,0.17634513178052996,0.16145512189013636,0.1479316115326439,0.13563335330402224,0.12443590427363671,0.1142293411859442,0.10491631707558649,0.09641040816882117,0.08863470534760116,0.08152061311438485,0.07500681803579441,0.06903840197252245,0.06356607693915291,0.058545523250528475,0.05393682241544703,0.04970395879958384,0.04581438427523845,0.04223864164677667,0.03895003307722064,0.03592432937888418,0.03313951405258797,0.030575558098529722,0.02821422034282203,0.02603887025452937,0.024034331640582784,0.02218674253260072,0.020483431009637672,0.01891280323490436,0.017464244570267535,0.016128029659992014,0.014895242481573862,0.013757704013744433,0.012707906996149133,0.0117389574273752,0.010844521149977013,0.010018775977267223,0.009256367919089232,0.008552371702869441,0.007902254798528819,0.007301844659424342,0.006747299013263401,0.006235078602518406,0.005761922508448412,0.005324825445788257
0.8300549486070861,0.7431025242935728,0.6666264083284612,0.5992260531111937,0.5396878466626787,0.4869672326335047,0.44016843084506063,0.3985244394662461,0.36137860352033857,0.3281682387700741,0.2984104164211962,0.27168979787449116,0.24764830800908555,0.22597642608889082,0.20640585931682917,0.18870338849951915,0.17266569877628155,0.15811503536559773,0.14489556025811037,0.13287025890169124,0.12191834069969687,0.11193304264928516,0.10281976009726233,0.09449445572615163,0.08688230303890082,0.079916528914841,0.07353741885900884,0.06769146131293685,0.06233060885126389,0.0574116387080988,0.05289560443579624,0.048747353805486414,0.044935107392665465,0.041430093795741016,0.03820622827397625,0.03523983082162571,0.0325093778014937,0.02999528330742474,0.027679705202763857,0.0255463729172547,0.023580435447053003,0.021768325043785303,0.02009763634243949,0.01855701733813825,0.017136073040866798,0.015825277845339273,0.014615897573601244,0.013499918922626171,0.012469985805257966,0.01151934224222813,0.01064178020763366,0.00983159286600454,0.009083531803694467,0.00839276844345353,0.007754858875052887,0.007165711821737421,0.006621559581270603,0.006118931358026719,0.005654629115906078,0.00522570535654757
0.8077228450226598,0.7234744788222619,0.6493415832930133,0.5839707612578713,0.5261915848528917,0.47499780186439344,0.42952695146582853,0.389040667150513,0.3529067228208176,0.3205831863082414,0.2916047203749249,0.2655708896287568,0.2421362503975541,0.22100200088642444,0.20190896027225097,0.1846316719055743,0.16897344993553398,0.1547622154264052,0.1418470029456328,0.1300949932009909,0.11938901799112589,0.10962545082751197,0.10071241063976848,0.09256823187555993,0.08512015921844454,0.07830323309912471,0.07205933123366645,0.06633634359679616,0.061087459616491625,0.056270550805579606,0.05184764096892157,0.04778444016200777,0.04404993706644598,0.040616045886778335,0.03745729510585571,0.03455055426717082,0.03187479314208596,0.02941086959587615,0.027141341299240253,0.02505029847401834,0.02312321617433295,0.021346821758491695,0.01970897730726009,0.01819857352880563,0.016805435945255572,0.015520239541844493,0.014334432796687677,0.013240168904562314,0.012230243696880102,0.011298039926509578,0.010437476373044327,0.009642962190203662,0.00890935514320992,0.00823192391766932,0.007606313756902229,0.007028515155075168,0.006494835449695249,0.00600187274674635,0.005546492303946482,0.005125804793923941
0.7854931417408567,0.7039277583784527,0.6321192239095471,0.5687617528922653,0.5127281106078712,0.463050137443201,0.4188983902195678,0.37956281629508637,0.3444353128507446,0.31299442599692917,0.28479217325333267,0.2594428222071133,0.2366133939132283,0.21601566818212944,0.1973994639224594,0.18054699584260955,0.1652681333732024,0.15139641405041818,0.13878569738604446,0.12730732126511124,0.1168477095467418,0.10730634819819683,0.09859406074400902,0.09063153849768467,0.08334808571627905,0.07668054742385876,0.07057238671589715,0.06497288997180695,0.059836479704610125,0.055122119019592,0.05079280015041619,0.046815094293850036,0.043158757627196634,0.039796389766886285,0.03670313254596664,0.03385640542815206,0.031235672147096143,0.02882223502710217,0.02659905232815491,0.02455057590886602,0.022662607764326607,0.020922171261087693,0.01931739683076643,0.017837418791034017,0.016472284055423482,0.015212869054757982,0.014050805749390797,0.01297841462567431,0.011988644192656677,0.011075016658497533,0.010231578294816936,0.009452854894477503,0.008733811015313042,0.008069813184101084,0.007456596341598705,0.006890233263537918,0.006367106805904421,0.005883884424497103,0.00543749509000761,0.005025108037614688
0.763368878484726,0.6844643432279746,0.6149606124116607,0.5535998422257269,0.4992979183665722,0.4511245112479937,0.40828286151610577,0.37009088846541355,0.33596429368986824,0.3054018190112477,0.2779725939581214,0.25330538472884023,0.23107950742194752,0.21101718394114824,0.1928771190459256,0.1764491063557754,0.16154949586740486,0.14801738143148885,0.13571139924400802,0.12450700577786307,0.11429418620741423,0.1049755145644729,0.0964644997111366,0.08868417470987532,0.08156589160936634,0.07504829092968499,0.0690764142040738,0.063600939002393,0.05857751708876727,0.05396620042558284,0.049730947816145,0.045839190431132396,0.04226145131791552,0.03897101530271959,0.03594363769344648,0.03315728824775715,0.03059192522174406,0.028229296095594485,0.026052760511912142,0.024047132823725035,0.0221985428641621,0.020494310924367366,0.01892283670707289,0.017473499051252492,0.016136567156403943,0.014903119769096206,0.013764973172848579,0.012714615953698966,0.011745150071251247,0.010850237925421226,0.01002405397912258,0.009261241326463086,0.008556871943176145,0.007906410786469503,0.007305683048773029,0.006750844307793337,0.0062383534259227765,0.005764947665628872,0.005327620137847655,0.004923599039476525
0.7413530658869286,0.6650862075712363,0.5978670370614799,0.5384858550667876,0.48590151597727693,0.43922120831419204,0.39768049161834435,0.3606248953152514,0.3274935936178136,0.2978052328979846,0.2711458060880373,0.2471583695296248,0.22553436172959987,0.2060063049902731,0.1883416743874733,0.17233774872572494,0.1578172828456347,0.14462486595218926,0.13262386201972348,0.12169380699655069,0.11172821620204551,0.10263272699583714,0.09432351403964764,0.08672593680085189,0.07977338315486933,0.07340627987407317,0.06757123987187924,0.062220326603626044,0.05731041718075857,0.052802649634822584,0.04866194744126008,0.04485660055063183,0.041357898237609624,0.038139810326702356,0.03517870572211987,0.0324531048509442,0.029943461057503985,0.02763196768340045,0.025502386558159503,0.023539895399534848,0.021730952789638096,0.020063176875223757,0.018525237565549794,0.01710675914803996,0.015798234018064152,0.014590944123271039,0.013476890926148968,0.012448731935007,0.011499723346920626,0.010623668503493576,0.009814870771103797,0.009068091219519257,0.008378509879372411,0.0077416907386713965,0.00715354980626399,0.006610325992162554,0.006108554662446558,0.005645043351896411,0.005216849747220053,0.004821261413947378
0.7194486851082181,0.6457953195059418,0.580839792279342,0.5234206290316491,0.4725394249422023,0.42734052708556736,0.387091418882387,0.35116485880533416,0.31902314930523745,0.29020454173644017,0.26431163806883023,0.2410015722616175,0.21997772965423845,0.20098278906467396,0.18379287868246058,0.16821266747316885,0.15407123837255765,0.1412186141575567,0.1295228370111219,0.11886748270487583,0.10914956509320563,0.10027775976827866,0.09217088736154033,0.08475661816420246,0.07797036372211637,0.07175432766268337,0.06605668709984241,0.06083088597356481,0.05603502276468392,0.05163131872977736,0.047585660077596126,0.04386719431544193,0.040447976283371274,0.037302660581628434,0.0344082298276851,0.03174375549424228,0.029290186584511362,0.027030163015101687,0.024947849617288725,0.023028788356208044,0.021259767487557545,0.019628703959271344,0.018124538837635804,0.016737142801032567,0.015457232366007715,0.014276293581888842,0.013186513960926861,0.012180720770894583,0.011252325247405352,0.010395272437309757,0.009603995335689085,0.008873373674869612,0.008198696189266112,0.007575626509332485,0.007000172035760815,0.006468655551284615,0.0059776894324557045,0.005524151960957683,0.00510516584320378,0.004718078428148085
0.6976586874607474,0.6265936409828489,0.5638801787667956,0.5084050137517044,0.45921218066299097,0.4154827796690474,0.3765157940033917,0.34171081142875603,0.31055290601202123,0.28259962630610547,0.2574699232895321,0.23483479199910293,0.21440938610301677,0.19594639485862375,0.17923048068415415,0.16407360636587304,0.150311105139545,0.1377983707299506,0.12640807327661924,0.11602778816592943,0.10655799572244481,0.09791038430374958,0.09000640037754391,0.0827760092307436,0.07615663372324638,0.07009224477927933,0.06453257640533154,0.05943244752399244,0.05475117392895785,0.05045205719781985,0.046501944289410985,0.04287083901298287,0.0395315610908405,0.0364594496636968,0.033632101173391986,0.03102913851409743,0.02863200692257357,0.026423793611463665,0.024389067238668537,0.0225137349113767,0.020784915496913834,0.019190825704379015,0.017720678722628277,0.016364592578863815,0.015113508851567996,0.013959118607693513,0.012893796295152408,0.011910539793121403,0.011002916191114681,0.010165013018583555,0.009391393637788587,0.008677057143168783,0.008017401633860433,0.0074081910058625315,0.006845524637984847,0.006325809736348258,0.005845736204430865,0.005402253554509408,0.004992549965186008,0.004614032991660282
0.6759859940362433,0.6074831277545026,0.546989503622835,0.49343987107799503,0.44592033268701636,0.4036482920933842,0.36595378026723435,0.33226279644321194,0.30208281779263124,0.2749903742613431,0.25062050024524907,0.22865783134997697,0.20882910815412004,0.19089688208037206,0.17465422919441664,0.1599203084281684,0.1465366244560101,0.1343638784650589,0.12327931759845075,0.11317447607526503,0.10395326815526858,0.09553036910895173,0.08782983079136965,0.08078389739966743,0.07433199054247086,0.06841983871412406,0.0629987253709287,0.05802483880947065,0.05345870799660971,0.04926471186321973,0.045410656087410135,0.041867399491322406,0.03860852597301006,0.0356100589639293,0.03285020883414525,0.030309150273700507,0.02796882533072243,0.025812769241683173,0.02382595532554415,0.021994656737876574,0.02030632390887814,0.018749474283074514,0.01731359415240279,0.015989049866108183,0.014767009020862146,0.013639368632626376,0.012598690986094594,0.01163814543867039,0.010751455763587093,0.009932852764208158,0.009177030921858958,0.008479109405480516,0.007834596352104074,0.007239356558002234,0.0066895819773962395,0.006181764800884235,0.005712672985156466,0.005279327766033902,0.004878983255497705,0.004509107645984144
0.6544334953390962,0.5884657293168775,0.5301690804532032,0.47852607528246804,0.4326644449544514,0.39183740457165317,0.35540555380805045,0.32282086811020805,0.2936128477088417,0.2673766803132769,0.24376321268664902,0.22247049657321596,0.203236675143871,0.18583401151133372,0.17006387309786364,0.1557525159531334,0.14274753624265596,0.13091487824915363,0.12013631444666024,0.11030729651412242,0.101335139625826,0.09313747971346495,0.08564095324301103,0.07878006696849203,0.07249622846394368,0.06673691389083637,0.06145494857116735,0.056607884454681616,0.05215745945382258,0.04806912681735081,0.04431164886099185,0.0408567380937382,0.03767874185730517,0.03475436760790289,0.03206243973898155,0.029583685108246913,0.027300543155264704,0.0251969978742049,0.023258428088568164,0.021471473919928527,0.01982391832555091,0.01830458047377304,0.016903220755025948,0.015610454829166343,0.01441767728285122,0.013316992027956326,0.012301150102411023,0.011363493223694544,0.010497902693186721,0.009698753393599935,0.008960871690799196,0.008279497553628326,0.007650249842605923,0.007069094900816563,0.006532317866386505,0.00603649648607751,0.005578477306080586,0.00515535378813516,0.004764446447654148,0.004403284553626094
0.6330040509244118,0.5695433888438609,0.5134202294726865,0.46366451325594416,0.41944509604603586,0.38005047176761225,0.3448713038717263,0.3133850919413843,0.2851429680499688,0.25975844641907536,0.23689790977637218,0.2162725977025494,0.19763186875919947,0.18075754506976663,0.16545916139963227,0.1515699705175529,0.13894357902674567,0.12745110903766585,0.11697880594379853,0.10742599690281417,0.0987033644813107,0.09073147860721009,0.08343953924105312,0.07676429906177537,0.07064913859819805,0.06504327159166591,0.05990105749757242,0.0551814060800054,0.05084725987666361,0.0468651433470727,0.04320477330866761,0.03983871459147202,0.03674207722088853,0.03389225239375872,0.031268678611870604,0.028852635268580937,0.026627059776272125,0.024576385626042523,0.02268639799790767,0.020944104907965812,0.01933762281743075,0.017856073620797323,0.0164894928172249,0.0152287463810856,0.014065456876400479,0.012991936073464454,0.012001124695352246,0.011086537716628419,0.010242214826017036,0.009462675805313852,0.008742879684164607,0.00807818796991439,0.007464330944765114,0.006897377157144096,0.0063737055489641115,0.005889980005607738,0.005443126209234653,0.005030310359466049,0.004648919854225882,0.004296545486845086
0.6117004890410659,0.5507180431145403,0.49674427760024664,0.44885608470265864,0.4062628794314662,0.3682878630659264,0.3343512330854383,0.30395554495210175,0.2766731605608323,0.25213558197885677,0.23002444625257637,0.21006394867656003,0.19201447313570305,0.17566724587913526,0.16083984326694345,0.14737241299981052,0.135124489939502,0.12397230783517535,0.11380653183039374,0.10453032195434173,0.09605769412610907,0.08831212517725502,0.08122535709400742,0.0747363715585795,0.06879050880711861,0.0633387098811409,0.058336860481955195,0.053745222225264254,0.04952793785593943,0.04565259986121752,0.04208987736658847,0.038813186114606206,0.03579839802412023,0.03302358772840403,0.030468807910765183,0.028115890863144772,0.025948272552456384,0.02395083671054975,0.022109775733872062,0.020412466472053994,0.01884735987954563,0.017403881593129146,0.0160723432456578,0.014843862145241709,0.013710289836260213,0.01266414692562027,0.011698564769016413,0.010807232510414632,0.009984349100008599,0.009224580052884124,0.008523017855657105,0.007875146306160288,0.007276807819264571,0.006724173819458943,0.006213717683889581,0.005742190029980233,0.005306596232677473,0.004904175751214464,0.004532383354291793,0.004188871816011134
0.5905256062798007,0.5319916224331911,0.480142558546852,0.4341017023312365,0.3931184037183321,0.35654996284622864,0.3238455577332802,0.294532315922389,0.26820341667758213,0.24450800404039227,0.22314268259981665,0.20384436747540174,0.18638427496146198,0.17056287834132056,0.15620566807459044,0.14315958360083575,0.1312900047157463,0.12047820967689697,0.11061922943126157,0.10162001362826882,0.0933978769657145,0.08587917564397962,0.07899817184064953,0.0726960590186648,0.0669201236274286,0.06162302352805918,0.05676216261793489,0.05229914827161088,0.04819931892013377,0.044431331815128816,0.0409668061351206,0.0377800070810118,0.03484756764212155,0.03214824556186565,0.029662707764856078,0.027373339798201723,0.025264076764366556,0.023320253383592327,0.021528470136011408,0.019876473653855958,0.01835305038620399,0.01694793074185433,0.015651703526952783,0.01445573841786054,0.01335211695796424,0.01233356958473633,0.01139341924964873,0.010525530193829707,0.009724261518162589,0.008984425319875144,0.008301248349879938,0.007670337462058781,0.007087647927926017,0.006549454731127602,0.006052326327253383,0.00559310067033216,0.0051688633954540975,0.004776927753132549,0.004414816380472612,0.004080244497571136
0.569482167226414,0.51336605054194,0.4636164128958873,0.4194022920419659,0.3800122929014971,0.3448371707610258,0.3133545080380574,0.28511550566541766,0.2597337377716006,0.23687563751185015,0.21625248522752336,0.1976136762643972,0.18074106358687436,0.16544420821491193,0.15155638545457145,0.13893122186827686,0.127439857695912,0.11696854761176888,0.10741663362273018,0.09869481108490562,0.09072365835043948,0.08343238299659007,0.07675774517935616,0.0706431326073865,0.065037764192641,0.05989600392577279,0.05517676568060795,0.050842996361475504,0.046861225456350304,0.04320117163318107,0.0398354018033986,0.036739029123286214,0.03388944679436027,0.03126609531971174,0.02885025590995303,0.02662486771623859,0.024574365555851574,0.022684535888049192,0.02094238815062509,0.0193360397170803,0.01785461354430657,0.016488145856243322,0.015227503686455292,0.01406431012932482,0.012990877761576607,0.012000147861041076,0.011085635953921659,0.010241382321859997,0.009461907120902726,0.008742169894099438,0.008077532478310036,0.007463725562799989,0.006896818012884943,0.006373189067039267,0.005889502914465107,0.005442685461695883,0.0050299031820471235,0.004648543659102495,0.004296197905530195,0.003970644061614255
0.5485729041200765,0.4948432445260419,0.44716718817600076,0.40475879311024077,0.36694518661286124,0.33314990201744105,0.30287832844934026,0.2757052273036417,0.25126413540168013,0.22923841538280082,0.20935372665629456,0.19137170154473773,0.175084631140709,0.16031100269876555,0.146891745350019,0.13468706672404368,0.12357378183056333,0.11344305268724753,0.10419847680085537,0.09575445063987009,0.08803478051895997,0.08097149692802122,0.07450383539644201,0.06857736001928752,0.06314320815346819,0.05815743901072735,0.053580468044346845,0.04937657531653596,0.04551347662921839,0.04196194862923063,0.03869550357180308,0.03569010101363002,0.0329238934722077,0.030377003833487112,0.028031327621931133,0.025870357932508786,0.023879029873722524,0.02204358239659707,0.020351434776623437,0.018791076096367654,0.017351966845174635,0.016024450118429664,0.014799672245648668,0.013669510804229035,0.012626510454263213,0.011663824339648533,0.01077516155618238,0.009954739385104373,0.009197239957518331,0.008497771140985173,0.007851830694478503,0.007255273935953636,0.006704284075071803,0.006195345313585777,0.005725218241636196,0.005290917345696276,0.004889690526303676,0.004519000252205594,0.004176506428509622,0.0038600505990116704
0.5278005165168193,0.47642511471169957,0.4307962389262292,0.390172158365981,0.353917740371358,0.32148858766273264,0.29241727793778155,0.2663016065527042,0.2427946315746248,0.22159627895368336,0.20244628571223877,0.18511827431152142,0.16941477265261892,0.15516303052105132,0.1422114980736357,0.13042685649539432,0.11969150868754334,0.10990145393591035,0.10096448885071185,0.09279866571906145,0.08533098254172236,0.07849626376922379,0.07223619729349244,0.06649850540035653,0.06123622959663049,0.05640711317921746,0.05197306459865365,0.04789969055364923,0.044155888297689044,0.04071348892491761,0.03754694757228042,0.034633068586582744,0.031950762864386965,0.029480835269088096,0.027205795648179515,0.02510969136963516,0.023177958405552604,0.021397288952698542,0.01975551300968096,0.018241492344542407,0.016845026014825005,0.015556765056613808,0.014368136178185336,0.013271272520115888,0.012258951891620962,0.011324540344358213,0.01046194155460083,0.009665550778148223,0.008930213056642461,0.008251185476039471,0.00762410256830427,0.007044945087562927,0.006510011351959542,0.006015891247960133,0.005559442446332217,0.005137768652659532,0.004748199794809483,0.004388273789286082,0.004055719960402911,0.003748443748110422
0.5071676709582283,0.45811356455637076,0.41450492675325173,0.3756433543688921,0.34093062583309913,0.3098536748736017,0.2819716302958185,0.2569047820132953,0.23432525901452686,0.21394917807401023,0.1955300477296582,0.17885323021941973,0.1637312861823736,0.15000006203403426,0.13751539437084545,0.12615032894974876,0.11579276846192528,0.10634347836399909,0.09771439711684912,0.08982718681413583,0.08261200026425665,0.07600642642285536,0.06995458211368372,0.06440632926894224,0.059316598962057085,0.054644807202308875,0.050354346662029544,0.04641214399867433,0.042788272929653724,0.039455615365756445,0.036389566786441854,0.03356777465954596,0.030969907280236995,0.028577451052999005,0.0263735301369619,0.024342746490196982,0.022471037515533268,0.020745549409735838,0.019154523784610283,0.017687196078176187,0.01633370496264029,0.015085010496743762,0.01393282086447166,0.012869525864857933,0.011888137537732206,0.010982235900253998,0.010145920236190672,0.00937376476687925,0.008660778395742297,0.008002368336388288,0.007394306759566512,0.006832700677434116,0.006313964294557651,0.005834793916748526,0.005392144987662747,0.004983211083106548,0.004605404769697624,0.00425633998498003,0.0039338160093289635,0.003635802680979008
0.48667700064539404,0.43991049053154035,0.39829462038065294,0.3611733615793933,0.3279845310415495,0.2982456272492298,0.2715416744447777,0.24751490547105934,0.22585606144087522,0.20629707138951686,0.18860490476229252,0.1725764097562027,0.15803397295605812,0.1448218693148062,0.13280318548785985,0.12185722133339803,0.11187728998889439,0.10276885094201534,0.09444792637500898,0.08683974143853086,0.07987756625043571,0.07350172429640876,0.06765873746710552,0.062300588435310195,0.057384082958438457,0.05287029813890019,0.04872410189381266,0.0449137339981544,0.04141043951433633,0.038188147434951386,0.03522319096136975,0.03249405895102518,0.029981176070726104,0.027666709796324646,0.02553439856464419,0.023569399227247018,0.021758151178336644,0.020088255368226626,0.018548365915905144,0.01712809292139855,0.015817915728376035,0.014609104512627145,0.01349365004477344,0.012464199892635714,0.011514001423889449,0.010636849695056549,0.009827040640655064,0.009079328454703882,0.008388886869569344,0.007751274151344417,0.00716240099046542,0.006618501493573024,0.0061161065436134525,0.005652019613787499,0.0052232946256875225,0.00482721568860824,0.0044612786308572015,0.004123173995194662,0.0038107715651869494,0.0035221060891635473
0.46633110511814696,0.421817781997868,0.3821666956899904,0.34676317452502603,0.31508016067758665,0.28666492510800407,0.26112771474844093,0.2381321422047081,0.21738709385571203,0.19863992659851124,0.1816707558034159,0.16628765842441462,0.15232263750949915,0.13962822627222912,0.12807462324489027,0.11754727041431746,0.10794480075973784,0.09917729459750384,0.09116479880519919,0.08383605408411988,0.07712740972572953,0.07098189323478078,0.0653484072550696,0.060181035919810305,0.05543844447709192,0.05108335924685285,0.04708211420390792,0.04340425522875534,0.040022193472367004,0.03691090116484866,0.034047646523045844,0.03141175799650283,0.02898441554712835,0.026748467216528217,0.024688265660670762,0.02278952291265631,0.02103918091088282,0.019425296111024514,0.017936936036357112,0.016564086447878396,0.015297568427424359,0.014128963374381158,0.013050545770746838,0.012055222078431876,0.01113647610593219,0.010288319039167706,0.00950524452300946,0.008782187747610347,0.008114488257544275,0.007497856311974977,0.006928342017249851,0.006402307425749408,0.005916400904995811,0.00546753385725441,0.005052859400109886,0.004669752851978141,0.004315793937528596,0.003988750400009154,0.0036865630837820606,0.0034073321689529353
0.4461325499396177,0.4038373210726825,0.3661225357535383,0.332413801962149,0.30221823630930694,0.2751120657878846,0.25073007133312836,0.2287566713024749,0.20891842284006043,0.19097772071769253,0.17472750701507445,0.1599868269315029,0.14659708783923264,0.13441890876036316,0.12332946011476106,0.11322021252929843,0.10399502694113343,0.09556853021018313,0.08786473396625555,0.08081584617858782,0.07436125652051005,0.06844666545233562,0.06302333159343439,0.058047420869669006,0.05347944250413327,0.04928375989218544,0.045428163660391506,0.041883498604444715,0.03862333656349627,0.03562368904597382,0.03286275648734188,0.03032070506187585,0.02797946889728878,0.025822576056808058,0.023834993330255357,0.02200298820323262,0.020314005701961943,0.01875655853646805,0.01732012853370519,0.01599507812092556,0.014772571194294135,0.013644501495194954,0.012603428355371756,0.011642518271018016,0.010755492620155266,0.00993657982436755,0.00918047231493576,0.00848228731804804,0.007837531190016463,0.007242067139618959,0.0066920856008618745,0.006184077438148093,0.005714809324228217,0.005281301365968277,0.004880806608230446,0.004510792266777688,0.004168922609257351,0.0038530431859838433,0.0035611664704008777,0.0032914586061325696
0.4260838663861612,0.3859709824897674,0.35016353085852875,0.31812626703273866,0.28939949664143794,0.26358756395034283,0.24034908041432163,0.21938868598702577,0.20045012685979424,0.18331044035767494,0.16777507196672478,0.1536737713886607,0.1408571355612483,0.12919369469862343,0.11856744930712955,0.10887578363557876,0.10002769339786843,0.09194227660952357,0.08454744877196171,0.077778836043578,0.07157882901344667,0.06589576946445516,0.06068324673492222,0.0558994884743613,0.051506832030894366,0.047471265456246615,0.04376202639489147,0.040351251181303414,0.03721366679184632,0.03432631993354819,0.031668340368466066,0.02922073005436092,0.026966176099384658,0.024888886003016805,0.022974440574663576,0.02120966300451466,0.019582501939608612,0.01808192708936562,0.01669783548521711,0.015420967231617889,0.014242830124210019,0.013155631376307498,0.012152216321198733,0.011226012644342184,0.010370980437711378,0.009581566481099596,0.008852663084808502,0.008179570567554762,0.007557963113363314,0.0069838578533147535,0.006453586476563452,0.005963769541059008,0.005511292860124986,0.005093286034850882,0.004707102782122402,0.004350302916090143,0.00402063590616728,0.003716025727835725,0.0034345570627909664,0.0031744625601842205
0.4061875511426807,0.36822063345141554,0.3342910785227392,0.3039016074160879,0.2766246977641966,0.2520919518878308,0.22998509462990213,0.21002839394899975,0.19198229658120497,0.17563808200850345,0.16081337188360265,0.14734835351873224,0.13510259607787553,0.12395236419898992,0.11378834485862495,0.10451371936725935,0.09604252371925898,0.08829825057500822,0.08121265746892188,0.07472473885375917,0.06877984607508578,0.06332893001866079,0.05832788499047521,0.053736979879587206,0.0495203639625934,0.04564563724086367,0.04208347450573408,0.03880729605994206,0.0357929783086598,0.0330185989514386,0.030464214084814173,0.028111659430793974,0.025944373833108023,0.023947243598041158,0.022106463409025223,0.02040941239216135,0.018844543336160903,0.017401283689748498,0.016069946590132965,0.014841650834889272,0.013708249212773124,0.012662263550142742,0.011696826346847947,0.010805627647273533,0.009982867417464795,0.009223211934294729,0.00852175449635063,0.007873979588101395,0.007275730253878158,0.006723178536097809,0.006212798322504437,0.005741340761589628,0.005305811657514324,0.0049034509095370465,0.004531713665009717,0.004188253050560461,0.003870904408549832,0.0035776707694746583,0.0033067096135525192,0.0030563206479404218
0.3864460660033892,0.35058813347266793,0.318506583501229,0.2897408754751741,0.26389461340140813,0.24062577983465488,0.21963848337997507,0.20067601768926263,0.1835150351964432,0.16796065233541072,0.15384233590509827,0.14101044087346856,0.12933328875307412,0.11869469970052302,0.1089919017291189,0.10013375509667488,0.09203924024939003,0.08463616683915633,0.07786007161623544,0.07165326659683828,0.06596402301163465,0.06074586802528729,0.05595697464962432,0.051559632099803125,0.04751978502518906,0.04380663237138249,0.04039227595875512,0.03725141228542046,0.03436106131243698,0.03170032739342463,0.0292501898621036,0.026993316103218656,0.024913895388158743,0.022997492153545223,0.021230914777564634,0.019602098530838413,0.018100000850898357,0.016714507659307043,0.015436349099888535,0.014257023683500375,0.013168730293603919,0.012164306521533125,0.011237173211697557,0.010381283951629197,0.009591079757223505,0.008861447557668965,0.008187682765847332,0.007565455122083515,0.006990777580392041,0.006459978100108558,0.005969673727175864,0.005516747113327777,0.005098324918980251,0.004711758160071254,0.004354604186796184,0.00402461016563729,0.003719697995713357,0.003437950404352383,0.003177598271886635,0.0029370089266388365
0.3668618375780357,0.33307533421773083,0.3028114577840681,0.2756451383974969,0.25121003515772994,0.22918961628122814,0.20930963317337384,0.1913317948700487,0.17504845875907468,0.1602781684851262,0.14686190135348182,0.13465990706048092,0.12354903709649118,0.11342048611154247,0.10417787590447213,0.09573562600103766,0.08801756412146483,0.08095573809356472,0.07448940006718802,0.06856412803469535,0.06313107150907406,0.05814630048780553,0.053570239899923364,0.04936717792934572,0.04550483767043807,0.041954003697595554,0.0386881944857556,0.03568337474462969,0.03291770194641468,0.03037130262173103,0.028026076133734687,0.025865519341696886,0.023874570569984436,0.022039471658997334,0.02034764446618654,0.01878758059053434,0.017348742610195048,0.01602147564542853,0.014796927746037608,0.013666978159808415,0.012624172973889371,0.011661666706952435,0.010773169738690998,0.009952900398425701,0.009195541943299851,0.008496203126444871,0.007850382617890088,0.007253936520927789,0.006703048765600551,0.006194204250489168,0.00572416415573763,0.005289943564951663,0.004888790875622529,0.004518169053686171,0.004175738438736981,0.003859340978018158,0.0035669858240866908,0.003296836055119607,0.003047196564701904,0.0028165028763819312
0.3474372570036406,0.3156840793285283,0.2872071205848795,0.2616154783301389,0.23857177276476602,0.2177840482915486,0.19899894798080436,0.18199597867508918,0.1665826965299656,0.15259065840298783,0.1398720140132828,0.12829663198023714,0.1177496689566168,0.10812951095976589,0.09934602450601275,0.09131906713457427,0.08397721529644278,0.07725667499810779,0.07110034895306323,0.06545702866570696,0.060280699577639825,0.055529940432804396,0.051167400745443965,0.04715934585210288,0.043475259979086606,0.04008749969248097,0.036970989480519,0.03410295406105245,0.031462682193281195,0.029031317962710197,0.02679167743826179,0.024728084674218092,0.022826225602635603,0.02107301868786305,0.019456499012278874,0.017965714660172986,0.01659063382505911,0.015322061542720783,0.014151564665768954,0.013071404205238456,0.01207447456774653,0.011154248371666689,0.01030472673516548,0.009520393942260374,0.008796176698300105,0.008127406768409576,0.007509787239544162,0.006939361702223103,0.0064124861460010596,0.005925803447979712,0.005476219915119117,0.00506088400770121,0.004677166756752987,0.004322643926586524,0.0039950796471842406,0.0036924114012338994,0.0034127363045212515,0.00315429845253506,0.0029154773770261283,0.0026947773819482506
0.3281746796617677,0.29841620424533727,0.2716949983200044,0.24765299250881395,0.2259806543258834,0.20640968182383665,0.1887068495946783,0.17266883817886824,0.15811789133370813,0.14489816116116944,0.13287262842166941,0.12192050207343827,0.11193501672337705,0.10282156455074204,0.09449610590707214,0.08688381350644846,0.07991791260622262,0.07353868619350382,0.06769262166924703,0.0623316706883849,0.057412611496765964,0.05289649683969471,0.04874817292435591,0.044935859949752695,0.04143078556219685,0.03820686434872672,0.03524041589233996,0.0325099164868257,0.02999577976706678,0.027680162599609735,0.025546794313894748,0.02358082378362585,0.021768683028662233,0.02009796630087752,0.0185573216116668,0.017136353658455037,0.015825536705992297,0.014616136411953624,0.013500139324943622,0.01247018924738557,0.011519530027318162,0.010641953564744787,0.009831752931654603,0.009083679593772221,0.008392904927108745,0.0077549849132667395,0.007165828232916841,0.006621667105348252,0.006119030680423405,0.005654720870194674,0.005225790117893604,0.004829521221691866,0.004463408758511629,0.004125142154729684,0.0038125901463950005,0.003523786520355433,0.003256917078779994,0.003010307613616702,0.0027824129317096224,0.002571806713949212
0.3090764249013659,0.2812735360194911,0.25627652457810873,0.23375879338065852,0.21343752655951093,0.1950671420541971,0.17843377799562365,0.16335065872512347,0.14965419992581977,0.137200727298321,0.12586370817017423,0.11553141057916837,0.10610491754056803,0.09749644013496778,0.08962787985691877,0.08242960016477514,0.07583937380163754,0.06980147831748909,0.06426591886381028,0.0591877529664945,0.05452650776060539,0.05024567457021011,0.046312267825643266,0.04269643980857085,0.039371143460581556,0.03631183707299253,0.03349622411700692,0.030904023792045154,0.02851676800210558,0.0263176214623125,0.024291223189929,0.022423544401460088,0.02070176160593362,0.019114143946283836,0.017649952022592737,0.016299347241801432,0.015053310375044137,0.013903568396299559,0.012842528438537473,0.011863218124638778,0.01095923187151656,0.010124682051819735,0.009354154918559359,0.008642670360093217,0.007985645660969242,0.007378862240198342,0.006818435566041127,0.0063007876455158296,0.0058226219070739,0.0053809003715064845,0.004972822644841744,0.00459580684101207,0.004247472011342391,0.0039256221235400976,0.0036282313503459827,0.0033534305657795167,0.003099494995165322,0.0028648328189935235,0.002647974768387374,0.0024475645092904546
0.29014477576721204,0.26425789311811265,0.24095314008005211,0.21993400872051075,0.20094325504070312,0.18375707370318162,0.16818019172567805,0.15404174231472276,0.1411917933709554,0.12949841917092197,0.11884522621812442,0.10912925780418568,0.10025921352849029,0.09215393408402708,0.08474110761241814,0.07795616228701784,0.07174131560550635,0.0660447560247794,0.06081993842872482,0.056024970995741274,0.05162208502419369,0.047577174297733976,0.04385939240495013,0.04044080042478983,0.037296058042314964,0.034402152577867065,0.031738159885172916,0.029285033151229226,0.027025415739003193,0.024943475113968896,0.023024756274993875,0.021256050198596353,0.019625276201275712,0.01812137735693105,0.016734226466617867,0.015454541709305339,0.01427381077496597,0.01318422263477937,0.01217860588840577,0.011250373008236284,0.01039347011231163,0.009602331245520542,0.008871837080607564,0.008197277183200772,0.007574315999588259,0.006998961623561209,0.006467537522005484,0.0059766566661685954,0.005523197899032283,0.0051042844414823,0.004717264106164875,0.004359691317553159,0.0040293105462906416,0.0037240411965198516,0.0034419637235194047,0.003181306886049216,0.0029404360832448262,0.0027178425894179023,0.0025121337216615055,0.0023220237509153753
0.27138197873399,0.24737108522085002,0.22572629262880956,0.20617978174039292,0.18849872444071272,0.17248014136510642,0.15794656826813638,0.14474240800300828,0.13273085743231378,0.12179131131664458,0.11181716521811874,0.10271395140373443,0.09439775201717505,0.08679384607613995,0.07983555207777868,0.0734632352770863,0.0676234537710304,0.06226822201108957,0.057354375493922825,0.0528430168722149,0.04869903605038839,0.044890692436559826,0.04138924909962822,0.0381686521085405,0.035205248898312856,0.03247754077147614,0.029965964148056377,0.02765269702686735,0.025521487207505356,0.023557499634418163,0.021747181442030077,0.020078140672584815,0.018539037680814288,0.017119488444114483,0.01580997752632624,0.014601779904563452,0.013486890575344579,0.012457961172789285,0.011508242638242419,0.01063153332164486,0.009822132178467481,0.009074796133480743,0.00838470152901614,0.007747408876099274,0.00715883105118314,0.0066152040766450345,0.006113060646255388,0.005649205889657762,0.00522069521813993,0.004824814161807417,0.004459059801283711,0.004121123883517663,0.0038088772600613696,0.003520355682710468,0.0032537467506158014,0.003007377919681411,0.0027797055276607796,0.0025693046614223523,0.002374859898483397,0.002195156746797387
0.252790243446033,0.23061491300858883,0.21059743704926884,0.19249727119194363,0.17610483876434163,0.16123702983997534,0.14773340443404745,0.13545299230674346,0.12427159297251657,0.11407949083007031,0.10477951785396103,0.09628540667431555,0.08852038579064776,0.0814159792915446,0.0749109779527715,0.0689505548695086,0.06348550314584712,0.05847157704144806,0.053868922424401555,0.04964157926272856,0.04575704965769217,0.04218592107113594,0.038901535743002674,0.035879700386370686,0.03309843073595296,0.03053772664470339,0.028179372960410516,0.02600676304997096,0.024004741906185036,0.02215946650029443,0.020458282109877452,0.01888961103157326,0.017442852796907247,0.016108295188044047,0.014877034039728648,0.013740901114287935,0.012692399075610835,0.011724642869618976,0.01083130664564407,0.010006575657158718,0.009245102836630421,0.00854196920382023,0.007892648031254576,0.007292972056730108,0.006739103870391452,0.006227508693417521,0.005754929692002056,0.005318365366145452,0.004915048867214942,0.004542429161646199,0.004198153677166715,0.0038800525125511293,0.0035861238787929708,0.003314520802944815,0.00306353890513885,0.0028316051659374643,0.0026172676409458085,0.0024191859620518496,0.0022361226546799826,0.002066935108142286
0.23437174246275794,0.21399116794413753,0.19556803511770707,0.1788876514615099,0.1637625215847977,0.15002844446785898,0.13754121675533287,0.12617384962077027,0.11581421636616707,0.1063630577510718,0.09773228719142585,0.08984354685882227,0.0826269733426432,0.07602014061812526,0.06996715188981656,0.06441785724099726,0.05932717774203793,0.05465451998308337,0.05036326882059028,0.04642034337723677,0.04279581066908385,0.03946254788539003,0.036395945477915956,0.033573645902353406,0.03097531327072609,0.028582430155976796,0.026378117360699685,0.02434697389755909,0.022474934478854385,0.02074914246172087,0.019157837121359086,0.017690252074688398,0.016336524071542124,0.015087611524813688,0.013935220991215644,0.012871740963557995,0.011890182104788215,0.010984123302815901,0.01014766277114857,0.009375373689607759,0.008662264109649856,0.00800374036799962,0.007395573938314472,0.006833871079519697,0.006315045393938965,0.005835792588148818,0.005393067563636969,0.004984063420626139,0.004606192240508541,0.004257067571350234,0.003934488285117769,0.0036364238794346147,0.003361000920485406,0.003106490654854158,0.0028712976168183725,0.002653949154512503,0.0024530858353365576,0.002267452582668046,0.002095890570612534,0.0019373297267782743
0.2161286110098223,0.19750163204483165,0.18063955548072705,0.16535211265757982,0.1514727162757652,0.1388551114655049,0.12737054188444896,0.11690535264443748,0.1073589599242902,0.09864212546615976,0.09067548704222057,0.08338830346445811,0.07671737914420215,0.07060614086770228,0.06500384266032609,0.059864879129801526,0.05514819081242084,0.05081674784314151,0.04683710152220248,0.04317899094349801,0.0398149998619901,0.036720256092216214,0.03387216666959071,0.031250184317807635,0.028835601115898002,0.026611366113588383,0.02456192324841388,0.02267306716698441,0.020931814587600718,0.01932628941547655,0.017845620617754045,0.016479850068761348,0.015219849676072312,0.014057247229741724,0.012984359398956275,0.011994131307591749,0.011080081917863667,0.010236254669291407,0.009457172684136107,0.008737798087055508,0.0080734951920317,0.007459996880939093,0.006893374109384287,0.006370007964469305,0.005886564373994799,0.005439970832859717,0.005027395258092172,0.004646226598021071,0.004294057072348189,0.003968665974467236,0.003668004735967859,0.003390183318282954,0.003133457656031907,0.0028962181765613258,0.002676979237809221,0.0024743694140836525,0.002287122593523113,0.002114069751751934,0.001954131425907777,0.0018063107516889223
0.19806294673603264,0.18114807764708152,0.16581347356348428,0.1518918606902976,0.1392363862404385,0.12771777826505573,0.11722193700060017,0.10764789281796802,0.09890607233094266,0.09091682112318278,0.08360914234161242,0.07691961659392867,0.0707914739236575,0.06517379500348391,0.06002082133077849,0.055291357963247585,0.05094825493349198,0.04695795581156432,0.043290104615837016,0.039917200184197026,0.036814293919558795,0.0339587243632439,0.03132988281788714,0.02890900620965435,0.02667899367018198,0.024624244055505243,0.022730511258476475,0.02098477524703156,0.019375126782361928,0.017890664274540686,0.016521401909542367,0.015258186621276574,0.014092623307173664,0.013017007796961506,0.012024266198595084,0.011107900119905128,0.010261937088649208,0.009480885683031475,0.008759694765461396,0.008093716418364929,0.007478672362395663,0.006910623258288204,0.006385940833813021,0.0059012823236749895,0.005453567309086919,0.005039956392466815,0.004657831804035607,0.004304779606237236,0.003978573383867555,0.003677159357956813,0.003398642653591074,0.00314127477917543,0.002903442068784874,0.0026836551090118847,0.0024805390076151844,0.0022928244396689277,0.0021193394382892673,0.001959001806684429,0.0018108121732341616,0.0016738475646518164
0.18017680947603154,0.16493226716283324,0.1510912714669713,0.13850811734269938,0.12705451513716193,0.11661721385459213,0.1070959802223759,0.0984018807687749,0.09045581909215586,0.08318728605967203,0.07653328954008372,0.0704374352903353,0.06484913495945371,0.05972292237912172,0.055017861448939574,0.05069703199386989,0.0467270820953685,0.04307783730942258,0.039721959446576874,0.03663464579671989,0.03379336538336676,0.03117762675897024,0.028768772468998633,0.026549796967423624,0.02450518500340177,0.02262076812662735,0.02088359663265636,0.019281825185687784,0.017804610366920614,0.01644201883387679,0.015184945343276121,0.014025038549391758,0.012954634058860418,0.01196669431509829,0.011054754123105524,0.010212871376713083,0.009435582398989702,0.008717861469275041,0.00805508400668715,0.007442993057504273,0.006877668892818881,0.006355501190727259,0.005873163750257834,0.005427591285184254,0.005015958372504254,0.004635660057552404,0.004284294198824107,0.003959645257112942,0.0036596694277577033,0.0033824810605477124,0.003126340126674744,0.002889640783150743,0.0026709008125938914,0.002468751956873476,0.002281931016681352,0.0021092716587438223,0.001949696900995037,0.001802212164445011,0.001665898911070047,0.001539908754944676
0.16247222101878492,0.1488559528279352,0.13647443785418245,0.1252021203333928,0.114928107101409,0.10555420912034476,0.09699327102678482,0.08916774676786768,0.08200848299748544,0.07545367624519934,0.0694479770094782,0.06394171789627409,0.05889024638632968,0.05425334698988913,0.04999473924072798,0.046081640444578964,0.04248438379913611,0.03917608404304758,0.036132344633872604,0.03333099893581705,0.030751882607762886,0.028376632659406764,0.026188509126687434,0.02417223668896476,0.022313863740154177,0.020600636953478392,0.01902088908795581,0.017563938554528372,0.01621999926124554,0.014980099632375038,0.013836010164488174,0.012780177744927353,0.011805666290454066,0.010906103338928663,0.010075631578675633,0.009308864937443878,0.00860084872418471,0.007947023455029765,0.007343191905790175,0.006785489084470259,0.006270354954943739,0.005794509455186057,0.0053549297628992356,0.004948829414063283,0.004573639338061645,0.0042269903746489585,0.003906697343119745,0.0036107444051693255,0.003337271630950304,0.003084562719157353,0.0028510336586775654,0.002635222375509765,0.002435779168258727,0.002251457947956123,0.0020811081686021265,0.0019236673960694888,0.001778154488859676,0.0016436632911879436,0.0015193568554326912,0.0014044620930812168
0.14495116488190307,0.1329208764424052,0.12196446782491623,0.11197512337029097,0.102858186963711,0.09452957719027673,0.0869144306745524,0.0799459411963779,0.07356436459436182,0.06771616273808578,0.062353265464054994,0.05743243242761746,0.05291469951535589,0.048764897736481454,0.04495123381819703,0.04144492366330302,0.03821987116197633,0.035252386064296294,0.03252093609198405,0.030005927199366997,0.027689509715981973,0.02555540669532932,0.023588761163099,0.02177600007486661,0.02010471294145055,0.018563543516260154,0.017142092681873927,0.015830831309594787,0.014621021860035598,0.01350464781079208,0.01247435037646595,0.011523371035149249,0.010645499490324811,0.009835026756826421,0.009086702516439943,0.008395696421186576,0.00775756291446147,0.007168209255761103,0.006623866359177152,0.006121062182666046,0.005656597522695701,0.0052275238228271445,0.00483112295458389,0.004464888630558174,0.004126509503110399,0.0038138535739197696,0.0035249539730473974,0.0032579958840469243,0.003011304535129043,0.0027833342132730456,0.0025726581158753907,0.002377959077325275,0.0021980209983101127,0.0020317209910727684,0.001878022140876276,0.0017359668371611325,0.0016046706509760217,0.0014833166706449416,0.001371150310510203,0.0012674745035279788
0.12761558609181606,0.11712876910261263,0.10756286277904556,0.09882839619512802,0.0908458004632417,0.08354415377882785,0.07686010264161185,0.07073693502229994,0.06512378267547421,0.0599749321568186,0.05524922839691899,0.050909556962507325,0.046922393168398684,0.04325740870199824,0.0398871273991799,0.03678662328761282,0.03393325503055467,0.031306431837360545,0.028887407055332673,0.026659094617532353,0.0246059065582808,0.02271360868031788,0.020969191729294095,0.019360756321667266,0.017877409984368424,0.016509175018282293,0.015246905674524407,0.014082213648718653,0.013007400887403257,0.012015398965605759,0.011099714594785854,0.010254380039229597,0.009473908135279673,0.008753251653875074,0.008087766299931116,0.007473177078944481,0.006905547672352939,0.006381252558116198,0.005896951549876359,0.005449566532608982,0.0050362602714915244,0.004654416963686292,0.00430162449678179,0.00397565812523162,0.003674465608688008,0.003396153494139038,0.0031389745898070783,0.0029013164405451795,0.002681690734990583,0.0024787236072204444,0.002291146673429227,0.0021177888350992166,0.001957568700052147,0.0018094876322694107,0.0016726233441365247,0.0015461239903373871,0.001429202743002977,0.001321132771291812,0.001221242638141223,0.0011289120363489366
0.1104673909698264,0.10148135092536965,0.09327113026803106,0.08576322461835166,0.0788920144566612,0.07259879753253148,0.06683095305665869,0.06154122028748863,0.056687074779426444,0.05223018716655164,0.04813595253228896,0.04437308004608973,0.04091323402755872,0.03773071944267532,0.03480220553913111,0.032106482419822335,0.02962424610308473,0.02733790831247968,0.02523142810906307,0.023290161645545367,0.02150072867225912,0.019850893543698598,0.018329458665558976,0.016926169013875357,0.01563162643969507,0.014437212752697978,0.013335020387510138,0.01231778986517342,0.011378853247550866,0.010512082998625391,0.00971184589745021,0.008972961020215546,0.008290661545426476,0.007660560170472326,0.007078617568076753,0.006541113661513334,0.0060446214258150265,0.005585982998517633,0.00516228783174726,0.004770852701811672,0.00440920347378054,0.0040750583478096625,0.0037663125562177172,0.0034810242709434505,0.0032174017566820247,0.0029737915048493914,0.0027486673866279955,0.0025406206661615113,0.0023483508141492557,0.002170657090220283,0.002006430759376972,0.0018546479684798834,0.0017143631567957034,0.0015847030093737963,0.0014648608798122477,0.001354091647306371,0.0012517069904936112,0.0011570710122447386,0.0010695962261193866,0.0009887398377552445
0.09350844692406432,0.08598033076393795,0.07909078383445217,0.07278091054405031,0.06699791712183611,0.06169439037619788,0.05682767114461284,0.052359310604945634,0.04825459770483537,0.04448214698100619,0.04101353829405179,0.037823001111508256,0.034887137000152404,0.03218467529291826,0.029696257375711903,0.02740424581308004,0.02529255506055792,0.023346501006992686,0.021552667225183852,0.019898785160428277,0.018373627245615504,0.016966911264574436,0.015669214411620027,0.014471896014876829,0.013367027947592874,0.012347331966550244,0.011406123059525892,0.010537258197583695,0.00973508987135719,0.008994423962251018,0.008310481670493624,0.007678864732365039,0.007095523734358099,0.006556729356254342,0.006059046093565415,0.005599308282816321,0.005174598196912502,0.004782226037454399,0.004419711609532764,0.004084767530667205,0.0037752838907605013,0.003489314142743925,0.0032250621980263404,0.002980870531530811,0.0027552093238692485,0.0025466664255690864,0.002353938172934558,0.002175820926003519,0.002011203278579434,0.001859058914134806,0.0017184399964608383,0.0015884711159463527,0.0014683436871860936,0.0013573108047508972,0.001254682496118485,0.0011598213421895821,0.0010721384507656375,0.0009910897277979622,0.0009161724552240455,0.0008469221194702213
0.07674058224736956,0.07062740591596568,0.06502334283935947,0.059882771984539965,0.05516461815604795,0.05083183785936793,0.0468509696758576,0.04319174166643769,0.03982672803811908,0.03673104788018135,0.03388210029111101,0.031259330917746825,0.028844025599854276,0.026619127685288083,0.024569075886746713,0.022679660069026455,0.020937892707640755,0.019331894094166108,0.0178507898046586,0.016484618461950973,0.015224249081567753,0.014061306807114657,0.012988105916876342,0.011997589356782652,0.011083274091296173,0.010239201722085235,0.009459893698604288,0.008740310675994503,0.008075815558738802,0.007462139900233964,0.00689535344889936,0.006371836263673986,0.005888253254479803,0.005441531019171552,0.005028836636408288,0.00464755827851758,0.0042952874658898355,0.003969802829299401,0.0036690552145951173,0.0033911540141812416,0.0031343546601152257,0.0028970471072240394,0.0026777452852905295,0.0024750773670554975,0.002287776872695086,0.002114674441915588,0.001954690295610481,0.0018068272849698426,0.0016701644874827682,0.00154385132879492,0.0014271021416852542,0.0013191911783754138,0.0012194479925518394,0.0011272531962229623,0.0010420345423249387,0.0009632633089409749,0.0008904509732768186,0.0008231461305707068,0.0007609316649606113,0.0007034221268970252
0.06016558592111952,0.055424261823382136,0.051070332277244695,0.04707014306424774,0.04339324896828868,0.040012069502717566,0.03690158542108401,0.034039071760474195,0.03140386269518181,0.028977143744228138,0.026741767820020915,0.024682092004899035,0.022783832344634634,0.02103393448607078,0.019420458162158278,0.01793247384760634,0.016559970123789552,0.015293770500279597,0.014125458725857775,0.013047311278163483,0.012052236567215572,0.011133720057306782,0.010285774550794241,0.009502895129314246,0.008780018268879114,0.008112484755333502,0.007496005930980142,0.0069266329640265585,0.006400728816696765,0.0059149426838156745,0.005466186752689064,0.005051614873453701,0.004668603037321449,0.004314731569542167,0.003987768792524438,0.0036856560597386,0.0034064940304683014,0.0031485300874815355,0.0029101467761555896,0.002689851179378211,0.00248626517960578,0.0022981164809001754,0.0021242303748044778,0.0019635221354651518,0.0018149900586659612,0.0016777090185287227,0.0015508245572333807,0.0014335474310764283,0.0013251485814764386,0.0012249545148124551,0.0011323430235178563,0.0010467392603907678,0.0009676121021767191,0.0008944708060348561,0.0008268619212062673,0.0007643664370721013,0.0007065971584216822,0.0006531962731811643,0.0006038331179298594,0.0005582021060019196
0.0437852074250238,0.0403725717642587,0.037233282578397836,0.03434437401247949,0.03168496286518528,0.029236039144043234,0.026980279611538614,0.024901882300624414,0.022986419477156746,0.02122070660383276,0.019592685385376285,0.01809131916742144,0.016706499172102398,0.015428960347058597,0.014250205690510855,0.01316243808961623,0.012158498825100282,0.011231812010431096,0.010376334399765248,0.00958650977583088,0.008857227645084632,0.00818378576134942,0.007561856013573691,0.006987453367768446,0.006456907563091958,0.005966837331912322,0.00551412684646989,0.0050959041969962735,0.004709521692894112,0.0043525378430828215,0.0040227009180006205,0.0037179338247461976,0.003436320228621327,0.003176091858867016,0.0029356168371251455,0.0027133889616534706,0.0025080178601218396,0.0023182199447866012,0.0021428100878289028,0.0019806939581822796,0.0018308609863191044,0.0016923778699190362,0.0015643826088910105,0.0014460789905053346,0.0013367315341791621,0.001235660808621917,0.0011422391311354412,0.001055886595792824,0.0009760674079650069,0.0009022865137468512,0.000834086476604323,0.0007710446093910856,0.0007127703164013543,0.000658902647799318,0.0006091080396022846,0.0005630782256067736,0.000520528314673925,0.0004811950083757455,0.0004448349627544842,0.00041122326886429243
0.02760115655290645,0.025473996536676313,0.02351372939845155,0.02170683114468864,0.020040935230129044,0.018504725283470854,0.017087838404475274,0.015780778364195225,0.014574837640453546,0.013462027207527977,0.012435013238533204,0.011487059946050506,0.010611977872973764,0.00980407707429182,0.009058124660889375,0.008369306252680652,0.007733190937537611,0.007145699383635005,0.006603074832442521,0.006101856576185729,0.0056388557882096615,0.005211133465966193,0.0048159802473005196,0.00445089794021859,0.004113582609361511,0.003801909100088797,0.0035139168403771786,0.0032477968159582283,0.0030018796046869392,0.0027746243934234196,0.002564608923019525,0.0023705202114440945,0.0021911460180274837,0.0020253670132432946,0.001872149562732075,0.0017305390868034645,0.0015996539451964336,0.0014786798086335172,0.001366864469291743,0.0012635130556012243,0.0011679836314130022,0.0010796831281933209,0.0009980636031037104,0.0009226187757186047,0.0008528808486514343,0.0007884175600364823,0.0007288294731570051,0.0006737474712614057,0.000622830443581563,0.0005757631555171116,0.0005322542739066832,0.0004920345521594379,0.0004548551474580241,0.0004204860713195494,0.00038871475699511825,0.00035934473519047615,0.00033219441401036946,0.00030709594756685204,0.00028389419552842795,0.000262445757844077
0.011615103234497015,0.010730184134606269,0.00991321339488614,0.009158896831821526,0.008462363695124478,0.007819131427482733,0.007225073353569659,0.006676389241206097,0.006169578481237822,0.005701415606246451,0.0052689279351054346,0.004869375138934647,0.004500230543312722,0.004159164014421452,0.0038440262807663637,0.003552834561274582,0.003283759382108701,0.0030351124777066724,0.002805335695155717,0.0025929907763413123,0.002396749979008889,0.002215387460816408,0.0020477713476908716,0.0018928564339894928,0.0017496774619383075,0.0016173429410408328,0.0014950294518094305,0.0013819763975368453,0.0012774811634603516,0.001180894656913699,0.0010916172085805075,0.0010090947799001246,0.0009328154631999163,0.0008623062611552659,0.0007971301116017899,0.0007368831428822536,0.0006811921406116324,0.0006297122110824925,0.0005821246228548024,0.0005381348130057931,0.0004974705501529157,0.00045988023416900615,0.0004251313296434368,0.0003930089143709028,0.0003633143447733946,0.0003358640176250517,0.00031048822993738346,0.0002870301242521143,0.00026534471355463236,0.0002452979829271344,0.00022676605612390884,0.0002096344289273339,0.00019379725792594054,0.00017915670518223067,0.00016562233200213055,0.00015311053825189217,0.00014154404551848822,0.00013085141766257951,0.00012096661967030658,0.00011182860826755071
-0.0041713226367526375,-0.003857230584111816,-0.0035667200096835554,-0.0032980305426416907,-0.0030495316951025227,-0.002819713568629906,-0.002607178115936522,-0.002410631006332166,-0.0022288740654263276,-0.0020607982444545234,-0.0019053770881546966,-0.0017616606672955404,-0.0016287699436938873,-0.0015058915405075657,-0.001392272889344664,-0.0012872177284368957,-0.0011900819273146712,-0.0011002696154217468,-0.001017229597248985,-0.0009404520231539639,-0.0008694653076499161,-0.0008038332766763855,-0.0007431525233311164,-0.0006870499584158756,-0.0006351805417043076,-0.0005872251836344112,-0.0005428888015913885,-0.0005018985205123232,-0.00046400200584668813,-0.00042896592150294937,-0.00039657450673141964,-0.00036662825515111885,-0.00033894269188587147,-0.00031334724457524223,-0.0002896841976640945,-0.0002678077252089664,-0.00024758299606006385,-0.00022888534663547219,-0.00021159951527914783,-0.00019561893371640026,-0.0001808450729760915,-0.00016718683711592337,-0.00015456000372461327,-0.00014288670490108542,-0.00013209494928369774,-0.00012211817819379907,-0.0001128948564135622,-0.00010436809329361052,-9.648529213062765e-05,-8.919782682256919e-05,-8.246074171021257e-05,-7.623247520956657e-05,-7.047460329532963e-05,-6.515160296024079e-05,-6.023063328538722e-05,-5.568133284937139e-05,-5.14756328776741e-05,-4.7587583844516993e-05,-4.39931958415065e-05,-4.0670290394701736e-05
-0.01975653136981102,-0.018286626237704256,-0.016924520877690894,-0.015662536638420602,-0.014493508327260176,-0.013410755160351711,-0.012408052227659146,-0.011479602974946634,-0.010620012811655404,-0.009824263864167657,-0.009087690916605929,-0.008405958545909612,-0.007775039445721466,-0.00719119392911461,-0.006650950583718053,-0.006151088048254965,-0.0056886178728747855,-0.005260768423386281,-0.004864969799252266,-0.004498839684208675,-0.00416017011686165,-0.0038469151338252033,-0.0035571792240455444,-0.003289206553844183,-0.003041370918171671,-0.0028121663871855584,-0.002600198592574739,-0.0024041766181083007,-0.0022229054501473992,-0.0020552789632030622,-0.0019002734171624824,-0.0017569414005614735,-0.0016244062046438979,-0.0015018566108842034,-0.0013885420495383122,-0.0012837681092699343,-0.0011868923723548478,-0.0010973205552841192,-0.0010145029292746187,-0.0009379310013330919,-0.0008671344442728159,-0.0008016782468748882,-0.0007411600794244804,-0.0006852078468898708,-0.0006334774318889575,-0.0005856505968831066,-0.000541433047426118,-0.0005005526372877349,-0.0004627577059377842,-0.00042781554378912507,-0.0003955109666027145,-0.0003656450016589635,-0.00033803366761821983,-0.00031250684855783635,-0.0002889072512622177,-0.0002670894398136291,-0.0002469189446843545,-0.000228271435652155,-0.0002110319599702473,-0.00019509423496736836
-0.03513897363614623,-0.03255639526823915,-0.030158635020452462,-0.02793319122735361,-0.02586830087242528,-0.023952912776022097,-0.02217665837035363,-0.020529821340084572,-0.01900330668786417,-0.017588609609023705,-0.016277784540524646,-0.015063414657201924,-0.013938582038257413,-0.0128968386767497,-0.011932178460888851,-0.011039010221279793,-0.010212131907559027,-0.009446705935388872,-0.008738235738231953,-0.008082543490024758,-0.007475749021166675,-0.006914249912204762,-0.006394702718115867,-0.005914005293314364,-0.0054692801770846395,-0.005057859015725107,-0.004677267956899579,-0.004325213976108346,-0.003999572078670303,-0.0036983733505921036,-0.0034197938262225972,-0.0031621440808254253,-0.0029238595278053424,-0.002703491394846602,-0.0024996983172601,-0.0023112385179172553,-0.00213696253478459,-0.001975806464738009,-0.0018267856836959257,-0.0016889890120124105,-0.0015615733061835992,-0.0014437584305466383,-0.0013348226007259783,-0.001234098053281722,-0.001140967044399175,-0.0010548581274307076,-0.000975242711342269,-0.0009016318682551769,-0.0008335733734958059,-0.0007706489702394603,-0.0007124718270731082,-0.0006586841926061637,-0.0006089552161221527,-0.0005629789348674958,-0.00052047240913017,-0.0004811739946070084,-0.0004448417471721688,-0.0004112519413522192,-0.0003801977049240289,-0.000351487750687071
-0.05031714062372905,-0.04666494429717462,-0.04326750427586113,-0.04010854827593567,-0.03717262114828841,-0.03444507948188405,-0.031912078610380396,-0.029560554266468125,-0.02737820009878942,-0.025353442014321596,-0.023475410216910415,-0.02173390965366053,-0.02011938947973462,-0.018622912030736422,-0.017236121713935,-0.015951214148122818,-0.014760905815235386,-0.01365840443184258,-0.012637380208123581,-0.011691938096376236,-0.010816591122688818,-0.01000623487385488,-0.00925612315827862,-0.008561844856974888,-0.007919301961539315,-0.007324688808969283,-0.006774472469669452,-0.00626537426410404,-0.005794352358610148,-0.005358585427495841,-0.004955457349177079,-0.004582542840437326,-0.004237594009804372,-0.003918527800577413,-0.003623414255046151,-0.0033504655631520957,-0.003098025849034265,-0.0028645616572901995,-0.002648653089553012,-0.002448985551876217,-0.0022643420882482593,-0.002093596241123101,-0.0019357054275115323,-0.001789704770984622,-0.0016547013922239722,-0.001529869092361358,-0.00141444343032219,-0.0013077171519962196,-0.0012090359479950776,-0.0011177945290676446,-0.0010334329758794278,-0.0009554333683402846,-0.0008833166517656781,-0.0008166397403383228,-0.0007549928317319713,-0.0006979969180061269,-0.0006453014858933262,-0.0005965823801657294,-0.0005515398333456725,-0.0005098966350745563
-0.06528956418494557,-0.06061069448865265,-0.056249566800158704,-0.05218714604195051,-0.048405157991273096,-0.04488612165063006,-0.04161336720070577,-0.03857104280853526,-0.035744112264295407,-0.03311834511804522,-0.03068030080972734,-0.028417308062461958,-0.026317440654017116,-0.024369490473906585,-0.022562938660677,-0.020887925475122634,-0.019335219455064143,-0.017896186300906124,-0.016562757852501466,-0.015327401474761327,-0.014183090049467037,-0.013123272783819072,-0.012141846968287769,-0.011233130779011035,-0.010391837190008702,-0.009613049063681921,-0.008892195425427822,-0.008225028932839587,-0.007607604516087894,-0.0070362592053998365,-0.006507593121776277,-0.006018451552772194,-0.005565908101851847,-0.005147248882906956,-0.004759957697078244,-0.004401702153650467,-0.004070320686781126,-0.0037638104274177733,-0.0034803158766195928,-0.003218118335618377,-0.0029756260638893407,-0.0027513650980730345,-0.0025439707173891654,-0.0023521794855554364,-0.002174821870737179,-0.0020108153663481636,-0.001859158111997307,-0.0017189229643491423,-0.0015892519884448165,-0.0014693513558380214,-0.001358486596150572,-0.0012559782077730993,-0.0011611975745928571,-0.0010735631887938248,-0.0009925371469981458,-0.0009176219005883288,-0.0008483572514816456,-0.0007843175598110653,-0.0007251091674922325,-0.0006703680036639191
-0.08005481697840351,-0.07439208192045131,-0.06910325737397624,-0.06416750718564104,-0.059564577139116066,-0.05527487863398624,-0.05127955008682504,-0.04756050030112535,-0.04410043654485169,-0.040882879764907974,-0.03789216910802015,-0.03511345764456135,-0.03253270098939639,-0.03013664021553118,-0.02791278031287716,-0.025849365243686015,-0.023935350489473303,-0.022160373841168934,-0.020514725036426585,-0.018989314846878397,-0.01757564394551788,-0.016265771948639866,-0.01505228692283775,-0.013928275562324989,-0.01288729419956544,-0.01192334079976806,-0.011030828022025159,-0.01020455741132598,-0.009439694742549035,-0.008731746575698618,-0.008076538015427724,-0.0074701916357018784,-0.0069091075719381325,-0.006389944758072568,-0.005909603263522881,-0.005465207695030261,-0.005054091619377483,-0.004673782968269613,-0.004321990372284332,-0.003996590377442032,-0.0036956155132810246,-0.003417243142102355,-0.0031597850723884963,-0.002921677859942423,-0.0027014737962373346,-0.0024978324996066926,-0.002309513105549231,-0.002135367000228188,-0.0019743310619575664,-0.0018254213946240533,-0.001687727491080802,-0.0015604068323043939,-0.0014426798600707382,-0.0013338253225508843,-0.0012331759541372622,-0.0011401144662806248,-0.0010540698388394288,-0.0009745138715946326,-0.0009009580004905732,-0.0008329503376607371
-0.09461151260461721,-0.08800755796253641,-0.08182700772284787,-0.07604813889588724,-0.07064952112448827,-0.06561016243989581,-0.06090962441002235,-0.05652811174058284,-0.0524465397515876,-0.04864658289056316,-0.045110707121304446,-0.04182218872961391,-0.03876512185322181,-0.03592441665869133,-0.033285789923467674,-0.030835749519782876,-0.028561574094771374,-0.026451289049641852,-0.0244936397063101,-0.02267806260976565,-0.020994655454091887,-0.01943414625038756,-0.017987862225136757,-0.016647698792751218,-0.015406088890297083,-0.014255972928982773,-0.013190769548291117,-0.012204347308740694,-0.011290997406730958,-0.01044540752813498,-0.009662636859016782,-0.008938092274189471,-0.008267505726023921,-0.0076469128217199695,-0.007072632573887002,-0.0065412482974107344,-0.006049589618724271,-0.005594715565184604,-0.0051738986872480195,-0.004784610168617305,-0.004424505892600799,-0.004091413396036955,-0.0037833196915072666,-0.0034983598788037537,-0.0032348065422094638,-0.0029910598463163654,-0.002765638322540844,-0.0025571702871456984,-0.0023643858502664034,-0.0021861094978230422,-0.0020212531773649072,-0.001868809893187561,-0.0017278477407139574,-0.0015975043786073014,-0.001476981894700919,-0.0013655420385993526,-0.001262501808835946,-0.0011672293478482455,-0.0010791401497730762,-0.000997693533635517
-0.10895830573555955,-0.10145558966312407,-0.09441924685238945,-0.0878275330318625,-0.0816586091802892,-0.07589075741490067,-0.07050255800838783,-0.06547303315646279,-0.060781761440844954,-0.056408966785646775,-0.05233558535167072,-0.048543313525958566,-0.04501463992125122,-0.041732863843113754,-0.03868210251080884,-0.035847289002633724,-0.033214162653485604,-0.030769253394211896,-0.028499861237050308,-0.026394032250978826,-0.024440531693587977,-0.0226288151757857,-0.02094899858180361,-0.01939182725257889,-0.017948644870760526,-0.016611362426169687,-0.01537242757549784,-0.014224794621162868,-0.013161895272319847,-0.01217761037558509,-0.011266242667579989,-0.010422490650097992,-0.0096414236366781,-0.008918457974463027,-0.008249334467966309,-0.007630096990523591,-0.007057072265591643,-0.00652685079651022,-0.0060362689083221935,-0.005582391861928809,-0.005162498009919502,-0.00477406393208071,-0.004414750529358564,-0.004082389998649096,-0.003774973681126881,-0.0034906406982973216,-0.00322766736272902,-0.002984457303441989,-0.002759532260671499,-0.002551523530145355,-0.002359163982552797,-0.0021812806625882823,-0.0020167878911628904,-0.001864680868072698,-0.0017240297266756213,-0.0015939740097143096,-0.0014737175526465696,-0.0013625237218251136,-0.0012597110128110575,-0.0011646489553525372
-0.12309389223807206,-0.11473466014219617,-0.10687840139835285,-0.09950416628067611,-0.09259043715726016,-0.0861154199323695,-0.08005728891611202,-0.07439439097411212,-0.06910541319319605,-0.06416951833931536,-0.059566452042005245,-0.05527662540488609,-0.05128117652080799,-0.04756201386244834,-0.04410184435891239,-0.040884188611524194,-0.03789338542741586,-0.03511458756963795,-0.032533750265611616,-0.030137614253072324,-0.027913684225527282,-0.02585020383996431,-0.023936128274723602,-0.022161095033126178,-0.020515393604330082,-0.018989934502975283,-0.017576218152640696,-0.016266303943240225,-0.015052779721429427,-0.013928731985383669,-0.012887716878052001,-0.01192373217945813,-0.011031190379432666,-0.010204892855324091,-0.009440005234723875,-0.008732033946724478,-0.008076803965745212,-0.0074704377420710556,-0.006909335298685458,-0.00639015546333769,-0.00590979820805395,-0.005465388045761573,-0.005054258461221477,-0.004673937304085825,-0.004322133132056103,-0.00399672242419686,-0.0036957376450865967,-0.0034173561014360153,-0.0031598895416345496,-0.002921774476975627,-0.002701563146516012,-0.0024979151284884094,-0.0023095895168739715,-0.002135437658973353,-0.0019743964017392398,-0.0018254818124707048,-0.0016877833588473544,-0.0015604584901713606,-0.001442727625246608,-0.001333869487838999
-0.1370170092911143,-0.1278432689923392,-0.11920289599170573,-0.11107650033144033,-0.10344357745453692,-0.09628287808718201,-0.08957272486150417,-0.08329128136833197,-0.07741677787686323,-0.07192769826194173,-0.06680293239973108,-0.06202189815836661,-0.05756463694676123,-0.05341188625493931,-0.04954513249255335,-0.0459466470496849,-0.04259950821038985,-0.03948761123614035,-0.036595668510197174,-0.03390920198665588,-0.031414529013952364,-0.02909874300431107,-0.026949690229461684,-0.02495594364607029,-0.02310677455623122,-0.02139212278393051,-0.019802566005509295,-0.018329288684824595,-0.01696405098402093,-0.01569915801734568,-0.014527429592295983,-0.013442170757441882,-0.012437143277132884,-0.011506538083316581,-0.01064494884937774,-0.00984734671218803,-0.009109056174162774,-0.00842573219957884,-0.007793338505884207,-0.007208127031163366,-0.006666618554675372,-0.006165584436852711,-0.0057020294547690505,-0.0052731756704451896,-0.004876447314339428,-0.004509456614439082,-0.00416999054428493,-0.0038559984357343638,-0.0035655804032359052,-0.0032969765573146485,-0.0030485569272197133,-0.0028188120936410706,-0.0026063444466035844,-0.0024098600626151516,-0.00222816114583658,-0.0020601389955168126,-0.0019047674834161065,-0.0017610969781064812,-0.001628248721550265,-0.001505409593802792
-0.15072643549685186,-0.1407799326868586,-0.13139115363896972,-0.12254298206631781,-0.11421657896387662,-0.10639183139761872,-0.09904774276434512,-0.09216276960847493,-0.08571510889557388,-0.07968294028667444,-0.0740446277954961,-0.06877888522943622,-0.06386490974935961,-0.05928248736638504,-0.055012074126108035,-0.05103485634407582,-0.047332792959599294,-0.043888642739552765,-0.04068597857408858,-0.0377091915912166,-0.03494348637559022,-0.032374869087897315,-0.029990130079819127,-0.027776822133235235,-0.025723235341085,-0.02381836948481096,-0.02205190473954737,-0.02041417129266497,-0.018896118373403315,-0.017489283168690615,-0.016185759827663758,-0.014978169011331663,-0.013859628152588349,-0.0128237225075313,-0.011864477219065613,-0.010976330446674799,-0.010154107627728807,-0.009392996909368635,-0.008688525777956162,-0.008036538883144553,-0.007433177040029095,-0.006874857397613091,-0.0063582547488092835,-0.005880283933096906,-0.005438083307640597,-0.005028999232224021,-0.0046505715329069365,-0.004300519896961398,-0.003976731142745696,-0.0036772473415391483,-0.0034002547110238957,-0.0031440732787775933,-0.0029071472288808528,-0.0026880359236799763,-0.002485405543256488,-0.002298021301698968,-0.0021247402227818836,-0.0019645044074489805,-0.0018163347983313532,-0.0016793253725244876
-0.16422099098556292,-0.1535431849950197,-0.14344159611794918,-0.13390204376899517,-0.12490796702820033,-0.11644095051511931,-0.10848118823310109,-0.10100788939525228,-0.0939996294208283,-0.08743465034953778,-0.08129111493618411,-0.07554731891438067,-0.07018186599287601,-0.06517380968424602,-0.060502766084928716,-0.05614900135988483,-0.052093497404375,-0.04831799881196119,-0.04480504373317885,-0.04153798184284296,-0.03850098092002052,-0.035679024171838825,-0.03305790022803256,-0.03062418717447004,-0.028365231870700298,-0.026269125593125574,-0.024324677046442412,-0.022521383477164918,-0.020849400527902805,-0.01929951142601341,-0.017863095775278857,-0.016532098561709733,-0.015298999589799253,-0.014156783465999917,-0.013098910437388016,-0.012119288172167775,-0.011212244586726438,-0.010372501787785302,-0.00959515118800675,-0.00887562981171069,-0.008209697782589212,-0.00759341700866127,-0.007023131039344792,-0.006495446063763714,-0.006007213018659494,-0.0055555107708545855,-0.005137630329659367,-0.004751060051160214,-0.004393471775547512,-0.004062707874199396,-0.00375676912772619,-0.0034738034302637393,-0.003212095232655563,-0.0029700557142365858,-0.0027462136243677966,-0.002539206749884258,-0.0023477739900741607,-0.002170747967629728,-0.0020070481804380555,-0.0018556746213493562
-0.17749953751436548,-0.16613157740435283,-0.1553526443890678,-0.14515210335113787,-0.1355162434152264,-0.12642887694271498,-0.11787187506266686,-0.10982564218968102,-0.10226953160868282,-0.09518220574782572,-0.08854194501170273,-0.08232690953590116,-0.07651535848404681,-0.07108583114174437,-0.06601729419803241,-0.06128925928851258,-0.056881874631212345,-0.05277599425172996,-0.048953227706200884,-0.045395974007983904,-0.04208744147913791,-0.03901165599602478,-0.036153459900176405,-0.03349850319328574,-0.03103322850190186,-0.028744851050628278,-0.026621334914441495,-0.02465136644429894,-0.022824325658857704,-0.02113025632451959,-0.01955983506631961,-0.018104340292192603,-0.016755621204100554,-0.015506067053714332,-0.014348577048220547,-0.013276531030794209,-0.012283761085532325,-0.011364524169627924,-0.010513475867637215,-0.009725645307857585,-0.008996411243031553,-0.008321479342861137,-0.00769686067331599,-0.007118851354172105,-0.006584013354839316,-0.006089156417714851,-0.00563132105388363,-0.005207762585148625,-0.004815936171686494,-0.004453482802122545,-0.004118216170594077,-0.0038081104324475677,-0.00352128875234623,-0.003256012631872467,-0.0030106719572151807,-0.002783775720383855,-0.0025739433947418915,-0.002379896889848749,-0.0022004530899853805,-0.00203451689990571
-0.1905609785597465,-0.17854367954986183,-0.16712271902243775,-0.15629156459730129,-0.14603988630688633,-0.13635422276288023,-0.12721858473326383,-0.11861499653452114,-0.11052397580107819,-0.10292495427648311,-0.09579664281490714,-0.089117344586355,-0.0828652209691947,-0.07701851439070422,-0.07155573266077031,-0.0664557991076855,-0.06169817264372207,-0.05726294158166107,-0.05313089440650869,-0.04928357168222933,-0.04570330102501009,-0.042373217947457416,-0.03927727519615596,-0.03640024245979581,-0.03372769818407446,-0.031246014937650758,-0.028942339842295082,-0.02680457113267783,-0.02482133180502687,-0.022981941214685567,-0.02127638504650888,-0.019695284627960784,-0.018229865921521052,-0.016871928400131627,-0.015613814319145016,-0.014448378552391323,-0.013368959192892318,-0.012369349060030238,-0.011443768249607592,-0.010586837794003313,-0.009793554446900186,-0.00905926667758286,-0.008379651850378176,-0.00775069460739193,-0.007168666405400009,-0.006630106225208054,-0.006131802386673538,-0.005670775458131348,-0.005244262198317908,-0.0048497005080730534,-0.004484715321627503,-0.004147105424919407,-0.0038348311174952747,-0.0035460027021426395,-0.003278869743151052,-0.003031811044162087,-0.002803325325701679,-0.0025920225245286486,-0.002396615718457566,-0.0022159135971937544
-0.20340425940389595,-0.190778079650049,-0.17875024064085274,-0.16731881742883667,-0.15647735030531798,-0.1462155703756522,-0.1365200659112172,-0.12737488736869007,-0.11876208971186872,-0.11066221334226964,-0.10305470583412181,-0.09591828784022559,-0.08923126729895164,-0.08297180604190052,-0.0771181433661707,-0.07164878101238548,-0.0665426338962343,-0.061779150684085474,-0.05733840767431173,-0.05320118061312692,-0.049348996575306434,-0.04576416903952653,-0.04242981913376258,-0.039329885190563976,-0.03644912260615072,-0.03377309565910736,-0.03128816305678762,-0.028981458455819717,-0.026840867093535715,-0.02485499953653791,-0.02301316305907515,-0.021305331823401556,-0.019722116267711098,-0.01825473195653422,-0.01689496852489819,-0.015635158932130095,-0.014468149282198228,-0.013387269396205739,-0.012386304320158628,-0.01145946686625028,-0.010601371216380088,-0.009807007715737254,-0.009071718833105077,-0.00839117633723393,-0.007761359630058532,-0.007178535289005374,-0.006639237738923356,-0.006140251059867425,-0.0056785918683543175,-0.005251493250260005,-0.004856389682323135,-0.004490902924943011,-0.0041528288072813285,-0.0038401248855733255,-0.003550898916741627,-0.003283398096029087,-0.0030359990382167754,-0.002807198422247973,-0.0025956043020627663,-0.002399928001701386
-0.21602836721483148,-0.2028333849496024,-0.19023363037884974,-0.17823223818730746,-0.16682706645620385,-0.15601147224786624,-0.14577503395235403,-0.13610421533513295,-0.12698296759768382,-0.11839326905545727,-0.11031560331764732,-0.10272937843491309,-0.0956132905594298,-0.08894563587157311,-0.08270457520350567,-0.07686835581509706,-0.07141549479957189,-0.06632492841148797,-0.061576130988083316,-0.057149208505913415,-0.053024969085316946,-0.049184973881384306,-0.04561157168611312,-0.042287919644827546,-0.039197992342661525,-0.03632658113191875,-0.03365928573372884,-0.031182499549606592,-0.028883390007440335,-0.026749875101711857,-0.024770596736409,-0.022934892259141946,-0.021232764666757893,-0.01965485179361761,-0.018192395241226768,-0.016837209318604024,-0.015581650312181108,-0.014418586319478772,-0.01334136788141774,-0.012343799546464676,-0.01142011241158342,-0.010564937815990981,-0.00977328216601173,-0.009040502976090457,-0.008362286055801093,-0.0077346239339590684,-0.007153795426651462,-0.006616346375725996,-0.0061190714956184345,-0.005658997307977099,-0.005233366110213679,-0.004839620955315036,-0.004475391570124546,-0.0041384811894403396,-0.003826854250133022,-0.0035386248920202556,-0.0032720462446790308,-0.003025500418324049,-0.002797489200484338,-0.002586625374688748
-0.22843233112031208,-0.21470822216862517,-0.20157131035797282,-0.1890301899379366,-0.177087442290259,-0.1657404506744054,-0.15498217040882364,-0.1448018460827045,-0.13518566941382842,-0.12611737529889336,-0.11757877530970463,-0.10955022991895413,-0.10201106216869438,-0.0949399159927942,-0.08831506332266231,-0.08211466431392328,-0.07631698519757844,-0.07090057817131167,-0.06584442715388486,-0.061128064811014834,-0.05673166332556924,-0.052636102636609006,-0.04882301981181818,-0.04527484221661602,-0.041974806998512346,-0.03890696897366122,-0.03605619922232626,-0.03340817602495925,-0.030949369660048888,-0.028667022383511053,-0.026549124300699833,-0.02458438674881113,-0.02276221375027975,-0.021072671909714968,-0.01950645964959204,-0.01805487611284361,-0.016709790118499872,-0.01546360945808003,-0.014309250824361706,-0.0132401105446561,-0.012250036181824783,-0.011333299232621405,-0.010484568903838398,-0.009698887091638976,-0.008971644482120865,-0.008298557908066367,-0.007675648853960611,-0.007099223158978561,-0.006565851856831586,-0.006072353133691723,-0.005615775361478242,-0.005193381177931836,-0.004802632548652065,-0.004441176784570848,-0.004106833462130584,-0.0037975821911737967,-0.003511551209513463,-0.003247006721236784,-0.0030023429792251253,-0.0027760730268240976
-0.24061522227553744,-0.226401237958246,-0.21276170417839615,-0.19971102279361735,-0.18725686188369106,-0.1754009975523905,-0.16414012254016802,-0.1534666095626307,-0.14336921995544588,-0.13383375277424353,-0.12484363165724958,-0.11638042926675815,-0.10842433093732243,-0.10095453999025224,-0.09394962836275662,-0.0873878366269609,-0.08124732781280189,-0.07550639948341924,-0.07014365797120888,-0.06513816049207599,-0.06046952774396492,-0.05611803097022672,-0.05206465747713037,-0.04829115752215887,-0.044780075352045166,-0.041514766692146494,-0.038479405272786156,-0.03565898022569714,-0.03303928607604244,-0.03060690681510131,-0.028349194873776302,-0.02625424685582474,-0.02431087667713443,-0.022508586550045197,-0.020837536853137755,-0.01928851527869594,-0.017852905716669195,-0.01652265722116026,-0.015290253412804083,-0.014148682532110135,-0.013091408227331394,-0.012112341365447116,-0.011205812849528625,-0.010366547612842197,-0.00958963969512818,-0.008870528584884593,-0.008204976704034283,-0.0075890481106977,-0.007019088360799028,-0.006491705511925882,-0.006003752239954767,-0.005552309033379556,-0.005134668410315928,-0.004748320127448568,-0.004390937332242925,-0.004060363601959612,-0.003754600848419008,-0.0034717980051176185,-0.003210240495737404,-0.0029683403983467816
-0.2525761539246241,-0.23791109936247606,-0.22380323742702224,-0.2102730742600147,-0.19733368593847572,-0.18499157416928408,-0.17324750282955131,-0.16209729932021852,-0.15153260798423457,-0.14154158802529443,-0.13210955098710786,-0.12321953585893951,-0.1148528220918442,-0.10698938201703592,-0.09960827564342874,-0.09268799149130362,-0.08620673765970811,-0.08014268750864918,-0.07447418387387701,-0.06917990777318979,-0.06423901431126769,-0.05963123998311113,-0.05533698566925983,-0.05133737848196751,-0.04761431549592677,-0.04415049187562645,-0.040929416266978186,-0.03793541549154145,-0.03515363047950562,-0.03257000509604428,-0.030171268796419508,-0.027944915220522476,-0.025879177464137804,-0.02396300053741592,-0.022186012204385114,-0.020538492665047575,-0.019011343616830004,-0.01759605710453888,-0.01628468457891135,-0.015069806425782475,-0.013944502071889207,-0.012902321020330246,-0.011937254802376175,-0.011043710065692356,-0.010216482690971073,-0.009450733174814605,-0.00874196313854592,-0.008085993067633367,-0.007478941225135334,-0.0069172037252484215,-0.00639743575284346,-0.005916533886814388,-0.005471619483924825,-0.005060023087868688,-0.004679269819923657,-0.004327065693572707,-0.004001284832166709,-0.0036999575064772393,-0.00342125898951175,-0.003163499142925691
-0.26431428145586217,-0.24923649428614097,-0.23469433820217883,-0.2207146696022899,-0.20731625188331507,-0.194510611005919,-0.18230288850608017,-0.17069267178249636,-0.15967478534104784,-0.14924003243821865,-0.13937587965291645,-0.13006708042733822,-0.12129623625981843,-0.1130442958519141,-0.1052909943171696,-0.09801523552495538,-0.09119542142371183,-0.08480973254681393,-0.07883636354445867,-0.07325371986394351,-0.06804057834873242,-0.06317621613273196,-0.0586405124000234,-0.054414026396926204,-0.050478054975385676,-0.04681467238331112,-0.043406755451999124,-0.0402379964262396,-0.037292905588928095,-0.034556805507336724,-0.032015817957417585,-0.02965684589800184,-0.02746755132818346,-0.025436329614829452,-0.023552281645136997,-0.021805184340411527,-0.020185460150889862,-0.018684146008721533,-0.017292862230796093,-0.01600378168449896,-0.014809599346963395,-0.013703502680770727,-0.0126791428168564,-0.01173060681919804,-0.010852390909047365,-0.010039374945713121,-0.009286798005941956,-0.008590235198500948,-0.007945575660943883,-0.00734900172778408,-0.0067969692735020725,-0.006286189180517379,-0.0058136099024428565,-0.0053764010824658166,-0.004971938189321787,-0.004597788112379356,-0.004251695695210971,-0.003931571125442898,-0.0036354781763801624,-0.0033616232154471035
-0.27582880245074287,-0.26037613196871373,-0.24543343765501502,-0.23103412223397105,-0.21720287399614488,-0.20395650755548578,-0.19130482107420735,-0.17925144554254174,-0.1677946660447507,-0.1569282012187357,-0.14664193065134026,-0.13692256396377614,-0.12775424841524674,-0.11911911391556755,-0.11099775648094964,-0.10336966244983833,-0.09621357680419922,-0.08950781950237834,-0.0832305535005571,-0.0773600106607706,-0.07187467833653696,-0.06675345113909938,-0.06197575269886198,-0.05752163101763116,-0.053371830923219704,-0.04950784653580026,-0.04591195717639893,-0.04256724917071105,-0.039457625919222035,-0.036567808235107115,-0.03388332613260003,-0.031390504706968095,-0.02907644504015638,-0.026929000800421068,-0.024936752059065377,-0.023088976940368676,-0.021375621812558757,-0.019787270569715628,-0.018315113572717028,-0.016950916617488043,-0.01568699008781758,-0.014516158791116817,-0.013431732472642012,-0.01242747734211411,-0.011497588475489425,-0.010636663453299217,-0.009839677059030997,-0.009101957209091842,-0.008419162065851978,-0.00778725832660538,-0.007202500711669338,-0.006661412593438753,-0.006160767752355285,-0.005697573214409287,-0.0052690531398072215,-0.004872633703774004,-0.0045059289493630805,-0.00416672753172157,-0.0038529803472225517,-0.0035627889639077543
-0.2871189567267639,-0.27132874346390057,-0.2560189705477162,-0.24122973412851947,-0.22699184354912003,-0.21332763215958386,-0.2002518058512852,-0.1877723006413249,-0.17589112537778834,-0.16460517234616415,-0.15390698250709817,-0.14378545659165407,-0.13422650678305964,-0.12521364624420855,-0.11672851624539776,-0.10875135227404152,-0.1012613918196683,-0.09423722731599088,-0.08765710765124099,-0.08149919442304611,-0.07574177570163601,-0.07036344187472562,-0.06534322859425971,-0.060660730606207844,-0.0562961901909963,-0.05223056330502566,-0.048445567128837956,-0.04492371168114155,-0.041648318090821694,-0.03860352570316027,-0.035774289334145275,-0.03314636958997014,-0.03070631729107533,-0.028441452755231883,-0.026339841637521188,-0.024390268028439455,-0.022582205610856613,-0.02090578750324482,-0.019351775438491356,-0.017911528705854617,-0.01657697304222461,-0.015340570051968113,-0.014195287156380501,-0.013134568470952715,-0.012152306457442294,-0.011242814781855931,-0.0104008021823667,-0.009621347556680223,-0.00889987622583986,-0.00823213737143542,-0.007614182691520123,-0.00704234620811404,-0.006513225229965497,-0.006023662419605172,-0.00557072894259842,-0.005151708639747704,-0.004764083202806101,-0.004405518275553151,-0.004073850471339256,-0.0037670752256651575
-0.29818402637400354,-0.2820930821247585,-0.26644937582859646,-0.2512997962540952,-0.23668142897696565,-0.22262232186244804,-0.20914231151436152,-0.19625387784793444,-0.1839629989589587,-0.17226998550439404,-0.16117027812632942,-0.15065519639944533,-0.14071263170132808,-0.13132767941892956,-0.12248320875966189,-0.11416037043132148,-0.10633904407297065,-0.09899822835989622,-0.09211637682176119,-0.085671685422211,-0.07964233458350657,-0.07400669023727452,-0.06874346908244555,-0.0638318719897061,-0.05925168947575892,-0.05498338250323002,-0.05100814257887677,-0.04730793401188751,-0.043865521145861106,-0.0406644829144849,-0.0376892161703829,-0.03492493098535048,-0.03235763907086795,-0.029974136164276945,-0.02776198025907427,-0.02570946647092952,-0.02380559943767626,-0.02204006396295834,-0.020403194638724486,-0.01888594493759932,-0.01747985599238046,-0.016177025728369453,-0.014970078355802885,-0.013852134689853756,-0.01281678312869332,-0.01185805179576067,-0.010970381629934278,-0.010148600674201542,-0.009387899526319953,-0.00868380795309174,-0.008032172737971185,-0.0074291366853504355,-0.006871118804995869,-0.006354795619750763,-0.00587708358381362,-0.005435122552471275,-0.00502626028473751,-0.004648037903927078,-0.004298176304733158,-0.003974563428266448
-0.30902333578547203,-0.29266792409418785,-0.27672309722416893,-0.26124258903207703,-0.24626987606965925,-0.23183888228452804,-0.21797476965739174,-0.20469477793914465,-0.1920090818039472,-0.17992164098985178,-0.16843102361785875,-0.15753118823516638,-0.14721221443985866,-0.1374609754491175,-0.12826174919004105,-0.11959676687580888,-0.11144669997456517,-0.10379108779518832,-0.09660870824461529,-0.08987789756215149,-0.08357682157620513,-0.07768370300353576,-0.07217701008223942,-0.06703561060415364,-0.06223889544153947,-0.057766874970471706,-0.053600252619588604,-0.049720478603061266,-0.04610978687145635,-0.04275121780189561,-0.03962862821638249,-0.0367266922112777,-0.03403089406023171,-0.03152751413142151,-0.029203609883352258,-0.02704699282635563,-0.025046202450033136,-0.023190477913275075,-0.02146972832250395,-0.019874502156824427,-0.018395956090649656,-0.01702582397142682,-0.015756385966794594,-0.01458043842290387,-0.013491264247227082,-0.012482604402402637,-0.01154863027367453,-0.010683917204726842,-0.009883419172975864,-0.009142444611150465,-0.008456633471680882,-0.007821935447096074,-0.007234589391880318,-0.006691103882613721,-0.006188238914297738,-0.005722988674228142,-0.005292565375953103,-0.004894384082346206,-0.004526048503578257,-0.004185337695117177
-0.3196362516812335,-0.3030520688005759,-0.2868385838482395,-0.271056382819836,-0.25575540819037973,-0.24097558751662307,-0.22674757436009163,-0.21309356097933288,-0.20002812737426873,-0.18755909859661127,-0.1756883870819859,-0.16441280246092285,-0.15372481597381812,-0.14361327060819457,-0.13406403165040492,-0.12506057512979324,-0.11658451392160353,-0.10861606288874119,-0.10113444501489499,-0.09411824396891007,-0.0875457054450027,-0.08139499166321114,-0.07564439437476127,-0.07027251052823817,-0.06525838483487229,-0.060581622760084136,-0.05622247841161962,-0.052161920572601064,-0.0483816801300818,-0.0448642815879372,-0.0415930603955807,-0.03855216986224174,-0.03572657903603869,-0.03310206258860299,-0.030665184959767094,-0.02840327975007679,-0.026304425467648353,-0.02435741851753905,-0.022551744354244965,-0.0208775474278312,-0.019325600209841944,-0.01788727215402394,-0.01655449861408029,-0.01531975033955873,-0.014176003345333671,-0.013116709827088254,-0.012135769863424597,-0.011227504246773315,-0.010386628422861635,-0.009608227551316293,-0.008887732813208779,-0.008220898867945357,-0.007603782529183419,-0.007032722589942537,-0.006504320806608136,-0.0060154239840504485,-0.0055631071457030185,-0.005144657722462726,-0.004757560743167385,-0.0043994849562622685
-0.3300221831263078,-0.31324433945839997,-0.2967942908280865,-0.2807394384183104,-0.26513622651971763,-0.2500306800358357,-0.23545908176972907,-0.2214487456018535,-0.20801884661531866,-0.19518127647884445,-0.18294149736642715,-0.17129937366662498,-0.16024996571099728,-0.14978427421992685,-0.13988992808234202,-0.13055181128233628,-0.12175262743051758,-0.11347340228751415,-0.10569392550771854,-0.0983931365477091,-0.09154945681578837,-0.08514107223092685,-0.07914617152666727,-0.0735431445055064,-0.06831074459344542,-0.06342821932145323,-0.058875413428282064,-0.05463284801261317,-0.05068177919697752,-0.04700423915414683,-0.04358306137267728,-0.04040189421834092,-0.0374452042907241,-0.034698270719909635,-0.03214717285169839,-0.029778772414756075,-0.02758069138652832,-0.02554128654216317,-0.023649621706376453,-0.021895438414783346,-0.020269125308699985,-0.018761687221309477,-0.017364713986193683,-0.016070349673808135,-0.01487126203289479,-0.013760612900539478,-0.012732029298854542,-0.011779575611019994,-0.010897726826311691,-0.010081342873014008,-0.009325644196823673,-0.008626188475726168,-0.007978848567559704,-0.007379791613401196,-0.006825459319524755,-0.006312549361406252,-0.005837997895147373,-0.005398963115877564,-0.004992809842620633,-0.004617095064549191
-0.34018058154235,-0.32324358357355965,-0.3065886799477457,-0.29029000760486695,-0.2744105103271042,-0.2590023706446185,-0.24410760969719414,-0.22975880829301737,-0.21597990698429967,-0.2027870499908601,-0.19018944278908997,-0.17819019934197924,-0.16678716017130465,-0.15597366739345014,-0.14573928708288675,-0.13607047293637584,-0.1269511682206972,-0.1183633452478368,-0.11028748275543489,-0.10270298550510884,-0.09558854783525567,-0.088922465034729,-0.08268289779541721,-0.07684809395387333,-0.07139657194694658,-0.06630726967941888,-0.061559663701216,-0.05713386228973325,-0.05301067610454356,-0.04917166941980154,-0.04559919395807337,-0.04227640966776521,-0.03918729406614768,-0.03631664140109143,-0.03365005427678738,-0.031173928947349015,-0.028875435609280686,-0.02674249477753295,-0.024763750868653116,-0.02292854377774283,-0.021226878813390283,-0.019649396056751426,-0.018187339185497232,-0.01683252455783926,-0.015577310314578685,-0.014414566359687648,-0.013337644914076097,-0.01234035208906083,-0.011416920480268919,-0.010561982807783008,-0.00977054679451066,-0.009037971161707545,-0.00835994286676796,-0.007732455499009668,-0.007151788870545228,-0.006614489747373266,-0.006117353707821573,-0.005657408074501349,-0.005231895895725577,-0.004838260917507181
-0.3501109407131109,-0.333048673453232,-0.3162202203084422,-0.29970633369198385,-0.283576417270499,-0.26788883843427114,-0.25269143722878495,-0.238022182679948,-0.22390993146892413,-0.2103752505050987,-0.19743126982744133,-0.18508453850591308,-0.17333586161710715,-0.16218110170518654,-0.1516119326776482,-0.1416165381019202,-0.13218024924673616,-0.12328612081713412,-0.11491544378215557,-0.10704819883402752,-0.09966345179982335,-0.09273969447925748,-0.08625513601504062,-0.08018794896115639,-0.0745164745090759,-0.06921939060953068,-0.06427584806609614,-0.05966557834921061,-0.05536897699362703,-0.051367165730229376,-0.04764203552408087,-0.0441762751428379,-0.04095338700242053,-0.03795769165508777,-0.03517432376398147,-0.03258922088331578,-0.030189106492888144,-0.027961468476411303,-0.025894534274848533,-0.023977243585827226,-0.022199219015752465,-0.020550735864488995,-0.019022691093984766,-0.0176065723709046,-0.016294426921626783,-0.01507883116242727,-0.013952860775565182,-0.012910061734822087,-0.011944422293619921,-0.011050345969035437,-0.0102226257507142,-0.00945641940092623,-0.008747226002207965,-0.00809086366053449,-0.007483448416776134,-0.006921374313677651,-0.006401294607464074,-0.005920104077793781,-0.005474922408200241,-0.0050630785852307575
-0.3598127967836891,-0.3426585067199945,-0.32568738900615,-0.30898665211223897,-0.29263208372531857,-0.27668823077424265,-0.26120880435518073,-0.24623725882363112,-0.2318074975978008,-0.21794466420845632,-0.20466598177422549,-0.19198161029256397,-0.17989549663296261,-0.16840619782570487,-0.15750766303702002,-0.14718996403276266,-0.13743996767655817,-0.1282419469653984,-0.11957812889299467,-0.11142918175915645,-0.10377464275102542,-0.09659328878158352,-0.0898634554606599,-0.08356330826520006,-0.07767107035959005,-0.07216521080830372,-0.06702459840778967,-0.062228625022355884,-0.05775730247154929,-0.0535913362547316,-0.0497121784331335,-0.04610206456998463,-0.042744036602168106,-0.03962195312413576,-0.03672049012798688,-0.03402513363878179,-0.03152216581472836,-0.02919864581066842,-0.02704238674768088,-0.02504192974835615,-0.023186515489175406,-0.02146605456885179,-0.019871096755708077,-0.018392800104225896,-0.017022899659046832,-0.0157536768171117,-0.014577928994142926,-0.013488940159352706,-0.012480452265223322,-0.011546637613831791,-0.010682072428431656,-0.009881711483214702,-0.009140863981531917,-0.008455170582347547,-0.007820581644716978,-0.0072333366400734915,-0.00668994472365608,-0.006187166427320748,-0.0057219964417995015,-0.005291647444648152
-0.3692857282535711,-0.35207200682999684,-0.33498867182629766,-0.31812919103011106,-0.3015756251436727,-0.2853986633286826,-0.2696579116191782,-0.25440238251858754,-0.23967113644358876,-0.22549403087746317,-0.21189253735941088,-0.198880592493048,-0.18646545465334502,-0.17464854408959635,-0.16342624913314466,-0.15279068600410417,-0.1427304038126611,-0.13323102966361208,-0.12427585091528953,-0.11584633614018502,-0.10792259503500455,-0.10048377967760784,-0.09350843168995754,-0.08697477921706835,-0.08086098811514988,-0.07514537105753806,-0.06980655990430587,-0.06482364533695639,-0.06017628797671741,-0.05584480439416314,-0.05181023047820919,-0.04805436733400107,-0.04455981171074903,-0.041309972559097165,-0.03828907696184518,-0.03548216700142134,-0.03287508925764931,-0.030454478347183362,-0.028207735962824193,-0.026123006464849576,-0.02418914952295325,-0.022395711231891578,-0.020732893776672853,-0.019191524742749953,-0.01776302576899599,-0.016439381727551296,-0.015213110051760795,-0.014077230839702927,-0.013025237775308665,-0.012051069917316902,-0.011149084667272558,-0.010314031755519941,-0.009541028471889628,-0.008825536032287435,-0.008163337169429173,-0.007550514900520706,-0.006983432465699996,-0.006458714409010174,-0.005973228765617998,-0.005524070320512494
-0.3785293559634732,-0.3612881235949162,-0.34412256395556257,-0.32713217198105926,-0.31040513644491535,-0.2940182201016853,-0.27803691978380796,-0.2625158546006898,-0.2474993316200396,-0.23302204263288598,-0.21910984933827182,-0.2057806200522183,-0.19304508643692295,-0.1809076950063682,-0.1693674333351763,-0.15841861602833293,-0.14805161995354446,-0.13825356190613713,-0.129008914388886,-0.12030005983008735,-0.11210778282358243,-0.10441170209676352,-0.09719064635963064,-0.09042297772566611,-0.08408686698765583,-0.07816052438169425,-0.0726223912688243,-0.06745129683021402,-0.06262658414962995,-0.058128209198200595,-0.053936815335697975,-0.0500337887570176,-0.046401297012952994,-0.04302231232662906,-0.03988062314835848,-0.0369608356408664,-0.03424836691496752,-0.031729431543817785,-0.029391022932946594,-0.02722089069482657,-0.025207514576086186,-0.02334007648988322,-0.021608430743133754,-0.02000307366467502,-0.018515112311253946,-0.017136233554387724,-0.015858673143913572,-0.01467518544268364,-0.013579013891007689,-0.012563862260548897,-0.01162386705418153,-0.010753570876170229,-0.009947897038427096,-0.009202125285100558,-0.00851186874364619,-0.00787305205869058,-0.00728189070523832,-0.006734871463593937,-0.00622873401504037,-0.005760453633535853
-0.38754334307598653,-0.37030583370744646,-0.3530875707107349,-0.33599381053836874,-0.319118692438595,-0.3025449535127398,-0.28634394952253606,-0.27057593026470694,-0.25529051827417293,-0.24052734267442746,-0.22631678304558764,-0.21268078351968223,-0.19963370248596093,-0.1871831697103167,-0.1753309279403322,-0.16407364150609213,-0.15340365919226234,-0.1433097226739373,-0.13377761470238933,-0.12479074598550194,-0.1163306795941566,-0.10837759380254493,-0.1009106870146669,-0.0939085281819562,-0.08734935682856398,-0.08121133619714838,-0.07547276498893779,-0.07011225186363779,-0.0651088572099586,-0.060442205792227095,-0.05609257303085303,-0.052040950592478465,-0.04826909354666316,-0.044759550934829195,-0.04149568339109169,-0.03846166963945426,-0.035642503816258886,-0.03302398526637774,-0.03059270251270845,-0.02833601264835851,-0.026242016751474282,-0.02429953300973433,-0.022498067659223256,-0.02082778505965982,-0.01927947656167583,-0.017844529593698748,-0.01651489653852372,-0.015283064164313416,-0.014142023686790095,-0.013085241532448395,-0.012106631207509702,-0.011200526081738214,-0.01036165339465211,-0.009585109357045919,-0.008866335477368597,-0.008201096073298102,-0.007585456968079376,-0.007015765365663379,-0.006488630858751396,-0.006000907556052506
-0.3963273950500377,-0.37912414127004923,-0.36188220828456896,-0.34471231700820787,-0.3277143482808465,-0.3109768845039319,-0.2945770811333345,-0.27858081839331733,-0.2630430820749592,-0.24800852399632822,-0.23351215491606225,-0.21958012745440017,-0.2062305714094428,-0.19347445034733038,-0.18131641363815684,-0.1697556238096886,-0.15878654414890794,-0.14839967583536035,-0.13858223717215498,-0.1293187823261253,-0.12059175756557135,-0.1123819949962968,-0.10466914684819752,-0.09743206336086967,-0.09064911815764577,-0.08429848445213564,-0.07835836756225414,-0.07280719793934093,-0.06762378933945366,-0.06278746581382336,-0.058278160416039566,-0.05407649153454728,-0.05016381923404772,-0.04652228357804102,-0.04313482876575365,-0.03998521504419466,-0.037058020474892935,-0.03433863432756458,-0.03181324392576268,-0.029468816298435802,-0.027293075291569317,-0.02527447596637191,-0.023402176404969582,-0.0216660083667475,-0.02005644642962085,-0.01856457717380828,-0.01718206795222047,-0.01590113608584583,-0.014714518580654009,-0.013615442446689188,-0.012597596075228213,-0.011655101467260396,-0.010782487665390405,-0.009974665252349097,-0.009226902068588547,-0.008534800113890292,-0.007894273635819692,-0.0073015284118962374,-0.006753042174319413,-0.006245546175690046
-0.40488125960916804,-0.38774207832669766,-0.37050500450855695,-0.35328589715335196,-0.3361901399653054,-0.31931200268048143,-0.3027343542784664,-0.28652868089937106,-0.2707553581999533,-0.2554641280847354,-0.24069473097108857,-0.22647764878222731,-0.2128349182285001,-0.19978098039651612,-0.18732353790531725,-0.17546439679574088,-0.16420027563367665,-0.15352356898099936,-0.14342305606054892,-0.1338845503397762,-0.12489148708683549,-0.11642544788142532,-0.10846662442942753,-0.10099422429877575,-0.09398682217441921,-0.08742265975598022,-0.08127989972730333,-0.07553683801702397,-0.07017207907025508,-0.06516467785873498,-0.06049425166188931,-0.056141067743254496,-0.052086109430786204,-0.04831112270148343,-0.04479864729274247,-0.04153203444084745,-0.038495453458274646,-0.03567388904893316,-0.03305313131480163,-0.030619759916211388,-0.028361123096563464,-0.026265313542178977,-0.024321141215757028,-0.022518104733041333,-0.02084636089538199,-0.019296694071288496,-0.017860484944980774,-0.016529679547300925,-0.015296758686963893,-0.014154707874376437,-0.013096988248076001,-0.012117508280557862,-0.011210596663032675,-0.010370976222159625,-0.009593739045771687,-0.008874322787656557,-0.008208488157800162,-0.007592297618960095,-0.007022095232831702,-0.006494487667503494
-0.4132047267036475,-0.3961587053973203,-0.3789544996325071,-0.36171275294598765,-0.34454408484961574,-0.32754826648624646,-0.3108137677519168,-0.2944176320833335,-0.2784256303214857,-0.2628926435978655,-0.2478632252721522,-0.23337229510583887,-0.21944592262276477,-0.2061021629245236,-0.19335191332819907,-0.18119976524386394,-0.1696448312369965,-0.1586815321889877,-0.14830033352983618,-0.1384884244296249,-0.12923033597540928,-0.12050849618505274,-0.11230372339701149,-0.10459566014425459,-0.09736315075038676,-0.0905845654961311,-0.08423807668864944,-0.07830189083089766,-0.07275444167818401,-0.06757454793617629,-0.06274153876148769,-0.05823535338574841,-0.054036617493880015,-0.05012669858641893,-0.046487744531704164,-0.04310270755106476,-0.039955355981827194,-0.03703027584695083,-0.03431286431579299,-0.03178931663028858,-0.029446607266285802,-0.02727246744964158,-0.025255359184387184,-0.023384447494272462,-0.021649570468716264,-0.02004120894722732,-0.018550455334155367,-0.01716898253948861,-0.01588901318687502,-0.014703289193410154,-0.013605042288504302,-0.012587965231483847,-0.011646184177858695,-0.010774232036769332,-0.009967023022795882,-0.009219828377938236,-0.008528253274028744,-0.007888214931684071,-0.0072959218931344,-0.006747854475079419
-0.42129762846642593,-0.40437311201466436,-0.38722924712082124,-0.3699910833500269,-0.35277418221862106,-0.33568360341586223,-0.31881327927648856,-0.3022457380079397,-0.2860521295941382,-0.2702925050301068,-0.2550162983412315,-0.24026296296655456,-0.2260627171163095,-0.21243735877044492,-0.199401115850505,-0.18696150321809513,-0.17512016384308823,-0.16387367671691452,-0.153214318527862,-0.1431307709998454,-0.13360876880153857,-0.12463168463388877,-0.11618105211500558,-0.10823702797970093,-0.10077879640002287,-0.0937849179413626,-0.08723362833496014,-0.08110309120566989,-0.07537160958049693,-0.07001779993326807,-0.0650207320476715,-0.06036004119395963,-0.05601601536856821,-0.05196965995655172,-0.048202744198934944,-0.04469783185354092,-0.04143829852775928,-0.03840833784426496,-0.03559295865756244,-0.03297797501124539,-0.030549989667014117,-0.028296373478429237,-0.026205240786945375,-0.02426542267843903,-0.022466437669643444,-0.020798461804892455,-0.019252297628987836,-0.017819343115592915,-0.016491560717373857,-0.015261446655521425,-0.014122001076360021,-0.013066698816985824,-0.012089461283279647,-0.011184629271870599,-0.010346936967096553,-0.009571487095136583,-0.008853727249732461,-0.008189427442119505,-0.0075746588062605,-0.007005773501168751
-0.42915983916294004,-0.41238441726326736,-0.395327814465314,-0.3781190851333,-0.3608784138853047,-0.3437159102652099,-0.326730805332629,-0.31001101589218066,-0.29363303364532667,-0.2776620913613041,-0.26215255554866745,-0.24714849605763353,-0.23268438520182616,-0.21878588465909118,-0.20547068294294019,-0.19274935234758112,-0.18062620006310232,-0.1691000936162956,-0.1581652456014232,-0.14781194747570264,-0.13802724611485997,-0.1287955583808603,-0.12009922328831493,-0.1119189926110846,-0.1042344622282677,-0.09702444632932514,-0.09026729944864793,-0.08394119037061666,-0.07802433273748659,-0.0724951760883394,-0.06733256072346239,-0.06251584303898267,-0.05802499419488719,-0.05384067460639267,-0.04994428880853976,-0.046318023230218275,-0.04294486948975308,-0.03980863550739543,-0.03689394678797984,-0.034186239682677734,-0.031671747524502365,-0.029337482068204482,-0.02717121043376437,-0.025161429533794202,-0.023297337532743673,-0.02156880446998923,-0.01996634148677292,-0.018481069823413115,-0.0171046897799871,-0.015829449771984985,-0.014648116172260077,-0.013553943662899083,-0.012540646656866472,-0.01160237160968726,-0.010733670481797408,-0.009929475340756057,-0.009185074122222565,-0.008496087620144147,-0.007858447630662999,-0.007268376308416869
-0.43679127513478194,-0.42019177032023175,-0.4032487840144244,-0.38609495371002445,-0.3688547448305902,-0.3516430534219864,-0.33456422102119265,-0.3177114335269179,-0.30116646557103016,-0.28499972469269036,-0.2692705454691501,-0.2540276833887525,-0.23930995940180483,-0.22514701124051303,-0.21156011169208483,-0.19856302002300763,-0.18616283858387553,-0.17436085226541212,-0.16315333363306425,-0.15253230125388892,-0.14248622360930777,-0.13300066237882988,-0.12405885353434153,-0.1156422263230114,-0.10773086185212133,-0.10030389293650556,-0.09333984990558507,-0.08681695627066968,-0.08071337905726081,-0.07500743747278207,-0.06967777340566163,-0.0647034905224831,-0.06006426493441731,-0.05574043005234,-0.051713040338245427,-0.04796391663857781,-0.04447567584472356,-0.041231747312084684,-0.03821637852805421,-0.035414631960108765,-0.032812374044591856,-0.030396258908526996,-0.02815370704684016,-0.026072881082514945,-0.024142658136277716,-0.022352601094806673,-0.02069292819191735,-0.019154482159492493,-0.017728699170337148,-0.016407577719135556,-0.015183648199738064,-0.014049942883484297,-0.012999966918125824,-0.012027670155888704,-0.011127420102687564,-0.010293975985391253,-0.009522463960847485,-0.008808353556321702,-0.008147435258912348,-0.007535799330816467
-0.4441918947372444,-0.4277943509974843,-0.41099075381861244,-0.393916884013864,-0.37670112388304855,-0.3594628691981098,-0.34231135996234074,-0.32534490871445154,-0.3086504929387525,-0.2923036688709749,-0.2763687582065251,-0.26089925740141223,-0.24593841926545293,-0.23151996105354822,-0.21766885680537928,-0.20440217750503953,-0.19172994842810168,-0.17965599881601657,-0.16817878449670792,-0.1572921685785864,-0.146986151222003,-0.13724754069740885,-0.1280605629072399,-0.11940740859593169,-0.11126871929366315,-0.10362401312840076,-0.09645205486318048,-0.08973117387325603,-0.08343953480287215,-0.07755536448102289,-0.0720571386815136,-0.06692373558533786,-0.06213455901770525,-0.05766963420719728,-0.053509680920804936,-0.04963616681111834,-0.046031343852864386,-0.04267827043760989,-0.039560821755299416,-0.03666369051917301,-0.03397237906283501,-0.03147318556730118,-0.02915318466513962,-0.0270002047014762,-0.025002801157515034,-0.02315022868758915,-0.021432411159190073,-0.019839911046364955,-0.018363898429730522,-0.016996119764825183,-0.015728867247237984,-0.014554948459749487,-0.013467656984014727,-0.012460743773215491,-0.01152838961092376,-0.010665178661489189,-0.009866073140804505,-0.009126389217751222,-0.008441774056560072,-0.007808184096534551
-0.4513616982707578,-0.4351913702851983,-0.4185523384917611,-0.401583071401941,-0.3844154844396289,-0.36717316420582685,-0.3499700142329614,-0.33290930873461183,-0.3160831268000687,-0.299572128102389,-0.28344562368837134,-0.26776189203522105,-0.25256868930024046,-0.23790390641126008,-0.22379632852921136,-0.21026645794101922,-0.19732736712162735,-0.18498555454928928,-0.1732417816273651,-0.16209187333854055,-0.15152747216160525,-0.14153673577864928,-0.13210497437096722,-0.1232152257821477,-0.11484876884164998,-0.10698557538757583,-0.099604704934989,-0.092684645469557,-0.08620360500090606,-0.08013975732814092,-0.07447144567834564,-0.0691773511337658,-0.06423662901290135,-0.059629016078906534,-0.05533491356196018,-0.0513354489831463,-0.04761251978724385,-0.04414882149143056,-0.04092786311782516,-0.037933972094573894,-0.035152289724665144,-0.032568760149306986,-0.030170113079340526,-0.02794384273165415,-0.025878182455764207,-0.023962077668604233,-0.02218515646260175,-0.020537699334312147,-0.01901060832011658,-0.017595375717101926,-0.0162840532911939,-0.015069221637722693,-0.013943960443291992,-0.01290181943286867,-0.01193679036245322,-0.011043280071825465,-0.010216084631702795,-0.009450364717744564,-0.008741622113948973,-0.008085677462849782
-0.4583007279062282,-0.44238207089603293,-0.4259321700883159,-0.4090917125900649,-0.3919957452284485,-0.3747717157793232,-0.3575379343449813,-0.3404024498399524,-0.3234623207151673,-0.30680324555853716,-0.2904995099313716,-0.2746142007450426,-0.2591996368369528,-0.24429796720607685,-0.22994189047692376,-0.21615545428594793,-0.20295489876330386,-0.19034951413610507,-0.17834248849981962,-0.1669317257800722,-0.15611062186123617,-0.1458687876270522,-0.1361927132169762,-0.12706637073696064,-0.11847175487855595,-0.11038936131700312,-0.10279860634978992,-0.09567819096863665,-0.08900641385047867,-0.08276143655453141,-0.07692150464599562,-0.07146513168310757,-0.06637124931608795,-0.06161932649425572,-0.05718946288595133,-0.05306245965006282,-0.049219870694283886,-0.04564403726560762,-0.04231810878066939,-0.039226052211394025,-0.03635265119772132,-0.033683497986432456,-0.031204978497616012,-0.028904253117747174,-0.026769232684678023,-0.02478855245443634,-0.02295154339138372,-0.02124820232905892,-0.01966916132378487,-0.018205656396421657,-0.016849496641431223,-0.015593033347856462,-0.0144291299508425,-0.013351132584730956,-0.01235284163516403,-0.0114284843146479,-0.010572688301769544,-0.009780456600170136,-0.009047143511751463,-0.008368431863935658
-0.4650090676042979,-0.44936572780985984,-0.43312889899592927,-0.41644100661946826,-0.3994398111147312,-0.3822562724437497,-0.36501282926709505,-0.3478220967828502,-0.33078596979205066,-0.3139951019761955,-0.29752872127874613,-0.28145473446921093,-0.26583006982729473,-0.25070120863252177,-0.23610485736360515,-0.22206871712374168,-0.20861231199272956,-0.1957478437965049,-0.1834810470109689,-0.17181202113069124,-0.16073602685081612,-0.15024423292903422,-0.14032440642212643,-0.1309615424010219,-0.122138431669661,-0.11383616561586478,-0.10603458109288841,-0.09871264818274335,-0.091848805131466,-0.0854212435369228,-0.07940814755176398,-0.07378789401939036,-0.06853921686377511,-0.06364133884831095,-0.05907407590957847,-0.05481791735534655,-0.05085408518648353,-0.047164575526495355,-0.0437321852059679,-0.04054052595041836,-0.037574027418030065,-0.034817932361336575,-0.032258284244192824,-0.029881910079739494,-0.027676397935512853,-0.02563007207214523,-0.023731965034664623,-0.02197178834694306,-0.020339902169296233,-0.018827284132826385,-0.017425498410273393,-0.016126664646887733,-0.014923427643216693,-0.0138089275476038,-0.01277677099488607,-0.011821003226540033,-0.01093608123869649,-0.010116848139401355,-0.00935850860113274,-0.00865660557232248
-0.47148684302853705,-0.4561416488186149,-0.44014119484331327,-0.42362915585527666,-0.4067455739509215,-0.3896245544335366,-0.37239236649246077,-0.3551659623773853,-0.3380519097431656,-0.321145714253302,-0.3045314966111446,-0.2882819795491084,-0.2724587345731259,-0.2571126388253972,-0.24228449264440818,-0.22800575238456508,-0.21429933785095565,-0.20118047935295816,-0.18865757576015235,-0.17673303812761462,-0.16540410354325483,-0.15466360409661736,-0.14450068194199872,-0.1349014453295999,-0.1258495631104867,-0.1173267960247164,-0.10931346702713833,-0.10178887310187774,-0.09473164261061458,-0.08812004100490946,-0.08193222868753719,-0.07614647787874423,-0.07074135186800452,-0.0656958498803549,-0.06098952284585552,-0.056602563510499894,-0.052515874268830844,-0.048711115839279555,-0.04517073996864245,-0.041878008749218286,-0.03881700187184197,-0.03597261526635456,-0.0333305514925015,-0.0308773048182017,-0.02860014041312726,-0.026487070805038673,-0.024526828896559962,-0.022708839299223488,-0.021023188385227272,-0.01946059328960668,-0.018012371006800986,-0.01667040718352125,-0.015427125576700168,-0.014275457920703971,-0.013208814681418381,-0.012221056744123293,-0.011306468088178343,-0.010459729656858516,-0.009675894299455541,-0.008950362974908711
-0.4777342214525908,-0.46270917507092424,-0.44696774742299783,-0.43065436701693055,-0.41391091347203235,-0.396874254261963,-0.3796741721550526,-0.36243170709906686,-0.3452579159624823,-0.32825303404367623,-0.3115060075326622,-0.2950943556006488,-0.2790843133865875,-0.26353120641141226,-0.2484800060531878,-0.23396601895400318,-0.2200156675291146,-0.2066473241718128,-0.19387216822155418,-0.18169503744519577,-0.1701152569286529,-0.15912742822978876,-0.14872216793450874,-0.1388867891641939,-0.1296059224285946,-0.1208620732366574,-0.11263611799097342,-0.10490774015553686,-0.09765581044404081,-0.09085871356207444,-0.08449462528865379,-0.0785417466446902,-0.07297849857447476,-0.06778368047706913,-0.0629365979382953,-0.058417163248244,-0.05420597220039129,-0.05028436042901119,-0.04663444260937024,-0.0432391372408575,-0.04008217841502931,-0.03714811819959142,-0.03442232003486614,-0.0318909462552731,-0.029540939146624597,-0.02735999887192604,-0.025336557543461657,-0.023459751307262165,-0.02171939088342204,-0.020105930815073454,-0.018610438657809036,-0.01722456368942644,-0.015940506189320844,-0.014750987017753429,-0.013649218015846669,-0.012628873285785191,-0.011684061411265385,-0.010809298855201486,-0.009999484402522922,-0.009249874864446986
-0.4837514116612913,-0.46906768161612883,-0.4536072676286503,-0.43751485224072106,-0.42093369823721954,-0.4040030373439023,-0.38685583119737704,-0.36961693872556245,-0.35240170262616466,-0.33531494635313874,-0.31845035653378906,-0.30189021333829774,-0.28570542218045153,-0.26995579797220554,-0.2546905510381321,-0.23994892616963992,-0.22576094999965066,-0.21214824698699022,-0.19912489080237164,-0.18669826001484327,-0.1748698791701842,-0.1636362259915095,-0.15298949190823444,-0.142918288041459,-0.13340829183535027,-0.12444283077078072,-0.1160034038703977,-0.10807014245925427,-0.10062221357438948,-0.09363816821056048,-0.08709623816392856,-0.08097458806322506,-0.0752515260440567,-0.06990567650373011,-0.06491612032691091,-0.0602625063103066,-0.055925137392629345,-0.05188503507986275,-0.0481239855266937,-0.04462457013215726,-0.04137018213205724,-0.03834503300024163,-0.03553414909078939,-0.03292336181336513,-0.030499290736657254,-0.02824932314182757,-0.026161589285488944,-0.024224935350469125,-0.022428894573565974,-0.020763656824183345,-0.01922003795715515,-0.01778944849715138,-0.016463862788324315,-0.015235788325122715,-0.014098235830530548,-0.013044690154747098,-0.0120690820617648,-0.011165761171337892,-0.010329469914458898,-0.009555318747546808
-0.4895386638457597,-0.4752165779473426,-0.46005848840660485,-0.4442088301745877,-0.42781178661860003,-0.4110085426737427,-0.39393488759239703,-0.3767192120217755,-0.3594809218202453,-0.34232926814001763,-0.3253625751334106,-0.3086678323525841,-0.2923206079882461,-0.2763852354168954,-0.2609152220911497,-0.2459538312005965,-0.2315347895247322,-0.21768307959979186,-0.2044157807801913,-0.19174292523070505,-0.17966834809502352,-0.16819051038900482,-0.15730327978954228,-0.14699665993410355,-0.13725746212296008,-0.12806991480390809,-0.11941621064166057,-0.11127699204337017,-0.10363177812074693,-0.09645933487783882,-0.08973799233616794,-0.08344591497554836,-0.07756132895801048,-0.07206270966411525,-0.06692893494698872,-0.062139407971161464,-0.05767415334606951,-0.05351389007440201,-0.04964008491021847,-0.04603498912358794,-0.042681660236656024,-0.03956397272530536,-0.03666661815601137,-0.03397509823376314,-0.03147571014155004,-0.029155527886259074,-0.0270023788941342,-0.025004817948997622,-0.023152099010997285,-0.021434145211862675,-0.01984151844523832,-0.018365388086616235,-0.016997500064701344,-0.01573014598552179,-0.014556132923181423,-0.013468753964800594,-0.012461759584950235,-0.011529330149427513,-0.010666049396333139,-0.009866879170227745
-0.49509626949251234,-0.48115530854314936,-0.46632016572119867,-0.4507345271052672,-0.43454302783826554,-0.4178883835604537,-0.4009088446225386,-0.3837360284727184,-0.3664931626988454,-0.3492937469231853,-0.33224062200216314,-0.315425418842173,-0.29892834641380345,-0.2828182732622908,-0.2671530519676873,-0.2519800363054002,-0.23733674303615163,-0.22325161444833444,-0.20974484411258304,-0.1968292290339197,-0.1845110255731554,-0.17279078545445323,-0.16166415490207411,-0.15112262591789707,-0.14115423220160042,-0.1317441839561647,-0.12287544038092978,-0.11452922006110886,-0.10668545175914447,-0.0993231669441873,-0.09242083769233139,-0.08595666606818063,-0.07990882844717025,-0.07425567838985632,-0.06897591346174235,-0.06404870999914311,-0.05945382962697853,-0.05517170117478468,-0.05118348171695194,-0.04747109987295201,-0.04401728301644957,-0.040805572570015276,-0.037820327894682995,-0.03504672243746224,-0.03247073150454826,-0.03007911557135745,-0.027859398358341343,-0.025799841883355233,-0.02388941907985515,-0.022117784300042603,-0.020475243220562937,-0.018952721662062917,-0.017541734636550576,-0.016234355308943307,-0.01502318453664266,-0.013901321090249963,-0.012862332639029314,-0.011900227835257704,-0.01100942933482175,-0.010184748062235864
-0.5004245612665936,-0.48688335340755734,-0.47239107953350434,-0.45709017811785463,-0.4411252630544492,-0.4246401484218166,-0.40777516521876866,-0.3906648360678293,-0.3734359506767713,-0.3562060594011113,-0.33908238106976624,-0.32216110330190323,-0.3055270390101424,-0.2892535958190732,-0.2734030087937289,-0.2580267859635377,-0.24316631738088865,-0.22885360203990496,-0.21511205311163112,-0.20195734186787107,-0.1893982557765169,-0.17743754481775864,-0.16607273685172524,-0.15529690935852317,-0.14509940857107995,-0.1354665090256154,-0.126382011236988,-0.11782777697278106,-0.10978420409122924,-0.10223064176921014,-0.0951457496423544,-0.08850780664009993,-0.08229497294527514,-0.0764855087598891,-0.07105795522992521,-0.06599128165637264,-0.061265002885791425,-0.05685927064781155,-0.05275494269292105,-0.048933633005137284,-0.045377744823911596,-0.04207049083438974,-0.038995901077096155,-0.036138822430682734,-0.033484909024618,-0.031020607692238175,-0.02873313768134103,-0.026610466953186012,-0.024641285713744934,-0.022814977520515863,-0.021121589585395773,-0.019551801761370717,-0.018096895623101614,-0.0167487233125862,-0.01549967686601184,-0.014342658141606013,-0.013271049440825038,-0.01227868519335203,-0.011359824532192224,-0.010509125101337516
-0.5055239128887542,-0.49240022860780996,-0.4782700347930065,-0.46327402828779984,-0.44755632649774596,-0.4312614016398211,-0.41453127236278015,-0.3975030291404743,-0.3803067466604775,-0.36306381008561284,-0.3458856596192097,-0.3288729381684064,-0.3121150105877644,-0.2956898142823642,-0.2796639930567314,-0.26409326387591425,-0.2490229664262797,-0.2344887482391901,-0.2205173439756924,-0.2071274064964014,-0.19433036331037376,-0.1821312701635448,-0.17052964030969295,-0.15952023501146945,-0.149093804720963,-0.13923777266668816,-0.12993685736253138,-0.12117363270256098,-0.1129290269983992,-0.10518276121547848,-0.09791372978544935,-0.09110032938639366,-0.08472073906655257,-0.07875315545064072,-0.07317598830949543,-0.06796802073897215,-0.06310853791909511,-0.058577428335926995,-0.054355261442345565,-0.05042334517037007,-0.046763765116181175,-0.043359409938522886,-0.0401939835656165,-0.037252008257711834,-0.03451881787342891,-0.03198054565216947,-0.029624105720774976,-0.027437170777699135,-0.025408146656308948,-0.023526144135906934,-0.021780949727724305,-0.020162994899855242,-0.0186633252514177,-0.017273569291678288,-0.015985907594926012,-0.014793042468754035,-0.013688168237303374,-0.012664942548360947,-0.011717458519065055,-0.010840218098953422
-0.5103947390066973,-0.4977054868096448,-0.48395586244174527,-0.46928433390529567,-0.45383404665826577,-0.43774968447924223,-0.4211745495553971,-0.40424794826656374,-0.387102946321639,-0.36986452995431096,-0.3526481863709926,-0.33555889542524264,-0.31869050645269775,-0.30212546372524784,-0.285934834477303,-0.27017858982940374,-0.25490608801858333,-0.24015671140507472,-0.2259606141703142,-0.21233953567649494,-0.1993076512083632,-0.18687242956397873,-0.17503547368563635,-0.16379332802760763,-0.15313824045255822,-0.14305886900665485,-0.13354092879923699,-0.124567776763904,-0.11612093497836398,-0.10818055216711533,-0.10072580658251035,-0.09373525519778005,-0.08718713250755275,-0.08105960271753741,-0.07533097049841368,-0.06997985465907114,-0.06498532877700906,-0.06032703277629471,-0.055985259546723426,-0.05194102015348675,-0.04817608954639136,-0.044673037489343696,-0.04141524535158677,-0.038386913003859775,-0.03557305516128903,-0.0329594916893043,-0.030532831074797366,-0.02828044964035339,-0.02619046726424882,-0.02425172000121889,-0.02245373144188063,-0.020786682250810262,-0.019241379497928035,-0.017809225423253392,-0.016482186462960007,-0.015252762693446607,-0.01411395780469156,-0.013059250052370932,-0.012082563991494832,-0.01117824340858313
-0.5150374950604152,-0.502798717809594,-0.4894474204304201,-0.4751193637319947,-0.45995624752454967,-0.444102516071421,-0.42770234135439433,-0.41089688022636145,-0.39382187941782376,-0.376605675126088,-0.35936760956093894,-0.34221686416979263,-0.3252516895748957,-0.30855899999401293,-0.29221428875850997,-0.2762818164206142,-0.2608150207885261,-0.24585709936837705,-0.23144171964982294,-0.21759380967644265,-0.20433039878204431,-0.19166147567843445,-0.17959083768237374,-0.16811691285652766,-0.15723354111563456,-0.14693070319390655,-0.13719519131128077,-0.12801121834926218,-0.1193609654607308,-0.1112250670408399,-0.10358303603299265,-0.09641363397515598,-0.08969518897311687,-0.08340586540833013,-0.07752389041362641,-0.07202774157013102,-0.06689629991788885,-0.06210897237017244,-0.05764578773631318,-0.05348747003691423,-0.04961549110932646,-0.04601210740174794,-0.04266038164617255,-0.03954419385150822,-0.03664824095500115,-0.0339580298538978,-0.031459863017023,-0.029140819380592375,-0.02698873135548765,-0.02499215836854531,-0.02314035889031642,-0.021423260365180507,-0.019831428767077712,-0.018356037405051786,-0.016988835866196265,-0.015722119273068037,-0.014548697977030503,-0.013461868179879918,-0.012455383274014943,-0.011523426358568078
-0.5194526771416358,-0.5076795490638984,-0.49474359474591345,-0.48077740028992055,-0.4659207498750411,-0.45031739446524066,-0.43411195398496216,-0.41744705803368737,-0.40046080916494886,-0.3832846255641316,-0.36604149501544286,-0.3488446481444938,-0.33179663768787876,-0.3149887965040789,-0.2985010342097954,-0.28240192563395156,-0.2667490407972663,-0.2515894662426143,-0.23696047191069175,-0.2228902736300066,-0.20939885931526,-0.19649884381040414,-0.1841963237229287,-0.17249171203906677,-0.16138053675209799,-0.15085419087119878,-0.1409006261614926,-0.13150498637930433,-0.12265017909786159,-0.11431738428669347,-0.10648650235441223,-0.09913654545817457,-0.09224597512623951,-0.08579299000869828,-0.07975576860927876,-0.07411267153713338,-0.06884240741232242,-0.06392416660493214,-0.05933772711662747,-0.055063536420180886,-0.051082771344397565,-0.04737738107720527,-0.04393011402829935,-0.04072453319243959,-0.03774501935082056,-0.03497676703915837,-0.03240577248341463,-0.03001881633566196,-0.027803442105430044,-0.025747930737811866,-0.02384127340929053,-0.022073141933003994,-0.020433858609611704,-0.018914365131941138,-0.01750619149324835,-0.016201425097832855,-0.014992680206204074,-0.013873068252361611,-0.012836168810463601,-0.011876001710901637
-0.5236408218474091,-0.512347646213622,-0.4998433004496692,-0.4862567411824004,-0.4717253726228519,-0.4563917977473146,-0.44040065602613726,-0.4238956610369074,-0.40701693166651026,-0.3898986838115034,-0.3726673242283942,-0.3554399632353718,-0.3383233403208377,-0.321413140935808,-0.30479366824259424,-0.2885378252690545,-0.2727073580160245,-0.25735330905955917,-0.2425166348673505,-0.22822893471654204,-0.2145132575929669,-0.20138494981137928,-0.18885251224002075,-0.17691844487976005,-0.16558006113820276,-0.15483025756639596,-0.1446582298237172,-0.13505012950631037,-0.1259896600267361,-0.11745860887524959,-0.10943731866227864,-0.10190510006658329,-0.09484058956140479,-0.08822205572044561,-0.08202765873513966,-0.0762356677531828,-0.07082464019844145,-0.06577356733111846,-0.06106199045265117,-0.056670091698913516,-0.05257876159906949,-0.048769648643096075,-0.04522519165302209,-0.041928639799809216,-0.0388640596058741,-0.03601633406905811,-0.03337115311438143,-0.03091499833569242,-0.028635122994409526,-0.026519527756528057,-0.024556934361334982,-0.02273675658937545,-0.02104907048311961,-0.019484583412369118,-0.018034602999113716,-0.01669100612367382,-0.01544620815558215,-0.014293132994433314,-0.013225183684480989,-0.012236214147864006
-0.5276025061278505,-0.5168027136055193,-0.5047454827263232,-0.49155570044678765,-0.47736793421451346,-0.46232318523334953,-0.44656567917655016,-0.43023981509622133,-0.4134873754047756,-0.3964450737644925,-0.3792424924444038,-0.36200043494122924,-0.34482969576479083,-0.32783023182969034,-0.311090703734913,-0.2946883452126803,-0.2786891126325067,-0.2631480642210732,-0.2481099215406776,-0.23360975915650684,-0.21967378725356443,-0.2063201878207342,-0.1935599708173832,-0.18139782598923207,-0.16983295071615281,-0.15885983799259307,-0.14846901362438186,-0.13864771606588783,-0.12938051609715834,-0.12064987276776477,-0.11243662764797138,-0.10472043975284301,-0.09748016380082,-0.09069417557253688,-0.08434064873618566,-0.07839778780408242,-0.07284402139063556,-0.0676581600970683,-0.06281952351365379,-0.05830804040646768,-0.054104324356084636,-0.050189730256268064,-0.04654639252390204,-0.04315725006338535,-0.04000605733167461,-0.037077386846718796,-0.03435662235564438,-0.03182994575553327,-0.029484318809709496,-0.027307460171832904,-0.02528782003766134,-0.02341455176796736,-0.02167748255775546,-0.02006708272761661,-0.018574434719504145,-0.01719120204332687,-0.015909598329644385,-0.014722357123876522,-0.013622702171805714,-0.012604318788486028
-0.531338347128072,-0.5210444948082307,-0.5094491179419528,-0.496672609938686,-0.48284625408333687,-0.46810899873264733,-0.45260421910289916,-0.4364765928419186,-0.4198692007994168,-0.4029209394893553,-0.3857643067533561,-0.3685235958172556,-0.3513135079747395,-0.3342381750806777,-0.3173905652622882,-0.3008522335501404,-0.2846933711770886,-0.26897310375838784,-0.25373999054895247,-0.23903266901119072,-0.22488060795307063,-0.21130492782989033,-0.19831925217148924,-0.18593056368572794,-0.1741400434051749,-0.16294387524874107,-0.15233400330555197,-0.14229883397052823,-0.13282387906103688,-0.1238923353652264,-0.11548560225170112,-0.10758373886423636,-0.10016586331274868,-0.09321049756505294,-0.08669586209422137,-0.080600124982438,-0.07490160964378265,-0.06957896554368992,-0.06461130648157302,-0.05997832062146243,-0.05566035462799256,-0.05163847747448128,-0.04789452483316769,-0.04441112929189335,-0.04117173575357275,-0.0381606075671761,-0.03536282262162804,-0.032764262627014845,-0.030351596705742577,-0.02811225983829694,-0.026034428613849473,-0.024106993605316145,-0.0223195305701902,-0.02066227003677655,-0.019126066428419568,-0.01770236699824311,-0.01638318074208403,-0.015161047977850985,-0.014029010326571216,-0.012980581736915022
-0.5348490020243243,-0.525072773123351,-0.5139532147112856,-0.5016058207473281,-0.48815815415795394,-0.47374666388766784,-0.458513436374601,-0.4426030140184247,-0.42615939983930023,-0.40932334408842874,-0.3922299842017778,-0.37500688289732076,-0.3577724834102493,-0.3406349803318071,-0.3236915851927921,-0.3070281525114634,-0.29071912246162923,-0.2748277313897145,-0.2594064423905904,-0.24449753877490074,-0.23013384232877027,-0.21633951305824045,-0.20313089196143025,-0.19051735824413701,-0.17850217728128984,-0.16708331991108602,-0.15625423850101858,-0.1460045905378399,-0.13632090471692318,-0.12718718393177994,-0.11858544632726485,-0.11049620501235437,-0.10289888855090355,-0.09577220584600063,-0.08909445911230794,-0.08284380965280407,-0.0769985005751533,-0.07153704086207534,-0.06643835542608392,-0.06168190544468752,-0.05724778142270563,-0.05311677469965395,-0.04927042837369496,-0.0456910730865569,-0.04236184704027114,-0.03926670599864375,-0.03639042252543742,-0.03371857781562707,-0.031237547326271684,-0.028934480785259308,-0.02679727916246662,-0.02481456789938012,-0.022975668729164046,-0.02127056963066598,-0.019689894142035622,-0.018224870334238655,-0.01686729962513719,-0.015609526177916805,-0.014444406604080917,-0.013365280665011215
-0.5381351678543764,-0.5288873720909284,-0.5182568149731683,-0.5063537046417111,-0.4933014604265344,-0.4792335915905424,-0.4642904574881083,-0.4486160459190898,-0.4323548957934388,-0.4156492686219673,-0.3986366499269435,-0.38144763509966956,-0.36420422781730794,-0.347018557267633,-0.329991999643981,-0.3132146742475324,-0.2967652733236766,-0.28071117836677717,-0.26510881550751536,-0.2500041917472087,-0.2354335727492129,-0.2214242571274644,-0.2079954064137818,-0.19515889997993002,-0.18292018911410315,-0.17127912900487247,-0.16023077211614603,-0.14976611224556688,-0.13987277300331188,-0.1305356339874345,-0.12173739529485458,-0.11345907994749009,-0.10568047601359155,-0.0983805219207201,-0.09153763824269338,-0.08513001066938093,-0.0791358282461987,-0.07353348131674653,-0.06830172384962692,-0.06341980454901971,-0.05886756928401436,-0.0546255406970541,-0.05067497602709651,-0.046997908790223426,-0.04357717370780655,-0.040396420836663754,-0.03744011817976377,-0.03469354626586625,-0.03214278599282664,-0.02977470034771632,-0.027576912726492073,-0.025537781126096903,-0.02364637067620765,-0.02189242403808608,-0.020266330972140208,-0.01875909740395455,-0.017362314183062187,-0.016068126336621153,-0.014869202522642889,-0.013758705431618362
-0.541197581342163,-0.5324881559889328,-0.522358995073567,-0.5109146555470043,-0.49827400455710363,-0.48456717947837386,-0.46993237598439797,-0.45451260391681775,-0.438452543007347,-0.42189561109244483,-0.4049813353201396,-0.38784309062128924,-0.37060624295485145,-0.35338671180842596,-0.33628994430001613,-0.3194102764315956,-0.30283064416876676,-0.28662259910059557,-0.2708465821175591,-0.2555523961722349,-0.24077983783664847,-0.2265594410199832,-0.21291328974833973,-0.19985586715444922,-0.18739491274794595,-0.17553226484480433,-0.16426466960131889,-0.1535845444046868,-0.14348068803350353,-0.13393892966435086,-0.12494271677766489,-0.1164736404350397,-0.10851189932098525,-0.10103670589341407,-0.09402663745878578,-0.08745993684769514,-0.08131476670640798,-0.07556942183736723,-0.07020250430576035,-0.06519306580616213,-0.06052071991120604,-0.0561657301948259,-0.05210907533247777,-0.04833249701672394,-0.04481853010270978,-0.04155052113584732,-0.0385126345733813,-0.035689850319847255,-0.03306795396379792,-0.030633520365127825,-0.028373893457766572,-0.026277161517999983,-0.02433213050542323,-0.022528294988144522,-0.020855808032672896,-0.01930545041950996,-0.017868599392963386,-0.016537197808667244,-0.015303723367338203,-0.014161158741201451
-0.5440370187167237,-0.5358750303262402,-0.526258866855344,-0.5152870910507182,-0.503073625574318,-0.48974481350913013,-0.4754362536631819,-0.46028955209577654,-0.4444491267913536,-0.4280591854984872,-0.41126097622602853,-0.3941903843267926,-0.37697592326991586,-0.3597371422066007,-0.3425834500875285,-0.3256133376817252,-0.30891396430349577,-0.2925610665565927,-0.2766191438038083,-0.2611418611312705,-0.24617262874717272,-0.23174530980634472,-0.21788501138957306,-0.20460892368691147,-0.19192717731362796,-0.17984369373171047,-0.16835700810783838,-0.15746105074096903,-0.14714587806401286,-0.13739834402029127,-0.12820271121744792,-0.11954119913055937,-0.11139447030854223,-0.10374205774007034,-0.09656273567156042,-0.08983483849165082,-0.08353653160148461,-0.07764603868188776,-0.07214183009439329,-0.06700277699421966,-0.062208273862173674,-0.057738335568515584,-0.05357367014071974,-0.04969573326544994,-0.046086763969371905,-0.0427298078242476,-0.03960872702822738,-0.03670820111408464,-0.034013719769012754,-0.03151156845280346,-0.029188809824989368,-0.027033260209259703,-0.025033463846518538,-0.02317866443265427,-0.021458775403184468,-0.01986434935897004,-0.01838654685640502,-0.017017105489936648,-0.015748308938791873,-0.014572956844760121
-0.5466542955254658,-0.5390479423286579,-0.5299555787540062,-0.5194694539380064,-0.5076981715929408,-0.4947638696198292,-0.4807991218973524,-0.4659437039895154,-0.4503413634076312,-0.4341367209659673,-0.4174724111855389,-0.40048654513821413,-0.3833105525259277,-0.3660674350473189,-0.3488704387091734,-0.33182213279997114,-0.3150138670519889,-0.2985255674088209,-0.2824258268483162,-0.2667722321743284,-0.25161188519294453,-0.2369820691252944,-0.2229110129475104,-0.2094187166573099,-0.19651780525588136,-0.18421438449172095,-0.17250887551403715,-0.1613968128743884,-0.15086959538761685,-0.14091517930205247,-0.13151871246350694,-0.12266310544956105,-0.1143295401341506,-0.10649791861173426,-0.09914725419059306,-0.09225600897720791,-0.08580238184802741,-0.07976455117409689,-0.07412087703754465,-0.06885006759030748,-0.0639313123446271,-0.05934438861553123,-0.05506974235944633,-0.05108854962645865,-0.04738275810701381,-0.0439351153057667,-0.04072918274244156,-0.0377493400597485,-0.03498078062498438,-0.032409499350931424,-0.030022275896149548,-0.027806652451841232,-0.025750909015598736,-0.02384403563291413,-0.02207570315332864,-0.02043623293054919,-0.018916565705527535,-0.017508230667870713,-0.016203314350268463,-0.014994430286137141
-0.5490502664417796,-0.5420068814175317,-0.533448316898612,-0.5234602137554577,-0.512145501608217,-0.4996217154687077,-0.4860179830512428,-0.47147182343100313,-0.4561259001630501,-0.44012486096428943,-0.42361237973034427,-0.4067284934328356,-0.38960730038937635,-0.372375061155887,-0.35514871803434933,-0.33803482782430117,-0.32112888464850164,-0.30451499694295175,-0.28826587729717734,-0.272443086675557,-0.257097491189998,-0.24226988139928912,-0.227991704950664,-0.2142858735832146,-0.20116761016034967,-0.18864530684305283,-0.17672136930823484,-0.16539302968472291,-0.15465311614118038,-0.1444907671508481,-0.13489208832892124,-0.1258407464275825,-0.11731850039616441,-0.10930567216677503,-0.10178155822969445,-0.0947247863938638,-0.08811362137692562,-0.08192622351867991,-0.07614086533944463,-0.07073611065259289,-0.06569095910029163,-0.06098496242476856,-0.05659831379417345,-0.052511916581765176,-0.04870743212200375,-0.045167313156381554,-0.0418748224251194,-0.0388140404120767,-0.03596986393640517,-0.033327996356669796,-0.030874932700658345,-0.028597938907888493,-0.026485028238624496,-0.02452493431558238,-0.02270708243288246,-0.02102155959882146,-0.01945908356772829,-0.01801097192706548,-0.01666911087673537,-0.015425924697172607
-0.551225825067037,-0.544751879680455,-0.5367363062169663,-0.5272578684026173,-0.5164134873432071,-0.504315712262924,-0.49108981200620333,-0.47687062552013837,-0.46179931561516574,-0.4460201626162631,-0.42967752073750426,-0.4129130384567682,-0.39586321898076626,-0.37865737141516614,-0.36141597734702774,-0.3442494748897028,-0.3272574428989336,-0.3105281536974516,-0.2941384557434818,-0.27815392889672425,-0.2626292705141942,-0.24760886176703586,-0.23312746331229153,-0.21921099945210498,-0.20587739436261837,-0.19313742957415567,-0.18099559531385734,-0.16945091655044717,-0.15849774001728795,-0.14812646874064703,-0.1383242411069434,-0.1290755475653429,-0.12036278425890326,-0.11216674593035651,-0.10446705845683994,-0.09724255524493652,-0.09047160094760477,-0.08413236669688172,-0.07820306153490843,-0.07266212479638239,-0.06748838238722445,-0.06266117334696239,-0.05816044809149404,-0.05396684490888125,-0.05006174428170629,-0.04642730792040745,-0.0430465020289816,-0.039903108935073754,-0.03698172888989875,-0.03426777284517704,-0.031747449676884316,-0.02940774702381746,-0.027236408952814768,-0.02522190990268386,-0.023353426632106992,-0.021620808677525742,-0.02001454759325766,-0.018525746114197612,-0.017146086859785574,-0.015867801645361442
-0.5531819037270029,-0.5472830123336052,-0.5398188115442184,-0.5308609457504301,-0.5205000151530675,-0.5088432166732985,-0.4960115577970172,-0.4821367777144329,-0.4673581198989477,-0.4518190961104476,-0.4356643708534921,-0.41903687576278037,-0.40207523939652623,-0.3849115924969571,-0.3676697824512567,-0.3504640068952155,-0.33339785560416274,-0.31656373383219877,-0.30004263181419216,-0.283904184742198,-0.26820698184686154,-0.25299907371346175,-0.23831862550996616,-0.22419467348942126,-0.21064794632026027,-0.19769171851547435,-0.18533266624061734,-0.1735717044467112,-0.16240478986751763,-0.15182367483939907,-0.14181660803959895,-0.13236897365305283,-0.1234638675816095,-0.11508261267887647,-0.10720521258776718,-0.0998107482074521,-0.09287772003518496,-0.08638434044592871,-0.08030878053003833,-0.07462937626905,-0.06932479706565553,-0.06437418307161909,-0.059757252790499614,-0.05545438769304593,-0.05144669347645292,-0.04771604501345624,-0.04424511458761049,-0.041017387668084125,-0.0380171681465193,-0.03522957388591502,-0.03264052621123342,-0.030236732492071535,-0.028005665191719303,-0.025935536821261283,-0.024015272617721937,-0.02223448149398945,-0.020583425550513738,-0.019052989366818988,-0.01763464867271015,-0.016320439538082713
-0.554919473262695,-0.5496003981752268,-0.5426951387339388,-0.5342680052857208,-0.5244029879861519,-0.5132015828374819,-0.5007801453626363,-0.4872669010486492,-0.4727987551821291,-0.45751804422530873,-0.44156936299747,-0.42509658468163625,-0.40824016820941395,-0.3911348225121462,-0.3739075706356055,-0.3566762319741876,-0.3395483187383752,-0.3226203252137682,-0.3059773783466447,-0.2896931961882237,-0.27383031359073595,-0.25844052437632903,-0.2435654864570628,-0.22923744564106674,-0.2154800377273799,-0.20230913428557246,-0.18973370004416978,-0.1777566388867848,-0.16637561118388358,-0.1555838057819239,-0.14537066172952748,-0.13572252956710268,-0.12662327004616647,-0.11805479184662156,-0.1099975270222481,-0.10243084795223557,-0.09533342879253565,-0.08868355532537789,-0.0824593877394366,-0.07663918112883042,-0.0712014667930527,-0.06612520081676818,-0.061389881489074,-0.056975642455045494,-0.052863321296693556,-0.04903451073923678,-0.04547159216440803,-0.04215775580134082,-0.03907700963997271,-0.036214177961046895,-0.033554893275424096,-0.03108558080696507,-0.028793439060156998,-0.02666641589860563,-0.02469318205016338,-0.022863102630576025,-0.021166206994165326,-0.019593158210887737,-0.018135221750333556,-0.016784234587738842
-0.5564395428157183,-0.5517042000297788,-0.5453646357707109,-0.5374776397807343,-0.5281203274016856,-0.5173881644528222,-0.5053924774146434,-0.4922575714892213,-0.47811759625726374,-0.46311330197494716,-0.447388824954292,-0.4310886258369731,-0.41435468395577607,-0.39732402658520555,-0.3801266454985127,-0.3628838277655239,-0.34570690437575297,-0.3286964012064621,-0.3119415652398719,-0.2955202153684407,-0.2794988783356626,-0.2639331595073115,-0.24886829404316532,-0.23433983274733486,-0.22037442034931312,-0.20699062979054603,-0.19419981807490547,-0.18200697868969612,-0.17041157144346963,-0.15940831134188524,-0.14898791048489998,-0.13913776103134554,-0.12984255627806415,-0.121084850951235,-0.11284555852158142,-0.10510438902447597,-0.09784023008903674,-0.091031474873547,-0.08465630132421145,-0.07869290753269667,-0.07311970633438362,-0.06791548563809446,-0.06305953613207081,-0.05853175340197291,-0.054312714232902536,-0.05038373442786836,-0.04672690792097326,-0.04332513166813626,-0.04016211848811639,-0.037222398793333486,-0.03449131516915335,-0.03195500892159486,-0.029600402305747578,-0.027415175849525193,-0.025387742788308288,-0.023507221249057807,-0.02176340451172561,-0.02014673073236284,-0.018648251688652234,-0.017259601842585293
-0.5577431596081155,-0.5535946251822605,-0.5478266938832604,-0.5404884769867013,-0.5316499756436658,-0.5214003169601039,-0.5098454364268253,-0.4971053214293975,-0.48331095127889045,-0.46860107638668297,-0.4531189780684489,-0.4370093387146655,-0.42041533361905964,-0.4034760323596885,-0.38632417163743143,-0.3690843354844224,-0.35187155435932777,-0.3347903141582689,-0.3179339529656904,-0.3013843982969653,-0.2852122069525716,-0.269476858064111,-0.2542272443189291,-0.23950231438361752,-0.22533182255340797,-0.21173714745388086,-0.19873214299478942,-0.1863239945551219,-0.17451405929971545,-0.16329867048886587,-0.1526698985860317,-0.14261625533415817,-0.13312333695425468,-0.12417440703394905,-0.11575091592536925,-0.1078329597847503,-0.1003996816277172,-0.09342961785714869,-0.08690099453515616,-0.08079197813875366,-0.07508088399386728,-0.06974634886443781,-0.06476746942888009,-0.060123913808791715,-0.05579600600634004,-0.05176479070395943,-0.04801207831318674,-0.04452047486186878,-0.041273399025870884,-0.038255087291499436,-0.03545059137593413,-0.032845767013352595,-0.03042725799430854,-0.028182474862653226,-0.02609957038837798,-0.024167412504318784,-0.022375555054670714,-0.020714207828664295,-0.019174205419770527,-0.017746976288430107
-0.5588314087167602,-0.5552719258022283,-0.5500807486570899,-0.5432991813502952,-0.5349898977704954,-0.5252353998191708,-0.5141358867491179,-0.5018066413310412,-0.4883750626543731,-0.47397748642118703,-0.45875593605082,-0.44285493929845976,-0.4264185291199041,-0.40958752544229465,-0.3924971692055192,-0.3752751537917501,-0.35804007370617047,-0.3409002885709324,-0.3239531857240822,-0.30728479820954535,-0.2909697422930155,-0.27507142640861876,-0.2596424762991025,-0.24472532834121175,-0.2303529455096867,-0.21654961615175575,-0.2033317964390408,-0.1907089674245587,-0.17868448360192918,-0.16725639101484796,-0.1564182064607955,-0.14615964199115156,-0.13646726989044375,-0.12732512810965452,-0.11871526190497475,-0.11061820441000898,-0.1030133981421491,-0.09587956061716207,-0.08919499816552617,-0.08293787262874351,-0.07708642417477918,-0.07161915666697388,-0.06651498740828782,-0.061753368539055616,-0.057314380039322765,-0.0531788018932703,-0.0493281654239032,-0.045744788486843435,-0.04241179696834087,-0.039313133621714465,-0.036433558540526205,-0.033758640366225584,-0.0312747422970265,-0.028969002293393276,-0.026829309704293588,-0.024844279054339388,-0.023003221360726085,-0.02129611454627127,-0.019713572468080958,-0.018246814026838618
-0.5597054128423326,-0.5567363993570148,-0.5521262811455764,-0.54590845575178,-0.5381380838397535,-0.5288907788773363,-0.5182606768491311,-0.5063579815190974,-0.4933061080972735,-0.47923856304638063,-0.4642957039108702,-0.4486215177846645,-0.43236054382432165,-0.4156550447943204,-0.3986425083407709,-0.38145353246215213,-0.3642101237437082,-0.347024413943551,-0.32999778422722736,-0.3132203585026806,-0.2967708324705584,-0.2807165920847826,-0.26511406635575785,-0.25000926571968896,-0.2354384590331772,-0.22142894782671949,-0.20799989639737373,-0.19516318660580828,-0.1829242722227415,-0.1712830090127018,-0.1602344507544342,-0.1497695933421244,-0.13987606109931439,-0.13053873462103657,-0.12174031475044911,-0.11346182495362099,-0.10568305367426024,-0.09838293951389626,-0.09153990311794288,-0.08513213035650519,-0.07913781007422521,-0.07353533276987745,-0.06830345211911282,-0.06342141671375864,-0.05886907207432016,-0.05462694057748789,-0.050676279441861066,-0.04699912155243465,-0.04357830171366002,-0.04039746941453919,-0.0374410925771195,-0.03469445137877313,-0.03214362639799905,-0.02977548047178709,-0.027577636597434722,-0.025538452674062292,-0.02364699347455942,-0.021893001511356473,-0.020266866294235377,-0.018759593536027432
-0.5603663320729103,-0.5579883890136623,-0.5539628189784439,-0.5483150432635548,-0.5410925511473419,-0.5323638288312946,-0.5222166416843141,-0.5107557541347099,-0.4981002018522713,-0.484380249476735,-0.4697341770276286,-0.45430503638962405,-0.43823750908256204,-0.4216749780804423,-0.4047569034735661,-0.3876165658518764,-0.3703792149725587,-0.35316063727932445,-0.3360661380962634,-0.31918990524985724,-0.30261472369908327,-0.28641199714819326,-0.2706420221717923,-0.2553544656000166,-0.24058899703725845,-0.22637603375013396,-0.21273755428700553,-0.19968794763537387,-0.18723487067089836,-0.17538008818717366,-0.1641202842774696,-0.15344782506919305,-0.1433514658097709,-0.1338170008898881,-0.12482785018681532,-0.11636558346292368,-0.10841038393380069,-0.10094145347400704,-0.09393736308990264,-0.08737635312835029,-0.0812365865200783,-0.07549636131064377,-0.07013428448556036,-0.06512941453784495,-0.06046137295181642,-0.056110432307314675,-0.052057581297147645,-0.04828457152095906,-0.04477394879582578,-0.04150907011745892,-0.038474110918150034,-0.03565406170740227,-0.03303471853145861,-0.030602666634271927,-0.02834525976441499,-0.02625059598137986,-0.024307490374746263,-0.022505446460928096,-0.020834625733982075,-0.019285817021153704
-0.5608153636422119,-0.5590282840290751,-0.5555899374664992,-0.5505177289277194,-0.5438513465201328,-0.5356519357831028,-0.526000605207708,-0.5149963352529751,-0.5027533961008686,-0.4893984015901045,-0.47506714037357306,-0.45990132726477023,-0.444045410812546,-0.4276435569861809,-0.4108369075199594,-0.39376118616845834,-0.37654469965210524,-0.3593067552454771,-0.34215649785479435,-0.3251921392734645,-0.30850055266199866,-0.29215719101785886,-0.2762262762228317,-0.26076120926541063,-0.24580515256495486,-0.23139174040126637,-0.217545871687091,-0.2042845498508725,-0.19161774046445232,-0.17954921897668696,-0.1680773958134758,-0.1571960966213406,-0.14689528943586497,-0.1371617565575134,-0.1279797032147048,-0.11933130415207732,-0.11119718873978379,-0.10355686664201214,-0.09638909738239346,-0.08967220812148308,-0.08338436295757419,-0.07750378985867752,-0.07200896732679246,-0.06687877829453806,-0.06209263155757869,-0.057630558484826545,-0.053473285464336405,-0.049602287020429,-0.04599982249863958,-0.04264895750395819,-0.039533574914503954,-0.03663837455541353,-0.03394886615883064,-0.03145135498913027,-0.029132922692280357,-0.026981404284252216,-0.02498536171560077,-0.023134055882655193,-0.021417416539643457,-0.019826011861358152
-0.5610537416825285,-0.559856520127908,-0.5570072607014899,-0.5525153415512064,-0.5464125486610777,-0.5387524998906164,-0.5296093830100851,-0.5190760671712953,-0.507261682557287,-0.49428878853466834,-0.48029026790631135,-0.46540609053510984,-0.4497800861430457,-0.43355685251680065,-0.41687890596943056,-0.39988415654563186,-0.382703764105941,-0.3654604059768625,-0.3482669665031164,-0.3312256277503497,-0.3144273383851797,-0.2979516228189811,-0.281866678753564,-0.2662297139344274,-0.25108747236239387,-0.2364769049280578,-0.22242593670135888,-0.20895429364274734,-0.19607435723669167,-0.1837920174617686,-0.1721075097662005,-0.16101621152863843,-0.15050938848237017,-0.14057488800477957,-0.1311977699692451,-0.12236087562721579,-0.1140453345436886,-0.10623101113857586,-0.09889689383603324,-0.09202143094675636,-0.085582816593401,-0.07955923260125673,-0.07392904855081926,-0.06867098751837597,-0.06376425795077742,-0.0591886594269087,-0.05492466294533041,-0.05095347073428555,-0.04725705864281184,-0.04381820235106407,-0.040620492398792535,-0.037648337119208404,-0.03488695829667206,-0.03232237892628252,-0.029941405751388855,-0.027731607558773182,-0.025681289693247195,-0.02377946677231577,-0.022015833032715936,-0.020380732161596953
-0.5610827369723841,-0.5604735798676932,-0.5582144626499113,-0.5543067555169252,-0.548774270545592,-0.5416629381125623,-0.5330397851010823,-0.5229912608742037,-0.5116209942640968,-0.49904709353899007,-0.4853991221437218,-0.47081489247811775,-0.4554372201331761,-0.43941077029194825,-0.42287911087736596,-0.4059820639282349,-0.3888534207454062,-0.3716190605143916,-0.354395490657219,-0.3372887953284743,-0.32039397358535543,-0.30379463318385125,-0.2875629902123436,-0.2717601259682328,-0.2564364509557728,-0.24163233015152671,-0.22737881991258685,-0.21369847735145403,-0.20060620854420144,-0.18811012403313945,-0.17621238562300953,-0.16491001758715843,-0.1541956713720571,-0.14405833974075005,-0.13448400958982404,-0.1254562531599272,-0.1169567570335538,-0.10896578992743758,-0.10146261189902506,-0.09442582886209294,-0.08783369570536234,-0.08166437370637951,-0.07589614453337676,-0.0705075883584918,-0.06547772668514863,-0.06078613762242506,-0.05641304444481709,-0.05233938248113601,-0.04854684755921994,-0.045017927298209866,-0.041735920424346075,-0.03868494320401776,-0.0358499280074941,-0.03321661338304398,-0.03077152843713848,-0.028501972568909885,-0.02639599104618698,-0.024442348518621093,-0.022630499876860787,-0.020950560418053137
-0.5609036566789581,-0.5608799929907218,-0.5592112682395651,-0.5558908926092909,-0.5509346618678757,-0.5443806870482377,-0.5362886188317713,-0.5267381986804799,-0.5158272075972685,-0.5036689149386568,-0.49038915393903165,-0.4761231638611902,-0.4610123425862551,-0.44520104585202036,-0.42883355477427687,-0.4120513117734679,-0.3949904998107129,-0.3777800138702369,-0.3605398512368553,-0.3433799147317041,-0.3263992154645763,-0.30968544547628035,-0.2933148731056401,-0.2773525135112331,-0.26185252419009286,-0.24685877907248668,-0.2324055698891788,-0.21851839377293683,-0.2052147913431619,-0.19250520178944316,-0.1803938172088323,-0.16887940689310554,-0.15795609917755743,-0.14761411574704944,-0.13784044609191345,-0.12861946100399396,-0.1199334638173037,-0.1117631797923988,-0.10408818583102336,-0.09688728414301397,-0.0901388231260086,-0.08382097087250677,-0.07791194369310338,-0.07239019714447911,-0.0672345803363079,-0.062424461196749326,-0.05793982375231192,-0.05376134249862213,-0.04987043726247443,-0.04624930990145921,-0.042880968193734166,-0.039749236022644886,-0.03683875506659613,-0.0341349773785299,-0.0316241517727787,-0.029293305139638497,-0.027130219201565855,-0.025123404926115853,-0.02326207398146656,-0.02153610930678156
-0.5605178440953139,-0.5610763367621902,-0.5599974544376417,-0.5572667238524138,-0.5528919115356562,-0.5469032058715957,-0.5393526919608679,-0.5303131370782372,-0.5198761444904059,-0.5081497674333444,-0.4952557024730839,-0.48132619845698127,-0.46650082497761247,-0.4509232399940232,-0.4347380845056118,-0.41808811257660783,-0.4011116408305947,-0.38394037571273326,-0.36669765368733204,-0.34949709682943836,-0.33244167592034285,-0.3156231564032162,-0.2991218832315061,-0.2830068585213509,-0.2673360621846058,-0.25215696883565075,-0.23750720820035875,-0.2234153262314625,-0.2099016090963938,-0.19697893463116659,-0.18465363170162566,-0.17292631570189476,-0.16179268623827592,-0.15124428076304655,-0.1412691702304601,-0.13185259474903785,-0.12297753718273952,-0.11462523442518377,-0.10677562804672967,-0.09940775761667374,-0.09250009990884463,-0.08603085907565519,-0.07997821027495863,-0.07432050416796736,-0.06903643324921889,-0.06410516759829432,-0.05950646134581816,-0.05522073494666625,-0.05122913684006939,-0.04751358589827024,-0.044056800191778905,-0.04084231119187977,-0.037854468819168215,-0.03507843673053051,-0.03250018088662052,-0.030106452596278876,-0.02788476657939921,-0.025823376387840363,-0.023911246546892615,-0.022138023606130472
-0.5599266783724691,-0.5610632362941254,-0.560572851319074,-0.5584332713591388,-0.5546442502116882,-0.5492279793592502,-0.5422288158665605,-0.5337123097535188,-0.5237635748880041,-0.5124850835885606,-0.49999399548185397,-0.48641915175719497,-0.47189787751757395,-0.45657273415660754,-0.44058835501804944,-0.42408848023124235,-0.40721328380309585,-0.39009706066508865,-0.37286631772022116,-0.35563828014759485,-0.3385198111400034,-0.321606725975458,-0.3049834602487996,-0.2887230481431596,-0.2728873616563701,-0.25752756410233735,-0.24268472389246928,-0.22839054417480767,-0.2146681684696316,-0.2015330250134995,-0.18899368837685843,-0.17705272408469264,-0.16570750063999942,-0.15495096149455348,-0.1447723413424016,-0.13515782370317447,-0.12609113693048554,-0.11755408762425688,-0.10952703260264994,-0.10198929236574876,-0.09491950918595134,-0.08829595452474813,-0.08209678835450156,-0.07630027769384835,-0.07088497552078916,-0.06582986752275856,-0.06111448823332863,-0.056719011646589,-0.052624320073705065,-0.04881205269930995,-0.04526463953937341,-0.04196531994259255,-0.03889815124327856,-0.036048006969990484,-0.033400567778263966,-0.030942306384074032,-0.028660467068209426,-0.026543042220599857,-0.024578745263627782,-0.022756982264560237
-0.5591315742463506,-0.5608413648546083,-0.5609373431238865,-0.5593896101890403,-0.5561899529001534,-0.5513525210116865,-0.5449138089056661,-0.5369319308177658,-0.5274852194375829,-0.5166702155966678,-0.5045991497380596,-0.4913970399066651,-0.4771985463725495,-0.4621447258760162,-0.4463798231104104,-0.4300482222362762,-0.4132916601020309,-0.3962467782134503,-0.37904306655896675,-0.36180121979744784,-0.34463191054714587,-0.32763496677765563,-0.31089891753636456,-0.2945008653738863,-0.27850663755957755,-0.2629711697788443,-0.24793906737447308,-0.23344529824232896,-0.2195159755711484,-0.20616919131668343,-0.19341587704462412,-0.18126065535144043,-0.16970266453175456,-0.15873634772610604,-0.14835218915367285,-0.13853739329506004,-0.1292765032749075,-0.12055195660380258,-0.11234457882995307,-0.10463401760839786,-0.09739912022604102,-0.09061825883660578,-0.084269606076332,-0.07833136821602847,-0.0727819772336613,-0.06760024909203478,-0.0627655100496917,-0.058257696073972444,-0.05405742931079217,-0.050146073125299895,-0.046505771585881706,-0.043119472560950556,-0.03997094023576539,-0.03704475646962671,-0.03432631428980993,-0.03180180488338062,-0.029458198686802977,-0.02728322317691648,-0.025265336678774262,-0.023393700626592163
-0.5581339817596732,-0.5604114441618131,-0.5610908693022374,-0.5601348702133837,-0.5575273415759419,-0.5532743762667036,-0.5474044999215427,-0.5399681982392974,-0.531036752430548,-0.5207004373121157,-0.5090661718064914,-0.4962547388808397,-0.48239771106893137,-0.4676342243368474,-0.45210774116968605,-0.4359629317643483,-0.4193427831157829,-0.4023860222215202,-0.3852249156763188,-0.3679834757989249,-0.35077608506690844,-0.33370653250601223,-0.31686743129373035,-0.300339978968863,-0.2841940139842145,-0.26848832304300724,-0.25327114365591374,-0.2385808147514946,-0.2244465316839115,-0.21088916478767017,-0.1979221161385293,-0.18555217520530157,-0.17378035425086155,-0.1626026933137524,-0.15201101553346594,-0.14199362748362268,-0.13253595980642285,-0.12362114541096794,-0.11523053511571212,-0.10734415276022868,-0.09994109270203608,-0.09299986344233248,-0.0864986801406652,-0.08041571297343403,-0.07472929295830949,-0.06941808230591226,-0.06446121142770879,-0.05983838762457935,-0.05552997960564876,-0.05151707940838571,-0.047781547759457275,-0.044306042079796756,-0.041074033139646776,-0.03806980980476111,-0.03527847529955055,-0.0326859364373187,-0.030278886448353633,-0.02804478414912443,-0.025971828744589587,-0.02404893283090548
-0.5569353859787856,-0.559774244662387,-0.5610334255458297,-0.5606682379849821,-0.5586547878546049,-0.5549911258038415,-0.5496977319018614,-0.542817297483686,-0.5344138050015561,-0.5245709465760966,-0.5133899590934391,-0.5009869839310928,-0.4874900821063651,-0.47303604604385285,-0.45776715091530934,-0.4418279796089646,-0.42536243862756923,-0.40851106005091087,-0.3914086610118047,-0.3741824007753694,-0.3569502546765244,-0.3398199057305069,-0.3228880288322889,-0.3062399325295092,-0.28994951425341675,-0.27407948460667897,-0.258681804875452,-0.2437982895431192,-0.22946132843413738,-0.21569468600173394,-0.20251435041065227,-0.18992939058901429,-0.17794280022313078,-0.16655231703183143,-0.15575119617560268,-0.14552893116140836,-0.13587191650681923,-0.12676404844816955,-0.11818726283399017,-0.11012201168385194,-0.10254768117732184,-0.0954429542372752,-0.08878612055272535,-0.08255534074300785,-0.07672886654177513,-0.07128522378611976,-0.06620336066384735,-0.06146276617425033,-0.05704356315160065,-0.052926577479308,-0.04909338969639609,-0.04552636824098742,-0.04220869053340924,-0.03912435136620723,-0.036258162157339416,-0.033595742610394504,-0.03112350544457297,-0.028828637082615016,-0.02669907356531621,-0.024723474396014307
-0.5555373067055226,-0.5589305857936989,-0.5607650648043473,-0.560988958610786,-0.5595707157005878,-0.5565003889382635,-0.5517903657870169,-0.5454754053676271,-0.5376119685960724,-0.5282768678460849,-0.5175653012113417,-0.505588369323622,-0.4924701988088923,-0.4783448106434575,-0.4633528771776069,-0.44763850603058275,-0.43134617494906635,-0.4146179212887091,-0.39759086665900767,-0.3803951269973887,-0.36315213520696027,-0.3459733848368401,-0.3289595760032019,-0.31220013271322916,-0.29577305015429495,-0.279745029146633,-0.26417184205239425,-0.24909888111963438,-0.23456184233416097,-0.2205875007868846,-0.2071945481813534,-0.1943944481785403,-0.18219228660058592,-0.17058760324321282,-0.1595751821834693,-0.14914579253471277,-0.13928687280702495,-0.12998315409570121,-0.121217220427227,-0.11297000713109788,-0.10522123981975544,-0.09794981648706252,-0.09113413565033514,-0.08475237692739247,-0.0787827362025959,-0.07320362183367073,-0.06799381470055649,-0.06313259695544739,-0.05859985402700201,-0.05437615156348526,-0.05044279367253958,-0.04678186175142598,-0.0433762403044621,-0.04020962924690764,-0.0372665463826879,-0.0345323216984001,-0.03199308416947942,-0.02963574411692424,-0.027447970360144118,-0.02541816501051079
-0.5539412981841116,-0.5578813362294908,-0.5602858982855512,-0.5610963376249589,-0.5602736041711602,-0.557799827102261,-0.5536792844295733,-0.5479386941305512,-0.5406267987156312,-0.5318132551459006,-0.521586881680469,-0.5100533483989981,-0.4973324274444331,-0.48355493692624396,-0.468859521739361,-0.45338941252506304,-0.43728929282233236,-0.42070238608634686,-0.40376785201430454,-0.3866185527543075,-0.36937922436125137,-0.35216507010183074,-0.3350807637055827,-0.318219836500762,-0.301664410232213,-0.28548523483081784,-0.2697419759875191,-0.2544837030042636,-0.23974952863096818,-0.22556935554747964,-0.21196469808655224,-0.19894953247367592,-0.18653115059389683,-0.17471100235789414,-0.1634855015310682,-0.15284678546041827,-0.14278342067422947,-0.133281048427959,-0.12432296763706362,-0.11589065538221947,-0.10796422735229931,-0.10052284000248138,-0.09354503742571577,-0.08700904895601488,-0.08089303995277589,-0.07517532182200937,-0.06983452444889413,-0.06484973577496235,-0.06020061328019491,-0.05586746911122497,-0.05183133536186807,-0.04807400885764116,-0.044578082031165055,-0.04132695942616445,-0.03830486364872313,-0.03549683251195714,-0.0328887081042907,-0.030467120975301035,-0.028219468662018698,-0.026133891546660477
-0.552148948803171,-0.5566274141084675,-0.5595960964376533,-0.5609897428601076,-0.5607619901932699,-0.5588871474122366,-0.5553613967047569,-0.5502033357278561,-0.543453818950104,-0.5351750953520787,-0.5254492799901215,-0.5143762339807764,-0.5020709596451445,-0.48866063904439705,-0.47428145727268245,-0.4590753535414313,-0.44318683510845713,-0.42675997311694946,-0.4099356783810483,-0.3928493280330502,-0.3756287869152131,-0.35839284885472,-0.3412500934158846,-0.3242981374526274,-0.30762324707346655,-0.2913002718609379,-0.2753928472328722,-0.25995381524195815,-0.24502581438458612,-0.23064199191633242,-0.2168268052582776,-0.20359686342890304,-0.1909617814508983,-0.17892503103970722,-0.1674847603682961,-0.15663457171578196,-0.14636424771229647,-0.13666041901438974,-0.12750716988223326,-0.11888658108553483,-0.11077921224883155,-0.10316452459614778,-0.09602124715818715,-0.08932769201932625,-0.08306202136903204,-0.07720247195011738,-0.07172754047705357,-0.06661613459937712,-0.06184769438059431,-0.057402286089518556,-0.05326067494973913,-0.0494043762661329,-0.04581569170020421,-0.04247773027761806,-0.039374418077434595,-0.036490498458278266,-0.03381152358710013,-0.03132384062544327,-0.029014571773991565,-0.026871591318025523
-0.550161880792849,-0.5551697872453727,-0.5586958899125677,-0.5606686063142473,-0.5610344713703505,-0.5597601063187012,-0.5568336417715825,-0.5522655063492043,-0.5460885253059988,-0.5383573118323816,-0.5291469740424284,-0.5185511991628781,-0.5066798111632724,-0.4936559229809391,-0.47961282140684136,-0.4646907281797025,-0.44903357628517393,-0.432785927161768,-0.4160901350258794,-0.39908383948591103,-0.38189783906652186,-0.3646543796757021,-0.3474658616767752,-0.330433950882242,-0.31364906349596483,-0.29719018994594776,-0.2811250050430272,-0.2655102149552274,-0.25039209069254365,-0.23580714065666808,-0.2217828868665793,-0.20833869356050738,-0.19548661902591682,-0.18323227211493207,-0.17157564413339563,-0.1605119031730669,-0.15003214025589484,-0.14012405879355067,-0.1307726027791947,-0.12196052229972693,-0.1136688781831377,-0.1058774858339771,-0.09856530137501353,-0.09171075515696976,-0.08529203573694762,-0.07928732938146038,-0.07367501909236274,-0.0684338475370455,-0.06354304906542682,-0.058982452665340454,-0.054732562630755724,-0.050774616439257396,-0.047090626788659426,-0.04366340742970176,-0.04047658687416764,-0.03751461194824016,-0.03476274199346325,-0.0322070372365007,-0.029834340507130783,-0.027632255604032274
-0.547981749917146,-0.5535094733240999,-0.5575855705086276,-0.5601324260110078,-0.5610897088159142,-0.5604165133364775,-0.5580929934837436,-0.5541213911648559,-0.5485263908394667,-0.5413547684522915,-0.5326743430023767,-0.5225722785067436,-0.5111528209992606,-0.4985345833105785,-0.48484751096640866,-0.4702296719036746,-0.4548240117799352,-0.4387752063402815,-0.4222267246871032,-0.40531819467082986,-0.38818313189893455,-0.3709470755821832,-0.3537261434813315,-0.33662599786921316,-0.31974119756200214,-0.3031549046142713,-0.28693889521256255,-0.27115382585962294,-0.25584970396791024,-0.24106651472651947,-0.22683496694236135,-0.2131773044578814,-0.20010815187712772,-0.1876353741298818,-0.17576091842964106,-0.16448162384591353,-0.15378998643470274,-0.14367487000550133,-0.1341221567988779,-0.12511533573953634,-0.11663602973833272,-0.10866446109437919,-0.10117985815816055,-0.0941608077217075,-0.08758555659316553,-0.08143226679652713,-0.07567922884650727,-0.07030503724779258,-0.06528873361428149,-0.060609919313130055,-0.056248844524097334,-0.05218647329933179,-0.04840453174301891,-0.04488553901020822,-0.04161282533219563,-0.03857053915864555,-0.03574364425672597,-0.033117910460058776,-0.030679897226537137,-0.028416933466822704
-0.5456102451614663,-0.5516475400723982,-0.5562654920913391,-0.559380767850495,-0.5609264300105672,-0.5608542348519598,-0.559136464948928,-0.5557671893024801,-0.550762870602283,-0.5441622739652281,-0.536025670578184,-0.5264333696805145,-0.5154836509410498,-0.5032902002951082,-0.4899791764229979,-0.4756860483081182,-0.4605523471696845,-0.44472246900303186,-0.42834064853885656,-0.411548205550445,-0.3944811339295997,-0.37726808615276464,-0.36002877448604936,-0.34287278803219723,-0.3258988063214085,-0.30919418226535395,-0.2928348466961773,-0.27688548663448503,-0.26139994616880474,-0.24642180140840828,-0.23198507039112387,-0.21811500261781114,-0.20482891482070673,-0.19213705049686192,-0.18004342961656655,-0.16854667176859423,-0.15764077917926367,-0.1473158681639719,-0.13755884205011026,-0.12835400222368432,-0.11968359838291792,-0.11152831594781558,-0.10386770381514016,-0.09668054624190317,-0.08994518269224502,-0.0836397793886319,-0.07774255749599787,-0.07223198181407185,-0.06708691558638244,-0.062286743382057724,-0.057811469042189194,-0.0536417883767422,-0.04975914389055212,-0.046145761309729305,-0.04278467224130199,-0.039659725182625484,-0.03675558575993577,-0.034057730065730395,-0.03155243023482356,-0.02922673588844666
-0.5430490884154444,-0.5495851054177383,-0.5547360714907364,-0.5584132674481563,-0.5605434316788751,-0.561071198003918,-0.5599611132346975,-0.5571991190563125,-0.5527934069085717,-0.5467745868020509,-0.5391951487564999,-0.5301282355736849,-0.5196657855556664,-0.5079161373594897,-0.49500121660804935,-0.48105344098462705,-0.46621248728370435,-0.45062206031126634,-0.4344267906191514,-0.417769371239445,-0.400788012709117,-0.38361427853880714,-0.3663713319840534,-0.34917260097659564,-0.33212084818739623,-0.315307623853514,-0.2988130568988821,-0.2827059380346069,-0.26704404386671027,-0.25187465339637355,-0.23723521609691367,-0.22315411451024333,-0.20965148586088017,-0.19674007815909964,-0.18442610505823073,-0.17271008066253377,-0.16158761913446806,-0.15105018604527326,-0.14108579317689532,-0.13167963232149704,-0.12281464871827044,-0.11447205086884274,-0.10663175993235849,-0.09927280170634421,-0.09237364542636348,-0.08591249233472295,-0.07986751945240306,-0.07421708211017129,-0.06893988105860048,-0.06401509616197228,-0.05942249375200522,-0.05514250744135887,-0.051156299821991505,-0.0474458049023057,-0.04399375573785421,-0.04078369960461326,-0.037800001634576474,-0.03502784096531563,-0.03245319852564218,-0.030062840259546975
-0.5403000341510942,-0.5473233376239142,-0.5529977893738891,-0.5572296319589127,-0.5599395826823168,-0.5610653946339613,-0.5605640442185469,-0.5584134233298914,-0.5546134349294788,-0.5491864202751392,-0.5421768820172275,-0.53365050692181,-0.5236925326763978,-0.5124055389980984,-0.49990677373850545,-0.48632514553566825,-0.4717980252516727,-0.4564679985331857,-0.4404797017350125,-0.42397685999372553,-0.4070996154463951,-0.38998221731387794,-0.37275111456815824,-0.35552346632839926,-0.338406063841312,-0.32149464708906567,-0.3048735755141247,-0.2886158086176951,-0.2727831460293797,-0.25742667872048597,-0.24258740900389703,-0.2282969807725367,-0.21457848240415317,-0.2014472956953058,-0.18891195296214175,-0.17697498133679787,-0.1656337174401505,-0.15488107766564582,-0.14470627435266908,-0.1350954721918274,-0.12603238500056704,-0.11749880829194324,-0.10947509082948971,-0.1019405472960176,-0.09487381672759301,-0.08825316877505637,-0.0820567637594483,-0.0762628697090261,-0.07085004240551701,-0.06579727049046709,-0.06108409277203275,-0.05669068766039283,-0.0525979422883786,-0.04878750126553598,-0.04524179963772901,-0.041944082540161784,-0.03887841250513634,-0.03602966866313142,-0.033383536943384036,-0.030926495254121583
-0.5373648690963259,-0.5448634554079645,-0.5510511910911104,-0.555829641883754,-0.5591138269243533,-0.5608348853024061,-0.5609424175791838,-0.5594063753129211,-0.5562183886223426,-0.5513924482119493,-0.5449648920529314,-0.5369936854768962,-0.5275570244309974,-0.516751329164,-0.5046887288118478,-0.49149416179197686,-0.47730223154526935,-0.46225396109288414,-0.44649358286371865,-0.4301654904395452,-0.41341144863337864,-0.3963681431122989,-0.37916512041199085,-0.3619231422616081,-0.344752955556239,-0.3277544670332272,-0.31101628677741044,-0.29461559895076855,-0.27861831038138957,-0.26307942937575224,-0.2480436310496566,-0.23354594941619317,-0.21961255665364995,-0.20626160077311634,-0.19350406173217258,-0.18134460276022107,-0.16978239833062286,-0.15881192221249632,-0.14842368434975975,-0.13860490960427563,-0.12934015793779408,-0.12061188002124455,-0.1124009114331912,-0.10468690658821679,-0.09744871748400466,-0.09066471833781203,-0.08431308263689971,-0.07837201536947541,-0.072819946666502,-0.06763568894743514,-0.06279856475204798,-0.058288505330096455,-0.05408612765928194,-0.05017278994674988,-0.04653063029781349,-0.04314259118517287,-0.039992430722730704,-0.03706472517424786,-0.03434486178916729,-0.03181902612878507
-0.5342454119038818,-0.5422067280370081,-0.5488968874944097,-0.5542131528559221,-0.5580651862634458,-0.5603778033648932,-0.5610934519254811,-0.560174284392069,-0.5576037070001636,-0.5533873110324504,-0.5475531230178459,-0.5401511477600413,-0.5312522188584897,-0.5209462101976093,-0.509339697431807,-0.4965531862944719,-0.48271804306851346,-0.46797327041517683,-0.45246226807586404,-0.43632971204651266,-0.41971865664865954,-0.40276795000977456,-0.38561002409658396,-0.36836909242309696,-0.3511597648231278,-0.33408607495457276,-0.317240889992054,-0.3007056641459992,-0.28455048819155,-0.268834388507745,-0.2536058308095219,-0.23890336791553357,-0.2247563900655977,-0.21118594684772357,-0.19820559874709606,-0.1858222727325278,-0.17403710149615095,-0.16284622788764508,-0.1522415616564967,-0.1422114801284029,-0.13274147175956802,-0.12381471500258619,-0.11541259558803596,-0.107515162258923,-0.10010152650235929,-0.09315020624701201,-0.0866394206340704,-0.08054733815028753,-0.07485228454867499,-0.06953291268772781,-0.06456834148735405,-0.059938264233393906,-0.0556230339943711,-0.05160372632672832,-0.0478621840566625,-0.04438104692394138,-0.04114376713576526,-0.03813461545700213,-0.03533867691775612,-0.03274184048934448
-0.5309435128157363,-0.5393544754045959,-0.5465355557267239,-0.5523800974037396,-0.5567927634296562,-0.5596923591047152,-0.5610144300589335,-0.5607135022946997,-0.5587648407463472,-0.5551656222842168,-0.5499354473314214,-0.5431161494337103,-0.5347709021641995,-0.5249826623546013,-0.5138520261311005,-0.5014946051082834,-0.4880380523594194,-0.4736188796173345,-0.45837920701352475,-0.44246358485479387,-0.4260159993238256,-0.40917716160155904,-0.3920821519095699,-0.3748584611555557,-0.35762444815688027,-0.34048821530567847,-0.3235468781720878,-0.30688619456282806,-0.2905805073211859,-0.2746929559911638,-0.2592759116947516,-0.24437157403140436,-0.23001268673422046,-0.21622333898721935,-0.20301980846283105,-0.19041141806977133,-0.17840138413895898,-0.16698763561202043,-0.15616358960741616,-0.1459188734713105,-0.1362399915537672,-0.12711092746415115,-0.11851368482161935,-0.11042876530971647,-0.10283559005151727,-0.09571286305440097,-0.08903888443888988,-0.08279181520100534,-0.07694990011890072,-0.07149165096723849,-0.06639599722417183,-0.06164240468076992,-0.05721096978572842,-0.05308249003786951,-0.04923851531033392,-0.04566138305080447,-0.04233423845092239,-0.03924104441136772,-0.036366580375106566,-0.03369643457238617
-0.5274610533230106,-0.5363080680861967,-0.5439679399804729,-0.5503304866870843,-0.5552957449402638,-0.5587768439154025,-0.5607027043648052,-0.5610204294637019,-0.5596972591787536,-0.5567219756481859,-0.55210567206109,-0.5458818303317037,-0.5381056916645913,-0.528852943996487,-0.5182177892627925,-0.5063104870432931,-0.4932544969735941,-0.4791833581074471,-0.46423744696542546,-0.44856075847463556,-0.43229782846238257,-0.41559090573720814,-0.39857745554471746,-0.38138804691642475,-0.36414465095371823,-0.3469593606692739,-0.3299335146350892,-0.3131571944985021,-0.2967090533507675,-0.28065643221976866,-0.2650557185290116,-0.2499528852046736,-0.23538416555350777,-0.22137682868937023,-0.20795000972106245,-0.19511556420558276,-0.18287892264433037,-0.17123992253108436,-0.16019360148378026,-0.14973093993758751,-0.13983955085939723,-0.13050430542897623,-0.12170789757945877,-0.11343134484551946,-0.10565443202196326,-0.0983560950382841,-0.09151475339170996,-0.08510859228367336,-0.07911580124258227,-0.07351477142282051,-0.06828425871829459,-0.0634035132974596,-0.05885238343416825,-0.054611394099718255,-0.050661805285467224,-0.04698565316620764,-0.04356577524370751,-0.040385824500574916,-0.03743027163190289,-0.03468440009507465
-0.5237999458214522,-0.5330689273734427,-0.5411948522239795,-0.5480644122044456,-0.5535734040096457,-0.5576296345277182,-0.5601557023264806,-0.561091521660637,-0.5603964575660572,-0.558050952427195,-0.5540575459085205,-0.5484412201853632,-0.5412490394753459,-0.5325490925108017,-0.5224287865372645,-0.5109925773627979,-0.4983592491290872,-0.4846588771587072,-0.47002961459068937,-0.4546144503851986,-0.43855806330829494,-0.42200388787562454,-0.4050914841310505,-0.387954273788663,-0.37071767926531246,-0.35349768451367863,-0.33639980736479985,-0.3195184586734081,-0.30293664858435276,-0.28672599990655945,-0.2709470223071921,-0.25564958633366175,-0.24087355098416846,-0.22664950753535015,-0.21299959212909383,-0.19993833409366205,-0.18747351377324542,-0.17560700524823694,-0.16433558553171718,-0.15365169697784736,-0.1435441594993672,-0.13399881959883972,-0.12499913894325045,-0.11652671842902067,-0.10856176473784349,-0.10108349531456179,-0.09407049075634967,-0.08750099508373901,-0.08135317083198998,-0.07560531117203068,-0.0702360161152096,-0.06522433362639492,-0.060549873529467856,-0.05619289484154511,-0.05213437157849603,-0.04835604031481625,-0.04484043068453822,-0.041570884060019776,-0.03853155947495258,-0.0357074317326719
-0.519962133262528,-0.5296385252867747,-0.5382171728942989,-0.5455820474674511,-0.5516251034484718,-0.5562491972747918,-0.5593709321568403,-0.5609232967934792,-0.5608579647982875,-0.5591471295283452,-0.5557847668230222,-0.5507872450848711,-0.5441932369977928,-0.5360629260313343,-0.5264765412873063,-0.5155322920694614,-0.5033438057011121,-0.4900371955394021,-0.4757478973536116,-0.4606174235699549,-0.44479016496982704,-0.4284103630301859,-0.41161935452349985,-0.39455316097797427,-0.37734046934976967,-0.3601010315877558,-0.3429444809499731,-0.32596954630077224,-0.30926362871176855,-0.29290270367157223,-0.27695150291791987,-0.2614639157266015,-0.24648356223133197,-0.2320444995041587,-0.2181720113554446,-0.2048834462784356,-0.1921890752666334,-0.180092942699391,-0.1685936898336216,-0.15768533578277732,-0.14735801162986953,-0.13759863260421992,-0.1283915108432859,-0.11971890303673388,-0.11156150045864842,-0.10389885570739951,-0.09670975580432127,-0.08997254137291263,-0.08366537897224324,-0.07776648880476834,-0.07225433472646976,-0.06710777762335302,-0.06230620001171594,-0.057829602689121476,-0.05365867853743368,-0.049774866940846714,-0.046160390053839734,-0.042798276364854844,-0.039672370625476225,-0.03676733529026369
-0.5159495888001834,-0.5260183845661369,-0.5350358515550163,-0.5428836496397014,-0.5494502985470864,-0.5546340923887153,-0.5583459885397651,-0.5605123419641785,-0.5610773514121717,-0.5600050879490209,-0.5572809902649297,-0.5529127347145563,-0.5469304202603081,-0.539386046032231,-0.5303522995494868,-0.5199207128656798,-0.5081992786652912,-0.49530964528993754,-0.4813840247440949,-0.46656196353770574,-0.4509871098146444,-0.4348041062813934,-0.41815571979113164,-0.4011802901909706,-0.38400955485477795,-0.36676688577612665,-0.34956594589194157,-0.33250975251238185,-0.3156901168872926,-0.29918742717105945,-0.2830707295859662,-0.2673980489943617,-0.25221690061284013,-0.2375649517465882,-0.22347078316232488,-0.20995471197938095,-0.19702964573218504,-0.18470193856530673,-0.1729722269544976,-0.16183622786835425,-0.1512854939744156,-0.14130810860890067,-0.1318893227720449,-0.12301212663998987,-0.1146577636079676,-0.10680617942895945,-0.09943641677165625,-0.09252695409150799,-0.08605599599882614,-0.08000171734549649,-0.07434246778442934,-0.06905693812860854,-0.06412429629917023,-0.05952429390129102,-0.0552373485712479,-0.05124460574440832,-0.0475279811281781,-0.04407018953611712,-0.040854759161634446,-0.03786603664326431
-0.5117643154333177,-0.5222100786393911,-0.5316519075175741,-0.5399695611367079,-0.5470485399377658,-0.5527829783215036,-0.5570785584741327,-0.5598553207301994,-0.5610502379705543,-0.5606194217750068,-0.5585398381407667,-0.5548104304009506,-0.5494525761725544,-0.5425098408730765,-0.5340470300556291,-0.5241485828937228,-0.5129163860987026,-0.5004671177507155,-0.4869292493718884,-0.47243985479167677,-0.45714136186417437,-0.44117838184392233,-0.4246947358447385,-0.4078307707899291,-0.39072103148430254,-0.3734923352261982,-0.3562622650591125,-0.3391380768930811,-0.3222159949607857,-0.30558086749599744,-0.2893061387628902,-0.2734540806197622,-0.25807623486896625,-0.24321402358934097,-0.2288994759693027,-0.2151560310097586,-0.20199938366241882,-0.18943834309881155,-0.17747567826843558,-0.16610893158438478,-0.15533119420004277,-0.14513182325009957,-0.13549710300097348,-0.12641084043163472,-0.11785490376643432,-0.10980969461930346,-0.10225456475115516,-0.09516817542267447,-0.08852880660667564,-0.08231461827190478,-0.07650387026540419,-0.0710751024079457,-0.06600728247706143,-0.0612799233512597,-0.05687317448134439,-0.05276789153220885,-0.04894568552900296,-0.045388957374663155,-0.04208091683187832,-0.03900559153029408
-0.5074083456440273,-0.5182152315681257,-0.5280664304247098,-0.5368402111836929,-0.5444194764303734,-0.5506946160829133,-0.5555664272119208,-0.5589489805730444,-0.5607723037937041,-0.5609847476975688,-0.5595549084306846,-0.5564729940118541,-0.5517515497514238,-0.54542549037513,-0.5375514252339019,-0.5282063033695557,-0.5174854438593335,-0.5055000499582909,-0.49237432803778636,-0.47824235682438326,-0.4632448442293301,-0.44752591068650754,-0.43123002615327655,-0.41449920262259693,-0.39747051899742136,-0.3802740345498556,-0.36303111705205215,-0.3458531888568718,-0.3288408715726665,-0.3120835065396192,-0.2956590091633923,-0.279634002907462,-0.2640641841316169,-0.24899487350769559,-0.2344617017117307,-0.22049138632187038,-0.20710256540673364,-0.19430665422113735,-0.1821086978507899,-0.17050819846231494,-0.15949990938037248,-0.14907457388544437,-0.1392196102959933,-0.12991973171559776,-0.12115750946499311,-0.1129138687989043,-0.1051685285862529,-0.09790038193604127,-0.0910878250774443,-0.08470903668365896,-0.07874221388011662,-0.0731657668654549,-0.06795847965188355,-0.0630996384580471,-0.05856913292042471,-0.05434753416684067,-0.05041615113641458,-0.046757071222946894,-0.043353184356283374,-0.04018819629235017
-0.5028837410316712,-0.5140355179705565,-0.5242805807945953,-0.5334961173279764,-0.5415628578157613,-0.548367873587196,-0.5538074842812565,-0.5577901605655817,-0.5602392960387496,-0.5610957150546122,-0.5603197855271245,-0.5578930177438903,-0.5538190523782166,-0.5481239715117409,-0.5408559033246771,-0.5320839312330496,-0.5218963580765041,-0.5103984115419473,-0.49770950290153904,-0.4839601797332083,-0.469288909646096,-0.45383883671706804,-0.4377546445086818,-0.4211796364303593,-0.40425312038664263,-0.3871081638948266,-0.3698697562283776,-0.352653389576766,-0.3355640467979399,-0.3186955790030018,-0.30213043361088604,-0.28593968198234415,-0.2701832982342132,-0.25491064376857137,-0.2401611047222756,-0.22596483693792963,-0.21234358189000344,-0.19931151771474326,-0.18687611579841285,-0.17503897929880177,-0.16379665447456984,-0.15314139010619535,-0.14306184611890413,-0.13354373747142717,-0.12457042281255562,-0.11612342428686366,-0.10818289083574315,-0.10072800088342941,-0.09373731171844638,-0.08718905772325568,-0.08106140333981238,-0.07533265304099111,-0.06998142558689356,-0.0649867943852,-0.060328399095993204,-0.05598653273102038,-0.05194220568258325,-0.04817719296678893,-0.04467406382498647,-0.04141619966391092
-0.4981925919428085,-0.5096726629212285,-0.5202955905242922,-0.5299378869026544,-0.5384785376311224,-0.5458017300004595,-0.5517997295844685,-0.5563757992287525,-0.5594470391217925,-0.5609470163990822,-0.5608280513018081,-0.5590630348348817,-0.5556466711468757,-0.5505960652984924,-0.5439506117217748,-0.5357711779462111,-0.5261386185973397,-0.5151516922685753,-0.5029244828843892,-0.48958345957093113,-0.47526431018830806,-0.4601086915620729,-0.44426103581123016,-0.4278655317452378,-0.4110633780835691,-0.39399038467392966,-0.37677496912235814,-0.35953657015901547,-0.34238447299649877,-0.3254170366743314,-0.30872128731824533,-0.29237283046405854,-0.27643603500181696,-0.2609644424042121,-0.24600134832345025,-0.23158050898738797,-0.21772693383504466,-0.204457726308407,-0.1917829408127367,-0.1797064298482684,-0.16822667073228234,-0.1573375444614155,-0.14702906729123427,-0.13728805859910512,-0.12809875498886567,-0.11944335463785491,-0.11130250488134621,-0.10365572773447847,-0.09648179061408277,-0.08975902436002724,-0.08346559401693189,-0.07757972501681928,-0.07207989174703762,-0.06694497063702216,-0.062154362849323394,-0.05768809103695882,-0.053526871653311485,-0.04965216930311593,-0.04604623231649133,-0.04269211573499503
-0.49333701709706546,-0.505128441827245,-0.5161127633511555,-0.5261662184382495,-0.5351664758813395,-0.542995280079907,-0.5495412795604088,-0.5547029425669426,-0.5583914444754633,-0.5605333985956217,-0.5610732969160346,-0.5599755312358519,-0.5572258793629608,-0.5528323649707683,-0.5468254316550107,-0.5392574095801342,-0.5302012935474802,-0.51974889040068,-0.5080084254641235,-0.4951017335671481,-0.4811611662566803,-0.4663263579889419,-0.4507409948634809,-0.4345497121963418,-0.41789522704278803,-0.4009157917353547,-0.3837430269806075,-0.36650016573054356,-0.34930071149749276,-0.3322475085815158,-0.31543219218858054,-0.2989349764006585,-0.2828247341143602,-0.26715932212953847,-0.25198609877281664,-0.23734258452747567,-0.2232572252053427,-0.20975021741330757,-0.1968343618478781,-0.1845159159697631,-0.17279543391163826,-0.16166856331962276,-0.15112679908361018,-0.14115817484040846,-0.1317479026284495,-0.12287894214959807,-0.11453251325221096,-0.10668854504503886,-0.09932606879804176,-0.09242355665797329,-0.08595921113054801,-0.07991120837068227,-0.0742579018953391,-0.06897798919716704,-0.06405064625587198,-0.0594556346265142,-0.05517338264185754,-0.0511850474152426,-0.047472556874067554,-0.04401863821839679
-0.4883191632089817,-0.5004046802807645,-0.5117334752708427,-0.5221819030190071,-0.5316267417102493,-0.5399477384958332,-0.5470303733995059,-0.5527687522699735,-0.557068520632769,-0.559849674444152,-0.5610491353868047,-0.5606229582755092,-0.558548048252432,-0.5548232855381255,-0.5494699843349204,-0.5425316483404113,-0.5340730251777588,-0.5241785020502935,-0.5129499190421933,-0.5005039153806177,-0.48696893496782256,-0.4724820320434184,-0.4571856231802061,-0.4412243181598774,-0.4247419445606838,-0.4078788617540403,-0.39076963412263577,-0.37354110508626287,-0.3563108847145272,-0.33918625657898094,-0.3222634766757554,-0.3056274279945116,-0.28935158708324304,-0.2734982557625536,-0.25811900614946304,-0.24325528777270092,-0.22893915453665795,-0.2151940692252806,-0.2020357485872604,-0.18947301804009273,-0.17750866216953,-0.1661402377721525,-0.1553608486768054,-0.14515986036129774,-0.13552356511450286,-0.12643577649001214,-0.11787836724169978,-0.10983174275590742,-0.10227525696228476,-0.09518757265831097,-0.0885469705991342,-0.0823316108265798,-0.07651975239814694,-0.07108993437082525,-0.06602112291020396,-0.061292829425332714,-0.056885201316928286,-0.05277909221510285,-0.04895611099616519,-0.045398656173755894
-0.4831412046058952,-0.49550325388752703,-0.5071591749106176,-0.5179858255805058,-0.5278595160156102,-0.5366584441268746,-0.5442653792992133,-0.5505705140682875,-0.5554743836260787,-0.5588907348264838,-0.5607492149185165,-0.5609977463476592,-0.5596044599381418,-0.5565590748059913,-0.5518736386850881,-0.5455825756896784,-0.5377420271825257,-0.528428511730595,-0.5177369660859894,-0.5057782705693018,-0.4926763780950733,-0.47856518400095355,-0.46358528384528797,-0.4478807567044003,-0.4315960966953602,-0.4148733976239963,-0.39784987182417936,-0.38065575552127656,-0.3634126232563788,-0.3462321258881161,-0.3292151306952196,-0.3124512335986474,-0.2960186028227005,-0.279984107646526,-0.26440368170978074,-0.24932286830028455,-0.234777503770649,-0.22079449485734487,-0.20739265046648997,-0.19458353440532272,-0.18237232344975587,-0.170758634455087,-0.15973731891945736,-0.1492991999645839,-0.1394317627919359,-0.1301197744886801,-0.12134584789190345,-0.11309094002365254,-0.10533479182654824,-0.09805631101842086,-0.09123390171653066,-0.0848457447699366,-0.07887003441369073,-0.07328517451003759,-0.06806993907770797,-0.06320360223399857,-0.058666039186884615,-0.05443780533208554,-0.05050019281693525,-0.046835271360043236
-0.47780534284191545,-0.4904260880711845,-0.5023913838566563,-0.5135789661452497,-0.5238650940014528,-0.53312686431864,-0.5412448007467113,-0.5481056462265036,-0.5536052676879777,-0.5576515613692999,-0.5601672330068462,-0.5610923196490997,-0.5603863217401701,-0.5580298259557017,-0.5540255207915267,-0.5483985372346685,-0.5411960836894925,-0.5324863843270323,-0.5223569672747,-0.510912392494378,-0.4982715297446736,-0.48456451826251884,-0.4699295544748157,-0.4545096488053024,-0.4384494811676142,-0.42189246863462804,-0.4049781374125754,-0.3878398624519325,-0.37060300756483205,-0.35338349006672415,-0.3362867550222149,-0.31940713640080093,-0.30282756823128576,-0.28661960050378305,-0.2708436711711182,-0.2555495807305331,-0.2407771241388982,-0.22655683410656527,-0.21291079390595122,-0.19985348359501057,-0.18739264215384543,-0.17553010613305514,-0.16426262228099656,-0.15358260588257203,-0.14347885609571262,-0.13393720113018315,-0.12494108841972662,-0.1164721086885439,-0.10851046029962723,-0.10103535556004396,-0.0940253718212425,-0.08745875181063496,-0.08131365815722409,-0.07556838582207656,-0.07020153691695628,-0.06519216326158214,-0.06051987836506909,-0.056164946051190066,-0.05210834517597888,-0.04833181741084364
-0.4723138063080456,-0.4851751578532313,-0.49743169693411354,-0.5089624009929293,-0.5196438876613922,-0.5293525990955016,-0.5379672828149284,-0.5453717081590768,-0.551457536238505,-0.5561272396138767,-0.5592969513179494,-0.5608991119921294,-0.5608847818536906,-0.5592254917736579,-0.5559145252018973,-0.5509675495534285,-0.5444225501352755,-0.5363390587305791,-0.5267967069043238,-0.5158931789068338,-0.5037416639863935,-0.4904679323614526,-0.47620717837926446,-0.4611007738303656,-0.4452930666419371,-0.4289283462218003,-0.41214807825801997,-0.3950884834103071,-0.37787850357793157,-0.36063818983650064,-0.34347750455669795,-0.3264955231454702,-0.3097800031251882,-0.29340727707325626,-0.2774424233027072,-0.2619396603029018,-0.2469429185705442,-0.2324865423889285,-0.2185960773524165,-0.20528910496656527,-0.19257610483027102,-0.18046130184720252,-0.16894349486551863,-0.1580168350745085,-0.14767156557335032,-0.13789469177665897,-0.1286705981546074,-0.11998159848660436,-0.1118084255707974,-0.10413066189108545,-0.09692711314444334,-0.0901761295957246,-0.08385587945687942,-0.07794457848364901,-0.07242068000086369,-0.06726303093231115,-0.06245099556715932,-0.05796455442955965,-0.05378437780283735,-0.049891881053023814
-0.46666884983850676,-0.47975248760834965,-0.4922817824387271,-0.5041373037620507,-0.5151964281864005,-0.5253353853149824,-0.5344316184571545,-0.54236640915034,-0.5490276931409951,-0.554312972679728,-0.5581322113422613,-0.560410583711824,-0.5610909464548839,-0.5601359006192868,-0.5575293282098976,-0.5532773091460962,-0.5474083562550784,-0.5399729433973474,-0.5310423398363425,-0.5207068095005922,-0.5090732626975318,-0.4962624752894022,-0.4824060140573406,-0.46764301133248376,-0.45211692831175415,-0.43597243509751155,-0.4193525203432615,-0.4023959159796449,-0.3852348918838385,-0.3679934651491504,-0.35078602477219956,-0.3337163661707848,-0.31687710878291064,-0.30034945579607647,-0.2842032531127699,-0.2684972936782007,-0.2532798200091462,-0.23858917629324208,-0.22445456365291688,-0.21089685737899566,-0.19792946455838217,-0.18555917637953,-0.1737870103115757,-0.16260900692215413,-0.15201699275777375,-0.14199927563254777,-0.13254128805119728,-0.12362616411294336,-0.11523525527596286,-0.10734858627691443,-0.09994525203812174,-0.09300376109348228,-0.08650232883731311,-0.0804191253090885,-0.07473248139207299,-0.06942105922476986,-0.064463988601029,-0.05984097685051645,-0.05553239187196414,-0.051519325619477065
-0.460872754313321,-0.47416015079499835,-0.48694338231878587,-0.49910494647965925,-0.5105233682904603,-0.5210751007538674,-0.5306367547847526,-0.5390876171597315,-0.5463123942063481,-0.5522040954059773,-0.5566669508179511,-0.5596192396836662,-0.5609958982814359,-0.5607507742194486,-0.5588584032616994,-0.555315203699567,-0.5501400114289099,-0.543373914120883,-0.5350793803051211,-0.525338724754417,-0.5142519839234008,-0.5019343053966326,-0.4885129832005895,-0.4741242802273111,-0.4589101797457618,-0.4430151995819187,-0.4265833910984231,-0.40975561922477916,-0.3926671897986168,-0.37544587982196526,-0.35821038059965876,-0.34106915795679155,-0.3241197092696518,-0.30744817971466204,-0.2911292988176465,-0.2752265841934578,-0.2597927649226548,-0.24487037510811346,-0.2304924691941301,-0.21668341541393765,-0.2034597436317983,-0.190830998724646,-0.17880059335247547,-0.16736662117705697,-0.15652264181727887,-0.14625840044481128,-0.13656049782963317,-0.12741299424102515,-0.11879795188793922,-0.11069591694827437,-0.10308634080152818,-0.09594794659185929,-0.0892590433934139,-0.08299779324896915,-0.07714243455866399,-0.07167146783538937,-0.06656380564317692,-0.061798894308546314,-0.05735680721856922,-0.053218317141236746
-0.4549278262572123,-0.4684002696611046,-0.4814183123063317,-0.49386670051593046,-0.5056254844474835,-0.5165717681148747,-0.5265817993117198,-0.5355333676915323,-0.543308458923103,-0.5497960889506738,-0.5548952209144813,-0.5585176484619455,-0.5605907167293138,-0.5610597473738235,-0.5598900386217369,-0.557068325862358,-0.5526036126401848,-0.5465273143258901,-0.5388926929311832,-0.5297736064261658,-0.5192626311062741,-0.507468648175446,-0.4945140174419755,-0.48053147548373315,-0.4656609009935634,-0.4500460849895161,-0.43383163619867654,-0.41716012816294473,-0.4001695657717027,-0.3829912380232334,-0.3657479769272699,-0.3485528372946298,-0.3315081846087068,-0.314705157639578,-0.2982234716614269,-0.2821315106763052,-0.2664866611720334,-0.25133583756228667,-0.23671614913399214,-0.22265566256460348,-0.20917423405957905,-0.1962843591853636,-0.1839920327493201,-0.17229757596309953,-0.16119644187142082,-0.1506799584054201,-0.14073602478027625,-0.13134974259655297,-0.12250398548304908,-0.11417990804342143,-0.10635739234128921,-0.09901543867722679,-0.09213250174393997,-0.08568677802698522,-0.07965644745067711,-0.07401987549472316,-0.06875577763411525,-0.0638433537580414,-0.05926239254559683,-0.05499335334423243
-0.44883639743487985,-0.4624750149247208,-0.47570846199649885,-0.48842403746042856,-0.5005036790328254,-0.5118255589424474,-0.5222660261491134,-0.5317018727069491,-0.5400128823881508,-0.5470845958245107,-0.5528112041617292,-0.5570984625435144,-0.5598664995017438,-0.5610523896514962,-0.5606123574342208,-0.5585234897306776,-0.5547848553151765,-0.5494179582145715,-0.5424664863208757,-0.5339953601071958,-0.5240891235884443,-0.5128497542956475,-0.5003940041441997,-0.48685040251486644,-0.4723560630003755,-0.45705343395924625,-0.4410871300422584,-0.4246009608184514,-0.40773524549712925,-0.3906244918379357,-0.3733954698243014,-0.35616570609221687,-0.3390423947559807,-0.3221216965139903,-0.3054883975213846,-0.2892158787883611,-0.27336634926681364,-0.25799129288532646,-0.243132077926213,-0.22882068069722153,-0.21508049529934734,-0.2019271746177003,-0.189369493232173,-0.1774101855752789,-0.16604676981303182,-0.15527231318779325,-0.14507615424729836,-0.13544456117378897,-0.12636132903590758,-0.11780831639113837,-0.10976591791771806,-0.10221348048347233,-0.09512966238492064,-0.08849274225769131,-0.08228088009650221,-0.07647233680641588,-0.07104565416864117,-0.06597980290352969,-0.06125429899782594,-0.05684929592194998
-0.44260082444270493,-0.45638660542955356,-0.46981579487396163,-0.48277852991690823,-0.4951589823627302,-0.5068367974360065,-0.5176888821316754,-0.5275915295549247,-0.5364228474103648,-0.5440654353314568,-0.5504092331047759,-0.5553544397550269,-0.5588143858395542,-0.5607182291533482,-0.5610133403143097,-0.5596672502499089,-0.5566690473232417,-0.5520301371188464,-0.5457843096672528,-0.5379871002917154,-0.5287144688535707,-0.5180608583283253,-0.5061367315952878,-0.49306570952797746,-0.47898144844393276,-0.46402439766808784,-0.4483385796567945,-0.43206851741136376,-0.4153564090884916,-0.39833963909617676,-0.38114866752148474,-0.3639053357315593,-0.34672159321164603,-0.32969862376642867,-0.3129263490834219,-0.29648326370928424,-0.2804365558764338,-0.26484246513927373,-0.2497468241891661,-0.23518573495079048,-0.22118634851083704,-0.20776769123999694,-0.19494152598986128,-0.1827131977372363,-0.17108247341451926,-0.16004432800265464,-0.14958969177431924,-0.13970613566489418,-0.13037849638966842,-0.12158944134798183,-0.11331996824647207,-0.10554984752665321,-0.09825800579502654,-0.09142285742601199,-0.0850225861212891,-0.07903538302563701,-0.07343964330653988,-0.0682141288606993,-0.06333809753184684,-0.05879140650856438
-0.4362234882969471,-0.45013730777526173,-0.4637423482854877,-0.4769318522135753,-0.48959255462502216,-0.5016059641487743,-0.5128499928583009,-0.5232009298965836,-0.5325357367567932,-0.5407346193847039,-0.5476838096587155,-0.5532784657546262,-0.5574255813542385,-0.5600467784078155,-0.5610808505986925,-0.5604859257370951,-0.558241126427679,-0.5543476294330592,-0.5488290528019683,-0.5417311384654183,-0.5331207370340008,-0.5230841386691136,-0.5117248340609297,-0.4991608181747173,-0.4855215691838376,-0.4709448419315799,-0.45557342182575106,-0.439551971248366,-0.42302407866374175,-0.4061296106028242,-0.38900242010450237,-0.3717684617865807,-0.3545443289701579,-0.337436198288025,-0.3205391672011529,-0.3039369427926038,-0.287701838281653,-0.27189502958895956,-0.25656701879426946,-0.24175825307541962,-0.22749986646689987,-0.21381448428595892,-0.20071707713209802,-0.18821580988213726,-0.17631289441772327,-0.16500539449855506,-0.15428599685286112,-0.14414372314703439,-0.13456458303841368,-0.12553216790622523,-0.11702817823992563,-0.10903289346612542,-0.10152558067975334,-0.0944848501515207,-0.08788895863765521,-0.0817160672466158,-0.07594445578575075,-0.0705527011765558,-0.06551982057134886,-0.06082538683866602
-0.429706794018491,-0.4437294359224752,-0.4574902333576754,-0.4708857810258153,-0.48380568769440646,-0.49613369956012693,-0.5077491686274035,-0.5185288685968233,-0.5283491455084401,-0.5370883686620967,-0.5446296251317683,-0.550863577631236,-0.5556913844762027,-0.5590275624589746,-0.5608026623792011,-0.5609656237292419,-0.5594856814850241,-0.5563537145218389,-0.5515829501829601,-0.5452089747693729,-0.5372890382799561,-0.5279006792547777,-0.5171397372358112,-0.5051178529396801,-0.4919595806063105,-0.4777992482751764,-0.4627777132867715,-0.4470391509162092,-0.4307279956849102,-0.413986145869307,-0.3969504968020927,-0.37975086579924183,-0.36250833536613536,-0.3453340084992569,-0.32832816985997226,-0.3115798166179007,-0.29516651823661216,-0.2791545596644736,-0.2635993148404166,-0.24854579801180626,-0.2340293580763509,-0.22007645361703893,-0.20670549340371547,-0.19392768389933504,-0.18174789120659218,-0.1701654622542023,-0.15917501815738952,-0.14876719203490663,-0.13892930983960775,-0.12964601328680145,-0.12089981568522527,-0.112671600158554,-0.10494105477780269,-0.09768705320629936,-0.09088798101241694,-0.08452201452846805,-0.07856735418426193,-0.07300241976472967,-0.06780600850715918,-0.06295742365106842
-0.4230531702142009,-0.4371653507724799,-0.4510616348589875,-0.46464219590846556,-0.4777998068257643,-0.4904208075092787,-0.5023864102476311,-0.5135743525551666,-0.5238608934900084,-0.5331231290608313,-0.5412415808785257,-0.5481029885760925,-0.5536032145206184,-0.5576501491956578,-0.5601664914347844,-0.561092270358997,-0.5603869776960937,-0.5580311910160073,-0.5540275893372548,-0.5484012938484555,-0.541199503659284,-0.5324904337576419,-0.5223616047406723,-0.5109175698170437,-0.49827719325792735,-0.4845706101602693,-0.4699360139331908,-0.45451641342838506,-0.4384564874115829,-0.4218996564208796,-0.40498544967913785,-0.38784724269770593,-0.3706104042198885,-0.35339085578309853,-0.33629404695180665,-0.3194143166286184,-0.30283460346531915,-0.2866264628190112,-0.2708503379346737,-0.25555603227847834,-0.24078334625292386,-0.22656281420948166,-0.21291652425366192,-0.19985895863697695,-0.1873978605354286,-0.17553506850896042,-0.16426733007496946,-0.15358706425433502,-0.14348306974463934,-0.13394117722181775,-0.1249448341643183,-0.11647563239543832,-0.10851377069099298,-0.10103846180475785,-0.09402828307225723,-0.08746147755544238,-0.08131620765001348,-0.07557076838952219,-0.07020376168225988,-0.06519423897696645
-0.41626506865494534,-0.4304474597215552,-0.4444588110052685,-0.45820307973480656,-0.47157647221890886,-0.48446825847801295,-0.49676191470388137,-0.5083366094466729,-0.5190690377353562,-0.52883558840675,-0.5375148095384265,-0.544990113591994,-0.5511526413621086,-0.5559041819582683,-0.5591600291664949,-0.5608516434531539,-0.5609289862146211,-0.5593623999251488,-0.5561439243114848,-0.5512879655478559,-0.5448312703333095,-0.5368321930410186,-0.5273692864285334,-0.5165392849533037,-0.504454582292663,-0.49124032467122203,-0.47703126305294186,-0.4619685080481432,-0.4461963218597594,-0.4298590757390088,-0.4130984624812446,-0.39605105232574617,-0.3788462435237289,-0.3616046213560568,-0.34443673882545894,-0.32744229727737245,-0.3107096947318112,-0.2943159032931783,-0.2783266249086409,-0.2627966724520016,-0.2477705375993597,-0.23328308018771027,-0.21936031914347312,-0.20602025926113188,-0.19327375762566143,-0.18112536764828857,-0.16957417023763738,-0.15861455952113096,-0.14823697759067495,-0.13842859611091113,-0.12917393052303905,-0.12045539773613112,-0.11225380723739843,-0.10454879573670627,-0.09731920337630728,-0.09054339850272541,-0.08419955290097406,-0.07826587442114817,-0.07272079859517462,-0.06754314654874732
-0.40934496385034824,-0.42357821618995817,-0.4376840932079844,-0.4515705190395399,-0.46513738044834513,-0.4782771927101022,-0.49087608065809646,-0.5028150963424408,-0.5139718849478221,-0.5242226933690197,-0.5334446968075158,-0.5415185961959016,-0.5483314166970973,-0.5537794144460677,-0.5577709796268541,-0.5602294095400662,-0.5610954184183042,-0.5603292530079096,-0.5579122947138877,-0.5538480511755317,-0.5481624718346161,-0.5409035567651785,-0.5321402693930127,-0.5219608040802547,-0.5104702954098569,-0.49778808011832393,-0.4840446487697914,-0.4693784306108243,-0.45393255071504696,-0.43785169490420056,-0.42127918332552905,-0.4043543534412336,-0.38721031674094136,-0.3699721144264347,-0.3527552963101912,-0.3356649102980217,-0.31879487609613694,-0.30222770945639704,-0.2860345487569731,-0.27027543168981205,-0.25499978205608365,-0.24024704077918446,-0.22604741871175696,-0.21242270233602276,-0.19938711374256524,-0.18694815979472645,-0.17510747763459028,-0.16386164151241212,-0.15320292293222199,-0.14312000120067986,-0.13359860718839187,-0.12462211186455559,-0.1161720468648347,-0.10822856797059979,-0.10077085825461926,-0.0937774778625923,-0.08722666229136607,-0.08109657568635349,-0.07536552116271479,-0.07001211517737753
-0.402295352620333,-0.41656011912558916,-0.43073988576450317,-0.4447467042631438,-0.4584843657517003,-0.47184892315506316,-0.4847295137639288,-0.497009508178057,-0.5085680039120406,-0.5192816665264077,-0.5290269036842645,-0.537682336060084,-0.5451315068590781,-0.5512657479318668,-0.5559870997188756,-0.5592111649390791,-0.5608697651419041,-0.5609132668494432,-0.5593124509595707,-0.5560598161018406,-0.5511702343553324,-0.5446809101470059,-0.5366506327140529,-0.5271583537275987,-0.5163011601389789,-0.5041917401899271,-0.4909554710153279,-0.4767272683015996,-0.46164833973743463,-0.4458629830360465,-0.42951553989848734,-0.41274761843823443,-0.39569566161669095,-0.3784888992516493,-0.36124771961571284,-0.3440824583828925,-0.32709258559339016,-0.310366263000202,-0.29398022718067746,-0.2779999478456309,-0.26248002027911876,-0.24746472620497717,-0.23298873808140658,-0.2190778951963679,-0.20575005010940234,-0.1930159176424284,-0.18087993071031927,-0.1693410655873056,-0.15839362579936825,-0.1480279808812699,-0.1382312396112089,-0.1289878699057386,-0.12028024969607021,-0.11208916041100837,-0.1043942183880842,-0.09717425107847916,-0.09040761984597284,-0.08407249535490402,-0.0781470880072229,-0.07260984007603181
-0.3951187536635145,-0.40939571248237516,-0.4236286654897829,-0.4377339298951012,-0.45161940117061056,-0.4651849382238989,-0.47832303177403723,-0.4909197860372501,-0.502856237811404,-0.514010023526797,-0.524257389122731,-0.533475517525953,-0.5415451271372812,-0.5483532707731931,-0.5537962426209194,-0.5577824810880744,-0.5602353411620289,-0.5610956030987225,-0.5603235863545387,-0.55790074951864,-0.5538306800385451,-0.5481394069965018,-0.5408750071316474,-0.5321065153899118,-0.5219221915327262,-0.5104272254991268,-0.4977409985618839,-0.4839940350179908,-0.4693247863220055,-0.45387639169272087,-0.43779353581385916,-0.42121952695876197,-0.404293686229293,-0.38714909845640066,-0.3699107731902072,-0.35269422516187154,-0.33560446314501774,-0.31873536679906395,-0.30216941164300476,-0.285977694251714,-0.27022021604872254,-0.25494636108120733,-0.24019554019058192,-0.22599792781770756,-0.21237528669670844,-0.19934181040169494,-0.1869049846324405,-0.17506642754026486,-0.1638226951428559,-0.15316604711157542,-0.14308514906955078,-0.13356572413339862,-0.12459113480516874,-0.11614290755111825,-0.1082011937867437,-0.10074517393665444,-0.09375340628355573,-0.08720412593511664,-0.08107549687659138,-0.07534582325844572
-0.38781770712250496,-0.40208758467344946,-0.4163529812889237,-0.4305345945136348,-0.44454459953802017,-0.45828690434457525,-0.471657669418535,-0.4845461252170222,-0.4968357164029756,-0.5084055902770298,-0.5191324330187055,-0.5288926389131727,-0.537564777533302,-0.5450323001890984,-0.5511864044712684,-0.5559289542437892,-0.559175335207741,-0.5608571153156768,-0.5609243766720056,-0.5593475922273217,-0.556118938349152,-0.5512529602784181,-0.5447865410057263,-0.5367781640287799,-0.5273065015652407,-0.5164683936203173,-0.5043763208926744,-0.49115549766776845,-0.4769407240549486,-0.4618731425013904,-0.4460970268109545,-0.42975673649538404,-0.4129939398481687,-0.39594516971544147,-0.3787397732710489,-0.3614982779558484,-0.3443311720254285,-0.3273380877236362,-0.3106073532887345,-0.29421586967688673,-0.27822927045328133,-0.26270230237254755,-0.2476793965297824,-0.23319535493658225,-0.21927614402206386,-0.20593972337353414,-0.19319690662459896,-0.1810522126399586,-0.16950468955252262,-0.15854870586472414,-0.14817468099857,-0.13836976847600463,-0.12911846934158117,-0.1204031888144516,-0.11220472810810331,-0.1045027177763209,-0.09727599418357971,-0.09050292360258223,-0.08416167747027198,-0.07823046431588132
-0.3803947741461917,-0.39463836799921576,-0.4089154536700973,-0.4231512007197163,-0.4372622143060233,-0.4511566683050942,-0.4647346830329429,-0.47788898303965877,-0.4905058679994277,-0.5024665200957161,-0.5136486594467385,-0.5239285425345813,-0.5331832798732168,-0.5412934262498038,-0.5481457743207023,-0.5536362596633617,-0.5576728657494217,-0.5601784028681882,-0.5610930278853474,-0.5603763733666887,-0.5580091666818514,-0.5539942415757788,-0.5483568740991569,-0.5411444125179049,-0.532425211799025,-0.5222869190028403,-0.5108341959822997,-0.4981859940307955,-0.4844725143379063,-0.46983199745599535,-0.454407475549312,-0.4383436280561613,-0.42178385602121216,-0.40486765264566205,-0.38772834449382826,-0.37049123930963757,-0.35327218965770146,-0.33617657008002433,-0.3192986414257514,-0.3027212632984413,-0.28651591392374937,-0.270742958289905,-0.25545213205417555,-0.24068316560798975,-0.2264665355894608,-0.21282427123269623,-0.19977080788647603,-0.1873138439027291,-0.17545517960000528,-0.16419153131556208,-0.15351528890427657,-0.1434152301772217,-0.13387716611847705,-0.1248845304254422,-0.11641890334222044,-0.1084604756981818,-0.10098845459813001,-0.09398141425723884,-0.08741759613404364,-0.08127516308037316
-0.372852536449055,-0.387050738050421,-0.40131877419745693,-0.4155863549632709,-0.4297746402085939,-0.44379625937220907,-0.4575555549139335,-0.4709490863762859,-0.48386643120551315,-0.496191310757296,-0.5078030600581839,-0.5185784453150523,-0.5283938161746536,-0.5371275580023455,-0.5446627873322796,-0.5508902103441908,-0.5557110427897359,-0.5590398723007172,-0.560807332724016,-0.5609624570251286,-0.5594745814405861,-0.556334690961507,-0.5515561209091036,-0.5451745638863869,-0.5372473711839032,-0.5278521744867771,-0.5170848954153151,-0.505057243157896,-0.49189382545841454,-0.47772901155395603,-0.46270368389404654,-0.44696202498379606,-0.4306484652024785,-0.4139048825025438,-0.39686814154074207,-0.37966802280079054,-0.36242556289665695,-0.3452518146483561,-0.3282470095076119,-0.3115000897318155,-0.29508857139104683,-0.2790786837360953,-0.2635257502870223,-0.2484747366860177,-0.23396094796074632,-0.22001080253522926,-0.20664267014052148,-0.1938677281497303,-0.18169081083916191,-0.1701112432544523,-0.15912362375722222,-0.14871856887581794,-0.13888339025525837,-0.12960271767950016,-0.12085905597194442,-0.11263328107670997,-0.104905076573043,-0.09765331289664328,-0.0908563741036545,-0.08449243591849881
-0.36519359586758154,-0.37932741308637163,-0.3935657048836932,-0.40784276725964314,-0.42208441375376776,-0.43620789117405223,-0.45012199738116665,-0.4637274388460332,-0.47691746635467813,-0.4895788213514706,-0.5015930175426545,-0.5128379698996987,-0.5231899681492787,-0.5325259716293759,-0.5407261811749621,-0.5476768203623913,-0.5532730358443468,-0.5574218065685342,-0.5600447367099657,-0.5610805997047242,-0.5604875008926986,-0.5582445389117929,-0.5543528654671821,-0.5488360734818397,-0.5417398811848003,-0.5331311165331734,-0.5230960486897137,-0.5117381497015268,-0.4991753998741364,-0.48553726776551964,-0.4709615018064783,-0.4555908831102335,-0.43957007416861144,-0.423042667050317,-0.4061485314193859,-0.38902152807522744,-0.37178762227397544,-0.3545634174963427,-0.3374551026727483,-0.32055778822417313,-0.30395519487711936,-0.28771964694682184,-0.27191233370484785,-0.256583765841849,-0.24177440465114505,-0.22751539225051276,-0.21382936422214127,-0.20073129787200442,-0.18822936607205593,-0.17632578688368408,-0.16501762852761723,-0.1542975832233276,-0.1441546753980713,-0.13457491848985362,-0.1255419057878153,-0.11703733980865598,-0.10904150121750152,-0.10153365810862526,-0.09449242122551944,-0.08789604767396138
-0.35742057391384174,-0.3714711533884625,-0.3856590775219919,-0.39992325079456664,-0.41419421354010627,-0.42839396333523105,-0.4424359565236417,-0.456225327654439,-0.469659366589755,-0.48262828887817216,-0.4950163290476895,-0.5067031761239311,-0.5175657577013395,-0.5274803605103487,-0.5363250555216097,-0.5439823728076261,-0.5503421482555987,-0.555304442492943,-0.5587824143107076,-0.5607050196149876,-0.5610194011588062,-0.5596928420163569,-0.556714169727353,-0.5520945234580067,-0.5458674308018082,-0.5380881767204394,-0.5288324890427105,-0.5181946040832235,-0.5062848109695751,-0.49322659475851943,-0.47915351227927955,-0.4642059506102057,-0.448527909482369,-0.4322639227936626,-0.4155562315830649,-0.3985422894874904,-0.3813526489301099,-0.36410926184230585,-0.34692419987559064,-0.32989877901453024,-0.31312305668103596,-0.29667566081532226,-0.280623913359674,-0.26502417865058514,-0.24992240903459156,-0.23535481820638157,-0.22134865732666945,-0.20792304624020364,-0.19508982492012633,-0.18285441370340813,-0.17121663718925806,-0.16017152493276018,-0.1497100499183852,-0.139819819056884,-0.13048569858795084,-0.12169037785345263,-0.1134148721467956,-0.10563896372462134,-0.09834158736428872,-0.09150116159390217
-0.34953611132629103,-0.3634847605892057,-0.3776017929572259,-0.3918307214160469,-0.40610686039254823,-0.4203570628532837,-0.43449961560921385,-0.4484443300344548,-0.4620928685302286,-0.4753393444945607,-0.48807122944403275,-0.5001705927049339,-0.5115156882624348,-0.5219828870246384,-0.5314489345222752,-0.5397934922637051,-0.5469018979291173,-0.5526680567422743,-0.5569973558088567,-0.5598094787677439,-0.5610409867420003,-0.5606475343517325,-0.5586055978576034,-0.5549136122872769,-0.5495924444442493,-0.5426851625519633,-0.5342561037043991,-0.5243892810132201,-0.5131862111535631,-0.5007632683602327,-0.48724869221168254,-0.47277939622199633,-0.45749772237381797,-0.4415482666489679,-0.425074898756457,-0.4082180721381168,-0.39111248714801944,-0.37388515523390714,-0.35665388247353874,-0.33952616857029283,-0.3225984949519701,-0.30595597098737715,-0.28967230030194585,-0.2738100029342894,-0.25842086018003835,-0.2435465161763125,-0.22921920449059327,-0.21546255169608933,-0.20229241798349107,-0.1897177615818806,-0.17774147704940257,-0.16636121981729918,-0.15557017328266326,-0.1453577724155284,-0.1357103640085185,-0.12661180572979805,-0.11804400431274718,-0.10998738993401116,-0.10242133402398708,-0.09532450993796315
-0.34154286761786334,-0.3553710769769777,-0.3693968202963,-0.3835681970117528,-0.3978253173130606,-0.41209996520578895,-0.4263153981362599,-0.44038631925332694,-0.45421906246739635,-0.46771202932719375,-0.4807564143168337,-0.4932372490012511,-0.5050347867817153,-0.5160262359048993,-0.5260878320807861,-0.5350972217299933,-0.5429361045206561,-0.5494930605796329,-0.554666465434889,-0.5583673788189852,-0.5605222770227687,-0.5610754964784679,-0.5599912589410815,-0.5572551623014106,-0.5528750460465639,-0.5468811711669915,-0.5393256921357016,-0.5302814395998048,-0.5198400739127657,-0.5081096984527417,-0.4952120497403949,-0.48127940496754296,-0.466451352662398,-0.45087155913166344,-0.43468466304768366,-0.4180334085271559,-0.40105609454796753,-0.3838844031952428,-0.3666416398001299,-0.3494413939037902,-0.33238660181483004,-0.3155689911221368,-0.299068869664302,-0.2829552018814719,-0.2672859339513543,-0.2521085068624875,-0.23746051854950953,-0.22337048738702092,-0.20985867186599752,-0.19693793127485945,-0.18461457260638295,-0.17288919489173726,-0.16175748246010715,-0.1512109604388268,-0.14123768968802536,-0.13182290171107003,-0.12294957342059812,-0.11459893643536898,-0.10675092906206861,-0.09938458838537752
-0.3334435206214154,-0.3471329847767135,-0.36104719605764457,-0.3751387967706952,-0.38935268924182176,-0.4036256351778584,-0.41788597050691273,-0.432053470148735,-0.4460394020278614,-0.45974680975954346,-0.47307106255638953,-0.48590070667454865,-0.4981186461694981,-0.5096036689163879,-0.5202323197164747,-0.529881103818361,-0.5384289830281679,-0.5457601035402465,-0.5517666712375502,-0.5563518715546907,-0.5594327101439349,-0.5609426440951016,-0.5608338707668731,-0.559079148566333,-0.5556730432619388,-0.5506325201451994,-0.5439968365437977,-0.5358267291306636,-0.5262029333404098,-0.5152241038977103,-0.5030042393634339,-0.4896697411712499,-0.47535624978429436,-0.4602053952912267,-0.4443616017537966,-0.42796906851734384,-0.4111690211251953,-0.3940973092860563,-0.3768824007528251,-0.35964379442992706,-0.3424908422929671,-0.3255219736800792,-0.3088242861854499,-0.2924734553978956,-0.2765339197092313,-0.26105928615267376,-0.24609291109540415,-0.23166860916858178,-0.21781144000983754,-0.20453855553736877,-0.19186004822962205,-0.1797798099128604,-0.1682963477405434,-0.1574035695696566,-0.1470915128361297,-0.13734701548610592,-0.12815432829358114,-0.11949566048340335,-0.11135166776138977,-0.10370187782691431
-0.32524076603258845,-0.3387734054068182,-0.35255602325995006,-0.36654574032817566,-0.38069222262503016,-0.39493722740025966,-0.4092142443018522,-0.4234482641578823,-0.4375557132452392,-0.45144459210252236,-0.4650148584158672,-0.47815909107539983,-0.4907634679710228,-0.5027090806043716,-0.5138735967439435,-0.5241332659943152,-0.5333652436617558,-0.5414501861078892,-0.5482750470728784,-0.5537359848419645,-0.5577412656772237,-0.5602140384232572,-0.5610948475407811,-0.560343752689137,-0.5579419360307462,-0.5538927002394495,-0.5482217897911598,-0.5409770055844225,-0.5322271257398185,-0.5220601792019954,-0.5105811572599684,-0.4979092795004718,-0.48417494967919644,-0.46951653999944926,-0.45407714726107495,-0.4380014548746936,-0.42143280745215783,-0.4045105902345643,-0.387367978755808,-0.3701300978284487,-0.3529125900156848,-0.33582060216256,-0.31894815741796767,-0.3023778765887804,-0.286181000452168,-0.27041766764436437,-0.2551373947404544,-0.24037971389460247,-0.22617491251567445,-0.21254485545858465,-0.1995038257071546,-0.18705939074727573,-0.1752132366007027,-0.16396198005938292,-0.1532979300074926,-0.14320979398485123,-0.13368332866090823,-0.12470192296426912,-0.1162471239363518,-0.1082990976558049
-0.316937316950156,-0.3302952987125754,-0.34392647045031444,-0.3577923467931894,-0.37184730478579964,-0.38603808658897854,-0.4003033781373157,-0.414573493803761,-0.42877020297975144,-0.44280673655365155,-0.45658801289788103,-0.4700111221633147,-0.48296610502608545,-0.4953370548174966,-0.5070035624523144,-0.5178425095593513,-0.527730197771842,-0.5365447813504346,-0.5441689469761157,-0.5504927647605926,-0.5554166073937248,-0.5588540204005491,-0.5607344144612274,-0.5610054454249122,-0.5596349542827668,-0.5566123555514599,-0.5519493867197834,-0.5456801650435604,-0.5378605391772943,-0.5285667579998837,-0.5178935205677271,-0.5059515059930655,-0.49286450730220205,-0.478766304870351,-0.46379742368439414,-0.4481019164015817,-0.4318242915840963,-0.415106693490408,-0.39808641564081015,-0.3808938041116146,-0.36365056306867616,-0.34646848782362405,-0.3294485977855412,-0.31268064711951954,-0.2962429611004188,-0.2802025634009163,-0.26461553414225697,-0.24952755709555907,-0.23497459578282348,-0.22098367661469362,-0.20757371099086985,-0.19475636056541912,-0.18253688318694136,-0.17091496772831574,-0.15988552540469989,-0.14943943085605155,-0.13956421087102666,-0.13024466586940292,-0.121463435170927,-0.11320149525037562
-0.3085359034139161,-0.3217016621763671,-0.3351617706720679,-0.348882033657677,-0.36282146309500124,-0.3769317474776409,-0.39115677908578045,-0.4054322666035565,-0.41968546662552964,-0.4338350703490313,-0.447791284326948,-0.4614561447603827,-0.4747241038498211,-0.4874829216804562,-0.49961488991198205,-0.5109984019949336,-0.5215098695137464,-0.5310259653486619,-0.5394261520391613,-0.5465954344895616,-0.5524272473481591,-0.5568263707116095,-0.5597117521718511,-0.5610191021821301,-0.5607031299782707,-0.5587392973667102,-0.5551249858909844,-0.5498800014304513,-0.5430463783433002,-0.5346874800735586,-0.5248864360829062,-0.5137439926705486,-0.5013758859490942,-0.48790986516217083,-0.47348250748609433,-0.4582359706985553,-0.44231481358873237,-0.4258630032628874,-0.40902120806037023,-0.3919244495754144,-0.374700140312664,-0.35746655043810294,-0.3403316829345588,-0.32339255132216954,-0.30673480570921596,-0.29043268506124603,-0.2745492295747917,-0.2591367157296028,-0.24423724970432323,-0.2298834948968855,-0.216099462121912,-0.20290136291513364,-0.1902984594389538,-0.17829391610972573,-0.1668856172515611,-0.15606694064570487,-0.1458274839073676,-0.1361537246943476,-0.12702962668958934,-0.1184371769576077
-0.3000392719401988,-0.3129955301050342,-0.32626522037262723,-0.3398183155872363,-0.35361836393932466,-0.3676219344348939,-0.3817781036426918,-0.3960280083651408,-0.41030449504601607,-0.4245319000114211,-0.43862599796084706,-0.4524941579280444,-0.4660357464503545,-0.4791428146550549,-0.49170110098215086,-0.5035913722075263,-0.5146911128153853,-0.5248765561098584,-0.5340250297482575,-0.5420175703447423,-0.54874173232491,-0.5540944975820018,-0.5579851741057612,-0.5603381556993274,-0.5610954091020809,-0.5602185585669593,-0.5576904497768082,-0.5535160973700064,-0.5477229537838582,-0.5403604705907706,-0.5314989659506565,-0.5212278514402201,-0.5096533065217279,-0.4968955166076043,-0.4830856083998774,-0.4683624290224369,-0.4528693062934849,-0.4367509199654129,-0.420150398079294,-0.40320672956070547,-0.38605253504503423,-0.3688122586791675,-0.3516007693552675,-0.33452238415978286,-0.31767025951173095,-0.3011261425554712,-0.2849604121097055,-0.26923237723378446,-0.25399076604963927,-0.2392743781929397,-0.2251128271099854,-0.2115273680156803,-0.19853174167070545,-0.18613303512800186,-0.17433252054475648,-0.16312645794084873,-0.15250685771356734,-0.14246217929309532,-0.13297797869868344,-0.1240374865133655
-0.29145018505505,-0.30417997279473497,-0.31724017825181927,-0.3306048030931274,-0.3442418114842723,-0.35811256075957,-0.3721712582226401,-0.38636446583880824,-0.40063068067880586,-0.4149000225975219,-0.42909406449083404,-0.44312584324782717,-0.45690009128067693,-0.4703137272952426,-0.4832566420370396,-0.49561280812956826,-0.5072617330947373,-0.5180802604987851,-0.5279447055413934,-0.5367332951447343,-0.5443288534758793,-0.5506216540841309,-0.5555123396602999,-0.5589147902606643,-0.5607588095701149,-0.5609924962128476,-0.5595841725061492,-0.5565237584788294,-0.5518235064858023,-0.5455180425317414,-0.5376637004714647,-0.5283371756542713,-0.5176335624368703,-0.505663874389568,-0.49255216873193197,-0.4784324167313429,-0.4634452609825487,-0.4477347971346689,-0.43144550770043477,-0.4147194560411725,-0.397693799025978,-0.3804987009870531,-0.36325564892060686,-0.34607620236359715,-0.32906112562004414,-0.3122999115231442,-0.29587062341138004,-0.27984003029363036,-0.2642639662412822,-0.24918788516031043,-0.2346475361600604,-0.22066974984045354,-0.20727326328279466,-0.1944695799517327,-0.18226382259841847,-0.17065556043664354,-0.15963960507541342,-0.14920674645866464,-0.1393444422246412,-0.13003743741940105
-0.2827714208251649,-0.2952580956736882,-0.30809006405121814,-0.3212452010856431,-0.3346957462302616,-0.3484077276472434,-0.3623403991695546,-0.3764457086928768,-0.39066782275268885,-0.4049427358480752,-0.41919799727867757,-0.4333525917796397,-0.4473170130054048,-0.46099356926958945,-0.47427695987351887,-0.487055156044355,-0.49921061304623443,-0.5106218285440195,-0.5211652461222009,-0.5307174888194007,-0.5391578797003524,-0.5463711864472807,-0.5522505059676915,-0.5567001818082417,-0.5596386312572216,-0.561000950498176,-0.5607411653301798,-0.5588340029623489,-0.5552760809267262,-0.5500864359192603,-0.5433063512090832,-0.5349984810101749,-0.5252453092338771,-0.5141470196066946,-0.5018188817351423,-0.4883882846587274,-0.47399155762184925,-0.4587707195563318,-0.4428702954577502,-0.42643432312044227,-0.40960362569810504,-0.39251345248352826,-0.37529150170890063,-0.35805638104085086,-0.34091645870117476,-0.3239691327719085,-0.30730044537949514,-0.2909850251839408,-0.27508628955670045,-0.25965687569571005,-0.24473922666462317,-0.23036631631887222,-0.21656243982706808,-0.20334406001110472,-0.19072066493942516,-0.17869561279486015,-0.16726695694058477,-0.15642821680355928,-0.1461691083854713,-0.13647620624818796
-0.27400577238662843,-0.2862330384231952,-0.2988183572851056,-0.3117433073091244,-0.3249842433604664,-0.33851172282260267,-0.3522899322667357,-0.36627613078344434,-0.3804201315614734,-0.3946638471456327,-0.40894092817760663,-0.42317652946554546,-0.4372872407483028,-0.4511812211945249,-0.4647585772089755,-0.4779120209146715,-0.49052784168177715,-0.5024872142888654,-0.513667853817355,-0.52394601586832,-0.533198814969966,-0.5413068145146287,-0.5481568207372446,-0.5536447881664425,-0.5576787244700642,-0.5601814687750056,-0.561093210977275,-0.5603736200216561,-0.5580034620015952,-0.5539856104528225,-0.5483453811860967,-0.54113016153392,-0.532408342213133,-0.5222676027652982,-0.510812633516862,-0.49816240974259274,-0.48444715106572994,-0.4698051068257252,-0.45437931213697785,-0.43831445078560966,-0.4217539170390332,-0.4048371975473558,-0.3876976031747776,-0.3704604296378759,-0.353241508713638,-0.3361461973765059,-0.31926873493944014,-0.3026919616972548,-0.28648733330810605,-0.2707151988056296,-0.25542527123261716,-0.24065726772390836,-0.2264416463484969,-0.21280042288608775,-0.1997480208505726,-0.18729212490347713,-0.1754345287575004,-0.16417193711132974,-0.1534967354530751,-0.14339769400980265
-0.2651560474715365,-0.277107974077377,-0.2894285959137865,-0.3021030106591676,-0.3151115108795444,-0.32842901883295916,-0.3420245117339558,-0.3558604506905547,-0.3698922317414997,-0.38406768118691703,-0.3983266217846952,-0.4126005407431492,-0.4268123944741387,-0.4408765877942645,-0.4546991671265434,-0.46817826690731623,-0.481204845674617,-0.49366374215500136,-0.5054350709891817,-0.5163959689239445,-0.5264226793835888,-0.535392945038367,-0.5431886582197073,-0.5496986932871922,-0.5548218231251659,-0.5584696036776208,-0.5605690989510915,-0.5610653121632989,-0.5599231936565079,-0.5571291114498872,-0.5526916931089506,-0.546641981263212,-0.5390328807910941,-0.5299379193277912,-0.5194493781611922,-0.5076758877342773,-0.49473960803090405,-0.48077312834029806,-0.46591623257831527,-0.45031267508541567,-0.4341070741633316,-0.4174420612565274,-0.40045573341276275,-0.38327951118650677,-0.3660363765419725,-0.3488395588667111,-0.3317916066290213,-0.3149838499164024,-0.2984961940466557,-0.2823972116464867,-0.26674446792314427,-0.25158504824484734,-0.23695621804352762,-0.22288619015680677,-0.2093949515544381,-0.19649511315080176,-0.18419277168861645,-0.17248833680964684,-0.16137733666299067,-0.1508511623348692
-0.2562250679325593,-0.2678861081020666,-0.2799243749600534,-0.29232828938277955,-0.3050818875428744,-0.3181642709991164,-0.3315490387003347,-0.345203711495175,-0.3590891645024961,-0.37315908627954947,-0.3873594879739436,-0.4016282901309134,-0.41589501914884935,-0.43008064887929476,-0.44409762577656137,-0.4578501172200137,-0.4712345219151616,-0.4841402775764808,-0.4964509932167751,-0.5080459272777357,-0.5188018132451134,-0.5285950179412812,-0.5373039997653783,-0.5448120089225525,-0.5510099486006396,-0.5557992944660138,-0.5590949545031542,-0.5608279379756004,-0.5609476995078255,-0.5594240325497006,-0.5562484012561453,-0.5514346279929893,-0.5450188848331062,-0.5370589793935673,-0.5276329627876534,-0.5168371272922959,-0.5047834949602803,-0.4915969193561256,-0.4774119419711489,-0.4623695518234527,-0.4466139679790637,-0.430289596326048,-0.4135382270456774,-0.3964965971893679,-0.3792943098244041,-0.36205219891080215,-0.3448810896007526,-0.3278809725909635,-0.31114054237007793,-0.2947370675148006,-0.27873653672910825,-0.263194041800734,-0.248154332745723,-0.23365251135704737,-0.21971481475117474,-0.2063594457504392,-0.19359743665870058,-0.1814334929405922,-0.16986682897910957,-0.15889194988667737
-0.24721566926552083,-0.2585706774533409,-0.2703093450697149,-0.2824232091625088,-0.2948998405764775,-0.30772231502080866,-0.32086865914332807,-0.33431127977382585,-0.34801638876468954,-0.36194343917666344,-0.3760445925625195,-0.3902642415481817,-0.4045386163156496,-0.4187955076154362,-0.4329541425995755,-0.44692525223566165,-0.46061137004964364,-0.47390740044515556,-0.4867014896412439,-0.4988762287899173,-0.5103102028918296,-0.5208798849931389,-0.5304618596979586,-0.5389353363999995,-0.5461848896572307,-0.5521033404880287,-0.5565946743807848,-0.5595768731626108,-0.5609845280739,-0.5607711023243719,-0.5589107178209636,-0.5553993620660824,-0.5502554361365251,-0.5435196024384716,-0.53525392853404,-0.5255403637882273,-0.5144786249336479,-0.5021835940307269,-0.4887823588976434,-0.4744110416856029,-0.4592115436172314,-0.44332836597802516,-0.4269055925019943,-0.41008417739120134,-0.39299955123277824,-0.3757796544860119,-0.358543365501397,-0.34139935665396604,-0.32444534229595756,-0.3077676891889013,-0.29144134577733444,-0.2755300438460953,-0.26008671609739775,-0.24515408644885703,-0.23076538561129786,-0.21694514174633067,-0.20371003001465415,-0.1910697209975024,-0.17902773809604858,-0.16758227143788587
-0.2381307001300549,-0.24916494961617375,-0.2605872110171624,-0.27239192108579496,-0.28456996318829425,-0.2971081642348988,-0.3099887612858449,-0.32318884379031565,-0.3366797811587529,-0.35042664836747894,-0.3643876659672664,-0.37851367513548023,-0.3927476727218727,-0.40702443554045464,-0.4212702672985639,-0.4354029049534093,-0.44933162363865237,-0.46295757969026735,-0.47617442853880193,-0.4888692531296278,-0.5009238263649688,-0.5122162195502119,-0.522622756292391,-0.5320202901853676,-0.5402887629147977,-0.547313975037191,-0.5529904823912944,-0.5572245084579517,-0.5599367473219036,-0.561064925593212,-0.5605659899819377,-0.5584178006211196,-0.5546202275395872,-0.5491955789152223,-0.542188325364595,-0.5336641233524626,-0.5237081833605562,-0.5124230613383361,-0.4999259847498001,-0.4863458486153499,-0.4718200120831993,-0.4564910583054352,-0.44050361980359076,-0.42400142939712543,-0.407124632919998,-0.39000749232978116,-0.3727764686032667,-0.35554873429930683,-0.3384310979138002,-0.32151931551552043,-0.3048977627523621,-0.2886394142182487,-0.27280608540851786,-0.25744888468107885,-0.24260883039877001,-0.228317576234396,-0.2145982254065061,-0.20146616775353124,-0.1889299465587142,-0.17699209634164734
-0.22897302186840737,-0.2396722216237307,-0.2507617301570628,-0.2622386595010425,-0.2740969718720487,-0.286327006525579,-0.2989149724453314,-0.31184241086691156,-0.3250856348493477,-0.33861515574739387,-0.35239510971482013,-0.3663827013460489,-0.3805276856324525,-0.394771913775797,-0.40904897275778945,-0.4232839525790706,-0.4373933784463218,-0.45128534709994417,-0.4648599058458287,-0.4780097137895323,-0.49062101631346583,-0.5025749550879313,-0.5137492265186706,-0.5240200836422934,-0.5332646570699927,-0.5413635467683662,-0.548203617195733,-0.5536809032884477,-0.5577035148046756,-0.5601944135988517,-0.5610939295431957,-0.5603618857756151,-0.5579792127805726,-0.5539489535668162,-0.5482965935648519,-0.5410696837602345,-0.532336768310998,-0.5221856646611763,-0.5107211815333368,-0.4980623918342056,-0.48433958625262574,-0.4696910656227964,-0.454259887689836,-0.4381907384683729,-0.42162699015117366,-0.40470809029833826,-0.38756729879665497,-0.3703298397378893,-0.35311147335524906,-0.33601747128003184,-0.3191419891602283,-0.302567779190858,-0.28636621322663763,-0.2705975553600508,-0.25531144376925297,-0.24054751880033953,-0.2263361747848373,-0.2126993644018022,-0.19965145794764566,-0.18720009293694398
-0.21974550802245768,-0.23009581905784782,-0.24083671082334965,-0.2519677397621717,-0.2634857035054807,-0.2753842008868894,-0.2876531553305523,-0.30027830392035315,-0.3132406571476336,-0.3265159365974821,-0.3400740006764738,-0.35387827208760525,-0.36788518447130336,-0.3820436698779113,-0.39629471308404907,-0.4105710031011651,-0.4247967162563693,-0.438887468286447,-0.4527504740207688,-0.46628495579718554,-0.4793828367671906,-0.49192974922736804,-0.5038063818933397,-0.5148901758158274,-0.5250573623005709,-0.534185314132418,-0.5421551633987194,-0.5488546135022504,-0.5541808504446282,-0.5580434399367517,-0.5603670822842919,-0.5610940936053745,-0.560186482025319,-0.5576275005351665,-0.5534225831002101,-0.5475995993917034,-0.5402084031192188,-0.5313196872811781,-0.5210231994146126,-0.5094254073908342,-0.496646728294843,-0.4828184653291883,-0.468079576001979,-0.4525734444629361,-0.43644474529495886,-0.41983655541930226,-0.4028877611198058,-0.3857308449685537,-0.3684900849630539,-0.3512801604493571,-0.33420518390216136,-0.317358100067274,-0.30082044248577805,-0.28466237973982134,-0.2689430182354901,-0.2537108940860058,-0.23900462825793423,-0.2248536703692406,-0.21127912738893279,-0.1982946079239741
-0.21045104384901964,-0.22043909503124173,-0.2308160106767598,-0.24158355586362565,-0.2527411122452607,-0.26428527363894716,-0.27620940378374914,-0.288503157151363,-0.301151965883124,-0.31413649781045355,-0.32743209290828756,-0.3410081887041108,-0.3548277484416858,-0.3688467097773851,-0.38301347593436297,-0.3972684756358026,-0.4115438225121861,-0.4257631085066118,-0.4398413682981204,-0.4536852555170474,-0.46719346962145697,-0.48025746882989984,-0.4927625012736783,-0.5045889761731194,-0.5156141840823963,-0.5257143559160471,-0.5347670347772889,-0.542653709871759,-0.5492626386675376,-0.5544917607926289,-0.5582515886785738,-0.5604679489689643,-0.5610844404911123,-0.5600644775339323,-0.5573928038009482,-0.5530763832778116,-0.5471446074929488,-0.539648795707708,-0.5306610040662855,-0.5202722004386059,-0.5085898951382536,-0.4957353503522607,-0.48184049100923515,-0.4670446836303339,-0.45149149251480414,-0.43532557614061235,-0.4186898025566299,-0.40172268563761926,-0.38455620473478364,-0.36731401757879223,-0.3501101140095884,-0.33304785586264307,-0.3162194161718581,-0.2997055469600623,-0.28357565217838365,-0.267888096650475,-0.25269072205508986,-0.2380214944938148,-0.22390927209523337,-0.21037462036479504
-0.2010925258334959,-0.2107054291520374,-0.22070353500226988,-0.23109057796807803,-0.2418682662214814,-0.2530359143004182,-0.2645900379679202,-0.27652391087978373,-0.2888270845107454,-0.3014848743081908,-0.3144778169879472,-0.3277811066009788,-0.34136401979127406,-0.3551893442654838,-0.36921282829366825,-0.38338267329619435,-0.39763909599919,-0.41191399088117936,-0.4261307270806587,-0.4402041184173154,-0.4540406058600464,-0.46753869053286573,-0.48058965475537446,-0.4930786020319388,-0.5048858379244635,-0.5158885978503466,-0.5259631152382434,-0.5349870011652423,-0.5428418847002413,-0.5494162380901095,-0.5546082907038066,-0.5583289184619381,-0.5605043800841308,-0.5610787649237063,-0.5600160243627895,-0.5573014704805082,-0.5529426498187712,-0.5469695326918872,-0.5394339947665756,-0.5304086083156284,-0.5199848021491662,-0.5082704822071901,-0.49538722478750746,-0.48146719252433795,-0.46664989765442433,-0.4510789744378423,-0.4348990693539935,-0.41825296618237445,-0.4012790398173797,-0.38410906798226435,-0.3668664791791253,-0.3496649923924902,-0.33260768813929636,-0.31578644232123715,-0.29928171221889,-0.2831626078152057,-0.2674872170284426,-0.25230311224096375,-0.2376480171507017,-0.22355056133347576
-0.19167286120195032,-0.2008982264712043,-0.210503234957852,-0.22049334982931068,-0.23087234403515736,-0.24164197112087651,-0.25280159900104465,-0.264347805521059,-0.2762739359347567,-0.28856962360477756,-0.30122027675237906,-0.31420653633359935,-0.3275037124071029,-0.34108120950692467,-0.3549019548778419,-0.36892184733294364,-0.3830892487327938,-0.39734454441882655,-0.4116198029391625,-0.4258385701822227,-0.4399158357334993,-0.45375820985224474,-0.46726435102462854,-0.48032568092295574,-0.4928274183059977,-0.5046499513326419,-0.5156705586763236,-0.5257654710905876,-0.5348122459882195,-0.5426924019415288,-0.5492942402194537,-0.5545157590261315,-0.5582675452994341,-0.5604755144105036,-0.5610833656457396,-0.5600546235518615,-0.5573741483438841,-0.5530490237043235,-0.5471087604396128,-0.5396047914558781,-0.5306092785896758,-0.5202132849239686,-0.5085244022866825,-0.49566395713043954,-0.4817639238508995,-0.4669636977518637,-0.4514068600663015,-0.4352380637498432,-0.4186001633647113,-0.4016316409378879,-0.38446443717866985,-0.36722216133287117,-0.3500187479745669,-0.33295750154732573,-0.3161305339912237,-0.2996185365645545,-0.28349085338864255,-0.26780579189139686,-0.25261113850477523,-0.23794481041363022
-0.18219496743167352,-0.19102091641352495,-0.20021910577607155,-0.2097964861129831,-0.2197586310627431,-0.2301094462778628,-0.24085084304124718,-0.2519823747035637,-0.2635008350373859,-0.27539981847855083,-0.28766924335420696,-0.3002948409983933,-0.31325761545008546,-0.32653328108539004,-0.3400916883624624,-0.35389625130167773,-0.3679033941889215,-0.38206203915040365,-0.3963131604570943,-0.4105894361032008,-0.42481503133218235,-0.4389055507255176,-0.4527681986171737,-0.46630218741167756,-0.47939943141021735,-0.4919455555803344,-0.50382124322943,-0.5149039321140079,-0.5250698534187357,-0.5341963836127708,-0.5421646617863812,-0.548862401624189,-0.5541868031849685,-0.5580474495570716,-0.560369062142001,-0.5610939815137991,-0.5601842423222974,-0.5576231258691554,-0.5534160954528514,-0.547591049301502,-0.5401978688612559,-0.5313072726937054,-0.5210090319316386,-0.5094096337872808,-0.49662951263093597,-0.48279998147454917,-0.4680600092712599,-0.452552978440208,-0.43642356963814893,-0.41981485014583353,-0.4028657037586412,-0.38570860122247524,-0.368467808841258,-0.35125799431130245,-0.33418325432654583,-0.3173365201617101,-0.300799310166332,-0.2846417784099135,-0.26892301680174613,-0.2536915498285318
-0.17266177176030184,-0.1810769516927229,-0.18985518492011078,-0.19900466961823543,-0.20853251557220892,-0.2184444907445813,-0.22874473482905935,-0.2394354375301318,-0.2505164799065034,-0.2619850377269606,-0.2738351465705807,-0.2860572297876198,-0.2986375917682144,-0.31155788112444466,-0.3247945306767535,-0.3383181840467724,-0.352093122019796,-0.36607670562345507,-0.3802188569839522,-0.3944616033028684,-0.40873871428289926,-0.4229754661564861,-0.4370885696121203,-0.4509863010238976,-0.4645688771623001,-0.4777291090440207,-0.4903533684583803,-0.5023228908693398,-0.5135154279442855,-0.523807241315415,-0.5330754156808634,-0.5412004462438376,-0.5480690307750079,-0.5535769738026586,-0.557632092099963,-0.5601569963374121,-0.5610916145553385,-0.5603953269178706,-0.5580485923111158,-0.5540539668362466,-0.5484364493430562,-0.5412431196167312,-0.5325420819568548,-0.5224207562410804,-0.5109836103535151,-0.498349437314237,-0.48464832011825987,-0.4700184157897186,-0.4546027189752842,-0.43854590467278354,-0.42199141027577436,-0.4050787887307071,-0.3879414579775132,-0.37070483379580754,-0.3534848926893778,-0.3363871445740296,-0.31950598947507,-0.3029244289807695,-0.2867140800017686,-0.2709354444767263
-0.16307621069356631,-0.1710698072114093,-0.179415550195899,-0.18812264840331278,-0.19719948465578405,-0.2066533988353444,-0.21649044069517023,-0.22671508999113765,-0.2373299417634246,-0.24833535498896447,-0.2597290633147556,-0.27150574759388124,-0.28365657086195256,-0.296168678071387,-0.3090246646557853,-0.3222020203454986,-0.33567255743932084,-0.3494018360037408,-0.36334860225862653,-0.37746426005705425,-0.391692400690498,-0.40596841950984774,-0.4202192524166032,-0.43436326897604616,-0.44831036171065974,-0.4619622697579279,-0.4752131757714092,-0.48795060952479624,-0.5000566859753898,-0.5114096878302249,-0.5218859939661468,-0.5313623343859781,-0.5397183293298374,-0.5468392477378183,-0.5526188975748777,-0.5569625410821354,-0.5597897103889138,-0.5610367914782333,-0.5606592447680385,-0.5586333380912767,-0.5549572902880322,-0.549651749962669,-0.5427595738419344,-0.5343448984054264,-0.5244915573736192,-0.5133009094388353,-0.5008891980747772,-0.4873845606937846,-0.4729238456533997,-0.45764935410852886,-0.4417056786795558,-0.4252367072631384,-0.4083829397488562,-0.39127914196152486,-0.374052407580153,-0.35682064022351856,-0.3396914407357099,-0.3227613999971712,-0.3061157388423507,-0.28982827036837566
-0.15344122951173528,-0.1610029789465124,-0.16890431782209372,-0.17715523281861098,-0.18576511998500306,-0.19474260243700725,-0.20409532104426945,-0.21382969554051545,-0.22395065359890212,-0.23446132563113448,-0.24536270331881888,-0.25665326057741317,-0.2683285362143771,-0.2803806787849335,-0.29279795541235215,-0.30556422813685774,-0.31865840354251884,-0.332053864085396,-0.3457178928454772,-0.3596111063047513,-0.37368691498095896,-0.38789103504903183,-0.40216107857122085,-0.41642625453898396,-0.4306072170066535,-0.4446160976853876,-0.45835676313616586,-0.47172533513788273,-0.4846110114068314,-0.49689721070206055,-0.5084630626584299,-0.5191852460530725,-0.5289401597861364,-0.5376063915118279,-0.5450674249352601,-0.5512145050984146,-0.5559495583945326,-0.5591880471337951,-0.5608616289362675,-0.5609204867643031,-0.5593352024064366,-0.5560980658695917,-0.5512237383959329,-0.5447492155501117,-0.5367330899500585,-0.5272541318666658,-0.5164092689495836,-0.5043110546964011,-0.4910847635057222,-0.4768652350322081,-0.46179363672467144,-0.44601424715042465,-0.4296714216519545,-0.41290680762431287,-0.39585690463304485,-0.37865102155562574,-0.361409633786257,-0.3442431780098906,-0.32725122747153745,-0.310522052220989
-0.14375978177482707,-0.15087998282088466,-0.15832564045974512,-0.16610729245077782,-0.1742350933942326,-0.1827186649357786,-0.19156692232782255,-0.20078787485020821,-0.21038839753251887,-0.2203739717055864,-0.23074839197506813,-0.2415134376386692,-0.25266850684216624,-0.2642102126292792,-0.2761319408729759,-0.2884233713642456,-0.3010699649442977,-0.31405242162985825,-0.3273461174023509,-0.340920529396086,-0.35473866401947485,-0.3687565055830051,-0.3829225070320416,-0.39717714921772795,-0.4114525997556635,-0.4256725053008604,-0.43975195508164244,-0.4535976549791369,-0.46710835347077734,-0.4801755522752844,-0.49268453534500983,-0.5045157381318136,-0.5155464645999442,-0.525652945173254,-0.534712706699968,-0.5426072045907075,-0.5492246437745526,-0.5544628919925717,-0.5582323720726006,-0.5604588052835805,-0.5610856696119563,-0.5600762472660554,-0.557415142180457,-0.5531091742329558,-0.547187592907554,-0.5397015795101524,-0.5307230628031185,-0.5203428963205456,-0.5086684945426151,-0.49582103862416754,-0.48193239906870605,-0.4671419011567823,-0.45159309539565734,-0.43543064206376175,-0.41879742695464134,-0.4018320040545629,-0.384666394187188,-0.367424319580358,-0.3502198300170806,-0.33315636107926777
-0.1340348288266548,-0.14070435356178082,-0.1476837052035307,-0.15498375298169917,-0.1626151622993615,-0.17058827484989667,-0.1789129685208134,-0.1875984947626314,-0.1966532909179448,-0.20608476500011794,-0.21589905034353832,-0.22610072777009826,-0.23669251297106708,-0.24767490734648714,-0.2590458110197014,-0.2708000975907878,-0.28292915128530594,-0.2954203686395006,-0.30825662898069056,-0.32141573924382316,-0.3348698628140797,-0.34858494465439027,-0.3625201482763147,-0.37662732468980314,-0.3908505379978295,-0.405125676004523,-0.4193801786529784,-0.4335329205598062,-0.4474942882380355,-0.46116648836171775,-0.47444412767697597,-0.4872150984546854,-0.49936179441525474,-0.5107626737721488,-0.5212941682058099,-0.5308329190281302,-0.5392583011841133,-0.54645517059856,-0.5523167497757572,-0.5567475455370446,-0.5596661726773317,-0.561007956970694,-0.5607271791474626,-0.5587988407041974,-0.5552198447564181,-0.5500095153373854,-0.5432094165314355,-0.5348824675839448,-0.5251113936110937,-0.5139965886966477,-0.5016534976062941,-0.4882096437920743,-0.4738014495921866,-0.4585709875746538,-0.4426627947715034,-0.4262208850586377,-0.4093860213330553,-0.39229337014175053,-0.3750705219706382,-0.35783595805341195
-0.12426933929777614,-0.13047964354692831,-0.13698273153652962,-0.14378959296641805,-0.15091116495884882,-0.15835823917976094,-0.16614135211968192,-0.17427065646484352,-0.1827557712238423,-0.19160560821348305,-0.20082817235388312,-0.21043033329409103,-0.22041756579063415,-0.23079365655569856,-0.2415603754899866,-0.2527171097000119,-0.26426045935681447,-0.2761837954270663,-0.28847678085000233,-0.30112485733096717,-0.31410870330671387,-0.327403670627697,-0.34097920995217973,-0.3547982988054585,-0.3688168902351361,-0.38298340394327773,-0.39723828596949023,-0.4115136674535712,-0.42573315841435383,-0.4398118116763191,-0.45365629837626276,-0.4671653341529209,-0.48023039132569495,-0.49273672989916756,-0.5045647680885539,-0.515591800630773,-0.5256940582697355,-0.5347490789012234,-0.5426383405609634,-0.5492500835448182,-0.554482223031241,-0.5582452424212251,-0.5604649330760224,-0.5610848542895193,-0.5600683765892008,-0.5574001973861636,-0.5530872331000282,-0.547158828393535,-0.5396662563272094,-0.5306815313246469,-0.5202955830394556,-0.5086158909050398,-0.4957636892037197,-0.4818708866470456,-0.4670768330496351,-0.45152509263326585,-0.43536031944840414,-0.41872539224493854,-0.4017588346349026,-0.38459264109112246
-0.11446628860742272,-0.12020942163892549,-0.12622696925057042,-0.13252984053423214,-0.1391290155848132,-0.14603547648817639,-0.15326012468082717,-0.1608136829121683,-0.16870657972751799,-0.17694881430140205,-0.18554979925102866,-0.19451817902846688,-0.2038616212971643,-0.21358657881042342,-0.22369801930980365,-0.23419912117100072,-0.2450909328411027,-0.25637199466638194,-0.26803792274563276,-0.2800809544971098,-0.29248945822696953,-0.305247410380866,-0.31833384575859175,-0.33172228911129403,-0.3453801796834736,-0.3592683039350732,-0.37334025512735775,-0.3875419430404741,-0.4018111824947196,-0.41607739094380164,-0.4302614323048324,-0.444275645088826,-0.45802409325213655,-0.47140308036149653,-0.4843019614127368,-0.49660427991730227,-0.508189250011039,-0.5189335859984748,-0.5287136652711169,-0.5374079903059843,-0.5448998908211568,-0.551080387329179,-0.5558511093001637,-0.5591271552385588,-0.5608397562315208,-0.5609386166725503,-0.5593938002886022,-0.5561970550053474,-0.551362490313022,-0.5449265621616112,-0.5369473465442423,-0.5275031426573406,-0.5166904603711777,-0.5046215054895142,-0.4914212748289523,-0.4772244167605081,-0.46217197666542303,-0.4464082001125701,-0.4300774707259131,-0.4133215343682101
-0.10462865846447027,-0.10989727200870525,-0.11542069633423604,-0.1212095700173896,-0.12727469931230082,-0.1336270097243787,-0.14027748692111253,-0.14723710553297562,-0.1545167440656454,-0.16212708405157128,-0.1700784913554742,-0.1783808774561577,-0.18704353829019954,-0.19607496823310588,-0.2054826466684768,-0.21527279461410556,-0.2254500989460582,-0.23601740200097715,-0.24697535495953193,-0.2583220330845681,-0.27005251275783354,-0.28215841111168966,-0.2946273898974722,-0.30744262750135964,-0.3205822652271763,-0.33401883702325286,-0.34771869427688895,-0.36164144136531345,-0.3757394022401369,-0.389957141253482,-0.40423106768205913,-0.4184891561522147,-0.43265081824437496,-0.44662696557474296,-0.4603203033556432,-0.473625891816839,-0.4864320115708281,-0.49862135885937187,-0.5100725861455964,-0.5206621892483472,-0.5302667249116214,-0.5387653182313256,-0.5460423977688036,-0.5519905764874469,-0.5565135689537222,-0.55952902700652,-0.5609711588847447,-0.560793000374539,-0.5589682134728412,-0.5554923067724317,-0.5503831969922083,-0.5436810741972508,-0.5354475578308879,-0.5257641897677682,-0.5147303290523336,-0.5024605622583168,-0.4890817469115752,-0.47472984523985745,-0.45954666783132064,-0.4436766906477268
-0.0947594363675273,-0.0995467929488275,-0.10456821683068392,-0.10983389851199794,-0.11535426703532652,-0.12113995880650923,-0.1272017784038392,-0.13355065025021298,-0.14019755969350112,-0.1471534819585141,-0.1544292972306359,-0.16203569001155171,-0.16998303064603545,-0.17828123683806582,-0.18693961278588062,-0.19596666346784355,-0.20536988152869579,-0.21515550424025162,-0.22532823832363053,-0.2358909498701129,-0.246844317844717,-0.25818645007187757,-0.2699124608595412,-0.28201401088520855,-0.29447881129822423,-0.3072900962829561,-0.3204260697415664,-0.3338593349253918,-0.34755631916368324,-0.3614767091728441,-0.3755729171975829,-0.3897896015321584,-0.40406326925106417,-0.4183219949170654,-0.43248529101596966,-0.44646416786264337,-0.46016142411189087,-0.4734722057274347,-0.4862848671217756,-0.498482161114574,-0.5099427773896706,-0.520543225015227,-0.5301600463240606,-0.538672320324367,-0.5459643970424587,-0.551928775881292,-0.5564690246804568,-0.559502615293269,-0.5609635477144291,-0.560804624832453,-0.5589992580109613,-0.555542694337941,-0.5504525870504654,-0.5437688673432495,-0.5355529110300091,-0.5258860363820754,-0.5148674078132415,-0.5026114489537024,-0.4892448923270736,-0.4749036099854736
-0.08486161510420713,-0.0891615956773656,-0.0936738586674823,-0.09840798237591604,-0.10337383011869637,-0.1085815329781372,-0.11404146683556819,-0.11976422285900203,-0.12576057031105703,-0.13204141048141896,-0.13861772037090708,-0.14550048463176485,-0.15270061405047505,-0.1602288487483555,-0.16809564407107394,-0.17631103698610603,-0.18488449064658993,-0.19382471468012835,-0.2031394588649966,-0.21283527722894036,-0.2229172603623249,-0.23338873384254433,-0.24425092052917796,-0.25550256530347654,-0.267139521444378,-0.2791542993636509,-0.29153557895604787,-0.30426768898390805,-0.3173300588780736,-0.33069665139462473,-0.3443353875284076,-0.3582075779673059,-0.37226737958797745,-0.38646130076532115,-0.4007277826531231,-0.4149968873305423,-0.4291901292302274,-0.44322048792238034,-0.4569926411284685,-0.47040345601398015,-0.4833427792992879,-0.49569454738219854,-0.5073382437573282,-0.5181506998178379,-0.5280082361997095,-0.5367891016971921,-0.5443761614969718,-0.5506597494890082,-0.5555405895109602,-0.558932660570892,-0.5607658836614781,-0.5609884887312228,-0.5595689409915188,-0.5564973106455754,-0.5517860031405513,-0.545469794345818,-0.5376051624623825,-0.5282689342400395,-0.5175563217782648,-0.5055784364641256
-0.07493819224966056,-0.07874530313317443,-0.08274197146072598,-0.08693701366856849,-0.09133955499502433,-0.0959590229553221,-0.10080513700101473,-0.10588789380319166,-0.1112175473209239,-0.11680458278006206,-0.12265968354493662,-0.12879368975648503,-0.13521754743180298,-0.14194224660757113,-0.1489787469237233,-0.15633788888309513,-0.1640302888422201,-0.1720662156367075,-0.18045544672679145,-0.18920710115567474,-0.19832944701673483,-0.2078296810470562,-0.2177136776213809,-0.2279857047674632,-0.2386481049502561,-0.24970093926232936,-0.2611415935728502,-0.2729643464428195,-0.2851598994219991,-0.29771487274201847,-0.3106112707155073,-0.32382592311849534,-0.337329912173127,-0.3510879984304349,-0.36505806210399294,-0.379190580207762,-0.39342816515077716,-0.40770519439923775,-0.4219475641730856,-0.4360726030772908,-0.4499891895330239,-0.46359810472160085,-0.47679266818889493,-0.48945967754592795,-0.5014806903205045,-0.5127336469017444,-0.523094842392854,-0.5324412176951951,-0.5406529296035285,-0.5476161296948402,-0.553225865098458,-0.5573889869134213,-0.5600269459556788,-0.5610783391591927,-0.5605010766912062,-0.5582740484769688,-0.5543981909438874,-0.5488968804273122,-0.541815626077807,-0.533221058356813
-0.06499216966443117,-0.06830154876332098,-0.07177692429572767,-0.0754262165377524,-0.07925765765671029,-0.08327979288152222,-0.08750147936494017,-0.09193188239711185,-0.09658046838944036,-0.1014569940353191,-0.1065714909486859,-0.11193424499442925,-0.11755576939264695,-0.12344677058253264,-0.12961810568288915,-0.13608073024664946,-0.1428456348450422,-0.14992376886482625,-0.1573259498302053,-0.16506275607493845,-0.1731444007646023,-0.18158058511349895,-0.1903803282465991,-0.199551771220031,-0.20910195256914157,-0.21903655317871837,-0.22935960785959184,-0.24007318158865737,-0.25117700839403173,-0.2626680924992605,-0.2745402714323176,-0.28678374179897403,-0.2993845505855226,-0.31232405676987485,-0.32557837027090175,-0.33911777808012766,-0.3529061710464785,-0.3669004887175057,-0.38105020322470595,-0.39529686709915535,-0.4095737584287231,-0.42380565164778206,-0.43790875891049746,-0.45179087134619267,-0.4653517519374716,-0.4784838045683097,-0.4910730613075149,-0.5030005057654531,-0.514143743471993,-0.524379017455095,-0.5335835380247856,-0.5416380852819525,-0.5484298092359942,-0.5538551382389426,-0.5578226798780304,-0.5602559924133184,-0.561096087543933,-0.5603035398992141,-0.5578600794780304,-0.5537695730855741
-0.05502655299171096,-0.057833975303484775,-0.06078310348663851,-0.06388084355865324,-0.06713439805299878,-0.07055127210843509,-0.07413927837157804,-0.07790654054193098,-0.08186149518814588,-0.08601289147158343,-0.09036978834194459,-0.09494154870746145,-0.0997378299952065,-0.10476857044540552,-0.11004397037901331,-0.11557446757373437,-0.12137070576107929,-0.12744349513430703,-0.13380376367702032,-0.14046249777567926,-0.14743067062437118,-0.15471915677373402,-0.16233863083633082,-0.17029944829141794,-0.17861150609764592,-0.18728408096420474,-0.1963256426480121,-0.2057436397982844,-0.21554425551510545,-0.2257321307426914,-0.23631005308678918,-0.24727860891297582,-0.25863579769441136,-0.27037660811636344,-0.2824925565401697,-0.29497118995725946,-0.3077955572103718,-0.32094365487255844,-0.3343878565689752,-0.3480943374454622,-0.3620225111297608,-0.37612449626986105,-0.39034464098828087,-0.40461912795414007,-0.41887570026218096,-0.43303353658408905,-0.4470033203837523,-0.46068754069311346,-0.4739810598627597,-0.4867719903574669,-0.49894289549670445,-0.5103723431422436,-0.5209367999725397,-0.5305128585233914,-0.5389797505555162,-0.5462220891310268,-0.552132749741561,-0.5566157896455631,-0.5595892768817237,-0.5609879033054794
-0.045044351154061364,-0.04734623355213071,-0.049764910317379264,-0.05230617203039808,-0.05497607440253624,-0.057780946821542195,-0.060727400473581494,-0.06382233598890044,-0.0670729503983419,-0.07048674320842357,-0.07407152135982745,-0.07783540279446138,-0.08178681830725633,-0.08593451131248063,-0.09028753509107232,-0.09485524701929313,-0.09964729920039199,-0.10467362483889948,-0.10994441963355094,-0.11547011725590199,-0.12126135796787996,-0.12732894931547947,-0.13368381760153927,-0.14033694874178207,-0.1472993169012964,-0.15458179931476562,-0.16219507530431704,-0.17014950747147548,-0.1784550026280294,-0.18712085049425028,-0.19615553754186946,-0.20556653325758126,-0.21536004650575025,-0.22554074947664635,-0.2361114669759957,-0.24707282933280103,-0.25842288743163017,-0.27015668951723765,-0.28226582038095815,-0.2947379048930701,-0.30755607986986183,-0.32069844005955245,-0.33413746801473837,-0.3478394583397146,-0.3617639542127212,-0.3758632136614072,-0.3900817312875586,-0.40435584420514475,-0.41861345167022407,-0.4327738912821507,-0.44674800052359337,-0.4604384154195169,-0.4737401325098856,-0.4865413779087203,-0.4987248054948303,-0.5101690395329326,-0.520750567135236,-0.5303459559888639,-0.5388343654310481,-0.5461002829696828
-0.03504857584967782,-0.03684198113927602,-0.03872675876630943,-0.04070750023559233,-0.04278901743213007,-0.044976351529768144,-0.04727478192380757,-0.0496898352043975,-0.052227294066436274,-0.05489320607798578,-0.05769389220718259,-0.06063595498572928,-0.06372628616555125,-0.06697207369985625,-0.07038080784884769,-0.07396028617591048,-0.07771861715922326,-0.08166422209954223,-0.08580583496549873,-0.0901524997192746,-0.09471356463541748,-0.09949867306075601,-0.1045177499379003,-0.10978098333964066,-0.11529880013220982,-0.12108183485183442,-0.1271408906483029,-0.13348689107128786,-0.14013082118618975,-0.14708365667838702,-0.1543562791345572,-0.16195937551541742,-0.16990331989292567,-0.17819803516952584,-0.1868528324106896,-0.19587622543791638,-0.20527571799328242,-0.2150575610064269,-0.2252264775690248,-0.23578535347561624,-0.2467348909875191,-0.2580732252356715,-0.26979550200104585,-0.28189341822977865,-0.2943547263743322,-0.3071627072892884,-0.3202956168848883,-0.3337261162660778,-0.3474206959160374,-0.36133911184437073,-0.3754338499073845,-0.3896496467425308,-0.40392309099730633,-0.4181823408017841,-0.4323469930852887,-0.4463281398764567,-0.460028659236975,-0.47334376741647943,-0.48616188065313426,-0.49836580007390185
-0.025042241048260208,-0.026324881290665028,-0.027673073217077328,-0.029090143668365667,-0.030579584552639656,-0.03214506043919909,-0.0337904163643973,-0.035519685893973335,-0.03733709940216809,-0.03924709255279609,-0.04125431495851229,-0.0433636389845293,-0.04558016865783377,-0.047909248631965926,-0.050356473146993604,-0.05292769491121841,-0.05562903381590293,-0.05846688537699581,-0.06144792877923948,-0.06457913437012575,-0.0678677704252648,-0.07132140898278906,-0.07494793049949773,-0.07875552704268733,-0.08275270367712537,-0.08694827767885062,-0.09135137511733821,-0.095971424296074,-0.10081814541212446,-0.1059015358308766,-0.11123185015646567,-0.11681957417748141,-0.12267539173157521,-0.1288101433119662,-0.13523477512854543,-0.14196027724474714,-0.14899760911764018,-0.15635761079532667,-0.16405089787158048,-0.17208773818770529,-0.18047790763387464,-0.18923052330782258,-0.1983538507403713,-0.20785508366297759,-0.2177400925375837,-0.22801314076478685,-0.2386765653629492,-0.24973042093544726,-0.26117208581374335,-0.272995829610473,-0.2851923439209936,-0.29774823770224207,-0.31064550253918294,-0.32386095375820173,-0.3373656579116248,-0.35112435803561176,-0.36509491586117987,-0.37922778800404044,-0.39346556610842465,-0.4077426054558631
-0.015028362486563954,-0.01579860158818221,-0.0166082861581313,-0.017459431236544892,-0.018354153983147412,-0.019294678731289323,-0.0202833422486227,-0.02132259924462419,-0.02241502811565034,-0.02356333693572439,-0.024770369698828905,-0.026039112815006874,-0.027372701863879245,-0.028774428605856963,-0.03024774825032543,-0.031796286977538044,-0.033423849708315884,-0.03513442811212003,-0.03693220883801453,-0.0388215819557532,-0.040807149578834745,-0.04289373463871103,-0.045086389774816625,-0.04739040629240888,-0.04981132312956798,-0.05235493576229459,-0.05502730496447723,-0.0578347653210928,-0.060783933367264384,-0.06388171521877543,-0.06713531351481046,-0.07055223347234718,-0.07414028782496283,-0.07790760035900877,-0.08186260772696471,-0.08601405917638767,-0.0903710137441582,-0.09494283441693628,-0.09973917869070005,-0.10476998489581822,-0.11004545340874405,-0.11557602208936847,-0.12137233469459154,-0.12744520151068853,-0.13380555050454263,-0.140464368061091,-0.14743262738444904,-0.15472120296361475,-0.1623407693911524,-0.1703016819425998,-0.17861383752722815,-0.18728651262108104,-0.1963281767406709,-0.20574627813117083,-0.21554699947994532,-0.22573498143945384,-0.23631301097416435,-0.24728167388077218,-0.25863896878214815,-0.27037988351432496
-0.005009957163706723,-0.005266812727339067,-0.005536835873394104,-0.005820701443639298,-0.006119118834730259,-0.006432833766377425,-0.006762630131799918,-0.007109331946160816,-0.007473805392353437,-0.007856960969796255,-0.008259755751597276,-0.008683195754737005,-0.009128338429130713,-0.00959629527090651,-0.010088234565838967,-0.01060538426899063,-0.01114903502691634,-0.011720543348871128,-0.012321334932433332,-0.012952908153366046,-0.013616837724641026,-0.014314778530910626,-0.01504846964743399,-0.015819738550502404,-0.01663050552729228,-0.017482788290296817,-0.018378706805756227,-0.019320488342688194,-0.02031047275160568,-0.021351117975801782,-0.02244500580146144,-0.023594847855919785,-0.024803491857008798,-0.026073928115977675,-0.027409296297936783,-0.028812892439783324,-0.030288176225385457,-0.03183877851410554,-0.03346850911677896,-0.03518136481002662,-0.03698153757414845,-0.03887342303886598,-0.040861629108782944,-0.04295098474455712,-0.04514654885287005,-0.04745361924675023,-0.04987774161151965,-0.052424718405548194,-0.05510061762034033,-0.057911781275125904,-0.060864833558665093,-0.06396668842902155,-0.06722455654488156,-0.0706459512935099,-0.07423869368482446,-0.07801091586573922,-0.08197106285640732,-0.08612789224999357,-0.09049047129441913,-0.0950681710006291
0.005009957163706723,0.005266812727339067,0.005536835873394104,0.005820701443639298,0.006119118834730259,0.006432833766377425,0.006762630131799918,0.007109331946160816,0.007473805392353437,0.007856960969796255,0.008259755751597276,0.008683195754737005,0.009128338429130713,0.00959629527090651,0.010088234565838967,0.01060538426899063,0.01114903502691634,0.011720543348871128,0.012321334932433332,0.012952908153366046,0.013616837724641026,0.014314778530910626,0.01504846964743399,0.015819738550502404,0.01663050552729228,0.017482788290296817,0.018378706805756227,0.019320488342688194,0.02031047275160568,0.021351117975801782,0.02244500580146144,0.023594847855919785,0.024803491857008798,0.026073928115977675,0.027409296297936783,0.028812892439783324,0.030288176225385457,0.03183877851410554,0.03346850911677896,0.03518136481002662,0.03698153757414845,0.03887342303886598,0.040861629108782944,0.04295098474455712,0.04514654885287005,0.04745361924675023,0.04987774161151965,0.052424718405548194,0.05510061762034033,0.057911781275125904,0.060864833558665093,0.06396668842902155,0.06722455654488156,0.0706459512935099,0.07423869368482446,0.07801091586573922,0.08197106285640732,0.08612789224999357,0.09049047129441913,0.0950681710006291
0.01502836248656351,0.015798601588181745,0.016608286158130807,0.017459431236544375,0.018354153983146868,0.01929467873128875,0.0202833422486221,0.02132259924462356,0.022415028115649674,0.023563336935723687,0.02477036969882817,0.026039112815006097,0.02737270186387843,0.028774428605856106,0.03024774825032453,0.03179628697753709,0.033423849708314884,0.03513442811211899,0.03693220883801343,0.03882158195575205,0.04080714957883353,0.042893734638709755,0.04508638977481529,0.047390406292407476,0.04981132312956651,0.052354935762293046,0.05502730496447562,0.0578347653210911,0.06078393336726259,0.06388171521877356,0.0671353135148085,0.07055223347234511,0.07414028782496067,0.07790760035900651,0.08186260772696233,0.08601405917638516,0.09037101374415556,0.09494283441693352,0.09973917869069712,0.10476998489581514,0.11004545340874086,0.11557602208936511,0.12137233469458802,0.12744520151068486,0.1338055505045388,0.14046436806108697,0.14743262738444485,0.15472120296361036,0.1623407693911478,0.17030168194259496,0.17861383752722312,0.1872865126210758,0.1963281767406654,0.20574627813116508,0.21554699947993938,0.22573498143944765,0.23631301097415794,0.24728167388076552,0.2586389687821412,0.27037988351431785
0.025042241048259764,0.026324881290664563,0.02767307321707684,0.02909014366836515,0.030579584552639115,0.032145060439198514,0.03379041636439668,0.0355196858939727,0.037337099402167416,0.0392470925527954,0.041254314958511555,0.04336363898452853,0.04558016865783295,0.04790924863196506,0.050356473146992695,0.05292769491121747,0.05562903381590193,0.05846688537699475,0.061447928779238374,0.0645791343701246,0.06786777042526358,0.07132140898278776,0.07494793049949637,0.0787555270426859,0.08275270367712387,0.08694827767884904,0.09135137511733656,0.09597142429607225,0.10081814541212264,0.10590153583087471,0.11123185015646368,0.11681957417747932,0.12267539173157303,0.1288101433119639,0.135234775128543,0.14196027724474458,0.14899760911763754,0.15635761079532395,0.16405089787157764,0.1720877381877023,0.1804779076338715,0.1892305233078193,0.19835385074036785,0.20785508366297403,0.21774009253758,0.22801314076478302,0.2386765653629452,0.24973042093544315,0.2611720858137391,0.2729958296104685,0.28519234392098897,0.2977482377022374,0.31064550253917816,0.32386095375819685,0.3373656579116198,0.35112435803560665,0.3650949158611747,0.3792277880040353,0.39346556610841943,0.4077426054558579
0.03504857584967782,0.03684198113927602,0.03872675876630943,0.04070750023559233,0.04278901743213007,0.044976351529768144,0.04727478192380757,0.0496898352043975,0.052227294066436274,0.05489320607798578,0.05769389220718259,0.06063595498572928,0.06372628616555125,0.06697207369985625,0.07038080784884769,0.07396028617591048,0.07771861715922326,0.08166422209954223,0.08580583496549873,0.0901524997192746,0.09471356463541748,0.09949867306075601,0.1045177499379003,0.10978098333964066,0.11529880013220982,0.12108183485183442,0.1271408906483029,0.13348689107128786,0.14013082118618975,0.14708365667838702,0.1543562791345572,0.16195937551541742,0.16990331989292567,0.17819803516952584,0.1868528324106896,0.19587622543791638,0.20527571799328242,0.2150575610064269,0.2252264775690248,0.23578535347561624,0.2467348909875191,0.2580732252356715,0.26979550200104585,0.28189341822977865,0.2943547263743322,0.3071627072892884,0.3202956168848883,0.3337261162660778,0.3474206959160374,0.36133911184437073,0.3754338499073845,0.3896496467425308,0.40392309099730633,0.4181823408017841,0.4323469930852887,0.4463281398764567,0.460028659236975,0.47334376741647943,0.48616188065313426,0.49836580007390185
0.045044351154061364,0.04734623355213071,0.049764910317379264,0.05230617203039808,0.05497607440253624,0.057780946821542195,0.060727400473581494,0.06382233598890044,0.0670729503983419,0.07048674320842357,0.07407152135982745,0.07783540279446138,0.08178681830725633,0.08593451131248063,0.09028753509107232,0.09485524701929313,0.09964729920039199,0.10467362483889948,0.10994441963355094,0.11547011725590199,0.12126135796787996,0.12732894931547947,0.13368381760153927,0.14033694874178207,0.1472993169012964,0.15458179931476562,0.16219507530431704,0.17014950747147548,0.1784550026280294,0.18712085049425028,0.19615553754186946,0.20556653325758126,0.21536004650575025,0.22554074947664635,0.2361114669759957,0.24707282933280103,0.25842288743163017,0.27015668951723765,0.28226582038095815,0.2947379048930701,0.30755607986986183,0.32069844005955245,0.33413746801473837,0.3478394583397146,0.3617639542127212,0.3758632136614072,0.3900817312875586,0.40435584420514475,0.41861345167022407,0.4327738912821507,0.44674800052359337,0.4604384154195169,0.4737401325098856,0.4865413779087203,0.4987248054948303,0.5101690395329326,0.520750567135236,0.5303459559888639,0.5388343654310481,0.5461002829696828
0.05502655299171052,0.0578339753034843,0.06078310348663802,0.06388084355865274,0.06713439805299824,0.07055127210843454,0.07413927837157745,0.07790654054193034,0.0818614951881452,0.08601289147158273,0.09036978834194385,0.09494154870746067,0.09973782999520567,0.10476857044540465,0.11004397037901238,0.11557446757373338,0.12137070576107829,0.12744349513430595,0.13380376367701918,0.14046249777567815,0.14743067062436996,0.15471915677373277,0.16233863083632952,0.1702994482914166,0.17861150609764453,0.1872840809642033,0.1963256426480106,0.20574363979828278,0.21554425551510378,0.2257321307426897,0.23631005308678737,0.24727860891297396,0.2586357976944094,0.27037660811636144,0.2824925565401677,0.29497118995725735,0.3077955572103696,0.32094365487255627,0.33438785656897296,0.34809433744546,0.36202251112975853,0.3761244962698588,0.3903446409882786,0.4046191279541377,0.4188757002621787,0.4330335365840868,0.44700332038375007,0.4606875406931113,0.47398105986275746,0.4867719903574648,0.4989428954967025,0.5103723431422418,0.5209367999725381,0.5305128585233899,0.538979750555515,0.5462220891310257,0.5521327497415601,0.5566157896455625,0.5595892768817233,0.5609879033054793
0.06499216966443117,0.06830154876332098,0.07177692429572767,0.0754262165377524,0.07925765765671029,0.08327979288152222,0.08750147936494017,0.09193188239711185,0.09658046838944036,0.1014569940353191,0.1065714909486859,0.11193424499442925,0.11755576939264695,0.12344677058253264,0.12961810568288915,0.13608073024664946,0.1428456348450422,0.14992376886482625,0.1573259498302053,0.16506275607493845,0.1731444007646023,0.18158058511349895,0.1903803282465991,0.199551771220031,0.20910195256914157,0.21903655317871837,0.22935960785959184,0.24007318158865737,0.25117700839403173,0.2626680924992605,0.2745402714323176,0.28678374179897403,0.2993845505855226,0.31232405676987485,0.32557837027090175,0.33911777808012766,0.3529061710464785,0.3669004887175057,0.38105020322470595,0.39529686709915535,0.4095737584287231,0.42380565164778206,0.43790875891049746,0.45179087134619267,0.4653517519374716,0.4784838045683097,0.4910730613075149,0.5030005057654531,0.514143743471993,0.524379017455095,0.5335835380247856,0.5416380852819525,0.5484298092359942,0.5538551382389426,0.5578226798780304,0.5602559924133184,0.561096087543933,0.5603035398992141,0.5578600794780304,0.5537695730855741
0.07493819224966056,0.07874530313317443,0.08274197146072598,0.08693701366856849,0.09133955499502433,0.0959590229553221,0.10080513700101473,0.10588789380319166,0.1112175473209239,0.11680458278006206,0.12265968354493662,0.12879368975648503,0.13521754743180298,0.14194224660757113,0.1489787469237233,0.15633788888309513,0.1640302888422201,0.1720662156367075,0.18045544672679145,0.18920710115567474,0.19832944701673483,0.2078296810470562,0.2177136776213809,0.2279857047674632,0.2386481049502561,0.24970093926232936,0.2611415935728502,0.2729643464428195,0.2851598994219991,0.29771487274201847,0.3106112707155073,0.32382592311849534,0.337329912173127,0.3510879984304349,0.36505806210399294,0.379190580207762,0.39342816515077716,0.40770519439923775,0.4219475641730856,0.4360726030772908,0.4499891895330239,0.46359810472160085,0.47679266818889493,0.48945967754592795,0.5014806903205045,0.5127336469017444,0.523094842392854,0.5324412176951951,0.5406529296035285,0.5476161296948402,0.553225865098458,0.5573889869134213,0.5600269459556788,0.5610783391591927,0.5605010766912062,0.5582740484769688,0.5543981909438874,0.5488968804273122,0.541815626077807,0.533221058356813
0.0848616151042067,0.08916159567736513,0.0936738586674818,0.09840798237591548,0.10337383011869579,0.1085815329781366,0.11404146683556755,0.11976422285900135,0.12576057031105634,0.13204141048141824,0.13861772037090633,0.1455004846317641,0.15270061405047422,0.16022884874835466,0.16809564407107305,0.17631103698610512,0.184884490646589,0.19382471468012732,0.20313945886499551,0.21283527722893922,0.2229172603623237,0.23338873384254308,0.24425092052917666,0.2555025653034751,0.26713952144437664,0.2791542993636494,0.29153557895604626,0.30426768898390644,0.3173300588780719,0.33069665139462306,0.34433538752840587,0.35820757796730424,0.37226737958797573,0.38646130076531926,0.4007277826531213,0.41499688733054046,0.4291901292302256,0.4432204879223785,0.4569926411284666,0.4704034560139784,0.48334277929928626,0.49569454738219704,0.5073382437573267,0.5181506998178366,0.5280082361997084,0.5367891016971911,0.5443761614969709,0.5506597494890076,0.5555405895109597,0.5589326605708917,0.5607658836614778,0.5609884887312229,0.5595689409915191,0.556497310645576,0.551786003140552,0.545469794345819,0.5376051624623837,0.5282689342400407,0.5175563217782664,0.5055784364641273
0.09475943636752686,0.09954679294882704,0.10456821683068347,0.10983389851199751,0.11535426703532604,0.12113995880650873,0.1272017784038387,0.13355065025021245,0.14019755969350056,0.14715348195851355,0.1544292972306353,0.16203569001155113,0.1699830306460349,0.1782812368380652,0.18693961278588,0.19596666346784292,0.20536988152869506,0.21515550424025084,0.22532823832362978,0.2358909498701121,0.24684431784471614,0.2581864500718766,0.2699124608595403,0.28201401088520756,0.29447881129822323,0.30729009628295506,0.32042606974156534,0.33385933492539066,0.3475563191636821,0.3614767091728429,0.37557291719758173,0.3897896015321573,0.4040632692510631,0.4183219949170643,0.4324852910159687,0.44646416786264237,0.46016142411189,0.47347220572743376,0.4862848671217747,0.4984821611145731,0.5099427773896699,0.5205432250152263,0.5301600463240598,0.5386723203243665,0.5459643970424582,0.5519287758812916,0.5564690246804567,0.5595026152932688,0.5609635477144291,0.5608046248324532,0.5589992580109615,0.5555426943379411,0.550452587050466,0.54376886734325,0.5355529110300098,0.5258860363820762,0.5148674078132423,0.5026114489537031,0.48924489232707447,0.47490360998547454
0.10462865846447027,0.10989727200870525,0.11542069633423604,0.1212095700173896,0.12727469931230082,0.1336270097243787,0.14027748692111253,0.14723710553297562,0.1545167440656454,0.16212708405157128,0.1700784913554742,0.1783808774561577,0.18704353829019954,0.19607496823310588,0.2054826466684768,0.21527279461410556,0.2254500989460582,0.23601740200097715,0.24697535495953193,0.2583220330845681,0.27005251275783354,0.28215841111168966,0.2946273898974722,0.30744262750135964,0.3205822652271763,0.33401883702325286,0.34771869427688895,0.36164144136531345,0.3757394022401369,0.389957141253482,0.40423106768205913,0.4184891561522147,0.43265081824437496,0.44662696557474296,0.4603203033556432,0.473625891816839,0.4864320115708281,0.49862135885937187,0.5100725861455964,0.5206621892483472,0.5302667249116214,0.5387653182313256,0.5460423977688036,0.5519905764874469,0.5565135689537222,0.55952902700652,0.5609711588847447,0.560793000374539,0.5589682134728412,0.5554923067724317,0.5503831969922083,0.5436810741972508,0.5354475578308879,0.5257641897677682,0.5147303290523336,0.5024605622583168,0.4890817469115752,0.47472984523985745,0.45954666783132064,0.4436766906477268
0.11446628860742272,0.12020942163892549,0.12622696925057042,0.13252984053423214,0.1391290155848132,0.14603547648817639,0.15326012468082717,0.1608136829121683,0.16870657972751799,0.17694881430140205,0.18554979925102866,0.19451817902846688,0.2038616212971643,0.21358657881042342,0.22369801930980365,0.23419912117100072,0.2450909328411027,0.25637199466638194,0.26803792274563276,0.2800809544971098,0.29248945822696953,0.305247410380866,0.31833384575859175,0.33172228911129403,0.3453801796834736,0.3592683039350732,0.37334025512735775,0.3875419430404741,0.4018111824947196,0.41607739094380164,0.4302614323048324,0.444275645088826,0.45802409325213655,0.47140308036149653,0.4843019614127368,0.49660427991730227,0.508189250011039,0.5189335859984748,0.5287136652711169,0.5374079903059843,0.5448998908211568,0.551080387329179,0.5558511093001637,0.5591271552385588,0.5608397562315208,0.5609386166725503,0.5593938002886022,0.5561970550053474,0.551362490313022,0.5449265621616112,0.5369473465442423,0.5275031426573406,0.5166904603711777,0.5046215054895142,0.4914212748289523,0.4772244167605081,0.46217197666542303,0.4464082001125701,0.4300774707259131,0.4133215343682101
0.12426933929777571,0.13047964354692784,0.13698273153652915,0.14378959296641755,0.15091116495884827,0.15835823917976033,0.1661413521196813,0.17427065646484285,0.1827557712238415,0.1916056082134823,0.2008281723538823,0.21043033329409017,0.22041756579063332,0.23079365655569764,0.24156037548998568,0.2527171097000109,0.2642604593568136,0.2761837954270652,0.2884767808500013,0.30112485733096606,0.3141087033067127,0.3274036706276958,0.34097920995217845,0.3547982988054572,0.36881689023513475,0.38298340394327635,0.39723828596948885,0.4115136674535699,0.42573315841435255,0.4398118116763177,0.4536562983762615,0.46716533415291955,0.48023039132569356,0.4927367298991663,0.5045647680885527,0.5155918006307719,0.5256940582697345,0.5347490789012225,0.5426383405609626,0.5492500835448175,0.5544822230312405,0.5582452424212248,0.5604649330760223,0.5610848542895194,0.5600683765892011,0.557400197386164,0.5530872331000286,0.5471588283935358,0.5396662563272102,0.5306815313246478,0.5202955830394567,0.5086158909050409,0.4957636892037211,0.4818708866470469,0.4670768330496367,0.4515250926332677,0.435360319448406,0.41872539224494065,0.4017588346349047,0.38459264109112457
0.13403482882665435,0.1407043535617804,0.14768370520353022,0.15498375298169864,0.162615162299361,0.17058827484989614,0.17891296852081287,0.18759849476263088,0.19665329091794428,0.20608476500011738,0.21589905034353776,0.22610072777009765,0.23669251297106644,0.24767490734648645,0.25904581101970076,0.27080009759078716,0.28292915128530527,0.2954203686394999,0.30825662898068984,0.3214157392438224,0.33486986281407893,0.34858494465438955,0.3625201482763139,0.37662732468980237,0.3908505379978287,0.4051256760045222,0.4193801786529776,0.4335329205598054,0.4474942882380347,0.461166488361717,0.47444412767697525,0.48721509845468464,0.49936179441525397,0.5107626737721481,0.5212941682058092,0.5308329190281297,0.5392583011841128,0.5464551705985595,0.5523167497757568,0.5567475455370444,0.5596661726773314,0.561007956970694,0.5607271791474627,0.5587988407041976,0.5552198447564184,0.5500095153373858,0.543209416531436,0.5348824675839454,0.5251113936110944,0.5139965886966484,0.501653497606295,0.4882096437920754,0.4738014495921879,0.45857098757465514,0.4426627947715047,0.4262208850586391,0.40938602133305674,0.39229337014175203,0.37507052197063967,0.35783595805341345
0.14375978177482707,0.15087998282088466,0.15832564045974512,0.16610729245077782,0.1742350933942326,0.1827186649357786,0.19156692232782255,0.20078787485020821,0.21038839753251887,0.2203739717055864,0.23074839197506813,0.2415134376386692,0.25266850684216624,0.2642102126292792,0.2761319408729759,0.2884233713642456,0.3010699649442977,0.31405242162985825,0.3273461174023509,0.340920529396086,0.35473866401947485,0.3687565055830051,0.3829225070320416,0.39717714921772795,0.4114525997556635,0.4256725053008604,0.43975195508164244,0.4535976549791369,0.46710835347077734,0.4801755522752844,0.49268453534500983,0.5045157381318136,0.5155464645999442,0.525652945173254,0.534712706699968,0.5426072045907075,0.5492246437745526,0.5544628919925717,0.5582323720726006,0.5604588052835805,0.5610856696119563,0.5600762472660554,0.557415142180457,0.5531091742329558,0.547187592907554,0.5397015795101524,0.5307230628031185,0.5203428963205456,0.5086684945426151,0.49582103862416754,0.48193239906870605,0.4671419011567823,0.45159309539565734,0.43543064206376175,0.41879742695464134,0.4018320040545629,0.384666394187188,0.367424319580358,0.3502198300170806,0.33315636107926777
0.15344122951173528,0.1610029789465124,0.16890431782209372,0.17715523281861098,0.18576511998500306,0.19474260243700725,0.20409532104426945,0.21382969554051545,0.22395065359890212,0.23446132563113448,0.24536270331881888,0.25665326057741317,0.2683285362143771,0.2803806787849335,0.29279795541235215,0.30556422813685774,0.31865840354251884,0.332053864085396,0.3457178928454772,0.3596111063047513,0.37368691498095896,0.38789103504903183,0.40216107857122085,0.41642625453898396,0.4306072170066535,0.4446160976853876,0.45835676313616586,0.47172533513788273,0.4846110114068314,0.49689721070206055,0.5084630626584299,0.5191852460530725,0.5289401597861364,0.5376063915118279,0.5450674249352601,0.5512145050984146,0.5559495583945326,0.5591880471337951,0.5608616289362675,0.5609204867643031,0.5593352024064366,0.5560980658695917,0.5512237383959329,0.5447492155501117,0.5367330899500585,0.5272541318666658,0.5164092689495836,0.5043110546964011,0.4910847635057222,0.4768652350322081,0.46179363672467144,0.44601424715042465,0.4296714216519545,0.41290680762431287,0.39585690463304485,0.37865102155562574,0.361409633786257,0.3442431780098906,0.32725122747153745,0.310522052220989
0.1630762106935659,0.17106980721140888,0.17941555019589855,0.18812264840331228,0.19719948465578352,0.2066533988353438,0.21649044069516965,0.22671508999113701,0.23732994176342403,0.24833535498896392,0.25972906331475504,0.2715057475938806,0.28365657086195184,0.2961686780713863,0.30902466465578454,0.32220202034549783,0.3356725574393201,0.34940183600374003,0.36334860225862575,0.3774642600570534,0.39169240069049716,0.40596841950984686,0.42021925241660235,0.4343632689760453,0.44831036171065897,0.46196226975792715,0.47521317577140854,0.4879506095247955,0.5000566859753892,0.5114096878302243,0.5218859939661462,0.5313623343859776,0.539718329329837,0.546839247737818,0.5526188975748774,0.5569625410821353,0.5597897103889137,0.5610367914782333,0.5606592447680385,0.5586333380912769,0.5549572902880324,0.5496517499626693,0.5427595738419347,0.5343448984054269,0.5244915573736197,0.513300909438836,0.5008891980747777,0.4873845606937852,0.47292384565340034,0.4576493541085297,0.44170567867955657,0.4252367072631393,0.408382939748857,0.39127914196152563,0.3740524075801538,0.35682064022351945,0.3396914407357105,0.3227613999971716,0.3061157388423512,0.2898282703683761
0.17266177176030184,0.1810769516927229,0.18985518492011078,0.19900466961823543,0.20853251557220892,0.2184444907445813,0.22874473482905935,0.2394354375301318,0.2505164799065034,0.2619850377269606,0.2738351465705807,0.2860572297876198,0.2986375917682144,0.31155788112444466,0.3247945306767535,0.3383181840467724,0.352093122019796,0.36607670562345507,0.3802188569839522,0.3944616033028684,0.40873871428289926,0.4229754661564861,0.4370885696121203,0.4509863010238976,0.4645688771623001,0.4777291090440207,0.4903533684583803,0.5023228908693398,0.5135154279442855,0.523807241315415,0.5330754156808634,0.5412004462438376,0.5480690307750079,0.5535769738026586,0.557632092099963,0.5601569963374121,0.5610916145553385,0.5603953269178706,0.5580485923111158,0.5540539668362466,0.5484364493430562,0.5412431196167312,0.5325420819568548,0.5224207562410804,0.5109836103535151,0.498349437314237,0.48464832011825987,0.4700184157897186,0.4546027189752842,0.43854590467278354,0.42199141027577436,0.4050787887307071,0.3879414579775132,0.37070483379580754,0.3534848926893778,0.3363871445740296,0.31950598947507,0.3029244289807695,0.2867140800017686,0.2709354444767263
0.18219496743167352,0.19102091641352495,0.20021910577607155,0.2097964861129831,0.2197586310627431,0.2301094462778628,0.24085084304124718,0.2519823747035637,0.2635008350373859,0.27539981847855083,0.28766924335420696,0.3002948409983933,0.31325761545008546,0.32653328108539004,0.3400916883624624,0.35389625130167773,0.3679033941889215,0.38206203915040365,0.3963131604570943,0.4105894361032008,0.42481503133218235,0.4389055507255176,0.4527681986171737,0.46630218741167756,0.47939943141021735,0.4919455555803344,0.50382124322943,0.5149039321140079,0.5250698534187357,0.5341963836127708,0.5421646617863812,0.548862401624189,0.5541868031849685,0.5580474495570716,0.560369062142001,0.5610939815137991,0.5601842423222974,0.5576231258691554,0.5534160954528514,0.547591049301502,0.5401978688612559,0.5313072726937054,0.5210090319316386,0.5094096337872808,0.49662951263093597,0.48279998147454917,0.4680600092712599,0.452552978440208,0.43642356963814893,0.41981485014583353,0.4028657037586412,0.38570860122247524,0.368467808841258,0.35125799431130245,0.33418325432654583,0.3173365201617101,0.300799310166332,0.2846417784099135,0.26892301680174613,0.2536915498285318
0.1916728612019499,0.20089822647120384,0.21050323495785153,0.22049334982931024,0.23087234403515694,0.24164197112087607,0.25280159900104415,0.2643478055210586,0.27627393593475624,0.28856962360477706,0.3012202767523785,0.3142065363335988,0.32750371240710235,0.34108120950692405,0.3549019548778413,0.368921847332943,0.38308924873279326,0.39734454441882594,0.41161980293916184,0.4258385701822221,0.43991583573349874,0.4537582098522442,0.4672643510246281,0.48032568092295524,0.49282741830599713,0.5046499513326415,0.515670558676323,0.525765471090587,0.5348122459882192,0.5426924019415283,0.5492942402194534,0.5545157590261314,0.558267545299434,0.5604755144105035,0.5610833656457396,0.5600546235518616,0.5573741483438844,0.5530490237043237,0.5471087604396131,0.5396047914558787,0.5306092785896763,0.5202132849239692,0.5085244022866833,0.49566395713044037,0.4817639238509004,0.4669636977518645,0.45140686006630226,0.43523806374984403,0.4186001633647124,0.40163164093788883,0.38446443717867085,0.3672221613328724,0.35001874797456806,0.3329575015473266,0.31613053399122465,0.2996185365645552,0.2834908533886433,0.2678057918913974,0.2526111385047758,0.23794481041363078
0.20109252583349546,0.21070542915203697,0.2207035350022694,0.23109057796807758,0.24186826622148094,0.25303591430041766,0.2645900379679196,0.2765239108797832,0.2888270845107449,0.3014848743081902,0.3144778169879466,0.3277811066009782,0.3413640197912735,0.3551893442654833,0.36921282829366764,0.3833826732961938,0.39763909599918945,0.41191399088117875,0.4261307270806581,0.4402041184173148,0.4540406058600458,0.4675386905328652,0.4805896547553739,0.4930786020319382,0.504885837924463,0.5158885978503461,0.5259631152382429,0.5349870011652419,0.542841884700241,0.5494162380901093,0.5546082907038062,0.5583289184619381,0.5605043800841308,0.5610787649237065,0.5600160243627895,0.5573014704805083,0.5529426498187714,0.5469695326918874,0.5394339947665758,0.5304086083156289,0.5199848021491668,0.5082704822071908,0.4953872247875082,0.4814671925243389,0.4666498976544252,0.4510789744378431,0.43489906935399414,0.4182529661823752,0.40127903981738056,0.38410906798226513,0.3668664791791259,0.3496649923924909,0.3326076881392971,0.3157864423212381,0.29928171221889077,0.28316260781520647,0.26748721702844336,0.2523031122409643,0.23764801715070225,0.2235505613334763
0.21045104384901964,0.22043909503124173,0.2308160106767598,0.24158355586362565,0.2527411122452607,0.26428527363894716,0.27620940378374914,0.288503157151363,0.301151965883124,0.31413649781045355,0.32743209290828756,0.3410081887041108,0.3548277484416858,0.3688467097773851,0.38301347593436297,0.3972684756358026,0.4115438225121861,0.4257631085066118,0.4398413682981204,0.4536852555170474,0.46719346962145697,0.48025746882989984,0.4927625012736783,0.5045889761731194,0.5156141840823963,0.5257143559160471,0.5347670347772889,0.542653709871759,0.5492626386675376,0.5544917607926289,0.5582515886785738,0.5604679489689643,0.5610844404911123,0.5600644775339323,0.5573928038009482,0.5530763832778116,0.5471446074929488,0.539648795707708,0.5306610040662855,0.5202722004386059,0.5085898951382536,0.4957353503522607,0.48184049100923515,0.4670446836303339,0.45149149251480414,0.43532557614061235,0.4186898025566299,0.40172268563761926,0.38455620473478364,0.36731401757879223,0.3501101140095884,0.33304785586264307,0.3162194161718581,0.2997055469600623,0.28357565217838365,0.267888096650475,0.25269072205508986,0.2380214944938148,0.22390927209523337,0.21037462036479504
0.21974550802245768,0.23009581905784782,0.24083671082334965,0.2519677397621717,0.2634857035054807,0.2753842008868894,0.2876531553305523,0.30027830392035315,0.3132406571476336,0.3265159365974821,0.3400740006764738,0.35387827208760525,0.36788518447130336,0.3820436698779113,0.39629471308404907,0.4105710031011651,0.4247967162563693,0.438887468286447,0.4527504740207688,0.46628495579718554,0.4793828367671906,0.49192974922736804,0.5038063818933397,0.5148901758158274,0.5250573623005709,0.534185314132418,0.5421551633987194,0.5488546135022504,0.5541808504446282,0.5580434399367517,0.5603670822842919,0.5610940936053745,0.560186482025319,0.5576275005351665,0.5534225831002101,0.5475995993917034,0.5402084031192188,0.5313196872811781,0.5210231994146126,0.5094254073908342,0.496646728294843,0.4828184653291883,0.468079576001979,0.4525734444629361,0.43644474529495886,0.41983655541930226,0.4028877611198058,0.3857308449685537,0.3684900849630539,0.3512801604493571,0.33420518390216136,0.317358100067274,0.30082044248577805,0.28466237973982134,0.2689430182354901,0.2537108940860058,0.23900462825793423,0.2248536703692406,0.21127912738893279,0.1982946079239741
0.22897302186840696,0.2396722216237303,0.2507617301570624,0.2622386595010421,0.27409697187204823,0.2863270065255785,0.29891497244533094,0.311842410866911,0.32508563484934716,0.33861515574739337,0.3523951097148196,0.3663827013460484,0.38052768563245193,0.3947719137757964,0.4090489727577888,0.4232839525790699,0.43739337844632115,0.4512853470999436,0.4648599058458281,0.4780097137895317,0.4906210163134653,0.5025749550879309,0.5137492265186702,0.524020083642293,0.5332646570699924,0.541363546768366,0.5482036171957327,0.5536809032884473,0.5577035148046755,0.5601944135988517,0.5610939295431957,0.5603618857756152,0.5579792127805727,0.5539489535668163,0.5482965935648523,0.5410696837602348,0.5323367683109984,0.5221856646611768,0.5107211815333373,0.49806239183420603,0.4843395862526263,0.4696910656227971,0.45425988768983655,0.4381907384683738,0.42162699015117455,0.4047080902983392,0.3875672987966562,0.37032983973789035,0.35311147335524995,0.3360174712800328,0.31914198916022896,0.3025677791908585,0.28636621322663813,0.2705975553600513,0.25531144376925347,0.24054751880034037,0.22633617478483786,0.21269936440180276,0.19965145794764597,0.18720009293694426
0.23813070013005452,0.24916494961617333,0.260587211017162,0.27239192108579446,0.28456996318829375,0.2971081642348983,0.3099887612858444,0.32318884379031515,0.33667978115875236,0.3504266483674784,0.36438766596726585,0.3785136751354797,0.39274767272187217,0.40702443554045414,0.4212702672985634,0.4354029049534088,0.44933162363865187,0.4629575796902668,0.47617442853880143,0.4888692531296273,0.5009238263649683,0.5122162195502116,0.5226227562923906,0.5320202901853672,0.5402887629147973,0.5473139750371909,0.5529904823912942,0.5572245084579515,0.5599367473219036,0.561064925593212,0.5605659899819377,0.5584178006211197,0.5546202275395873,0.5491955789152225,0.5421883253645953,0.5336641233524629,0.5237081833605566,0.5124230613383365,0.49992598474980043,0.4863458486153504,0.47182001208319985,0.45649105830543585,0.44050361980359143,0.424001429397126,0.4071246329199988,0.3900074923297817,0.37277646860326735,0.35554873429930756,0.3384310979138008,0.3215193155155211,0.3048977627523628,0.2886394142182497,0.27280608540851864,0.25744888468107935,0.24260883039877057,0.22831757623439625,0.2145982254065064,0.20146616775353124,0.18892994655871392,0.17699209634164703
0.24721566926552083,0.2585706774533409,0.2703093450697149,0.2824232091625088,0.2948998405764775,0.30772231502080866,0.32086865914332807,0.33431127977382585,0.34801638876468954,0.36194343917666344,0.3760445925625195,0.3902642415481817,0.4045386163156496,0.4187955076154362,0.4329541425995755,0.44692525223566165,0.46061137004964364,0.47390740044515556,0.4867014896412439,0.4988762287899173,0.5103102028918296,0.5208798849931389,0.5304618596979586,0.5389353363999995,0.5461848896572307,0.5521033404880287,0.5565946743807848,0.5595768731626108,0.5609845280739,0.5607711023243719,0.5589107178209636,0.5553993620660824,0.5502554361365251,0.5435196024384716,0.53525392853404,0.5255403637882273,0.5144786249336479,0.5021835940307269,0.4887823588976434,0.4744110416856029,0.4592115436172314,0.44332836597802516,0.4269055925019943,0.41008417739120134,0.39299955123277824,0.3757796544860119,0.358543365501397,0.34139935665396604,0.32444534229595756,0.3077676891889013,0.29144134577733444,0.2755300438460953,0.26008671609739775,0.24515408644885703,0.23076538561129786,0.21694514174633067,0.20371003001465415,0.1910697209975024,0.17902773809604858,0.16758227143788587
0.2562250679325593,0.2678861081020666,0.2799243749600534,0.29232828938277955,0.3050818875428744,0.3181642709991164,0.3315490387003347,0.345203711495175,0.3590891645024961,0.37315908627954947,0.3873594879739436,0.4016282901309134,0.41589501914884935,0.43008064887929476,0.44409762577656137,0.4578501172200137,0.4712345219151616,0.4841402775764808,0.4964509932167751,0.5080459272777357,0.5188018132451134,0.5285950179412812,0.5373039997653783,0.5448120089225525,0.5510099486006396,0.5557992944660138,0.5590949545031542,0.5608279379756004,0.5609476995078255,0.5594240325497006,0.5562484012561453,0.5514346279929893,0.5450188848331062,0.5370589793935673,0.5276329627876534,0.5168371272922959,0.5047834949602803,0.4915969193561256,0.4774119419711489,0.4623695518234527,0.4466139679790637,0.430289596326048,0.4135382270456774,0.3964965971893679,0.3792943098244041,0.36205219891080215,0.3448810896007526,0.3278809725909635,0.31114054237007793,0.2947370675148006,0.27873653672910825,0.263194041800734,0.248154332745723,0.23365251135704737,0.21971481475117474,0.2063594457504392,0.19359743665870058,0.1814334929405922,0.16986682897910957,0.15889194988667737
0.2651560474715361,0.2771079740773765,0.289428595913786,0.30210301065916717,0.315111510879544,0.3284290188329587,0.3420245117339554,0.3558604506905542,0.3698922317414992,0.3840676811869165,0.39832662178469463,0.41260054074314867,0.42681239447413816,0.4408765877942639,0.45469916712654285,0.4681782669073157,0.4812048456746166,0.49366374215500086,0.5054350709891813,0.516395968923944,0.5264226793835883,0.5353929450383667,0.543188658219707,0.549698693287192,0.5548218231251657,0.5584696036776206,0.5605690989510915,0.5610653121632988,0.559923193656508,0.5571291114498873,0.5526916931089509,0.5466419812632122,0.5390328807910945,0.5299379193277916,0.5194493781611925,0.5076758877342776,0.49473960803090455,0.4807731283402986,0.4659162325783159,0.4503126750854163,0.4341070741633322,0.4174420612565283,0.40045573341276347,0.38327951118650744,0.36603637654197313,0.3488395588667117,0.3317916066290223,0.3149838499164033,0.29849619404665645,0.28239721164648746,0.26674446792314505,0.2515850482448482,0.2369562180435287,0.22288619015680736,0.20939495155443866,0.19649511315080204,0.18419277168861675,0.17248833680964715,0.16137733666299098,0.1508511623348695
0.27400577238662843,0.2862330384231952,0.2988183572851056,0.3117433073091244,0.3249842433604664,0.33851172282260267,0.3522899322667357,0.36627613078344434,0.3804201315614734,0.3946638471456327,0.40894092817760663,0.42317652946554546,0.4372872407483028,0.4511812211945249,0.4647585772089755,0.4779120209146715,0.49052784168177715,0.5024872142888654,0.513667853817355,0.52394601586832,0.533198814969966,0.5413068145146287,0.5481568207372446,0.5536447881664425,0.5576787244700642,0.5601814687750056,0.561093210977275,0.5603736200216561,0.5580034620015952,0.5539856104528225,0.5483453811860967,0.54113016153392,0.532408342213133,0.5222676027652982,0.510812633516862,0.49816240974259274,0.48444715106572994,0.4698051068257252,0.45437931213697785,0.43831445078560966,0.4217539170390332,0.4048371975473558,0.3876976031747776,0.3704604296378759,0.353241508713638,0.3361461973765059,0.31926873493944014,0.3026919616972548,0.28648733330810605,0.2707151988056296,0.25542527123261716,0.24065726772390836,0.2264416463484969,0.21280042288608775,0.1997480208505726,0.18729212490347713,0.1754345287575004,0.16417193711132974,0.1534967354530751,0.14339769400980265
0.2827714208251649,0.2952580956736882,0.30809006405121814,0.3212452010856431,0.3346957462302616,0.3484077276472434,0.3623403991695546,0.3764457086928768,0.39066782275268885,0.4049427358480752,0.41919799727867757,0.4333525917796397,0.4473170130054048,0.46099356926958945,0.47427695987351887,0.487055156044355,0.49921061304623443,0.5106218285440195,0.5211652461222009,0.5307174888194007,0.5391578797003524,0.5463711864472807,0.5522505059676915,0.5567001818082417,0.5596386312572216,0.561000950498176,0.5607411653301798,0.5588340029623489,0.5552760809267262,0.5500864359192603,0.5433063512090832,0.5349984810101749,0.5252453092338771,0.5141470196066946,0.5018188817351423,0.4883882846587274,0.47399155762184925,0.4587707195563318,0.4428702954577502,0.42643432312044227,0.40960362569810504,0.39251345248352826,0.37529150170890063,0.35805638104085086,0.34091645870117476,0.3239691327719085,0.30730044537949514,0.2909850251839408,0.27508628955670045,0.25965687569571005,0.24473922666462317,0.23036631631887222,0.21656243982706808,0.20334406001110472,0.19072066493942516,0.17869561279486015,0.16726695694058477,0.15642821680355928,0.1461691083854713,0.13647620624818796
0.2914501850550496,0.3041799727947346,0.3172401782518189,0.330604803093127,0.3442418114842719,0.3581125607595696,0.37217125822263963,0.3863644658388078,0.4006306806788055,0.41490002259752146,0.4290940644908336,0.44312584324782683,0.45690009128067666,0.4703137272952424,0.48325664203703933,0.495612808129568,0.507261733094737,0.5180802604987849,0.5279447055413933,0.5367332951447341,0.5443288534758792,0.5506216540841308,0.5555123396602999,0.5589147902606642,0.5607588095701149,0.5609924962128476,0.5595841725061492,0.5565237584788295,0.5518235064858024,0.5455180425317415,0.5376637004714648,0.5283371756542715,0.5176335624368704,0.5056638743895681,0.49255216873193236,0.47843241673134335,0.4634452609825491,0.44773479713466957,0.43144550770043527,0.41471945604117305,0.39769379902597857,0.38049870098705385,0.36325564892060774,0.3460762023635981,0.3290611256200455,0.31229991152314535,0.29587062341138126,0.27984003029363164,0.26426396624128323,0.24918788516031146,0.2346475361600615,0.22066974984045493,0.20727326328279577,0.19446957995173386,0.18226382259841933,0.1706555604366447,0.15963960507541433,0.14920674645866522,0.1393444422246421,0.13003743741940166
0.3000392719401984,0.31299553010503384,0.3262652203726268,0.33981831558723585,0.3536183639393243,0.3676219344348935,0.3817781036426914,0.39602800836514035,0.4103044950460156,0.42453190001142066,0.43862599796084656,0.452494157928044,0.466035746450354,0.47914281465505454,0.4917011009821506,0.5035913722075259,0.514691112815385,0.5248765561098581,0.5340250297482573,0.5420175703447421,0.5487417323249099,0.5540944975820016,0.557985174105761,0.5603381556993273,0.5610954091020809,0.5602185585669593,0.5576904497768083,0.5535160973700066,0.5477229537838586,0.5403604705907709,0.5314989659506568,0.5212278514402205,0.5096533065217284,0.4968955166076046,0.4830856083998778,0.46836242902243735,0.4528693062934853,0.43675091996541343,0.4201503980792945,0.40320672956070597,0.3860525350450348,0.36881225867916784,0.351600769355268,0.3345223841597831,0.31767025951173117,0.3011261425554715,0.2849604121097055,0.26923237723378446,0.25399076604963955,0.23927437819293998,0.2251128271099854,0.2115273680156803,0.19853174167070545,0.18613303512800186,0.17433252054475648,0.16312645794084873,0.15250685771356734,0.14246217929309532,0.13297797869868344,0.1240374865133655
0.3085359034139161,0.3217016621763671,0.3351617706720679,0.348882033657677,0.36282146309500124,0.3769317474776409,0.39115677908578045,0.4054322666035565,0.41968546662552964,0.4338350703490313,0.447791284326948,0.4614561447603827,0.4747241038498211,0.4874829216804562,0.49961488991198205,0.5109984019949336,0.5215098695137464,0.5310259653486619,0.5394261520391613,0.5465954344895616,0.5524272473481591,0.5568263707116095,0.5597117521718511,0.5610191021821301,0.5607031299782707,0.5587392973667102,0.5551249858909844,0.5498800014304513,0.5430463783433002,0.5346874800735586,0.5248864360829062,0.5137439926705486,0.5013758859490942,0.48790986516217083,0.47348250748609433,0.4582359706985553,0.44231481358873237,0.4258630032628874,0.40902120806037023,0.3919244495754144,0.374700140312664,0.35746655043810294,0.3403316829345588,0.32339255132216954,0.30673480570921596,0.29043268506124603,0.2745492295747917,0.2591367157296028,0.24423724970432323,0.2298834948968855,0.216099462121912,0.20290136291513364,0.1902984594389538,0.17829391610972573,0.1668856172515611,0.15606694064570487,0.1458274839073676,0.1361537246943476,0.12702962668958934,0.1184371769576077
0.316937316950156,0.3302952987125754,0.34392647045031444,0.3577923467931894,0.37184730478579964,0.38603808658897854,0.4003033781373157,0.414573493803761,0.42877020297975144,0.44280673655365155,0.45658801289788103,0.4700111221633147,0.48296610502608545,0.4953370548174966,0.5070035624523144,0.5178425095593513,0.527730197771842,0.5365447813504346,0.5441689469761157,0.5504927647605926,0.5554166073937248,0.5588540204005491,0.5607344144612274,0.5610054454249122,0.5596349542827668,0.5566123555514599,0.5519493867197834,0.5456801650435604,0.5378605391772943,0.5285667579998837,0.5178935205677271,0.5059515059930655,0.49286450730220205,0.478766304870351,0.46379742368439414,0.4481019164015817,0.4318242915840963,0.415106693490408,0.39808641564081015,0.3808938041116146,0.36365056306867616,0.34646848782362405,0.3294485977855412,0.31268064711951954,0.2962429611004188,0.2802025634009163,0.26461553414225697,0.24952755709555907,0.23497459578282348,0.22098367661469362,0.20757371099086985,0.19475636056541912,0.18253688318694136,0.17091496772831574,0.15988552540469989,0.14943943085605155,0.13956421087102666,0.13024466586940292,0.121463435170927,0.11320149525037562
0.32524076603258806,0.33877340540681783,0.35255602325994967,0.3665457403281752,0.3806922226250297,0.39493722740025927,0.40921424430185177,0.4234482641578819,0.43755571324523873,0.4514445921025219,0.46501485841586665,0.4781590910753994,0.4907634679710225,0.5027090806043714,0.5138735967439432,0.5241332659943149,0.5333652436617554,0.5414501861078891,0.5482750470728782,0.5537359848419644,0.5577412656772236,0.5602140384232571,0.5610948475407811,0.5603437526891372,0.5579419360307463,0.5538927002394496,0.54822178979116,0.5409770055844227,0.5322271257398187,0.5220601792019957,0.5105811572599687,0.49790927950047204,0.48417494967919666,0.4695165399994495,0.4540771472610751,0.4380014548746938,0.4214328074521581,0.40451059023456465,0.38736797875580836,0.3701300978284489,0.35291259001568503,0.3358206021625604,0.31894815741796817,0.30237787658878085,0.28618100045216827,0.2704176676443646,0.25513739474045466,0.24037971389460275,0.22617491251567473,0.21254485545858492,0.19950382570715516,0.18705939074727632,0.175213236600703,0.1639619800593835,0.1532979300074932,0.14320979398485215,0.13368332866090915,0.12470192296426974,0.11624712393635242,0.10829909765580553
0.333443520621415,0.3471329847767132,0.36104719605764424,0.37513879677069495,0.3893526892418215,0.4036256351778581,0.41788597050691245,0.43205347014873474,0.44603940202786097,0.4597468097595431,0.4730710625563892,0.48590070667454843,0.4981186461694978,0.5096036689163875,0.5202323197164744,0.5298811038183608,0.5384289830281678,0.5457601035402463,0.5517666712375502,0.5563518715546907,0.5594327101439349,0.5609426440951016,0.5608338707668732,0.5590791485663331,0.5556730432619389,0.5506325201451995,0.5439968365437979,0.5358267291306639,0.5262029333404101,0.5152241038977107,0.5030042393634343,0.4896697411712503,0.4753562497842948,0.46020539529122717,0.4443616017537971,0.42796906851734434,0.4111690211251958,0.3940973092860569,0.37688240075282575,0.3596437944299281,0.342490842292968,0.3255219736800799,0.3088242861854506,0.29247345539789604,0.2765339197092316,0.26105928615267404,0.2460929110954044,0.23166860916858206,0.21781144000983807,0.20453855553736935,0.19186004822962233,0.1797798099128604,0.1682963477405434,0.1574035695696566,0.1470915128361297,0.13734701548610592,0.12815432829358114,0.11949566048340335,0.11135166776138977,0.10370187782691431
0.34154286761786334,0.3553710769769777,0.3693968202963,0.3835681970117528,0.3978253173130606,0.41209996520578895,0.4263153981362599,0.44038631925332694,0.45421906246739635,0.46771202932719375,0.4807564143168337,0.4932372490012511,0.5050347867817153,0.5160262359048993,0.5260878320807861,0.5350972217299933,0.5429361045206561,0.5494930605796329,0.554666465434889,0.5583673788189852,0.5605222770227687,0.5610754964784679,0.5599912589410815,0.5572551623014106,0.5528750460465639,0.5468811711669915,0.5393256921357016,0.5302814395998048,0.5198400739127657,0.5081096984527417,0.4952120497403949,0.48127940496754296,0.466451352662398,0.45087155913166344,0.43468466304768366,0.4180334085271559,0.40105609454796753,0.3838844031952428,0.3666416398001299,0.3494413939037902,0.33238660181483004,0.3155689911221368,0.299068869664302,0.2829552018814719,0.2672859339513543,0.2521085068624875,0.23746051854950953,0.22337048738702092,0.20985867186599752,0.19693793127485945,0.18461457260638295,0.17288919489173726,0.16175748246010715,0.1512109604388268,0.14123768968802536,0.13182290171107003,0.12294957342059812,0.11459893643536898,0.10675092906206861,0.09938458838537752
0.34953611132629103,0.3634847605892057,0.3776017929572259,0.3918307214160469,0.40610686039254823,0.4203570628532837,0.43449961560921385,0.4484443300344548,0.4620928685302286,0.4753393444945607,0.48807122944403275,0.5001705927049339,0.5115156882624348,0.5219828870246384,0.5314489345222752,0.5397934922637051,0.5469018979291173,0.5526680567422743,0.5569973558088567,0.5598094787677439,0.5610409867420003,0.5606475343517325,0.5586055978576034,0.5549136122872769,0.5495924444442493,0.5426851625519633,0.5342561037043991,0.5243892810132201,0.5131862111535631,0.5007632683602327,0.48724869221168254,0.47277939622199633,0.45749772237381797,0.4415482666489679,0.425074898756457,0.4082180721381168,0.39111248714801944,0.37388515523390714,0.35665388247353874,0.33952616857029283,0.3225984949519701,0.30595597098737715,0.28967230030194585,0.2738100029342894,0.25842086018003835,0.2435465161763125,0.22921920449059327,0.21546255169608933,0.20229241798349107,0.1897177615818806,0.17774147704940257,0.16636121981729918,0.15557017328266326,0.1453577724155284,0.1357103640085185,0.12661180572979805,0.11804400431274718,0.10998738993401116,0.10242133402398708,0.09532450993796315
0.35742057391384136,0.37147115338846215,0.3856590775219916,0.39992325079456637,0.414194213540106,0.4283939633352307,0.4424359565236413,0.45622532765443874,0.46965936658975466,0.48262828887817183,0.4950163290476892,0.5067031761239309,0.5175657577013393,0.5274803605103484,0.5363250555216095,0.543982372807626,0.5503421482555986,0.5553044424929429,0.5587824143107075,0.5607050196149876,0.5610194011588062,0.5596928420163569,0.5567141697273531,0.5520945234580068,0.5458674308018083,0.5380881767204396,0.5288324890427109,0.5181946040832238,0.5062848109695754,0.4932265947585198,0.47915351227927994,0.46420595061020614,0.4485279094823695,0.4322639227936631,0.4155562315830655,0.39854228948749093,0.3813526489301105,0.36410926184230646,0.34692419987559125,0.32989877901453096,0.3131230566810367,0.2966756608153227,0.28062391335967446,0.26502417865058586,0.24992240903459234,0.2353548182063824,0.22134865732667025,0.2079230462402045,0.19508982492012744,0.18285441370340932,0.17121663718925922,0.16017152493276166,0.1497100499183864,0.1398198190568852,0.13048569858795175,0.12169037785345325,0.11341487214679623,0.10563896372462166,0.09834158736428904,0.0915011615939025
0.36519359586758154,0.37932741308637163,0.3935657048836932,0.40784276725964314,0.42208441375376776,0.43620789117405223,0.45012199738116665,0.4637274388460332,0.47691746635467813,0.4895788213514706,0.5015930175426545,0.5128379698996987,0.5231899681492787,0.5325259716293759,0.5407261811749621,0.5476768203623913,0.5532730358443468,0.5574218065685342,0.5600447367099657,0.5610805997047242,0.5604875008926986,0.5582445389117929,0.5543528654671821,0.5488360734818397,0.5417398811848003,0.5331311165331734,0.5230960486897137,0.5117381497015268,0.4991753998741364,0.48553726776551964,0.4709615018064783,0.4555908831102335,0.43957007416861144,0.423042667050317,0.4061485314193859,0.38902152807522744,0.37178762227397544,0.3545634174963427,0.3374551026727483,0.32055778822417313,0.30395519487711936,0.28771964694682184,0.27191233370484785,0.256583765841849,0.24177440465114505,0.22751539225051276,0.21382936422214127,0.20073129787200442,0.18822936607205593,0.17632578688368408,0.16501762852761723,0.1542975832233276,0.1441546753980713,0.13457491848985362,0.1255419057878153,0.11703733980865598,0.10904150121750152,0.10153365810862526,0.09449242122551944,0.08789604767396138
0.372852536449055,0.387050738050421,0.40131877419745693,0.4155863549632709,0.4297746402085939,0.44379625937220907,0.4575555549139335,0.4709490863762859,0.48386643120551315,0.496191310757296,0.5078030600581839,0.5185784453150523,0.5283938161746536,0.5371275580023455,0.5446627873322796,0.5508902103441908,0.5557110427897359,0.5590398723007172,0.560807332724016,0.5609624570251286,0.5594745814405861,0.556334690961507,0.5515561209091036,0.5451745638863869,0.5372473711839032,0.5278521744867771,0.5170848954153151,0.505057243157896,0.49189382545841454,0.47772901155395603,0.46270368389404654,0.44696202498379606,0.4306484652024785,0.4139048825025438,0.39686814154074207,0.37966802280079054,0.36242556289665695,0.3452518146483561,0.3282470095076119,0.3115000897318155,0.29508857139104683,0.2790786837360953,0.2635257502870223,0.2484747366860177,0.23396094796074632,0.22001080253522926,0.20664267014052148,0.1938677281497303,0.18169081083916191,0.1701112432544523,0.15912362375722222,0.14871856887581794,0.13888339025525837,0.12960271767950016,0.12085905597194442,0.11263328107670997,0.104905076573043,0.09765331289664328,0.0908563741036545,0.08449243591849881
0.3803947741461914,0.3946383679992154,0.40891545367009696,0.42315120071971596,0.4372622143060229,0.4511566683050938,0.46473468303294263,0.4778889830396586,0.49050586799942747,0.5024665200957159,0.5136486594467382,0.5239285425345811,0.5331832798732166,0.5412934262498036,0.5481457743207022,0.5536362596633616,0.5576728657494215,0.5601784028681883,0.5610930278853475,0.5603763733666887,0.5580091666818515,0.5539942415757789,0.548356874099157,0.5411444125179051,0.5324252117990252,0.5222869190028404,0.5108341959823,0.49818599403079566,0.4844725143379065,0.46983199745599563,0.45440747554931227,0.4383436280561616,0.42178385602121254,0.4048676526456626,0.3877283444938289,0.3704912393096382,0.35327218965770196,0.33617657008002455,0.3192986414257516,0.3027212632984415,0.2865159139237496,0.2707429582899053,0.25545213205417583,0.24068316560798975,0.2264665355894608,0.21282427123269623,0.19977080788647603,0.1873138439027291,0.17545517960000528,0.16419153131556208,0.15351528890427626,0.1434152301772217,0.13387716611847705,0.1248845304254422,0.11641890334222044,0.1084604756981818,0.10098845459813001,0.09398141425723884,0.08741759613404364,0.08127516308037316
0.3878177071225047,0.4020875846734491,0.4163529812889233,0.4305345945136344,0.4445445995380198,0.4582869043445751,0.4716576694185348,0.48454612521702206,0.49683571640297547,0.5084055902770297,0.5191324330187055,0.5288926389131727,0.537564777533302,0.5450323001890984,0.5511864044712685,0.5559289542437892,0.559175335207741,0.5608571153156768,0.5609243766720056,0.5593475922273217,0.556118938349152,0.5512529602784181,0.5447865410057263,0.5367781640287799,0.5273065015652407,0.516468393620317,0.5043763208926743,0.4911554976677682,0.4769407240549483,0.46187314250139005,0.4460970268109541,0.42975673649538365,0.4129939398481681,0.39594516971544125,0.3787397732710489,0.3614982779558484,0.3443311720254285,0.3273380877236362,0.3106073532887345,0.29421586967688673,0.27822927045328133,0.26270230237254755,0.2476793965297824,0.23319535493658225,0.21927614402206386,0.20593972337353414,0.19319690662459896,0.1810522126399586,0.16950468955252262,0.15854870586472414,0.14817468099857,0.13836976847600463,0.12911846934158117,0.1204031888144516,0.11220472810810331,0.1045027177763209,0.09727599418357971,0.09050292360258223,0.08416167747027198,0.07823046431588132
0.3951187536635145,0.40939571248237516,0.4236286654897829,0.4377339298951012,0.45161940117061056,0.4651849382238989,0.47832303177403723,0.4909197860372501,0.502856237811404,0.514010023526797,0.524257389122731,0.533475517525953,0.5415451271372812,0.5483532707731931,0.5537962426209194,0.5577824810880744,0.5602353411620289,0.5610956030987225,0.5603235863545387,0.55790074951864,0.5538306800385451,0.5481394069965018,0.5408750071316474,0.5321065153899118,0.5219221915327262,0.5104272254991268,0.4977409985618839,0.4839940350179908,0.4693247863220055,0.45387639169272087,0.43779353581385916,0.42121952695876197,0.404293686229293,0.38714909845640066,0.3699107731902072,0.35269422516187154,0.33560446314501774,0.31873536679906395,0.30216941164300476,0.285977694251714,0.27022021604872254,0.25494636108120733,0.24019554019058192,0.22599792781770756,0.21237528669670844,0.19934181040169494,0.1869049846324405,0.17506642754026486,0.1638226951428559,0.15316604711157542,0.14308514906955078,0.13356572413339862,0.12459113480516874,0.11614290755111825,0.1082011937867437,0.10074517393665444,0.09375340628355573,0.08720412593511664,0.08107549687659138,0.07534582325844572
0.402295352620333,0.41656011912558916,0.43073988576450317,0.4447467042631438,0.4584843657517003,0.47184892315506316,0.4847295137639288,0.497009508178057,0.5085680039120406,0.5192816665264077,0.5290269036842645,0.537682336060084,0.5451315068590781,0.5512657479318668,0.5559870997188756,0.5592111649390791,0.5608697651419041,0.5609132668494432,0.5593124509595707,0.5560598161018406,0.5511702343553324,0.5446809101470059,0.5366506327140529,0.5271583537275987,0.5163011601389789,0.5041917401899271,0.4909554710153279,0.4767272683015996,0.46164833973743463,0.4458629830360465,0.42951553989848734,0.41274761843823443,0.39569566161669095,0.3784888992516493,0.36124771961571284,0.3440824583828925,0.32709258559339016,0.310366263000202,0.29398022718067746,0.2779999478456309,0.26248002027911876,0.24746472620497717,0.23298873808140658,0.2190778951963679,0.20575005010940234,0.1930159176424284,0.18087993071031927,0.1693410655873056,0.15839362579936825,0.1480279808812699,0.1382312396112089,0.1289878699057386,0.12028024969607021,0.11208916041100837,0.1043942183880842,0.09717425107847916,0.09040761984597284,0.08407249535490402,0.0781470880072229,0.07260984007603181
0.4093449638503479,0.42357821618995783,0.4376840932079841,0.4515705190395394,0.4651373804483447,0.47827719271010194,0.4908760806580962,0.5028150963424405,0.5139718849478218,0.5242226933690194,0.5334446968075155,0.5415185961959014,0.5483314166970971,0.5537794144460675,0.557770979626854,0.5602294095400661,0.5610954184183042,0.5603292530079097,0.5579122947138878,0.5538480511755319,0.5481624718346164,0.5409035567651789,0.5321402693930132,0.5219608040802551,0.5104702954098574,0.49778808011832454,0.4840446487697922,0.469378430610825,0.45393255071504773,0.43785169490420145,0.42127918332553,0.40435435344123477,0.3872103167409423,0.3699721144264357,0.3527552963101923,0.33566491029802287,0.3187948760961383,0.3022277094563987,0.2860345487569746,0.27027543168981333,0.254999782056085,0.24024704077918577,0.22604741871175807,0.21242270233602384,0.19938711374256607,0.18694815979472731,0.17510747763459117,0.16386164151241303,0.1532029229322229,0.14312000120068077,0.1335986071883931,0.12462211186455713,0.11617204686483595,0.10822856797060106,0.10077085825462054,0.09377747786259327,0.08722666229136704,0.08109657568635446,0.07536552116271544,0.07001211517737817
0.41626506865494506,0.4304474597215549,0.4444588110052683,0.4582030797348064,0.47157647221890864,0.4844682584780128,0.4967619147038812,0.5083366094466728,0.5190690377353561,0.52883558840675,0.5375148095384263,0.5449901135919939,0.5511526413621086,0.5559041819582683,0.5591600291664949,0.560851643453154,0.5609289862146212,0.5593623999251488,0.5561439243114848,0.5512879655478559,0.5448312703333095,0.5368321930410186,0.5273692864285334,0.5165392849533038,0.5044545822926632,0.49124032467122203,0.47703126305294186,0.4619685080481432,0.4461963218597596,0.4298590757390089,0.413098462481245,0.3960510523257464,0.37884624352372914,0.36160462135605725,0.34443673882545917,0.3274422972773727,0.3107096947318114,0.2943159032931783,0.2783266249086409,0.2627966724520016,0.2477705375993597,0.23328308018771027,0.21936031914347312,0.20602025926113215,0.1932737576256617,0.18112536764828885,0.16957417023763738,0.15861455952113127,0.14823697759067525,0.13842859611091143,0.12917393052303966,0.12045539773613144,0.11225380723739874,0.10454879573670658,0.09731920337630728,0.09054339850272541,0.08419955290097406,0.07826587442114784,0.0727207985951743,0.06754314654874699
0.4230531702142009,0.4371653507724799,0.4510616348589875,0.46464219590846556,0.4777998068257643,0.4904208075092787,0.5023864102476311,0.5135743525551666,0.5238608934900084,0.5331231290608313,0.5412415808785257,0.5481029885760925,0.5536032145206184,0.5576501491956578,0.5601664914347844,0.561092270358997,0.5603869776960937,0.5580311910160073,0.5540275893372548,0.5484012938484555,0.541199503659284,0.5324904337576419,0.5223616047406723,0.5109175698170437,0.49827719325792735,0.4845706101602693,0.4699360139331908,0.45451641342838506,0.4384564874115829,0.4218996564208796,0.40498544967913785,0.38784724269770593,0.3706104042198885,0.35339085578309853,0.33629404695180665,0.3194143166286184,0.30283460346531915,0.2866264628190112,0.2708503379346737,0.25555603227847834,0.24078334625292386,0.22656281420948166,0.21291652425366192,0.19985895863697695,0.1873978605354286,0.17553506850896042,0.16426733007496946,0.15358706425433502,0.14348306974463934,0.13394117722181775,0.1249448341643183,0.11647563239543832,0.10851377069099298,0.10103846180475785,0.09402828307225723,0.08746147755544238,0.08131620765001348,0.07557076838952219,0.07020376168225988,0.06519423897696645
0.429706794018491,0.4437294359224752,0.4574902333576754,0.4708857810258153,0.48380568769440646,0.49613369956012693,0.5077491686274035,0.5185288685968233,0.5283491455084401,0.5370883686620967,0.5446296251317683,0.550863577631236,0.5556913844762027,0.5590275624589746,0.5608026623792011,0.5609656237292419,0.5594856814850241,0.5563537145218389,0.5515829501829601,0.5452089747693729,0.5372890382799561,0.5279006792547777,0.5171397372358112,0.5051178529396801,0.4919595806063105,0.4777992482751764,0.4627777132867715,0.4470391509162092,0.4307279956849102,0.413986145869307,0.3969504968020927,0.37975086579924183,0.36250833536613536,0.3453340084992569,0.32832816985997226,0.3115798166179007,0.29516651823661216,0.2791545596644736,0.2635993148404166,0.24854579801180626,0.2340293580763509,0.22007645361703893,0.20670549340371547,0.19392768389933504,0.18174789120659218,0.1701654622542023,0.15917501815738952,0.14876719203490663,0.13892930983960775,0.12964601328680145,0.12089981568522527,0.112671600158554,0.10494105477780269,0.09768705320629936,0.09088798101241694,0.08452201452846805,0.07856735418426193,0.07300241976472967,0.06780600850715918,0.06295742365106842
0.43622348829694685,0.45013730777526145,0.46374234828548744,0.4769318522135751,0.4895925546250219,0.5016059641487742,0.5128499928583008,0.5232009298965836,0.5325357367567931,0.5407346193847038,0.5476838096587154,0.5532784657546261,0.5574255813542385,0.5600467784078154,0.5610808505986925,0.5604859257370952,0.5582411264276791,0.5543476294330592,0.5488290528019683,0.5417311384654184,0.5331207370340009,0.5230841386691137,0.5117248340609298,0.4991608181747176,0.4855215691838378,0.4709448419315802,0.4555734218257514,0.4395519712483663,0.42302407866374214,0.40612961060282454,0.3890024201045027,0.3717684617865813,0.3545443289701586,0.33743619828802585,0.32053916720115405,0.30393694279260475,0.287701838281654,0.27189502958896083,0.25656701879427046,0.24175825307542095,0.22749986646690099,0.21381448428595978,0.20071707713209888,0.1882158098821384,0.17631289441772446,0.16500539449855625,0.15428599685286204,0.1441437231470356,0.1345645830384146,0.12553216790622615,0.11702817823992655,0.10903289346612573,0.10152558067975366,0.09448485015152101,0.08788895863765553,0.08171606724661644,0.07594445578575107,0.07055270117655611,0.0655198205713492,0.060825386838666354
0.44260082444270477,0.4563866054295534,0.46981579487396147,0.4827785299169081,0.4951589823627301,0.5068367974360065,0.5176888821316754,0.5275915295549247,0.5364228474103648,0.5440654353314568,0.5504092331047757,0.5553544397550267,0.5588143858395542,0.5607182291533481,0.5610133403143097,0.5596672502499089,0.5566690473232416,0.5520301371188464,0.5457843096672528,0.5379871002917155,0.5287144688535707,0.5180608583283253,0.5061367315952879,0.4930657095279775,0.47898144844393287,0.46402439766808784,0.4483385796567945,0.43206851741136376,0.4153564090884916,0.39833963909617676,0.38114866752148474,0.3639053357315593,0.34672159321164603,0.3296986237664289,0.3129263490834221,0.2964832637092845,0.28043655587643407,0.26484246513927395,0.24974682418916633,0.23518573495079104,0.2211863485108376,0.2077676912399975,0.19494152598986186,0.18271319773723715,0.17108247341452043,0.1600443280026555,0.14958969177432013,0.1397061356648948,0.13037849638966872,0.12158944134798215,0.11331996824647207,0.10554984752665321,0.09825800579502654,0.09142285742601167,0.08502258612128878,0.07903538302563701,0.07343964330653988,0.0682141288606993,0.06333809753184716,0.05879140650856471
0.44883639743487985,0.4624750149247208,0.47570846199649885,0.48842403746042856,0.5005036790328254,0.5118255589424474,0.5222660261491134,0.5317018727069491,0.5400128823881508,0.5470845958245107,0.5528112041617292,0.5570984625435144,0.5598664995017438,0.5610523896514962,0.5606123574342208,0.5585234897306776,0.5547848553151765,0.5494179582145715,0.5424664863208757,0.5339953601071958,0.5240891235884443,0.5128497542956475,0.5003940041441997,0.48685040251486644,0.4723560630003755,0.45705343395924625,0.4410871300422584,0.4246009608184514,0.40773524549712925,0.3906244918379357,0.3733954698243014,0.35616570609221687,0.3390423947559807,0.3221216965139903,0.3054883975213846,0.2892158787883611,0.27336634926681364,0.25799129288532646,0.243132077926213,0.22882068069722153,0.21508049529934734,0.2019271746177003,0.189369493232173,0.1774101855752789,0.16604676981303182,0.15527231318779325,0.14507615424729836,0.13544456117378897,0.12636132903590758,0.11780831639113837,0.10976591791771806,0.10221348048347233,0.09512966238492064,0.08849274225769131,0.08228088009650221,0.07647233680641588,0.07104565416864117,0.06597980290352969,0.06125429899782594,0.05684929592194998
0.454927826257212,0.4684002696611043,0.48141831230633153,0.4938667005159303,0.5056254844474832,0.5165717681148745,0.5265817993117197,0.5355333676915321,0.5433084589231029,0.5497960889506737,0.5548952209144812,0.5585176484619454,0.5605907167293137,0.5610597473738236,0.5598900386217369,0.557068325862358,0.5526036126401849,0.5465273143258902,0.5388926929311835,0.529773606426166,0.5192626311062745,0.5074686481754465,0.494514017441976,0.48053147548373365,0.465660900993564,0.45004608498951676,0.43383163619867704,0.4171601281629453,0.40016956577170304,0.3829912380232338,0.3657479769272701,0.34855283729463005,0.331508184608707,0.31470515763957846,0.2982234716614274,0.28213151067630565,0.2664866611720339,0.25133583756228695,0.23671614913399242,0.22265566256460403,0.20917423405957958,0.19628435918536385,0.1839920327493204,0.1722975759630998,0.16119644187142113,0.1506799584054204,0.14073602478027625,0.13134974259655297,0.12250398548304908,0.11417990804342143,0.10635739234128921,0.09901543867722679,0.09213250174393997,0.08568677802698554,0.07965644745067742,0.07401987549472348,0.06875577763411557,0.0638433537580414,0.059262392545596496,0.054993353344232096
0.4608727543133208,0.4741601507949982,0.48694338231878576,0.4991049464796592,0.5105233682904601,0.5210751007538673,0.5306367547847525,0.5390876171597314,0.546312394206348,0.5522040954059773,0.5566669508179511,0.5596192396836661,0.5609958982814359,0.5607507742194485,0.5588584032616994,0.5553152036995671,0.5501400114289099,0.543373914120883,0.5350793803051211,0.5253387247544172,0.5142519839234011,0.5019343053966332,0.48851298320059,0.4741242802273117,0.4589101797457624,0.44301519958191937,0.42658339109842375,0.40975561922477965,0.39266718979861714,0.3754458798219657,0.35821038059965943,0.34106915795679177,0.324119709269652,0.3074481797146625,0.2911292988176467,0.275226584193458,0.259792764922655,0.24487037510811402,0.23049246919413066,0.2166834154139382,0.2034597436317989,0.19083099872464654,0.17880059335247606,0.16736662117705725,0.15652264181727948,0.1462584004448119,0.13656049782963378,0.12741299424102578,0.11879795188793985,0.11069591694827498,0.1030863408015285,0.09594794659185929,0.0892590433934139,0.08299779324896947,0.07714243455866432,0.0716714678353897,0.06656380564317724,0.061798894308546966,0.05735680721856988,0.053218317141237745
0.4666688498385066,0.47975248760834954,0.492281782438727,0.5041373037620506,0.5151964281864004,0.5253353853149823,0.5344316184571544,0.5423664091503398,0.549027693140995,0.5543129726797281,0.5581322113422613,0.5604105837118238,0.5610909464548839,0.5601359006192866,0.5575293282098975,0.5532773091460962,0.5474083562550786,0.5399729433973475,0.5310423398363426,0.5207068095005924,0.5090732626975321,0.4962624752894023,0.4824060140573408,0.46764301133248387,0.4521169283117543,0.4359724350975119,0.41935252034326204,0.40239591597964525,0.38523489188383886,0.36799346514915077,0.3507860247722,0.3337163661707853,0.3168771087829111,0.3003494557960769,0.2842032531127706,0.2684972936782012,0.2532798200091467,0.2385891762932429,0.22445456365291744,0.21089685737899624,0.19792946455838276,0.1855591763795306,0.17378701031157628,0.16260900692215474,0.15201699275777406,0.14199927563254808,0.13254128805119791,0.12362616411294368,0.11523525527596318,0.10734858627691475,0.09994525203812206,0.0930037610934826,0.08650232883731343,0.08041912530908882,0.07473248139207332,0.0694210592247702,0.06446398860102934,0.059840976850516786,0.05553239187196414,0.051519325619477065
0.4723138063080456,0.4851751578532313,0.49743169693411354,0.5089624009929293,0.5196438876613922,0.5293525990955016,0.5379672828149284,0.5453717081590768,0.551457536238505,0.5561272396138767,0.5592969513179494,0.5608991119921294,0.5608847818536906,0.5592254917736579,0.5559145252018973,0.5509675495534285,0.5444225501352755,0.5363390587305791,0.5267967069043238,0.5158931789068338,0.5037416639863935,0.4904679323614526,0.47620717837926446,0.4611007738303656,0.4452930666419371,0.4289283462218003,0.41214807825801997,0.3950884834103071,0.37787850357793157,0.36063818983650064,0.34347750455669795,0.3264955231454702,0.3097800031251882,0.29340727707325626,0.2774424233027072,0.2619396603029018,0.2469429185705442,0.2324865423889285,0.2185960773524165,0.20528910496656527,0.19257610483027102,0.18046130184720252,0.16894349486551863,0.1580168350745085,0.14767156557335032,0.13789469177665897,0.1286705981546074,0.11998159848660436,0.1118084255707974,0.10413066189108545,0.09692711314444334,0.0901761295957246,0.08385587945687942,0.07794457848364901,0.07242068000086369,0.06726303093231115,0.06245099556715932,0.05796455442955965,0.05378437780283735,0.049891881053023814
0.47780534284191517,0.4904260880711842,0.502391383856656,0.5135789661452494,0.5238650940014525,0.5331268643186399,0.5412448007467112,0.5481056462265036,0.5536052676879776,0.5576515613692999,0.5601672330068462,0.5610923196490996,0.5603863217401701,0.5580298259557016,0.5540255207915268,0.5483985372346685,0.5411960836894925,0.5324863843270324,0.5223569672747002,0.5109123924943781,0.49827152974467376,0.48456451826251895,0.4699295544748158,0.4545096488053026,0.4384494811676144,0.4218924686346282,0.40497813741257555,0.38783986245193275,0.37060300756483244,0.3533834900667246,0.33628675502221533,0.3194071364008014,0.30282756823128626,0.28661960050378354,0.2708436711711187,0.2555495807305336,0.24077712413889904,0.22655683410656555,0.2129107939059515,0.19985348359501087,0.1873926421538457,0.17553010613305545,0.16426262228099683,0.1535826058825723,0.14347885609571262,0.13393720113018315,0.12494108841972633,0.11647210868854357,0.10851046029962692,0.10103535556004364,0.09402537182124218,0.08745875181063463,0.08131365815722377,0.07556838582207624,0.07020153691695596,0.06519216326158181,0.06051987836506876,0.05616494605118973,0.052108345175978545,0.04833181741084298
0.48314120460589505,0.495503253887527,0.5071591749106175,0.5179858255805057,0.5278595160156102,0.5366584441268746,0.5442653792992131,0.5505705140682875,0.5554743836260787,0.5588907348264838,0.5607492149185165,0.5609977463476592,0.5596044599381418,0.5565590748059913,0.5518736386850881,0.5455825756896785,0.5377420271825258,0.528428511730595,0.5177369660859896,0.5057782705693019,0.49267637809507364,0.4785651840009537,0.46358528384528813,0.4478807567044003,0.4315960966953602,0.41487339762399644,0.39784987182417936,0.38065575552127656,0.3634126232563788,0.3462321258881161,0.3292151306952198,0.3124512335986474,0.2960186028227005,0.2799841076465262,0.264403681709781,0.2493228683002848,0.23477750377064927,0.22079449485734515,0.20739265046649025,0.19458353440532297,0.18237232344975615,0.17075863445508727,0.15973731891945764,0.1492991999645842,0.1394317627919362,0.1301197744886804,0.12134584789190375,0.11309094002365286,0.10533479182654856,0.09805631101842086,0.09123390171653098,0.0848457447699366,0.07887003441369073,0.07328517451003759,0.06806993907770797,0.06320360223399889,0.05866603918688495,0.05443780533208554,0.05050019281693559,0.04683527136004357
0.4883191632089817,0.5004046802807645,0.5117334752708427,0.5221819030190071,0.5316267417102493,0.5399477384958332,0.5470303733995059,0.5527687522699735,0.557068520632769,0.559849674444152,0.5610491353868047,0.5606229582755092,0.558548048252432,0.5548232855381255,0.5494699843349204,0.5425316483404113,0.5340730251777588,0.5241785020502935,0.5129499190421933,0.5005039153806177,0.48696893496782256,0.4724820320434184,0.4571856231802061,0.4412243181598774,0.4247419445606838,0.4078788617540403,0.39076963412263577,0.37354110508626287,0.3563108847145272,0.33918625657898094,0.3222634766757554,0.3056274279945116,0.28935158708324304,0.2734982557625536,0.25811900614946304,0.24325528777270092,0.22893915453665795,0.2151940692252806,0.2020357485872604,0.18947301804009273,0.17750866216953,0.1661402377721525,0.1553608486768054,0.14515986036129774,0.13552356511450286,0.12643577649001214,0.11787836724169978,0.10983174275590742,0.10227525696228476,0.09518757265831097,0.0885469705991342,0.0823316108265798,0.07651975239814694,0.07108993437082525,0.06602112291020396,0.061292829425332714,0.056885201316928286,0.05277909221510285,0.04895611099616519,0.045398656173755894
0.49333701709706546,0.505128441827245,0.5161127633511555,0.5261662184382495,0.5351664758813395,0.542995280079907,0.5495412795604088,0.5547029425669426,0.5583914444754633,0.5605333985956217,0.5610732969160346,0.5599755312358519,0.5572258793629608,0.5528323649707683,0.5468254316550107,0.5392574095801342,0.5302012935474802,0.51974889040068,0.5080084254641235,0.4951017335671481,0.4811611662566803,0.4663263579889419,0.4507409948634809,0.4345497121963418,0.41789522704278803,0.4009157917353547,0.3837430269806075,0.36650016573054356,0.34930071149749276,0.3322475085815158,0.31543219218858054,0.2989349764006585,0.2828247341143602,0.26715932212953847,0.25198609877281664,0.23734258452747567,0.2232572252053427,0.20975021741330757,0.1968343618478781,0.1845159159697631,0.17279543391163826,0.16166856331962276,0.15112679908361018,0.14115817484040846,0.1317479026284495,0.12287894214959807,0.11453251325221096,0.10668854504503886,0.09932606879804176,0.09242355665797329,0.08595921113054801,0.07991120837068227,0.0742579018953391,0.06897798919716704,0.06405064625587198,0.0594556346265142,0.05517338264185754,0.0511850474152426,0.047472556874067554,0.04401863821839679
0.4981925919428084,0.5096726629212284,0.5202955905242921,0.5299378869026544,0.5384785376311223,0.5458017300004594,0.5517997295844684,0.5563757992287524,0.5594470391217925,0.5609470163990822,0.5608280513018081,0.5590630348348817,0.5556466711468757,0.5505960652984924,0.543950611721775,0.5357711779462111,0.5261386185973399,0.5151516922685754,0.5029244828843893,0.48958345957093136,0.47526431018830834,0.46010869156207324,0.44426103581123055,0.42786553174523817,0.41106337808356985,0.3939903846739302,0.3767749691223588,0.3595365701590163,0.34238447299649943,0.3254170366743321,0.3087212873182461,0.2923728304640593,0.27643603500181774,0.2609644424042127,0.24600134832345105,0.2315805089873888,0.21772693383504546,0.20445772630840728,0.191782940812737,0.17970642984826868,0.16822667073228265,0.15733754446141582,0.14702906729123458,0.13728805859910545,0.12809875498886567,0.11944335463785491,0.1113025048813459,0.10365572773447815,0.09648179061408213,0.08975902436002692,0.08346559401693156,0.07757972501681928,0.07207989174703762,0.06694497063702216,0.062154362849323394,0.057688091036959155,0.05352687165331182,0.049652169303116264,0.04604623231649167,0.04269211573499537
0.5028837410316711,0.5140355179705565,0.5242805807945952,0.5334961173279763,0.5415628578157612,0.5483678735871959,0.5538074842812564,0.5577901605655817,0.5602392960387496,0.5610957150546121,0.5603197855271245,0.5578930177438903,0.5538190523782167,0.548123971511741,0.5408559033246771,0.5320839312330498,0.5218963580765044,0.5103984115419475,0.49770950290153926,0.48396017973320865,0.46928890964609626,0.4538388367170683,0.4377546445086821,0.42117963643035994,0.40425312038664324,0.38710816389482705,0.3698697562283779,0.3526533895767664,0.3355640467979406,0.3186955790030025,0.3021304336108868,0.28593968198234465,0.2701832982342137,0.2549106437685716,0.2401611047222756,0.22596483693792963,0.21234358189000316,0.19931151771474326,0.18687611579841285,0.17503897929880177,0.16379665447456984,0.15314139010619535,0.14306184611890413,0.13354373747142748,0.12457042281255562,0.11612342428686366,0.10818289083574345,0.10072800088342973,0.0937373117184467,0.08718905772325568,0.08106140333981238,0.0753326530409908,0.06998142558689323,0.06498679438519966,0.06032839909599288,0.05598653273102005,0.05194220568258292,0.04817719296678859,0.044674063824986135,0.04141619966391058
0.5074083456440273,0.5182152315681257,0.5280664304247098,0.5368402111836929,0.5444194764303734,0.5506946160829133,0.5555664272119208,0.5589489805730444,0.5607723037937041,0.5609847476975688,0.5595549084306846,0.5564729940118541,0.5517515497514238,0.54542549037513,0.5375514252339019,0.5282063033695557,0.5174854438593335,0.5055000499582909,0.49237432803778636,0.47824235682438326,0.4632448442293301,0.44752591068650754,0.43123002615327655,0.41449920262259693,0.39747051899742136,0.3802740345498556,0.36303111705205215,0.3458531888568718,0.3288408715726665,0.3120835065396192,0.2956590091633923,0.279634002907462,0.2640641841316169,0.24899487350769559,0.2344617017117307,0.22049138632187038,0.20710256540673364,0.19430665422113735,0.1821086978507899,0.17050819846231494,0.15949990938037248,0.14907457388544437,0.1392196102959933,0.12991973171559776,0.12115750946499311,0.1129138687989043,0.1051685285862529,0.09790038193604127,0.0910878250774443,0.08470903668365896,0.07874221388011662,0.0731657668654549,0.06795847965188355,0.0630996384580471,0.05856913292042471,0.05434753416684067,0.05041615113641458,0.046757071222946894,0.043353184356283374,0.04018819629235017
0.5117643154333175,0.5222100786393908,0.5316519075175739,0.5399695611367077,0.5470485399377657,0.5527829783215035,0.5570785584741326,0.5598553207301993,0.5610502379705542,0.5606194217750069,0.5585398381407667,0.5548104304009507,0.5494525761725546,0.5425098408730766,0.5340470300556294,0.5241485828937231,0.512916386098703,0.5004671177507158,0.48692924937188886,0.4724398547916772,0.45714136186417487,0.4411783818439226,0.4246947358447388,0.40783077078992963,0.39072103148430315,0.3734923352261986,0.35626226505911296,0.33913807689308156,0.3222159949607861,0.30558086749599794,0.2893061387628907,0.2734540806197629,0.25807623486896675,0.2432140235893415,0.22889947596930324,0.2151560310097592,0.2019993836624194,0.18943834309881213,0.17747567826843616,0.16610893158438567,0.15533119420004365,0.1451318232501005,0.13549710300097442,0.1264108404316356,0.11785490376643526,0.1098096946193044,0.1022545647511558,0.09516817542267512,0.08852880660667596,0.0823146182719051,0.07650387026540419,0.0710751024079457,0.06600728247706143,0.06127992335126036,0.056873174481344727,0.052767891532209184,0.048945685529003295,0.04538895737466349,0.04208091683187866,0.03900559153029441
0.5159495888001833,0.5260183845661368,0.5350358515550162,0.5428836496397013,0.5494502985470863,0.5546340923887153,0.5583459885397651,0.5605123419641785,0.5610773514121717,0.5600050879490209,0.5572809902649297,0.5529127347145563,0.5469304202603081,0.539386046032231,0.530352299549487,0.51992071286568,0.5081992786652916,0.4953096452899379,0.4813840247440952,0.4665619635377061,0.45098710981464485,0.4348041062813939,0.41815571979113225,0.40118029019097096,0.38400955485477833,0.3667668857761271,0.34956594589194206,0.33250975251238235,0.31569011688729304,0.29918742717105995,0.2830707295859667,0.26739804899436226,0.2522169006128407,0.2375649517465887,0.22347078316232544,0.2099547119793815,0.19702964573218562,0.1847019385653073,0.1729722269544979,0.16183622786835455,0.1512854939744159,0.14130810860890097,0.1318893227720452,0.12301212663998987,0.1146577636079676,0.10680617942895945,0.09943641677165625,0.09252695409150799,0.08605599599882614,0.08000171734549649,0.07434246778442934,0.06905693812860854,0.06412429629917023,0.05952429390129102,0.0552373485712479,0.05124460574440832,0.0475279811281781,0.04407018953611712,0.040854759161634446,0.03786603664326431
0.5199621332625279,0.5296385252867746,0.5382171728942988,0.5455820474674511,0.5516251034484718,0.5562491972747918,0.5593709321568404,0.5609232967934792,0.5608579647982875,0.5591471295283452,0.5557847668230221,0.550787245084871,0.5441932369977928,0.5360629260313342,0.5264765412873063,0.5155322920694612,0.503343805701112,0.49003719553940206,0.47574789735361145,0.4606174235699548,0.4447901649698269,0.4284103630301858,0.4116193545234996,0.39455316097797405,0.37734046934976945,0.3601010315877558,0.3429444809499731,0.32596954630077224,0.30926362871176855,0.29290270367157223,0.27695150291791987,0.2614639157266015,0.24648356223133197,0.2320444995041587,0.2181720113554446,0.2048834462784356,0.1921890752666334,0.180092942699391,0.1685936898336216,0.15768533578277763,0.14735801162986983,0.13759863260422023,0.1283915108432862,0.11971890303673388,0.11156150045864842,0.10389885570739951,0.09670975580432127,0.08997254137291263,0.08366537897224324,0.07776648880476834,0.07225433472647008,0.06710777762335335,0.06230620001171627,0.05782960268912181,0.053658678537434015,0.04977486694084705,0.04616039005384006,0.042798276364854844,0.039672370625476565,0.03676733529026369
0.5237999458214522,0.5330689273734427,0.5411948522239795,0.5480644122044456,0.5535734040096457,0.5576296345277182,0.5601557023264806,0.561091521660637,0.5603964575660572,0.558050952427195,0.5540575459085205,0.5484412201853632,0.5412490394753459,0.5325490925108017,0.5224287865372645,0.5109925773627979,0.4983592491290872,0.4846588771587072,0.47002961459068937,0.4546144503851986,0.43855806330829494,0.42200388787562454,0.4050914841310505,0.387954273788663,0.37071767926531246,0.35349768451367863,0.33639980736479985,0.3195184586734081,0.30293664858435276,0.28672599990655945,0.2709470223071921,0.25564958633366175,0.24087355098416846,0.22664950753535015,0.21299959212909383,0.19993833409366205,0.18747351377324542,0.17560700524823694,0.16433558553171718,0.15365169697784736,0.1435441594993672,0.13399881959883972,0.12499913894325045,0.11652671842902067,0.10856176473784349,0.10108349531456179,0.09407049075634967,0.08750099508373901,0.08135317083198998,0.07560531117203068,0.0702360161152096,0.06522433362639492,0.060549873529467856,0.05619289484154511,0.05213437157849603,0.04835604031481625,0.04484043068453822,0.041570884060019776,0.03853155947495258,0.0357074317326719
0.5274610533230105,0.5363080680861965,0.5439679399804729,0.5503304866870843,0.5552957449402638,0.5587768439154024,0.5607027043648052,0.5610204294637019,0.5596972591787536,0.5567219756481859,0.55210567206109,0.5458818303317039,0.5381056916645915,0.5288529439964874,0.518217789262793,0.5063104870432938,0.4932544969735952,0.47918335810744817,0.4642374469654266,0.44856075847463667,0.43229782846238357,0.415590905737209,0.3985774555447184,0.38138804691642575,0.3641446509537193,0.34695936066927524,0.3299335146350903,0.3131571944985033,0.29670905335076847,0.28065643221976966,0.26505571852901233,0.24995288520467415,0.23538416555350833,0.22137682868937072,0.20795000972106328,0.1951155642055836,0.18287892264433123,0.17123992253108467,0.16019360148378053,0.1497309399375878,0.13983955085939753,0.13050430542897684,0.12170789757945907,0.1134313448455201,0.1056544320219639,0.09835609503828474,0.09151475339171028,0.08510859228367368,0.07911580124258227,0.07351477142282051,0.06828425871829459,0.0634035132974596,0.05885238343416825,0.054611394099718255,0.050661805285467224,0.04698565316620831,0.04356577524370818,0.04038582450057626,0.037430271631903905,0.034684400095076
0.5309435128157363,0.5393544754045958,0.5465355557267239,0.5523800974037396,0.5567927634296562,0.5596923591047152,0.5610144300589336,0.5607135022946997,0.5587648407463474,0.555165622284217,0.5499354473314214,0.5431161494337104,0.5347709021641998,0.5249826623546014,0.5138520261311005,0.5014946051082834,0.48803805235941944,0.4736188796173346,0.4583792070135249,0.4424635848547942,0.426015999323826,0.4091771616015594,0.3920821519095703,0.37485846115555604,0.35762444815688094,0.3404882153056794,0.3235468781720885,0.306886194562829,0.2905805073211866,0.2746929559911643,0.25927591169475217,0.24437157403140516,0.230012686734221,0.2162233389872199,0.2030198084628316,0.1904114180697716,0.17840138413895953,0.16698763561202132,0.15616358960741675,0.1459188734713111,0.13623999155376781,0.12711092746415145,0.11851368482161967,0.11042876530971678,0.10283559005151759,0.09571286305440128,0.08903888443888988,0.08279181520100534,0.07694990011890072,0.07149165096723849,0.0663959972241715,0.06164240468076925,0.05721096978572809,0.053082490037869176,0.04923851531033359,0.04566138305080414,0.04233423845092239,0.03924104441136772,0.036366580375106226,0.03369643457238617
0.5342454119038818,0.5422067280370081,0.5488968874944097,0.5542131528559221,0.5580651862634458,0.5603778033648932,0.5610934519254811,0.560174284392069,0.5576037070001636,0.5533873110324504,0.5475531230178459,0.5401511477600413,0.5312522188584897,0.5209462101976093,0.509339697431807,0.4965531862944719,0.48271804306851346,0.46797327041517683,0.45246226807586404,0.43632971204651266,0.41971865664865954,0.40276795000977456,0.38561002409658396,0.36836909242309696,0.3511597648231278,0.33408607495457276,0.317240889992054,0.3007056641459992,0.28455048819155,0.268834388507745,0.2536058308095219,0.23890336791553357,0.2247563900655977,0.21118594684772357,0.19820559874709606,0.1858222727325278,0.17403710149615095,0.16284622788764508,0.1522415616564967,0.1422114801284029,0.13274147175956802,0.12381471500258619,0.11541259558803596,0.107515162258923,0.10010152650235929,0.09315020624701201,0.0866394206340704,0.08054733815028753,0.07485228454867499,0.06953291268772781,0.06456834148735405,0.059938264233393906,0.0556230339943711,0.05160372632672832,0.0478621840566625,0.04438104692394138,0.04114376713576526,0.03813461545700213,0.03533867691775612,0.03274184048934448
0.5373648690963256,0.5448634554079643,0.5510511910911103,0.555829641883754,0.5591138269243532,0.5608348853024061,0.5609424175791838,0.5594063753129214,0.5562183886223426,0.5513924482119493,0.5449648920529314,0.5369936854768964,0.5275570244309976,0.5167513291640004,0.5046887288118482,0.49149416179197725,0.47730223154526974,0.46225396109288475,0.44649358286371915,0.4301654904395457,0.41341144863337914,0.39636814311229945,0.37916512041199146,0.36192314226160877,0.3447529555562395,0.3277544670332274,0.31101628677741067,0.2946155989507688,0.2786183103813898,0.2630794293757525,0.24804363104965688,0.23354594941619344,0.21961255665365023,0.20626160077311662,0.19350406173217258,0.18134460276022107,0.16978239833062286,0.15881192221249632,0.14842368434975975,0.13860490960427563,0.12934015793779408,0.12061188002124455,0.1124009114331912,0.10468690658821679,0.09744871748400498,0.09066471833781235,0.08431308263690003,0.07837201536947574,0.07281994666650234,0.06763568894743548,0.0627985647520483,0.05828850533009679,0.05408612765928228,0.05017278994675055,0.04653063029781416,0.04314259118517321,0.03999243072273104,0.03706472517424819,0.03434486178916729,0.03181902612878507
0.5403000341510941,0.5473233376239142,0.552997789373889,0.5572296319589127,0.5599395826823168,0.5610653946339614,0.560564044218547,0.5584134233298914,0.5546134349294789,0.5491864202751393,0.5421768820172276,0.53365050692181,0.5236925326763979,0.5124055389980985,0.49990677373850567,0.4863251455356685,0.471798025251673,0.4564679985331858,0.4404797017350127,0.4239768599937257,0.4070996154463953,0.38998221731387817,0.37275111456815846,0.3555234663283997,0.3384060638413125,0.3214946470890661,0.3048735755141252,0.28861580861769537,0.27278314602938,0.25742667872048625,0.24258740900389758,0.22829698077253724,0.21457848240415345,0.2014472956953061,0.18891195296214203,0.17697498133679815,0.1656337174401511,0.15488107766564613,0.1447062743526694,0.13509547219182771,0.12603238500056735,0.11749880829194388,0.10947509082949033,0.10194054729601824,0.09487381672759365,0.08825316877505703,0.08205676375944927,0.07626286970902675,0.07085004240551766,0.06579727049046774,0.06108409277203374,0.05669068766039415,0.0525979422883796,0.04878750126553732,0.045241799637730354,0.04194408254016313,0.03887841250513769,0.03602966866313277,0.03338353694338505,0.030926495254122603
0.5430490884154444,0.5495851054177383,0.5547360714907363,0.5584132674481562,0.5605434316788751,0.5610711980039179,0.5599611132346975,0.5571991190563125,0.5527934069085716,0.5467745868020509,0.5391951487564999,0.5301282355736849,0.5196657855556664,0.5079161373594897,0.49500121660804935,0.48105344098462705,0.4662124872837045,0.4506220603112665,0.43442679061915157,0.41776937123944524,0.40078801270911735,0.38361427853880753,0.36637133198405386,0.3491726009765959,0.33212084818739623,0.31530762385351374,0.2988130568988818,0.28270593803460664,0.26704404386670977,0.25187465339637327,0.2372352160969134,0.22315411451024333,0.20965148586088017,0.19674007815909964,0.184426105058231,0.17271008066253407,0.16158761913446837,0.15105018604527357,0.14108579317689562,0.13167963232149738,0.12281464871827076,0.11447205086884306,0.10663175993235881,0.09927280170634485,0.09237364542636411,0.08591249233472359,0.07986751945240371,0.07421708211017194,0.06893988105860081,0.0640150961619726,0.059422493752005555,0.055142507441359206,0.05115629982199184,0.04744580490230603,0.043993755737854544,0.0407836996046136,0.03780000163457715,0.03502784096531597,0.03245319852564252,0.030062840259547315
0.5456102451614663,0.5516475400723982,0.5562654920913391,0.559380767850495,0.5609264300105672,0.5608542348519598,0.559136464948928,0.5557671893024801,0.550762870602283,0.5441622739652281,0.536025670578184,0.5264333696805145,0.5154836509410498,0.5032902002951082,0.4899791764229979,0.4756860483081182,0.4605523471696845,0.44472246900303186,0.42834064853885656,0.411548205550445,0.3944811339295997,0.37726808615276464,0.36002877448604936,0.34287278803219723,0.3258988063214085,0.30919418226535395,0.2928348466961773,0.27688548663448503,0.26139994616880474,0.24642180140840828,0.23198507039112387,0.21811500261781114,0.20482891482070673,0.19213705049686192,0.18004342961656655,0.16854667176859423,0.15764077917926367,0.1473158681639719,0.13755884205011026,0.12835400222368432,0.11968359838291792,0.11152831594781558,0.10386770381514016,0.09668054624190317,0.08994518269224502,0.0836397793886319,0.07774255749599787,0.07223198181407185,0.06708691558638244,0.062286743382057724,0.057811469042189194,0.0536417883767422,0.04975914389055212,0.046145761309729305,0.04278467224130199,0.039659725182625484,0.03675558575993577,0.034057730065730395,0.03155243023482356,0.02922673588844666
0.5479817499171459,0.5535094733240998,0.5575855705086274,0.5601324260110077,0.5610897088159142,0.5604165133364775,0.5580929934837437,0.5541213911648561,0.5485263908394669,0.5413547684522918,0.5326743430023769,0.522572278506744,0.511152820999261,0.49853458331057904,0.48484751096640916,0.4702296719036753,0.45482401177993614,0.43877520634028283,0.4222267246871045,0.40531819467083113,0.3881831318989359,0.3709470755821844,0.3537261434813328,0.3366259978692142,0.3197411975620033,0.3031549046142725,0.2869388952125638,0.27115382585962394,0.25584970396791107,0.24106651472652027,0.2268349669423622,0.21317730445788227,0.20010815187712858,0.18763537412988238,0.17576091842964195,0.16448162384591442,0.15378998643470396,0.14367487000550194,0.1341221567988785,0.12511533573953665,0.11663602973833304,0.10866446109437951,0.10117985815816087,0.0941608077217075,0.08758555659316553,0.08143226679652713,0.07567922884650727,0.07030503724779258,0.06528873361428149,0.060609919313130055,0.05624884452409767,0.052186473299332126,0.048404531743019244,0.044885539010208884,0.041612825332196304,0.03857053915864589,0.03574364425672631,0.033117910460059116,0.030679897226537477,0.028416933466823044
0.550161880792849,0.5551697872453726,0.5586958899125676,0.5606686063142473,0.5610344713703505,0.5597601063187012,0.5568336417715825,0.5522655063492045,0.5460885253059988,0.5383573118323816,0.5291469740424283,0.518551199162878,0.5066798111632723,0.4936559229809391,0.47961282140684136,0.46469072817970236,0.44903357628517365,0.4327859271617677,0.41609013502587905,0.39908383948591064,0.38189783906652164,0.36465437967570186,0.34746586167677496,0.3304339508822417,0.3136490634959646,0.29719018994594754,0.2811250050430269,0.26551021495522714,0.25039209069254337,0.2358071406566678,0.22178288686657902,0.2083386935605071,0.19548661902591655,0.18323227211493176,0.17157564413339532,0.1605119031730666,0.15003214025589454,0.14012405879355036,0.1307726027791944,0.1219605222997263,0.11366887818313706,0.10587748583397646,0.09856530137501289,0.09171075515696944,0.08529203573694762,0.07928732938146038,0.07367501909236274,0.0684338475370455,0.06354304906542649,0.05898245266534013,0.0547325626307554,0.050774616439257396,0.047090626788659426,0.04366340742970176,0.04047658687416764,0.03751461194824016,0.03476274199346325,0.0322070372365007,0.029834340507130783,0.027632255604032274
0.552148948803171,0.5566274141084675,0.5595960964376533,0.5609897428601075,0.56076199019327,0.5588871474122367,0.5553613967047569,0.5502033357278561,0.543453818950104,0.5351750953520787,0.5254492799901215,0.5143762339807764,0.5020709596451445,0.48866063904439705,0.47428145727268245,0.4590753535414313,0.44318683510845713,0.42675997311694946,0.4099356783810483,0.3928493280330502,0.3756287869152131,0.35839284885472,0.3412500934158846,0.3242981374526274,0.30762324707346655,0.2913002718609381,0.2753928472328722,0.25995381524195815,0.24502581438458612,0.23064199191633242,0.2168268052582776,0.20359686342890332,0.1909617814508986,0.1789250310397078,0.1674847603682967,0.15663457171578254,0.14636424771229709,0.13666041901439005,0.12750716988223357,0.11888658108553514,0.11077921224883186,0.1031645245961481,0.09602124715818747,0.08932769201932658,0.08306202136903236,0.07720247195011772,0.0717275404770539,0.06661613459937744,0.06184769438059431,0.057402286089518556,0.05326067494973913,0.04940437626613323,0.045815691700204546,0.0424777302776184,0.039374418077434935,0.03649049845827894,0.03381152358710047,0.03132384062544327,0.029014571773991565,0.026871591318025523
0.5539412981841116,0.5578813362294908,0.5602858982855512,0.5610963376249589,0.5602736041711602,0.557799827102261,0.5536792844295733,0.5479386941305512,0.5406267987156312,0.5318132551459006,0.521586881680469,0.5100533483989981,0.4973324274444331,0.48355493692624396,0.468859521739361,0.45338941252506304,0.43728929282233236,0.42070238608634686,0.40376785201430454,0.3866185527543075,0.36937922436125137,0.35216507010183074,0.3350807637055827,0.318219836500762,0.301664410232213,0.28548523483081784,0.2697419759875191,0.2544837030042636,0.23974952863096818,0.22556935554747964,0.21196469808655224,0.19894953247367592,0.18653115059389683,0.17471100235789414,0.1634855015310682,0.15284678546041827,0.14278342067422947,0.133281048427959,0.12432296763706362,0.11589065538221947,0.10796422735229931,0.10052284000248138,0.09354503742571577,0.08700904895601488,0.08089303995277589,0.07517532182200937,0.06983452444889413,0.06484973577496235,0.06020061328019491,0.05586746911122497,0.05183133536186807,0.04807400885764116,0.044578082031165055,0.04132695942616445,0.03830486364872313,0.03549683251195714,0.0328887081042907,0.030467120975301035,0.028219468662018698,0.026133891546660477
0.5555373067055226,0.5589305857936989,0.5607650648043473,0.560988958610786,0.5595707157005878,0.5565003889382635,0.5517903657870169,0.5454754053676272,0.5376119685960725,0.5282768678460849,0.5175653012113416,0.505588369323622,0.4924701988088921,0.4783448106434574,0.4633528771776069,0.44763850603058275,0.4313461749490662,0.414617921288709,0.39759086665900745,0.38039512699738853,0.36315213520696005,0.34597338483683987,0.3289595760032017,0.31220013271322894,0.29577305015429467,0.279745029146633,0.26417184205239425,0.24909888111963438,0.23456184233416125,0.2205875007868849,0.2071945481813534,0.1943944481785403,0.18219228660058592,0.17058760324321282,0.1595751821834693,0.14914579253471277,0.13928687280702468,0.12998315409570121,0.121217220427227,0.11297000713109788,0.10522123981975544,0.0979498164870622,0.0911341356503348,0.08475237692739182,0.07878273620259559,0.07320362183367041,0.06799381470055617,0.06313259695544707,0.058599854027001685,0.05437615156348493,0.050442793672539246,0.046781861751425645,0.043376240304461765,0.0402096292469073,0.03726654638268757,0.03453232169839976,0.03199308416947908,0.0296357441169239,0.027447970360144118,0.02541816501051079
0.5569353859787854,0.559774244662387,0.5610334255458297,0.5606682379849822,0.558654787854605,0.5549911258038414,0.5496977319018614,0.542817297483686,0.5344138050015561,0.5245709465760966,0.5133899590934392,0.500986983931093,0.48749008210636524,0.47303604604385285,0.4577671509153095,0.4418279796089646,0.42536243862756923,0.40851106005091076,0.3914086610118045,0.3741824007753694,0.3569502546765244,0.3398199057305069,0.3228880288322889,0.3062399325295092,0.28994951425341653,0.2740794846066787,0.2586818048754518,0.2437982895431189,0.22946132843413738,0.21569468600173394,0.20251435041065227,0.18992939058901429,0.17794280022313078,0.16655231703183143,0.15575119617560268,0.14552893116140836,0.13587191650681954,0.12676404844816985,0.11818726283399049,0.11012201168385194,0.10254768117732184,0.0954429542372752,0.08878612055272535,0.08255534074300754,0.07672886654177513,0.07128522378611976,0.06620336066384735,0.06146276617425033,0.05704356315160098,0.05292657747930833,0.04909338969639642,0.045526368240987755,0.042208690533409574,0.03912435136620757,0.036258162157339756,0.033595742610394504,0.03112350544457297,0.028828637082614676,0.02669907356531587,0.024723474396013963
0.5581339817596732,0.5604114441618131,0.5610908693022374,0.5601348702133837,0.5575273415759419,0.5532743762667036,0.5474044999215427,0.5399681982392974,0.531036752430548,0.5207004373121157,0.5090661718064914,0.4962547388808397,0.48239771106893137,0.4676342243368474,0.45210774116968605,0.4359629317643483,0.4193427831157829,0.4023860222215202,0.3852249156763188,0.3679834757989249,0.35077608506690844,0.33370653250601223,0.31686743129373035,0.300339978968863,0.2841940139842145,0.26848832304300724,0.25327114365591374,0.2385808147514946,0.2244465316839115,0.21088916478767017,0.1979221161385293,0.18555217520530157,0.17378035425086155,0.1626026933137524,0.15201101553346594,0.14199362748362268,0.13253595980642285,0.12362114541096794,0.11523053511571212,0.10734415276022868,0.09994109270203608,0.09299986344233248,0.0864986801406652,0.08041571297343403,0.07472929295830949,0.06941808230591226,0.06446121142770879,0.05983838762457935,0.05552997960564876,0.05151707940838571,0.047781547759457275,0.044306042079796756,0.041074033139646776,0.03806980980476111,0.03527847529955055,0.0326859364373187,0.030278886448353633,0.02804478414912443,0.025971828744589587,0.02404893283090548
0.5591315742463505,0.5608413648546083,0.5609373431238865,0.5593896101890403,0.5561899529001535,0.5513525210116866,0.5449138089056663,0.536931930817766,0.5274852194375831,0.516670215596668,0.50459914973806,0.4913970399066655,0.47719854637254994,0.4621447258760166,0.44637982311041086,0.4300482222362767,0.41329166010203144,0.39624677821345083,0.3790430665589673,0.3618012197974485,0.3446319105471465,0.3276349667776563,0.3108989175363652,0.29450086537388726,0.27850663755957855,0.2629711697788453,0.24793906737447413,0.23344529824233007,0.2195159755711498,0.20616919131668457,0.1934158770446253,0.18126065535144156,0.16970266453175575,0.15873634772610723,0.14835218915367376,0.13853739329506126,0.12927650327490844,0.12055195660380352,0.11234457882995402,0.10463401760839912,0.09739912022604198,0.09061825883660675,0.08426960607633296,0.07833136821602944,0.07278197723366228,0.06760024909203577,0.06276551004969237,0.05825769607397311,0.0540574293107925,0.050146073125300235,0.046505771585881706,0.043119472560950896,0.03997094023576539,0.03704475646962637,0.03432631428980993,0.03180180488338028,0.029458198686802637,0.0272832231769158,0.02526533667877358,0.02339370062659148
0.5599266783724691,0.5610632362941252,0.560572851319074,0.5584332713591389,0.5546442502116883,0.5492279793592503,0.5422288158665606,0.5337123097535188,0.5237635748880042,0.5124850835885608,0.4999939954818542,0.48641915175719525,0.47189787751757434,0.45657273415660765,0.44058835501804977,0.42408848023124274,0.4072132838030962,0.3900970606650892,0.3728663177202216,0.35563828014759535,0.3385198111400038,0.3216067259754589,0.3049834602488003,0.2887230481431605,0.2728873616563709,0.2575275641023381,0.24268472389247006,0.22839054417480822,0.2146681684696322,0.20153302501350007,0.18899368837685873,0.17705272408469264,0.16570750063999942,0.15495096149455348,0.1447723413424016,0.13515782370317447,0.12609113693048554,0.11755408762425688,0.10952703260264994,0.10198929236574876,0.09491950918595134,0.08829595452474813,0.08209678835450156,0.07630027769384869,0.07088497552078916,0.06582986752275856,0.061114488233328296,0.056719011646588664,0.052624320073705065,0.04881205269930995,0.04526463953937341,0.04196531994259255,0.03889815124327856,0.036048006969990824,0.033400567778264306,0.030942306384074032,0.028660467068209426,0.026543042220599517,0.024578745263627782,0.022756982264560237
0.5605178440953139,0.56107633676219,0.5599974544376417,0.5572667238524139,0.5528919115356563,0.5469032058715957,0.539352691960868,0.5303131370782372,0.519876144490406,0.5081497674333445,0.49525570247308404,0.48132619845698127,0.46650082497761236,0.45092323999402284,0.4347380845056113,0.4180881125766075,0.4011116408305941,0.3839403757127326,0.3666976536873314,0.3494970968294375,0.33244167592034196,0.31562315640321525,0.2991218832315051,0.28300685852135016,0.26733606218460504,0.25215696883565,0.23750720820035795,0.22341532623146199,0.20990160909639324,0.19697893463116634,0.18465363170162508,0.17292631570189448,0.1617926862382756,0.15124428076304655,0.1412691702304601,0.13185259474903785,0.12297753718273984,0.11462523442518345,0.10677562804672937,0.0994077576166731,0.09250009990884397,0.08603085907565454,0.07997821027495798,0.0743205041679667,0.06903643324921822,0.06410516759829366,0.059506461345817496,0.05522073494666559,0.05122913684006873,0.04751358589826957,0.04405680019177823,0.040842311191878755,0.0378544688191672,0.035078436730529496,0.0325001808866195,0.030106452596277523,0.027884766579398187,0.02582337638783968,0.02391124654689193,0.02213802360613013
0.5609036566789581,0.5608799929907218,0.5592112682395651,0.5558908926092909,0.5509346618678757,0.5443806870482377,0.5362886188317713,0.5267381986804799,0.5158272075972685,0.5036689149386568,0.49038915393903165,0.4761231638611902,0.4610123425862551,0.44520104585202036,0.42883355477427687,0.4120513117734679,0.3949904998107129,0.3777800138702369,0.3605398512368553,0.3433799147317041,0.3263992154645763,0.30968544547628035,0.2933148731056401,0.2773525135112331,0.26185252419009286,0.24685877907248668,0.2324055698891788,0.21851839377293683,0.2052147913431619,0.19250520178944316,0.1803938172088323,0.16887940689310554,0.15795609917755743,0.14761411574704944,0.13784044609191345,0.12861946100399396,0.1199334638173037,0.1117631797923988,0.10408818583102336,0.09688728414301397,0.0901388231260086,0.08382097087250677,0.07791194369310338,0.07239019714447911,0.0672345803363079,0.062424461196749326,0.05793982375231192,0.05376134249862213,0.04987043726247443,0.04624930990145921,0.042880968193734166,0.039749236022644886,0.03683875506659613,0.0341349773785299,0.0316241517727787,0.029293305139638497,0.027130219201565855,0.025123404926115853,0.02326207398146656,0.02153610930678156
0.5610827369723841,0.5604735798676932,0.5582144626499113,0.5543067555169252,0.5487742705455922,0.5416629381125623,0.5330397851010825,0.5229912608742038,0.511620994264097,0.4990470935389903,0.485399122143722,0.470814892478118,0.45543722013317656,0.4394107702919486,0.4228791108773661,0.40598206392823505,0.3888534207454063,0.3716190605143918,0.3543954906572192,0.3372887953284745,0.32039397358535565,0.30379463318385147,0.2875629902123439,0.2717601259682333,0.256436450955773,0.24163233015152696,0.22737881991258713,0.2136984773514543,0.20060620854420166,0.18811012403313976,0.17621238562300953,0.16491001758715843,0.1541956713720571,0.14405833974075005,0.13448400958982404,0.1254562531599272,0.1169567570335538,0.10896578992743758,0.10146261189902506,0.09442582886209294,0.08783369570536234,0.08166437370637951,0.07589614453337676,0.07050758835849115,0.065477726685148,0.06078613762242473,0.056413044444816755,0.05233938248113568,0.04854684755921994,0.045017927298209866,0.041735920424346075,0.0386849432040181,0.03584992800749444,0.03321661338304465,0.03077152843713916,0.028501972568910565,0.026395991046187662,0.024442348518621777,0.02263049987686113,0.02095056041805348
0.5610537416825285,0.559856520127908,0.5570072607014899,0.5525153415512065,0.5464125486610777,0.5387524998906165,0.5296093830100852,0.5190760671712953,0.507261682557287,0.49428878853466834,0.48029026790631124,0.46540609053510956,0.44978008614304554,0.43355685251680065,0.41687890596943056,0.39988415654563175,0.38270376410594076,0.3654604059768625,0.3482669665031164,0.33122562775034947,0.31442733838517944,0.2979516228189806,0.2818666787535636,0.2662297139344271,0.25108747236239365,0.2364769049280578,0.22242593670135888,0.20895429364274734,0.19607435723669167,0.1837920174617686,0.1721075097662005,0.16101621152863874,0.15050938848237047,0.1405748880047799,0.1311977699692454,0.1223608756272161,0.1140453345436886,0.10623101113857586,0.09889689383603324,0.09202143094675667,0.08558281659340132,0.07955923260125705,0.07392904855081958,0.06867098751837662,0.06376425795077807,0.059188659426909034,0.05492466294533073,0.05095347073428588,0.047257058642812176,0.04381820235106441,0.040620492398792875,0.03764833711920874,0.0348869582966724,0.03232237892628286,0.029941405751389195,0.027731607558773522,0.02568128969324753,0.02377946677231611,0.02201583303271628,0.020380732161597297
0.5608153636422117,0.5590282840290751,0.5555899374664992,0.5505177289277196,0.5438513465201328,0.5356519357831028,0.5260006052077082,0.5149963352529752,0.5027533961008686,0.4893984015901048,0.47506714037357345,0.4599013272647705,0.44404541081254634,0.42764355698618106,0.4108369075199596,0.39376118616845845,0.37654469965210546,0.35930675524547756,0.3421564978547948,0.32519213927346496,0.30850055266199916,0.29215719101785936,0.2762262762228322,0.2607612092654112,0.24580515256495566,0.23139174040126742,0.21754587168709213,0.2042845498508733,0.19161774046445315,0.17954921897668782,0.168077395813477,0.1571960966213418,0.14689528943586586,0.13716175655751459,0.12797970321470606,0.11933130415207824,0.11119718873978474,0.10355686664201341,0.09638909738239443,0.08967220812148405,0.08338436295757484,0.07750378985867784,0.0720089673267928,0.0668787782945384,0.06209263155757901,0.05763055848482688,0.05347328546433707,0.04960228702042934,0.04599982249863992,0.04264895750395853,0.03953357491450463,0.03663837455541386,0.03394886615883097,0.03145135498913027,0.029132922692280357,0.026981404284252216,0.02498536171560077,0.023134055882655533,0.0214174165396438,0.019826011861358496
0.5603663320729103,0.5579883890136623,0.5539628189784439,0.5483150432635548,0.5410925511473419,0.5323638288312946,0.5222166416843141,0.5107557541347099,0.4981002018522713,0.484380249476735,0.4697341770276286,0.45430503638962405,0.43823750908256204,0.4216749780804423,0.4047569034735661,0.3876165658518764,0.3703792149725587,0.35316063727932445,0.3360661380962634,0.31918990524985724,0.30261472369908327,0.28641199714819326,0.2706420221717923,0.2553544656000166,0.24058899703725845,0.22637603375013396,0.21273755428700553,0.19968794763537387,0.18723487067089836,0.17538008818717366,0.1641202842774696,0.15344782506919305,0.1433514658097709,0.1338170008898881,0.12482785018681532,0.11636558346292368,0.10841038393380069,0.10094145347400704,0.09393736308990264,0.08737635312835029,0.0812365865200783,0.07549636131064377,0.07013428448556036,0.06512941453784495,0.06046137295181642,0.056110432307314675,0.052057581297147645,0.04828457152095906,0.04477394879582578,0.04150907011745892,0.038474110918150034,0.03565406170740227,0.03303471853145861,0.030602666634271927,0.02834525976441499,0.02625059598137986,0.024307490374746263,0.022505446460928096,0.020834625733982075,0.019285817021153704
0.5597054128423327,0.556736399357015,0.5521262811455764,0.54590845575178,0.5381380838397534,0.5288907788773364,0.5182606768491312,0.5063579815190975,0.4933061080972736,0.4792385630463808,0.4642957039108702,0.4486215177846645,0.43236054382432165,0.41565504479432064,0.39864250834077114,0.38145353246215236,0.3642101237437084,0.34702441394355116,0.3299977842272276,0.3132203585026808,0.29677083247055863,0.2807165920847826,0.26511406635575785,0.25000926571968896,0.23543845903317748,0.22142894782672,0.20799989639737432,0.19516318660580886,0.18292427222274207,0.17128300901270238,0.1602344507544348,0.14976959334212497,0.139876061099315,0.13053873462103718,0.12174031475044941,0.1134618249536213,0.10568305367426056,0.09838293951389658,0.0915399031179432,0.08513213035650552,0.07913781007422553,0.07353533276987778,0.06830345211911314,0.06342141671375898,0.058869072074320496,0.05462694057748822,0.05067627944186173,0.046999121552435325,0.04357830171366103,0.0403974694145402,0.03744109257712051,0.03469445137877415,0.03214362639799973,0.02977548047178743,0.027577636597435062,0.025538452674062292,0.02364699347455942,0.021893001511356473,0.02026686629423572,0.018759593536027776
0.5588314087167602,0.5552719258022283,0.5500807486570899,0.5432991813502953,0.5349898977704955,0.5252353998191708,0.514135886749118,0.501806641331041,0.4883750626543731,0.47397748642118703,0.45875593605082,0.44285493929845987,0.42641852911990447,0.409587525442295,0.3924971692055195,0.3752751537917505,0.3580400737061709,0.3409002885709328,0.32395318572408266,0.30728479820954585,0.29096974229301564,0.275071426408619,0.2596424762991027,0.24472532834121175,0.2303529455096867,0.21654961615175575,0.2033317964390408,0.19070896742455898,0.17868448360192946,0.16725639101484827,0.1564182064607958,0.14615964199115217,0.13646726989044436,0.12732512810965482,0.11871526190497507,0.1106182044100093,0.10301339814214942,0.0958795606171624,0.08919499816552649,0.08293787262874383,0.07708642417477918,0.07161915666697356,0.06651498740828748,0.061753368539055616,0.0573143800393231,0.053178801893270636,0.04932816542390353,0.04574478848684377,0.04241179696834121,0.0393131336217148,0.036433558540526545,0.033758640366225924,0.03127474229702684,0.028969002293393616,0.02682930970429393,0.024844279054339728,0.02300322136072643,0.02129611454627127,0.0197135724680813,0.01824681402683896
0.5577431596081155,0.5535946251822605,0.5478266938832604,0.5404884769867013,0.5316499756436658,0.5214003169601039,0.5098454364268253,0.4971053214293975,0.48331095127889045,0.46860107638668297,0.4531189780684489,0.4370093387146655,0.42041533361905964,0.4034760323596885,0.38632417163743143,0.3690843354844224,0.35187155435932777,0.3347903141582689,0.3179339529656904,0.3013843982969653,0.2852122069525716,0.269476858064111,0.2542272443189291,0.23950231438361752,0.22533182255340797,0.21173714745388086,0.19873214299478942,0.1863239945551219,0.17451405929971545,0.16329867048886587,0.1526698985860317,0.14261625533415817,0.13312333695425468,0.12417440703394905,0.11575091592536925,0.1078329597847503,0.1003996816277172,0.09342961785714869,0.08690099453515616,0.08079197813875366,0.07508088399386728,0.06974634886443781,0.06476746942888009,0.060123913808791715,0.05579600600634004,0.05176479070395943,0.04801207831318674,0.04452047486186878,0.041273399025870884,0.038255087291499436,0.03545059137593413,0.032845767013352595,0.03042725799430854,0.028182474862653226,0.02609957038837798,0.024167412504318784,0.022375555054670714,0.020714207828664295,0.019174205419770527,0.017746976288430107
0.5564395428157184,0.5517042000297788,0.545364635770711,0.5374776397807344,0.5281203274016858,0.5173881644528224,0.5053924774146437,0.49225757148922156,0.47811759625726385,0.4631133019749473,0.44738882495429216,0.43108862583697327,0.41435468395577624,0.3973240265852057,0.38012664549851294,0.3628838277655239,0.34570690437575297,0.3286964012064621,0.3119415652398719,0.2955202153684407,0.2794988783356626,0.2639331595073117,0.2488682940431656,0.23433983274733564,0.22037442034931395,0.2069906297905469,0.19419981807490633,0.1820069786896967,0.17041157144347052,0.15940831134188585,0.1489879104849009,0.13913776103134648,0.12984255627806507,0.12108485095123561,0.11284555852158233,0.10510438902447661,0.09784023008903737,0.09103147487354765,0.08465630132421209,0.07869290753269732,0.07311970633438429,0.0679154856380948,0.06305953613207115,0.058531753401973245,0.054312714232902536,0.05038373442786836,0.04672690792097326,0.04332513166813626,0.040162118488116724,0.037222398793333826,0.03449131516915369,0.0319550089215952,0.029600402305747918,0.027415175849525533,0.02538774278830863,0.023507221249058147,0.021763404511725953,0.02014673073236318,0.01864825168865292,0.01725960184258598
0.5549194732626951,0.5496003981752269,0.5426951387339388,0.5342680052857208,0.524402987986152,0.5132015828374819,0.5007801453626363,0.4872669010486494,0.47279875518212916,0.45751804422530884,0.4415693629974702,0.42509658468163625,0.4082401682094137,0.39113482251214604,0.37390757063560526,0.35667623197418735,0.339548318738375,0.322620325213768,0.30597737834664446,0.2896931961882234,0.27383031359073573,0.25844052437632875,0.24356548645706252,0.22923744564106646,0.21548003772737961,0.20230913428557246,0.18973370004416978,0.1777566388867848,0.16637561118388358,0.1555838057819239,0.14537066172952778,0.13572252956710268,0.12662327004616647,0.11805479184662188,0.1099975270222484,0.10243084795223589,0.09533342879253597,0.08868355532537821,0.08245938773943692,0.07663918112883042,0.07120146679305303,0.06612520081676784,0.061389881489073664,0.05697564245504516,0.05286332129669324,0.049034510739236446,0.04547159216440803,0.04215775580134082,0.03907700963997271,0.036214177961046895,0.033554893275424096,0.03108558080696507,0.028793439060156998,0.026666415898605973,0.02469318205016338,0.02286310263057637,0.021166206994165666,0.019593158210887737,0.018135221750333556,0.0167842345877385
0.553181903727003,0.5472830123336052,0.5398188115442185,0.5308609457504302,0.5205000151530675,0.5088432166732985,0.4960115577970172,0.4821367777144329,0.4673581198989477,0.4518190961104476,0.4356643708534921,0.41903687576278037,0.40207523939652623,0.3849115924969571,0.3676697824512567,0.3504640068952155,0.33339785560416274,0.31656373383219877,0.30004263181419216,0.283904184742198,0.26820698184686154,0.252999073713462,0.23831862550996644,0.22419467348942154,0.21064794632026027,0.19769171851547435,0.18533266624061734,0.1735717044467115,0.16240478986751763,0.15182367483939907,0.14181660803959864,0.13236897365305253,0.12346386758160918,0.11508261267887616,0.10720521258776686,0.0998107482074521,0.09287772003518464,0.0863843404459284,0.08030878053003801,0.07462937626904935,0.06932479706565521,0.06437418307161877,0.05975725279049928,0.05545438769304526,0.05144669347645258,0.0477160450134559,0.04424511458761016,0.041017387668083785,0.03801716814651863,0.03522957388591434,0.03264052621123275,0.030236732492070855,0.028005665191718963,0.025935536821261283,0.024015272617721937,0.02223448149398945,0.020583425550513738,0.019052989366818988,0.017634648672709807,0.01632043953808237
0.551225825067037,0.544751879680455,0.5367363062169663,0.5272578684026173,0.5164134873432071,0.504315712262924,0.49108981200620333,0.47687062552013837,0.46179931561516574,0.4460201626162631,0.42967752073750426,0.4129130384567682,0.39586321898076626,0.37865737141516614,0.36141597734702774,0.3442494748897028,0.3272574428989336,0.3105281536974516,0.2941384557434818,0.27815392889672425,0.2626292705141942,0.24760886176703586,0.23312746331229153,0.21921099945210498,0.20587739436261837,0.19313742957415567,0.18099559531385734,0.16945091655044717,0.15849774001728795,0.14812646874064703,0.1383242411069434,0.1290755475653429,0.12036278425890326,0.11216674593035651,0.10446705845683994,0.09724255524493652,0.09047160094760477,0.08413236669688172,0.07820306153490843,0.07266212479638239,0.06748838238722445,0.06266117334696239,0.05816044809149404,0.05396684490888125,0.05006174428170629,0.04642730792040745,0.0430465020289816,0.039903108935073754,0.03698172888989875,0.03426777284517704,0.031747449676884316,0.02940774702381746,0.027236408952814768,0.02522190990268386,0.023353426632106992,0.021620808677525742,0.02001454759325766,0.018525746114197612,0.017146086859785574,0.015867801645361442
0.5490502664417797,0.5420068814175318,0.5334483168986122,0.5234602137554578,0.5121455016082173,0.4996217154687079,0.48601798305124316,0.4714718234310036,0.45612590016305055,0.44012486096428993,0.42361237973034477,0.406728493432836,0.3896073003893767,0.3723750611558874,0.3551487180343498,0.33803482782430183,0.3211288846485023,0.30451499694295275,0.28826587729717834,0.272443086675558,0.257097491189999,0.24226988139928993,0.22799170495066484,0.2142858735832154,0.20116761016035054,0.18864530684305342,0.17672136930823545,0.1653930296847232,0.15465311614118069,0.1444907671508484,0.1348920883289222,0.1258407464275831,0.11731850039616504,0.10930567216677567,0.10178155822969509,0.09472478639386445,0.08811362137692626,0.08192622351868056,0.07614086533944528,0.07073611065259354,0.06569095910029228,0.060984962424769217,0.056598313794174106,0.05251191658176551,0.04870743212200375,0.045167313156381554,0.0418748224251194,0.0388140404120767,0.03596986393640483,0.033327996356669456,0.030874932700658345,0.028597938907888493,0.026485028238624496,0.02452493431558238,0.02270708243288246,0.021021559598821116,0.019459083567727947,0.018010971927064794,0.016669110876734682,0.015425924697171918
0.5466542955254658,0.539047942328658,0.5299555787540063,0.5194694539380066,0.507698171592941,0.4947638696198293,0.48079912189735247,0.4659437039895154,0.4503413634076312,0.4341367209659673,0.4174724111855389,0.40048654513821413,0.3833105525259275,0.3660674350473187,0.34887043870917317,0.3318221327999709,0.31501386705198875,0.29852556740882064,0.28242582684831596,0.26677223217432783,0.25161188519294425,0.23698206912529413,0.22291101294751012,0.2094187166573096,0.19651780525588108,0.18421438449172065,0.17250887551403687,0.1613968128743881,0.15086959538761685,0.14091517930205247,0.13151871246350694,0.12266310544956105,0.1143295401341506,0.10649791861173458,0.09914725419059338,0.09225600897720823,0.08580238184802774,0.07976455117409721,0.07412087703754495,0.06885006759030782,0.06393131234462743,0.05934438861553123,0.05506974235944633,0.05108854962645865,0.04738275810701381,0.0439351153057667,0.040729182742441895,0.03774934005974884,0.03498078062498472,0.03240949935093176,0.030022275896149888,0.027806652451841232,0.025750909015598736,0.02384403563291413,0.02207570315332864,0.02043623293054919,0.018916565705527535,0.017508230667870713,0.016203314350268463,0.014994430286137141
0.5440370187167238,0.5358750303262404,0.5262588668553443,0.5152870910507186,0.5030736255743183,0.4897448135091305,0.47543625366318215,0.4602895520957769,0.444449126791354,0.4280591854984877,0.41126097622602914,0.3941903843267933,0.3769759232699167,0.3597371422066016,0.34258345008752944,0.32561333768172634,0.3089139643034972,0.2925610665565939,0.27661914380380953,0.2611418611312721,0.24617262874717408,0.23174530980634583,0.21788501138957414,0.20460892368691286,0.19192717731362965,0.17984369373171194,0.16835700810783988,0.15746105074097053,0.14714587806401408,0.1373983440202928,0.12820271121744886,0.1195411991305603,0.11139447030854287,0.10374205774007098,0.09656273567156105,0.08983483849165179,0.08353653160148526,0.07764603868188809,0.07214183009439362,0.06700277699422032,0.06220827386217401,0.05773833556851625,0.053573670140720404,0.049695733265450605,0.04608676396937224,0.04272980782424794,0.039608727028227715,0.03670820111408498,0.03401371976901309,0.0315115684528038,0.029188809824989708,0.027033260209259703,0.025033463846518538,0.02317866443265393,0.021458775403184128,0.019864349358969354,0.018386546856404333,0.01701710548993596,0.01574830893879084,0.014572956844759432
0.541197581342163,0.5324881559889328,0.522358995073567,0.5109146555470043,0.49827400455710363,0.48456717947837386,0.46993237598439797,0.45451260391681775,0.438452543007347,0.42189561109244483,0.4049813353201396,0.38784309062128924,0.37060624295485145,0.35338671180842596,0.33628994430001613,0.3194102764315956,0.30283064416876676,0.28662259910059557,0.2708465821175591,0.2555523961722349,0.24077983783664847,0.2265594410199832,0.21291328974833973,0.19985586715444922,0.18739491274794595,0.17553226484480433,0.16426466960131889,0.1535845444046868,0.14348068803350353,0.13393892966435086,0.12494271677766489,0.1164736404350397,0.10851189932098525,0.10103670589341407,0.09402663745878578,0.08745993684769514,0.08131476670640798,0.07556942183736723,0.07020250430576035,0.06519306580616213,0.06052071991120604,0.0561657301948259,0.05210907533247777,0.04833249701672394,0.04481853010270978,0.04155052113584732,0.0385126345733813,0.035689850319847255,0.03306795396379792,0.030633520365127825,0.028373893457766572,0.026277161517999983,0.02433213050542323,0.022528294988144522,0.020855808032672896,0.01930545041950996,0.017868599392963386,0.016537197808667244,0.015303723367338203,0.014161158741201451
0.5381351678543765,0.5288873720909284,0.5182568149731686,0.5063537046417111,0.49330146042653455,0.4792335915905426,0.4642904574881085,0.44861604591909005,0.4323548957934389,0.41564926862196744,0.3986366499269436,0.38144763509967,0.3642042278173084,0.34701855726763337,0.3299919996439813,0.31321467424753263,0.2967652733236766,0.28071117836677717,0.26510881550751536,0.2500041917472087,0.2354335727492129,0.2214242571274644,0.2079954064137818,0.19515889997993002,0.18292018911410315,0.17127912900487274,0.1602307721161463,0.14976611224556716,0.1398727730033122,0.1305356339874348,0.12173739529485458,0.11345907994749009,0.10568047601359155,0.09838052192072042,0.0915376382426937,0.08513001066938126,0.07913582824619904,0.07353348131674653,0.06830172384962692,0.06341980454901971,0.05886756928401436,0.0546255406970541,0.05067497602709651,0.04699790879022376,0.043577173707806886,0.040396420836664095,0.03744011817976411,0.03469354626586659,0.03214278599282664,0.02977470034771632,0.027576912726492073,0.025537781126096563,0.023646370676207305,0.021892424038085737,0.020266330972139864,0.018759097403954206,0.017362314183061844,0.01606812633662081,0.014869202522642544,0.013758705431618017
0.5348490020243243,0.525072773123351,0.5139532147112856,0.5016058207473282,0.48815815415795416,0.4737466638876681,0.4585134363746012,0.4426030140184247,0.42615939983930046,0.4093233440884289,0.39222998420177796,0.3750068828973209,0.3577724834102496,0.3406349803318071,0.3236915851927921,0.3070281525114634,0.29071912246162923,0.2748277313897143,0.25940644239059013,0.24449753877490046,0.23013384232877027,0.2163395130582402,0.20313089196143,0.19051735824413643,0.17850217728128925,0.16708331991108544,0.156254238501018,0.1460045905378393,0.13632090471692257,0.12718718393177933,0.11858544632726424,0.11049620501235405,0.10289888855090323,0.09577220584600031,0.08909445911230764,0.08284380965280407,0.07699850057515298,0.071537040862075,0.06643835542608359,0.061681905444687185,0.057247781422705306,0.05311677469965362,0.04927042837369463,0.045691073086556566,0.04236184704027081,0.03926670599864341,0.03639042252543708,0.03371857781562673,0.031237547326271344,0.028934480785258967,0.02679727916246662,0.02481456789938012,0.022975668729164046,0.02127056963066598,0.019689894142035622,0.018224870334238998,0.016867299625137534,0.015609526177917494,0.014444406604080917,0.013365280665011215
0.531338347128072,0.5210444948082307,0.5094491179419528,0.496672609938686,0.48284625408333687,0.46810899873264733,0.45260421910289916,0.4364765928419186,0.4198692007994168,0.4029209394893553,0.3857643067533561,0.3685235958172556,0.3513135079747395,0.3342381750806777,0.3173905652622882,0.3008522335501404,0.2846933711770886,0.26897310375838784,0.25373999054895247,0.23903266901119072,0.22488060795307063,0.21130492782989033,0.19831925217148924,0.18593056368572794,0.1741400434051749,0.16294387524874107,0.15233400330555197,0.14229883397052823,0.13282387906103688,0.1238923353652264,0.11548560225170112,0.10758373886423636,0.10016586331274868,0.09321049756505294,0.08669586209422137,0.080600124982438,0.07490160964378265,0.06957896554368992,0.06461130648157302,0.05997832062146243,0.05566035462799256,0.05163847747448128,0.04789452483316769,0.04441112929189335,0.04117173575357275,0.0381606075671761,0.03536282262162804,0.032764262627014845,0.030351596705742577,0.02811225983829694,0.026034428613849473,0.024106993605316145,0.0223195305701902,0.02066227003677655,0.019126066428419568,0.01770236699824311,0.01638318074208403,0.015161047977850985,0.014029010326571216,0.012980581736915022
0.5276025061278508,0.5168027136055195,0.5047454827263235,0.4915557004467879,0.4773679342145135,0.46232318523334964,0.4465656791765504,0.4302398150962215,0.4134873754047758,0.39644507376449273,0.379242492444404,0.36200043494122924,0.34482969576479083,0.32783023182969034,0.311090703734913,0.2946883452126803,0.2786891126325069,0.2631480642210734,0.24810992154067787,0.2336097591565071,0.219673787253565,0.20632018782073475,0.19355997081738377,0.18139782598923265,0.1698329507161534,0.15885983799259334,0.14846901362438217,0.1386477160658884,0.12938051609715895,0.1206498727677654,0.112436627647972,0.10472043975284397,0.09748016380082064,0.0906941755725372,0.08434064873618598,0.07839778780408274,0.07284402139063588,0.0676581600970683,0.06281952351365379,0.05830804040646768,0.054104324356084636,0.050189730256268064,0.04654639252390204,0.04315725006338568,0.04000605733167461,0.037077386846718796,0.03435662235564438,0.03182994575553327,0.029484318809709496,0.027307460171832904,0.02528782003766134,0.02341455176796736,0.02167748255775546,0.02006708272761661,0.018574434719504145,0.017191202043326526,0.01590959832964404,0.014722357123876177,0.01362270217180468,0.012604318788485338
0.5236408218474092,0.512347646213622,0.4998433004496692,0.4862567411824004,0.4717253726228519,0.4563917977473146,0.44040065602613726,0.4238956610369074,0.40701693166651004,0.38989868381150317,0.3726673242283942,0.3554399632353718,0.33832334032083794,0.321413140935808,0.30479366824259424,0.2885378252690545,0.2727073580160245,0.2573533090595589,0.24251663486735026,0.22822893471654204,0.2145132575929669,0.20138494981137928,0.18885251224002103,0.17691844487976005,0.16558006113820334,0.15483025756639626,0.1446582298237175,0.13505012950631068,0.12598966002673673,0.11745860887525018,0.10943731866227896,0.10190510006658393,0.09484058956140544,0.08822205572044595,0.08202765873513966,0.0762356677531828,0.07082464019844145,0.06577356733111846,0.06106199045265117,0.056670091698913516,0.05257876159906949,0.048769648643096075,0.04522519165302209,0.041928639799808876,0.03886405960587376,0.03601633406905777,0.03337115311438109,0.03091499833569208,0.028635122994409186,0.026519527756527713,0.024556934361334982,0.02273675658937545,0.02104907048311961,0.019484583412368774,0.018034602999113716,0.016691006123673472,0.015446208155581807,0.014293132994433314,0.013225183684480989,0.012236214147864006
0.5194526771416359,0.5076795490638986,0.4947435947459136,0.48077740028992066,0.46592074987504123,0.45031739446524066,0.43411195398496216,0.41744705803368737,0.40046080916494886,0.3832846255641314,0.36604149501544264,0.34884464814449356,0.33179663768787876,0.3149887965040789,0.2985010342097954,0.28240192563395156,0.2667490407972663,0.2515894662426143,0.23696047191069175,0.2228902736300066,0.20939885931526,0.19649884381040414,0.1841963237229287,0.17249171203906677,0.16138053675209799,0.15085419087119878,0.1409006261614926,0.13150498637930433,0.12265017909786159,0.11431738428669347,0.10648650235441255,0.0991365454581749,0.09224597512623983,0.0857929900086986,0.07975576860927909,0.07411267153713372,0.06884240741232242,0.06392416660493214,0.05933772711662747,0.05506353642018055,0.05108277134439723,0.0473773810772046,0.043930114028299015,0.04072453319243959,0.03774501935082022,0.03497676703915803,0.03240577248341429,0.03001881633566162,0.0278034421054297,0.025747930737811526,0.02384127340929019,0.02207314193300365,0.02043385860961136,0.01891436513194045,0.017506191493247662,0.016201425097832164,0.014992680206203386,0.013873068252361266,0.012836168810463256,0.011876001710901292
0.5150374950604152,0.502798717809594,0.4894474204304201,0.4751193637319947,0.45995624752454967,0.444102516071421,0.42770234135439433,0.41089688022636145,0.39382187941782376,0.376605675126088,0.35936760956093894,0.34221686416979263,0.3252516895748957,0.30855899999401293,0.29221428875850997,0.2762818164206142,0.2608150207885261,0.24585709936837705,0.23144171964982294,0.21759380967644265,0.20433039878204431,0.19166147567843445,0.17959083768237374,0.16811691285652766,0.15723354111563456,0.14693070319390655,0.13719519131128077,0.12801121834926218,0.1193609654607308,0.1112250670408399,0.10358303603299265,0.09641363397515598,0.08969518897311687,0.08340586540833013,0.07752389041362641,0.07202774157013102,0.06689629991788885,0.06210897237017244,0.05764578773631318,0.05348747003691423,0.04961549110932646,0.04601210740174794,0.04266038164617255,0.03954419385150822,0.03664824095500115,0.0339580298538978,0.031459863017023,0.029140819380592375,0.02698873135548765,0.02499215836854531,0.02314035889031642,0.021423260365180507,0.019831428767077712,0.018356037405051786,0.016988835866196265,0.015722119273068037,0.014548697977030503,0.013461868179879918,0.012455383274014943,0.011523426358568078
0.5103947390066975,0.4977054868096452,0.48395586244174565,0.46928433390529606,0.4538340466582662,0.4377496844792425,0.4211745495553975,0.4042479482665641,0.38710294632163944,0.3698645299543112,0.35264818637099304,0.33555889542524264,0.31869050645269775,0.30212546372524784,0.285934834477303,0.27017858982940374,0.25490608801858305,0.2401567114050742,0.22596061417031393,0.21233953567649466,0.19930765120836288,0.18687242956397843,0.17503547368563607,0.16379332802760732,0.15313824045255792,0.14305886900665424,0.13354092879923637,0.12456777676390338,0.11612093497836304,0.10818055216711406,0.10072580658250971,0.09373525519777876,0.08718713250755178,0.08105960271753644,0.07533097049841271,0.06997985465907049,0.06498532877700808,0.06032703277629372,0.05598525954672243,0.05194102015348575,0.04817608954639036,0.04467303748934269,0.04141524535158576,0.03838691300385876,0.03557305516128768,0.03295949168930329,0.030532831074796006,0.028280449640352368,0.026190467264247452,0.024251720001217867,0.022453731441879603,0.020786682250809235,0.019241379497927008,0.0178092254232527,0.016482186462958973,0.015252762693445918,0.014113957804690871,0.013059250052370242,0.012082563991493796,0.011178243408582093
0.5055239128887543,0.49240022860780996,0.4782700347930065,0.46327402828779984,0.44755632649774596,0.4312614016398211,0.41453127236278015,0.3975030291404743,0.3803067466604775,0.36306381008561284,0.3458856596192099,0.3288729381684066,0.31211501058776464,0.2956898142823644,0.2796639930567319,0.2640932638759148,0.2490229664262802,0.23448874823919094,0.22051734397569295,0.20712740649640224,0.19433036331037434,0.18213127016354538,0.17052964030969353,0.15952023501147006,0.14909380472096362,0.13923777266668877,0.129936857362532,0.12117363270256161,0.11292902699840014,0.10518276121547912,0.09791372978544999,0.09110032938639398,0.0847207390665529,0.07875315545064104,0.07317598830949576,0.06796802073897248,0.06310853791909544,0.05857742833592766,0.05435526144234623,0.05042334517037073,0.04676376511618185,0.04335940993852356,0.040193983565617174,0.03725200825771251,0.03451881787342959,0.03198054565217015,0.029624105720775316,0.027437170777699475,0.02540814665630963,0.023526144135907617,0.021780949727725332,0.020162994899856273,0.018663325251418388,0.01727356929167863,0.01598590759492636,0.014793042468754035,0.013688168237303374,0.012664942548360947,0.01171745851906471,0.010840218098953075
0.5004245612665936,0.4868833534075575,0.4723910795335045,0.4570901781178548,0.4411252630544494,0.4246401484218169,0.4077751652187692,0.3906648360678299,0.37343595067677177,0.35620605940111166,0.3390823810697667,0.32216110330190345,0.3055270390101426,0.2892535958190732,0.2734030087937292,0.25802678596353795,0.24316631738088865,0.22885360203990496,0.21511205311163112,0.20195734186787107,0.18939825577651662,0.17743754481775809,0.16607273685172466,0.15529690935852286,0.14509940857107964,0.1354665090256151,0.12638201123698767,0.11782777697278106,0.10978420409122924,0.10223064176921014,0.0951457496423544,0.08850780664009993,0.08229497294527514,0.07648550875988878,0.07105795522992521,0.06599128165637264,0.061265002885791425,0.05685927064781155,0.05275494269292105,0.048933633005137284,0.045377744823911596,0.04207049083438974,0.038995901077096155,0.036138822430682734,0.033484909024618,0.031020607692238175,0.02873313768134103,0.026610466953186012,0.024641285713744934,0.022814977520515863,0.021121589585395773,0.019551801761370717,0.018096895623101614,0.0167487233125862,0.01549967686601184,0.014342658141606013,0.013271049440825038,0.01227868519335203,0.011359824532192224,0.010509125101337516
0.49509626949251234,0.48115530854314936,0.46632016572119867,0.4507345271052672,0.43454302783826554,0.4178883835604537,0.4009088446225386,0.3837360284727184,0.3664931626988454,0.3492937469231853,0.33224062200216314,0.315425418842173,0.29892834641380345,0.2828182732622908,0.2671530519676873,0.2519800363054002,0.23733674303615163,0.22325161444833444,0.20974484411258304,0.1968292290339197,0.1845110255731554,0.17279078545445323,0.16166415490207411,0.15112262591789707,0.14115423220160042,0.1317441839561647,0.12287544038092978,0.11452922006110886,0.10668545175914447,0.0993231669441873,0.09242083769233139,0.08595666606818063,0.07990882844717025,0.07425567838985632,0.06897591346174235,0.06404870999914311,0.05945382962697853,0.05517170117478468,0.05118348171695194,0.04747109987295201,0.04401728301644957,0.040805572570015276,0.037820327894682995,0.03504672243746224,0.03247073150454826,0.03007911557135745,0.027859398358341343,0.025799841883355233,0.02388941907985515,0.022117784300042603,0.020475243220562937,0.018952721662062917,0.017541734636550576,0.016234355308943307,0.01502318453664266,0.013901321090249963,0.012862332639029314,0.011900227835257704,0.01100942933482175,0.010184748062235864
0.4895386638457599,0.4752165779473428,0.460058488406605,0.44420883017458784,0.42781178661860014,0.41100854267374287,0.39393488759239725,0.3767192120217756,0.35948092182024555,0.34232926814001785,0.3253625751334108,0.3086678323525843,0.29232060798824633,0.27638523541689564,0.26091522209115,0.24595383120059677,0.23153478952473247,0.21768307959979213,0.2044157807801916,0.1917429252307053,0.17966834809502383,0.16819051038900512,0.1573032797895426,0.14699665993410385,0.13725746212296008,0.12806991480390809,0.11941621064166057,0.11127699204337048,0.10363177812074725,0.09645933487783916,0.08973799233616828,0.08344591497554868,0.07756132895801081,0.07206270966411558,0.06692893494698905,0.0621394079711618,0.057674153346069845,0.05351389007440234,0.049640084910218804,0.0460349891235886,0.0426816602366567,0.0395639727253057,0.03666661815601171,0.03397509823376348,0.03147571014155038,0.029155527886259414,0.02700237889413454,0.025004817948997966,0.02315209901099763,0.02143414521186302,0.019841518445238664,0.01836538808661658,0.016997500064701687,0.015730145985522134,0.014556132923181768,0.013468753964800939,0.01246175958495058,0.011529330149428205,0.010666049396333485,0.009866879170228092
0.4837514116612914,0.469067681616129,0.45360726762865045,0.43751485224072123,0.42093369823721993,0.4040030373439027,0.3868558311973775,0.36961693872556306,0.3524017026261653,0.3353149463531394,0.3184503565337895,0.30189021333829796,0.285705422180452,0.2699557979722061,0.25469055103813254,0.23994892616964042,0.2257609499996512,0.21214824698699078,0.19912489080237222,0.18669826001484385,0.17486987917018507,0.1636362259915104,0.15298949190823533,0.14291828804145992,0.1334082918353512,0.12444283077078165,0.11600340387039865,0.10807014245925523,0.1006222135743901,0.09363816821056112,0.0870962381639292,0.08097458806322635,0.07525152604405767,0.0699056765037311,0.0649161203269119,0.06026250631030759,0.05592513739263001,0.051885035079863084,0.04812398552669404,0.04462457013215759,0.04137018213205757,0.03834503300024163,0.03553414909078939,0.03292336181336513,0.030499290736657254,0.02824932314182757,0.026161589285488944,0.024224935350469125,0.022428894573565974,0.020763656824183345,0.019220037957155493,0.01778944849715138,0.016463862788324315,0.015235788325122715,0.014098235830530548,0.013044690154747443,0.012069082061765147,0.011165761171337892,0.010329469914459244,0.009555318747547153
0.4777342214525908,0.46270917507092424,0.44696774742299783,0.43065436701693055,0.41391091347203235,0.396874254261963,0.3796741721550526,0.36243170709906686,0.3452579159624823,0.32825303404367623,0.3115060075326622,0.2950943556006488,0.2790843133865875,0.26353120641141226,0.2484800060531878,0.23396601895400318,0.2200156675291146,0.2066473241718128,0.19387216822155418,0.18169503744519577,0.1701152569286529,0.15912742822978876,0.14872216793450874,0.1388867891641939,0.1296059224285946,0.1208620732366574,0.11263611799097342,0.10490774015553686,0.09765581044404081,0.09085871356207444,0.08449462528865379,0.0785417466446902,0.07297849857447476,0.06778368047706913,0.0629365979382953,0.058417163248244,0.05420597220039129,0.05028436042901119,0.04663444260937024,0.0432391372408575,0.04008217841502931,0.03714811819959142,0.03442232003486614,0.0318909462552731,0.029540939146624597,0.02735999887192604,0.025336557543461657,0.023459751307262165,0.02171939088342204,0.020105930815073454,0.018610438657809036,0.01722456368942644,0.015940506189320844,0.014750987017753429,0.013649218015846669,0.012628873285785191,0.011684061411265385,0.010809298855201486,0.009999484402522922,0.009249874864446986
0.47148684302853733,0.45614164881861524,0.44014119484331354,0.4236291558552769,0.40674557395092165,0.38962455443353683,0.372392366492461,0.3551659623773855,0.3380519097431659,0.3211457142533023,0.3045314966111448,0.2882819795491089,0.2724587345731264,0.25711263882539775,0.24228449264440846,0.22800575238456536,0.21429933785095592,0.20118047935295844,0.18865757576015263,0.17673303812761493,0.16540410354325513,0.15466360409661764,0.14450068194199903,0.13490144532960022,0.1258495631104867,0.11732679602471609,0.10931346702713833,0.10178887310187774,0.09473164261061458,0.08812004100490946,0.08193222868753719,0.07614647787874392,0.0707413518680042,0.06569584988035425,0.06098952284585453,0.05660256351049923,0.05251587426883051,0.048711115839279555,0.04517073996864245,0.041878008749218286,0.03881700187184197,0.03597261526635456,0.0333305514925015,0.0308773048182017,0.02860014041312726,0.026487070805038673,0.02452682889655962,0.022708839299223488,0.02102318838522693,0.019460593289606337,0.018012371006800643,0.016670407183520905,0.015427125576699825,0.014275457920703281,0.013208814681418036,0.012221056744122601,0.011306468088177653,0.010459729656858171,0.009675894299455194,0.008950362974908364
0.465009067604298,0.44936572780986,0.4331288989959294,0.4164410066194685,0.3994398111147314,0.3822562724437499,0.3650128292670953,0.3478220967828504,0.3307859697920509,0.31399510197619573,0.2975287212787464,0.2814547344692112,0.26583006982729557,0.250701208632522,0.23610485736360515,0.22206871712374168,0.20861231199272956,0.1957478437965049,0.1834810470109689,0.17181202113069124,0.16073602685081612,0.1502442329290339,0.14032440642212612,0.1309615424010219,0.122138431669661,0.11383616561586446,0.10603458109288809,0.09871264818274303,0.091848805131466,0.0854212435369228,0.0794081475517643,0.07378789401939101,0.06853921686377544,0.06364133884831127,0.05907407590957847,0.05481791735534655,0.05085408518648386,0.04716457552649568,0.043732185205968575,0.040540525950418696,0.0375740274180304,0.034817932361336575,0.032258284244192824,0.029881910079739494,0.027676397935512853,0.02563007207214523,0.023731965034664623,0.02197178834694306,0.020339902169296233,0.018827284132826385,0.017425498410273393,0.016126664646888077,0.014923427643216693,0.013808927547604145,0.012776770994886414,0.011821003226540379,0.010936081238696835,0.0101168481394017,0.009358508601133088,0.008656605572322826
0.4583007279062284,0.4423820708960331,0.425932170088316,0.4090917125900651,0.3919957452284486,0.37477171577932344,0.35753793434498155,0.3404024498399526,0.32346232071516756,0.30680324555853744,0.29049950993137186,0.2746142007450431,0.2591996368369531,0.2442979672060771,0.22994189047692404,0.2161554542859482,0.20295489876330416,0.19034951413610535,0.1783424884998199,0.16693172578007248,0.15611062186123678,0.1458687876270528,0.13619271321697682,0.12706637073696156,0.11847175487855657,0.11038936131700373,0.10279860634979023,0.09567819096863697,0.0890064138504793,0.08276143655453207,0.07692150464599627,0.07146513168310824,0.06637124931608829,0.061619326494256055,0.05718946288595166,0.053062459650063155,0.04921987069428422,0.04564403726560762,0.04231810878066939,0.039226052211393685,0.03635265119772098,0.03368349798643212,0.031204978497615672,0.028904253117746834,0.026769232684677683,0.024788552454435998,0.02295154339138303,0.021248202329058576,0.019669161323784528,0.018205656396421313,0.016849496641430536,0.015593033347856462,0.0144291299508425,0.013351132584730611,0.012352841635163685,0.011428484314647555,0.010572688301769198,0.009780456600169789,0.009047143511751116,0.008368431863935311
0.4513616982707578,0.4351913702851983,0.4185523384917611,0.401583071401941,0.3844154844396289,0.36717316420582685,0.3499700142329614,0.33290930873461183,0.3160831268000687,0.299572128102389,0.28344562368837134,0.26776189203522105,0.25256868930024046,0.23790390641126008,0.22379632852921136,0.21026645794101922,0.19732736712162735,0.18498555454928928,0.1732417816273651,0.16209187333854055,0.15152747216160525,0.14153673577864928,0.13210497437096722,0.1232152257821477,0.11484876884164998,0.10698557538757583,0.099604704934989,0.092684645469557,0.08620360500090606,0.08013975732814092,0.07447144567834564,0.0691773511337658,0.06423662901290135,0.059629016078906534,0.05533491356196018,0.0513354489831463,0.04761251978724385,0.04414882149143056,0.04092786311782516,0.037933972094573894,0.035152289724665144,0.032568760149306986,0.030170113079340526,0.02794384273165415,0.025878182455764207,0.023962077668604233,0.02218515646260175,0.020537699334312147,0.01901060832011658,0.017595375717101926,0.0162840532911939,0.015069221637722693,0.013943960443291992,0.01290181943286867,0.01193679036245322,0.011043280071825465,0.010216084631702795,0.009450364717744564,0.008741622113948973,0.008085677462849782
0.4441918947372448,0.4277943509974848,0.41099075381861294,0.3939168840138646,0.3767011238830492,0.3594628691981105,0.34231135996234135,0.3253449087144522,0.30865049293875346,0.29230366887097564,0.27636875820652584,0.2608992574014128,0.2459384192654537,0.23151996105354875,0.21766885680537984,0.2044021775050398,0.19172994842810168,0.17965599881601688,0.16817878449670823,0.15729216857858672,0.146986151222003,0.13724754069740916,0.12806056290724022,0.119407408595932,0.11126871929366347,0.10362401312840108,0.0964520548631808,0.08973117387325603,0.08343953480287182,0.07755536448102257,0.07205713868151327,0.06692373558533754,0.06213455901770493,0.057669634207196944,0.0535096809208046,0.049636166811118,0.046031343852864386,0.04267827043760989,0.039560821755299416,0.03666369051917301,0.03397237906283501,0.03147318556730118,0.02915318466513962,0.0270002047014762,0.025002801157514694,0.023150228687588807,0.02143241115918939,0.019839911046364612,0.01836389842973018,0.01699611976482484,0.01572886724723764,0.014554948459749487,0.013467656984014727,0.012460743773215491,0.01152838961092376,0.010665178661488844,0.009866073140804158,0.009126389217750875,0.008441774056560072,0.007808184096534551
0.4367912751347821,0.4201917703202319,0.40324878401442454,0.3860949537100246,0.36885474483059044,0.35164305342198654,0.3345642210211929,0.3177114335269179,0.30116646557103016,0.28499972469269036,0.2692705454691501,0.2540276833887527,0.2393099594018051,0.2251470112405136,0.2115601116920851,0.19856302002300763,0.18616283858387522,0.17436085226541212,0.16315333363306425,0.15253230125388892,0.14248622360930777,0.13300066237882954,0.12405885353434122,0.1156422263230114,0.10773086185212133,0.10030389293650556,0.09333984990558507,0.08681695627066968,0.08071337905726081,0.07500743747278207,0.06967777340566163,0.0647034905224831,0.06006426493441731,0.05574043005233967,0.05171304033824509,0.04796391663857748,0.04447567584472356,0.04123174731208502,0.03821637852805454,0.035414631960109445,0.032812374044592536,0.030396258908527336,0.0281537070468405,0.026072881082514945,0.02414265813627806,0.022352601094807016,0.02069292819191735,0.019154482159492836,0.017728699170337148,0.016407577719135556,0.015183648199738064,0.014049942883483952,0.01299996691812548,0.012027670155888358,0.011127420102687219,0.010293975985390908,0.009522463960847138,0.008808353556321355,0.008147435258912001,0.007535799330816467
0.4291598391629402,0.41238441726326774,0.3953278144653144,0.37811908513330045,0.36087841388530517,0.34371591026521037,0.3267308053326297,0.3100110158921814,0.2936330336453274,0.2776620913613049,0.26215255554866823,0.24714849605763434,0.23268438520182694,0.21878588465909177,0.205470682942941,0.19274935234758228,0.18062620006310348,0.16910009361629677,0.15816524560142442,0.14781194747570356,0.13802724611486059,0.1287955583808609,0.12009922328831556,0.11191899261108491,0.10423446222826802,0.09702444632932578,0.09026729944864857,0.08394119037061698,0.07802433273748659,0.0724951760883394,0.06733256072346239,0.06251584303898267,0.05802499419488719,0.05384067460639234,0.049944288808539426,0.04631802323021794,0.04294486948975275,0.03980863550739509,0.0368939467879795,0.034186239682677394,0.031671747524502025,0.029337482068204142,0.02717121043376403,0.025161429533794202,0.02329733753274333,0.02156880446998923,0.01996634148677292,0.018481069823413115,0.0171046897799871,0.015829449771984985,0.014648116172260077,0.013553943662898738,0.012540646656866127,0.011602371609686914,0.010733670481797061,0.009929475340756057,0.009185074122222565,0.008496087620144494,0.007858447630663346,0.007268376308417215
0.42129762846642593,0.40437311201466436,0.38722924712082124,0.3699910833500269,0.35277418221862106,0.33568360341586223,0.31881327927648856,0.3022457380079397,0.2860521295941382,0.2702925050301068,0.2550162983412315,0.24026296296655456,0.2260627171163095,0.21243735877044492,0.199401115850505,0.18696150321809513,0.17512016384308823,0.16387367671691452,0.153214318527862,0.1431307709998454,0.13360876880153857,0.12463168463388877,0.11618105211500558,0.10823702797970093,0.10077879640002287,0.0937849179413626,0.08723362833496014,0.08110309120566989,0.07537160958049693,0.07001779993326807,0.0650207320476715,0.06036004119395963,0.05601601536856821,0.05196965995655172,0.048202744198934944,0.04469783185354092,0.04143829852775928,0.03840833784426496,0.03559295865756244,0.03297797501124539,0.030549989667014117,0.028296373478429237,0.026205240786945375,0.02426542267843903,0.022466437669643444,0.020798461804892455,0.019252297628987836,0.017819343115592915,0.016491560717373857,0.015261446655521425,0.014122001076360021,0.013066698816985824,0.012089461283279647,0.011184629271870599,0.010346936967096553,0.009571487095136583,0.008853727249732461,0.008189427442119505,0.0075746588062605,0.007005773501168751
0.4132047267036477,0.3961587053973205,0.3789544996325073,0.36171275294598787,0.34454408484961596,0.32754826648624663,0.31081376775191705,0.2944176320833337,0.278425630321486,0.2628926435978658,0.2478632252721525,0.23337229510583915,0.21944592262276505,0.20610216292452388,0.19335191332819934,0.18119976524386394,0.16964483123699622,0.1586815321889877,0.14830033352983618,0.1384884244296249,0.12923033597540898,0.12050849618505242,0.11230372339701117,0.10459566014425427,0.09736315075038644,0.09058456549613077,0.08423807668864944,0.07830189083089766,0.07275444167818401,0.06757454793617629,0.06274153876148802,0.05823535338574907,0.05403661749388035,0.050126698586419265,0.046487744531704164,0.04310270755106476,0.039955355981827194,0.0370302758469515,0.03431286431579333,0.03178931663028892,0.029446607266286142,0.02727246744964158,0.025255359184387184,0.023384447494272802,0.021649570468716604,0.020041208947227662,0.01855045533415571,0.017168982539488953,0.015889013186875363,0.014703289193410497,0.013605042288504645,0.012587965231484192,0.01164618417785904,0.01077423203676968,0.009967023022796227,0.009219828377938583,0.00852825327402909,0.007888214931684071,0.0072959218931344,0.006747854475079072
0.40488125960916826,0.38774207832669777,0.37050500450855717,0.3532858971533522,0.3361901399653058,0.31931200268048193,0.3027343542784669,0.28652868089937156,0.2707553581999538,0.2554641280847359,0.2406947309710891,0.2264776487822276,0.21283491822850037,0.19978098039651612,0.18732353790531725,0.17546439679574088,0.16420027563367665,0.15352356898099936,0.14342305606054892,0.1338845503397762,0.12489148708683549,0.11642544788142563,0.10846662442942785,0.10099422429877607,0.09398682217441953,0.08742265975598054,0.08127989972730366,0.07553683801702463,0.07017207907025573,0.06516467785873563,0.06049425166188997,0.05614106774325516,0.05208610943078687,0.04831112270148444,0.04479864729274381,0.04153203444084846,0.03849545345827566,0.03567388904893418,0.03305313131480231,0.030619759916211728,0.028361123096563804,0.026265313542179657,0.02432114121575771,0.02251810473304236,0.020846360895382672,0.019296694071289183,0.01786048494498146,0.016529679547301616,0.015296758686964581,0.014154707874377125,0.013096988248076692,0.012117508280558553,0.011210596663033366,0.010370976222160664,0.00959373904577238,0.00887432278765725,0.008208488157800854,0.0075922976189611345,0.0070220952328330895,0.0064944876675045345
0.3963273950500377,0.37912414127004923,0.36188220828456896,0.34471231700820787,0.3277143482808465,0.3109768845039319,0.2945770811333345,0.27858081839331733,0.2630430820749592,0.24800852399632822,0.23351215491606225,0.21958012745440017,0.2062305714094428,0.19347445034733038,0.18131641363815684,0.1697556238096886,0.15878654414890794,0.14839967583536035,0.13858223717215498,0.1293187823261253,0.12059175756557135,0.1123819949962968,0.10466914684819752,0.09743206336086967,0.09064911815764577,0.08429848445213564,0.07835836756225414,0.07280719793934093,0.06762378933945366,0.06278746581382336,0.058278160416039566,0.05407649153454728,0.05016381923404772,0.04652228357804102,0.04313482876575365,0.03998521504419466,0.037058020474892935,0.03433863432756458,0.03181324392576268,0.029468816298435802,0.027293075291569317,0.02527447596637191,0.023402176404969582,0.0216660083667475,0.02005644642962085,0.01856457717380828,0.01718206795222047,0.01590113608584583,0.014714518580654009,0.013615442446689188,0.012597596075228213,0.011655101467260396,0.010782487665390405,0.009974665252349097,0.009226902068588547,0.008534800113890292,0.007894273635819692,0.0073015284118962374,0.006753042174319413,0.006245546175690046
0.3875433430759869,0.3703058337074469,0.35308757071073527,0.33599381053836913,0.3191186924385954,0.3025449535127401,0.2863439495225363,0.2705759302647075,0.2552905182741735,0.240527342674428,0.2263167830455882,0.21268078351968278,0.19963370248596152,0.1871831697103173,0.17533092794033278,0.1640736415060927,0.15340365919226262,0.1433097226739376,0.13377761470238964,0.12479074598550256,0.11633067959415724,0.10837759380254586,0.10091068701466754,0.09390852818195716,0.08734935682856464,0.08121133619714903,0.07547276498893844,0.07011225186363877,0.06510885720995925,0.06044220579222776,0.056092573030853694,0.052040950592479464,0.048269093546664164,0.0447595509348302,0.0414956833910927,0.03846166963945527,0.035642503816259566,0.03302398526637808,0.03059270251270879,0.02833601264835919,0.026242016751474966,0.024299533009735013,0.02249806765922394,0.02082778505966085,0.01927947656167686,0.017844529593699778,0.01651489653852441,0.015283064164314105,0.014142023686790786,0.01308524153244874,0.012106631207510047,0.01120052608173856,0.010361653394652457,0.009585109357046958,0.008866335477369291,0.008201096073298449,0.007585456968079723,0.007015765365663379,0.006488630858751396,0.006000907556052506
0.3785293559634733,0.3612881235949164,0.3441225639555628,0.32713217198105954,0.3104051364449156,0.2940182201016856,0.27803691978380823,0.26251585460069005,0.24749933162003987,0.23302204263288626,0.2191098493382721,0.2057806200522186,0.19304508643692322,0.18090769500636847,0.1693674333351766,0.15841861602833324,0.14805161995354477,0.13825356190613744,0.12900891438888634,0.12030005983008765,0.11210778282358273,0.10441170209676384,0.09719064635963096,0.09042297772566643,0.08408686698765615,0.0781605243816949,0.07262239126882462,0.06745129683021467,0.06262658414963028,0.05812820919820093,0.05393681533569831,0.05003378875701825,0.04640129701295367,0.04302231232663006,0.039880623148359155,0.03696083564086707,0.034248366914968194,0.031729431543818465,0.029391022932946934,0.027220890694826912,0.025207514576086526,0.023340076489883906,0.021608430743134437,0.020003073664675707,0.018515112311254633,0.01713623355438841,0.01585867314391426,0.014675185442683985,0.013579013891008034,0.012563862260549242,0.01162386705418153,0.010753570876169884,0.00994789703842675,0.009202125285100558,0.00851186874364619,0.007873052058690233,0.007281890705237974,0.00673487146359359,0.006228734015040023,0.005760453633535505
0.3692857282535712,0.3520720068299973,0.3349886718262981,0.31812919103011156,0.30157562514367314,0.2853986633286831,0.2696579116191787,0.2544023825185881,0.2396711364435893,0.22549403087746372,0.21189253735941116,0.198880592493048,0.18646545465334502,0.17464854408959635,0.16342624913314466,0.15279068600410387,0.1427304038126611,0.1332310296636124,0.12427585091528984,0.11584633614018532,0.10792259503500487,0.10048377967760816,0.09350843168995786,0.08697477921706867,0.0808609881151502,0.0751453710575384,0.0698065599043062,0.06482364533695704,0.060176287976718076,0.055844804394163804,0.0518102304782102,0.04805436733400207,0.0445598117107497,0.04130997255909784,0.03828907696184586,0.03548216700142202,0.03287508925764965,0.030454478347183702,0.028207735962824533,0.02612300646484992,0.02418914952295359,0.02239571123189192,0.020732893776673197,0.019191524742750297,0.017763025768996334,0.016439381727551643,0.01521311005176114,0.014077230839703272,0.013025237775309008,0.012051069917317248,0.011149084667272904,0.010314031755520287,0.009541028471889975,0.008825536032288127,0.00816333716942952,0.007550514900521053,0.006983432465700342,0.006458714409010521,0.005973228765618345,0.005524070320512842
0.3598127967836891,0.3426585067199945,0.32568738900615,0.30898665211223897,0.29263208372531857,0.27668823077424265,0.26120880435518073,0.24623725882363112,0.2318074975978008,0.21794466420845632,0.20466598177422549,0.19198161029256397,0.17989549663296261,0.16840619782570487,0.15750766303702002,0.14718996403276266,0.13743996767655817,0.1282419469653984,0.11957812889299467,0.11142918175915645,0.10377464275102542,0.09659328878158352,0.0898634554606599,0.08356330826520006,0.07767107035959005,0.07216521080830372,0.06702459840778967,0.062228625022355884,0.05775730247154929,0.0535913362547316,0.0497121784331335,0.04610206456998463,0.042744036602168106,0.03962195312413576,0.03672049012798688,0.03402513363878179,0.03152216581472836,0.02919864581066842,0.02704238674768088,0.02504192974835615,0.023186515489175406,0.02146605456885179,0.019871096755708077,0.018392800104225896,0.017022899659046832,0.0157536768171117,0.014577928994142926,0.013488940159352706,0.012480452265223322,0.011546637613831791,0.010682072428431656,0.009881711483214702,0.009140863981531917,0.008455170582347547,0.007820581644716978,0.0072333366400734915,0.00668994472365608,0.006187166427320748,0.0057219964417995015,0.005291647444648152
0.3501109407131113,0.3330486734532325,0.3162202203084427,0.2997063336919843,0.2835764172704995,0.26788883843427186,0.25269143722878545,0.23802218267994882,0.223909931468925,0.21037525050509956,0.1974312698274419,0.1850845385059134,0.17333586161710773,0.16218110170518713,0.1516119326776485,0.1416165381019205,0.13218024924673646,0.12328612081713443,0.11491544378215587,0.10704819883402784,0.09966345179982367,0.0927396944792578,0.08625513601504094,0.08018794896115639,0.07451647450907624,0.06921939060953068,0.06427584806609614,0.05966557834921094,0.05536897699362736,0.05136716573022971,0.04764203552408087,0.0441762751428379,0.04095338700242053,0.03795769165508777,0.03517432376398147,0.03258922088331578,0.030189106492888484,0.027961468476411646,0.025894534274848877,0.02397724358582757,0.022199219015752805,0.02055073586448934,0.01902269109398511,0.017606572370904943,0.016294426921627126,0.01507883116242727,0.013952860775565182,0.012910061734822087,0.011944422293619921,0.011050345969035437,0.010222625750713853,0.009456419400925883,0.008747226002207618,0.008090863660534143,0.007483448416775788,0.006921374313677304,0.006401294607463727,0.005920104077793781,0.005474922408199893,0.0050630785852307575
0.3401805815423502,0.32324358357355987,0.3065886799477459,0.2902900076048672,0.2744105103271044,0.25900237064461873,0.24410760969719442,0.22975880829301765,0.21597990698429995,0.2027870499908604,0.19018944278909028,0.17819019934197983,0.16678716017130493,0.15597366739345045,0.14573928708288733,0.1360704729363761,0.12695116822069752,0.11836334524783743,0.11028748275543551,0.10270298550510916,0.09558854783525599,0.08892246503472934,0.08268289779541754,0.07684809395387367,0.07139657194694692,0.06630726967941955,0.061559663701216655,0.05713386228973392,0.05301067610454423,0.04917166941980221,0.0455991939580737,0.042276409667765545,0.03918729406614802,0.03631664140109177,0.03365005427678772,0.031173928947349355,0.028875435609281026,0.026742494777533633,0.02476375086865346,0.02292854377774283,0.021226878813390283,0.01964939605675177,0.018187339185497576,0.016832524557839602,0.015577310314578685,0.014414566359687648,0.013337644914076097,0.01234035208906083,0.011416920480268919,0.010561982807783008,0.00977054679451066,0.009037971161707545,0.00835994286676796,0.007732455499010015,0.007151788870545575,0.006614489747373613,0.00611735370782192,0.005657408074501349,0.005231895895725577,0.004838260917507181
0.33002218312630804,0.31324433945840024,0.2967942908280867,0.28073943841831067,0.26513622651971785,0.2500306800358359,0.23545908176972935,0.2214487456018538,0.20801884661531891,0.19518127647884473,0.18294149736642742,0.1712993736666253,0.1602499657109976,0.14978427421992715,0.13988992808234232,0.1305518112823366,0.1217526274305179,0.11347340228751447,0.10569392550771886,0.09839313654770943,0.0915494568157887,0.0851410722309275,0.07914617152666792,0.07354314450550706,0.06831074459344608,0.06342821932145389,0.05887541342828273,0.05463284801261384,0.050681779196977854,0.04700423915414717,0.04358306137267795,0.040401894218341595,0.03744520429072443,0.034698270719909975,0.03214717285169873,0.029778772414756415,0.02758069138652866,0.025541286542163512,0.023649621706376793,0.021895438414784033,0.02026912530870067,0.018761687221310164,0.01736471398619437,0.016070349673808822,0.014871262032895825,0.013760612900540169,0.012732029298855578,0.011779575611020684,0.010897726826312383,0.0100813428730147,0.00932564419682402,0.008626188475726514,0.007978848567560051,0.007379791613401543,0.0068254593195251016,0.006312549361406252,0.00583799789514772,0.005398963115877912,0.004992809842621328,0.004617095064549539
0.3196362516812335,0.3030520688005759,0.2868385838482395,0.271056382819836,0.25575540819037973,0.24097558751662307,0.22674757436009163,0.21309356097933288,0.20002812737426873,0.18755909859661127,0.1756883870819859,0.16441280246092285,0.15372481597381812,0.14361327060819457,0.13406403165040492,0.12506057512979324,0.11658451392160353,0.10861606288874119,0.10113444501489499,0.09411824396891007,0.0875457054450027,0.08139499166321114,0.07564439437476127,0.07027251052823817,0.06525838483487229,0.060581622760084136,0.05622247841161962,0.052161920572601064,0.0483816801300818,0.0448642815879372,0.0415930603955807,0.03855216986224174,0.03572657903603869,0.03310206258860299,0.030665184959767094,0.02840327975007679,0.026304425467648353,0.02435741851753905,0.022551744354244965,0.0208775474278312,0.019325600209841944,0.01788727215402394,0.01655449861408029,0.01531975033955873,0.014176003345333671,0.013116709827088254,0.012135769863424597,0.011227504246773315,0.010386628422861635,0.009608227551316293,0.008887732813208779,0.008220898867945357,0.007603782529183419,0.007032722589942537,0.006504320806608136,0.0060154239840504485,0.0055631071457030185,0.005144657722462726,0.004757560743167385,0.0043994849562622685
0.30902333578547225,0.29266792409418835,0.27672309722416943,0.26124258903207753,0.24626987606965978,0.2318388822845286,0.2179747696573923,0.20469477793914517,0.1920090818039478,0.17992164098985236,0.16843102361785936,0.15753118823516668,0.14721221443985893,0.1374609754491175,0.12826174919004105,0.11959676687580888,0.11144669997456517,0.10379108779518832,0.09660870824461529,0.08987789756215149,0.08357682157620482,0.07768370300353544,0.07217701008223909,0.06703561060415364,0.0622388954415398,0.05776687497047204,0.05360025261958894,0.0497204786030616,0.04610978687145669,0.04275121780189594,0.03962862821638283,0.0367266922112777,0.03403089406023171,0.03152751413142185,0.029203609883352598,0.027046992826355972,0.025046202450033476,0.023190477913275758,0.021469728322504635,0.019874502156825458,0.018395956090650686,0.017025823971428194,0.015756385966795624,0.014580438422904903,0.013491264247227772,0.012482604402403327,0.011548630273675222,0.010683917204727188,0.009883419172976209,0.00914244461115081,0.008456633471681574,0.007821935447096768,0.0072345893918813586,0.006691103882614068,0.006188238914298085,0.00572298867422849,0.005292565375953451,0.004894384082346553,0.004526048503578604,0.004185337695117525
0.2981840263740038,0.2820930821247587,0.26644937582859674,0.2512997962540955,0.23668142897696592,0.2226223218624486,0.20914231151436208,0.19625387784793474,0.18396299895895898,0.17226998550439404,0.16117027812632911,0.15065519639944502,0.14071263170132778,0.13132767941892926,0.12248320875966157,0.11416037043132116,0.10633904407297033,0.0989982283598959,0.09211637682176087,0.08567168542221067,0.07964233458350624,0.0740066902372742,0.06874346908244522,0.06383187198970576,0.05925168947575859,0.05498338250322935,0.051008142578876106,0.04730793401188684,0.0438655211458601,0.040664482914484226,0.03768921617038223,0.03492493098534946,0.03235763907086727,0.029974136164276265,0.02776198025907359,0.025709466470928838,0.023805599437675577,0.022040063962957997,0.020403194638724143,0.018885944937598976,0.017479855992380118,0.01617702572836911,0.014970078355802541,0.013852134689853413,0.01281678312869263,0.01185805179575998,0.010970381629933586,0.01014860067420085,0.009387899526318915,0.008683807953091047,0.008032172737970491,0.0074291366853497425,0.006871118804995175,0.006354795619749721,0.005877083583812578,0.005435122552470233,0.005026260284736815,0.004648037903926382,0.004298176304732462,0.0039745634282661
0.2871189567267639,0.27132874346390057,0.2560189705477162,0.24122973412851947,0.22699184354912003,0.21332763215958386,0.2002518058512852,0.1877723006413249,0.17589112537778834,0.16460517234616415,0.15390698250709817,0.14378545659165407,0.13422650678305964,0.12521364624420855,0.11672851624539776,0.10875135227404152,0.1012613918196683,0.09423722731599088,0.08765710765124099,0.08149919442304611,0.07574177570163601,0.07036344187472562,0.06534322859425971,0.060660730606207844,0.0562961901909963,0.05223056330502566,0.048445567128837956,0.04492371168114155,0.041648318090821694,0.03860352570316027,0.035774289334145275,0.03314636958997014,0.03070631729107533,0.028441452755231883,0.026339841637521188,0.024390268028439455,0.022582205610856613,0.02090578750324482,0.019351775438491356,0.017911528705854617,0.01657697304222461,0.015340570051968113,0.014195287156380501,0.013134568470952715,0.012152306457442294,0.011242814781855931,0.0104008021823667,0.009621347556680223,0.00889987622583986,0.00823213737143542,0.007614182691520123,0.00704234620811404,0.006513225229965497,0.006023662419605172,0.00557072894259842,0.005151708639747704,0.004764083202806101,0.004405518275553151,0.004073850471339256,0.0037670752256651575
0.27582880245074337,0.26037613196871423,0.24543343765501557,0.23103412223397155,0.21720287399614543,0.20395650755548636,0.19130482107420793,0.1792514455425423,0.16779466604475132,0.1569282012187363,0.14664193065134057,0.13692256396377644,0.12775424841524705,0.11911911391556784,0.11099775648094964,0.10336966244983833,0.09621357680419922,0.08950781950237834,0.0832305535005571,0.0773600106607706,0.07187467833653696,0.06675345113909938,0.06197575269886198,0.05752163101763116,0.053371830923219704,0.04950784653580026,0.04591195717639893,0.04256724917071105,0.039457625919222035,0.036567808235107115,0.03388332613260003,0.031390504706968095,0.02907644504015638,0.026929000800421068,0.024936752059065377,0.023088976940368676,0.021375621812558757,0.019787270569715628,0.018315113572717028,0.016950916617488043,0.01568699008781758,0.014516158791116817,0.013431732472642012,0.01242747734211411,0.011497588475489425,0.010636663453299217,0.009839677059030997,0.009101957209091842,0.008419162065851978,0.00778725832660538,0.007202500711669338,0.006661412593438753,0.006160767752355285,0.005697573214409287,0.0052690531398072215,0.004872633703774004,0.0045059289493630805,0.00416672753172157,0.0038529803472225517,0.0035627889639077543
0.26431428145586244,0.24923649428614122,0.2346943382021791,0.22071466960229016,0.20731625188331534,0.19451061100591927,0.18230288850608048,0.17069267178249667,0.15967478534104815,0.14924003243821896,0.13937587965291676,0.13006708042733856,0.12129623625981874,0.1130442958519144,0.10529099431716991,0.09801523552495538,0.09119542142371215,0.08480973254681426,0.07883636354445898,0.07325371986394383,0.06804057834873242,0.06317621613273196,0.0586405124000234,0.054414026396926204,0.050478054975385676,0.04681467238331112,0.043406755451999124,0.0402379964262396,0.037292905588927755,0.034556805507336384,0.032015817957416905,0.0296568458980015,0.02746755132818312,0.025436329614829452,0.023552281645136997,0.021805184340411527,0.020185460150889862,0.018684146008721533,0.017292862230796093,0.01600378168449896,0.014809599346963395,0.013703502680770727,0.0126791428168564,0.011730606819197695,0.01085239090904702,0.010039374945712776,0.00928679800594161,0.008590235198500601,0.007945575660943536,0.007349001727783734,0.0067969692735020725,0.006286189180517379,0.0058136099024428565,0.0053764010824658166,0.004971938189321787,0.004597788112379356,0.004251695695210971,0.003931571125443246,0.0036354781763801624,0.0033616232154471035
0.25257615392462435,0.23791109936247634,0.22380323742702246,0.21027307426001499,0.19733368593847603,0.18499157416928438,0.1732475028295519,0.16209729932021913,0.15153260798423548,0.14154158802529535,0.13210955098710847,0.12321953585894013,0.11485282209184515,0.10698938201703656,0.09960827564342938,0.09268799149130459,0.08620673765970845,0.08014268750864918,0.07447418387387701,0.06917990777318979,0.06423901431126769,0.05963123998311113,0.05533698566925983,0.05133737848196751,0.04761431549592643,0.04415049187562645,0.040929416266978186,0.03793541549154145,0.03515363047950596,0.03257000509604428,0.030171268796419508,0.027944915220522816,0.025879177464138144,0.023963000537416262,0.0221860122043858,0.020538492665047918,0.01901134361682966,0.01759605710453888,0.016284684578911007,0.015069806425782132,0.013944502071888864,0.0129023210203299,0.01193725480237583,0.01104371006569201,0.010216482690971073,0.009450733174814605,0.00874196313854592,0.008085993067633367,0.007478941225135334,0.0069172037252484215,0.00639743575284346,0.005916533886814388,0.005471619483924825,0.005060023087868688,0.004679269819923657,0.004327065693572707,0.004001284832166709,0.0036999575064772393,0.00342125898951175,0.003163499142925691
0.24061522227553744,0.226401237958246,0.21276170417839615,0.19971102279361735,0.18725686188369106,0.1754009975523905,0.16414012254016802,0.1534666095626307,0.14336921995544588,0.13383375277424353,0.12484363165724958,0.11638042926675815,0.10842433093732243,0.10095453999025224,0.09394962836275662,0.0873878366269609,0.08124732781280189,0.07550639948341924,0.07014365797120888,0.06513816049207599,0.06046952774396492,0.05611803097022672,0.05206465747713037,0.04829115752215887,0.044780075352045166,0.041514766692146494,0.038479405272786156,0.03565898022569714,0.03303928607604244,0.03060690681510131,0.028349194873776302,0.02625424685582474,0.02431087667713443,0.022508586550045197,0.020837536853137755,0.01928851527869594,0.017852905716669195,0.01652265722116026,0.015290253412804083,0.014148682532110135,0.013091408227331394,0.012112341365447116,0.011205812849528625,0.010366547612842197,0.00958963969512818,0.008870528584884593,0.008204976704034283,0.0075890481106977,0.007019088360799028,0.006491705511925882,0.006003752239954767,0.005552309033379556,0.005134668410315928,0.004748320127448568,0.004390937332242925,0.004060363601959612,0.003754600848419008,0.0034717980051176185,0.003210240495737404,0.0029683403983467816
0.22843233112031258,0.21470822216862573,0.2015713103579734,0.1890301899379372,0.17708744229025958,0.16574045067440568,0.15498217040882392,0.14480184608270477,0.13518566941382842,0.12611737529889336,0.11757877530970494,0.10955022991895477,0.10201106216869502,0.09493991599279451,0.08831506332266263,0.08211466431392361,0.07631698519757876,0.07090057817131167,0.06584442715388486,0.061128064811014834,0.05673166332556924,0.052636102636609006,0.04882301981181818,0.04527484221661602,0.041974806998512346,0.03890696897366122,0.03605619922232626,0.03340817602495925,0.030949369660048888,0.028667022383511053,0.026549124300699833,0.02458438674881113,0.02276221375027975,0.021072671909714968,0.01950645964959204,0.01805487611284361,0.016709790118499872,0.01546360945808003,0.014309250824361706,0.0132401105446561,0.012250036181824783,0.011333299232621405,0.010484568903838398,0.009698887091638976,0.008971644482120865,0.008298557908066367,0.007675648853960611,0.007099223158978561,0.006565851856831586,0.006072353133691723,0.005615775361478242,0.005193381177931836,0.004802632548652065,0.004441176784570848,0.004106833462130584,0.0037975821911737967,0.003511551209513463,0.003247006721236784,0.0030023429792251253,0.0027760730268240976
0.21602836721483176,0.20283338494960268,0.19023363037885002,0.17823223818730805,0.16682706645620415,0.15601147224786652,0.14577503395235433,0.13610421533513326,0.12698296759768413,0.11839326905545758,0.11031560331764732,0.10272937843491341,0.09561329055943044,0.08894563587157345,0.08270457520350599,0.07686835581509706,0.07141549479957156,0.06632492841148765,0.06157613098808299,0.05714920850591308,0.05302496908531628,0.04918497388138364,0.045611571686112455,0.04228791964482687,0.03919799234266017,0.0363265811319174,0.03365928573372782,0.031182499549605572,0.02888339000743965,0.026749875101711174,0.024770596736408315,0.022934892259141262,0.021232764666757206,0.019654851793617267,0.01819239524122608,0.016837209318603337,0.015581650312180765,0.014418586319478772,0.01334136788141774,0.012343799546464331,0.011420112411583073,0.010564937815990634,0.009773282166011385,0.00904050297609011,0.008362286055800746,0.0077346239339587215,0.007153795426650421,0.006616346375725302,0.006119071495617741,0.005658997307976405,0.005233366110212637,0.004839620955313993,0.0044753915701238505,0.004138481189439297,0.003826854250132327,0.00353862489201956,0.003272046244678335,0.003025500418323005,0.002797489200483642,0.002586625374688052
0.20340425940389623,0.19077807965004953,0.17875024064085335,0.16731881742883725,0.1564773503053186,0.1462155703756528,0.13652006591121782,0.12737488736869068,0.11876208971186904,0.11066221334226996,0.10305470583412245,0.09591828784022623,0.08923126729895198,0.08297180604190084,0.0771181433661707,0.07164878101238548,0.0665426338962343,0.061779150684085474,0.05733840767431173,0.05320118061312725,0.049348996575306434,0.04576416903952653,0.04242981913376258,0.039329885190563976,0.03644912260615072,0.03377309565910736,0.03128816305678762,0.028981458455819717,0.026840867093535715,0.02485499953653791,0.02301316305907515,0.021305331823401556,0.019722116267711098,0.01825473195653422,0.01689496852489819,0.015635158932130095,0.014468149282198228,0.013387269396205739,0.012386304320158628,0.01145946686625028,0.010601371216380088,0.009807007715737254,0.009071718833105077,0.00839117633723393,0.007761359630058532,0.007178535289005374,0.006639237738923356,0.006140251059867425,0.0056785918683543175,0.005251493250260005,0.004856389682323135,0.004490902924943011,0.0041528288072813285,0.0038401248855733255,0.003550898916741627,0.003283398096029087,0.0030359990382167754,0.002807198422247973,0.0025956043020627663,0.002399928001701386
0.1905609785597465,0.17854367954986183,0.16712271902243775,0.15629156459730129,0.14603988630688633,0.13635422276288023,0.12721858473326383,0.11861499653452114,0.11052397580107819,0.10292495427648311,0.09579664281490714,0.089117344586355,0.0828652209691947,0.07701851439070422,0.07155573266077031,0.0664557991076855,0.06169817264372207,0.05726294158166107,0.05313089440650869,0.04928357168222933,0.04570330102501009,0.042373217947457416,0.03927727519615596,0.03640024245979581,0.03372769818407446,0.031246014937650758,0.028942339842295082,0.02680457113267783,0.02482133180502687,0.022981941214685567,0.02127638504650888,0.019695284627960784,0.018229865921521052,0.016871928400131627,0.015613814319145016,0.014448378552391323,0.013368959192892318,0.012369349060030238,0.011443768249607592,0.010586837794003313,0.009793554446900186,0.00905926667758286,0.008379651850378176,0.00775069460739193,0.007168666405400009,0.006630106225208054,0.006131802386673538,0.005670775458131348,0.005244262198317908,0.0048497005080730534,0.004484715321627503,0.004147105424919407,0.0038348311174952747,0.0035460027021426395,0.003278869743151052,0.003031811044162087,0.002803325325701679,0.0025920225245286486,0.002396615718457566,0.0022159135971937544
0.17749953751436576,0.16613157740435314,0.15535264438906837,0.14515210335113818,0.1355162434152267,0.1264288769427153,0.11787187506266716,0.10982564218968134,0.10226953160868314,0.09518220574782604,0.08854194501170307,0.08232690953590148,0.07651535848404681,0.07108583114174405,0.06601729419803176,0.06128925928851192,0.05688187463121135,0.052775994251728964,0.04895322770620021,0.04539597400798323,0.04208744147913724,0.03901165599602377,0.03615345990017539,0.03349850319328506,0.03103322850190118,0.028744851050627594,0.026621334914440815,0.024651366444298255,0.02282432565885702,0.021130256324518905,0.01955983506631927,0.01810434029219226,0.01675562120410021,0.015506067053714332,0.014348577048220892,0.013276531030794209,0.01228376108553267,0.011364524169628269,0.010513475867637562,0.009725645307857585,0.008996411243031553,0.008321479342861137,0.00769686067331599,0.007118851354172105,0.006584013354838969,0.006089156417714504,0.005631321053883283,0.005207762585148277,0.004815936171686147,0.0044534828021221985,0.004118216170594077,0.0038081104324475677,0.00352128875234623,0.003256012631872467,0.0030106719572151807,0.0027837757203842033,0.0025739433947422393,0.0023798968898494457,0.002200453089986077,0.002034516899906058
0.1642209909855632,0.15354318499501998,0.1434415961179495,0.13390204376899517,0.12490796702820033,0.11644095051511931,0.10848118823310109,0.10100788939525228,0.0939996294208283,0.08743465034953778,0.08129111493618411,0.07554731891438067,0.07018186599287601,0.06517380968424602,0.060502766084928716,0.05614900135988483,0.052093497404375,0.04831799881196119,0.04480504373317885,0.04153798184284296,0.03850098092002052,0.035679024171838825,0.03305790022803256,0.03062418717447004,0.028365231870700298,0.026269125593125574,0.024324677046442412,0.022521383477164918,0.020849400527902805,0.01929951142601341,0.017863095775278857,0.016532098561709733,0.015298999589799253,0.014156783465999917,0.013098910437388016,0.012119288172167775,0.011212244586726438,0.010372501787785302,0.00959515118800675,0.00887562981171069,0.008209697782589212,0.00759341700866127,0.007023131039344792,0.006495446063763714,0.006007213018659494,0.0055555107708545855,0.005137630329659367,0.004751060051160214,0.004393471775547512,0.004062707874199396,0.00375676912772619,0.0034738034302637393,0.003212095232655563,0.0029700557142365858,0.0027462136243677966,0.002539206749884258,0.0023477739900741607,0.002170747967629728,0.0020070481804380555,0.0018556746213493562
0.15072643549685186,0.1407799326868586,0.13139115363896972,0.12254298206631781,0.11421657896387662,0.10639183139761872,0.09904774276434512,0.09216276960847493,0.08571510889557388,0.07968294028667444,0.0740446277954961,0.06877888522943622,0.06386490974935961,0.05928248736638504,0.055012074126108035,0.05103485634407582,0.047332792959599294,0.043888642739552765,0.04068597857408858,0.0377091915912166,0.03494348637559022,0.032374869087897315,0.029990130079819127,0.027776822133235235,0.025723235341085,0.02381836948481096,0.02205190473954737,0.02041417129266497,0.018896118373403315,0.017489283168690615,0.016185759827663758,0.014978169011331663,0.013859628152588349,0.0128237225075313,0.011864477219065613,0.010976330446674799,0.010154107627728807,0.009392996909368635,0.008688525777956162,0.008036538883144553,0.007433177040029095,0.006874857397613091,0.0063582547488092835,0.005880283933096906,0.005438083307640597,0.005028999232224021,0.0046505715329069365,0.004300519896961398,0.003976731142745696,0.0036772473415391483,0.0034002547110238957,0.0031440732787775933,0.0029071472288808528,0.0026880359236799763,0.002485405543256488,0.002298021301698968,0.0021247402227818836,0.0019645044074489805,0.0018163347983313532,0.0016793253725244876
0.13701700929111493,0.1278432689923398,0.11920289599170636,0.11107650033144065,0.10344357745453724,0.09628287808718233,0.08957272486150447,0.08329128136833229,0.07741677787686356,0.07192769826194206,0.06680293239973141,0.062021898158366943,0.05756463694676156,0.053411886254939644,0.049545132492553684,0.045946647049685235,0.042599508210390186,0.03948761123614136,0.03659566851019785,0.03390920198665656,0.031414529013953384,0.02909874300431209,0.026949690229462708,0.024955943646070972,0.023106774556231564,0.021392122783931197,0.019802566005509982,0.018329288684825282,0.016964050984021276,0.015699158017346025,0.014527429592296328,0.013442170757442225,0.012437143277133229,0.011506538083316926,0.010644948849378432,0.009847346712188723,0.009109056174163466,0.008425732199579533,0.007793338505884901,0.007208127031164059,0.0066666185546760655,0.006165584436853405,0.0057020294547693974,0.0052731756704455365,0.0048764473143397755,0.00450945661443943,0.004169990544285278,0.0038559984357343638,0.0035655804032359052,0.0032969765573146485,0.0030485569272197133,0.0028188120936410706,0.0026063444466035844,0.0024098600626151516,0.00222816114583658,0.0020601389955164644,0.0019047674834157583,0.0017610969781057845,0.0016282487215495685,0.0015054095938020953
0.12309389223807236,0.11473466014219649,0.10687840139835317,0.09950416628067611,0.09259043715726016,0.0861154199323695,0.08005728891611202,0.07439439097411212,0.06910541319319605,0.06416951833931536,0.059566452042005245,0.05527662540488609,0.05128117652080799,0.04756201386244834,0.04410184435891239,0.040884188611524194,0.03789338542741586,0.03511458756963795,0.032533750265611616,0.030137614253072324,0.027913684225527282,0.02585020383996431,0.023936128274723602,0.022161095033126178,0.020515393604330082,0.018989934502975283,0.017576218152640696,0.016266303943240225,0.015052779721429427,0.013928731985383669,0.012887716878052001,0.01192373217945813,0.011031190379432666,0.010204892855324091,0.009440005234723875,0.008732033946724478,0.008076803965745212,0.0074704377420710556,0.006909335298685458,0.00639015546333769,0.00590979820805395,0.005465388045761573,0.005054258461221477,0.004673937304085825,0.004322133132056103,0.00399672242419686,0.0036957376450865967,0.0034173561014360153,0.0031598895416345496,0.002921774476975627,0.002701563146516012,0.0024979151284884094,0.0023095895168739715,0.002135437658973353,0.0019743964017392398,0.0018254818124707048,0.0016877833588473544,0.0015604584901713606,0.001442727625246608,0.001333869487838999
0.10895830573555987,0.10145558966312439,0.09441924685238975,0.08782753303186282,0.08165860918028951,0.07589075741490099,0.07050255800838814,0.06547303315646312,0.06078176144084529,0.05640896678564711,0.05233558535167105,0.0485433135259589,0.045014639921251556,0.041732863843114094,0.03868210251080918,0.035847289002634064,0.033214162653485944,0.030769253394212236,0.028499861237050648,0.02639403225097917,0.024440531693588317,0.022628815175786042,0.02094899858180395,0.019391827252579232,0.01794864487076087,0.01661136242617003,0.015372427575498183,0.014224794621163214,0.013161895272320192,0.012177610375585434,0.011266242667580334,0.010422490650098684,0.009641423636678447,0.008918457974463374,0.008249334467966654,0.007630096990523938,0.0070570722655919895,0.00652685079651022,0.0060362689083221935,0.005582391861928462,0.005162498009919502,0.004774063932080363,0.004414750529358216,0.004082389998648054,0.003774973681125838,0.003490640698296626,0.0032276673627283244,0.002984457303441641,0.002759532260670803,0.002551523530144659,0.0023591639825521005,0.0021812806625875858,0.002016787891162194,0.0018646808680723497,0.0017240297266752729,0.0015939740097139614,0.0014737175526462214,0.0013625237218251136,0.0012597110128110575,0.0011646489553525372
0.09461151260461786,0.08800755796253705,0.08182700772284851,0.07604813889588789,0.0706495211244886,0.06561016243989581,0.06090962441002235,0.05652811174058284,0.0524465397515876,0.0486465828905635,0.045110707121304786,0.04182218872961424,0.03876512185322215,0.03592441665869201,0.033285789923468014,0.030835749519783216,0.028561574094771714,0.026451289049642192,0.02449363970631044,0.022678062609765993,0.020994655454091887,0.019434146250387217,0.017987862225136757,0.016647698792751218,0.015406088890297083,0.014255972928982773,0.013190769548291117,0.012204347308740694,0.011290997406730958,0.01044540752813498,0.009662636859016782,0.008938092274189471,0.008267505726023574,0.0076469128217192765,0.007072632573886308,0.0065412482974100405,0.006049589618723577,0.005594715565184256,0.005173898687247672,0.004784610168616958,0.004424505892600452,0.004091413396036955,0.0037833196915072666,0.0034983598788041015,0.0032348065422098116,0.0029910598463167132,0.0027656383225411916,0.002557170287146046,0.0023643858502667516,0.0021861094978233905,0.0020212531773652555,0.0018688098931886057,0.0017278477407146541,0.001597504378607998,0.0014769818947012675,0.001365542038599701,0.0012625018088362945,0.001167229347848594,0.0010791401497734247,0.0009976935336358655
0.08005481697840415,0.07439208192045196,0.0691032573739769,0.06416750718564171,0.059564577139116726,0.0552748786339869,0.051279550086825706,0.047560500301126026,0.04410043654485203,0.040882879764908314,0.037892169108020485,0.03511345764456169,0.03253270098939673,0.03013664021553118,0.02791278031287716,0.025849365243686015,0.023935350489473643,0.022160373841169277,0.02051472503642693,0.01898931484687874,0.017575643945518225,0.01626577194864021,0.015052286922838094,0.013928275562324989,0.012887294199565785,0.011923340799768405,0.011030828022025504,0.010204557411326325,0.00943969474254938,0.008731746575698963,0.008076538015428071,0.0074701916357018784,0.0069091075719381325,0.006389944758072568,0.005909603263522881,0.005465207695030261,0.005054091619377483,0.004673782968269613,0.00432199037228468,0.003996590377441684,0.003695615513280677,0.003417243142102007,0.003159785072388148,0.002921677859942075,0.0027014737962369863,0.0024978324996063448,0.0023095131055488826,0.00213536700022784,0.0019743310619575664,0.0018254213946240533,0.001687727491080802,0.0015604068323043939,0.0014426798600707382,0.0013338253225508843,0.0012331759541372622,0.0011401144662806248,0.0010540698388394288,0.0009745138715949811,0.0009009580004905732,0.0008329503376607371
0.06528956418494589,0.06061069448865298,0.05624956680015904,0.05218714604195084,0.04840515799127343,0.0448861216506304,0.04161336720070611,0.03857104280853559,0.035744112264295747,0.03311834511804556,0.03068030080972768,0.028417308062461958,0.026317440654017116,0.024369490473906585,0.022562938660677,0.020887925475122634,0.019335219455064143,0.017896186300906124,0.016562757852501466,0.015327401474761327,0.014183090049467037,0.013123272783819072,0.012141846968287769,0.011233130779011035,0.010391837190008702,0.009613049063681921,0.008892195425427822,0.008225028932839587,0.007607604516087894,0.0070362592053998365,0.006507593121776277,0.006018451552772194,0.005565908101851847,0.005147248882906956,0.004759957697078244,0.004401702153650467,0.004070320686781126,0.0037638104274177733,0.0034803158766195928,0.003218118335618377,0.0029756260638893407,0.0027513650980730345,0.0025439707173891654,0.0023521794855554364,0.002174821870737179,0.0020108153663481636,0.001859158111997307,0.0017189229643491423,0.0015892519884448165,0.0014693513558380214,0.001358486596150572,0.0012559782077730993,0.0011611975745928571,0.0010735631887938248,0.0009925371469981458,0.0009176219005883288,0.0008483572514816456,0.0007843175598110653,0.0007251091674922325,0.0006703680036639191
0.05031714062372905,0.04666494429717462,0.04326750427586113,0.04010854827593567,0.03717262114828841,0.03444507948188405,0.031912078610380396,0.029560554266468125,0.02737820009878942,0.025353442014321596,0.023475410216910415,0.02173390965366053,0.02011938947973462,0.018622912030736422,0.017236121713935,0.015951214148122818,0.014760905815235386,0.01365840443184258,0.012637380208123581,0.011691938096376236,0.010816591122688818,0.01000623487385488,0.00925612315827862,0.008561844856974888,0.007919301961539315,0.007324688808969283,0.006774472469669452,0.00626537426410404,0.005794352358610148,0.005358585427495841,0.004955457349177079,0.004582542840437326,0.004237594009804372,0.003918527800577413,0.003623414255046151,0.0033504655631520957,0.003098025849034265,0.0028645616572901995,0.002648653089553012,0.002448985551876217,0.0022643420882482593,0.002093596241123101,0.0019357054275115323,0.001789704770984622,0.0016547013922239722,0.001529869092361358,0.00141444343032219,0.0013077171519962196,0.0012090359479950776,0.0011177945290676446,0.0010334329758794278,0.0009554333683402846,0.0008833166517656781,0.0008166397403383228,0.0007549928317319713,0.0006979969180061269,0.0006453014858933262,0.0005965823801657294,0.0005515398333456725,0.0005098966350745563
0.03513897363614623,0.03255639526823915,0.030158635020452462,0.02793319122735361,0.02586830087242528,0.023952912776022097,0.02217665837035363,0.020529821340084572,0.01900330668786417,0.017588609609023705,0.016277784540524646,0.015063414657201924,0.013938582038257413,0.0128968386767497,0.011932178460888851,0.011039010221279793,0.010212131907559027,0.009446705935388872,0.008738235738231953,0.008082543490024758,0.007475749021166675,0.006914249912204762,0.006394702718115867,0.005914005293314364,0.0054692801770846395,0.005057859015725107,0.004677267956899579,0.004325213976108346,0.003999572078670303,0.0036983733505921036,0.0034197938262225972,0.0031621440808254253,0.0029238595278053424,0.002703491394846602,0.0024996983172601,0.0023112385179172553,0.00213696253478459,0.001975806464738009,0.0018267856836959257,0.0016889890120124105,0.0015615733061835992,0.0014437584305466383,0.0013348226007259783,0.001234098053281722,0.001140967044399175,0.0010548581274307076,0.000975242711342269,0.0009016318682551769,0.0008335733734958059,0.0007706489702394603,0.0007124718270731082,0.0006586841926061637,0.0006089552161221527,0.0005629789348674958,0.00052047240913017,0.0004811739946070084,0.0004448417471721688,0.0004112519413522192,0.0003801977049240289,0.000351487750687071
0.01975653136981102,0.018286626237704256,0.016924520877690894,0.015662536638420602,0.014493508327260176,0.013410755160351711,0.012408052227659146,0.011479602974946634,0.010620012811655404,0.009824263864167657,0.009087690916605929,0.008405958545909612,0.007775039445721466,0.00719119392911461,0.006650950583718053,0.006151088048254965,0.0056886178728747855,0.005260768423386281,0.004864969799252266,0.004498839684208675,0.00416017011686165,0.0038469151338252033,0.0035571792240455444,0.003289206553844183,0.003041370918171671,0.0028121663871855584,0.002600198592574739,0.0024041766181083007,0.0022229054501473992,0.0020552789632030622,0.0019002734171624824,0.0017569414005614735,0.0016244062046438979,0.0015018566108842034,0.0013885420495383122,0.0012837681092699343,0.0011868923723548478,0.0010973205552841192,0.0010145029292746187,0.0009379310013330919,0.0008671344442728159,0.0008016782468748882,0.0007411600794244804,0.0006852078468898708,0.0006334774318889575,0.0005856505968831066,0.000541433047426118,0.0005005526372877349,0.0004627577059377842,0.00042781554378912507,0.0003955109666027145,0.0003656450016589635,0.00033803366761821983,0.00031250684855783635,0.0002889072512622177,0.0002670894398136291,0.0002469189446843545,0.000228271435652155,0.0002110319599702473,0.00019509423496736836
0.00417132263675368,0.0038572305841125115,0.003566720009684251,0.0032980305426423863,0.0030495316951032183,0.002819713568630602,0.002607178115937218,0.002410631006332862,0.002228874065427024,0.00206079824445522,0.0019053770881553931,0.001761660667296237,0.001628769943694584,0.0015058915405082624,0.0013922728893457092,0.001287217728437941,0.001190081927315368,0.001100269615422444,0.0010172295972496821,0.0009404520231543125,0.0008694653076499161,0.0008038332766760369,0.0007431525233307678,0.000687049958415527,0.000635180541703959,0.0005872251836340625,0.0005428888015910399,0.0005018985205119745,0.00046400200584633945,0.0004289659215026007,0.00039657450673107096,0.00036662825515077017,0.00033894269188552273,0.00031334724457489355,0.00028968419766374584,0.00026780772520861766,0.00024758299605936643,0.00022888534663547219,0.00021159951527914783,0.00019561893371640026,0.0001808450729760915,0.00016718683711592337,0.00015456000372461327,0.00014288670490143418,0.00013209494928404647,0.00012211817819414783,0.00011289485641391096,0.00010436809329395928,9.648529213097641e-05,8.919782682291795e-05,8.246074171056134e-05,7.623247520991533e-05,7.04746032956784e-05,6.515160296058955e-05,6.0230633285735996e-05,5.5681332849720155e-05,5.1475632878022874e-05,4.758758384521454e-05,4.3993195841855276e-05,4.067029039505051e-05
-0.011615103234496311,-0.010730184134605567,-0.009913213394885437,-0.009158896831820824,-0.008462363695123775,-0.007819131427482032,-0.007225073353568957,-0.0066763892412053955,-0.0061695784812371215,-0.00570141560624575,-0.005268927935104734,-0.004869375138933946,-0.004500230543312021,-0.004159164014420752,-0.003844026280765664,-0.003552834561273882,-0.0032837593821080013,-0.0030351124777059733,-0.0028053356951550177,-0.0025929907763406136,-0.0023967499790085393,-0.0022153874608160586,-0.002047771347690522,-0.0018928564339891435,-0.001749677461937609,-0.0016173429410404835,-0.0014950294518090814,-0.001381976397536496,-0.0012774811634603516,-0.001180894656913699,-0.0010916172085808566,-0.0010090947799004735,-0.0009328154632002653,-0.0008623062611556149,-0.0007971301116021389,-0.0007368831428826026,-0.0006811921406119813,-0.0006297122110828414,-0.0005821246228551513,-0.000538134813006142,-0.0004974705501532647,-0.00045988023416900615,-0.0004251313296434368,-0.0003930089143705539,-0.0003633143447726969,-0.00033586401762470287,-0.00031048822993738346,-0.0002870301242521143,-0.00026534471355498126,-0.00024529798292748323,-0.00022676605612460655,-0.0002096344289280316,-0.00019379725792663822,-0.00017915670518327717,-0.0001656223320035259,-0.00015311053825293867,-0.00014154404551953471,-0.00013085141766327714,-0.0001209666196706554,-0.00011182860826789952
-0.02760115655290574,-0.0254739965366756,-0.02351372939845084,-0.021706831144687928,-0.020040935230128336,-0.018504725283470146,-0.017087838404474566,-0.015780778364194517,-0.01457483764045284,-0.013462027207527625,-0.01243501323853285,-0.011487059946049802,-0.01061197787297271,-0.009804077074290766,-0.00905812466088832,-0.008369306252679249,-0.007733190937536558,-0.007145699383634303,-0.006603074832441819,-0.006101856576185378,-0.005638855788209311,-0.005211133465965844,-0.004815980247300169,-0.004450897940218241,-0.004113582609361161,-0.0038019091000880975,-0.0035139168403768286,-0.0032477968159578784,-0.0030018796046865897,-0.00277462439342307,-0.0025646089230191753,-0.0023705202114440945,-0.0021911460180274837,-0.002025367013243644,-0.0018721495627324243,-0.0017305390868038136,-0.0015996539451967827,-0.0014786798086338666,-0.0013668644692920921,-0.0012635130556012243,-0.0011679836314130022,-0.0010796831281933209,-0.0009980636031037104,-0.0009226187757186047,-0.0008528808486514343,-0.0007884175600364823,-0.0007288294731566562,-0.0006737474712614057,-0.000622830443581214,-0.0005757631555167627,-0.0005322542739066832,-0.0004920345521594379,-0.0004548551474580241,-0.0004204860713195494,-0.00038871475699511825,-0.00035934473519047615,-0.00033219441401036946,-0.00030709594756685204,-0.00028389419552842795,-0.000262445757844077
-0.04378520742502344,-0.04037257176425834,-0.037233282578397475,-0.034344374012479126,-0.03168496286518493,-0.029236039144042877,-0.026980279611538257,-0.024901882300624772,-0.022986419477157103,-0.021220706603833114,-0.01959268538537664,-0.018091319167422147,-0.016706499172102398,-0.015428960347058245,-0.014250205690510503,-0.013162438089615876,-0.01215849882509993,-0.011231812010431096,-0.010376334399765248,-0.00958650977583088,-0.008857227645084282,-0.008183785761349068,-0.00756185601357334,-0.006987453367768095,-0.006456907563091608,-0.005966837331912322,-0.00551412684646989,-0.005095904196995924,-0.004709521692893062,-0.0043525378430821215,-0.004022700917999921,-0.0037179338247458477,-0.003436320228620977,-0.0031760918588666664,-0.0029356168371244464,-0.002713388961653121,-0.0025080178601211405,-0.002318219944785902,-0.002142810087827855,-0.0019806939581819305,-0.001830860986318755,-0.0016923778699190362,-0.0015643826088906614,-0.0014460789905049853,-0.0013367315341795112,-0.0012356608086222661,-0.0011422391311354412,-0.001055886595792824,-0.0009760674079650069,-0.0009022865137468512,-0.000834086476604323,-0.0007710446093910856,-0.0007127703164013543,-0.000658902647799318,-0.0006091080396022846,-0.0005630782256067736,-0.000520528314673925,-0.0004811950083757455,-0.0004448349627544842,-0.00041122326886429243
-0.06016558592111952,-0.055424261823382136,-0.051070332277244695,-0.04707014306424774,-0.04339324896828868,-0.040012069502717566,-0.03690158542108401,-0.034039071760474195,-0.03140386269518181,-0.028977143744228138,-0.026741767820020915,-0.024682092004899035,-0.022783832344634634,-0.02103393448607078,-0.019420458162158278,-0.01793247384760634,-0.016559970123789552,-0.015293770500279597,-0.014125458725857775,-0.013047311278163483,-0.012052236567215572,-0.011133720057306782,-0.010285774550794241,-0.009502895129314246,-0.008780018268879114,-0.008112484755333502,-0.007496005930980142,-0.0069266329640265585,-0.006400728816696765,-0.0059149426838156745,-0.005466186752689064,-0.005051614873453701,-0.004668603037321449,-0.004314731569542167,-0.003987768792524438,-0.0036856560597386,-0.0034064940304683014,-0.0031485300874815355,-0.0029101467761555896,-0.002689851179378211,-0.00248626517960578,-0.0022981164809001754,-0.0021242303748044778,-0.0019635221354651518,-0.0018149900586659612,-0.0016777090185287227,-0.0015508245572333807,-0.0014335474310764283,-0.0013251485814764386,-0.0012249545148124551,-0.0011323430235178563,-0.0010467392603907678,-0.0009676121021767191,-0.0008944708060348561,-0.0008268619212062673,-0.0007643664370721013,-0.0007065971584216822,-0.0006531962731811643,-0.0006038331179298594,-0.0005582021060019196
-0.07674058224736956,-0.07062740591596568,-0.06502334283935947,-0.059882771984539965,-0.05516461815604795,-0.05083183785936793,-0.0468509696758576,-0.04319174166643769,-0.03982672803811908,-0.03673104788018135,-0.03388210029111101,-0.031259330917746825,-0.028844025599854276,-0.026619127685288083,-0.024569075886746713,-0.022679660069026455,-0.020937892707640755,-0.019331894094166108,-0.0178507898046586,-0.016484618461950973,-0.015224249081567753,-0.014061306807114657,-0.012988105916876342,-0.011997589356782652,-0.011083274091296173,-0.010239201722085235,-0.009459893698604288,-0.008740310675994503,-0.008075815558738802,-0.007462139900233964,-0.00689535344889936,-0.006371836263673986,-0.005888253254479803,-0.005441531019171552,-0.005028836636408288,-0.00464755827851758,-0.0042952874658898355,-0.003969802829299401,-0.0036690552145951173,-0.0033911540141812416,-0.0031343546601152257,-0.0028970471072240394,-0.0026777452852905295,-0.0024750773670554975,-0.002287776872695086,-0.002114674441915588,-0.001954690295610481,-0.0018068272849698426,-0.0016701644874827682,-0.00154385132879492,-0.0014271021416852542,-0.0013191911783754138,-0.0012194479925518394,-0.0011272531962229623,-0.0010420345423249387,-0.0009632633089409749,-0.0008904509732768186,-0.0008231461305707068,-0.0007609316649606113,-0.0007034221268970252
-0.09350844692406432,-0.08598033076393795,-0.07909078383445217,-0.07278091054405031,-0.06699791712183611,-0.06169439037619788,-0.05682767114461284,-0.052359310604945634,-0.04825459770483537,-0.04448214698100619,-0.04101353829405179,-0.037823001111508256,-0.034887137000152404,-0.03218467529291826,-0.029696257375711903,-0.02740424581308004,-0.02529255506055792,-0.023346501006992686,-0.021552667225183852,-0.019898785160428277,-0.018373627245615504,-0.016966911264574436,-0.015669214411620027,-0.014471896014876829,-0.013367027947592874,-0.012347331966550244,-0.011406123059525892,-0.010537258197583695,-0.00973508987135719,-0.008994423962251018,-0.008310481670493624,-0.007678864732365039,-0.007095523734358099,-0.006556729356254342,-0.006059046093565415,-0.005599308282816321,-0.005174598196912502,-0.004782226037454399,-0.004419711609532764,-0.004084767530667205,-0.0037752838907605013,-0.003489314142743925,-0.0032250621980263404,-0.002980870531530811,-0.0027552093238692485,-0.0025466664255690864,-0.002353938172934558,-0.002175820926003519,-0.002011203278579434,-0.001859058914134806,-0.0017184399964608383,-0.0015884711159463527,-0.0014683436871860936,-0.0013573108047508972,-0.001254682496118485,-0.0011598213421895821,-0.0010721384507656375,-0.0009910897277979622,-0.0009161724552240455,-0.0008469221194702213
-0.11046739096982677,-0.10148135092537076,-0.09327113026803219,-0.0857632246183524,-0.07889201445666194,-0.0725987975325326,-0.06683095305665943,-0.06154122028748936,-0.05668707477942753,-0.052230187166552366,-0.04813595253228968,-0.04437308004609045,-0.0409132340275598,-0.037730719442676044,-0.03480220553913147,-0.03210648241982269,-0.02962424610308509,-0.02733790831247968,-0.02523142810906307,-0.023290161645545367,-0.021500728672258763,-0.019850893543698244,-0.018329458665558622,-0.016926169013875357,-0.015631626439694717,-0.014437212752697272,-0.013335020387509786,-0.012317789865172716,-0.011378853247550514,-0.01051208299862504,-0.00971184589745021,-0.008972961020215194,-0.008290661545426124,-0.007660560170471975,-0.0070786175680764025,-0.006541113661512984,-0.006044621425814676,-0.005585982998516933,-0.005162287831746209,-0.004770852701811322,-0.00440920347378019,-0.004075058347809313,-0.0037663125562173677,-0.0034810242709427505,-0.0032174017566820247,-0.0029737915048493914,-0.0027486673866279955,-0.0025406206661615113,-0.0023483508141496053,-0.002170657090220283,-0.0020064307593766224,-0.001854647968479534,-0.001714363156795354,-0.0015847030093730978,-0.0014648608798115493,-0.0013540916473056728,-0.0012517069904929127,-0.0011570710122443895,-0.0010695962261190377,-0.0009887398377548954
-0.1276155860918153,-0.11712876910261148,-0.10756286277904481,-0.09882839619512727,-0.09084580046324095,-0.08354415377882711,-0.07686010264161111,-0.0707369350222992,-0.06512378267547385,-0.059974932156818234,-0.05524922839691826,-0.0509095569625066,-0.04692239316839796,-0.04325740870199752,-0.03988712739917919,-0.03678662328761246,-0.03393325503055396,-0.031306431837360184,-0.028887407055332315,-0.026659094617532,-0.02460590655828009,-0.022713608680317524,-0.020969191729294095,-0.019360756321667266,-0.017877409984368424,-0.016509175018282293,-0.015246905674524407,-0.014082213648718653,-0.013007400887402905,-0.012015398965605406,-0.011099714594785504,-0.010254380039229247,-0.009473908135279322,-0.008753251653874722,-0.008087766299930414,-0.00747317707894413,-0.006905547672352587,-0.006381252558115847,-0.0058969515498760085,-0.005449566532608632,-0.005036260271491174,-0.004654416963685942,-0.00430162449678144,-0.003975658125231271,-0.0036744656086876585,-0.003396153494138688,-0.0031389745898063788,-0.00290131644054483,-0.0026816907349902336,-0.0024787236072200953,-0.0022911466734288773,-0.002117788835098867,-0.001957568700051798,-0.0018094876322690614,-0.0016726233441361753,-0.0015461239903370378,-0.0014292027430026276,-0.0013211327712914628,-0.0012212426381408737,-0.0011289120363485875
-0.1449511648819023,-0.1329208764424044,-0.12196446782491546,-0.1119751233702906,-0.10285818696371063,-0.09452957719027635,-0.08691443067455203,-0.07994594119637756,-0.07356436459436144,-0.06771616273808541,-0.062353265464054626,-0.05743243242761709,-0.05291469951535553,-0.04876489773648109,-0.04495123381819667,-0.04144492366330302,-0.038219871161976685,-0.03525238606429665,-0.032520936091984406,-0.03000592719936771,-0.02768950971598233,-0.02555540669532968,-0.023588761163099353,-0.021776000074866964,-0.020104712941450904,-0.018563543516260862,-0.017142092681874634,-0.01583083130959514,-0.01462102186003595,-0.013504647810792433,-0.012474350376466305,-0.011523371035149601,-0.010645499490325163,-0.009835026756826773,-0.009086702516440294,-0.008395696421186928,-0.007757562914461821,-0.007168209255761804,-0.006623866359177853,-0.006121062182666396,-0.0056565975226960516,-0.005227523822827495,-0.004831122954584241,-0.004464888630558524,-0.004126509503110399,-0.0038138535739197696,-0.0035249539730473974,-0.0032579958840469243,-0.003011304535129393,-0.002783334213273395,-0.0025726581158757402,-0.002377959077325974,-0.002198020998310462,-0.002031720991073118,-0.0018780221408766253,-0.0017359668371611325,-0.0016046706509760217,-0.0014833166706449416,-0.001371150310509854,-0.0012674745035279788
-0.16247222101878414,-0.14885595282793443,-0.13647443785418167,-0.12520212033339206,-0.11492810710140862,-0.10555420912034438,-0.09699327102678444,-0.0891677467678673,-0.08200848299748506,-0.07545367624519898,-0.06944797700947784,-0.06394171789627373,-0.05889024638632931,-0.05425334698988877,-0.049994739240727254,-0.0460816404445786,-0.04248438379913575,-0.03917608404304722,-0.03613234463387225,-0.033330998935816696,-0.03075188260776253,-0.02837663265940605,-0.026188509126686722,-0.02417223668896405,-0.022313863740153112,-0.020600636953478038,-0.019020889087955455,-0.017563938554528372,-0.016219999261245188,-0.014980099632374684,-0.013836010164488174,-0.012780177744927,-0.011805666290453714,-0.010906103338928663,-0.010075631578675984,-0.009308864937443878,-0.00860084872418471,-0.007947023455029765,-0.007343191905790175,-0.006785489084470259,-0.006270354954943739,-0.005794509455186057,-0.0053549297628992356,-0.004948829414062933,-0.004573639338061995,-0.004226990374649308,-0.0039066973431200955,-0.0036107444051696755,-0.003337271630950304,-0.003084562719157353,-0.002851033658677216,-0.002635222375509765,-0.002435779168258727,-0.002251457947956123,-0.0020811081686021265,-0.0019236673960694888,-0.001778154488859676,-0.0016436632911879436,-0.0015193568554326912,-0.0014044620930812168
-0.18017680947603115,-0.16493226716283285,-0.1510912714669709,-0.138508117342699,-0.12705451513716154,-0.11661721385459176,-0.10709598022237553,-0.0984018807687749,-0.09045581909215548,-0.08318728605967166,-0.07653328954008372,-0.0704374352903353,-0.06484913495945371,-0.05972292237912208,-0.055017861448939935,-0.050697031993870614,-0.04672708209536995,-0.0430778373094233,-0.039721959446577595,-0.03663464579672025,-0.033793365383367115,-0.03117762675897024,-0.028768772468998633,-0.026549796967423624,-0.02450518500340177,-0.02262076812662735,-0.020883596632656005,-0.01928182518568743,-0.01780461036692026,-0.016442018833876436,-0.015184945343275767,-0.014025038549391406,-0.012954634058860066,-0.011966694315097937,-0.011054754123105524,-0.010212871376713083,-0.009435582398989702,-0.00871786146927469,-0.008055084006686797,-0.007442993057503922,-0.006877668892818531,-0.006355501190727259,-0.005873163750257834,-0.005427591285184604,-0.0050159583725046045,-0.004635660057552404,-0.004284294198824107,-0.003959645257112942,-0.0036596694277577033,-0.0033824810605477124,-0.003126340126674744,-0.002889640783150743,-0.0026709008125938914,-0.0024687519568731267,-0.0022819310166810026,-0.002109271658743473,-0.0019496969009946876,-0.0018022121644446617,-0.0016658989110696976,-0.0015399087549443269
-0.19806294673603264,-0.18114807764708152,-0.16581347356348428,-0.1518918606902976,-0.1392363862404385,-0.12771777826505573,-0.11722193700060017,-0.10764789281796802,-0.09890607233094266,-0.09091682112318278,-0.08360914234161242,-0.07691961659392867,-0.0707914739236575,-0.06517379500348391,-0.06002082133077849,-0.055291357963247585,-0.05094825493349198,-0.04695795581156432,-0.043290104615837016,-0.039917200184197026,-0.036814293919558795,-0.0339587243632439,-0.03132988281788714,-0.02890900620965435,-0.02667899367018198,-0.024624244055505243,-0.022730511258476475,-0.02098477524703156,-0.019375126782361928,-0.017890664274540686,-0.016521401909542367,-0.015258186621276574,-0.014092623307173664,-0.013017007796961506,-0.012024266198595084,-0.011107900119905128,-0.010261937088649208,-0.009480885683031475,-0.008759694765461396,-0.008093716418364929,-0.007478672362395663,-0.006910623258288204,-0.006385940833813021,-0.0059012823236749895,-0.005453567309086919,-0.005039956392466815,-0.004657831804035607,-0.004304779606237236,-0.003978573383867555,-0.003677159357956813,-0.003398642653591074,-0.00314127477917543,-0.002903442068784874,-0.0026836551090118847,-0.0024805390076151844,-0.0022928244396689277,-0.0021193394382892673,-0.001959001806684429,-0.0018108121732341616,-0.0016738475646518164
-0.2161286110098223,-0.19750163204483165,-0.18063955548072705,-0.16535211265757982,-0.1514727162757652,-0.1388551114655049,-0.12737054188444896,-0.11690535264443748,-0.1073589599242902,-0.09864212546615976,-0.09067548704222057,-0.08338830346445811,-0.07671737914420215,-0.07060614086770228,-0.06500384266032609,-0.059864879129801526,-0.05514819081242084,-0.05081674784314151,-0.04683710152220248,-0.04317899094349801,-0.0398149998619901,-0.036720256092216214,-0.03387216666959071,-0.031250184317807635,-0.028835601115898002,-0.026611366113588383,-0.02456192324841388,-0.02267306716698441,-0.020931814587600718,-0.01932628941547655,-0.017845620617754045,-0.016479850068761348,-0.015219849676072312,-0.014057247229741724,-0.012984359398956275,-0.011994131307591749,-0.011080081917863667,-0.010236254669291407,-0.009457172684136107,-0.008737798087055508,-0.0080734951920317,-0.007459996880939093,-0.006893374109384287,-0.006370007964469305,-0.005886564373994799,-0.005439970832859717,-0.005027395258092172,-0.004646226598021071,-0.004294057072348189,-0.003968665974467236,-0.003668004735967859,-0.003390183318282954,-0.003133457656031907,-0.0028962181765613258,-0.002676979237809221,-0.0024743694140836525,-0.002287122593523113,-0.002114069751751934,-0.001954131425907777,-0.0018063107516889223
-0.23437174246275833,-0.21399116794413792,-0.19556803511770748,-0.17888765146151028,-0.1637625215847981,-0.15002844446785898,-0.13754121675533287,-0.12617384962077027,-0.11581421636616783,-0.10636305775107253,-0.0977322871914266,-0.08984354685882301,-0.08262697334264395,-0.07602014061812601,-0.06996715188981767,-0.06441785724099872,-0.05932717774203902,-0.05465451998308446,-0.050363268820591,-0.046420343377237855,-0.04279581066908457,-0.039462547885390394,-0.03639594547791632,-0.03357364590235377,-0.03097531327072645,-0.028582430155976796,-0.026378117360699685,-0.02434697389755909,-0.022474934478854385,-0.02074914246172087,-0.019157837121359086,-0.017690252074688752,-0.01633652407154248,-0.015087611524814042,-0.013935220991216348,-0.012871740963558701,-0.01189018210478892,-0.010984123302816605,-0.010147662771149273,-0.009375373689608463,-0.008662264109650207,-0.008003740367999973,-0.007395573938314823,-0.006833871079520399,-0.006315045393939315,-0.0058357925881491685,-0.00539306756363732,-0.004984063420626489,-0.004606192240508892,-0.004257067571350585,-0.003934488285117769,-0.0036364238794346147,-0.003361000920485406,-0.003106490654854158,-0.0028712976168183725,-0.002653949154512503,-0.0024530858353365576,-0.002267452582668046,-0.002095890570612534,-0.0019373297267782743
-0.2527902434460322,-0.230614913008588,-0.21059743704926803,-0.19249727119194282,-0.17610483876434124,-0.16123702983997495,-0.14773340443404745,-0.13545299230674385,-0.12427159297251694,-0.1140794908300707,-0.10477951785396139,-0.09628540667431593,-0.08852038579064814,-0.08141597929154534,-0.07491097795277224,-0.06895055486950934,-0.06348550314584786,-0.05847157704144842,-0.05386892242440192,-0.04964157926272892,-0.04575704965769253,-0.0421859210711363,-0.038901535743003035,-0.03587970038637104,-0.03309843073595332,-0.03053772664470339,-0.028179372960410516,-0.026006763049971317,-0.024004741906185748,-0.02215946650029514,-0.020458282109878163,-0.018889611031573966,-0.017442852796907955,-0.016108295188044398,-0.014877034039729002,-0.013740901114288289,-0.012692399075611187,-0.011724642869619328,-0.010831306645644422,-0.010006575657158718,-0.009245102836630421,-0.008541969203820582,-0.007892648031254926,-0.007292972056730108,-0.006739103870391102,-0.0062275086934171706,-0.005754929692001706,-0.0053183653661451015,-0.004915048867214592,-0.004542429161645849,-0.004198153677166364,-0.0038800525125511293,-0.0035861238787929708,-0.003314520802944815,-0.00306353890513885,-0.002831605165937814,-0.002617267640946158,-0.002419185962052199,-0.0022361226546799826,-0.002066935108142286
-0.27138197873398917,-0.24737108522084963,-0.22572629262880914,-0.2061797817403925,-0.18849872444071233,-0.17248014136510564,-0.1579465682681356,-0.14474240800300714,-0.1327308574323126,-0.12179131131664306,-0.11181716521811723,-0.10271395140373332,-0.0943977520171743,-0.08679384607613957,-0.07983555207777832,-0.0734632352770863,-0.0676234537710304,-0.062268222011089204,-0.057354375493922465,-0.0528430168722149,-0.04869903605038875,-0.044890692436559826,-0.04138924909962822,-0.0381686521085405,-0.035205248898312856,-0.03247754077147614,-0.029965964148056377,-0.02765269702686735,-0.025521487207505713,-0.02355749963441852,-0.021747181442030434,-0.020078140672585527,-0.018539037680814642,-0.017119488444114483,-0.01580997752632624,-0.014601779904563452,-0.013486890575344579,-0.012457961172789285,-0.011508242638242067,-0.010631533321644156,-0.00982213217846713,-0.009074796133480391,-0.008384701529015787,-0.007747408876098923,-0.0071588310511824385,-0.006615204076644684,-0.006113060646255037,-0.005649205889657412,-0.005220695218139579,-0.004824814161807066,-0.004459059801283361,-0.004121123883517663,-0.0038088772600613696,-0.003520355682710468,-0.0032537467506158014,-0.0030073779196817607,-0.002779705527661129,-0.002569304661422702,-0.0023748598984837466,-0.0021951567467977363
-0.2901447757672112,-0.26425789311811226,-0.2409531400800517,-0.21993400872051036,-0.20094325504070273,-0.1837570737031812,-0.16818019172567766,-0.15404174231472237,-0.141191793370955,-0.12949841917092159,-0.11884522621812404,-0.10912925780418568,-0.10025921352849029,-0.09215393408402708,-0.08474110761241814,-0.07795616228701784,-0.07174131560550671,-0.06604475602477976,-0.060819938428725184,-0.056024970995742,-0.05162208502419369,-0.047577174297733976,-0.04385939240495013,-0.04044080042478983,-0.037296058042314964,-0.034402152577867065,-0.031738159885172916,-0.029285033151229583,-0.02702541573900355,-0.024943475113968896,-0.023024756274993875,-0.021256050198596353,-0.019625276201275712,-0.01812137735693105,-0.016734226466617513,-0.015454541709305339,-0.01427381077496597,-0.013184222634779018,-0.01217860588840577,-0.011250373008236284,-0.01039347011231163,-0.009602331245520542,-0.008871837080607564,-0.008197277183200421,-0.007574315999587908,-0.006998961623560859,-0.0064675375220051325,-0.005976656666167895,-0.005523197899031933,-0.0051042844414819506,-0.004717264106164525,-0.0043596913175528084,-0.004029310546290292,-0.0037240411965198516,-0.0034419637235194047,-0.003181306886049216,-0.0029404360832448262,-0.0027178425894179023,-0.0025121337216615055,-0.0023220237509153753
-0.30907642490136544,-0.2812735360194911,-0.25627652457810873,-0.23375879338065852,-0.21343752655951093,-0.1950671420541971,-0.17843377799562365,-0.16335065872512347,-0.14965419992581977,-0.137200727298321,-0.12586370817017423,-0.11553141057916876,-0.1061049175405684,-0.09749644013496778,-0.08962787985691839,-0.08242960016477552,-0.07583937380163754,-0.06980147831748873,-0.0642659188638099,-0.05918775296649413,-0.054526507760605025,-0.05024567457020975,-0.046312267825642905,-0.04269643980857049,-0.039371143460581556,-0.03631183707299253,-0.03349622411700692,-0.030904023792045154,-0.028516768002105224,-0.026317621462312143,-0.024291223189928646,-0.02242354440145973,-0.020701761605933264,-0.019114143946283836,-0.01764995202259309,-0.016299347241801786,-0.01505331037504449,-0.013903568396299559,-0.012842528438537473,-0.011863218124638778,-0.01095923187151656,-0.010124682051819735,-0.009354154918559359,-0.008642670360093217,-0.007985645660969242,-0.007378862240198342,-0.006818435566041477,-0.00630078764551618,-0.005822621907074251,-0.005380900371506835,-0.004972822644841744,-0.00459580684101207,-0.004247472011342391,-0.0039256221235400976,-0.0036282313503459827,-0.0033534305657798662,-0.003099494995165322,-0.0028648328189935235,-0.002647974768387374,-0.0024475645092904546
-0.3281746796617677,-0.29841620424533727,-0.2716949983200044,-0.24765299250881395,-0.2259806543258834,-0.20640968182383665,-0.1887068495946783,-0.17266883817886824,-0.15811789133370813,-0.14489816116116944,-0.13287262842166941,-0.12192050207343827,-0.11193501672337705,-0.10282156455074204,-0.09449610590707214,-0.08688381350644846,-0.07991791260622262,-0.07353868619350382,-0.06769262166924703,-0.0623316706883849,-0.057412611496765964,-0.05289649683969471,-0.04874817292435591,-0.044935859949752695,-0.04143078556219685,-0.03820686434872672,-0.03524041589233996,-0.0325099164868257,-0.02999577976706678,-0.027680162599609735,-0.025546794313894748,-0.02358082378362585,-0.021768683028662233,-0.02009796630087752,-0.0185573216116668,-0.017136353658455037,-0.015825536705992297,-0.014616136411953624,-0.013500139324943622,-0.01247018924738557,-0.011519530027318162,-0.010641953564744787,-0.009831752931654603,-0.009083679593772221,-0.008392904927108745,-0.0077549849132667395,-0.007165828232916841,-0.006621667105348252,-0.006119030680423405,-0.005654720870194674,-0.005225790117893604,-0.004829521221691866,-0.004463408758511629,-0.004125142154729684,-0.0038125901463950005,-0.003523786520355433,-0.003256917078779994,-0.003010307613616702,-0.0027824129317096224,-0.002571806713949212
-0.3474372570036406,-0.3156840793285283,-0.2872071205848795,-0.2616154783301389,-0.23857177276476602,-0.2177840482915486,-0.19899894798080436,-0.18199597867508918,-0.1665826965299656,-0.15259065840298783,-0.1398720140132828,-0.12829663198023714,-0.1177496689566168,-0.10812951095976589,-0.09934602450601275,-0.09131906713457427,-0.08397721529644278,-0.07725667499810779,-0.07110034895306323,-0.06545702866570696,-0.060280699577639825,-0.055529940432804396,-0.051167400745443965,-0.04715934585210288,-0.043475259979086606,-0.04008749969248097,-0.036970989480519,-0.03410295406105245,-0.031462682193281195,-0.029031317962710197,-0.02679167743826179,-0.024728084674218092,-0.022826225602635603,-0.02107301868786305,-0.019456499012278874,-0.017965714660172986,-0.01659063382505911,-0.015322061542720783,-0.014151564665768954,-0.013071404205238456,-0.01207447456774653,-0.011154248371666689,-0.01030472673516548,-0.009520393942260374,-0.008796176698300105,-0.008127406768409576,-0.007509787239544162,-0.006939361702223103,-0.0064124861460010596,-0.005925803447979712,-0.005476219915119117,-0.00506088400770121,-0.004677166756752987,-0.004322643926586524,-0.0039950796471842406,-0.0036924114012338994,-0.0034127363045212515,-0.00315429845253506,-0.0029154773770261283,-0.0026947773819482506
-0.3668618375780357,-0.33307533421773083,-0.3028114577840681,-0.2756451383974969,-0.25121003515772994,-0.22918961628122814,-0.20930963317337384,-0.1913317948700487,-0.17504845875907468,-0.1602781684851262,-0.14686190135348182,-0.13465990706048092,-0.12354903709649118,-0.11342048611154247,-0.10417787590447213,-0.09573562600103766,-0.08801756412146483,-0.08095573809356472,-0.07448940006718802,-0.06856412803469535,-0.06313107150907406,-0.05814630048780553,-0.053570239899923364,-0.04936717792934572,-0.04550483767043807,-0.041954003697595554,-0.0386881944857556,-0.03568337474462969,-0.03291770194641468,-0.03037130262173103,-0.028026076133734687,-0.025865519341696886,-0.023874570569984436,-0.022039471658997334,-0.02034764446618654,-0.01878758059053434,-0.017348742610195048,-0.01602147564542853,-0.014796927746037608,-0.013666978159808415,-0.012624172973889371,-0.011661666706952435,-0.010773169738690998,-0.009952900398425701,-0.009195541943299851,-0.008496203126444871,-0.007850382617890088,-0.007253936520927789,-0.006703048765600551,-0.006194204250489168,-0.00572416415573763,-0.005289943564951663,-0.004888790875622529,-0.004518169053686171,-0.004175738438736981,-0.003859340978018158,-0.0035669858240866908,-0.003296836055119607,-0.003047196564701904,-0.0028165028763819312
-0.3864460660033879,-0.3505881334726666,-0.3185065835012278,-0.2897408754751728,-0.2638946134014069,-0.24062577983465405,-0.21963848337997427,-0.20067601768926185,-0.18351503519644277,-0.16796065233541072,-0.15384233590509827,-0.14101044087346817,-0.12933328875307373,-0.11869469970052302,-0.1089919017291189,-0.10013375509667524,-0.09203924024939003,-0.08463616683915633,-0.07786007161623544,-0.07165326659683828,-0.06596402301163465,-0.06074586802528729,-0.05595697464962432,-0.051559632099803125,-0.04751978502518906,-0.04380663237138249,-0.04039227595875512,-0.03725141228542046,-0.03436106131243734,-0.03170032739342499,-0.029250189862104314,-0.02699331610321901,-0.0249138953881591,-0.02299749215354558,-0.021230914777565345,-0.01960209853083912,-0.01810000085089942,-0.01671450765930846,-0.015436349099889595,-0.014257023683501787,-0.013168730293604977,-0.012164306521534534,-0.011237173211698965,-0.010381283951630604,-0.00959107975722491,-0.008861447557670368,-0.008187682765848735,-0.007565455122084918,-0.006990777580393093,-0.00645997810010961,-0.005969673727176565,-0.005516747113328127,-0.005098324918980601,-0.004711758160071604,-0.004354604186796534,-0.00402461016563764,-0.0037196979957137065,-0.0034379504043527327,-0.003177598271886635,-0.0029370089266388365
-0.4061875511426798,-0.3682206334514151,-0.3342910785227388,-0.30390160741608746,-0.2766246977641962,-0.2520919518878304,-0.22998509462990213,-0.21002839394899975,-0.19198229658120497,-0.17563808200850345,-0.16081337188360303,-0.1473483535187326,-0.13510259607787592,-0.12395236419899029,-0.11378834485862532,-0.10451371936725974,-0.09604252371925935,-0.08829825057500858,-0.08121265746892226,-0.07472473885375955,-0.06877984607508578,-0.06332893001866041,-0.058327884990474844,-0.05373697987958648,-0.04952036396259231,-0.04564563724086259,-0.04208347450573336,-0.03880729605994134,-0.03579297830865909,-0.033018598951437876,-0.030464214084813816,-0.028111659430793263,-0.025944373833107312,-0.023947243598040447,-0.022106463409024158,-0.020409412392160643,-0.018844543336160195,-0.01740128368974779,-0.01606994659013261,-0.014841650834888918,-0.013708249212772772,-0.01266226355014239,-0.011696826346847594,-0.010805627647273181,-0.009982867417464444,-0.009223211934294376,-0.008521754496349928,-0.007873979588100693,-0.007275730253877457,-0.006723178536097108,-0.006212798322503735,-0.005741340761589278,-0.0053058116575139735,-0.004903450909536696,-0.004531713665009368,-0.004188253050560111,-0.003870904408549482,-0.0035776707694746583,-0.0033067096135525192,-0.0030563206479404218
-0.4260838663861603,-0.3859709824897665,-0.35016353085852797,-0.3181262670327382,-0.28939949664143755,-0.26358756395034283,-0.24034908041432163,-0.21938868598702535,-0.20045012685979383,-0.18331044035767455,-0.1677750719667244,-0.1536737713886603,-0.1408571355612479,-0.12919369469862305,-0.11856744930712916,-0.10887578363557839,-0.10002769339786807,-0.09194227660952357,-0.08454744877196171,-0.077778836043578,-0.07157882901344667,-0.0658957694644548,-0.06068324673492185,-0.0558994884743613,-0.051506832030894,-0.047471265456246255,-0.04376202639489111,-0.04035125118130306,-0.03721366679184596,-0.03432631993354783,-0.03166834036846535,-0.02922073005436092,-0.026966176099384658,-0.02488888600301716,-0.022974440574664287,-0.02120966300451537,-0.01958250193960897,-0.018081927089365974,-0.01669783548521746,-0.015420967231618243,-0.014242830124210373,-0.01315563137630785,-0.012152216321199085,-0.011226012644342536,-0.010370980437711728,-0.009581566481099946,-0.008852663084809205,-0.008179570567555115,-0.007557963113363666,-0.006983857853315104,-0.0064535864765641535,-0.005963769541059359,-0.0055112928601253365,-0.005093286034851233,-0.004707102782122752,-0.004350302916090843,-0.0040206359061676295,-0.0037160257278364248,-0.003434557062791666,-0.00317446256018492
-0.4461325499396173,-0.4038373210726816,-0.3661225357535375,-0.3324138019621486,-0.30221823630930694,-0.2751120657878842,-0.25073007133312797,-0.22875667130247448,-0.20891842284006004,-0.19097772071769215,-0.17472750701507406,-0.1599868269315025,-0.14659708783923228,-0.13441890876036242,-0.12332946011475993,-0.11322021252929731,-0.1039950269411323,-0.09556853021018201,-0.08786473396625442,-0.08081584617858671,-0.07436125652050932,-0.06844666545233452,-0.06302333159343367,-0.05804742086966828,-0.05347944250413254,-0.04928375989218508,-0.045428163660391145,-0.041883498604444354,-0.03862333656349627,-0.03562368904597382,-0.03286275648734188,-0.03032070506187585,-0.02797946889728878,-0.025822576056808058,-0.02383499333025571,-0.022002988203232973,-0.020314005701962297,-0.018756558536469112,-0.017320128533705896,-0.015995078120925914,-0.014772571194294488,-0.01364450149519566,-0.012603428355372462,-0.01164251827101872,-0.010755492620155968,-0.009936579824367903,-0.00918047231493611,-0.008482287318048391,-0.007837531190016813,-0.0072420671396193105,-0.006692085600862226,-0.006184077438148093,-0.005714809324228217,-0.0052813013659679265,-0.004880806608230095,-0.0045107922667773385,-0.004168922609257002,-0.0038530431859834934,-0.003561166470400528,-0.00329145860613222
-0.46633110511814696,-0.421817781997868,-0.3821666956899904,-0.34676317452502603,-0.31508016067758665,-0.28666492510800407,-0.26112771474844093,-0.2381321422047081,-0.21738709385571203,-0.19863992659851124,-0.1816707558034159,-0.16628765842441462,-0.15232263750949915,-0.13962822627222912,-0.12807462324489027,-0.11754727041431746,-0.10794480075973784,-0.09917729459750384,-0.09116479880519919,-0.08383605408411988,-0.07712740972572953,-0.07098189323478078,-0.0653484072550696,-0.060181035919810305,-0.05543844447709192,-0.05108335924685285,-0.04708211420390792,-0.04340425522875534,-0.040022193472367004,-0.03691090116484866,-0.034047646523045844,-0.03141175799650283,-0.02898441554712835,-0.026748467216528217,-0.024688265660670762,-0.02278952291265631,-0.02103918091088282,-0.019425296111024514,-0.017936936036357112,-0.016564086447878396,-0.015297568427424359,-0.014128963374381158,-0.013050545770746838,-0.012055222078431876,-0.01113647610593219,-0.010288319039167706,-0.00950524452300946,-0.008782187747610347,-0.008114488257544275,-0.007497856311974977,-0.006928342017249851,-0.006402307425749408,-0.005916400904995811,-0.00546753385725441,-0.005052859400109886,-0.004669752851978141,-0.004315793937528596,-0.003988750400009154,-0.0036865630837820606,-0.0034073321689529353
-0.48667700064539404,-0.43991049053154035,-0.39829462038065294,-0.3611733615793933,-0.3279845310415495,-0.2982456272492298,-0.2715416744447777,-0.24751490547105934,-0.22585606144087522,-0.20629707138951686,-0.18860490476229252,-0.1725764097562027,-0.15803397295605812,-0.1448218693148062,-0.13280318548785985,-0.12185722133339803,-0.11187728998889439,-0.10276885094201534,-0.09444792637500898,-0.08683974143853086,-0.07987756625043571,-0.07350172429640876,-0.06765873746710552,-0.062300588435310195,-0.057384082958438457,-0.05287029813890019,-0.04872410189381266,-0.0449137339981544,-0.04141043951433633,-0.038188147434951386,-0.03522319096136975,-0.03249405895102518,-0.029981176070726104,-0.027666709796324646,-0.02553439856464419,-0.023569399227247018,-0.021758151178336644,-0.020088255368226626,-0.018548365915905144,-0.01712809292139855,-0.015817915728376035,-0.014609104512627145,-0.01349365004477344,-0.012464199892635714,-0.011514001423889449,-0.010636849695056549,-0.009827040640655064,-0.009079328454703882,-0.008388886869569344,-0.007751274151344417,-0.00716240099046542,-0.006618501493573024,-0.0061161065436134525,-0.005652019613787499,-0.0052232946256875225,-0.00482721568860824,-0.0044612786308572015,-0.004123173995194662,-0.0038107715651869494,-0.0035221060891635473
-0.5071676709582283,-0.45811356455637076,-0.41450492675325173,-0.3756433543688921,-0.34093062583309913,-0.3098536748736017,-0.2819716302958185,-0.2569047820132953,-0.23432525901452686,-0.21394917807401023,-0.1955300477296582,-0.17885323021941973,-0.1637312861823736,-0.15000006203403426,-0.13751539437084545,-0.12615032894974876,-0.11579276846192528,-0.10634347836399909,-0.09771439711684912,-0.08982718681413583,-0.08261200026425665,-0.07600642642285536,-0.06995458211368372,-0.06440632926894224,-0.059316598962057085,-0.054644807202308875,-0.050354346662029544,-0.04641214399867433,-0.042788272929653724,-0.039455615365756445,-0.036389566786441854,-0.03356777465954596,-0.030969907280236995,-0.028577451052999005,-0.0263735301369619,-0.024342746490196982,-0.022471037515533268,-0.020745549409735838,-0.019154523784610283,-0.017687196078176187,-0.01633370496264029,-0.015085010496743762,-0.01393282086447166,-0.012869525864857933,-0.011888137537732206,-0.010982235900253998,-0.010145920236190672,-0.00937376476687925,-0.008660778395742297,-0.008002368336388288,-0.007394306759566512,-0.006832700677434116,-0.006313964294557651,-0.005834793916748526,-0.005392144987662747,-0.004983211083106548,-0.004605404769697624,-0.00425633998498003,-0.0039338160093289635,-0.003635802680979008
-0.5278005165168197,-0.47642511471169957,-0.4307962389262292,-0.390172158365981,-0.353917740371358,-0.32148858766273264,-0.29241727793778155,-0.2663016065527042,-0.2427946315746248,-0.22159627895368336,-0.20244628571223877,-0.18511827431152142,-0.16941477265261892,-0.15516303052105132,-0.1422114980736357,-0.13042685649539432,-0.11969150868754334,-0.10990145393591035,-0.10096448885071185,-0.09279866571906145,-0.08533098254172236,-0.07849626376922379,-0.07223619729349244,-0.06649850540035653,-0.06123622959663049,-0.05640711317921746,-0.05197306459865365,-0.04789969055364887,-0.044155888297688684,-0.04071348892491725,-0.03754694757228042,-0.034633068586583104,-0.031950762864386965,-0.029480835269088096,-0.027205795648179515,-0.02510969136963516,-0.023177958405552958,-0.021397288952698542,-0.01975551300968096,-0.01824149234454276,-0.01684502601482536,-0.01555676505661416,-0.01436813617818569,-0.01327127252011624,-0.012258951891621666,-0.011324540344358917,-0.010461941554602236,-0.009665550778149276,-0.008930213056643516,-0.008251185476040524,-0.007624102568305323,-0.00704494508756433,-0.006510011351960594,-0.006015891247960834,-0.005559442446332918,-0.005137768652660233,-0.004748199794809833,-0.004388273789286432,-0.004055719960403611,-0.0037484437481111214
-0.5485729041200758,-0.49484324452604095,-0.44716718817599943,-0.4047587931102399,-0.3669451866128608,-0.3331499020174397,-0.3028783284493386,-0.2757052273036396,-0.2512641354016781,-0.22923841538279918,-0.20935372665629295,-0.19137170154473576,-0.17508463114070782,-0.16031100269876436,-0.14689174535001784,-0.13468706672404293,-0.12357378183056257,-0.11344305268724715,-0.10419847680085499,-0.09575445063986972,-0.08803478051895959,-0.08097149692802084,-0.07450383539644163,-0.06857736001928716,-0.06314320815346783,-0.05815743901072698,-0.053580468044346484,-0.04937657531653596,-0.04551347662921803,-0.04196194862923027,-0.03869550357180272,-0.03569010101362966,-0.032923893472207345,-0.030377003833486762,-0.028031327621930776,-0.025870357932508428,-0.023879029873722167,-0.022043582396596716,-0.020351434776623083,-0.0187910760963673,-0.01735196684517428,-0.01602445011842931,-0.014799672245648316,-0.013669510804228681,-0.012626510454262507,-0.01166382433964818,-0.010775161556182028,-0.009954739385104022,-0.009197239957517629,-0.00849777114098447,-0.007851830694477802,-0.007255273935953286,-0.006704284075071453,-0.006195345313585428,-0.005725218241635846,-0.005290917345695926,-0.004889690526303326,-0.004519000252205594,-0.0041765064285092714,-0.0038600505990113204
-0.569482167226413,-0.5133660505419394,-0.46361641289588684,-0.4194022920419654,-0.38001229290149663,-0.3448371707610254,-0.3133545080380571,-0.2851155056654172,-0.2597337377716002,-0.23687563751184973,-0.21625248522752255,-0.19761367626439638,-0.18074106358687358,-0.16544420821491154,-0.15155638545457067,-0.13893122186827608,-0.12743985769591162,-0.1169685476117685,-0.10741663362272981,-0.09869481108490524,-0.09072365835043875,-0.08343238299658932,-0.07675774517935542,-0.07064313260738575,-0.06503776419264062,-0.05989600392577205,-0.05517676568060759,-0.050842996361474775,-0.046861225456349215,-0.04320117163318035,-0.039835401803398236,-0.03673902912328585,-0.03388944679435991,-0.031266095319711376,-0.028850255909952674,-0.026624867716238232,-0.024574365555851574,-0.022684535888049192,-0.02094238815062509,-0.019336039717080655,-0.017854613544306924,-0.016488145856243676,-0.015227503686455646,-0.014064310129325172,-0.012990877761576959,-0.012000147861041428,-0.01108563595392201,-0.01024138232186035,-0.009461907120903078,-0.008742169894099788,-0.008077532478310388,-0.00746372556280034,-0.006896818012885294,-0.006373189067039617,-0.005889502914465458,-0.005442685461696233,-0.005029903182047473,-0.004648543659102845,-0.0042961979055305445,-0.003970644061614605
-0.5905256062797997,-0.5319916224331896,-0.4801425585468506,-0.43410170233123524,-0.3931184037183308,-0.35654996284622686,-0.3238455577332789,-0.29453231592238727,-0.26820341667758046,-0.24450800404039108,-0.22314268259981584,-0.20384436747540097,-0.18638427496146118,-0.1705628783413202,-0.15620566807459005,-0.14315958360083536,-0.13129000471574553,-0.12047820967689621,-0.11061922943126119,-0.10162001362826845,-0.09339787696571376,-0.08587917564397925,-0.07899817184064953,-0.0726960590186648,-0.06692012362742823,-0.06162302352805918,-0.05676216261793489,-0.05229914827161088,-0.04819931892013377,-0.044431331815128816,-0.0409668061351206,-0.0377800070810118,-0.03484756764212155,-0.03214824556186565,-0.029662707764856078,-0.027373339798201723,-0.025264076764366556,-0.02332025338359197,-0.021528470136011054,-0.019876473653855604,-0.018353050386203638,-0.016947930741853624,-0.01565170352695243,-0.014455738417859835,-0.013352116957963536,-0.012333569584735273,-0.011393419249648026,-0.010525530193829003,-0.009724261518162237,-0.008984425319874794,-0.008301248349879586,-0.007670337462058781,-0.007087647927926017,-0.006549454731127953,-0.006052326327253734,-0.00559310067033216,-0.0051688633954540975,-0.004776927753132899,-0.004414816380472962,-0.004080244497571485
-0.6117004890410653,-0.5507180431145399,-0.4967442776002462,-0.44885608470265864,-0.4062628794314662,-0.3682878630659264,-0.3343512330854383,-0.30395554495210175,-0.2766731605608323,-0.25213558197885677,-0.23002444625257637,-0.21006394867656003,-0.19201447313570305,-0.17566724587913526,-0.16083984326694345,-0.14737241299981052,-0.135124489939502,-0.12397230783517535,-0.11380653183039374,-0.10453032195434173,-0.09605769412610907,-0.08831212517725502,-0.08122535709400742,-0.0747363715585795,-0.06879050880711861,-0.0633387098811409,-0.058336860481955195,-0.053745222225264254,-0.04952793785593943,-0.04565259986121752,-0.04208987736658847,-0.03881318611460656,-0.03579839802412059,-0.033023587728404385,-0.030468807910765183,-0.028115890863144772,-0.025948272552456384,-0.02395083671054975,-0.022109775733872062,-0.020412466472054348,-0.01884735987954563,-0.017403881593129146,-0.0160723432456578,-0.014843862145241709,-0.013710289836260213,-0.01266414692562027,-0.011698564769016413,-0.010807232510414632,-0.009984349100008599,-0.009224580052884124,-0.008523017855657105,-0.007875146306160288,-0.007276807819264571,-0.006724173819458943,-0.006213717683889581,-0.005742190029980233,-0.005306596232677473,-0.004904175751214464,-0.004532383354291793,-0.004188871816011134
-0.6330040509244118,-0.5695433888438609,-0.5134202294726865,-0.46366451325594416,-0.41944509604603586,-0.38005047176761225,-0.3448713038717263,-0.3133850919413843,-0.2851429680499688,-0.25975844641907536,-0.23689790977637218,-0.2162725977025494,-0.19763186875919947,-0.18075754506976663,-0.16545916139963227,-0.1515699705175529,-0.13894357902674567,-0.12745110903766585,-0.11697880594379853,-0.10742599690281417,-0.0987033644813107,-0.09073147860721009,-0.08343953924105312,-0.07676429906177537,-0.07064913859819805,-0.06504327159166591,-0.05990105749757242,-0.0551814060800054,-0.05084725987666361,-0.0468651433470727,-0.04320477330866761,-0.03983871459147202,-0.03674207722088853,-0.03389225239375872,-0.031268678611870604,-0.028852635268580937,-0.026627059776272125,-0.024576385626042523,-0.02268639799790767,-0.020944104907965812,-0.01933762281743075,-0.017856073620797323,-0.0164894928172249,-0.0152287463810856,-0.014065456876400479,-0.012991936073464454,-0.012001124695352246,-0.011086537716628419,-0.010242214826017036,-0.009462675805313852,-0.008742879684164607,-0.00807818796991439,-0.007464330944765114,-0.006897377157144096,-0.0063737055489641115,-0.005889980005607738,-0.005443126209234653,-0.005030310359466049,-0.004648919854225882,-0.004296545486845086
-0.6544334953390962,-0.5884657293168775,-0.5301690804532032,-0.47852607528246804,-0.4326644449544514,-0.39183740457165317,-0.35540555380805045,-0.32282086811020805,-0.2936128477088417,-0.2673766803132769,-0.24376321268664902,-0.22247049657321596,-0.203236675143871,-0.18583401151133372,-0.17006387309786364,-0.1557525159531334,-0.14274753624265596,-0.13091487824915363,-0.12013631444666024,-0.11030729651412242,-0.101335139625826,-0.09313747971346495,-0.08564095324301103,-0.07878006696849203,-0.07249622846394368,-0.06673691389083637,-0.06145494857116735,-0.056607884454681616,-0.05215745945382258,-0.04806912681735081,-0.04431164886099185,-0.0408567380937382,-0.03767874185730517,-0.03475436760790289,-0.03206243973898155,-0.029583685108246913,-0.027300543155264704,-0.0251969978742049,-0.023258428088568164,-0.021471473919928527,-0.01982391832555091,-0.01830458047377304,-0.016903220755025948,-0.015610454829166343,-0.01441767728285122,-0.013316992027956326,-0.012301150102411023,-0.011363493223694544,-0.010497902693186721,-0.009698753393599935,-0.008960871690799196,-0.008279497553628326,-0.007650249842605923,-0.007069094900816563,-0.006532317866386505,-0.00603649648607751,-0.005578477306080586,-0.00515535378813516,-0.004764446447654148,-0.004403284553626094
-0.6759859940362438,-0.6074831277545032,-0.5469895036228354,-0.4934398710779955,-0.44592033268701686,-0.40364829209338465,-0.3659537802672348,-0.33226279644321194,-0.3020828177926308,-0.27499037426134265,-0.2506205002452486,-0.22865783134997697,-0.20882910815412004,-0.19089688208037167,-0.17465422919441628,-0.15992030842816798,-0.14653662445600973,-0.1343638784650589,-0.12327931759845075,-0.11317447607526503,-0.1039532681552682,-0.09553036910895098,-0.08782983079136927,-0.08078389739966707,-0.07433199054247049,-0.06841983871412333,-0.06299872537092796,-0.05802483880946992,-0.05345870799660935,-0.04926471186321937,-0.045410656087410135,-0.041867399491322406,-0.03860852597301006,-0.035610058963928944,-0.0328502088341449,-0.03030915027370015,-0.027968825330722074,-0.025812769241682815,-0.023825955325543793,-0.021994656737876216,-0.020306323908877787,-0.01874947428307416,-0.017313594152402436,-0.01598904986610783,-0.014767009020861794,-0.013639368632626023,-0.012598690986094242,-0.011638145438670039,-0.01075145576358674,-0.009932852764207805,-0.009177030921858608,-0.008479109405479813,-0.007834596352103373,-0.007239356558001533,-0.006689581977395539,-0.006181764800883534,-0.005712672985155765,-0.005279327766033201,-0.004878983255497005,-0.0045091076459830935
-0.6976586874607464,-0.626593640982848,-0.5638801787667952,-0.5084050137517039,-0.4592121806629905,-0.41548277966904695,-0.37651579400339125,-0.3417108114287556,-0.31055290601202085,-0.282599626306105,-0.2574699232895321,-0.23483479199910293,-0.21440938610301635,-0.19594639485862334,-0.17923048068415337,-0.16407360636587226,-0.1503111051395446,-0.13779837072995021,-0.12640807327661888,-0.11602778816592905,-0.10655799572244444,-0.09791038430374883,-0.09000640037754316,-0.08277600923074287,-0.07615663372324528,-0.07009224477927822,-0.06453257640533044,-0.05943244752399134,-0.05475117392895712,-0.050452057197819124,-0.046501944289410624,-0.04287083901298251,-0.03953156109084014,-0.0364594496636968,-0.033632101173391986,-0.03102913851409743,-0.028632006922573214,-0.02642379361146331,-0.02438906723866818,-0.022513734911376346,-0.020784915496913477,-0.019190825704379015,-0.017720678722628277,-0.016364592578863815,-0.015113508851567642,-0.013959118607693161,-0.012893796295152056,-0.011910539793121051,-0.011002916191114329,-0.010165013018583203,-0.009391393637788235,-0.008677057143168432,-0.008017401633860081,-0.007408191005862181,-0.0068455246379844955,-0.006325809736347908,-0.005845736204430515,-0.005402253554509058,-0.004992549965185659,-0.004614032991659932
-0.7194486851082171,-0.6457953195059414,-0.580839792279342,-0.5234206290316491,-0.4725394249422023,-0.42734052708556736,-0.387091418882387,-0.35116485880533416,-0.31902314930523745,-0.29020454173644017,-0.26431163806882985,-0.2410015722616171,-0.21997772965423806,-0.20098278906467354,-0.1837928786824602,-0.16821266747316846,-0.15407123837255726,-0.14121861415755632,-0.12952283701112152,-0.11886748270487583,-0.10914956509320563,-0.10027775976827828,-0.09217088736153996,-0.08475661816420173,-0.07797036372211563,-0.07175432766268264,-0.06605668709984204,-0.060830885973564446,-0.05603502276468355,-0.05163131872977663,-0.047585660077595765,-0.04386719431544193,-0.040447976283371274,-0.037302660581628434,-0.0344082298276851,-0.03174375549424228,-0.029290186584511362,-0.027030163015101687,-0.024947849617288725,-0.023028788356208044,-0.021259767487557545,-0.019628703959271344,-0.018124538837635804,-0.016737142801032567,-0.015457232366007715,-0.014276293581888842,-0.013186513960926861,-0.012180720770894583,-0.011252325247405,-0.010395272437309405,-0.009603995335688733,-0.008873373674869612,-0.00819869618926576,-0.007575626509331784,-0.007000172035760464,-0.006468655551284265,-0.005977689432455354,-0.0055241519609573325,-0.00510516584320343,-0.004718078428147735
-0.7413530658869276,-0.6650862075712348,-0.5978670370614784,-0.5384858550667868,-0.4859015159772765,-0.43922120831419204,-0.39768049161834435,-0.36062489531525094,-0.3274935936178127,-0.29780523289798416,-0.27114580608803684,-0.24715836952962442,-0.22553436172959987,-0.2060063049902731,-0.1883416743874733,-0.17233774872572494,-0.1578172828456347,-0.14462486595218887,-0.13262386201972312,-0.1216938069965503,-0.11172821620204514,-0.10263272699583677,-0.09432351403964727,-0.08672593680085114,-0.0797733831548686,-0.07340627987407206,-0.0675712398718785,-0.06222032660362531,-0.05731041718075784,-0.05280264963482222,-0.04866194744125972,-0.04485660055063147,-0.04135789823760926,-0.038139810326701995,-0.035178705722119515,-0.03245310485094384,-0.02994346105750327,-0.02763196768339974,-0.025502386558158792,-0.023539895399534137,-0.021730952789637385,-0.020063176875223403,-0.01852523756554944,-0.01710675914803996,-0.015798234018064152,-0.014590944123271039,-0.013476890926148968,-0.012448731935007,-0.011499723346920978,-0.010623668503493926,-0.009814870771103797,-0.009068091219519608,-0.008378509879372761,-0.007741690738671748,-0.007153549806264692,-0.006610325992162904,-0.0061085546624469085,-0.0056450433518967615,-0.005216849747220403,-0.004821261413947728
-0.7633688784847256,-0.684464343227974,-0.6149606124116602,-0.5535998422257266,-0.4992979183665718,-0.4511245112479928,-0.40828286151610493,-0.3700908884654131,-0.3359642936898678,-0.3054018190112473,-0.277972593958121,-0.2533053847288398,-0.23107950742194752,-0.21101718394114863,-0.19287711904592642,-0.1764491063557766,-0.16154949586740605,-0.14801738143148963,-0.1357113992440088,-0.12450700577786383,-0.114294186207415,-0.10497551456447365,-0.09646449971113735,-0.08868417470987607,-0.08156589160936709,-0.07504829092968535,-0.06907641420407416,-0.06360093900239373,-0.05857751708876727,-0.05396620042558284,-0.049730947816145,-0.045839190431132035,-0.04226145131791516,-0.03897101530271959,-0.03594363769344648,-0.03315728824775715,-0.03059192522174406,-0.028229296095594485,-0.026052760511912142,-0.024047132823724678,-0.022198542864161744,-0.02049431092436701,-0.018922836707072538,-0.017473499051252138,-0.01613656715640359,-0.014903119769095852,-0.013764973172848227,-0.012714615953698613,-0.011745150071250895,-0.010850237925420874,-0.01002405397912223,-0.009261241326462735,-0.008556871943175793,-0.007906410786469503,-0.007305683048773029,-0.006750844307793337,-0.0062383534259227765,-0.005764947665628872,-0.005327620137847655,-0.004923599039476525
-0.7854931417408567,-0.7039277583784527,-0.6321192239095471,-0.5687617528922653,-0.5127281106078712,-0.463050137443201,-0.4188983902195678,-0.37956281629508637,-0.3444353128507446,-0.31299442599692917,-0.28479217325333267,-0.2594428222071133,-0.2366133939132283,-0.21601566818212944,-0.1973994639224594,-0.18054699584260955,-0.1652681333732024,-0.15139641405041818,-0.13878569738604446,-0.12730732126511124,-0.1168477095467418,-0.10730634819819683,-0.09859406074400902,-0.09063153849768467,-0.08334808571627905,-0.07668054742385876,-0.07057238671589715,-0.06497288997180695,-0.059836479704610125,-0.055122119019592,-0.05079280015041619,-0.046815094293850036,-0.043158757627196634,-0.039796389766886285,-0.03670313254596664,-0.03385640542815206,-0.031235672147096143,-0.02882223502710217,-0.02659905232815491,-0.02455057590886602,-0.022662607764326607,-0.020922171261087693,-0.01931739683076643,-0.017837418791034017,-0.016472284055423482,-0.015212869054757982,-0.014050805749390797,-0.01297841462567431,-0.011988644192656677,-0.011075016658497533,-0.010231578294816936,-0.009452854894477503,-0.008733811015313042,-0.008069813184101084,-0.007456596341598705,-0.006890233263537918,-0.006367106805904421,-0.005883884424497103,-0.00543749509000761,-0.005025108037614688
-0.8077228450226598,-0.7234744788222619,-0.6493415832930133,-0.5839707612578713,-0.5261915848528917,-0.47499780186439344,-0.42952695146582853,-0.389040667150513,-0.3529067228208176,-0.3205831863082414,-0.2916047203749249,-0.2655708896287568,-0.2421362503975541,-0.22100200088642444,-0.20190896027225097,-0.1846316719055743,-0.16897344993553398,-0.1547622154264052,-0.1418470029456328,-0.1300949932009909,-0.11938901799112589,-0.10962545082751197,-0.10071241063976848,-0.09256823187555993,-0.08512015921844454,-0.07830323309912471,-0.07205933123366645,-0.06633634359679616,-0.061087459616491625,-0.056270550805579606,-0.05184764096892157,-0.04778444016200777,-0.04404993706644598,-0.040616045886778335,-0.03745729510585571,-0.03455055426717082,-0.03187479314208596,-0.02941086959587615,-0.027141341299240253,-0.02505029847401834,-0.02312321617433295,-0.021346821758491695,-0.01970897730726009,-0.01819857352880563,-0.016805435945255572,-0.015520239541844493,-0.014334432796687677,-0.013240168904562314,-0.012230243696880102,-0.011298039926509578,-0.010437476373044327,-0.009642962190203662,-0.00890935514320992,-0.00823192391766932,-0.007606313756902229,-0.007028515155075168,-0.006494835449695249,-0.00600187274674635,-0.005546492303946482,-0.005125804793923941
-0.8300549486070861,-0.7431025242935728,-0.6666264083284612,-0.5992260531111937,-0.5396878466626787,-0.4869672326335047,-0.44016843084506063,-0.3985244394662461,-0.36137860352033857,-0.3281682387700741,-0.2984104164211962,-0.27168979787449116,-0.24764830800908555,-0.22597642608889082,-0.20640585931682917,-0.18870338849951915,-0.17266569877628155,-0.15811503536559773,-0.14489556025811037,-0.13287025890169124,-0.12191834069969687,-0.11193304264928516,-0.10281976009726233,-0.09449445572615163,-0.08688230303890082,-0.079916528914841,-0.07353741885900884,-0.06769146131293685,-0.06233060885126389,-0.0574116387080988,-0.05289560443579624,-0.048747353805486414,-0.044935107392665465,-0.041430093795741016,-0.03820622827397625,-0.03523983082162571,-0.0325093778014937,-0.02999528330742474,-0.027679705202763857,-0.0255463729172547,-0.023580435447053003,-0.021768325043785303,-0.02009763634243949,-0.01855701733813825,-0.017136073040866798,-0.015825277845339273,-0.014615897573601244,-0.013499918922626171,-0.012469985805257966,-0.01151934224222813,-0.01064178020763366,-0.00983159286600454,-0.009083531803694467,-0.00839276844345353,-0.007754858875052887,-0.007165711821737421,-0.006621559581270603,-0.006118931358026719,-0.005654629115906078,-0.00522570535654757
-0.852486384066995,-0.7628099084915225,-0.6839724226745928,-0.614526825624693,-0.5532164147639053,-0.4989581707826396,-0.4508227255660263,-0.4080141415530668,-0.36985104288511195,-0.3357497284247822,-0.30520944706364883,-0.27779976094681796,-0.2531497997545634,-0.23093918864314403,-0.21089041222294158,-0.19276239881254015,-0.17634513178053035,-0.16145512189013675,-0.14793161153264428,-0.13563335330402224,-0.12443590427363634,-0.11422934118594383,-0.10491631707558612,-0.0964104081688208,-0.08863470534760079,-0.08152061311438485,-0.07500681803579441,-0.06903840197252245,-0.06356607693915327,-0.05854552325052884,-0.05393682241544703,-0.04970395879958348,-0.04581438427523845,-0.04223864164677667,-0.038950033077221,-0.03592432937888454,-0.033139514052588324,-0.030575558098529722,-0.02821422034282203,-0.02603887025452901,-0.024034331640582426,-0.022186742532600365,-0.02048343100963732,-0.018912803234904005,-0.01746424457026683,-0.016128029659991307,-0.014895242481572804,-0.013757704013743375,-0.012707906996148427,-0.011738957427374496,-0.010844521149975958,-0.010018775977266168,-0.009256367919088177,-0.008552371702868386,-0.007902254798528116,-0.007301844659423992,-0.0067472990132630495,-0.006235078602517705,-0.005761922508447361,-0.005324825445787207
-0.8750140546621924,-0.7825946391037841,-0.7013783557397242,-0.6298722871384999,-0.5667768208061363,-0.5109703700106647,-0.4614897442271555,-0.417509791392364,-0.37832413668887843,-0.3433278063844573,-0.31200200242910514,-0.2839009958806558,-0.2586409604503212,-0.23589053418236153,-0.21536287008434193,-0.1968089552659307,-0.18001199951194205,-0.16478272126639226,-0.15095539689097753,-0.13838450901254637,-0.12694193280982133,-0.11651456134399654,-0.10700228685605703,-0.09831628462386052,-0.09037755162685199,-0.08311566129096021,-0.0764676946156003,-0.0703773219091143,-0.06479401097693487,-0.05967234261651471,-0.05497142453198576,-0.05065437658223372,-0.04668788135079679,-0.043041795664964626,-0.03968880871844401,-0.036604142504291566,-0.0337652882000584,-0.031151774379725293,-0.02874496159008825,-0.026527860157418367,-0.02448496955372983,-0.022602134462315734,-0.020866417280878208,-0.019265983206538967,-0.017789998801889254,-0.016428539785905097,-0.015172509088517517,-0.014013562735703321,-0.012944043025713163,-0.011956918631985041,-0.011045729927059116,-0.010204539999178608,-0.00942788987281376,-0.008710758136975031,-0.008048524165396795,-0.007436934633123347,-0.006872073158594507,-0.006350332453724695,-0.005868389120470089,-0.005423180463397903
-0.8976348357351314,-0.8024547178233659,-0.7188429425327489,-0.6452616569415607,-0.5803686091200746,-0.5230035964435611,-0.4721694065931072,-0.4270114164368506,-0.38679798837223245,-0.3509026296894897,-0.3187882769875931,-0.2899937226590584,-0.26412202666363505,-0.24083070908364373,-0.2198234839063938,-0.20084330951624324,-0.18366655122961145,-0.16809807803411156,-0.15396715440659095,-0.1411239563467134,-0.12943664795411863,-0.11878891547190364,-0.10907787210329822,-0.10021227787562693,-0.09211102473552069,-0.08470184645204855,-0.07792021192174349,-0.07170837500060627,-0.06601455568959867,-0.06079223270989353,-0.05599953822715403,-0.051598726509739665,-0.04755571027663109,-0.043839660198471145,-0.04042265262502227,-0.03727936108727766,-0.034386784969682366,-0.031724011076562704,-0.02927200242073436,-0.027013410989766857,-0.0249324127604623,-0.02301455992439096,-0.0212466500571908,-0.019616608240428535,-0.01811338307113906,-0.0167268521533477,-0.015447738151983621,-0.014267532891807284,-0.013178428948063401,-0.012173258353174798,-0.011245436658933723,-0.010388912842989914,-0.009598123524511453,-0.008867951700532029,-0.008193689162377716,-0.007571002289044513,-0.00699590104173551,-0.006464710524930384,-0.005974045256905202,-0.0055207855015768905
-0.9203455751112701,-0.8223881403587344,-0.7363649235078668,-0.6606941650501709,-0.5939913364768308,-0.5350576283984938,-0.4828616433767233,-0.4365190534174827,-0.39527270887792265,-0.3584743611732658,-0.32556846944584084,-0.296078164133869,-0.2695932366582512,-0.2457599604357987,-0.22427250459336204,-0.20486571245936191,-0.18730903490630696,-0.17140143503640884,-0.15696712014423125,-0.1438519233879454,-0.13192026895428263,-0.12105261341726656,-0.1111432729254107,-0.10209857813458312,-0.09383530497200117,-0.08627933908253359,-0.07936453081191128,-0.07303171273084685,-0.06722785349054652,-0.06190532721314374,-0.05702128881678215,-0.052537125911071375,-0.048417980782701125,-0.04463233776819286,-0.04115166049609883,-0.037950074386194015,-0.03500408755077653,-0.03229234566971944,-0.029795414954250827,-0.027495589843289675,-0.025376723643368116,-0.02342407689577251,-0.021624183198045925,-0.019964728351465826,-0.018434443806169303,-0.017023009846834292,-0.015720969641641682,-0.014519651551851968,-0.013411099134809501,-0.012388008453351354,-0.011443670875668674,-0.01057192187178149,-0.00976709422471076,-0.009023975875632174,-0.00833777153750672,-0.007704067766379718,-0.00711880130962816,-0.006578230079331354,-0.006078906898126801,-0.005617655351697069
-0.9431430935040062,-0.8423928964373155,-0.7539430444031477,-0.6761690519839537,-0.6076445718482256,-0.5471322561515763,-0.49356639602630253,-0.4460327481564745,-0.4037484164924071,-0.3660431693328425,-0.3323427826462235,-0.3021545459511541,-0.27505483034396294,-0.25067853601043594,-0.22871018293829956,-0.20887641423650702,-0.19093969724805304,-0.1746930334505651,-0.15995552819978626,-0.14656863602667955,-0.13439301271247883,-0.12330586258337381,-0.11319868693328332,-0.103975373098297,-0.09555057013601209,-0.08784830720654128,-0.08080080973944102,-0.07434748424986173,-0.06843404454036679,-0.06301175764441123,-0.058036799545837105,-0.05346969014076259,-0.04927480072227729,-0.0454199291160748,-0.041875926348546096,-0.03861637007192057,-0.03561727763747219,-0.03285685423397948,-0.030315269990193707,-0.02797446257215205,-0.02581796342614875,-0.02383074226938032,-0.021999069549925886,-0.020310392608797613,-0.018753226552888566,-0.017317055128491642,-0.015992242761087773,-0.014769955072460548,-0.013642087294016371,-0.01260120017786931,-0.011640461533788322,-0.010753593915758879,-0.00993482682904659,-0.00917885368491637,-0.008480792612415501,-0.007836150808706996,-0.007240792242272408,-0.006690908039862777,-0.006182989709060772,-0.005713804512751568
-0.9660241849241492,-0.8624669698024565,-0.7715760560730416,-0.6916855685393457,-0.6213278961681415,-0.5592272817092762,-0.504283616518091,-0.4555525553862742,-0.4122252366934865,-0.3736092282054367,-0.3391114234709959,-0.3082230964812539,-0.2805070492300884,-0.25558668423623204,-0.23313676961541785,-0.21287566424208515,-0.19455878371497218,-0.17797311281957398,-0.16293261074046694,-0.1492743180093346,-0.13685509383741967,-0.1255488679850899,-0.1152443092990301,-0.10584284801140949,-0.09725699558922896,-0.08940891644802917,-0.08222920481328212,-0.07565583643271867,-0.06963326680423482,-0.0641116534131549,-0.05904619164210291,-0.054396532630472595,-0.05012627612127192,-0.046202533252157486,-0.04259554256169753,-0.039278334270287714,-0.03622643546884771,-0.03341761147612962,-0.03083163704389941,-0.028450093826573437,-0.026256192205186966,-0.024234611883725343,-0.022371360974077374,-0.02065364916179631,-0.019069775999247227,-0.01760902946074135,-0.016261595969018376,-0.015018479116832748,-0.013871426488605986,-0.012812864172167569,-0.011835837032220185,-0.010933955287089719,-0.010101345712057674,-0.009332607704396966,-0.00862277329424261,-0.007967270775053777,-0.00736189176299369,-0.0068027609987278866,-0.006286309048029952,-0.005809247199561156
-0.9889856170938829,-0.8826083382038966,-0.7892627143149012,-0.7072429755606486,-0.6350409020949372,-0.5713425185834328,-0.5150132671539155,-0.46507853857437675,-0.4207033020039005,-0.381172717250579,-0.34587460275166276,-0.3142840467533222,-0.28595013638271866,-0.2604846541762644,-0.23755251517484308,-0.21686371113329375,-0.19816653854332383,-0.1812419110843906,-0.16589859804525667,-0.1519691909851856,-0.13930672469609534,-0.1277818323040975,-0.11728033281358051,-0.10770118572459056,-0.0989547543147875,-0.09096133009015786,-0.083649869856679,-0.0769569139370803,-0.07082565610797718,-0.06520514187445614,-0.06004958436852594,-0.05531776493923048,-0.05097251122629532,-0.046980247500380316,-0.043310599920886705,-0.039936051603351855,-0.036831639867977155,-0.03397469077181702,-0.031344584381209156,-0.028922547085489324,-0.026691468980223756,-0.024635740551680642,-0.02274110837346218,-0.020994545265282945,-0.019384135998814517,-0.017898973528323356,-0.016529066999777867,-0.015265258673904667,-0.0140991491542131,-0.013023030498399302,-0.01202982522777248,-0.011113031794298126,-0.010266674780568568,-0.009485260075895263,-0.008763734087188528,-0.008097446650623247,-0.007482117448402515,-0.006913805226638377,-0.006388879975324851,-0.005903997350719297
-1.0120241318651608,-0.9028149733818596,-0.8070017796896306,-0.7228405437087171,-0.6487831937749422,-0.5834777915698517,-0.5257553203638852,-0.474610769753891,-0.42918275185075133,-0.38873382123781164,-0.3526325351833657,-0.320337630394228,-0.2913843363856388,-0.265372695508315,-0.24195767003968738,-0.2208408028414364,-0.20176320476870804,-0.18449966461686423,-0.16885371854563475,-0.15465347455315287,-0.1417481154651293,-0.13000495594351397,-0.11930694794344908,-0.10955056675252024,-0.10064401697569232,-0.09250570913347936,-0.0850629564646115,-0.07825085925947231,-0.07201134619284265,-0.06629234838203524,-0.06104709507429518,-0.05623349680243882,-0.051813608551490996,-0.047753167543208866,-0.044021187659841976,-0.04058960522957307,-0.0374329682799126,-0.034528164201390335,-0.03185417905223363,-0.02939188468830419,-0.027123851684175106,-0.025034182088445246,-0.02310836171895124,-0.02133312730403181,-0.019696349593682324,-0.018186927259681733,-0.016794692883316944,-0.015510328076955834,-0.0143252871165197,-0.013231728651570936,-0.012222453450155973,-0.011290848756239626,-0.010430837486682066,-0.00963683251911405,-0.008903695103728081,-0.008226697057210193,-0.007601486538060914,-0.007024056681786647,-0.006490717261527239,-0.005998068636315455
-1.0351364456424867,-0.9230848410447844,-0.8247920173364797,-0.7384775532272693,-0.6625543866069702,-0.5956329365303772,-0.536509758514024,-0.48414932935967614,-0.43766373243058737,-0.396292730139741,-0.3593854392441035,-0.3263840835716482,-0.2968098953047556,-0.270251058508011,-0.24635248450530728,-0.22480718658483728,-0.20534902425033333,-0.187746608253273,-0.17179819886649805,-0.15732738630845533,-0.144179474181713,-0.132218437081859,-0.12132434288667171,-0.11139116933089387,-0.10232495197214027,-0.09404221235295837,-0.08646861406001723,-0.07953781279030572,-0.07319046876900767,-0.0673733963399997,-0.06203883924465242,-0.057143836179626616,-0.05264966892415708,-0.04852138746507867,-0.04472739350194566,-0.04123907688289914,-0.03803049680863236,-0.03507810258475422,-0.03236048692416912,-0.029858167865742608,-0.027553397212095314,-0.02542998933869757,-0.023473170074752494,-0.02166944081655703,-0.020006459036697788,-0.018472929847724084,-0.01705850996455868,-0.015753721021665355,-0.014549871608077653,-0.013438987575206885,-0.012413748516557499,-0.011467431015652308,-0.010593856840376017,-0.00978734634334117,-0.009042676075482642,-0.008355040263289551,-0.007720015943847811,-0.007133531018533285,-0.0065918353955669055,-0.0060914744654030515
-1.0583192498100378,-0.943415900840856,-0.8426321967821583,-0.7541532937069693,-0.6763541070079667,-0.6078078001784979,-0.5472765737188411,-0.4936943060700392,-0.4461463965800903,-0.4038496390303805,-0.3661335371187157,-0.3324236449413012,-0.30222706065599114,-0.2751199940347585,-0.2507372087407309,-0.2287631088833431,-0.2089242376963658,-0.19098297532848368,-0.1747322638673225,-0.15999114188917207,-0.1466010067941729,-0.13442247172643362,-0.12333270362796751,-0.11322316947251143,-0.10399772549782217,-0.09557099635390078,-0.08786698994886617,-0.08081791286771693,-0.07436315356788263,-0.0684484072533966,-0.06302493054952978,-0.058048889301058504,-0.05348079152925024,-0.04928499979475907,-0.04542930370045175,-0.041884546910851105,-0.03862430025302854,-0.035624575515310564,-0.032863572713255865,-0.030321456769890415,-0.027980161449373844,-0.02582321420302888,-0.023835581623159432,-0.022003530518263512,-0.02031450581309113,-0.018757019770015353,-0.017320553922236432,-0.015995470583670117,-0.014772933284665812,-0.013644835676575895,-0.012603736745807611,-0.011642802952335888,-0.010755755421753953,-0.009936822458834274,-0.009180696363793176,-0.008482494193838164,-0.007837722259073372,-0.007242243595863736,-0.006692248592568026,-0.006184227993278327
-1.0815692111630466,-0.9638061063232713,-0.8605210917441934,-0.7698670638471545,-0.6901819921796148,-0.6200022398682766,-0.5580557676586198,-0.5032457966537403,-0.45463090365212644,-0.41140474798855803,-0.3728770546274177,-0.3384565555980929,-0.30763608137643256,-0.2799797535202937,-0.25511209279209485,-0.23270881557428072,-0.21248908469022887,-0.19420899771063388,-0.17765613668347113,-0.16264495502263496,-0.14901291721211435,-0.13661725376605233,-0.12533221399309158,-0.11504674102242553,-0.10566250159518027,-0.09709221562676132,-0.08925822937406418,-0.08209129583020895,-0.07552952839321914,-0.06951750077756827,-0.06400548089099772,-0.058948760713166765,-0.05430707395274482,-0.05004409554660916,-0.04612700307763054,-0.04252609431158214,-0.039214452141908634,-0.03616765139295874,-0.033363500015833394,-0.030781810503378873,-0.028404199299121347,-0.02621390766360837,-0.024195643688579207,-0.022335440323914706,-0.020620530661472347,-0.019039234808374456,-0.017580859787170073,-0.01623560923560228,-0.014994502241157965,-0.013849300841462407,-0.012792443972125244,-0.0118169884959291,-0.010916555392921863,-0.010085281387854335,-0.009317774969965794,-0.008609076439844236,-0.007954621767305317,-0.007350209485580048,-0.006791970801446562,-0.006276342128523193
-1.1048829723434324,-0.9842534049094818,-0.878457479928752,-0.7856181712154119,-0.7040376898760451,-0.632216123386724,-0.5688473514014822,-0.5128039058223578,-0.4631174193971745,-0.41895826200637787,-0.3796162211588644,-0.34448305903118887,-0.3130372077987606,-0.2848305889598653,-0.25947738658810604,-0.23664455182989286,-0.216043803717903,-0.19742490583638497,-0.1805700387677081,-0.16528903757172278,-0.15141540735620065,-0.1388029750232146,-0.1273230557024556,-0.11686205571222433,-0.10731944220970556,-0.09860602260091779,-0.09064247556828076,-0.08335809606819239,-0.0766897191710913,-0.07058079476638149,-0.06498060044959918,-0.05984355332290072,-0.05512861222393456,-0.050798764260805304,-0.04682057506292657,-0.04316379676998223,-0.0398010247680958,-0.03670739745623237,-0.033860331338582204,-0.03123928714779353,-0.028825564708824445,-0.026602119809160125,-0.024553402760909886,-0.022665213369490688,-0.02092457359424406,-0.019319612067927462,-0.017839461960039996,-0.016474168863649063,-0.015214608026947688,-0.014052410448524937,-0.012979895558474494,-0.011990011138331253,-0.011076278509531056,-0.010232743275389035,-0.009453930545232301,-0.008734804267553091,-0.008070730450947814,-0.007457443480256438,-0.006891015712288488,-0.006367829539849287
-1.128257152279592,-1.0047557378343703,-0.8964401428228883,-0.8014059320048947,-0.717920858172531,-0.6444493287494285,-0.5796513452300359,-0.5223687460877722,-0.4716061158499073,-0.42651039090251436,-0.3863512696075449,-0.3505034010828,-0.31843069162875226,-0.2896727529058783,-0.2638333399473875,-0.24057056217613126,-0.21958863219610514,-0.2006309287466469,-0.1834741899318404,-0.16792359958098504,-0.15380867720752556,-0.14097982530566325,-0.1293054084239764,-0.11866928321342442,-0.10896870724325085,-0.10011256769740395,-0.09201986980568738,-0.08461844607440648,-0.0778438499987601,-0.07163840531934504,-0.065950397729593,-0.06073336844100142,-0.055945500856690346,-0.05154909404256223,-0.04751010173014635,-0.04379773069285789,-0.0403840892216349,-0.03724387981359264,-0.03435412812795809,-0.031693943791323405,-0.02924431069627974,-0.02698789985926174,-0.02490890451827757,-0.022992892033443655,-0.021226673917458232,-0.019598187995640733,-0.018096394228663833,-0.016711180783656705,-0.015433279660942401,-0.01425419138325037,-0.013166116409543346,-0.012161893945768358,-0.01123494613199404,-0.010379227899570213,-0.009589181400423117,-0.00885969462744802,-0.008186063999577421,-0.007563960100974754,-0.00698939676352504,-0.006458702662748199
-1.1516883466303154,-1.0253110400974454,-0.9144678654812717,-0.8172296707894205,-0.7318311652351406,-0.6567017439994108,-0.5904677784725354,-0.5319404376247103,-0.48009717122083756,-0.4340613492402628,-0.3930824363154146,-0.3565178299106175,-0.32381678592581503,-0.2945064984639569,-0.26818020258767694,-0.24448709051278003,-0.22312380650134978,-0.20382729412279263,-0.18636880838850103,-0.17054884932262274,-0.15619292485660688,-0.14314799245737472,-0.131279449825208,-0.12046859119002416,-0.11061045460642017,-0.10161199938064469,-0.09339055145265811,-0.08587247649328553,-0.0789920431924641,-0.07269044682765875,-0.06691497960313263,-0.06161830582423588,-0.05675783288970353,-0.0522951716003698,-0.04819566383369639,-0.044427971243198125,-0.040963715422130925,-0.03777716347388646,-0.03484495079883965,-0.032145836555661465,-0.029660489374821405,-0.027371296187968398,-0.02526219384914226,-0.02331851795736258,-0.021526870250112327,-0.019874998398320753,-0.01835168978478243,-0.016946675756767338,-0.015650545646126106,-0.014454670051506118,-0.013351130984349235,-0.012332659570513538,-0.011392579236372621,-0.010524754681790375,-0.009723545515359306,-0.008983764162966446,-0.008300637818030721,-0.007669773604825818,-0.007087127148887456,-0.006548973705940977
-1.1751731282327613,-1.0459172404042165,-0.9325394363075297,-0.8330887202764353,-0.745768289091403,-0.6689732670092027,-0.6012966893385315,-0.5415191081382924,-0.4885907697929594,-0.44161135625024894,-0.3998099610176929,-0.3625265959538165,-0.3291957450864717,-0.2993320792913648,-0.2725182241368204,-0.24839438013488324,-0.22664956199985944,-0.20701422832332494,-0.1892541107930633,-0.1731649933423256,-0.15856834655200377,-0.14530766240898904,-0.1332453556247644,-0.12226014535023741,-0.11224484027004394,-0.10310446420922713,-0.09475465801746828,-0.08712031616929236,-0.08013441933417935,-0.07373703201923079,-0.06787445135343377,-0.062498463716637274,-0.05756569992576332,-0.05303708228329746,-0.04887734084392474,-0.04505459237358316,-0.04153997215026352,-0.03830731237602576,-0.03533285876242994,-0.03259502062220108,-0.030074151977881946,-0.027752356346820124,-0.0256133148738187,-0.023642132066084152,-0.021825200542926228,-0.020150078460136927,-0.018605381240396703,-0.017180684004640946,-0.01586643398373051,-0.014653872392727045,-0.013534963308507092,-0.01250233026228859,-0.01154919842497619,-0.010669342696544645,-0.009857040547992713,-0.00910702921898495,-0.008414467034274186,-0.007774897992210675,-0.00718421982418126,-0.006638654657659558
-1.1987080475544414,-1.0665722611017194,-0.9506536468301734,-0.8489824210577467,-0.7597319174018557,-0.6812638052860079,-0.6121381247588452,-0.5511048927363994,-0.4970871018232248,-0.44916063575766574,-0.4065340867926822,-0.36852995190249865,-0.33456782483068914,-0.30414974959768526,-0.27684765414549006,-0.2522926737553919,-0.23016613307827433,-0.21019195642097996,-0.19213031228566732,-0.17577223650495125,-0.16093513674855825,-0.1474590192276811,-0.13520329964304106,-0.12404410949741759,-0.11387201831577527,-0.10459010688572805,-0.09611232519900763,-0.08836209219425292,-0.0812710973173642,-0.07477827200268852,-0.068828916716944,-0.06337393888977454,-0.058369192170090664,-0.0537749101173824,-0.04955521098157883,-0.045677666858743436,-0.042112927078496044,-0.038834389417899524,-0.035817910453431676,-0.03304155025754134,-0.030485348882901882,-0.028131127087224546,-0.0259623109654125,-0.023963774587254676,-0.02212170209660715,-0.020423462759657014,-0.018857500643643974,-0.017413235224243432,-0.01608097218700288,-0.014851823892725418,-0.013717636986136345,-0.012670927879336397,-0.011704823936645545,-0.010813010680982114,-0.009989683843272952,-0.009229505850047507,-0.008527566507043878,-0.007879347013924927,-0.0072806875138517625,-0.006727757291732247
-1.2222896331491628,-1.0872740181083225,-0.9688092914731476,-0.8649101213580696,-0.7737217472324719,-0.6935732757798977,-0.6229921402297988,-0.5606979338068011,-0.5055863634487581,-0.4567094161139226,-0.4132550600155091,-0.3745281526704937,-0.33993328219097435,-0.30895976414769666,-0.28116874210157067,-0.256182213529019,-0.2336737531751409,-0.21336070224023937,-0.19499762653334882,-0.17837078204005097,-0.16329348815527145,-0.14960224516650344,-0.1371534538522728,-0.1258206455802093,-0.1154921409858268,-0.10606907030562666,-0.09746368693454636,-0.0895979299537233,-0.08240219439173593,-0.07581427631042428,-0.06977847792456462,-0.0642448266820899,-0.05916839846776217,-0.054508737841141165,-0.050229351251423145,-0.046297266327314346,-0.042682646801011706,-0.03935845648454305,-0.03630016335652097,-0.03348547883832967,-0.03089412963461136,-0.028507654382251765,-0.026309224770201055,-0.024283485070371744,-0.022416411579622857,-0.02069518528642515,-0.019108079494250727,-0.01764435860224078,-0.016294187294603957,-0.015048549596156311,-0.013899175211457735,-0.012838473899195468,-0.011859475656765553,-0.010955777044206076,-0.010121492441779394,-0.009351209828378197,-0.008639950833275054,-0.00798313417805252,-0.007376542717379413,-0.0068162931735143385
-1.2459143921168498,-1.1080204208379212,-0.9870051673211506,-0.8808711767814227,-0.7877374848279811,-0.7059016046950392,-0.6338587996616873,-0.5702983808989893,-0.5140887565977602,-0.46425793013266214,-0.41997313031574657,-0.3805214553714762,-0.34529237550419783,-0.31376237826642256,-0.28548173744619026,-0.2600632410772576,-0.23717265481315628,-0.21652068839524596,-0.1978562657722718,-0.1809608315872477,-0.16564359178282334,-0.1517375207131953,-0.1390959884259289,-0.12758991374193773,-0.11710535873187418,-0.10754149560533689,-0.09880887544658527,-0.09082795317241683,-0.08352782620709939,-0.07684515294069781,-0.07072323574194228,-0.06511122103732427,-0.05996340634025337,-0.055238646940229306,-0.05089983747503343,-0.04691346129280154,-0.04324919686289668,-0.03987957447560268,-0.03677967403214562,-0.03392685887546439,-0.0313005429677094,-0.028881983447861626,-0.02665409822747909,-0.024601302405324474,-0.02270936504550578,-0.020965279457100385,-0.01935714875857385,-0.017874082829005974,-0.016506105883647884,-0.015244074118648067,-0.014079600780066412,-0.013004989429177875,-0.012013173126997567,-0.011097659876310274,-0.010252483088113102,-0.00947215665166649,-0.008751634355326894,-0.008086272756664795,-0.007471797715490382,-0.006904273665643695
-1.2695788105672197,-1.1288093721185093,-1.0052400738796035,-0.896864950055251,-0.8017788453859069,-0.7182487273037478,-0.6447381752312562,-0.5799063906105034,-0.5225944889048956,-0.471806415029944,-0.4266885505387242,-0.38651011929821116,-0.3506453644059989,-0.318557847846214,-0.28978688959129595,-0.2639359975145092,-0.24066306963212653,-0.2196721363280944,-0.2007064408500438,-0.18354258524145206,-0.16798563699073482,-0.1538650246384842,-0.14103107178746785,-0.1293520723692647,-0.11871182026315345,-0.10900752220937636,-0.10014802128881205,-0.09205228395872388,-0.08464810685626424,-0.0778710083988329,-0.07166328950886197,-0.0659732145420716,-0.0607543020211297,-0.05596471768127479,-0.051566744322796926,-0.047526321183786524,-0.04381264178860064,-0.04039780333209907,-0.03725649814166282,-0.03436574203767428,-0.03170463682894918,-0.029254158763568627,-0.026996972588877885,-0.024917264840432246,-0.023000597949684863,-0.021233778131150283,-0.019604738884221776,-0.0181024361122352,-0.016716754082370867,-0.015438421658584747,-0.014258936099893458,-0.013170495216556664,-0.0121659355547447,-0.011238676957167886,-0.010382672239053203,-0.009592361550639398,-0.008862631168006252,-0.008188775792334041,-0.007566464576197226,-0.006991709933641069
-1.2932793540872287,-1.1496387681052975,-1.0235128128294364,-0.9128908107723845,-0.8158455528314134,-0.7306145877634512,-0.6556303472382711,-0.5895221264777912,-0.5311037736311893,-0.4793551123686349,-0.43340157671056057,-0.3924944059049844,-0.35599250982779634,-0.32334642935589764,-0.2940844479387895,-0.2678007234753093,-0.24414522842263944,-0.22281526634749463,-0.20354836126812323,-0.18611624159793794,-0.17031981153419312,-0.1559849340438848,-0.1429588706584766,-0.13110727814012818,-0.1203116725937719,-0.11046728787670462,-0.10148125339119006,-0.09327104284835061,-0.08576314891707683,-0.07889194773753314,-0.07259873717778409,-0.06683089846248755,-0.061541170490919846,-0.056687029144924996,-0.05223014534515859,-0.04813591437340899,-0.044373045109702,-0.04091320206254183,-0.03773069047185887,-0.034802179174507834,-0.03210645839867371,-0.029624224092591155,-0.027337888437197984,-0.025231410000033337,-0.023290145165897426,-0.02150071362615219,-0.019850879814313094,-0.018329446190224793,-0.016926157582488673,-0.015631616008602144,-0.01443720320188681,-0.013335011658491169,-0.01231778182236835,-0.011378845764991015,-0.010512076071501855,-0.00971183949642894,-0.0089729551254031,-0.008290656104475597,-0.007660555160675678,-0.0070786129513577345
-1.3170124682122435,-1.1705064981884257,-1.0418221877766614,-0.928948135130732,-0.8299373395928313,-0.7429991389363785,-0.6665354039659702,-0.5991457588714292,-0.539616829588264,-0.4869042680068073,-0.44011246800675224,-0.39847457879304793,-0.3613340739962797,-0.32812837985189003,-0.2983746619011493,-0.27165765914262563,-0.24761936116041816,-0.2259502976678007,-0.20638223522431492,-0.18868199779727887,-0.17264630161055153,-0.15809742440903338,-0.144879550106216,-0.13285568607100326,-0.1219050610892741,-0.11192092874626886,-0.10280869910423178,-0.09448434884711794,-0.08687306349360613,-0.07990807459635658,-0.07352967535153875,-0.06768436278018,-0.06232409551119226,-0.05740565925812143,-0.05289011300311976,-0.048742308208133356,-0.044930469391996325,-0.041425828768388115,-0.03820230495884824,-0.03523622033873941,-0.03250605411179307,-0.029992222501471624,-0.02767688570474118,-0.025543774901600057,-0.023578041002156304,-0.021766117732679096,-0.020095601001340474,-0.018555140344777565,-0.017134341651204386,-0.01582368056675375,-0.014614423750393823,-0.013498558811673465,-0.012468730496149811,-0.011518183484649282,-0.010640710490204361,-0.009830605207740173,-0.009082619847536997,-0.008391926295506034,-0.0077540811289784324,-0.0071649935062724004
-1.3407745789008727,-1.1914104448952907,-1.0601670039967221,-0.9450363056706764,-0.8440539463777686,-0.7554023422119217,-0.6774534415453498,-0.6087774648956156,-0.5481338810668333,-0.49445413205011035,-0.44682148672425764,-0.4044509036990371,-0.36667032043533243,-0.33290395699122066,-0.3026577809234931,-0.2755070442771629,-0.2510856970413264,-0.22907744844836717,-0.2092082696553296,-0.19124004957011798,-0.17496529190548554,-0.1602026696385224,-0.14679327359056227,-0.13459744956346675,-0.12349212951244763,-0.11336857938174293,-0.10413048424243371,-0.09569231947291672,-0.08797796025648474,-0.08091949124035429,-0.07445619932020828,-0.0685336962273046,-0.0631031596578601,-0.05812068482562889,-0.053546718698027775,-0.049345569035835396,-0.04548497626192953,-0.041935740668888374,-0.03867139471138794,-0.035667914808222075,-0.03290346967824475,-0.03035819637921245,-0.02801400369119135,-0.02585439597242995,-0.023864319216318413,-0.022030021728808337,-0.02033893142069013,-0.018779545413787267,-0.017341331142919556,-0.016014638347400478,-0.014790619053282534,-0.01366115640173156,-0.012618799835022095,-0.011656707015776997,-0.010768591135275027,-0.009948673157830707,-0.009191638726833987,-0.00849259875685571,-0.007847053945605678,-0.007250862204652941
-1.3645620930133988,-1.212348483787683,-1.0785460681737329,-0.9611547110102152,-0.8581951219498619,-0.7678241673316388,-0.6883845638232233,-0.6184174282918958,-0.5566551577694077,-0.5020049588080278,-0.45352889825702125,-0.41042364848631163,-0.3720015139703527,-0.33767341904645565,-0.30693405450707467,-0.27934911824769604,-0.25454446451703744,-0.23219693583326764,-0.2120266702794427,-0.19379059128183526,-0.1772769656388625,-0.16230084210831405,-0.14870020301040923,-0.13633272045014547,-0.12507302006844906,-0.11481037281554529,-0.10544673312696072,-0.09689507079689015,-0.08907794748247133,-0.08192629859792891,-0.07537840309723776,-0.06937898632090567,-0.0638784443537538,-0.05883218156085895,-0.05420003280067625,-0.04994576223323216,-0.04603662643240796,-0.04244299412533204,-0.03913801203362749,-0.03609731110720248,-0.033298750102941393,-0.030722187455926364,-0.028349281081034915,-0.026163309065904854,-0.02414901303124442,-0.02229245639425328,-0.020580899583796126,-0.01900268780348518,-0.017547150510622247,-0.01620451199180044,-0.014965810071783594,-0.013822823832371805,-0.012768007799060916,-0.011794432980656104,-0.010895733389510746,-0.010066057581296414,-0.009300024934418847,-0.008592685674797958,-0.007939484884909743,-0.007336229476566335
-1.3883713987937645,-1.2333184833537154,-1.0969581881345378,-0.9773027455777034,-0.8723606229059679,-0.7802645922167551,-0.6993288822339382,-0.6280658393469837,-0.5651808947470752,-0.5095570067539361,-0.46023497107485467,-0.4163930831391352,-0.37732792073489313,-0.34243702492244465,-0.31120373223415354,-0.2831841200623745,-0.25799589133132433,-0.23530897599132938,-0.2148376416392186,-0.19633381597705768,-0.179581504610291,-0.16439211271169457,-0.15060049874950762,-0.13806164904000803,-0.12664787344921508,-0.11624644059209713,-0.10675756862754841,-0.09809271748382538,-0.09017313209322109,-0.08292859629791338,-0.07629637945477392,-0.07022031939650021,-0.06465002990045894,-0.059540224115983635,-0.05485012467973628,-0.050542952232665785,-0.04658547972799354,-0.04294764466471146,-0.039602208447301515,-0.03652445702711273,-0.03369193970522959,-0.031084236821025638,-0.028682755960551063,-0.026470549477344948,-0.024432155149587898,-0.02255345202414072,-0.0208215335509771,-0.019224593500383858,-0.017751823817000266,-0.016393323778441698,-0.015140017430091711,-0.01398358019430156,-0.012916372057768823,-0.011931377731903727,-0.011022152385526798,-0.010182772480691564,-0.00940779142625339,-0.008692199036142361,-0.008031385036376088,-0.007421105580773438
-1.41219886635502,-1.2543183048946516,-1.1154021725776364,-0.99347980934224,-0.8865502134538112,-0.79272360279811,-0.7102865156746567,-0.637722894804615,-0.5737113323403102,-0.5171105384888833,-0.466939976705593,-0.4223594797596422,-0.38264980817958244,-0.3471950341748645,-0.31546706379422507,-0.28701228840098814,-0.261440204556966,-0.23841378415649456,-0.21764138714431627,-0.19886991542405613,-0.18187908924438573,-0.16647665090481115,-0.1524943197217827,-0.13978438416306932,-0.12821682887722485,-0.11767691281039754,-0.10806311220369266,-0.09928537283181786,-0.09126361969332412,-0.08392648270591922,-0.07721021995829278,-0.07105778064097808,-0.06541799550948856,-0.06024488611140485,-0.055497062729554486,-0.051137202548287464,-0.04713159510952146,-0.043449747002837,-0.04006403471340646,-0.03694939964687158,-0.03408308213787997,-0.031444384940973576,-0.029014465834383767,-0.026776151959474557,-0.02471377776821102,-0.022813038442442455,-0.021060860943937613,-0.019445288082913462,-0.017955374745264156,-0.01658109563310141,-0.01531326142471432,-0.014143444273907228,-0.013063909998133352,-0.01206755735995473,-0.011147863012697976,-0.01029883163296545,-0.009514950949108227,-0.008791150633773353,-0.008122765309751725,-0.007505500609480747
-1.4360408481682123,-1.2753458024067434,-1.1338768307969982,-1.0096853075416174,-0.9007636651900058,-0.8052011928484942,-0.7212575903841763,-0.6473887977813741,-0.5822467161237433,-0.5246658207090484,-0.4736441897205002,-0.4283231125675513,-0.38796744508329234,-0.35194770703053874,-0.31972429901157823,-0.290833861648185,-0.2648776306332771,-0.24151157466851758,-0.22043810911438688,-0.20139908015903105,-0.1841698986357619,-0.1685546247518083,-0.15438182341614667,-0.14150107321450336,-0.12978002414861814,-0.11910191816590607,-0.10936348394512686,-0.10047314881120796,-0.09234951460761444,-0.08492005495995932,-0.0781200150005084,-0.07189145412478286,-0.06618241933275926,-0.06094624016455377,-0.056140914397318845,-0.05172857580162985,-0.04767503069813986,-0.043949355066900744,-0.04052354085335141,-0.037372185352687375,-0.034472220405611584,-0.03180267167659238,-0.02934444764170561,-0.02708015073749451,-0.02499391259223472,-0.023071245015065845,-0.021298908957957333,-0.01966479673276066,-0.018157826609689724,-0.01676784913864897,-0.015485562033579562,-0.014302434561718487,-0.013210638732486936,-0.012202987700354053,-0.011272879923925793,-0.010414248595744052,-0.009621516046385318,-0.008889552072044423,-0.008213636440049257,-0.007589424492978798
-1.459893679554621,-1.2963988224581389,-1.1523809724007534,-1.0259186504077706,-0.9150007568783262,-0.8176973638172358,-0.7322422398251235,-0.6570637576863612,-0.5907872968547665,-0.5322231241767618,-0.48034788772281756,-0.43428425790254627,-0.3932811015664848,-0.35669530440946634,-0.32397568787415454,-0.2946490779276014,-0.26830839540421936,-0.24460256101396644,-0.22322800882204497,-0.20392149953027805,-0.18645411059374997,-0.17062620096956135,-0.15626316594081732,-0.14321186219818638,-0.13133759567568684,-0.12052158399177033,-0.11065880261161411,-0.10165615610282543,-0.09343091991778076,-0.0859094090053814,-0.07902585383460292,-0.07272142283344493,-0.06694337849243993,-0.06164435791808188,-0.05678174620963465,-0.05231713374662125,-0.048215843798814946,-0.04444652201753352,-0.04098077616963015,-0.037792859857410856,-0.034859396883188426,-0.03215913629996885,-0.029672737771993904,-0.027382579523802207,-0.0252725908487589,-0.02332810066263,-0.021535704373784815,-0.019883144245935014,-0.018359202365911514,-0.016953605544609777,-0.015656938924920982,-0.01446056926065683,-0.01335657510616143,-0.012337684340864075,-0.011397217542231136,-0.010529036713441742,-0.009727499063788985,-0.008987414772039685,-0.008304008992420805,-0.007672887004157941
-1.483753679181299,-1.3174752040609097,-1.1709134070247484,-1.0421792528896816,-0.9292612742281905,-0.8302121246669841,-0.7432406045694994,-0.6667479901446717,-0.599333330425961,-0.5397827236950684,-0.4870513513394334,-0.44024319422929514,-0.39859104910671633,-0.361438087948553,-0.3282214805636844,-0.29845817513691036,-0.2717327241571111,-0.24768695586754746,-0.22601128653593403,-0.20643736174226274,-0.18873190168687096,-0.17269154497204436,-0.15813850206716606,-0.14491689576970587,-0.1328896785287782,-0.12193603629942144,-0.11194918567208895,-0.10283450413556648,-0.09450793749831365,-0.0868946396291378,-0.07992782460680539,-0.07354776869847153,-0.06770094911016894,-0.0623393100674471,-0.05741962379851522,-0.05290293729403419,-0.04875409092329427,-0.044941300270344535,-0.041435789266000715,-0.03821146821942066,-0.03524465333307674,-0.032513817510949714,-0.029999372080427376,-0.027683471532347625,-0.0255498433002412,-0.023583633872927865,-0.021771273569233994,-0.020100355043558043,-0.018559524620951888,-0.01713838577648793,-0.015827411465939432,-0.01461786629407956,-0.013501735704958317,-0.012471662628390522,-0.01152089006718259,-0.010643209123221356,-0.009832912154847618,-0.009084749976689264,-0.00839389336690373,-0.007755897762906964
-1.5076171495598416,-1.3385727785383397,-1.1894729440409961,-1.058466534373677,-0.9435450096732517,-0.8427454917125989,-0.7542528321874595,-0.6764417169245756,-0.6078850778212299,-0.5473448980857463,-0.493754864215601,-0.44620020214506184,-0.40389756055625886,-0.3661763200270153,-0.3324619274870862,-0.30226139098377247,-0.2751508416619254,-0.2507649711337572,-0.22878814156389277,-0.2089468538996071,-0.1910034472870646,-0.1747508209143343,-0.16000798527311558,-0.14661631727884045,-0.13443640647761834,-0.12334539981855443,-0.11323474934315954,-0.10400830112332132,-0.09558066805179288,-0.08787584049340348,-0.08082601438833063,-0.07437057262760978,-0.06845520633567526,-0.06303116638791666,-0.058054611926824255,-0.05348604653541248,-0.04928982781257811,-0.04543374151699677,-0.041888628067227374,-0.038628054861091936,-0.03562803092270521,-0.03286675345325864,-0.03032438590292498,-0.027982859492654028,-0.025825700257560442,-0.023837872713089334,-0.022005642530505857,-0.02031645318239149,-0.018758815643009435,-0.017322210444863057,-0.015996998731251162,-0.01477434331362509,-0.013646136862429659,-0.012604937675746688,-0.01164391148116788,-0.010756778760816477,-0.009937767286316082,-0.009181568755780472,-0.008483299803057662,-0.007838466240408464
-1.531480377548333,-1.359689369387518,-1.208058392260993,-1.074779918401043,-0.9578517621500231,-0.8552974884620705,-0.7652790771392807,-0.686145165868361,-0.6164428050756191,-0.5549099301707388,-0.5004587130126764,-0.4521555643898692,-0.4092009101618136,-0.3709102637934258,-0.3366972793091144,-0.30605896302266633,-0.27856297221116244,-0.25383681798883984,-0.23155877229621274,-0.2114501620509894,-0.19326892161369774,-0.17680419173627693,-0.16187176778610576,-0.14831026881153814,-0.1359779120320821,-0.12474979803652468,-0.114515608627002,-0.10517765410128448,-0.09664921114356137,-0.08885310416858305,-0.08172050920671088,-0.0751899145345254,-0.06920622437481777,-0.06371999576101911,-0.05868677451317224,-0.054066520766475216,-0.0498231094588853,-0.045923896745796264,-0.04233933983835875,-0.03904266358683251,-0.03600957024132251,-0.03321798173023466,-0.030647814070826992,-0.02828077566350575,-0.02610019159276552,-0.024090844841450333,-0.02223883686323007,-0.020531462365107805,-0.01895709737100706,-0.017505099854259704,-0.016165719511127958,-0.014930017706861264,-0.01378979466697607,-0.01273752436823301,-0.011766295555499014,-0.01086975836618474,-0.010042076243414662,-0.009277882010809452,-0.008572238384468456,-0.007920601763312954
-1.5553396348563946,-1.380822792137326,-1.2266685596338955,-1.0911188323828787,-0.9721813368763982,-0.8678681454593057,-0.7763195006703593,-0.6958585708266964,-0.625006783238684,-0.5624781067569072,-0.507163187408779,-0.4581095658591413,-0.41450137358624134,-0.37564018319435605,-0.3409277869862005,-0.30985112869258546,-0.2819693396602908,-0.25690270692306316,-0.2343233762489987,-0.21394747123297359,-0.1955284977773443,-0.17885181920581322,-0.16373000062563173,-0.14999889123140717,-0.13751432648242914,-0.12614935323717077,-0.11579187734866209,-0.1063426689616539,-0.09771366523577675,-0.08982652216570047,-0.08261139407652617,-0.07600587336788167,-0.06995407651705592,-0.06440586620043441,-0.05931617465629046,-0.05464441851001832,-0.05035399012714609,-0.04641181626184004,-0.04278797120358974,-0.03945533760071993,-0.0363893113164735,-0.0335675394202145,-0.030969690925243556,-0.028577251846321906,-0.026373346751538358,-0.024342577519154855,-0.02247088180326287,-0.020745405950329383,-0.019154391423922747,-0.017687074011818307,-0.01633359231954789,-0.015084906604763077,-0.013932724968788831,-0.01286943737008112,-0.011888055856388883,-0.010982160489060134,-0.010145850634976828,-0.009373700479757427,-0.008660719043168468,-0.00800231351783366
-1.579191178553291,-1.4019708542019298,-1.2453022529395643,-1.10748270731216,-0.9865335451300709,-0.8804575001288408,-0.7873742707092909,-0.7055821715965658,-0.6335772883414633,-0.5700497186241351,-0.5138685801024214,-0.464062493618872,-0.4197992279323764,-0.38036634300466715,-0.3451537018015632,-0.3136381253556451,-0.28537016746879307,-0.25996284778334866,-0.23708215010767106,-0.21643896551379901,-0.19778234782339774,-0.18089386396202164,-0.1655828336454102,-0.15168232422075767,-0.1390457799390375,-0.1275441865391032,-0.11706366819279877,-0.10750345048877175,-0.09877412772091208,-0.09079618496823717,-0.08349875302958737,-0.07681852713989341,-0.07069883516240125,-0.0650888448773945,-0.05994287465891757,-0.055219797538354265,-0.05088252337605104,-0.04689754970673226,-0.04323456816471224,-0.039866119523749424,-0.03676729363010878,-0.0339154630915642,-0.03129005033107194,-0.028872319398217484,-0.026645194765349874,-0.02459309762147004,-0.022701802227207354,-0.0209583069624131,-0.019350719109882227,-0.017868152635740743,-0.016500635402038503,-0.01523902688899114,-0.014074943386602024,-0.013000691130716169,-0.012009205750759951,-0.011093997494329214,-0.010249101898433817,-0.00946903474170707,-0.008748751563916074,-0.008083610553712107
-1.6030312515789937,-1.4231313547297761,-1.2639582774763904,-1.1238709774728104,-1.0009082040265933,-0.8930655966221623,-0.7984435617687586,-0.7153162138625333,-0.6421546013668452,-0.5776250605166091,-0.5205751868189524,-0.4700146369231707,-0.425094751768771,-0.3850890088593208,-0.3493752754014583,-0.3174201903365031,-0.2887656787417485,-0.2630174498161892,-0.23983528977055546,-0.2189248280371022,-0.20003064277547328,-0.18293048555784602,-0.16743041557514513,-0.1533607063211876,-0.14057240137163582,-0.12893441793345742,-0.1183310927398732,-0.10866010239368791,-0.09983069495466416,-0.09176218206338937,-0.08438266914455121,-0.07762795295432341,-0.07144057184783126,-0.06576899814555832,-0.060566936051196646,-0.05579271489527887,-0.051408762078647835,-0.047381146077876087,-0.043679176119164595,-0.0402750514107061,-0.03714355613434294,-0.034261788817385584,-0.031608925690708396,-0.029166009244780466,-0.026915764263363628,-0.024842431648861754,-0.022931622662721692,-0.021170188101030867,-0.019546101435062448,-0.018048355163561867,-0.016666866743359404,-0.01539239519902237,-0.014216465314310306,-0.013131299890899222,-0.01212975841193869,-0.011205281567316443,-0.010351841304714013,-0.009563895221384938,-0.00883634558840669,-0.00816450178811821
-1.6268560832581802,-1.4443020844483232,-1.282635436743998,-1.1402830801458452,-1.0153051362971335,-0.9056924856657693,-0.8095275548493439,-0.7250609491414457,-0.6507390082234136,-0.5852044311373596,-0.5272833063198776,-0.47596628723426465,-0.4303882251574696,-0.38980844728679603,-0.35359275983265653,-0.3211975609626728,-0.29215609627201466,-0.2660667217109271,-0.2425829903926263,-0.2214052410656114,-0.2022735526786484,-0.18496184250255282,-0.16927289406194113,-0.15503417497374858,-0.14209431864807057,-0.13032016632115248,-0.11959426150181954,-0.10981272734820173,-0.1008834622883484,-0.09272460197280609,-0.08526322457601564,-0.0784342270339668,-0.07217935727320662,-0.06644639156540737,-0.061188419613598895,-0.05636322691758553,-0.05193275844251068,-0.047862653747359374,-0.044121839877695676,-0.04068217476667195,-0.037518137266862935,-0.03460655218988647,-0.0319263499574449,-0.029458351892550413,-0.027185083484050823,-0.02509060573780295,-0.023160367298566145,-0.021381071750509927,-0.019740559112371648,-0.018227700760209763,-0.016832304074982013,-0.015545027939093407,-0.014357305927410855,-0.013261277688697242,-0.01224972682519502,-0.011316024718919031,-0.010454079963001305,-0.009658292193569023,-0.008923510619353687,-0.008244996009432844
-1.6506618898170726,-1.4654808255044325,-1.3013325321206761,-1.1567184553123682,-1.0297241700657151,-0.9183382244107141,-0.820626437346034,-0.7348166347303691,-0.6593307997226251,-0.5927881331459205,-0.5339932404149597,-0.4819177382448593,-0.4356799296837081,-0.394524925744045,-0.35780640758109417,-0.3249704746056929,-0.2955416425829884,-0.2691108716433733,-0.24532544642939744,-0.22388038602483737,-0.20451124664256837,-0.1869880923039453,-0.17111041571139116,-0.1567028665587213,-0.14361165857263458,-0.13170154954967353,-0.12085328395722071,-0.1109614270183925,-0.10193252410076757,-0.09368353228280787,-0.0861405005831152,-0.07923742474764986,-0.07291526132671526,-0.067121089928185,-0.06180738539941547,-0.0569313892561698,-0.05245456402951215,-0.04834212048046154,-0.044562603681668936,-0.041087530563187785,-0.037891074966013766,-0.034949788334453814,-0.03224235564858159,-0.02974937744123378,-0.027453180286559055,-0.02533764567135203,-0.023388059994439665,-0.021590979988975315,-0.019934112569938708,-0.018406208325892768,-0.016996964882414936,-0.015696941285000095,-0.014497480189312474,-0.013390638365339661,-0.012369123793170537,-0.011426238790638234,-0.01055582882540013,-0.009752235787414696,-0.009010256024498085,-0.00832510188096016
-1.6744448749030636,-1.4866653513006256,-1.3200483625356125,-1.1731765453534047,-1.0441651386258772,-0.9310028762835951,-0.831740402957423,-0.7445835336577825,-0.667930271559315,-0.6003764731591282,-0.5407052939771025,-0.4878692859028703,-0.4409701484875701,-0.3992387126529901,-0.3620164716117047,-0.32873916872314635,-0.298922539971939,-0.27215010731976275,-0.24806285168095102,-0.2263504435467346,-0.20674389288438977,-0.18900939151031793,-0.17294312612832172,-0.15836691643498965,-0.14512454692394783,-0.1330786844493772,-0.12210826858598718,-0.11210630209764351,-0.1029779738295795,-0.09463905967410527,-0.08701457755761069,-0.08003762063673774,-0.07364835310983808,-0.0677931572793783,-0.06242389275680956,-0.05749725689670729,-0.05297422977519696,-0.048819593453777704,-0.04500151122000465,-0.04149115925407577,-0.03826240668556531,-0.03529153192341986,-0.03255697485825916,-0.030039115595648654,-0.027720082161833085,-0.025583576889493545,-0.023614724290596717,-0.02179993459728695,-0.020126781959421216,-0.018583896503809986,-0.017160866412359647,-0.015848151190733347,-0.01463700285749185,-0.01351939557092669,-0.01248796194117209,-0.01153593545948685,-0.010657098691481376,-0.009845735990665874,-0.009096591040508624,-0.00840482794454079
-1.6982012301070577,-1.5078534263272378,-1.3387817241358337,-1.1896567947464272,-1.058627880216613,-0.9436865108389033,-0.842869651597494,-0.7543619146379226,-0.676537724295461,-0.6079697617549865,-0.5474197749599592,-0.49382122843848475,-0.4462591662975566,-0.40395007743854755,-0.3662232054094167,-0.33250388090154304,-0.3022990105539369,-0.27518463602108123,-0.25079539933614403,-0.22881559351338615,-0.20897165877162638,-0.19102589575220438,-0.17477116995725342,-0.1600264589790702,-0.14663310849245068,-0.13445168686937964,-0.12335932290359243,-0.11324745233921242,-0.10401990400219908,-0.09559126995105513,-0.08788553505153124,-0.08083488844119405,-0.07437870096188305,-0.06846265694177166,-0.06303800035045105,-0.058060884179934956,-0.053491806007770336,-0.0492951192729828,-0.04543860564577964,-0.04189310079094178,-0.038632169409170546,-0.03563181718954357,-0.03287023927001424,-0.03032759567741922,-0.027985816243492424,-0.025828424499257867,-0.023840383417252232,-0.022007957067778652,-0.020318587164116435,-0.018760783687685887,-0.01732402567970315,-0.01599867339497322,-0.014775888489516092,-0.013647562770011374,-0.012606253722347745,-0.011645126242788234,-0.010757900212733217,-0.009938802653777288,-0.009182524776802318,-0.008484182624091436
-1.7219271354884615,-1.5290428059905457,-1.357531409947834,-1.2061586497584464,-1.073112237797457,-0.9563892036125345,-0.8540143893098742,-0.7641520520282014,-0.6851534633471441,-0.6155683134795669,-0.5541369944182606,-0.4997738663935415,-0.45154726946606577,-0.40865929056817807,-0.3704268630213284,-0.33626484890006,-0.30567127630636826,-0.27821466464774636,-0.2535232820169885,-0.23127601510070472,-0.21119471086487845,-0.1930377597839143,-0.17659469092257193,-0.16168162762378657,-0.14813746711749545,-0.13582067171300574,-0.12460655349485703,-0.11438497658833494,-0.10505840626623401,-0.09654024807044773,-0.08875345180435147,-0.08162930112519526,-0.07510637248408103,-0.06912965153808721,-0.06364976618276079,-0.0586223248215605,-0.05400734246672964,-0.049768743990252384,-0.045873929592501736,-0.04229339463835995,-0.03900039966453246,-0.03597067793921254,-0.033182180169077265,-0.030614846636422447,-0.028250409318482845,-0.02607221328462504,-0.024065060303787442,-0.022215068612810498,-0.020509547806907998,-0.01893688802914521,-0.017486459474366074,-0.016148523427437816,-0.014914151448932308,-0.013775153247067845,-0.012724011422754092,-0.011753822502871594,-0.01085824389690836,-0.01003144549394421,-0.00926806621927802,-0.008563174229062706
-1.7456187601027717,-1.550231236437017,-1.3762962095338895,-1.2226815581356354,-1.0876180588226656,-0.9691110359765195,-0.8651748281845763,-0.7739542257897094,-0.6937777989747242,-0.6231724468569457,-0.5608572665308448,-0.5057275026532212,-0.45683474600679097,-0.4133666235929672,-0.37462769910006505,-0.34002231069515915,-0.3090395591140663,-0.2812403997646785,-0.25624669182322374,-0.23373188682217294,-0.2134132149604765,-0.1950451375248828,-0.1784138318684321,-0.16333255489662593,-0.14963774572408023,-0.13718575297285668,-0.12585006604732155,-0.11551897281390656,-0.10609357141948947,-0.09748607816986675,-0.08961840576974092,-0.08242093090231944,-0.07583143456327202,-0.06979420301322604,-0.06425924761476479,-0.05918163193179008,-0.05452088832114068,-0.050240513121345316,-0.04630752519006344,-0.04269207978876585,-0.039367133537287616,-0.03630814756537842,-0.03349282845441868,-0.030900897061996318,-0.02851388783750324,-0.026314967716218163,-0.024288777587758464,-0.02242129017313757,-0.020699683258037234,-0.019112227444928447,-0.017648184367992318,-0.016297716615091894,-0.015051805911027163,-0.013902180111823316,-0.012841247166302396,-0.011862035451655291,-0.010958140112274879,-0.01012367409904095,-0.009353224233961082,-0.008641810957812643
-1.769272262531655,-1.5714164543736842,-1.3950749086429337,-1.2392249687892345,-1.1021451950142227,-0.9818520949946551,-0.8763511862769849,-0.7837687214506338,-0.7024110462760831,-0.6307824844020802,-0.5675809086263289,-0.5116824424800174,-0.4621218856339936,-0.4180723491902058,-0.3788259689482896,-0.34377650452606295,-0.3124040808150345,-0.2842620476467546,-0.25896582037709587,-0.2361833865726386,-0.2156273361330649,-0.19704818210085973,-0.18022873479842696,-0.16497937245779049,-0.15113406635922505,-0.1385470437654805,-0.12708996538420603,-0.11664953813973952,-0.10712548943954843,-0.09842884359562264,-0.09048047414190004,-0.08320984926033423,-0.07655395339519881,-0.07045637265612369,-0.06486650138658008,-0.05973885803451415,-0.0550324921875792,-0.050710471662369985,-0.04673943408039381,-0.0430891947770523,-0.03973240668461347,-0.036644259060238105,-0.033802214650555086,-0.031185775193928608,-0.028776277925222544,-0.02655671196080262,-0.02451155762372192,-0.022626642426109046,-0.02088901264271106,-0.01928681962395254,-0.017809216720507195,-0.016446268088229823,-0.015188865868465358,-0.01402865630449206,-0.012957972919608046,-0.01196977615514547,-0.011057599091781108,-0.010215497931478154,-0.009438007570579486,-0.00872010090092326
-1.7928837914154985,-1.5925961868848317,-1.4138662888560876,-1.2557883314778047,-1.1166935021337305,-0.99461247327913,-0.8875436875291869,-0.7935958300726473,-0.7110535251830151,-0.6383987526366826,-0.5743082412114693,-0.5176389935499903,-0.46740897980367974,-0.4227767412075027,-0.38302192856441086,-0.347527668941116,-0.3157650632468042,-0.28727981432466326,-0.2616808588683518,-0.23863069167217743,-0.2178372387781223,-0.19904704588494218,-0.18203954091502045,-0.1666222111379654,-0.15262655022803015,-0.13990465636569865,-0.12832635549700527,-0.11777676887544052,-0.10815424951295675,-0.09936862693029336,-0.09133973338150142,-0.08399612698559056,-0.07727399450741555,-0.07111622112124148,-0.06547158363754939,-0.06029405508614588,-0.0555422021477444,-0.0511786641062342,-0.04716969743281262,-0.04348477769489374,-0.04009625434857973,-0.03697904502766192,-0.0341103689191164,-0.031469508933216726,-0.029037605390288462,-0.026797469890585818,-0.024733422491877398,-0.022831145793690787,-0.02107755484855627,-0.019460682034230063,-0.017969572686531713,-0.01659419278642445,-0.015325345136808142,-0.014154594600888974,-0.013074200496730123,-0.012077055537821705,-0.011156630937121804,-0.01030692633197007,-0.009522424866052995,-0.00879805204442661
-1.816449485988331,-1.6137681512449784,-1.432669127226606,-1.2723710964854489,-1.1312628397528273,-1.0073922688478787,-0.8987525616934053,-0.8034358482201194,-0.719705560460618,-0.646021582107981,-0.5810395880021254,-0.523597465991296,-0.472696321756663,-0.42748007470841753,-0.38721583468947185,-0.35127604284504055,-0.31912272829342586,-0.2902939056311874,-0.26439199809947894,-0.24107397891004806,-0.22004308665445846,-0.2010418805384834,-0.18384639065878508,-0.16826120097582312,-0.15411531772942033,-0.1412587022405837,-0.1295593395777106,-0.11890076054690317,-0.10917994006402723,-0.10030551001987904,-0.09219625924124684,-0.08477983418704775,-0.07799162278184131,-0.07177380844970947,-0.06607454992604,-0.060847274494143726,-0.05605006576576729,-0.05164513445881037,-0.04759835595911304,-0.04387886620480325,-0.0404587113692416,-0.037312537695392306,-0.0344173210701998,-0.03175212585262802,-0.029297895735142153,-0.027037265092341375,-0.0249543940065385,-0.0230348204503343,-0.02126532853291944,-0.019633831929640747,-0.018129268221667546,-0.016741505464355707,-0.015461257359916667,-0.0142800076174394,-0.013189941563815337,-0.012183884386945744,-0.01125524562272792,-0.010397968523229547,-0.0096064846479139,-0.008875672272976202
-1.8399654766150584,-1.6349300547283665,-1.4514821959144055,-1.2889727142961391,-1.1458530710221988,-1.0201915849826213,-0.9099780442575547,-0.8132890779321428,-0.7283674817097241,-0.6536513074104094,-0.5877752759568665,-0.5295581724249703,-0.47798420656350543,-0.43218262601960467,-0.3914079448552215,-0.3550218655470774,-0.32247729793309393,-0.29330452724790057,-0.2670994285311855,-0.24351342458874317,-0.22224504292668557,-0.20303283705188424,-0.18564942374744267,-0.16989647125527876,-0.15560048849159672,-0.14260929208311732,-0.1307890200506904,-0.12002160792644438,-0.11020264878327365,-0.10123957400058654,-0.09305012679106607,-0.08556104031994004,-0.07870690247695657,-0.07242919409012094,-0.06667545524890577,-0.061398567135209414,-0.05655613010521475,-0.05210992625480513,-0.04802544992836121,-0.04427149755393046,-0.04081981219749639,-0.03764476892700651,-0.03472310057349913,-0.03203365320705044,-0.02955717416564072,-0.027276120876345716,-0.02517449372443783,-0.02323768633068637,-0.021452352130024523,-0.01980628635657564,-0.018288319088658394,-0.016888220697525512,-0.015596616015251535,-0.014404907816088976,-0.013305207643647598,-0.012290273356774269,-0.011353452999670449,-0.010488633613585444,-0.009690195337657869,-0.008952969372947801
-1.863427885330941,-1.6560795944149165,-1.470304261814922,-1.3055926352637721,-1.1604640624388662,-1.0330105300874701,-0.921220376372784,-0.823155826697312,-0.7370396233722991,-0.6612882672101761,-0.5945156353131874,-0.5355214280079817,-0.4832729311713601,-0.43688467277949794,-0.39559851743339547,-0.35876537681004733,-0.3258289942864406,-0.2963118847523236,-0.2698033403281586,-0.24594920456817226,-0.22444327020770577,-0.2050200657853005,-0.18744877921474765,-0.17152815054252823,-0.1570821814072356,-0.1439565358455552,-0.13201549860425654,-0.12113940506261406,-0.11122246265551179,-0.10217089932528017,-0.09390141044297026,-0.08633981420910328,-0.07941989724967478,-0.07308243691901736,-0.06727435406064958,-0.0619479833731976,-0.05706044174581092,-0.052573082573361435,-0.048451019181446835,-0.04466270858761816,-0.04117959090770388,-0.03797577023366538,-0.035027736569234136,-0.03231411794365382,-0.029815465600499864,-0.027514060285154938,-0.02539374295287368,-0.023439763137151244,-0.021638643857988346,-0.019978062160442466,-0.01844674086342533,-0.017034352887853682,-0.0157314344190585,-0.014529307509113963,-0.013420010120105895,-0.01239623297268887,-0.011451262799486592,-0.010578930600524776,-0.009773565254023762,-0.009029951035477692
-1.886832826383243,-1.6772144569928662,-1.4891340861823814,-1.3222303092779741,-1.175095683611717,-1.0458492175479333,-0.9324798047829419,-0.833036407431187,-0.7457223247397945,-0.6689328042727057,-0.6012609996263394,-0.54148755047856,-0.4885627944527079,-0.4415864939885402,-0.3997878116862148,-0.3625068169003369,-0.3291780396655076,-0.2993161836655414,-0.2725039234051074,-0.2483814943099824,-0.22663793060121265,-0.20700371650927393,-0.18924459544921826,-0.1731563667228737,-0.15856051466841634,-0.14530054277249627,-0.13323887622191374,-0.12225424530967026,-0.11223946798762156,-0.10309956578958761,-0.09475018397557433,-0.08711622407197733,-0.08013067017689304,-0.07373359526105623,-0.06787130029228429,-0.06249557307673425,-0.05756304679988344,-0.0530346460533995,-0.0488751031453793,-0.0450525357627188,-0.041538081210085814,-0.03830557278564876,-0.03533125787887728,-0.03259354671186055,-0.030072794680559716,-0.027751106102204607,-0.025612162757696344,-0.023641070347303568,-0.021824221725702257,-0.020149175992051887,-0.01860454894098582,-0.017179916269165263,-0.015865725731455265,-0.014653218863831608,-0.013534360242527865,-0.0125017736352403,-0.011548684637923655,-0.010668868374161655,-0.009856602616206536,-0.009106624859436195
-1.910176406774997,-1.6983323185581263,-1.5079704242473724,-1.338885185425423,-1.1897478070250602,-1.0587077655902528,-0.9437565817558687,-0.8429311384563972,-0.7544159299644007,-0.6765852654929241,-0.608011705810751,-0.5474568602037638,-0.4938540972559877,-0.4462883700609437,-0.4039760878180932,-0.3662464266388142,-0.3325246566233936,-0.3023176295002959,-0.2752013674731039,-0.25081046892203407,-0.22882918574423478,-0.20898393844530772,-0.1910370102327382,-0.17478124703736606,-0.1600356058013333,-0.14664142143370154,-0.13445925321333072,-0.12336622135676549,-0.11325375043600164,-0.10402565255769888,-0.09559652055830492,-0.0878903375412988,-0.08083928377673964,-0.07438272690888549,-0.06846634736990288,-0.06304138563655896,-0.05806399092854668,-0.05349465890870663,-0.04929774084735001,-0.04544101516068965,-0.041895316462912564,-0.03863420742369319,-0.035633693015694995,-0.03287196587314254,-0.0303291857778856,-0.027987280860266927,-0.025829773971157675,-0.023841627221172994,-0.022009103539587304,-0.020319644313881263,-0.018761758541265973,-0.01732492491257828,-0.015999502961426985,-0.014776653907232195,-0.013648269130003573,-0.01260690562412419,-0.011645728018624416,-0.010758455720648012,-0.009939315547015146,-0.009182998354352183
-1.933454726810779,-1.7194308444104158,-1.5268120248286141,-1.3555567116465341,-1.2044203078000393,-1.071586297140891,-0.9550509650164277,-0.8528403434853219,-0.7631207880731958,-0.6842460019283879,-0.6147680941840531,-0.5534296802293323,-0.49914714245813907,-0.45099058287802596,-0.4081636070285965,-0.36998444745270337,-0.3358690680046234,-0.3053164278095789,-0.27789586208625755,-0.2532363032030649,-0.23101719684974673,-0.2109608803064167,-0.19282616077905623,-0.1764029181192814,-0.16150757170079527,-0.14797927975666142,-0.13567672924504084,-0.12447542525683905,-0.11426539503373437,-0.10494923818786646,-0.09644049277531017,-0.08866222168749535,-0.08154580002952888,-0.0750298891427396,-0.06905954823298574,-0.06358546998261135,-0.05856331935763506,-0.05395316294278798,-0.049718970928564546,-0.04582818250047062,-0.04225132968448433,-0.038961704670133185,-0.0359350701951064,-0.033149401510645764,-0.030584663004704193,-0.028222606849743936,-0.026046597199611655,-0.02404145280838828,-0.022193306910223722,-0.020489483406223072,-0.018918384714798786,-0.017469392731787395,-0.01613277897172182,-0.014899624530513213,-0.013761747775573664,-0.012711639102071121,-0.011742402336726842,-0.010847701325509888,-0.010021712075961616,-0.009259078943273444
-1.9566638806444716,-1.740507688846362,-1.5456576299389488,-1.3722443343873885,-1.219113063453797,-1.0844849396860907,-0.9663632176812033,-0.8627643516053269,-0.7718372529851568,-0.6919153688352518,-0.6215305085137166,-0.5594063363318179,-0.5044422350190754,-0.45569341584311546,-0.4123506315666578,-0.3737211214284372,-0.3392114969962417,-0.3083127842357505,-0.2805875966887294,-0.2556591716875475,-0.23320212474935972,-0.21293469033765822,-0.1946121837721936,-0.17802150603045042,-0.16297652866452494,-0.1493142250589405,-0.13689140337089423,-0.12558194845525295,-0.11527448621747391,-0.10587040065762529,-0.0972821726490963,-0.08943194304080967,-0.0822502803984539,-0.0756751387497658,-0.0696509553524423,-0.06412787460086208,-0.059061076893396736,-0.054410199563483835,-0.05013883165785429,-0.046214073151150496,-0.042606153564914054,-0.039288094739855874,-0.03623541734486078,-0.03342587943864603,-0.03083925022219021,-0.028457106126825595,-0.026262652831080226,-0.024240565955199415,-0.022376849258860753,-0.020658709373221895,-0.019074442348321174,-0.017613333488248964,-0.016265566483655163,-0.015022142493530396,-0.013874807050353228,-0.012815984118663725,-0.011838716882401585,-0.010936613776920439,-0.010103800142291463,-0.009334873965569849
-1.979799956828907,-1.761560494949594,-1.56450597438541,-1.3889474982467005,-1.2338259536561453,-1.097403825131325,-0.9776936081947625,-0.8727034972664615,-0.7805656835309982,-0.6995937257070484,-0.6282992960662777,-0.5653871570729951,-0.5097396820380818,-0.4603971539380486,-0.4165374247860597,-0.3774566913654905,-0.3425521671796467,-0.3113069045601869,-0.2832767606621102,-0.2580792486907727,-0.235384129936114,-0.21490551635667857,-0.19639521540478824,-0.17963713629746256,-0.16444259242729903,-0.1506463640803164,-0.13810337406227813,-0.12668588181817533,-0.11628110785407306,-0.10678921738874919,-0.09812163166388542,-0.09019956761315019,-0.08295278585000408,-0.07631853204309622,-0.07024062074840941,-0.06466864754991124,-0.05955730793795952,-0.054865809797381024,-0.05055736094508867,-0.04659872214444441,-0.04295982047773055,-0.03961340755108608,-0.03653476211506003,-0.0337014252118557,-0.031092971049102018,-0.02869080052150504,-0.02647796104269598,-0.02443898531137767,-0.022559747823818567,-0.020827338148809,-0.019229946170274216,-0.017756760796283546,-0.016397878081837597,-0.015144219429181973,-0.013987457707593999,-0.012919950614103523,-0.011934680844338123,-0.011025201568929634,-0.010185587597973287,-0.009410390679703501
-2.002859038867334,-1.78258689437795,-1.5833557853633302,-1.4056656456176722,-1.248558859983617,-1.1103430896605302,-0.9890424102673825,-0.8826581202715996,-0.7893064434758322,-0.7072814363163005,-0.635074807659196,-0.5713724738565806,-0.5150397928121846,-0.4651020837812911,-0.4207242512022243,-0.3811914008312426,-0.34589130258320516,-0.3142989947535005,-0.2859635433731922,-0.2604967083541734,-0.2375633726074034,-0.2168735057942862,-0.19817539141639226,-0.18124993394776534,-0.1659058781949295,-0.15197580301473196,-0.13931273923812657,-0.12778731566073198,-0.11728534326696977,-0.10770576527195548,-0.09895894078873206,-0.09096516091969663,-0.0836533768741456,-0.07696012488068252,-0.07082859600781516,-0.06520783647735673,-0.060052056504579364,-0.05532003430400076,-0.05097459635437967,-0.04698216418697638,-0.04331236249129386,-0.03993767273599599,-0.03683313188801272,-0.033976064134574366,-0.03134584887027764,-0.028923711645462348,-0.02669254180801067,-0.024636729336997253,-0.02274201966677598,-0.020995385502530647,-0.019384910756206717,-0.01789968812807519,-0.01652972621880838,-0.015265866847692535,-0.014099710386650866,-0.013023548422878848,-0.012030303313142475,-0.011113473104607672,-0.010267082210608118,-0.009485636265919811
