0,1,2,3,4,5,6,7,8,9,10,11,12,13,14,15,16,17,18,19,20,21,22,23,24,25,26,27,28,29,30,31,32,33,34,35,36,37,38,39,40,41,42,43,44,45,46,47,48,49,50,51,52,53,54,55,56,57,58,59
-2.5,-2.4054476429347407,-2.3213892806938823,-2.246752289102244,-2.1804792503172163,-2.1215813856672425,-2.0691630180613028,-2.022428618131298,-1.9806801062465103,-1.9433093101972077,-1.9097884396326055,-1.8796602023958477,-1.85252845931026,-1.828049719753938,-1.8059256529608052,-1.7858966006952268,-1.7677360123185681,-1.7512457038490048,-1.7362518490385581,-1.7226015548059714,-1.710159968013923,-1.6988078365334465,-1.6884394287359248,-1.6789607608894224,-1.670288086467258,-1.662346612420993,-1.6550693942194439,-1.6483963857826924,-1.6422736190082143,-1.636652493013532,-1.6314891729968235,-1.6267440548498446,-1.6223812957613981,-1.6183684124063764,-1.6146759246479545,-1.6112770432410466,-1.6081473943130025,-1.6052647775125428,-1.602608950476614,-1.6001614370729436,-1.5979053590912067,-1.5958252840727534,-1.5939070909725241,-1.5921378478469557,-1.5905057049488402,-1.588999796152036,-1.587610151965406,-1.586327620288643,-1.5851437948289557,-1.584050951125527,-1.5830419876160375,-1.582110373097212,-1.5812500983425333,-1.5804556325832668,-1.579721883719781,-1.5790441620331706,-1.5784181472942664,-1.577839858454948,-1.577305626289067,-1.5768120680940287
-2.4899799599198396,-2.3965308839221913,-2.31346955085341,-2.2397213059625747,-2.174233807193028,-2.116026905800066,-2.0642148976728234,-2.0180122940973333,-1.9767304547618272,-1.9397697423789766,-1.9066099055096781,-1.8768002173035951,-1.8499502050341985,-1.8257212447533102,-1.803819175112106,-1.7839879071267681,-1.7660039469694753,-1.7496717319115522,-1.734819687799485,-1.7212968605309171,-1.7089700709002296,-1.6977215157358605,-1.6874467211167599,-1.6780527981684297,-1.6694569562772206,-1.6615852392884596,-1.6543714374161158,-1.6477561514271761,-1.6416859842486045,-1.6361128404755796,-1.6309933336893698,-1.6262882585098801,-1.6219621275988654,-1.6179827751816498,-1.6143210054018955,-1.6109502840203798,-1.60784646635359,-1.6049875583879698,-1.6023535038487409,-1.5999259947160571,-1.5976883048610915,-1.5956251396152974,-1.5937225029312398,-1.5919675764243573,-1.5903486136141982,-1.5888548424048983,-1.5874763790048583,-1.58620414950114,-1.5850298190042302,-1.5839457283094758,-1.5829448355484634,-1.5820206641590393,-1.5811672549701148,-1.5803791230952202,-1.579651218517811,-1.5789788901403436,-1.5783578531951639,-1.5777841592125732,-1.5772541689076418,-1.5767645271086284
-2.4799599198396796,-2.387616594502362,-2.305552838902391,-2.2326928836732973,-2.1679900238480383,-2.1104730621553336,-2.0592664374598066,-2.013594780924345,-1.972778919096605,-1.9362277495023676,-1.903428546024927,-1.8739371280545465,-1.8473686692037354,-1.8233893932238385,-1.8017092913179025,-1.7820758293020813,-1.7642685580741124,-1.7480945262304461,-1.7333844036422839,-1.719989168729347,-1.7077773110918566,-1.696632472481815,-1.6864514335459695,-1.677142397853291,-1.668623528871125,-1.6608217059736892,-1.6536714531279282,-1.647114017251052,-1.6410965718355035,-1.6355715266724207,-1.6304959435874087,-1.6258310158996594,-1.6215416117985182,-1.617595883177418,-1.6139649186246252,-1.6106224391040949,-1.6075445293414605,-1.604709401895556,-1.6020971868226992,-1.5996897444613076,-1.597470501009254,-1.5954242998296124,-1.593537270108317,-1.5917967072480104,-1.5901909682546995,-1.5887093752731087,-1.5873421304117146,-1.5860802381354437,-1.5849154351384322,-1.5838401276425778,-1.582847333633912,-1.5819306313423909,-1.581084111794091,-1.5803023361176674,-1.579580296504033,-1.578913380593284,-1.5782973391878843,-1.5777282564978887,-1.577202523274061,-1.5767168119635222
-2.469939879759519,-2.378704619463714,-2.2976389003906816,-2.2256667333905975,-2.1617475954793752,-2.1049195509841088,-2.054317344298915,-2.0091758010531473,-1.9688252394117218,-1.932683089989285,-1.9002441375024068,-1.871070728045418,-1.8447836612387318,-1.8210539894825484,-1.7995958396695424,-1.7801602180089944,-1.7625297081039688,-1.7465139600205868,-1.7319458796591738,-1.7186783715755811,-1.706581589116415,-1.6955406149848855,-1.6854534813121012,-1.6762294817478323,-1.6677877320550847,-1.6600559458145683,-1.6529693797926617,-1.6464699263952887,-1.6405053292484206,-1.6350285030867033,-1.6299969578680495,-1.6253722856065345,-1.6211197100961277,-1.6172077010365806,-1.6136076316437238,-1.6102934782993106,-1.6072415553740353,-1.6044302822484227,-1.6018399755661679,-1.599452664282191,-1.5972519271776886,-1.595222745899397,-1.5933513751120711,-1.5916252242427076,-1.590032754011731,-1.5885633810223814,-1.58720739349078,-1.5859558744567002,-1.5848006323842907,-1.5837341390979176,-1.5827494726037015,-1.5818402660794155,-1.581000660894394,-1.5802252643293013,-1.5795091109105936,-1.5788476271357195,-1.5782365994890388,-1.5776721449646223,-1.5771506844461112,-1.5766689180900006
-2.4599198396793587,-2.3697948040791093,-2.2897274918468122,-2.218642567492604,-2.1555062185062943,-2.0993660695981995,-2.049367325884199,-2.0047550774736345,-1.9648691561584968,-1.9291355223211604,-1.8970564561298842,-1.8682008103770178,-1.8421949901374752,-1.818714857329395,-1.7974786576717012,-1.7782409234007501,-1.76078725886586,-1.7449299058165464,-1.7305039982578934,-1.7173643605643454,-1.7053828048338011,-1.6944458508081113,-1.684452779074257,-1.6753139710503158,-1.6669494930554118,-1.6592878915961002,-1.6522651553227086,-1.6458238215030814,-1.639912203496479,-1.634483720757568,-1.6294963312910618,-1.6249120258258234,-1.6206963838597679,-1.6168181930576369,-1.6132491114645828,-1.6099633711120622,-1.6069375162676491,-1.6041501733974979,-1.6015818460024516,-1.5992147319245975,-1.5970325627965363,-1.5950204588112749,-1.5931648003675851,-1.5914531111629617,-1.589873955868504,-1.5884168457715573,-1.587072155410529,-1.5858310466035543,-1.584685399777189,-1.5836277525397564,-1.5826512430882576,-1.5817495597087419,-1.5809168942642875,-1.5801479003285104,-1.579437654895246,-1.5787816234424739,-1.5781756282514268,-1.577615819207414,-1.577098647426872,-1.5766208408687092
-2.4498997995991982,-2.3608869941110195,-2.2818183707661643,-2.2116200995479303,-2.149265590523547,-2.0938123163139597,-2.044416090665941,-2.0003323336619077,-1.960910410016205,-1.9255848049781212,-1.8938652779003688,-1.8653271677985133,-1.8396024644238334,-1.8163718199973369,-1.7953575821953323,-1.776317794951746,-1.7590410714603593,-1.7433422354335721,-1.7290586411251534,-1.7160470264765537,-1.7041808574041848,-1.6933480868340707,-1.683449240834141,-1.6743957863273458,-1.6661087384942765,-1.6585174755277114,-1.6515587170839277,-1.6451756447001646,-1.6393171411000849,-1.6339371302635946,-1.628994018183018,-1.6244501943460714,-1.6202715940761216,-1.6164273231819657,-1.6128893247585947,-1.60963208673634,-1.606632383547377,-1.603869049022085,-1.601322773801733,-1.5989759248987008,-1.596812387076567,-1.5948174193478255,-1.5929775281102514,-1.5912803515870202,-1.5897145586445103,-1.5882697554874694,-1.5869364031983526,-1.5857057425837475,-1.5845697262310885,-1.583520957719758,-1.5825526356136166,-1.5816585034722426,-1.5808328038073727,-1.5800702366306103,-1.5793659215387896,-1.5787153631170943,-1.5781144195618406,-1.5775592737597846,-1.5770464071628372,-1.5765725756279112
-2.4398797595190382,-2.351981035816739,-2.273911295599393,-2.204599044284752,-2.1430254102554938,-2.0882579903968934,-2.0394633477902726,-1.995907293518094,-1.9569487418301539,-1.922030696378575,-1.8906703785539274,-1.862449592651848,-1.837005892094452,-1.8140247001023595,-1.7932324494304912,-1.774390681413095,-1.757291006239999,-1.7417508199283243,-1.7276096891897996,-1.7147262593447814,-1.7029756452556781,-1.6922472292346318,-1.6824427799077826,-1.673474847487456,-1.6652653943650504,-1.6577446292202531,-1.6508500018742047,-1.6445253375748337,-1.638720088072328,-1.633388681705491,-1.6284899724211894,-1.6239867485340767,-1.6198453013365626,-1.616035054980895,-1.612528237851143,-1.6092995940429384,-1.6063261284366863,-1.6035868825202568,-1.601062734372162,-1.598736220470693,-1.596591379001517,-1.5946136080804818,-1.5927895403791898,-1.591106928910768,-1.5895545469898729,-1.5881220959797098,-1.58680012373571,-1.585579950269629,-1.5844536005343726,-1.5834137442731422,-1.5824536405978664,-1.5815670885117388,-1.5807483813345375,-1.5799922656650194,-1.5792939038424543,-1.5786488396894331,-1.5780529674388286,-1.5775025030920673,-1.5769939585420014,-1.5765241176417164
-2.429859719438878,-2.3430767759536075,-2.2660060257411008,-2.1975791175604242,-2.136785377510933,-2.0827027920070424,-2.034508807039524,-1.9914796813047815,-1.9529838925502374,-1.9184729548191317,-1.8874715335196985,-1.8595678768162474,-1.8344050805659358,-1.8116733195933994,-1.791103094838994,-1.772459430767962,-1.7555369227672086,-1.7401555295593187,-1.7261570225856617,-1.7134019484184102,-1.7017670660516708,-1.6911431834403694,-1.6814333088969253,-1.6725510737543663,-1.6644193860073304,-1.6569692836626895,-1.6501389459017108,-1.6438728411576813,-1.6381209899001075,-1.632838324688521,-1.627984147417195,-1.6235216453196817,-1.619417465823017,-1.6156413516425645,-1.6121658167094,-1.608965861568125,-1.606018721846917,-1.6033036469990962,-1.600801702850802,-1.5984955956543898,-1.5963695173203039,-1.5944090053623128,-1.5926008190105587,-1.5909328263415283,-1.5893939053796033,-1.5879738528953091,-1.5866633037532019,-1.5854536573935925,-1.584337011345621,-1.583306101714772,-1.5823542483475237,-1.581475305865648,-1.580663618560855,-1.5799139797723891,-1.5792215947252468,-1.5785820466131928,-1.5779912658304223,-1.5774455016093034,-1.576941296391913,-1.576475462128281
-2.4198396793587174,-2.3341740617842683,-2.258102321518786,-2.1905600363316395,-2.130545193138652,-2.077146422145148,-2.0295521787733093,-1.987049221586092,-1.9490156031699926,-1.914911338414884,-1.884268517858127,-1.8566818116528119,-1.831799836622012,-1.8093174997021586,-1.788969353106891,-1.7705238901866616,-1.7537786797719679,-1.7385562337470577,-1.7247005206140626,-1.7120739821284232,-1.7005550166578063,-1.6900358541096194,-1.6804207396600588,-1.67162438363989,-1.6635706380816198,-1.6561913691984564,-1.6494254847628411,-1.6432180959010263,-1.6375197915249562,-1.6322860083046469,-1.6274764961003787,-1.6230548411803098,-1.618988047293583,-1.6152461759585568,-1.6118020269299038,-1.608630857502103,-1.6057101343665712,-1.6030193152647536,-1.6005396540944046,-1.5982540272026713,-1.596146780539089,-1.5942035913206647,-1.5924113456307325,-1.59075802689174,-1.5892326181077419,-1.58782501171331,-1.5865259298255425,-1.58532685154342,-1.5842199471892981,-1.5831980194351611,-1.5822544490538388,-1.581383146465563,-1.5805785071024159,-1.5798353712016726,-1.5791489870212372,-1.5785149772634128,-1.577929308611813,-1.577388263649094,-1.5768884154776863,-1.5764266042479689
-2.409819639278557,-2.32527274108193,-2.2501999441820417,-2.183541518625116,-2.1243045589836833,-2.071588582599556,-2.024593173870308,-1.9826156391673293,-1.9450436146660959,-1.9113456050399829,-1.8810611062033613,-1.85379118794916,-1.8291899663606364,-1.806957060892778,-1.786831058096731,-1.768583905981489,-1.7520161351091552,-1.7369528010338198,-1.723240061705972,-1.7107422480518275,-1.6993393931085794,-1.6889251450971554,-1.6794049832830737,-1.6706946949164685,-1.662719074543644,-1.6554108155014653,-1.6487095534198146,-1.642561041658016,-1.636916437323564,-1.6317316811143818,-1.6269669709009131,-1.62258629212524,-1.6185570050679041,-1.6148494903102992,-1.611436833725923,-1.6082945496772723,-1.60540033625041,-1.6027338598123264,-1.6002765626700166,-1.5980114915987673,-1.5959231469131954,-1.593997345849666,-1.5922211016493535,-1.5905825133725173,-1.5890706692813905,-1.5876755577392347,-1.5863879883664367,-1.5851995201575366,-1.5841023964513594,-1.5830894866964065,-1.582154232789028,-1.5812906011327628,-1.5804930384731002,-1.5797564321071347,-1.5790760734767912,-1.578447624933911,-1.5778670895829818,-1.5773307834794064,-1.5768353104999735,-1.5763775391014736
-2.399799599198397,-2.3163726621356537,-2.242298655892024,-2.1765232835088124,-2.118063177844244,-2.066028975893865,-2.0196315036707184,-1.9781786590351957,-1.941067667938282,-1.9077755122684905,-1.8778490727057857,-1.8508957958640773,-1.8265752751410063,-1.80459182281133,-1.7846880427995764,-1.766639323561251,-1.7502491457155527,-1.7353450990430825,-1.7217755233837708,-1.7094066328756794,-1.6981200905735343,-1.687810959422464,-1.6783859500495222,-1.6697619245893207,-1.6618646186182995,-1.65462755155175,-1.6479910861779283,-1.6419016176613999,-1.6363108710879797,-1.6311752911283395,-1.6264555237326117,-1.6221159536796064,-1.6181242980122827,-1.614451256655221,-1.6110702019145873,-1.607956905556272,-1.6050892974083484,-1.6024472528155471,-1.6000124028454104,-1.5977679650473788,-1.59569859443887,-1.5937902486025881,-1.59203006825225,-1.5904062683870852,-1.5889080428146287,-1.5875254760994522,-1.5862494656233583,-1.5850716505201738,-1.5839843473747703,-1.5829804926280373,-1.5820535895024312,-1.5811976605746576,-1.5804072040812842,-1.579677154545307,-1.579002846747753,-1.5783799828346743,-1.5778046024662875,-1.5772730552963419,-1.5767819760928972,-1.5763282617279077
-2.3897795591182365,-2.307473673755687,-2.2343982197112116,-2.169505051063696,-2.1118207534293836,-2.0604673052352833,-2.0146668799193743,-1.9737380062985412,-1.9370875037496562,-1.9042008173154805,-1.8746321909746682,-1.8479954248721624,-1.8239555675304622,-1.802221604235115,-1.7825401392867535,-1.7646899873854767,-1.7484775675664939,-1.7337329944385564,-1.7203067822226086,-1.7080670223606897,-1.6968970033230344,-1.6866931992375949,-1.6773635494104566,-1.668825988868181,-1.6610071927731922,-1.6538415056107205,-1.6472700166624348,-1.6412397625019395,-1.6357030360054692,-1.6306167857884548,-1.6259421059754355,-1.6216437808681097,-1.6176898845245204,-1.61405143651265,-1.6107020959037757,-1.6076178922197963,-1.604776987394138,-1.6021594661162735,-1.5997471485793255,-1.5975234234656217,-1.5954731008448841,-1.5935822789840548,-1.5918382263942108,-1.590229274324082,-1.5887447224223057,-1.5873747517354213,-1.5861103476722207,-1.5849432297564325,-1.583865788054935,-1.5828710262227834,-1.581952509016594,-1.5811043153811601,-1.5803209952264832,-1.5795975304718772,-1.5789292993965656,-1.5783120440891947,-1.5777418409039998,-1.5772150732218544,-1.5767284068219407,-1.5762787671028495
-2.379759519038076,-2.298575625278811,-2.2264983995934133,-2.1624865423560093,-2.1055769903172767,-2.0549032744636917,-2.0096990147094886,-1.969293406129632,-1.9331028626673818,-1.9006212769783657,-1.871410234020893,-1.8450898637084354,-1.8213306472512514,-1.7998462230217336,-1.7803871786613075,-1.7627357409182824,-1.7467012556321235,-1.732116352882804,-1.718833713811328,-1.706723301304388,-1.6956700246935925,-1.6855717657945748,-1.6763376899538411,-1.6678868031386167,-1.6601467186917753,-1.65305260519603,-1.6465462777950448,-1.6405754141064621,-1.635092874638033,-1.6300561119488828,-1.6254266684576886,-1.6211697281984352,-1.617253722518482,-1.6136499909494544,-1.6103324796787652,-1.6072774763541837,-1.6044633753938329,-1.6018704712137792,-1.599480773511528,-1.5972778424738001,-1.59524664358397,-1.5933734161420994,-1.5916455567916217,-1.59005151335073,-1.5885806916137095,-1.5872233693978275,-1.5859706204119393,-1.5848142448272466,-1.5837467064350297,-1.582761076332252,-1.5818509810232637,-1.581010556020978,-1.5802344030959181,-1.5795175517385138,-1.578855423889331,-1.5782438017317488,-1.5776787984557819,-1.5771568313014195,-1.5766745971817917,-1.5762290501363487
-2.369739478957916,-2.2896783665737366,-2.218598960374097,-2.1554674794101105,-2.099331593914228,-2.049336588001399,-2.004727620427025,-1.9648445837059105,-1.9291134850037075,-1.8970366475784162,-1.8681829741997475,-1.8421789003128786,-1.8187003171271159,-1.797465496057898,-1.7782289910091347,-1.7607764265818566,-1.744920063833241,-1.730495038995418,-1.7173561927129324,-1.7053753535038212,-1.6944390470527295,-1.6844465594123488,-1.675308279373495,-1.666944281932892,-1.6592831172460434,-1.652260777056009,-1.6458198017700203,-1.6399085097155226,-1.6344803289015504,-1.6294932158565398,-1.6249091614378774,-1.6206937496443499,-1.6168157694083582,-1.6132468805653946,-1.6099613167886047,-1.6069356242387476,-1.6041484302140183,-1.6015802392538145,-1.5992132509526504,-1.5970311973859757,-1.595019199824072,-1.593163638960046,-1.591452039914933,-1.589872967405854,-1.5884159336860968,-1.5870713136405816,-1.5858302695588748,-1.5846846825242327,-1.5836270903012348,-1.582650631662512,-1.5817489950793002,-1.5809163728378286,-1.5801474187610123,-1.5794372100896197,-1.5787812125928078,-1.5781752487046181,-1.5776154685961186,-1.5770983235016556,-1.5766205415941397,-1.5761791056708878
-2.3597194388777556,-2.280781748046532,-2.2106996677609705,-2.148447585181799,-2.093084270414294,-2.0437669508035583,-1.9997524096956483,-1.9603912641522174,-1.9251191107573127,-1.8934466849024476,-1.8649501831537398,-1.839262321774883,-1.8160643790296855,-1.7950792392079657,-1.7760654053497613,-1.7588118857095487,-1.743133844996711,-1.7288689163107371,-1.7158740924245737,-1.7040230617177632,-1.693203961763346,-1.6833174794432437,-1.6742752244375698,-1.6659983389003727,-1.6584163084687837,-1.6514659471436777,-1.6450905200298578,-1.6392389858606717,-1.633865340044549,-1.6289280431312936,-1.6243895345862387,-1.6202157986284882,-1.616375982092632,-1.6128420654782003,-1.609588570332234,-1.6065923017328714,-1.6038321202698156,-1.601288741017466,-1.5989445538738472,-1.5967834632003635,-1.5947907464394304,-1.592952926048242,-1.5912576559809926,-1.5896936181927703,-1.5882504317180983,-1.5869185688147125,-1.5856892806411704,-1.5845545294644452,-1.5835069272778726,-1.582539680769591,-1.5816465406025066,-1.5808217560465776,-1.5800600331738142,-1.5793564971590248,-1.5787066577713464,-1.578106377855253,-1.5775518447116907,-1.5770395437078932,-1.576566234405429,-1.5761289284793039
-2.349699398797595,-2.2718856206461044,-2.2028002883248803,-2.14142658353221,-2.0868347267596006,-2.038194068309268,-1.9947730953222793,-1.9559331724834716,-1.921119479554956,-1.8898511441446548,-1.8617116317554177,-1.836339914277574,-1.8134226338246475,-1.7926872672621597,-1.7738962495867503,-1.7568419584985253,-1.7413424508104007,-1.7272378472350651,-1.7143872853370279,-1.702666307628406,-1.691964659147572,-1.6821844242389112,-1.673238430956513,-1.665048886777437,-1.6575462115253476,-1.6506680405902947,-1.6443583632405265,-1.6385667783413007,-1.6332478486265707,-1.6283605387457643,-1.6238677369658954,-1.6197358280047873,-1.6159343169377174,-1.6124355053083386,-1.6092142029443077,-1.6062474742628217,-1.603514413572625,-1.6009959469097654,-1.5986746548962127,-1.5965346145895083,-1.5945612600014651,-1.5927412557355936,-1.5910623849451941,-1.589513447172004,-1.5880841685629683,-1.5867651190621053,-1.5855476389929504,-1.5844237720850005,-1.5833862048224288,-1.582428212054864,-1.5815436068673563,-1.5807266957292827,-1.5799722371633365,-1.5792754044665918,-1.5786317515837502,-1.5780371819333674,-1.5774879200986875,-1.576980485721689,-1.5765116698845552,-1.5760785132626562
-2.3396793587174347,-2.262989835869715,-2.194900589490994,-2.1344041992022116,-2.0805826706012787,-2.0326176463932835,-1.9897893902431778,-1.9514700335477586,-1.9171143305933789,-1.8862497798485558,-1.8584670900501623,-1.8334114630419889,-1.8107748813176565,-1.7902893938844495,-1.7717213504576965,-1.7548664839619694,-1.739545731777625,-1.725601693003373,-1.7128956426936428,-1.7013049718025166,-1.6907210284500847,-1.6810472911157472,-1.67219780375052,-1.6640958373568804,-1.6566727446849332,-1.6498669816784328,-1.6436232612662582,-1.6378918222010566,-1.6326277944961283,-1.6277906470047414,-1.6233437170136529,-1.6192537900405815,-1.6154907297612737,-1.6120271591634758,-1.6088381767807376,-1.6059011068083018,-1.6031952777176206,-1.6007018269480684,-1.5984035262799874,-1.5962846258902577,-1.594330716769468,-1.592528606060931,-1.590866206493466,-1.5893324355538605,-1.5879171268416956,-1.5866109483091173,-1.5854053297484023,-1.5842923966375926,-1.583264910220472,-1.5823162137603457,-1.5814401830006357,-1.5806311818311574,-1.5798840214318177,-1.57919392341476,-1.5785564860800738,-1.577967653587974,-1.5774236879600612,-1.5769211432582841,-1.576456842220516,-1.5760278546480535
-2.3296593186372747,-2.254094245768559,-2.1870003395302917,-2.127380157787353,-2.0743278102610603,-2.0270373913184048,-1.9848010074705977,-1.9470015719698417,-1.9131034025814742,-1.882642345849036,-1.8552163271989324,-1.8304767522710783,-1.808120920199971,-1.787885431560069,-1.7695405334837917,-1.752885299880798,-1.7377435371710752,-1.7239603136354609,-1.7113990345487247,-1.6999389336520268,-1.689472957800862,-1.6799059763197521,-1.6711532466164383,-1.663139101456794,-1.6557958252913576,-1.649062693814567,-1.6428851431438634,-1.6372140517038072,-1.6320051167682341,-1.6272183115241934,-1.622817422520407,-1.6187696363983273,-1.6150451758151754,-1.6116169856226135,-1.6084604535039215,-1.6055531638887086,-1.6028746798709732,-1.600406350750179,-1.5981311399135225,-1.5960334710935173,-1.5940990926810896,-1.5923149547641797,-1.5906691000340787,-1.589150564290827,-1.5877492889359568,-1.5864560402600452,-1.5852623378357216,-1.5841603891828815,-1.5831430305804526,-1.5822036739638734,-1.5813362579769805,-1.580535204156439,-1.579795376550896,-1.5791120452849994,-1.578480853198341,-1.5778977853643485,-1.5773591414027182,-1.576861509944005,-1.5764017455200052,-1.5759769471864267
-2.3196392785571143,-2.245198702953391,-2.179099307551363,-2.120354185713335,-2.068069854693508,-2.021453009688459,-1.9798076600399563,-1.9425275120950491,-1.9090864336826745,-1.8790285952144614,-1.8519591114209388,-1.8275355650935108,-1.805460547993783,-1.7854751915426434,-1.7673536229189344,-1.7508982427548714,-1.7359357149861994,-1.7223135678915442,-1.709897329725341,-1.6985680713940348,-1.688220334177346,-1.6787603749908102,-1.6701046622941007,-1.662178588888885,-1.6549153697332895,-1.6482550995011394,-1.6421439370565512,-1.636533400309129,-1.6313797538014754,-1.6266434752098455,-1.622288800611143,-1.6182833181169485,-1.6145976097681192,-1.6112049427198887,-1.6080809942676646,-1.6052036095491005,-1.6025525867568005,-1.600109487522216,-1.597857467302007,-1.5957811238337771,-1.5938663633426162,-1.5921002792773342,-1.5904710446892718,-1.5889678140698025,-1.5875806369809113,-1.5863003783904426,-1.5851186479709185,-1.5840277355847543,-1.583020552828386,-1.5820905805741816,-1.581231820614314,-1.5804387523641628,-1.5797062929576964,-1.5790297612341886,-1.5784048447611922,-1.5778275697009245,-1.5772942734346445,-1.5768015793136019,-1.5763463738049486,-1.5759257853502495
-2.309619238476954,-2.236303060600203,-2.1711972634925067,-2.1133260102120053,-2.0618085134488675,-2.0158642084019025,-1.9748090609575102,-1.9380475779335213,-1.9050631614575335,-1.8754082801888232,-1.8486952099362002,-1.8245876835072354,-1.8027935609972008,-1.783058483800885,-1.765160441698337,-1.748905147753652,-1.7341221118939998,-1.7206613132272393,-1.7083903957725086,-1.6971922620101874,-1.6869630433659937,-1.6776103811263636,-1.6690519524320702,-1.6612142084262236,-1.6540312934139325,-1.6474441203081,-1.6413995703072444,-1.6358498006473168,-1.630751643174633,-1.6260660802353266,-1.6217577977245285,-1.6177947855927914,-1.6141479856878678,-1.610790987928025,-1.6076997597017653,-1.6048524073458532,-1.6022289646438201,-1.5998112060462082,-1.5975824795559375,-1.5955275573784016,-1.5936325040190238,-1.5918845567152262,-1.5902720192866842,-1.58878416530415,-1.5874111528578303,-1.5861439459402877,-1.5849742446514827,-1.5838944215044528,-1.5828974637024114,-1.5819769213258597,-1.581126859569177,-1.580341815963835,-1.5796167609508232,-1.578947062290906,-1.57832845247245,-1.577756998926114,-1.577229076961963,-1.576741344807528,-1.5762907210099866,-1.575874363531208
-2.299599198396794,-2.2274071724559845,-2.1632939781141665,-2.106295359297911,-2.0555434966365635,-2.0102706946060445,-1.96980492314855,-1.9335614931048253,-1.9010333228065144,-1.8717811521339272,-1.8454243889079998,-1.8216328883228148,-1.8001197542288918,-1.7806351169648562,-1.7629608113866364,-1.7469058486663134,-1.732302573193243,-1.7190034057479329,-1.7068780989217516,-1.6958113812054294,-1.6857009699231948,-1.676455887544465,-1.6679950175527742,-1.660245867770402,-1.653143510720131,-1.646629676843889,-1.6406519692913601,-1.635163184493881,-1.6301207216628133,-1.6254860680198522,-1.6212243595920672,-1.6173039885601683,-1.6136962570231037,-1.6103750781414243,-1.6073167098962686,-1.6044995203320012,-1.6019037793317172,-1.5995114746674128,-1.5973061473793329,-1.595272744616679,-1.5933974896238075,-1.591667763866082,-1.5900720023505925,-1.5885995981255665,-1.5872408181865545,-1.5859867259069889,-1.5848291121498987,-1.5837604323945635,-1.5827737497472214,-1.5818626837741923,-1.5810213633319452,-1.580244384311007,-1.5795267706862628,-1.5788639393516328,-1.5782516679136034,-1.5776860652550535,-1.5771635447859214,-1.5766807997691485,-1.5762347809798916,-1.575822676037812
-2.2895791583166334,-2.218510892844508,-2.1553892229916563,-2.0992619617453467,-2.0492745148892926,-2.0046721756518218,-1.9647949594060405,-1.9290689807828658,-1.896996653912905,-1.8681469614715478,-1.8421464133851542,-1.8186709591064378,-1.7974389213723023,-1.7782048982717293,-1.7607545521254304,-1.7449001778512272,-1.7304769427620135,-1.7173397001624753,-1.705360304042973,-1.6944253033660628,-1.6844339971355091,-1.675296785846158,-1.6669337570169829,-1.6592734735180514,-1.6522519349908666,-1.6458116887258347,-1.6399010594690326,-1.6344734827435126,-1.629486925213075,-1.6249033792054313,-1.6206884312168004,-1.6168108760714743,-1.613242376584881,-1.6099571696588715,-1.6069318043853558,-1.6041449110422379,-1.6015769961371829,-1.5992102612813344,-1.5970284410576663,-1.5950166580486114,-1.5931612947085707,-1.5914498771818564,-1.5898709720929385,-1.588414092375758,-1.5870696143177736,-1.585828701038223,-1.584683234507009,-1.5836257534928646,-1.5826493973083606,-1.5817478552898754,-1.5809153202219381,-1.5801464466027413,-1.5794363121731825,-1.578780383176865,-1.5781744825402098,-1.5776147607862743,-1.5770976695998096,-1.5766199374418894,-1.5761785474669292,-1.5757707170929518
-2.279559118236473,-2.209614076672224,-2.1474827705082458,-2.0922255470659885,-2.043001279327775,-1.9990683590492173,-1.959778882339782,-1.9245697636411545,-1.8929528901859187,-1.8645054576255982,-1.8388610472441487,-1.8157016741226735,-1.794750854719503,-1.7757676335110781,-1.758541482580279,-1.7428879661848597,-1.7286450630086367,-1.7156700497362216,-1.703836874599661,-1.6930339015171372,-1.683162006979236,-1.6741329663772009,-1.665868068987647,-1.6582969311267393,-1.6513564784851469,-1.6449900745499677,-1.6391467653367753,-1.6337806253835174,-1.628850188919551,-1.6243179536335903,-1.6201499568515534,-1.6163153964768744,-1.6127862965276714,-1.6095372181658683,-1.60654500213088,-1.6037885414775874,-1.6012485798796514,-1.5989075333204559,-1.5967493304455296,-1.5947592697734467,-1.5929238934523717,-1.5912308727683395,-1.5896689064041463,-1.5882276275979172,-1.5868975223251176,-1.5856698538246032,-1.5845365955252109,-1.5834903698160214,-1.5825243925263819,-1.5816324230536016,-1.5808087183824002,-1.5800479918729635,-1.5793453752696265,-1.578696384387127,-1.5780968876782016,-1.5775430774982784,-1.577031443985791,-1.576558750966303,-1.5761220141281422,-1.5757184808313853
-2.2695390781563125,-2.2007165794341965,-2.1395743938485516,-2.0851858454870213,-2.03672350152608,-1.993458952423194,-1.9547564043259738,-1.9200635637983254,-1.88890176620387,-1.8608563889642125,-1.8355680531310306,-1.812724810276845,-1.7920553451145467,-1.7733231269695964,-1.75632141988706,-1.740869043009978,-1.7268067748218836,-1.713994306243328,-1.7023076726033415,-1.691637047279088,-1.681884880079236,-1.6729643181890572,-1.6647978503930196,-1.6573161448801732,-1.650457052349233,-1.644164751860199,-1.6383890103985352,-1.633084541466664,-1.6282104469980092,-1.6237297303215688,-1.6196088799766815,-1.6158174974035144,-1.6123279683299656,-1.6091151787165372,-1.6061562615055078,-1.603430373089701,-1.6009184948666844,-1.5986032577406448,-1.5964687849539934,-1.594500551477934,-1.5926852596508123,-1.591010726375026,-1.589465782843717,-1.5880401830279969,-1.586724522997064,-1.5855101664921714,-1.5843891787614992,-1.5833542661531348,-1.5823987213308668,-1.5815163740505198,-1.5807015457753675,-1.5799490089877088,-1.5792539496781142,-1.5786119334588955,-1.5780188745201136,-1.5774710072460527,-1.576964860411675,-1.5764972333770826,-1.576065174522586,-1.5756659612971793
-2.2595190380761525,-2.1918182572201226,-2.1316638669922723,-2.07814258792983,-2.0304408934775937,-1.9878436634702417,-1.9497272374572632,-1.9155501027639683,-1.8848430156574911,-1.857199502741788,-1.8322671924031086,-1.8097401430570765,-1.7893521818963871,-1.7708711813752818,-1.754094179597726,-1.7388432360831951,-1.7249619175204716,-1.712312319918325,-1.7007725585672946,-1.6902346108236344,-1.6806024956670267,-1.671790728999169,-1.663722996889077,-1.6563310178527222,-1.6495535665832026,-1.643335637116861,-1.6376277171361378,-1.6323851590834557,-1.6275676327598723,-1.6231386474379996,-1.6190651432773273,-1.6153171257342787,-1.61186734277444,-1.6086910057151276,-1.6057655402754758,-1.6030703667647974,-1.6005867048790186,-1.5982974010072393,-1.5961867735376676,-1.5942404744242966,-1.592445366704865,-1.5907894133847358,-1.5892615786305933,-1.5878517375857653,-1.5865505968286358,-1.5853496209946978,-1.584240967520323,-1.5832174270591195,-1.5822723694342886,-1.5813996950645464,-1.5805937901763982,-1.5798494866402384,-1.5791620249411153,-1.578527020720408,-1.577940434121201,-1.5773985417574685,-1.576897911227583,-1.5764353775999735,-1.576008022108473,-1.5756131524410668
-2.249498997995992,-2.182918966720425,-2.123750964708261,-2.071095505989225,-2.024153167561583,-1.9822221999154608,-1.944691093493204,-1.9110291013847045,-1.8807763712933072,-1.8535345450409233,-1.8289582250703873,-1.80674744647594,-1.7866411528412809,-1.768411597841018,-1.7518595756253819,-1.7368103715217957,-1.7231103288018117,-1.7106239394069152,-1.6992313914594859,-1.688826460828892,-1.67931473153809,-1.67061208515046,-1.6626434028211887,-1.6553414518732126,-1.648645930006816,-1.6425026456645762,-1.6368628069790874,-1.6316824053337868,-1.6269216785856466,-1.6225446422780307,-1.6185186886201528,-1.6148142275860424,-1.6114043699276572,-1.6082646528970734,-1.6053727955829378,-1.6027084828072167,-1.6002531731552554,-1.5979899290808017,-1.5959032646814528,-1.593979009437914,-1.592204187609425,-1.590566908802983,-1.5890562706332874,-1.587662269865645,-1.586375724012903,-1.5851881990057977,-1.584091944846276,-1.5830798368479262,-1.582145322325729,-1.5812823726725438,-1.5804854391691776,-1.5797494133460412,-1.5790695904364214,-1.578441636347379,-1.5778615573954724,-1.5773256726296123,-1.5768305886625533,-1.5763731764486335,-1.5759505502402633,-1.5755600481177545
-2.2394789579158316,-2.17401856523242,-2.115835462548941,-2.064044331913214,-2.017860036510374,-1.9765942694702052,-1.9396476838111443,-1.9065002797905195,-1.8767015648570886,-1.8498612607142446,-1.8256409097367303,-1.8037464930116898,-1.7839220441046653,-1.7659441758075343,-1.7496174201886723,-1.7347702737498094,-1.7212518446899692,-1.7089290117159603,-1.6976840286546775,-1.6874124644336659,-1.678021464008375,-1.6694282715700437,-1.6615589611850123,-1.6543473474879702,-1.6477340502246545,-1.6416656916994314,-1.6360942002737058,-1.6309762062979658,-1.626272515897751,-1.6219476512378752,-1.6179694570295262,-1.6143087482874166,-1.6109389991192782,-1.6078360733096009,-1.6049779839278782,-1.602344680922567,-1.5999178623761672,-1.5976808074025144,-1.5956182263869545,-1.5937161268946929,-1.5919616949415756,-1.5903431872470737,-1.588849835359759,-1.587471758127315,-1.5861998844322602,-1.5850258819108396,-1.5839420935165913,-1.582941479585584,-1.5820175652644275,-1.5811643932383421,-1.5803764801399784,-1.5796487774377042,-1.5789766353723933,-1.5783557703585949,-1.5777822351116118,-1.5772523913250083,-1.576762884821042,-1.5763106226213905,-1.5758927521656652,-1.5755066420831463
-2.229458917835671,-2.1651169106665806,-2.107917136845078,-2.056988798583321,-2.0115612133771377,-1.9709595797902848,-1.9345967193575304,-1.9019633573413344,-1.8726183270373506,-1.846179393326107,-1.8223150035407372,-1.8007370535490683,-1.7811946401624859,-1.7634687129857225,-1.7473675237554536,-1.7327227654433177,-1.7193862994828182,-1.70722738216264,-1.6961303258856988,-1.6859924871909007,-1.6767225678699649,-1.6682391717271143,-1.6604695635865923,-1.6533486039230918,-1.6468178335905146,-1.6408246882354334,-1.63532181625158,-1.630266487007083,-1.6256200751327237,-1.6213476097887756,-1.6174173886631593,-1.6138006323559713,-1.6104711789207906,-1.6074052192918715,-1.6045810611495974,-1.6019789202004724,-1.5995807346486293,-1.5973700008792235,-1.5953316261585708,-1.59345179670813,-1.5917178608485638,-1.5901182229349362,-1.588642248947041,-1.5872801802860816,-1.5860230576494918,-1.5848626507986567,-1.5837913960334535,-1.582802339083071,-1.5818890832731745,-1.5810457429066131,-1.5802669002719851,-1.5795475670596506,-1.5788831487830879,-1.5782694126114019,-1.5777024578887986,-1.5771786891677482,-1.576694791679342,-1.57624770869793,-1.5758346210225689,-1.575452927991506
-2.219438877755511,-2.156213861552864,-2.099995764700896,-2.0499286394954552,-2.0052564115042846,-1.9653178384346983,-1.9295379105996076,-1.8974180525737923,-1.8685263874088793,-1.842488685094134,-1.8189802620962878,-1.7977188973196412,-1.7784587237519363,-1.7609850052982714,-1.7451096949857035,-1.730667667474947,-1.7175135256983456,-1.7055188943227388,-1.6945701371938378,-1.6845663930202566,-1.6754179163458753,-1.667044667589984,-1.659375100201623,-1.6523451190459064,-1.6458971851710231,-1.639979547070218,-1.6345455729972982,-1.629553171412697,-1.624964285712779,-1.620744452450348,-1.6168624227871544,-1.6132898234748998,-1.6100008571237074,-1.6069720424546352,-1.604181982407734,-1.601611159096882,-1.599241751489143,-1.5970574738680996,-1.5950434309892203,-1.5931859883160417,-1.5914726570354663,-1.5898919896736607,-1.5884334871505978,-1.587087513902998,-1.5858452228986024,-1.5846984864530376,-1.5836398346161076,-1.5826623988889956,-1.581759861131524,-1.5809264075965828,-1.5801566865394652,-1.5794457701627422,-1.5787891195232562,-1.5781825527970743,-1.5776222161924194,-1.5771045573395217,-1.5766263010819055,-1.5761844271358898,-1.5757761498358942,-1.5753988993925392
-2.2094188376753507,-2.147309277047139,-2.0920711239895597,-2.042863588741336,-1.9989453444924612,-1.9596687528249095,-1.924470967477511,-1.892864083148257,-1.864425474376276,-1.838788876830589,-1.8156364394327542,-1.7946917918416472,-1.7757140758115906,-1.758492846820593,-1.7428437406736559,-1.7286047988575253,-1.715633354020082,-1.7038033899780367,-1.6930033148783232,-1.683134044159772,-1.6741073810439528,-1.665844639582235,-1.6582754597338538,-1.6513367893256055,-1.6449720087084472,-1.6391301787499877,-1.633765387415447,-1.628836182355817,-1.6243050760166982,-1.6201381127632961,-1.6163044977504581,-1.6127762644691281,-1.6095279807172418,-1.6065364936593853,-1.6037807021628154,-1.6012413554159421,-1.5989008738069466,-1.5967431901609153,-1.5947536073457131,-1.592918670666957,-1.5912260547525392,-1.5896644608477468,-1.5882235253334067,-1.5868937361747275,-1.585666359075405,-1.5845333693439956,-1.5834873911927576,-1.582521642282086,-1.5816298833688316,-1.5808063729955744,-1.5800458257017878,-1.5793433744987353,-1.5786945362632092,-1.5780951804360575,-1.577541500329661,-1.5770299868755338,-1.5765574047375661,-1.5761207702673619,-1.575717331514352,-1.5753445497283958
-2.1993987975951903,-2.1384030169376995,-2.084142993349014,-2.0357933809904623,-1.9926277261701504,-1.954012030204657,-1.9193955993567482,-1.8883011657960058,-1.8603153151174912,-1.8350797078835488,-1.81228328793484,-1.7916555028593295,-1.7729604754208923,-1.7559920297210074,-1.7405694656891104,-1.7265339766868633,-1.7137456132416173,-1.7020807090627599,-1.6914297094448607,-1.6816953011165818,-1.672790831909838,-1.6646389665379568,-1.6571705293725971,-1.6503235097930002,-1.6440422065826656,-1.6382764925336393,-1.6329811751968342,-1.6281154415351495,-1.6236423733500165,-1.6195285232614602,-1.6157435509586828,-1.6122598972808215,-1.6090524958654158,-1.606098522996984,-1.6033771741563199,-1.600869466291404,-1.598558061886694,-1.5964271129679162,-1.5944621211537402,-1.592649812206157,-1.5909780247822418,-1.5894356094070428,-1.5880123384547578,-1.5866988239231425,-1.585486444727872,-1.5843672796188126,-1.583334047392262,-1.5823800522634859,-1.5814991342571112,-1.5806856245523895,-1.5799343042972873,-1.579240367614596,-1.5785993874835502,-1.5780072848730884,-1.577460300444993,-1.5769549686603226,-1.5764880942156647,-1.576056730295307,-1.5756581588471266,-1.5752898723305993
-2.18937875751503,-2.1294949416518754,-2.076211152178204,-2.0287177514726684,-1.9863032705638972,-1.9483473776003042,-1.9143115149810594,-1.8837290162666127,-1.856195635527354,-1.8313609160778708,-1.8089205582820358,-1.788609794281732,-1.7701976997389828,-1.7534823442001664,-1.7382866729179034,-1.7244550160836352,-1.711850130210177,-1.7003506896090723,-1.6898491695531954,-1.6802500226166686,-1.6714681371789686,-1.663427525656039,-1.6560601947493194,-1.6493051739993967,-1.6431076797722877,-1.637418396356078,-1.6321928507839316,-1.6273908694745967,-1.6229761039145032,-1.618915615443191,-1.6151795188472926,-1.611740662944295,-1.6085743478836065,-1.6056580797657567,-1.6029713513902293,-1.6004954481675602,-1.5982132753706897,-1.5961092049012766,-1.5941689377824766,-1.5923793808613522,-1.590728537425917,-1.5892054078543683,-1.587799901058754,-1.5865027535846465,-1.5853054580462178,-1.5842001970928385,-1.583179784535593,-1.582237611548836,-1.5813675978036907,-1.5805641474704988,-1.5798221086369535,-1.5791367368466525,-1.5785036614697572,-1.5779188552721781,-1.5773786065155195,-1.5768794934234545,-1.5764183609420641,-1.5759922992898632,-1.5755986245004572,-1.5752348604168827
-2.17935871743487,-2.12058491226272,-2.068275380633649,-2.0216364359612142,-1.979971691869113,-1.9426745017817006,-1.9092184224256388,-1.8791473492754955,-1.8520661601610529,-1.8276322376559218,-1.8055479993876582,-1.7855544281209226,-1.7674255239428258,-1.7509635784296655,-1.7359951632014903,-1.7223677301343123,-1.7099467297692115,-1.6986131676915521,-1.6882615419636529,-1.6787980655535841,-1.670139163327571,-1.6622101924534696,-1.6549443398932628,-1.6482816739745239,-1.6421683278148589,-1.6365557967906517,-1.6314003273354785,-1.626662385489959,-1.6223061927768823,-1.618299319742008,-1.6146123368541114,-1.6112185015602822,-1.6080934812144878,-1.605215112449018,-1.602563186106057,-1.600119256779683,-1.5978664732406578,-1.595789427958121,-1.5938740220287761,-1.5921073440279792,-1.5904775624901215,-1.5889738282328096,-1.5875861872625092,-1.586305501199213,-1.5851233768527253,-1.5840321012400478,-1.583024583627081,-1.5820943025601502,-1.5812352577436821,-1.5804419267010608,-1.5797092247979605,-1.5790324693145978,-1.5784073463066268,-1.5778298806114646,-1.5772964083462127,-1.5768035517351098,-1.576348196195063,-1.5759274691845657,-1.5755387210141385,-1.5751795070879486
-2.1693386773547094,-2.11167279049582,-2.0603354596264163,-2.014549170756466,-1.9736327044215194,-1.9369931092235881,-1.904116029050732,-1.8745558784516363,-1.8479266121775797,-1.8238934072180601,-1.8021653583374637,-1.7824891644296312,-1.764643721164615,-1.748435518489837,-1.7336947352756205,-1.7202719298311329,-1.708035234699979,-1.6968679773706408,-1.6866666714826402,-1.677339284936144,-1.6688037750226286,-1.6609868407176356,-1.6538228471860894,-1.64725290018352,-1.641224048766159,-1.6356885990107133,-1.63060351669025,-1.625929907654837,-1.6216325638367912,-1.6176795654965324,-1.6140419393911425,-1.610693352269556,-1.60760983940336,-1.6047695686920236,-1.60215262976333,-1.5997408471339543,-1.597517613799036,-1.5954677435030977,-1.59357733810095,-1.591833668554107,-1.5902250692725883,-1.588740842112671,-1.5873711707440226,-1.586107042399125,-1.5849401785912927,-1.5838629711833379,-1.582868425345409,-1.581950107417464,-1.5811020975322345,-1.5803189469357402,-1.5795956386170107,-1.5789275519153239,-1.5783104298725612,-1.5777403496779194,-1.577213695565009,-1.5767271340015425,-1.5762775911011895,-1.575862231772449,-1.5754784407979139,-1.5751238053241319
-2.159318637274549,-2.1027584387361897,-2.0523911708194684,-2.0074556926701494,-1.9672860226691904,-1.9313029060675262,-1.8990040414555902,-1.8699543162854517,-1.8437767132831104,-1.8201441576628516,-1.798772380327798,-1.7794137612382637,-1.7618520624284226,-1.7458979483066719,-1.7313851857080655,-1.718167424011055,-1.7061154656620727,-1.6951149506350078,-1.6850644009070541,-1.6758735338350206,-1.6674618350707644,-1.659757342457551,-1.652695597315487,-1.6462187414829093,-1.640274739158524,-1.6348167067502493,-1.6298023293299293,-1.625193352765684,-1.620955139793936,-1.6170562809196587,-1.6134682598156702,-1.6101651532258667,-1.6071233650728391,-1.604321395278317,-1.601739633017506,-1.5993601734868643,-1.597166654649768,-1.595144112250487,-1.5932788496021077,-1.5915583207249362,-1.5899710265478115,-1.5885064205780743,-1.5871548247297291,-1.5859073523974108,-1.5847558403166937,-1.5836927856845624,-1.5827112900343667,-1.5818050079302588,-1.5809681003365825,-1.580195192599336,-1.5794813356835005,-1.578821971316585,-1.578212899833696,-1.5776502510619095,-1.5771304576177718,-1.5766502304604149,-1.576206536630882,-1.5757965787020507,-1.575417776127773,-1.5750677479819715
-2.149298597194389,-2.09384172003526,-2.044442296625391,-2.0003557390101614,-1.9609313611451977,-1.925603598084326,-1.8938821654327613,-1.865342374076795,-1.839616183674294,-1.8163842201269833,-1.7953688086032642,-1.7763279744912694,-1.7590503165860638,-1.7433506495878472,-1.7290663088353577,-1.7160540192936655,-1.7041872411328578,-1.6933539173428043,-1.6834545709675652,-1.6744006633282207,-1.6661132043660205,-1.6585215678540048,-1.6515624692277155,-1.6451790850755525,-1.6393202939581824,-1.6339400222635543,-1.628996674341072,-1.6244526363059866,-1.6202738421144114,-1.616429393066935,-1.6128912304006122,-1.6096338415681792,-1.606633999896881,-1.6038705381054512,-1.6013241456973024,-1.5989771893240583,-1.596813552678584,-1.5948184942458261,-1.5929785195130486,-1.5912812662468767,-1.5897154025522358,-1.5882705342131904,-1.5869371219817043,-1.5857064059759582,-1.584570338683543,-1.5835215231342865,-1.582553157693343,-1.5816589855886396,-1.580833249027863,-1.580070647842193,-1.5793663013324863,-1.5787157139504815,-1.5781147436378633,-1.5775595731516026,-1.5770466837631103,-1.5765728311759968,-1.5761350235940446,-1.575730501473294,-1.5753567191421427,-1.5750113277906845
-2.1392785571142285,-2.084922498117997,-2.0364886202045382,-1.993249047565997,-1.9545684344409051,-1.9198948906370434,-1.888750105922765,-1.8607197618831206,-1.8354447419814806,-1.8126133239248965,-1.7919543843939076,-1.773231557982852,-1.756238250252159,-1.740793401757837,-1.7267378966985276,-1.713931520018017,-1.7022503773457909,-1.6915847051617676,-1.681837020270744,-1.6729205224454038,-1.6647577418364887,-1.6572793852085823,-1.650423340079058,-1.6441338164645358,-1.638360606521562,-1.6330584462839248,-1.6281864593761273,-1.6237076724095485,-1.6195885909961736,-1.615798827804137,-1.6123107823041085,-1.609099353392183,-1.6061416845741252,-1.6034169421600726,-1.6009061167814245,-1.5985918473386194,-1.5964582640327478,-1.5944908488470395,-1.5926763101746875,-1.5910024702311938,-1.5894581649690434,-1.588033153088095,-1.5867180347845187,-1.585504177473304,-1.5843836499349564,-1.583349161541262,-1.58239400796756,-1.581512021554277,-1.5806975261727159,-1.5799452965324148,-1.5792505206374665,-1.578608766006768,-1.5780159485083904,-1.5774683041272222,-1.576962363067058,-1.5764949260342396,-1.576063042635484,-1.5756639914332642,-1.575295261837975,-1.5749545373485447
-2.129258517034068,-2.0760006373900937,-2.028529925463544,-1.986135356594736,-1.9481969571798505,-1.9141764886444592,-1.8836075669690764,-1.8560861884677466,-1.8312621052118196,-1.808831196488074,-1.7885288468518556,-1.7701242632919658,-1.7534156277383404,-1.7382259818920487,-1.7243997389777774,-1.711799728178335,-1.7003046882275672,-1.6898071395081293,-1.6802115852399766,-1.6714329581109928,-1.6633953043897483,-1.656030660891515,-1.6492780851861288,-1.6430828194059495,-1.6373955685505288,-1.6321718779813204,-1.6273715906134727,-1.6229583738228357,-1.6188993053336158,-1.615164509773995,-1.6117268455383078,-1.6085616237210476,-1.6056463588005225,-1.6029605514923269,-1.60048549437466,-1.5982040994087574,-1.59610074410025,-1.5941611347050444,-1.5923721832699942,-1.5907218971771941,-1.5891992809125135,-1.5877942467442243,-1.586497534931721,-1.5853006407720767,-1.5841957498908896,-1.5831756785216013,-1.582233820138026,-1.5813640966510851,-1.5805609140246366,-1.5798191222478444,-1.579133978402947,-1.5785011134259628,-1.5779165014377148,-1.5773764319551329,-1.5768774843975917,-1.576416504737699,-1.5759905842302075,-1.5755970397718544,-1.5752333960667173,-1.5748973691191528
-2.1192384769539077,-2.067076002945297,-2.020565997054268,-1.9790144048076426,-1.9418166439922757,-1.9084480965451112,-1.87845425167348,-1.8514413612482545,-1.8270679886922607,-1.805037563304003,-1.7850919329874304,-1.7670058397166022,-1.7505822109865972,-1.7356481646499782,-1.7220516229260756,-1.709658443358575,-1.698349985334069,-1.6880210434842957,-1.678578100055142,-1.6699378150860467,-1.6620257468570767,-1.6547752592883231,-1.6481265779750034,-1.6420259758605267,-1.6364250700465266,-1.6312802149189713,-1.6265519727164397,-1.6222046518663547,-1.6182059026812257,-1.6145263623620452,-1.611139348937326,-1.608020586475397,-1.6051479612412294,-1.6025013091895766,-1.6000622256833228,-1.5978138965748863,-1.5957409474884279,-1.5938293097438263,-1.5920660998054328,-1.5904395109549492,-1.5889387169119475,-1.5875537841794276,-1.5862755937119442,-1.5850957692860856,-1.5840066139361488,-1.5830010512876456,-1.582072573111202,-1.5812151913556343,-1.580423394515084,-1.5796921082678193,-1.5790166591567951,-1.5783927418922628,-1.577816389180817,-1.577283944381755,-1.5767920364189958,-1.5763375568003144,-1.5759176386785905,-1.5755296375172902,-1.5751711135301667,-1.5748398154275973
-2.1092184368737477,-2.0581484605728386,-2.0125966203731402,-1.9718859313573671,-1.9354272094902858,-1.902709418261849,-1.873289862151759,-1.8467849862450043,-1.8228621060124248,-1.801232147854776,-1.7816433776046892,-1.7638760342073245,-1.747737759501715,-1.7330597222073354,-1.7196933333016258,-1.7075074626657876,-1.6963860777850692,-1.6862262378152506,-1.6769363965910002,-1.6684349359088466,-1.6606489219363887,-1.6535130427452127,-1.6469686899291334,-1.640963165944102,-1.6354489992635712,-1.630383353008888,-1.6257275087912886,-1.621446416395028,-1.6175082992162908,-1.6138843076615796,-1.6105482201243522,-1.607476174442473,-1.6046464295017369,-1.6020391573494,-1.5996362569900233,-1.5974211890160708,-1.5953788280019925,-1.593495331139955,-1.5917580200918795,-1.5901552747875305,-1.5886764388951389,-1.5873117338325955,-1.5860521818946165,-1.584889535947046,-1.5838162170080585,-1.5828252566365166,-1.5819102454083795,-1.5810652857872953,-1.5802849492443378,-1.5795642375646923,-1.5788985471423822,-1.5782836368262578,-1.5777155982484714,-1.5771908289273104,-1.5767060075860686,-1.5762580715420433,-1.575844196101404,-1.5754617755315266,-1.5751084057762104,-1.5747818684565127
-2.099198396793587,-2.0492178767649603,-2.004621581560903,-1.9647496758257321,-1.929028368243623,-1.8969601571669028,-1.8681140994897103,-1.842116768029738,-1.8186441689673287,-1.7974146715553136,-1.7781829132363705,-1.7607345913000232,-1.7448820302827794,-1.7304604241871047,-1.7173246522991723,-1.7053465806622388,-1.6944127721976465,-1.6844225407836453,-1.67528630435425,-1.6669241608341536,-1.65926468013386,-1.6522438715131786,-1.6458042905359997,-1.6398942678768447,-1.6344672426600706,-1.6294811864662335,-1.6248981003440934,-1.620683575757534,-1.6168064097006134,-1.6132382664376577,-1.6099533854778627,-1.6069283192444632,-1.604141700098211,-1.6015740370518425,-1.5992075336277365,-1.5970259260258117,-1.5950143386204374,-1.5931591553015219,-1.5914479037250016,-1.5898691512327388,-1.588412412171372,-1.5870680635678442,-1.5858272697152593,-1.5846819131909178,-1.5836245335837735,-1.5826482709383332,-1.5817468151547414,-1.5809143596980884,-1.5801455594720821,-1.5794354927950995,-1.5787796263104845,-1.578173783377425,-1.5776141149002871,-1.577097072879376,-1.5766193861381488,-1.5761780380833277,-1.575770246434692,-1.5753934445055024,-1.5750452641944301,-1.5747235202420091
-2.0891783567134268,-2.0402841187245806,-1.9966406675028021,-1.9576053782121619,-1.922619834756111,-1.891200016047514,-1.862926663699522,-1.8374364096743074,-1.8144138874999778,-1.7935848536912091,-1.774710270078245,-1.7575812530478754,-1.7420147777537205,-1.7278500375895147,-1.7149453594801132,-1.7031755892962679,-1.692429872618278,-1.682609768163527,-1.673627650419216,-1.665405327771092,-1.6578728697041891,-1.6509676036907697,-1.6446332472324574,-1.6388191579312246,-1.6334796848494137,-1.6285736077625235,-1.6240636472365042,-1.6199160367545695,-1.6161001474412051,-1.6125881580901458,-1.60935477009692,-1.6063769513059583,-1.6036337084270118,-1.6011058883309035,-1.5987759999531492,-1.5966280559871568,-1.5946474314748154,-1.5928207378464883,-1.59113570956508,-1.5895811021643174,-1.5881466014139372,-1.586822740658255,-1.5856008268603676,-1.5844728729438524,-1.5834315376672257,-1.5824700701240937,-1.581582260068113,-1.5807623924622456,-1.5800052061077232,-1.5793058562909799,-1.578659880310958,-1.57806316641641,-1.577511925137557,-1.5770026632862553,-1.5765321600929756,-1.576097445339406,-1.575695779424504,-1.5753246349542642,-1.574981680011589,-1.5746647626694934
-2.079158316633267,-2.031347054373066,-1.9886536658291853,-1.9504527789227193,-1.9162013234427335,-1.8854286970720862,-1.8577272536764804,-1.8327436126994925,-1.8101709696437938,-1.7897424113561669,-1.7712251759228295,-1.7544157589524791,-1.7391357536928664,-1.7252283267208823,-1.712555231701376,-1.7009942778318248,-1.6904371804535594,-1.6807877331526657,-1.671960259362115,-1.66387827221962,-1.6564733365894588,-1.649684095165479,-1.643455425348741,-1.6377377103786768,-1.6324862085493068,-1.6276605075776098,-1.623224047640345,-1.6191437045960044,-1.6153894242499238,-1.6119339006157547,-1.6087522977655173,-1.6058219998205119,-1.6031223887333677,-1.6006346501452153,-1.598341599319252,-1.5962275263471,-1.5942780578238447,-1.5924800335804035,-1.5908213957162471,-1.5892910887526153,-1.5878789706421343,-1.586575731769131,-1.5853728224518453,-1.5842623866077308,-1.583237202775687,-1.5822906296731953,-1.5814165574473782,-1.5806093630654596,-1.5798638697004141,-1.579175310050324,-1.5785392924841586,-1.5779517705270745,-1.5774090146958852,-1.576907586950149,-1.5764443172403613,-1.5760162820144548,-1.575620784621466,-1.5752553372119387,-1.5749176442869741,-1.5746055874693592
-2.0691382765531063,-2.0224065523581043,-1.9806603649165253,-1.9432916187597584,-1.9097725486073567,-1.8796459017568738,-1.8525155671560078,-1.8280380770239004,-1.8059151214648663,-1.7858870593890075,-1.7677273560924447,-1.7512378458941216,-1.7362447071614588,-1.722595053121277,-1.7101540430430087,-1.6988024327766422,-1.6884344943995049,-1.6789562463034244,-1.6702839531938514,-1.6623428272055216,-1.6550659243565387,-1.648393199553696,-1.6422706880510651,-1.636649797434901,-1.6314866945297881,-1.6267417747504027,-1.6223791979910005,-1.6183664828568785,-1.614674150402009,-1.6112754105690315,-1.608145890915935,-1.6052633927162612,-1.6026076740791617,-1.6001602603478995,-1.597904274047151,-1.595824283590252,-1.5939061680293378,-1.5921369964734873,-1.5905049195051282,-1.588999071444693,-1.5876094832027545,-1.5863270029407708,-1.5851432250309845,-1.5840504250452703,-1.5830415019259347,-1.582109924600587,-1.5812496841605506,-1.580455250093815,-1.5797215304287866,-1.5790438357276502,-1.5784178458521134,-1.5778395799983094,-1.5773053690375998,-1.576811830420121,-1.576355845135674,-1.5759345365955464,-1.575545251375188,-1.5751855414265516,-1.5748531479076011,-1.574545986212545
-2.059118236472946,-2.0134624820617306,-1.9726605538889008,-1.9361216389122398,-1.9033332244211407,-1.8738513309332412,-1.847291300671067,-1.8233195009129781,-1.8016460470040483,-1.7820185103102593,-1.7642165333716118,-1.748047248061183,-1.733341384431126,-1.719949975490999,-1.70774156473447,-1.6965998378090201,-1.6864216103693965,-1.6771151154521413,-1.6685985512913073,-1.6607988232138986,-1.6536504741329914,-1.6470947681391934,-1.6410788962827905,-1.6355552892037706,-1.6304810215599013,-1.6258172962282977,-1.6215289929395647,-1.617584273432214,-1.6139542345934896,-1.6106126030222794,-1.6075354705910831,-1.6047010566205961,-1.6020894963098213,-1.5996826556555679,-1.5974639653970828,-1.5954182732117594,-1.5935317115309184,-1.59179157963705,-1.590186237458863,-1.5887050099438547,-1.5873381017510253,-1.5860765195707391,-1.5849120025419796,-1.5838369585647039,-1.5828444076200159,-1.5819279294435484,-1.5810816166325006,-1.5803000317223956,-1.5795781680903809,-1.578911414624199,-1.5782955231094262,-1.577726578815606,-1.5772009733439403,-1.5767153799848628,-1.576266731093133,-1.5758521973464437,-1.575469168828513,-1.5751152375547048,-1.5747881815832847,-1.5744859503059723
-2.0490981963927855,-2.004514713608443,-1.964654022619892,-1.9289425809466574,-1.8968830649015893,-1.8680446847154475,-1.8420541495098834,-1.818587580928088,-1.797363448218845,-1.7781364742582806,-1.7606924279387446,-1.7448436968786156,-1.7304255289102508,-1.7172928496158029,-1.7053175650795442,-1.6943862737031496,-1.6843983214201115,-1.6752641456469528,-1.6669038703270547,-1.65924608812108,-1.6522268245414182,-1.6457886498100731,-1.639879908704089,-1.6344540536197802,-1.6294690663529545,-1.6248869570152407,-1.6206733253036818,-1.616796976490582,-1.6132295838974051,-1.6099453915243505,-1.6069209564057714,-1.6041349168238068,-1.601567786020243,-1.59920177161642,-1.5970206135385745,-1.5950094396894203,-1.5931546368199923,-1.5914437352992088,-1.5898653052824665,-1.5884088631885536,-1.5870647882309732,-1.585824246395594,-1.5846791223149335,-1.5836219569039807,-1.582645891830568,-1.581744618248056,-1.5809123308322959,-1.5801436857035367,-1.5794337620907442,-1.5787780276778225,-1.5781723066139006,-1.5776127506523605,-1.577095812506997,-1.576618221665219,-1.5761769621788848,-1.5757692523011804,-1.5753925259115733,-1.5750444153560688,-1.5747227358415379,-1.5744254709878203
-2.0390781563126255,-1.9955631178734623,-1.956640561734945,-1.921754186798644,-1.8904217838923079,-1.862225662469019,-1.836803807674042,-1.8138420118756948,-1.7930670249251306,-1.7742406589249373,-1.7571547572971413,-1.7416269209355055,-1.7274968810692313,-1.714623428290858,-1.7028818093798748,-1.6921615182529601,-1.6823644176769108,-1.673403139074036,-1.6651997241974676,-1.6576844471249308,-1.6507948116322129,-1.6444746909941477,-1.6386735816300766,-1.633345956389006,-1.628450703510342,-1.6239506401184116,-1.6198120860170628,-1.616004490426401,-1.6125001037188187,-1.6092736880582923,-1.6063022665068991,-1.6035648972417158,-1.6010424725197594,-1.598717542577438,-1.5965741575197558,-1.5945977264550075,-1.5927748914129674,-1.5910934147799025,-1.5895420778355405,-1.5881105893306973,-1.5867895038552229,-1.58557014747209,-1.5844445510483751,-1.5834053892145141,-1.582445925985716,-1.581559964554753,-1.5807418022601762,-1.579986189354733,-1.5792882914322104,-1.5786436554525751,-1.5780481783768885,-1.5774980788609263,-1.5769898711214174,-1.5765203412065036,-1.5760865252038816,-1.575685689257468,-1.5753153113356821,-1.5749730643877276,-1.574656801022336,-1.574364539322681
-2.029058116232465,-1.9866075664911036,-1.9486199626141716,-1.9145561987652162,-1.8839490950434288,-1.8563939627796724,-1.8315399678369164,-1.809082486756616,-1.7887564747386522,-1.7703307694907862,-1.75360323620523,-1.7383966459116607,-1.7245551783645745,-1.7119414612433852,-1.7004340598570449,-1.6899253461944197,-1.68031968625661,-1.6715318949821898,-1.6634859239491508,-1.6561137226734752,-1.649354268814644,-1.643152735592679,-1.6374597689673405,-1.6322308609285059,-1.627425805463857,-1.623008226493456,-1.6189451640776094,-1.615206711810906,-1.6117656977485624,-1.6085974029977879,-1.6056793175324944,-1.6029909203772184,-1.600513483796077,-1.5982299016506096,-1.5961245352357587,-1.5941830758647308,-1.5923924218236727,-1.5907405684651592,-1.5892165091082757,-1.5878101457132874,-1.5865122090841763,-1.5853141861578008,-1.5842082547912348,-1.5831872240444267,-1.582244480953503,-1.581373941384489,-1.5805700059341228,-1.5798275195461728,-1.579141734702335,-1.5785082781279847,-1.5779231200533383,-1.5773825464633862,-1.576883133475852,-1.5764217240705714,-1.5759954067165354,-1.575601495769887,-1.5752375135870273,-1.574901173998337,-1.5745903672727084,-1.5743031461965489
-2.0190380761523046,-1.9776479318632827,-1.9405920173956177,-1.9073483594976988,-1.8774647117927452,-1.8505492834228252,-1.8262623213024713,-1.8043086967153759,-1.7844314930163372,-1.7664065085597833,-1.7500375766060696,-1.7351525945032178,-1.72160015516181,-1.7092466950539449,-1.6979740755731783,-1.687677529126256,-1.6782639111891022,-1.6696502096057255,-1.661762277703658,-1.6545337343918047,-1.6479050267862332,-1.641822624912433,-1.6362383221488188,-1.6311086283041165,-1.6263942424164535,-1.6220595949882182,-1.6180724464941019,-1.6144035353417423,-1.6110262679156744,-1.6079164450623529,-1.6050520245695807,-1.6024129072807145,-1.5999807464781646,-1.5977387806781642,-1.5956716833961866,-1.5937654291688272,-1.5920071735349566,-1.5903851457805867,-1.5888885521967353,-1.587507488847387,-1.586232863604563,-1.5850563250911542,-1.583970198924274,-1.5829674293212805,-1.5820415270258392,-1.5811865212234077,-1.5803969163760139,-1.5796676526878874,-1.5789940700619656,-1.5783718754879854,-1.5777971129315307,-1.5772661361420344,-1.5767755835441306,-1.5763223554276393,-1.57590359299514,-1.5755166591428669,-1.575159120920168,-1.574828733322102,-1.5745234245411581,-1.5742412823116558
-2.009018036072144,-1.9686840871681413,-1.932556518978985,-1.9001304119953166,-1.870968347347545,-1.844691321333687,-1.8209705579644189,-1.7995203309896324,-1.7800917727973868,-1.7624675760934798,-1.7464574875560737,-1.731894486347234,-1.71863154265718,-1.7065388730763325,-1.6955016123500137,-1.6854178354290452,-1.6761968733371733,-1.6677578760856007,-1.6600285905804248,-1.6529442990071983,-1.6464469134603614,-1.6404841975959954,-1.6350090900669803,-1.6299791171665963,-1.6253558822814074,-1.6211046222849383,-1.6171938182314107,-1.6135948537911504,-1.6102817143384895,-1.6072307212712544,-1.6044203011108304,-1.6018307775093947,-1.599444185798061,-1.5972441101967902,-1.5952155374916257,-1.593344726480251,-1.5916190909694377,-1.5900270951640785,-1.5885581592773983,-1.5872025743883975,-1.5859514263073462,-1.5847965261708692,-1.583730348140953,-1.5827459723342898,-1.581837033901973,-1.5809976760075912,-1.5802225075973615,-1.5795065647165072,-1.5788452752329545,-1.5782344269095185,-1.5776701379225064,-1.5771488302295753,-1.576667204976176,-1.5762222201478673,-1.5758110700400674,-1.5754311664234575,-1.5750801213513383,-1.574755731272574,-1.5744559625719203,-1.5741789381811533
-1.9989979959919841,-1.9597159063688072,-1.92451326102983,-1.8929020995994827,-1.8644597146671722,-1.8388197725779525,-1.81566436626575,-1.794717076859701,-1.7757370047441525,-1.7585136693447083,-1.7428626751529415,-1.7286220379452357,-1.7156490687980734,-1.7038177353560402,-1.6930164226864004,-1.6831460301826184,-1.6741183503145576,-1.6658546843887436,-1.6582846646178702,-1.651345230272401,-1.644979753892041,-1.6391372895502725,-1.6337719190052251,-1.628842183686039,-1.6243105906198025,-1.6201431828408324,-1.6163091621541574,-1.612780557952667,-1.6095319352743196,-1.6065401368960863,-1.6037840590099395,-1.601244449085313,-1.5989037255515401,-1.5967458194007729,-1.5947560317591414,-1.592920906742408,-1.591228117459364,-1.5896663640376774,-1.5882252815809177,-1.5868953571115978,-1.5856678552649381,-1.5845347505347456,-1.5834886664276997,-1.582522819715971,-1.5816309706714309,-1.5808073771072104,-1.580046753084593,-1.5793442310816,-1.5786953274854776,-1.5780959113507664,-1.577542175549152,-1.5770306106990002,-1.5765579810886194,-1.5761213027926548,-1.5757178235657043,-1.575345004393856,-1.5750005026515257,-1.5746821565362397,-1.5743879708990247,-1.5741161041236158
-1.9889779559118237,-1.9507432642222804,-1.9164620379842277,-1.8856631659887708,-1.8579385264463113,-1.8329343323230995,-1.810343433158646,-1.7898986195981645,-1.7713668770827957,-1.75454448279074,-1.7392528424627747,-1.7253349625856964,-1.7126524582021698,-1.7010830185472452,-1.690518255674176,-1.6808618750817328,-1.6720281164021804,-1.6639404212255107,-1.6565302986925994,-1.6497363388870052,-1.643503370201806,-1.637781733873143,-1.6325266525674766,-1.6276976814845237,-1.623258230576312,-1.6191751488270245,-1.6154183589687938,-1.611960536586311,-1.6087768270676837,-1.6058445954119678,-1.6031432084357027,-1.6006538384522324,-1.5983592880576107,-1.5962438361040376,-1.5942930991467414,-1.5924939076959235,-1.5908341952155618,-1.5893028987785869,-1.5878898693650794,-1.5865857908869407,-1.5853821077077228,-1.5842709585378063,-1.5832451170435708,-1.58229793742323,-1.5814233057964404,-1.5806155953101921,-1.579869625783882,-1.5791806267315847,-1.5785442036249624,-1.5779563073390226,-1.5774132059349488,-1.5769114591531554,-1.5764478948551284,-1.5760195876056806,-1.575623838992147,-1.5752581595637125,-1.574920252339341,-1.5746079975659188,-1.5743194388401798,-1.5740527702573766
-1.9789579158316633,-1.9417660362884515,-1.9084026450539204,-1.8784133551746014,-1.8514044950990174,-1.8270346948103053,-1.8050074440647745,-1.7850646424195795,-1.7669810755437243,-1.750559708065907,-1.735627689446366,-1.7220329702654251,-1.7096414320752629,-1.698334455828288,-1.6880068569123798,-1.6785651283499636,-1.6699259424625303,-1.66201486996522,-1.6547652884366557,-1.6481174324168617,-1.642017581497638,-1.6364173607781678,-1.631273131605869,-1.6265454615669146,-1.6221986628131824,-1.618200390065757,-1.6145212871640253,-1.6111346763621874,-1.6080162840970333,-1.6051439984473088,-1.6024976578247252,-1.6000588604311776,-1.5978107941168007,-1.5957380867010433,-1.593826671276762,-1.5920636658443919,-1.5904372652954295,-1.5889366446892912,-1.5875518718869261,-1.5862738286530642,-1.5850941399998446,-1.5840051097297567,-1.582999662499278,-1.5820712907178534,-1.5812140070937946,-1.5804223008053684,-1.5796910980854952,-1.5790157260992002,-1.578391879978597,-1.5778155929581756,-1.577283208792363,-1.5767913568139744,-1.5763369288964229,-1.5759170585036462,-1.5755291014366235,-1.5751706181621823,-1.5748393576736581,-1.5745332425739438,-1.574250355490457,-1.5739889264946796
-1.968937875751503,-1.9327840989392513,-1.900334878231951,-1.8711524114976377,-1.844857332743501,-1.8211205533269992,-1.7996560828359838,-1.78021482643028,-1.7625792833018006,-1.7465590338936732,-1.7319869128846332,-1.7187157676098266,-1.7066157081277242,-1.6955717768155918,-1.68548196841975,-1.6762555446517562,-1.6678115958521074,-1.6600778105496992,-1.6529894261527507,-1.6464883152114702,-1.6405222037948863,-1.6350439975173188,-1.6300111941464963,-1.6253853722497662,-1.6211317454423855,-1.6172187739658217,-1.6136178229495275,-1.6103028618024557,-1.6072501987199155,-1.6044382457320903,-1.601847313832725,-1.599459428174657,-1.5972581629681806,-1.5952284961264898,-1.5933566784081301,-1.5916301164190754,-1.5900372675699448,-1.5885675459667443,-1.587211237374011,-1.5859594223904914,-1.584803907614238,-1.5837371628317334,-1.582752264535549,-1.581842844146383,-1.5810030417161396,-1.580227463165088,-1.5795111418076424,-1.5788495030865073,-1.5782383323814118,-1.5776737458357928,-1.577152163410862,-1.5766702845113645,-1.5762250654699719,-1.5758136990667242,-1.5754335957046404,-1.5750823661297224,-1.5747578056460105,-1.5744578795251183,-1.57418070971577,-1.5739245625356413
-1.9589178356713428,-1.9237973293679336,-1.8922585342987808,-1.8638800796249104,-1.8382967511876818,-1.815191600180056,-1.7942890317154063,-1.775348850578286,-1.758161180916329,-1.7425421460181538,-1.7283302063031882,-1.7153830577920142,-1.7035750004895727,-1.692794707475985,-1.6829433285454567,-1.6739328750025875,-1.6656848403318847,-1.6581290194047857,-1.6512025007274145,-1.644848788319272,-1.6390170499340933,-1.6336614683016446,-1.6287406753131344,-1.6242172590882609,-1.6200573339558608,-1.6162301654561553,-1.6127078401928976,-1.6094649752216097,-1.606478461216523,-1.603727235044609,-1.6011920812843794,-1.598855453119499,-1.596701312245079,-1.5947149878137898,-1.5928830493974704,-1.5911931933425123,-1.5896341406896488,-1.588195545670605,-1.586867912994756,-1.5856425230939895,-1.5845113651068725,-1.5834670757123208,-1.582502884100809,-1.581612561519356,-1.5807903761326754,-1.5800310513272806,-1.5793297281798127,-1.5786819310494162,-1.578083536161916,-1.5775307431297907,-1.5770200486445507,-1.5765482226717398,-1.5761122864593606,-1.5757094925287034,-1.5753373062808504,-1.5749933891096284,-1.5746755829727541,-1.5743818961294578,-1.57411049014615,-1.573859667862023
-1.9488977955911824,-1.91480560559849,-1.8841734108289112,-1.856596104547676,-1.831722461915522,-1.8092475266696548,-1.7889059712989792,-1.7704663916033219,-1.753726446270804,-1.7385087271350583,-1.7246572598960137,-1.712034540450744,-1.7005190196241138,-1.6900029700373806,-1.6803906718780202,-1.6715968666771743,-1.6635454359757205,-1.6561682693497106,-1.6494042975419905,-1.6431986494007749,-1.6375019294966673,-1.6322695942198042,-1.6274614072488731,-1.6230409648010995,-1.618975281153776,-1.61523442691752,-1.6117912103547651,-1.608620896664992,-1.605700959731564,-1.6030108621566226,-1.6005318631216516,-1.5982468449382576,-1.5961401579294459,-1.5941974836522639,-1.5924057116590018,-1.5907528291909903,-1.5892278220495641,-1.587820585690468,-1.5865218448278715,-1.5853230807440557,-1.58421646609018,-1.583194805362805,-1.5822514813281459,-1.581380405889876,-1.580575976109231,-1.5798330335769393,-1.579146827825575,-1.5785129827817133,-1.5779274661272695,-1.5773865615146752,-1.5768868428994043,-1.5764251513061804,-1.575998573363312,-1.5756044217668084,-1.575240217319616,-1.574903672439291,-1.5745926760869637,-1.5743052798346817,-1.5740396851687941,-1.5737942317307936
-1.938877755511022,-1.9058088064952003,-1.8760793061979975,-1.849300231580022,-1.8251341760741602,-1.803288023063803,-1.7835065804973966,-1.7655671239869501,-1.7492747545124427,-1.7344584568220658,-1.720967760448237,-1.7086699116071462,-1.6974474722401154,-1.6871962828977727,-1.6778237291523685,-1.66924726311569,-1.6613931390766707,-1.6541953295043141,-1.6475945983814213,-1.6415376926394571,-1.6359766487183363,-1.6308681931544078,-1.626173219035598,-1.6218563291933021,-1.6178854370707538,-1.6142314181122202,-1.6108678024220144,-1.6077705038455017,-1.6049175802143985,-1.6022890207768445,-1.5998665603505506,-1.5976335114891271,-1.5955746143048046,-1.5936759039430075,-1.5919245911231907,-1.5903089551558482,-1.5888182477530128,-1.587442606712068,-1.5861729778308118,-1.5850010442774958,-1.5839191632056353,-1.5829203078716347,-1.5819980155115387,-1.5811463395314964,-1.5803598066876994,-1.5796333775270066,-1.5789624107448175,-1.5783426304985684,-1.57777009654797,-1.5772411771673303,-1.5767525241200844,-1.5763010499982035,-1.5758839072843442,-1.575498469291187,-1.575142312635266,-1.5748132011411669,-1.5745090711300689,-1.5742280178184667,-1.5739682829208863,-1.5737282431674808
-1.9288577154308617,-1.8968068117723194,-1.8679760195904802,-1.8419922063582355,-1.8185316044618556,-1.7973127785735654,-1.7780905364985116,-1.7606507199028372,-1.7448057779914812,-1.7303910114686125,-1.7172613912579842,-1.7052888635802268,-1.6943600612024834,-1.6843743605325023,-1.6752422271549758,-1.666883803827905,-1.6592277020511255,-1.6522099651940076,-1.6457731813407377,-1.6398657086503532,-1.6344410104002896,-1.6294570796960737,-1.6248759366112249,-1.620663189076813,-1.616787648899973,-1.613220996111766,-1.6099374828390312,-1.6069136720784085,-1.604128206357375,-1.601561602492726,-1.5991960719862637,-1.5970153587643166,-1.5950045939077506,-1.5931501673533845,-1.5914396121941035,-1.5898615010035557,-1.5884053525742852,-1.5870615481824006,-1.5858212558072187,-1.584676361557058,-1.5836194080954527,-1.5826435383980593,-1.5817424450813178,-1.580910323915392,-1.580141832164807,-1.5794320500986407,-1.5787764462954141,-1.578170845819506,-1.5776114011420452,-1.577094565752347,-1.5766170697763262,-1.576175897891137,-1.5757682689170658,-1.5753916172340585,-1.5750435756920358,-1.5747219599134559,-1.5744247539432155,-1.5741500969804432,-1.5738962712821891,-1.573661690959311
-1.9188376753507015,-1.8877995020038956,-1.8598633510077158,-1.8346717748409325,-1.8119144575167594,-1.79132148132899,-1.7726575147301964,-1.755716849167149,-1.7403191862002516,-1.726306064205091,-1.7135378320572883,-1.7018910849011075,-1.6912564854413976,-1.6815369133997473,-1.6726458886270317,-1.6645062242952133,-1.6570488733407067,-1.650211937852424,-1.6439398207291882,-1.6381824843862665,-1.6328948138179515,-1.628036065055138,-1.6235693826846338,-1.619461378188857,-1.6156817609150842,-1.6122030152224245,-1.609000115436918,-1.606050274214217,-1.6033327195322975,-1.6008284967104547,-1.5985202949965958,-1.5963922908368213,-1.5944300074779314,-1.5926201908700854,-1.5909506977054115,-1.5894103950345246,-1.5879890699201207,-1.5866773482737333,-1.585466621373322,-1.5843489793400911,-1.5833171513733697,-1.5823644511449106,-1.5814847275788244,-1.5806723196867771,-1.5799220160701841,-1.579229017500831,-1.5785889031742837,-1.577997599750815,-1.577451353058721,-1.5769467024068635,-1.576480456848873,-1.5760496736750715,-1.5756516385360722,-1.5752838473384907,-1.5749439895936668,-1.5746299331204623,-1.5743397100583347,-1.574071503933922,-1.5738236378673762,-1.5735945636481077
-1.908817635270541,-1.8787867586337266,-1.851741101276635,-1.8273386833099763,-1.8052824453065328,-1.785313818355764,-1.767207188823676,-1.7507651791890935,-1.7358146457120294,-1.7222032848314468,-1.7097967589320442,-1.6984762602259813,-1.6881364398598693,-1.6786836478441889,-1.6700344321655836,-1.6621142558704696,-1.6548563973118668,-1.6482010049216795,-1.642094286971932,-1.6364878030415158,-1.6313378546272947,-1.62660495697093,-1.6222533766482032,-1.6182507271079563,-1.6145676143898537,-1.6111773269085756,-1.6080555613605967,-1.6051801805695092,-1.6025309987249619,-1.6000895905931156,-1.597839124243661,-1.595764209805536,-1.5938507639064592,-1.59208588975071,-1.5904577688750037,-1.5889555640406114,-1.5875693317899533,-1.5862899438464548,-1.5851090159232541,-1.5840188432461848,-1.5830123425944813,-1.582082999330501,-1.5812248196302463,-1.580432286640561,-1.579700321143724,-1.5790242452093497,-1.5783997493978323,-1.5778228626673811,-1.5772899248615517,-1.5767975617249086,-1.5763426618149479,-1.5759223555733841,-1.5755339959834505,-1.5751751409468144,-1.5748435370726659,-1.5745371047826409,-1.5742539246889207,-1.57399222499735,-1.5737503700181215,-1.5735268495229646
-1.8987975951903808,-1.8697684639854575,-1.8436090720589222,-1.819992678372188,-1.7986352775188252,-1.7792894755526198,-1.761739230577364,-1.7457953749216284,-1.7312918201196739,-1.718082339745182,-1.7060378442409951,-1.6950440702477618,-1.684999615239698,-1.6758142659988173,-1.667407572122608,-1.6597076256755854,-1.652650014153114,-1.6461769197501777,-1.640236346509216,-1.6347814439531494,-1.6297699247686175,-1.6251635596185323,-1.6209277344878776,-1.6170310631675326,-1.613445047515458,-1.6101437797137954,-1.6071036789937188,-1.6043032588556794,-1.6017229204676813,-1.599344768996936,-1.5971524524237541,-1.5951310157386407,-1.5932667701826897,-1.5915471774738033,-1.5899607452581408,-1.588496933261245,-1.5871460687348742,-1.5858992704107202,-1.5847483795932351,-1.5836858977237533,-1.582704930224083,-1.5817991351595935,-1.5809626769195864,-1.5801901836961911,-1.579476709312181,-1.578817697944997,-1.5782089522817362,-1.5776466042939081,-1.5771270885109838,-1.5766471177412162,-1.5762036606332341,-1.5757939213288061,-1.5754153206558563,-1.5750654789886442,-1.5747422004791998,-1.5744434585663054,-1.5741673827204927,-1.5739122461854758,-1.5736764547949131,-1.5734585366126659
-1.8887775551102206,-1.8607445012728066,-1.83546706586072,-1.8126335069618613,-1.7919726634526338,-1.7732481376694988,-1.756253309921204,-1.7408070988123312,-1.7267503699740454,-1.7139428918687405,-1.7022607565337209,-1.6915941916063846,-1.6818456981457643,-1.6729284656848113,-1.6647650185019343,-1.6572860564968086,-1.6504294597697906,-1.6441394314878732,-1.6383657616929577,-1.6330631824995334,-1.6281908123676971,-1.6237116735129447,-1.619592268690673,-1.615802210367007,-1.6123138953153489,-1.6091022191795876,-1.6061443238813176,-1.6034193741055054,-1.6009083587697368,-1.5985939144055494,-1.5964601700053387,-1.5944926066152034,-1.5926779313393127,-1.5910039656872994,-1.5894595446991098,-1.588034426338147,-1.5867192098152603,-1.5855052620868475,-1.5843846512245856,-1.5833500860155225,-1.5823948616054897,-1.5815128097934157,-1.58069825416074,-1.5799459688716657,-1.5792511416650004,-1.5786093396511276,-1.578016478420057,-1.5774687936855163,-1.57696281534634,-1.5764953439145013,-1.576063428728357,-1.5756643481890245,-1.5752955914911613,-1.5749548419684942,-1.5746399617696167,-1.5743489777729887,-1.5740800687007372,-1.5738315532002134,-1.5736018789685922,-1.573389612677847
-1.8787575150300602,-1.8517147546099322,-1.827314886042869,-1.8052609163440934,-1.7852943120105553,-1.7671894882865042,-1.7507490948815412,-1.7358000107544584,-1.7221899527222178,-1.7097846005762865,-1.6984651604676326,-1.6881262967977506,-1.6786743708286478,-1.6700259403094633,-1.6621064768539855,-1.6548492666776309,-1.6481944656763383,-1.6420882849789227,-1.6364822906806495,-1.6313327899962302,-1.626600301634233,-1.6222490954105506,-1.6182467881495333,-1.6145639892803065,-1.6111739895575925,-1.6080524877616753,-1.6051773486501,-1.6025283885974542,-1.6000871850456635,-1.597836906862198,-1.5957621651650733,-1.5938488782649205,-1.5920841503956795,-1.5904561641553003,-1.5889540832813085,-1.587567965268568,-1.586288682557019,-1.5851078515644108,-1.5840177683255219,-1.5830113501228733,-1.5820820829267854,-1.5812239733186733,-1.5804315050686368,-1.5796995992566742,-1.5790235784293294,-1.5783991334704166,-1.577822293663648,-1.5772893992076829,-1.5767970760671897,-1.5763422131101659,-1.5759219409748333,-1.5755336128917927,-1.5751747869546429,-1.5748432099529743,-1.5745368024945763,-1.5742536453284413,-1.5739919668293127,-1.5737501314211997,-1.5735266290116041,-1.5733200652028938
-1.8687374749498997,-1.8426791090219403,-1.8191523368316915,-1.7978746541189572,-1.7785999316919663,-1.7611132097936693,-1.7452262515465577,-1.7307737680382127,-1.7176102226455,-1.705607121619874,-1.6946507167239484,-1.684640054081278,-1.675485311125514,-1.667106378762087,-1.659431648168261,-1.6523969700092473,-1.6459447588859737,-1.64002322065164,-1.6345856873265012,-1.6295900335890867,-1.6249981727574896,-1.6207756182078117,-1.616891098065449,-1.6133162169616926,-1.6100251586646075,-1.6069944247437649,-1.6042026029263108,-1.6016301617776525,-1.5992592680413034,-1.5970736238998047,-1.595058323721813,-1.5931997243059342,-1.5914853282993113,-1.5899036807031337,-1.5884442752757055,-1.5870974703570018,-1.5858544129063945,-1.584706970059988,-1.5836476670316846,-1.5826696307690042,-1.5817665391864675,-1.5809325747155325,-1.58016238232942,-1.5794510309848406,-1.5787939789441958,-1.578187041720849,-1.5776263630978373,-1.577108388515508,-1.5766298407140942,-1.5761876975824238,-1.5757791716804823,-1.5754016916495392,-1.5750528850247076,-1.5747305625575507,-1.5744327037867738,-1.5741574437712544,-1.5739030609473077,-1.573667965896024,-1.5734506910889503,-1.5732498813875608
-1.8587174348697395,-1.8336374504555255,-1.810979223330316,-1.7904744682265077,-1.7718892305871297,-1.7550189833715448,-1.7396844440322672,-1.7257280253022156,-1.7130108307972522,-1.7014101070549885,-1.6908170819226294,-1.6811351273860287,-1.6722781923592367,-1.6641694653078607,-1.6567402287635062,-1.649928875618503,-1.6436800617976897,-1.63794397440567,-1.6326757010697306,-1.6278346761444265,-1.6233842017990439,-1.619291030837082,-1.615524999846741,-1.6120587068488106,-1.60886722762019,-1.6059278661486927,-1.6032199332510655,-1.6007245501794327,-1.5984244737575348,-1.5963039404688257,-1.5943485290684978,-1.5925450360806477,-1.5908813638655113,-1.5893464211606207,-1.587930033087615,-1.5866228601653072,-1.5854163251832802,-1.5843025472735006,-1.5832742820653523,-1.5823248673608572,-1.5814481741579336,-1.5806385618245196,-1.5798908375696152,-1.5792002192050196,-1.5785623016338017,-1.577973025870885,-1.5774286510193454,-1.5769257285322678,-1.5764610786486877,-1.5760317689558072,-1.5756350945692617,-1.5752685601334417,-1.5749298631781203,-1.5746168789328494,-1.5743276463482443,-1.5740603552410912,-1.5738133345263319,-1.5735850413301238,-1.5733740510488237,-1.573179048138298
-1.8486973947895793,-1.8245896657897447,-1.802795351530546,-1.7830601069526497,-1.7651619163722618,-1.748906488972652,-1.7341233344491191,-1.7206624344852304,-1.7083914249405368,-1.697193205165483,-1.6869639085362849,-1.677611176215403,-1.6690526832357229,-1.6612148794795636,-1.654031910175514,-1.6474446878532596,-1.6414000920805192,-1.6358502774963013,-1.6307520768199135,-1.626066476136267,-1.6217581605825409,-1.6177951181594468,-1.6141482910054072,-1.610791268662865,-1.6077000178737453,-1.6048526446468547,-1.6022291829930662,-1.5998114073403562,-1.5975826653715894,-1.595527728862804,-1.5936326621018537,-1.5918847025894616,-1.5902721537150062,-1.5887842893034814,-1.5874112672017087,-1.5861440514611727,-1.584974342032973,-1.5838945113430947,-1.582897546693283,-1.5819769979497627,-1.5811269303527704,-1.5803418813122978,-1.5796168213242499,-1.5789471180516186,-1.5783285039799102,-1.5777570465137787,-1.5772291209124119,-1.5767413854272332,-1.5762907585330772,-1.57587439820604,-1.5754896827635159,-1.5751341934569572,-1.5748056983747252,-1.574502137750486,-1.5742216104372238,-1.5739623614665081,-1.5737227706572328,-1.5735013420763269,-1.5732966944129256,-1.573107552059281
-1.8386773547094188,-1.815535642846939,-1.794600528325299,-1.7756313189358808,-1.7584176963055829,-1.7427754053038136,-1.7285425828692231,-1.7155766447781335,-1.7037516494855902,-1.6929560603878926,-1.6830908448030104,-1.6740678555503568,-1.6658084477393944,-1.6582422959671426,-1.651306379042484,-1.644944106165098,-1.6391045625549636,-1.6337418564158241,-1.6288145548392994,-1.6242851875304531,-1.620119816580357,-1.6162876608544892,-1.6127607650504383,-1.6095137083058202,-1.606523347241616,-1.6037685894618297,-1.6012301922586063,-1.5988905837166376,-1.596733703155875,-1.5947448586415385,-1.5929106011498233,-1.5912186104223542,-1.589657592209547,-1.5882171867928099,-1.5868878861252165,-1.5856609591648714,-1.5845283843763183,-1.5834827887985101,-1.58251739268314,-1.581625959190753,-1.5808027489827974,-1.5800424786362868,-1.5793402830038916,-1.5786916806139077,-1.5780925424932841,-1.5775390633410153,-1.5770277354241016,-1.5765553245927246,-1.5761188483085258,-1.5757155556402458,-1.5753429087656048,-1.574998566158774,-1.574680367041633,-1.5743863171884023,-1.5741145758545536,-1.5738634437523522,-1.573631352038414,-1.57341685212403,-1.5732186063664362,-1.573035379443122
-1.8286573146292584,-1.8064752704037832,-1.786394561521593,-1.768187853174919,-1.751656277224365,-1.7366254098093916,-1.7229418472942195,-1.7104703025761676,-1.6990911454271402,-1.6886983132351312,-1.6791975346381596,-1.6705048157511246,-1.6625451450267854,-1.6552513845050623,-1.6485633169878804,-1.6424268249892933,-1.6367931810715104,-1.631618432771844,-1.626862870621991,-1.622490559665607,-1.6184689327970667,-1.614768435306869,-1.6113622113779824,-1.608225827754512,-1.6053370298054008,-1.602675526273074,-1.60022279779875,-1.5979619265948468,-1.595877444394196,-1.5939551965517695,-1.5921822218966313,-1.5905466436882176,-1.5890375713853833,-1.5876450131125381,-1.586359796329216,-1.5851734962942217,-1.584078371358168,-1.5830673045128607,-1.5821337502584258,-1.5812716863004852,-1.5804755699208057,-1.5797402980080555,-1.5790611708605418,-1.5784338589042621,-1.5778543726841352,-1.577319035114826,-1.5768244563387528,-1.5763675106203654,-1.5759453151733995,-1.5755552108764703,-1.5751947444388954,-1.574861652185173,-1.5745538450568566,-1.5742693949156883,-1.5740065219296087,-1.5737635829667165,-1.5735390609637465,-1.5733315550879947,-1.5731397717476356,-1.5729625162612553
-1.8186372745490982,-1.797408438202475,-1.7781772598541035,-1.7607294590372269,-1.7448773655430014,-1.730456178655462,-1.7173207836238313,-1.7053430514314978,-1.6944095502815884,-1.6844196002195833,-1.6752836175450434,-1.6669217024574317,-1.6592624293182343,-1.6522418097573937,-1.6458024005007355,-1.6398925336219874,-1.6344656503861643,-1.6294797231624671,-1.6248967547699034,-1.6206823371308017,-1.6168052676496083,-1.6132372134896187,-1.6099524151582667,-1.6069274249515744,-1.6041408758071642,-1.601573277115608,-1.599206832913603,-1.5970252800008153,-1.5950137432952902,-1.5931586064452998,-1.5914473973054069,-1.589868683941869,-1.5884119808845323,-1.5870676655048161,-1.585826902187967,-1.5846815739076978,-1.583624220294099,-1.5826479816527865,-1.58174654805189,-1.5809141130137268,-1.580145331659957,-1.579435282355465,-1.5787794319523591,-1.5781736038253136,-1.5776139490315517,-1.5770969196397477,-1.5766192445515357,-1.576177907276511,-1.575770125560338,-1.575393332822482,-1.5750451609880833,-1.5747234248717688,-1.5744261077323725,-1.5741513480768734,-1.57389742750573,-1.5736627595274375,-1.573445879310054,-1.5732454341967523,-1.5730601750371633,-1.5728889481539876
-1.808617234468938,-1.7883350369620563,-1.769948432999289,-1.7532558862684524,-1.7380806672521265,-1.7242673867149478,-1.7116790456251145,-1.7001945320060867,-1.689706498024055,-1.6801195537755813,-1.6713487285245328,-1.6633181564871509,-1.6559599497876005,-1.6492132312005703,-1.6430233008133064,-1.637340916094463,-1.6321216680328743,-1.6273254390482352,-1.6229159328653704,-1.6188602596398265,-1.6151285748440267,-1.6116937628440209,-1.6085311572191399,-1.6056182936930485,-1.6029346915414089,-1.6004616602765518,-1.5981821273535408,-1.5960804846056147,-1.5941424509035584,-1.5923549491944329,-1.5907059975382507,-1.589184610108639,-1.5877807078837525,-1.5864850389032201,-1.585289105916187,-1.5841851010456076,-1.5831658466153091,-1.5822247416268915,-1.5813557130573266,-1.5805531715383365,-1.5798119712717684,-1.5791273732834894,-1.5784950121071517,-1.577910865135948,-1.5773712249518503,-1.5768726737331837,-1.576412060041079,-1.5759864774768069,-1.5755932451126222,-1.5752298896538255,-1.5748941289388196,-1.5745838569245985,-1.5742971297965764,-1.5740321532756536,-1.5737872709251375,-1.5735609533881056,-1.5733517885241466,-1.5731584722805885,-1.5729798003468833,-1.572814660420184
-1.7985971943887775,-1.7792549583898791,-1.7617078915900988,-1.7457668850028032,-1.7312658879188068,-1.7180587075537581,-1.7060162849024592,-1.6950243820249347,-1.6849816190253286,-1.6757978021812865,-1.6673924979835724,-1.659693813733404,-1.6526373504500014,-1.646165303003781,-1.6402256837760496,-1.634771651044472,-1.62976092619281,-1.6251552866207526,-1.6209201253403354,-1.6170240619019676,-1.6134386032486983,-1.6101378461559799,-1.6070982139261398,-1.6042982235125778,-1.601718279243712,-1.5993404901884254,-1.597148507217306,-1.5951273776285193,-1.5932634150069034,-1.5915440826046476,-1.589957889873668,-1.5884942984064503,-1.5871436370211365,-1.5858970258637055,-1.5847463075042032,-1.583683984669262,-1.582703163811628,-1.5817975040324055,-1.5809611705797073,-1.5801887925086828,-1.5794754243626385,-1.57881651103367,-1.5782078558845878,-1.5776455914161125,-1.5771261527658182,-1.5766462531949283,-1.5762028618411328,-1.575793183259852,-1.5754146386597043,-1.5750648487910972,-1.5747416181166143,-1.5744429204005472,-1.5741668853761224,-1.573911786558046,-1.5736760300133077,-1.5734581440235853,-1.5732567696093989,-1.5730706517591049,-1.5728986314083617,-1.572739638006594
-1.7885771543086173,-1.770168095193195,-1.7534554472312538,-1.7382622057743575,-1.7244327326878233,-1.7118298134179344,-1.7003321508683402,-1.6898322362296863,-1.6802345399887162,-1.671453969479966,-1.6634145516425822,-1.6560483050600652,-1.6492942700475,-1.6430976739069183,-1.637409209729809,-1.6321844115844966,-1.6273831115603472,-1.6229689666678542,-1.6189090473419665,-1.6151734734891454,-1.6117350967638888,-1.6085692214287302,-1.6056533570589395,-1.6029669995620381,-1.600491436975879,-1.5982095773190617,-1.596105794846833,-1.594165792736818,-1.592376480041543,-1.59072586132438,-1.5892029386212414,-1.5877976222652745,-1.586500650320218,-1.5853035164932112,-1.584198404650879,-1.5831781295980514,-1.5822360833725553,-1.5813661865999984,-1.5805628441835788,-1.5798209049374377,-1.5791356250288495,-1.5785026344421467,-1.5779179065370788,-1.5773777300303788,-1.5768786836647932,-1.576417612775608,-1.5759916080112186,-1.5755979857599183,-1.5752342701918611,-1.5748981768764043,-1.5745875976249784,-1.57430058668706,-1.574035347977098,-1.5737902233949297,-1.573563682062784,-1.5733543104150034,-1.5731608031118378,-1.572981954628326,-1.5728166515609192,-1.5726638654967835
-1.778557114228457,-1.7610743410908831,-1.745190912515115,-1.7307415995293411,-1.7175809062840819,-1.7055803752218717,-1.69462629071489,-1.6846177263326587,-1.6754648838868311,-1.667087675400694,-1.659414510441756,-1.6523812561956521,-1.6459303419327245,-1.6400099870960525,-1.6345735333751823,-1.6295788651668957,-1.6249879052057068,-1.6207661744352535,-1.616882408594628,-1.6133082186993322,-1.6100177941875538,-1.6069876417517879,-1.6041963536840644,-1.6016244024885053,-1.5992539585075163,-1.5970687280580356,-1.595053808718697,-1.5931955599423715,-1.5914814869937026,-1.5899001367518188,-1.5884410050334583,-1.5870944522438846,-1.5858516271115117,-1.58470439837583,-1.5836452926942504,-1.5826674384443578,-1.5817645147262613,-1.580930705136676,-1.5801606556396581,-1.5794494361656788,-1.5787925058099854,-1.578185680896207,-1.577625105969279,-1.577107227090216,-1.5766287676755428,-1.5761867061440016,-1.5757782556062419,-1.5754008451787025,-1.5750521028339488,-1.5747298397489882,-1.574432035822795,-1.5741568264811372,-1.573902490465536,-1.5736674386639664,-1.5734502038164113,-1.5732494310342053,-1.5730638691057333,-1.572892362447346,-1.5727338437392595,-1.5725873270996733
-1.7685370741482966,-1.7519735908253133,-1.7369141010381453,-1.7232048176393755,-1.7107101130161655,-1.699310062537616,-1.6888983493862944,-1.6793804809713058,-1.670672269898337,-1.6626985352784678,-1.6553919904462375,-1.6486922876255874,-1.642545193950374,-1.6369018800763613,-1.6317183036389697,-1.6269546734458284,-1.6225749824341251,-1.6185465994845343,-1.6148399132580629,-1.6114280164160972,-1.6082864290772276,-1.605392855165992,-1.6027269660237347,-1.6002702083073994,-1.5980056331938626,-1.5959177445994566,-1.5939923633320456,-1.592216505494782,-1.5905782732980485,-1.5890667569385823,-1.5876719472145615,-1.5863846559437722,-1.5851964439513635,-1.5840995564964349,-1.5830868645397485,-1.5821518115461946,-1.5812883651764476,-1.5804909734666637,-1.5797545248695413,-1.579074311811223,-1.578445997640697,-1.5778655862892836,-1.5773293946961313,-1.576834027414906,-1.5763763536238724,-1.5759534858531785,-1.5755627606449953,-1.5752017207560474,-1.5748680988181951,-1.5745598024199532,-1.574274900300852,-1.5740116097675552,-1.573768285047205,-1.5735434066308538,-1.5733355714499495,-1.5731434838276366,-1.572965947178656,-1.572801856324482,-1.5726501904606387,-1.5725100066376525
-1.7585170340681362,-1.7428657401743366,-1.7286248274179623,-1.7156516119157164,-1.703820056781063,-1.6930185435852956,-1.6831479695520728,-1.67412012566316,-1.665856313344667,-1.6582861599737608,-1.6513466027501802,-1.644981014482795,-1.6391384483165619,-1.6337729845424531,-1.6288431635376384,-1.6243114921358723,-1.6201440126414608,-1.6163099255473785,-1.6127812597816729,-1.6095325799641569,-1.6065407296078758,-1.6037846045245043,-1.601244951320694,-1.5989041882716828,-1.5967462458497574,-1.5947564248209993,-1.5929212690928842,-1.5912284517710433,-1.5896666727327486,-1.588225566490167,-1.5868956200263178,-1.5856680979201325,-1.5845349745380173,-1.5834888731616683,-1.5825230105859367,-1.5816311468974993,-1.5808075398369978,-1.5800469033702114,-1.5793443698884602,-1.5786954557151287,-1.5780960298007458,-1.5775422849743512,-1.577030711799418,-1.5765580744910603,-1.5761213890969323,-1.5757179033054205,-1.575345078077533,-1.5750005707396102,-1.574682219456014,-1.5743880290460852,-1.5741161578575333,-1.5738649057962995,-1.573632703246669,-1.5734181009299004,-1.5732197605540588,-1.5730364461996376,-1.5728670164159937,-1.5727104169029218,-1.572565673811566,-1.5724318875342587
-1.748496993987976,-1.7337506859634089,-1.7203229073109918,-1.7080817346244992,-1.6969104410700997,-1.6867054852247108,-1.6773747915812691,-1.668836282761285,-1.661016625626753,-1.653850155791529,-1.6472779533796842,-1.6412470464366282,-1.6357097214959795,-1.630622926246049,-1.6259477500377366,-1.6216489708672548,-1.617694659166145,-1.614055830375934,-1.6107061407547827,-1.6076216169608168,-1.604780418425584,-1.602162627349639,-1.599750061698898,-1.5975261087369685,-1.595475576619602,-1.5935845621590286,-1.5918403321945778,-1.590231217161541,-1.588746515311018,-1.5873764064630298,-1.5861118749905783,-1.5849446395897961,-1.5838670896247808,-1.5828722279181824,-1.5819536186476466,-1.5811053400759703,-1.5803219415643162,-1.5795984045202256,-1.5789301067459944,-1.5783127898862834,-1.577742529863259,-1.5772157097156392,-1.5767289948827385,-1.576279310430672,-1.5758638204041542,-1.5754799087158669,-1.575125161751354,-1.5747973523534222,-1.574494425108787,-1.5742144829027087,-1.5739557744736121,-1.573716683059168,-1.5734957158855747,-1.5732914945438827,-1.5731027461156173,-1.5729282949951229,-1.572767055384895,-1.5726180243458427,-1.5724802754340148,-1.5723529528014002
-1.7384769539078158,-1.7246283260778434,-1.712008157430727,-1.70049493850301,-1.6899809689761012,-1.6803705529481252,-1.6715784535176017,-1.6635285714102839,-1.6561528141617967,-1.649390124399682,-1.6431856431946152,-1.637489987580102,-1.6322586240768244,-1.627451324860946,-1.6230316939131741,-1.6189667530375975,-1.6152265791373543,-1.6117839855891762,-1.6086142427527421,-1.6056948291631405,-1.6030052124969243,-1.6005266556853517,-1.5982420440198863,-1.5961357310223765,-1.594193400843156,-1.5924019454796705,-1.5907493544944211,-1.5892246159522594,-1.5878176271690219,-1.5865191142581794,-1.585320560188497,-1.584214139135979,-1.5831926569301726,-1.5822494974680197,-1.5813785738764097,-1.5805742841683552,-1.5798314708872618,-1.5791453844166408,-1.5785116494646647,-1.5779262344439982,-1.5773854236411147,-1.5768857916385985,-1.5764241800248526,-1.5759976759276357,-1.5756035925367606,-1.5752394510748282,-1.574902964376345,-1.574592021765293,-1.574304675157569,-1.5740391263555449,-1.5737937152861177,-1.5735669092655105,-1.573357293060138,-1.5731635597831568,-1.5729845024983482,-1.572819006481615,-1.5726660421176104,-1.5725246583209738,-1.5723939765111166,-1.572273185026105
-1.7284569138276553,-1.715498559475191,-1.7036803955665918,-1.6928909767769866,-1.6830313432018118,-1.6740134108742917,-1.6657585910556056,-1.6581966075028867,-1.6512644823200968,-1.6449056627470295,-1.6390692677892906,-1.6337094363154017,-1.628784760643453,-1.624257793845205,-1.6200946195992902,-1.616264475660075,-1.6127394233193026,-1.609494056515162,-1.606505246178745,-1.6037519123107262,-1.6012148229538616,-1.5988764159452613,-1.5967206397347113,-1.5947328112669972,-1.5928994889170232,-1.5912083589456765,-1.5896481333861279,-1.588208458203047,-1.5868798304499838,-1.5856535235111338,-1.584521520156284,-1.5834764514097286,-1.5825115410449282,-1.581620555581016,-1.5807977586780708,-1.5800378696930764,-1.5793360259345772,-1.5786877483184283,-1.5780889099763047,-1.577535707558524,-1.5770246351313788,-1.5765524601780474,-1.5761162017313213,-1.5757131102126802,-1.5753406491257893,-1.5749964781087142,-1.5746784374884306,-1.5743845340530085,-1.5741129279716735,-1.5738619208315239,-1.5736299445612307,-1.5734155513170653,-1.5732174041177913,-1.5730342682639944,-1.5728650034227252,-1.5727085563306131,-1.5725639540942244,-1.5724302979845877,-1.5723067577523264,-1.5721925663567728
-1.7184368737474949,-1.706361286197744,-1.695339440603417,-1.6852696031789811,-1.676061266069607,-1.6676337217437556,-1.6599148375178203,-1.6528400036371764,-1.6463512293619857,-1.6403963629807394,-1.6349284173920549,-1.6299049852376715,-1.625287729646735,-1.6210419403005176,-1.6171361450436397,-1.613541769207912,-1.6102328359515468,-1.6071857020290419,-1.6043788251012263,-1.6017925559639339,-1.599408954934047,-1.5972116287560292,-1.5951855847312426,-1.5933171002817923,-1.5915936061516587,-1.5900035818789198,-1.5885364616680804,-1.587182549621782,-1.585932943184355,-1.5847794639780977,-1.5837145957773455,-1.5827314278279316,-1.5818236033357376,-1.5809852730041054,-1.5802110526274769,-1.579495984520093,-1.57883550235971,-1.5782253991731583,-1.5776617980561314,-1.5771411253894025,-1.5766600864577163,-1.5762156430244147,-1.5758049928843687,-1.5754255510066382,-1.575074932398569,-1.5747509362395198,-1.574451531411879,-1.5741748431692821,-1.5739191408760917,-1.5736828267885155,-1.5734644256661685,-1.5732625752818572,-1.5730760176329568,-1.5729035908861018,-1.5727442219451198,-1.572596919598255,-1.5724607682247236,-1.5723349219648803,-1.572218599378021,-1.5721110784889076
-1.7084168336673347,-1.697216407385173,-1.6869851125415378,-1.677630571967794,-1.6690704395325264,-1.6612311469154868,-1.654046823833072,-1.6474583690744964,-1.6414126503749074,-1.6358618123633226,-1.6307626767637435,-1.626076221017054,-1.6217671232720654,-1.6178033648286865,-1.6141558815534156,-1.6107982574550985,-1.6077064545851834,-1.604858574386706,-1.6022346470866948,-1.5998164433374185,-1.5975873074163338,-1.5955320087959397,-1.5936366091766916,-1.5918883433967632,-1.590275512623732,-1.5887873886183561,-1.587414127407177,-1.5861466914342879,-1.5849767791658853,-1.583896761418212,-1.582899624170666,-1.5819789162677367,-1.5811287018455777,-1.580343517367395,-1.579618332380101,-1.5789485137878754,-1.578329793262912,-1.5777582375439938,-1.5772302212544063,-1.576742402021561,-1.5762916978106811,-1.5758752660680029,-1.5754904846908908,-1.5751349344719834,-1.5748063831335732,-1.5745027705427923,-1.5742221952201945,-1.573962901905382,-1.573723270117685,-1.573501803683916,-1.5732971210400102,-1.57310794636711,-1.5729331013819066,-1.5727714978092966,-1.5726221304361667,-1.5724840707052536,-1.5723564608303964,-1.5722385083447323,-1.5721294811035222,-1.5720287026503112
-1.6983967935871744,-1.688063825287275,-1.6786172325175008,-1.6699736379489862,-1.6620585651866495,-1.6548053463648562,-1.648154178515879,-1.6420513096980631,-1.6364483362106552,-1.631301593189154,-1.6265716250950222,-1.6222227242789593,-1.618222527304983,-1.6145416613851482,-1.6111534336394158,-1.608033557313234,-1.6051599099148175,-1.6025123190539203,-1.6000723730278508,-1.5978232511288033,-1.5957495730513558,-1.5938372646285066,-1.5920734373551746,-1.5904462803032156,-1.5889449630236674,-1.5875595483732776,-1.5862809137981002,-1.5851006802498189,-1.584011147823432,-1.583005237471712,-1.582076438575281,-1.5812187609572506,-1.580426691190499,-1.5796951530868772,-1.5790194715804913,-1.5783953398173716,-1.5778187891105036,-1.5772861615340208,-1.5767940848255901,-1.5763394493990504,-1.5759193873858035,-1.5755312533411827,-1.5751726066285316,-1.5748411951625625,-1.5745349406135927,-1.5742519247040359,-1.573990376695549,-1.5737486618534016,-1.5735252708301106,-1.5733188099420565,-1.5731279921634236,-1.5729516288911385,-1.5727886223166723,-1.5726379584292962,-1.5724987005583053,-1.5723699834160698,-1.5722510076245229,-1.5721410346438047,-1.572039382122505,-1.5719454195857125
-1.688376753507014,-1.678903443276851,-1.6702356228254045,-1.6622985564965096,-1.65502534428487,-1.6483559786830415,-1.6422365276470636,-1.6366184279723772,-1.6314578734228493,-1.6267152827005869,-1.6223548359026447,-1.6183440694825713,-1.6146535209943873,-1.6112564171295045,-1.6081283988564947,-1.6052472786643996,-1.602592825606192,-1.6001465745308303,-1.5978916569668478,-1.5958126493423443,-1.5938954379870007,-1.5921270985309404,-1.5904957875001446,-1.5889906448909386,-1.5876017064981855,-1.5863198250716775,-1.5851365990178397,-1.5840443079219508,-1.5830358540883411,-1.5821047095338379,-1.581244868230685,-1.580450802362358,-1.5797174224527255,-1.579040041263644,-1.5784143407674012,-1.577836342022844,-1.5773023776511865,-1.5768090667077952,-1.5763532916548806,-1.5759321772563282,-1.5755430713193705,-1.5751835269584322,-1.5748512863897386,-1.5745442659714364,-1.574260542577138,-1.5739983409734613,-1.5737560222866742,-1.5735320733670954,-1.5733250969974102,-1.5731338029203688,-1.5729569995272377,-1.572793586254166,-1.5726425465379574,-1.5725029413525837,-1.5723739032424617,-1.5722546308172864,-1.5721443836923232,-1.5720424777999547,-1.5719482810897731,-1.5718612095408047
-1.6783567134268538,-1.6697351658627013,-1.6618401069388584,-1.6546050835754451,-1.6479704777520703,-1.6418827010778647,-1.6362934948555892,-1.631159322903438,-1.6264408442046576,-1.6221024530036656,-1.61811187692461,-1.6144398247975609,-1.6110596769132932,-1.60794721227298,-1.605080367640398,-1.6024390241899498,-1.6000048181193447,-1.5977609721716828,-1.595692145913536,-1.5937843011074084,-1.5920245816885932,-1.5904012063172768,-1.588903371621491,-1.5875211650801027,-1.5862454864876487,-1.5850679772035314,-1.5839809560752638,-1.5829773614046836,-1.582050698257212,-1.5811949906243086,-1.5804047382529933,-1.5796748770694902,-1.5790007430699011,-1.5783780395794407,-1.5778028072754597,-1.5772713968194356,-1.5767804438292703,-1.576326846009986,-1.5759077421820202,-1.5755204930469782,-1.5751626636218048,-1.574832007054123,-1.5745264498237133,-1.5742440780767581,-1.5739831251680114,-1.5737419601190261,-1.5735190770651561,-1.573313085521224,-1.5731227014162141,-1.5729467388742584,-1.5727841025998113,-1.5726337809080226,-1.5724948392670093,-1.5723664143703044,-1.572247708663834,-1.5721379852951498,-1.572036563470133,-1.5719428141499308,-1.5718561561033664,-1.5717760522456659
-1.6683366733466936,-1.6605588987027362,-1.653430509533581,-1.6468929757658932,-1.6408936662017617,-1.6353851693761476,-1.630324701301706,-1.6256735899998527,-1.6213968263268375,-1.6174626709834805,-1.6138423100142485,-1.610509551979008,-1.6074405608171078,-1.6046136199227616,-1.6020089231409078,-1.5996083891951212,-1.597395496527174,-1.5953551359996228,-1.5934734796585315,-1.5917378624916005,-1.5901366767536202,-1.5886592771559964,-1.5872958953271303,-1.5860375626476906,-1.5848760405580196,-1.583803757658813,-1.5828137526555697,-1.5818996226035802,-1.5810554758498767,-1.580275889252202,-1.579555869506706,-1.578890817664195,-1.5782764967203389,-1.5777090021884306,-1.5771847351332486,-1.576700377527337,-1.5762528696946898,-1.5758393896809957,-1.575457334322263,-1.5751043018697617,-1.5747780761085393,-1.574476611717963,-1.5741980208761668,-1.5739405608855925,-1.5737026228829551,-1.5734827213776836,-1.5732794846800624,-1.5730916460693471,-1.5729180356564962,-1.572757572920633,-1.572609259793151,-1.5724721743246821,-1.57234546481641,-1.5722283444311593,-1.572120086216743,-1.5720200185122453,-1.5719275207237757,-1.571842019409321,-1.5717629846859766,-1.5716899268975384
-1.6583166332665331,-1.6513745486171982,-1.6450066565106178,-1.6391619902879992,-1.6337946099541896,-1.6288630380275995,-1.6243297656614373,-1.6201608212348717,-1.6163253930761292,-1.6127954982191957,-1.609545691033244,-1.6065528062405139,-1.6037957314993763,-1.6012552059231455,-1.5989136410512017,-1.5967549614293384,-1.5947644623292647,-1.5929286825164064,-1.5912352905809315,-1.5896729823083455,-1.5882313887207835,-1.586900993381913,-1.5856730576388587,-1.5845395530482373,-1.5834931002272146,-1.5825269135600146,-1.5816347509593818,-1.5808108682217208,-1.580049977462375,-1.579347209276024,-1.578698078471866,-1.5780984526053106,-1.5775445232040854,-1.5770327796049803,-1.5765599849576095,-1.5761231542723908,-1.5757195343096662,-1.5753465851694166,-1.5750019633843626,-1.5746835063918698,-1.5743892183282666,-1.574117256927975,-1.5738659215267723,-1.5736336419755867,-1.5734189685172917,-1.573220562404753,-1.5730371873108149,-1.5728677013999808,-1.5727110500208064,-1.572566259000011,-1.5724324284277083,-1.572308726963569,-1.5721943865597272,-1.5720886976132407,-1.571991004488503,-1.5719007013832598,-1.5718172285260876,-1.5717400686517184,-1.571668743765637,-1.571602812142933
-1.6482965931863727,-1.6421820236020017,-1.636568375020205,-1.6314118850281716,-1.626673009055973,-1.6223159601103139,-1.6183083041124868,-1.6146206050094303,-1.6112261131940617,-1.6081004908987906,-1.6052215697436152,-1.602569136125508,-1.6001247406449846,-1.5978715286934473,-1.595794089433354,-1.5938783209021223,-1.5921113092608692,-1.590481220506898,-1.58897720345053,-1.5875893019187626,-1.586308375873215,-1.585126030302154,-1.5840345508022877,-1.5830268452286875,-1.582096390785655,-1.581237186088986,-1.5804437075363136,-1.5797108696002875,-1.5790339886147489,-1.5784087497587955,-1.5778311771064402,-1.577297606094577,-1.576804658319639,-1.5763492185873178,-1.5759284138440401,-1.5755395938829986,-1.5751803136518712,-1.5748483170411938,-1.5745415219854615,-1.5742580067692662,-1.5739959974884603,-1.5737538564809246,-1.573530071724223,-1.5733232470344007,-1.5731320931084702,-1.572955419221338,-1.5727921256182418,-1.5726411964910565,-1.5725016935019227,-1.5723727498371602,-1.5722535646958098,-1.5721433982375932,-1.5720415668999792,-1.5719474390947612,-1.5718604312322622,-1.5717800040497907,-1.5717056592335572,-1.5716369362870632,-1.5715734096556446,-1.5715146860590241
-1.6382765531062125,-1.6329812328421809,-1.628115493486272,-1.6236424185664784,-1.6195285633012941,-1.6157435873379187,-1.6122599303216225,-1.609052526116252,-1.6060985508162378,-1.603377199733568,-1.6008694896986833,-1.5985580833767485,-1.596427132680781,-1.594462139062616,-1.5926498285398882,-1.5909780396944817,-1.5894356230968827,-1.5880123508381712,-1.586698835224334,-1.58548645502762,-1.584367289035625,-1.5833340559959976,-1.5823800600906193,-1.581499141437129,-1.5806856311107733,-1.5799343103078436,-1.5792403731127473,-1.578599392553543,-1.5780072895934187,-1.5774603048179308,-1.5769549727037104,-1.5764880979414786,-1.576056733736126,-1.5756581620168781,-1.5752898752530033,-1.5749495597831573,-1.5746350805139413,-1.5743444668853477,-1.574075899962746,-1.5738277005639891,-1.57359831837804,-1.5733863219200648,-1.5731903893187869,-1.5730092997967953,-1.5728419258774267,-1.5726872261597016,-1.5725442386937258,-1.572412074862607,-1.5722899137388482,-1.572176996900194,-1.57207262362365,-1.5719761464778517,-1.5718869672368623,-1.5718045331236405,-1.5717283333387835,-1.5716578958541698,-1.571592784462051,-1.5715325960391369,-1.5714769580337034,-1.5714255261343184
-1.6282565130260522,-1.6237720867254428,-1.6196478416315787,-1.6158533502052512,-1.6123609722546743,-1.6091455700684218,-1.6061842554335897,-1.603456165705075,-1.6009422654121328,-1.5986251698724463,-1.5964889881330324,-1.5945191828039957,-1.5927024446235785,-1.5910265801004724,-1.5894804106312796,-1.5880536817656623,-1.586736981450681,-1.58552166625306,-1.5843997948372086,-1.5833640674731821,-1.5824077713651852,-1.5815247311083573,-1.5807092636020432,-1.579956137025182,-1.5792605334752545,-1.578618014973734,-1.5780244924136202,-1.5774761971979872,-1.5769696552879395,-1.576501663469702,-1.5760692677444743,-1.5756697434231273,-1.5753005768607498,-1.5749594487731493,-1.574644218891968,-1.5743529118814608,-1.5740837043991804,-1.5738349132161018,-1.573604984281714,-1.5733924826582717,-1.573196083287051,-1.573014562460088,-1.572846789992238,-1.5726917219792673,-1.5725483941676515,-1.5724159158065036,-1.5722934640063542,-1.5721802785275871,-1.5720756569710743,-1.5719789503580541,-1.571889559031785,-1.5718069288969307,-1.5717305479326769,-1.5716599429858733,-1.571594676807095,-1.5715343453122368,-1.571478575061563,-1.5714270209221501,-1.5713793639202185,-1.5713353092485403
-1.6182364729458918,-1.6145544968558228,-1.6111652505034935,-1.6080444399989091,-1.6051699352753754,-1.6025215573148173,-1.600080888061633,-1.597831101249076,-1.5957568117254926,-1.5938439408161136,-1.5920795958515084,-1.5904519621498816,-1.588950205925518,-1.587564386945538,-1.5862853797893393,-1.585104802755149,-1.5840149535676742,-1.5830087511579927,-1.5820796829864596,-1.58122175701074,-1.580429458135921,-1.5796977086366797,-1.5790218320505176,-1.578397520243793,-1.5778208033487593,-1.5772880223471972,-1.5767958039779586,-1.5763410377754463,-1.575920855021887,-1.5755326094680586,-1.575173859743827,-1.574842353138962,-1.574536010701299,-1.5742529136038261,-1.573991290592999,-1.5737495064558873,-1.5735260514132794,-1.573319531371258,-1.5731286589409137,-1.5729522451653435,-1.5727891919232302,-1.572638484909154,-1.5724991871850562,-1.5723704332121284,-1.572251423381863,-1.5721414189437994,-1.5720397373479844,-1.5719457479407541,-1.5718588679910315,-1.5717785590363058,-1.5717043234940533,-1.5716357015507512,-1.5715722682768989,-1.5715136309726478,-1.571459426713975,-1.5714093200850312,-1.5713630010899615,-1.5713201832164023,-1.571280601655734,-1.571244011651722
-1.6082164328657313,-1.6053283760674448,-1.6026675525004237,-1.600215448785031,-1.597955151543475,-1.5958711967575123,-1.5939494342796967,-1.5921769065125728,-1.5905417397153976,-1.5890330463310869,-1.5876408371172845,-1.586355941953976,-1.5851699383167766,-1.5840750866293918,-1.583064271726382,-1.582130949779804,-1.5812691001134396,-1.5804731814049395,-1.5797380919101676,-1.5790591330896186,-1.5784319765163992,-1.577852633711025,-1.5773174285496925,-1.5768229720321991,-1.5763661391928878,-1.5759440479938855,-1.575554039967929,-1.5751936624698593,-1.5748606523776494,-1.5745529211375697,-1.5742685410923067,-1.5740057328600612,-1.5737628537235164,-1.5735383869900736,-1.5733309321857079,-1.5731391960341956,-1.5729619841518925,-1.57279819340666,-1.572646804872996,-1.572506877336766,-1.5723775413253163,-1.572257993587867,-1.5721474920207645,-1.5720453509689072,-1.5719509369161861,-1.5718636644877106,-1.5717829927761324,-1.5717084219455146,-1.5716394900946493,-1.571575770371172,-1.5715168682948604,-1.5714624192988844,-1.5714120864493293,-1.571365558346135,-1.5713225471822065,-1.5712827869493435,-1.5712460317856771,-1.5712120544429562,-1.5711806448774563,-1.5711516089424424
-1.5981963927855711,-1.596093638438377,-1.5941545813988862,-1.5923661382166794,-1.5907163200876342,-1.5891941347586236,-1.5877894976163656,-1.586493151520064,-1.585296594498043,-1.5841920143637198,-1.5831722295390105,-1.5822306354150344,-1.5813611556455678,-1.580558197897477,-1.5798166135900766,-1.5791316612259976,-1.57849897295626,-1.577914524067281,-1.5773746051590525,-1.5768757966234266,-1.576414945340448,-1.5759891433670634,-1.5755957083897003,-1.575232165799771,-1.5748962322490958,-1.5745858005793563,-1.5742989259711113,-1.5740338132174763,-1.5737888050148443,-1.5735623712002291,-1.5733530988911462,-1.5731596833728096,-1.5729809197030846,-1.5728156950066678,-1.572662981365342,-1.572521829269714,-1.5723913615838516,-1.5722707679865464,-1.572159299841898,-1.5720562654661348,-1.5719610257729475,-1.5718729902450548,-1.5717916132272738,-1.5717163904929494,-1.571646856091706,-1.571582579424642,-1.5715231625545751,-1.571468237718642,-1.5714174650299293,-1.5713705303617163,-1.5713271433847362,-1.5712870357632682,-1.571249959481756,-1.5712156853039,-1.5711840013475507,-1.5711547117670723,-1.57112763553928,-1.571102605337281,-1.5710794664948193,-1.5710580760451822
-1.588176352705411,-1.586850199304585,-1.585626172381227,-1.5844962707960002,-1.583453139814614,-1.582490016378208,-1.5816006790506298,-1.5807794025267061,-1.5800209162893422,-1.5793203669542486,-1.5786732839571203,-1.5780755482514808,-1.5775233637154489,-1.577013231026338,-1.5765419237639153,-1.5761064665366429,-1.5757041149439437,-1.5753323372094425,-1.5749887973616976,-1.574671339753348,-1.5743779748707059,-1.5741068663117639,-1.5738563188065817,-1.5736247672005015,-1.5734107663193229,-1.5732129816566893,-1.5730301807957585,-1.5728612255102312,-1.572705064482123,-1.5725607265958805,-1.5724273147813939,-1.572304000316703,-1.5721900175720134,-1.5720846591768105,-1.5719872715558167,-1.571897250812346,-1.5718140389298656,-1.57173712026964,-1.5716660183360083,-1.5716002927889938,-1.5715395366930043,-1.5714833739702077,-1.5714314570550962,-1.571383464721088,-1.5713391000832868,-1.571298088744947,-1.5712601770915684,-1.5712251307127687,-1.571192732943445,-1.5711627835200959,-1.5711350973341014,-1.5711095032852518,-1.5710858432180608,-1.5710639709418677,-1.571043751324375,-1.5710250594533361,-1.5710077798639035,-1.5709918058218302,-1.5709770386640625,-1.570963387186759
-1.5781563126252505,-1.5775979752739653,-1.577082162063982,-1.5766056099091077,-1.576165309540564,-1.5757584853924833,-1.575382577009542,-1.5750352219902881,-1.5747142403483978,-1.5744176201509061,-1.5741435043292946,-1.573890178560087,-1.5736560601198812,-1.5734396876371954,-1.5732397116631787,-1.5730548859929683,-1.5728840596747358,-1.5727261696500736,-1.5725802339828727,-1.572445345604206,-1.5723206665547034,-1.572205422681467,-1.572098898744028,-1.5720004338998128,-1.5719094175390043,-1.5718252854466062,-1.5717475162587164,-1.5716756281919735,-1.5716091760220632,-1.571547748295976,-1.5714909647666337,-1.5714384740160168,-1.5713899512591731,-1.5713450963213706,-1.571303631767454,-1.5712653011745528,-1.571229867536468,-1.5711971117907544,-1.5711668314571121,-1.571138839378788,-1.5711129625622282,-1.5710890411024279,-1.5710669271922912,-1.5710464842042549,-1.5710275858455238,-1.5710101153739113,-1.5709939648755644,-1.5709790345965464,-1.5709652323246668,-1.570952472819788,-1.5709406772851413,-1.5709297728808824,-1.5709196922726933,-1.5709103732157652,-1.570901758169868,-1.5708937939432708,-1.5708864313644466,-1.5708796249774775,-1.5708733327617477,-1.5708675158717806
-1.5681362725450902,-1.568336884240485,-1.5685223885268993,-1.5686939198622907,-1.56885252802414,-1.5689991843141133,-1.5691347873678585,-1.5692601685448202,-1.5693760969219612,-1.5694832839242099,-1.5695823876151727,-1.5696740166729166,-1.5697587340740573,-1.5698370605058374,-1.5699094775263371,-1.5699764304909425,-1.570038331262189,-1.5700955607186138,-1.570148471074787,-1.5701973880330893,-1.57024261277325,-1.5702844237921005,-1.570323078607186,-1.570358815333423,-1.5703918541421966,-1.570422398609818,-1.570450636965732,-1.5704767432472804,-1.5705008783688639,-1.5705231911103905,-1.5705438190290255,-1.5705628893050785,-1.5705805195247164,-1.5705968184023018,-1.5706118864491907,-1.5706258165920988,-1.570638694745009,-1.5706506003377225,-1.570661606804924,-1.5706717820386598,-1.570681188805937,-1.5706898851357163,-1.570697924675975,-1.5707053570248763,-1.5707122280356958,-1.5707185800999355,-1.5707244524083117,-1.570729881192365,-1.5707348999480146,-1.5707395396416994,-1.5707438289017133,-1.57074779419436,-1.570751459987439,-1.5707548489009882,-1.5707579818467912,-1.5707608781574653,-1.5707635557055115,-1.5707660310137859,-1.5707683193571955,-1.5707704348570954
-1.55811623246493,-1.5590668453983898,-1.5599466913425966,-1.5607609659195305,-1.561514494001478,-1.5622117544146101,-1.5628569034497357,-1.5634537969757976,-1.5640060111899354,-1.5645168620814722,-1.5649894236603294,-1.5654265450125182,-1.565830866243955,-1.5662048333687513,-1.5665507122017719,-1.5668706013121858,-1.5671664440938067,-1.5674400400050186,-1.567693055021002,-1.5679270313702665,-1.568143396580834,-1.5683434718812304,-1.568528480008206,-1.5686995524579388,-1.5688577362184923,-1.5690040000112706,-1.56913924008382,-1.5692642855825332,-1.5693799035385383,-1.569486803486989,-1.5695856417383733,-1.5696770253468595,-1.5697615157881177,-1.5698396323599844,-1.5699118553350118,-1.5699786288793223,-1.570040363755473,-1.5700974398234375,-1.5701502083570158,-1.5701989941889143,-1.5702440976926697,-1.570285796620437,-1.5703243478002513,-1.5703599887109168,-1.5703929389335762,-1.5704234014997829,-1.5704515641352152,-1.570477600411514,-1.5705016708125221,-1.5705239237180513,-1.5705444963171797,-1.570563515449564,-1.5705810983863953,-1.5705973535507909,-1.5706123811846668,-1.5706262739659531,-1.5706391175780001,-1.5706509912380293,-1.5706619681837632,-1.5706721161251673
-1.5480961923847696,-1.5497877792564925,-1.5513549116068717,-1.5528065143413612,-1.5541509062230672,-1.5553958357489202,-1.556548516032571,-1.5576156581972556,-1.5586035032120351,-1.5595178521816235,-1.5603640950795916,-1.5611472379454099,-1.5618719285726264,-1.562542480725459,-1.5631628969297402,-1.5637368898892618,-1.5642679025833015,-1.5647591271024626,-1.5652135222728,-1.565633830152139,-1.56602259143776,-1.5663821598416472,-1.5667147155032228,-1.5670222774928635,-1.5673067154613884,-1.567569760475959,-1.5678130151053609,-1.5680379627989278,-1.568245976611284,-1.5684383273036375,-1.5686161908539276,-1.568780655444594,-1.5689327279495497,-1.569073339944213,-1.5692033532843446,-1.5693235652786761,-1.5694347134848674,-1.5695374801527715,-1.5696324963439163,-1.569720345749938,-1.5698015682245565,-1.569876663060773,-1.5699460920203816,-1.5700102821463997,-1.5700696283579523,-1.570124495860748,-1.5701752223728234,-1.5702221201866655,-1.5702654780790057,-1.570305563073939,-1.5703426220800791,-1.570376883399567,-1.5704085581290734,-1.570437841452742,-1.5704649138393627,-1.5704899421507033,-1.5705130806643186,-1.5705344720229206,-1.5705542481089199,-1.5705725308563356
-1.5380761523046091,-1.5404996076525477,-1.5427468919696643,-1.544830332425094,-1.54676146349257,-1.5485510671822718,-1.550209213353078,-1.551745299230705,-1.5531680878756968,-1.554485745450436,-1.5557058771397532,-1.556835561633885,-1.5578813841037027,-1.5588494676370022,-1.5597455031194873,-1.5605747775652035,-1.5613422009162905,-1.5620523313427954,-1.5627093990777492,-1.5633173288459574,-1.56387976093373,-1.5644000709461885,-1.5648813883204513,-1.5653266136536808,-1.5657384349077839,-1.5661193425359752,-1.5664716436035937,-1.5667974749570857,-1.5670988155056913,-1.5673774976523247,-1.5676352179185868,-1.5678735468461142,-1.5680939382042922,-1.5682977375385447,-1.5684861901161384,-1.5686604483042819,-1.5688215784199528,-1.56897056708414,-1.5691083271191595,-1.5692357030203636,-1.5693534760232244,-1.5694623688079845,-1.5695630498530209,-1.5696561374782487,-1.5697422035796995,-1.5698217770996103,-1.5698953472333095,-1.5699633664015504,-1.5700262530046163,-1.5700843939664522,-1.5701381470975218,-1.570187843274029,-1.5702337884615325,-1.5702762655833449,-1.5703155362509644,-1.5703518423665295,-1.5703854076021113,-1.5704164387729773,-1.5704451271030608,-1.5704716493999065
-1.528056112224449,-1.5312022537676884,-1.5341224766666588,-1.5368321885464074,-1.5393458647076266,-1.5416770864193445,-1.5438385811156896,-1.5458422631860578,-1.5476992748453415,-1.549420026696234,-1.551014237641758,-1.5524909738861725,-1.5538586868021216,-1.5551252495205354,-1.556297992121419,-1.55738373534715,-1.5583888227892635,-1.5593191515245548,-1.5601802012002304,-1.5609770615660343,-1.5617144585025726,-1.562396778563465,-1.563028092079054,-1.5636121748756717,-1.564152528668236,-1.5646524001684177,-1.5651147989791343,-1.5655425143329025,-1.5659381307444427,-1.5663040426150532,-1.566642467845175,-1.566955460540573,-1.5672449228498624,-1.5675126159777026,-1.5677601704363398,-1.5679890955792144,-1.5682007884640299,-1.56839654208546,-1.5685775530240456,-1.5687449285502546,-1.5688996932110144,-1.5690427949492727,-1.5691751107723322,-1.5692974520192615,-1.5694105692312381,-1.5695151566781995,-1.5696118565457915,-1.5697012628176854,-1.5697839248746401,-1.569860350821233,-1.5699310105762019,-1.5699963387243763,-1.5700567371654477,-1.5701125775607414,-1.5701642035998689,-1.5702119331003417,-1.5702560599464557,-1.570296855889456,-1.5703345722069932,-1.570369441244008
-1.5180360721442887,-1.5218956421409342,-1.5254815115515354,-1.5288118522023264,-1.531903808902682,-1.5347735300358314,-1.5374362025033768,-1.539906089244644,-1.5421965685130978,-1.5443201742261885,-1.5462886368024151,-1.5481129240049902,-1.5498032813720692,-1.551369271939979,-1.5528198149942412,-1.5541632236539467,-1.5554072411416253,-1.5565590756332957,-1.5576254336336561,-1.558612551781148,-1.5595262271277903,-1.5603718458641533,-1.561154410498422,-1.561878565528087,-1.562548621647609,-1.563168578523799,-1.5637421461971508,-1.564272765164266,-1.5647636252111317,-1.565217683031139,-1.5656376786944362,-1.5660261510472206,-1.5663854520855391,-1.5667177603577263,-1.5670250934584662,-1.5673093196662384,-1.5675721687775293,-1.567815242184243,-1.5680400222468718,-1.568247881009081,-1.5684400882873049,-1.5686178191920417,-1.5687821611017836,-1.568934120147043,-1.5690746272122083,-1.56920454351543,-1.5693246657743507,-1.5694357309980176,-1.569538420931427,-1.5696333661663544,-1.5697211499609136,-1.5698023117666524,-1.5698773505050176,-1.569946727595402,-1.570010869761007,-1.5700701716286627,-1.5701249981304466,-1.5701756867337933,-1.5702225494980324,-1.57026587498416
-1.5080160320641283,-1.5125796986837599,-1.5168238441288646,-1.5207690940556082,-1.5244349952938885,-1.5278400335124709,-1.5310016581909816,-1.5339363126444339,-1.5366594679511019,-1.5391856597633047,-1.5415285271357422,-1.5437008526345406,-1.5457146030721451,-1.5475809703926935,-1.5493104122669816,-1.5509126920575864,-1.5523969178806512,-1.5537715805540295,-1.5550445903041332,-1.556223312012861,-1.557314599038617,-1.5583248255175148,-1.5592599170975134,-1.560125380118307,-1.560926329255723,-1.5616675136445437,-1.562353341514792,-1.5629879033882421,-1.5635749938978145,-1.5641181322555355,-1.5646205814443792,-1.5650853661958686,-1.5655152898039302,-1.565912949838521,-1.5662807528169438,-1.5666209278916714,-1.5669355396120874,-1.5672264998115357,-1.5674955786763511,-1.5677444150482234,-1.5679745259996845,-1.568187315743326,-1.5683840839014116,-1.5685660331986915,-1.56873427659117,-1.5688898438956174,-1.5690336879325806,-1.569166690227332,-1.569289666300294,-1.5694033705633832,-1.5695085008704428,-1.5696057027219337,-1.5696955731716002,-1.5697786644387086,-1.5698554872561048,-1.5699265139733192,-1.5699921814240854,-1.5700528935894715,-1.5701090240546398,-1.5701609182904885
-1.497995991983968,-1.503254350694727,-1.5081493235876449,-1.5127036859805485,-1.516939123326119,-1.5208762312716233,-1.5245345263611774,-1.5279324646675942,-1.5310874668654972,-1.5340159483642037,-1.5367333533340066,-1.5392541916060023,-1.5415920775277645,-1.5437597700921388,-1.5457692136958026,-1.5476315790183395,-1.5493573035991521,-1.5509561317755305,-1.5524371537652826,-1.5538088435244253,-1.5550790953962343,-1.5562552593777716,-1.5573441748838601,-1.5583522029855907,-1.5592852571076055,-1.5601488321731822,-1.5609480321984721,-1.5616875963683334,-1.5623719236428921,-1.563005095907793,-1.5635908997505839,-1.5641328468986677,-1.5646341933742196,-1.5650979574384731,-1.5655269363728919,-1.5659237221620752,-1.5662907161378292,-1.5666301426394316,-1.5669440617489694,-1.5672343811577578,-1.5675028672097475,-1.5677511551841639,-1.5679807588503427,-1.5681930793610375,-1.5683894135031393,-1.5685709613729,-1.568738833494492,-1.568894057429256,-1.569037583912262,-1.5691702925354862,-1.5692929970307063,-1.5694064501541716,-1.5695113482259602,-1.5696083353293104,-1.5696980072038789,-1.5697809148552149,-1.5698575678913849,-1.5699284376222296,-1.5699939599195227,-1.5700545378735142
-1.4879759519038076,-1.4939195268741574,-1.49945780083547,-1.504615401110208,-1.5094158927221268,-1.5138817567164515,-1.5180343827231308,-1.5218940726304708,-1.5254800535522477,-1.528810498337818,-1.531902552148566,-1.5347723637815671,-1.5374351205408017,-1.5399050857464844,-1.542195638015525,-1.544319311613449,-1.5462878372856765,-1.5481121830862792,-1.5498025948839482,-1.551368635999974,-1.552819225969803,-1.5541626781599613,-1.5554067360318462,-1.5565586079839921,-1.5576250007129075,-1.5586121510497952,-1.5595258562305616,-1.5603715026113643,-1.5611540928588943,-1.561878271611226,-1.5625483496970594,-1.5631683269128034,-1.5637419134167136,-1.5642725498207424,-1.564763426011979,-1.5652174987734133,-1.5656375082635057,-1.5660259934118272,-1.56638530628996,-1.5667176255172335,-1.5670249687532343,-1.5673092043386585,-1.5675720621243276,-1.5678151435562115,-1.5680399310427524,-1.5682477966715713,-1.5684400103016012,-1.5686177470796998,-1.5687820944234605,-1.568934058492435,-1.5690745702050002,-1.569204490805353,-1.5693246170380153,-1.5694356859371585,-1.5695383792680673,-1.5696333276460936,-1.5697211143456116,-1.5698022788385415,-1.5698773200611271,-1.569946699448448
-1.4779559118236474,-1.4845751573388721,-1.4907491285333483,-1.496504013885107,-1.5018650035339245,-1.5068562422728162,-1.5115008005340145,-1.5158206598761634,-1.5198367108549171,-1.5235687611651285,-1.5270355522706112,-1.530254782897101,-1.5332431378965097,-1.5360163213331361,-1.5385890926857704,-1.5409753052592383,-1.5431879460270377,-1.5452391762617934,-1.547140372516498,-1.5489021672136587,-1.5505344888019477,-1.5520466011048881,-1.5534471415498463,-1.5547441581540244,-1.5559451451540585,-1.5570570771982708,-1.5580864420050482,-1.5590392714735568,-1.5599211712497238,-1.5607373487218619,-1.5614926395372326,-1.562191532593697,-1.5628381935682831,-1.5634364870708661,-1.563989997434,-1.5645020482123424,-1.5649757204491745,-1.5654138697681215,-1.565819142347615,-1.566193989840163,-1.5665406832942548,-1.566861326137477,-1.5671578662680576,-1.5674321073223163,-1.5676857191528433,-1.5679202475821241,-1.568137123466008,-1.568337671116555,-1.5685231161310456,-1.5686945926523552,-1.5688531501212157,-1.568999759527832,-1.5691353192239539,-1.5692606603050918,-1.5693765516031912,-1.5694837043181902,-1.5695827763025614,-1.5696743760422716,-1.5697590663334373,-1.569837367697917
-1.467935871743487,-1.4752211736369552,-1.482023161131137,-1.4883693001033598,-1.494286156196383,-1.499799319433923,-1.5049333506234355,-1.5097117457697855,-1.5141569161245294,-1.518290181420066,-1.5221317742119067,-1.5257008534034873,-1.5290155251677293,-1.5320928698691596,-1.5349489736316475,-1.537598963426503,-1.5400570447029909,-1.5423365407431073,-1.5444499331754276,-1.546408902688397,-1.5482243698633091,-1.5499065356327466,-1.5514649209357838,-1.5529084053826103,-1.5542452647526774,-1.5554832072008928,-1.5566294080116794,-1.5576905428553072,-1.558672819516883,-1.5595820080466931,-1.560423469424602,-1.5612021826382585,-1.5619227702382694,-1.562589522465238,-1.5632064199337563,-1.5637771549492303,-1.5643051515110364,-1.56479358405949,-1.5652453950205854,-1.5656633112119032,-1.56604985917329,-1.5664073794755011,-1.5667380400619892,-1.5670438486889549,-1.5673266645082065,-1.567588208852786,-1.5678300752692613,-1.5680537388454558,-1.568260564885441,-1.5684518169600505,-1.568628664395864,-1.5687921892136885,-1.5689433925805847,-1.5690832007878506,-1.5692124707979194,-1.569331995391657,-1.5694425079317715,-1.5695446867894116,-1.5696391594339965,-1.5697265062330394
-1.4579158316633267,-1.4658575087625727,-1.4732797549036196,-1.4802110369723025,-1.486679051583139,-1.492710618807841,-1.498331601420933,-1.5035668456965827,-1.5084401411816835,-1.5129741966917267,-1.5171906301856684,-1.5211099703067503,-1.5247516675164368,-1.528134113177582,-1.5312746649789062,-1.534189677349048,-1.5368945356728554,-1.539403693306147,-1.5417307106859643,-1.543888295343892,-1.5458883426957988,-1.5477419769850265,-1.549459591820684,-1.551050890050867,-1.552524922723782,-1.5538901269607854,-1.5551543625081115,-1.5563249468841938,-1.5574086890542118,-1.5584119215507748,-1.5593405311326076,-1.5601999878177573,-1.5609953723544248,-1.5617314022300612,-1.5624124561728516,-1.5630425972225397,-1.5636255944180735,-1.5641649431573998,-1.5646638842778446,-1.565125421920619,-1.565552340248679,-1.5659472190633532,-1.5663124483834188,-1.5666502420473618,-1.5669626503943033,-1.5672515720763278,-1.5675187650568032,-1.5677658568414115,-1.5679943539987293,-1.5682056510017355,-1.5684010384547526,-1.5685817107209736,-1.5687487730167868,-1.5689032479883904,-1.5690460818159246,-1.569178149879656,-1.5693002620055645,-1.5694131673408047,-1.5695175588600547,-1.5696140775527605
-1.4478957915831663,-1.456484097170807,-1.4645187679871914,-1.4720290031615908,-1.479043391064814,-1.4855897701679392,-1.4916951189866268,-1.4973854710630108,-1.5026858522810405,-1.5076202375080292,-1.5122115239876686,-1.5164815190070213,-1.5204509394926489,-1.524139421649543,-1.527565538783465,-1.530746825725213,-1.533699808453866,-1.5364400377217209,-1.5389821258323393,-1.5413397851335335,-1.5435258680441095,-1.5455524078542133,-1.5474306595997134,-1.54917114066921,-1.550783670817262,-1.5522774113516749,-1.5536609031795188,-1.5549421035856656,-1.5561284216305977,-1.5572267520526346,-1.5582435077631935,-1.559184650699798,-1.5600557210983974,-1.5608618652902986,-1.561607861941944,-1.5622981468141293,-1.5629368360800724,-1.563527748253964,-1.564074424770945,-1.5645801492809712,-1.5650479657312553,-1.56548069527248,-1.5658809520615056,-1.5662511580148635,-1.566593556580654,-1.5669102255718954,-1.5672030891277635,-1.5674739288460984,-1.567724394148987,-1.5679560119159848,-1.568170195450137,-1.5683682527966676,-1.568551394481901,-1.5687207406913515,-1.5688773279340942,-1.5690221152309962,-1.569155989845807,-1.5692797726127476,-1.569394222862751,-1.569500043001365
-1.437875751503006,-1.447100874792533,-1.4557400604171766,-1.4638229788578085,-1.4713788765696234,-1.4784364025063534,-1.4850234670451647,-1.4911671293009592,-1.496893510078379,-1.5022277272609939,-1.507193850877741,-1.511814875136473,-1.5161127048307563,-1.5201081540023034,-1.5238209547552672,-1.5272697744122825,-1.5304722393910848,-1.5334449644058974,-1.5362035859934364,-1.5387627986698407,-1.5411363934751128,-1.5433372980008775,-1.5453776170502649,-1.5472686734992949,-1.549021048946116,-1.5506446238544551,-1.5521486167851446,-1.5535416225408942,-1.5548316490601342,-1.5560261529074768,-1.5571320734435592,-1.558155865358913,-1.5591035296302833,-1.5599806430081529,-1.5607923859130102,-1.5615435688150492,-1.562238657126621,-1.5628817946537468,-1.5634768256381881,-1.5640273154501791,-1.5645365700117975,-1.5650076539734756,-1.5654434077259478,-1.5658464632933793,-1.5662192591886483,-1.5665640542616193,-1.5668829406198683,-1.5671778556605835,-1.5674505932803608,-1.5677028143007117,-1.5679360561741698,-1.5681517419961906,-1.568351188890913,-1.568535615793544,-1.5687061506779678,-1.5688638372701869,-1.5690096412682737,-1.5691444561253676,-1.5692691083992287,-1.5693843627240698
-1.4278557114228458,-1.4377077790493036,-1.4469434941657517,-1.455592745820582,-1.4636852106463971,-1.4712501440905488,-1.4783162070230762,-1.4849113238752483,-1.4910625696003574,-1.4967960821337838,-1.502136997461794,-1.507109404396307,-1.5117363162433255,-1.5160396570330905,-1.5200402599763665,-1.5237578761136,-1.527211191318623,-1.5304178500604575,-1.5333944847674528,-1.536156748838032,-1.5387193529846694,-1.541096103857638,-1.543299943936542,-1.5453429921622364,-1.5472365848008771,-1.5489913161799693,-1.5506170787912017,-1.5521231025311955,-1.553517992859148,-1.5548097676776114,-1.5560058930105372,-1.5571133170752198,-1.5581385028017103,-1.5590874589105728,-1.5599657693811284,-1.560778621381358,-1.5615308316766272,-1.562226871556588,-1.5628708903003041,-1.5634667372360647,-1.5640179824809264,-1.564527936367301,-1.5649996676489821,-1.5654360205216615,-1.5658396305534876,-1.56621293954173,-1.566558209389212,-1.5668775350332513,-1.5671728564986627,-1.5674459701159633,-1.5676985389684517,-1.567932102599282,-1.5681480860462538,-1.5683478082312834,-1.5685324897542405,-1.5687032601347708,-1.568861164524478,-1.5690071699486476,-1.5691421710825637,-1.5692669956205887
-1.4178356713426854,-1.4283047488682596,-1.4381289331804723,-1.4473380874402144,-1.4559620965300646,-1.4640306225230724,-1.4715728980896645,-1.4786175542945692,-1.4851924802171756,-1.4913247110297005,-1.497040341574511,-1.502364462392921,-1.5073211152124446,-1.5119332653688047,-1.5162227886132076,-1.5202104700582946,-1.5239160132120158,-1.5273580573031882,-1.5305542015852631,-1.5335210343973464,-1.5362741665914292,-1.5388282681195395,-1.5411971066001444,-1.543393587232576,-1.545429793449674,-1.547317027877444,-1.5490658529895465,-1.550686131168444,-1.552187063889516,-1.553577229789533,-1.554864621682033,-1.5560566820205946,-1.5571603368569225,-1.5581820284052557,-1.5591277459952786,-1.5600030554794786,-1.560813127097903,-1.5615627618310073,-1.5622564162472203,-1.562898225896688,-1.5634920273410764,-1.5640413788090433,-1.5645495795803732,-1.5650196881209555,-1.5654545390799603,-1.5658567591478985,-1.566228781884627,-1.5665728615426817,-1.5668910859622498,-1.567185388582321,-1.5674575596294846,-1.5677092565220618,-1.5679420135560456,-1.5681572509044193,-1.5683562829801965,-1.5685403262097959,-1.5687105062408495,-1.5688678646459848,-1.5690133651294076,-1.5691478992965748
-1.4078156312625252,-1.4188917246970407,-1.4292962434234073,-1.4390587887968547,-1.4482092382096474,-1.4567774648045793,-1.4647930972015628,-1.4722853161260205,-1.4792826856183054,-1.4858130155032994,-1.4919032521628852,-1.49757939447338,-1.5028664317786762,-1.507788301211572,-1.512367861623013,-1.5166268816734492,-1.5205860398314954,-1.5242649342876986,-1.5276821013121131,-1.5308550395696892,-1.5338002399171422,-1.5365332193203054,-1.5390685575360845,-1.5414199358173908,-1.5436001769233003,-1.5456212859279288,-1.5474944911014783,-1.5492302845108272,-1.5508384619876148,-1.5523281621770029,-1.5537079047148965,-1.5549856269317455,-1.5561687191212636,-1.5572640584845776,-1.5582780414776045,-1.5592166146205628,-1.5600853037562974,-1.5608892417777032,-1.561633194815459,-1.5623215869311289,-1.5629585234101198,-1.5635478126238183,-1.564092986575022,-1.5645973201337349,-1.5650638490917237,-1.5654953870144985,-1.5658945410163696,-1.5662637264752146,-1.5666051807679473,-1.5669209760746723,-1.5672130313098098,-1.5674831232250714,-1.5677328967486042,-1.567963874596881,-1.5681774662098982,-1.568374976059277,-1.5685576113551063,-1.5687264892151485,-1.5688826433052105,-1.5690270300128157
-1.3977955911823647,-1.4094686485187065,-1.4204452929108584,-1.4307546367212038,-1.4404263404988027,-1.4494902974002237,-1.4579763591510972,-1.4659141010134273,-1.473332623791493,-1.4802603896938318,-1.4867250891707686,-1.4927535355603245,-1.498371584327716,-1.5036040740801893,-1.508474786454247,-1.5130064222486015,-1.5172205913559826,-1.5211378143124952,-1.5247775338372953,-1.5281581336151844,-1.5312969637530005,-1.5342103713939508,-1.5369137349536686,-1.5394215011199588,-1.5417472237846792,-1.5439036043221128,-1.545902532366019,-1.547755126663292,-1.5494717755782754,-1.5510621769095116,-1.5525353770486032,-1.5538998087695777,-1.5551633276764711,-1.5563332474168732,-1.5574163733305846,-1.5584190345833273,-1.5593471147538738,-1.5602060808826606,-1.5610010109556967,-1.561736619860979,-1.5624172839162311,-1.5630470639144285,-1.5636297268128199,-1.5641687660551529,-1.5646674206737576,-1.5651286931274722,-1.5655553660188164,-1.5659500176969186,-1.5663150368317398,-1.5666526360111013,-1.5669648644145915,-1.5672536196170697,-1.5675206585829895,-1.5677676078935439,-1.5679959732569548,-1.5682071483544728,-1.568402423049677,-1.5685829910264866,-1.5687499568668937,-1.5689043426320626
-1.3877755511022045,-1.4000354638666468,-1.4115759517536648,-1.4224254198567712,-1.4326131091089604,-1.4421687463095028,-1.4511222366185814,-1.4595033966996014,-1.4673417270052234,-1.47466622026121,-1.4815052034246265,-1.487886209986476,-1.4938358793748425,-1.4993798805474694,-1.5045428567410948,-1.5093483885924417,-1.5138189730075748,-1.5179760154190185,-1.521839833651443,-1.5254296703942027,-1.5287637136115217,-1.5318591232212042,-1.5347320623216552,-1.5373977319873418,-1.5398704086820634,-1.5421634836218416,-1.5442895031119865,-1.5462602093619937,-1.5480865812730322,-1.5497788748054164,-1.551346662934063,-1.5527988743641825,-1.5541438310221258,-1.5553892844244366,-1.5565424505315042,-1.557610043124786,-1.558598305655574,-1.5595130415593321,-1.5603596429899838,-1.561143118002061,-1.561868116283536,-1.5625389533603402,-1.5631596334103446,-1.5637338706568344,-1.5642651095076363,-1.5647565433704673,-1.565211132306871,-1.5656316195196776,-1.566020546763972,-1.5663802687366581,-1.56671296649343,-1.5670206599543846,-1.5673052195554142,-1.5675683770932394,-1.5678117358137038,-1.5680367797988293,-1.5682448826820152,-1.5684373157582585,-1.5686152555028507,-1.568779790563378
-1.377755511022044,-1.3905921158394843,-1.4026880921980824,-1.4140709287236848,-1.4247692507250942,-1.4348124371396398,-1.4442302802286902,-1.4530526870527347,-1.4613094217948568,-1.4690298863247073,-1.476242936520683,-1.4829767313288835,-1.4892586113472621,-1.495115003973536,-1.5005713519919173,-1.5056520626815784,-1.5103804746663168,-1.5147788399783422,-1.5188683194110568,-1.5226689879154027,-1.5261998492634437,-1.5294788581601517,-1.532522947897051,-1.5353480624412197,-1.5379691918852691,-1.5404004105046103,-1.5426549163131278,-1.5447450715420024,-1.5466824434519395,-1.5484778450290353,-1.5501413755468392,-1.551682460044749,-1.553109887722581,-1.5544318493475802,-1.55565597321359,-1.5567893596782532,-1.5578386142037741,-1.558809878879328,-1.559708862358078,-1.5605408682258601,-1.5613108219080523,-1.562023296007521,-1.5626825342239565,-1.5632924738025964,-1.563856766699227,-1.564378799363882,-1.5648617113257268,-1.5653084125610663,-1.565721599738749,-1.5661037714017088,-1.5664572421271155,-1.566784155735548,-1.5670864976012604,-1.5673661061176798,-1.5676246833665888,-1.5678638050493858,-1.5680849297116335,-1.5682894073289095,-1.5684784872701067,-1.568653325703845
-1.3677354709418839,-1.3811385511159664,-1.3937815886672351,-1.4056909557840702,-1.4168944730841797,-1.42742099518261,-1.4373000386110595,-1.446561452097115,-1.4552351289526608,-1.4633507594046264,-1.4709376207136853,-1.4780244022431104,-1.484639062364488,-1.4908087142351178,-1.49655953727166,-1.5019167113012633,-1.506904370475053,-1.511545574266241,-1.5158622934898882,-1.5198754078693353,-1.5236047142591107,-1.527068943560526,-1.5302857842369206,-1.5332719111913033,-1.5360430188042407,-1.5386138572903036,-1.5409982711255639,-1.5432092388875196,-1.5452589138282002,-1.547158664670948,-1.5489191165840417,-1.5505501912536752,-1.5520611460386613,-1.5534606122940724,-1.5547566323331476,-1.5559566950379948,-1.5570677700201276,-1.558096340291039,-1.5590484333523476,-1.559929650710151,-1.5607451959234344,-1.5614999010486674,-1.5621982516438602,-1.5628444102556736,-1.5634422385984208,-1.5639953182964417,-1.5645069703936452,-1.564980273597695,-1.5654180813572294,-1.5658230378345894,-1.5661975928090697,-1.5665440155909804,-1.5668644079924858,-1.5671607164160888,-1.5674347431075448,-1.5676881566344676,-1.5679225016236797,-1.5681392078261371,-1.5683395985285018,-1.5685248983775157
-1.3577154308617234,-1.3716747179698192,-1.3848563178031092,-1.3972852955089878,-1.4089884850563623,-1.4199940454958864,-1.4303310584652476,-1.4400291680483484,-1.4491182635219537,-1.4576282033671641,-1.4655885788074952,-1.4730285142975257,-1.47997650201686,-1.4864602674508915,-1.4925066628781747,-1.498141585677941,-1.5033899184341362,-1.5082754880263105,-1.5128210415167727,-1.5170482351471173,-1.520977635433783,-1.5246287302610024,-1.5280199476925114,-1.5311686811305867,-1.534091319489174,-1.5368032814493953,-1.5393190524067437,-1.5416522233637868,-1.5438155309947845,-1.5458208983106838,-1.5476794758440868,-1.5494016821440906,-1.5509972435433625,-1.5524752332732017,-1.553844109321979,-1.5551117510298231,-1.5562854942940312,-1.5573721653255523,-1.5583781128406344,-1.5593092386782355,-1.5601710269559712,-1.5609685715933064,-1.5617066023786341,-1.562389509476998,-1.5630213666104695,-1.5636059527489081,-1.5641467725373641,-1.5646470754116597,-1.5651098735044813,-1.5655379584082483,-1.5659339168211823,-1.5663001451674492,-1.5666388632301596,-1.5669521268652955,-1.5672418398411607,-1.5675097648674503,-1.5677575338488658,-1.5679866574325672,-1.5681985338717217,-1.5683944572714288
-1.3476953907815632,-1.3622005662845864,-1.375912158509106,-1.3888537444469546,-1.4010509967288993,-1.412531212987011,-1.4233228846302182,-1.4334553073533005,-1.4429582347955998,-1.4518615743727243,-1.4601951240477535,-1.4679883478079185,-1.47527018714237,-1.4820689057029592,-1.4884119640124525,-1.4943259211035298,-1.4998363599857936,-1.5049678340208468,-1.5097438318995247,-1.5141867573437005,-1.5183179223963144,-1.5221575520688817,-1.5257247978850172,-1.5290377588117103,-1.5321135081114312,-1.5349681250917948,-1.5376167302150794,-1.540073522729853,-1.54235181995221,-1.5444640975609762,-1.546422030788514,-1.5482365351599867,-1.5499178067207728,-1.5514753618137092,-1.5529180757243455,-1.5542542201669318,-1.5554914994570301,-1.5566370852892073,-1.5576976499764508,-1.5586793981261993,-1.5595880968682672,-1.5604291044272345,-1.5612073972297305,-1.5619275954140437,-1.5625939869984675,-1.5632105505094915,-1.5637809763197394,-1.5643086866297309,-1.564796854199552,-1.56524841990055,-1.56566610910373,-1.566052447007009,-1.5664097729318571,-1.5667402536650454,-1.5670458958873905,-1.5673285577563865,-1.5675899596795468,-1.567831694347851,-1.5680552360550073,-1.5682619493685452
-1.3376753507014028,-1.352716047568417,-1.3669489919931181,-1.3803961012940311,-1.3930817194928968,-1.4050321225020792,-1.416275060158496,-1.4268393387349565,-1.4367544463191078,-1.4460502208279487,-1.4547565600168775,-1.4629031716726542,-1.4705193616019534,-1.4776338567545388,-1.4842746604427615,-1.4904689365513262,-1.496242919587946,-1.5016218475691625,-1.506629915334472,-1.5112902442452152,-1.5156248670005932,-1.5196547252214747,-1.5233996771622311,-1.526878513903638,-1.5301089824244019,-1.533107814435485,-1.5358907592893785,-1.5384726200313006,-1.5408672916165798,-1.5430878005926816,-1.5451463460849624,-1.5470543405980894,-1.5488224505473613,-1.5504606365647664,-1.5519781928176783,-1.5533837852902,-1.5546854888424224,-1.5558908229420867,-1.5570067858958405,-1.5580398875375536,-1.5589961804910113,-1.5598812897607204,-1.560700440855394,-1.561458486279735,-1.5621599306765055,-1.5628089543805141,-1.5634094356591934,-1.5639649715548731,-1.564478897438366,-1.5649543053478865,-1.5653940611190518,-1.5658008204201237,-1.5661770437136355,-1.566525010228262,-1.5668468309795653,-1.5671444609092575,-1.5674197101817335,-1.5676742547069873,-1.567909645919353,-1.5681273198774233
-1.3276553106212425,-1.3432211149688162,-1.3579667018111328,-1.371912166965497,-1.3850803661328965,-1.3974963989182376,-1.4091871263951508,-1.4201807272424183,-1.4305062958985775,-1.4401934833417283,-1.4492721805316442,-1.4577722432086004,-1.4657232560534186,-1.4731543337639734,-1.4800939561626931,-1.4865698342834273,-1.4926088042772578,-1.4982367460730244,-1.5034785243012085,-1.5083579472998785,-1.5128977427991466,-1.5171195478285107,-1.5210439100353406,-1.5246902986278335,-1.528077123203462,-1.5312217592540522,-1.534140578507159,-1.536848983072007,-1.539361442306938,-1.5416915316394249,-1.5438519731303864,-1.5458546761505498,-1.5477107780547423,-1.5494306848791235,-1.551024111216191,-1.552500119192153,-1.553867156329287,-1.5551330921616962,-1.5563052534001904,-1.5573904575845714,-1.5583950453421775,-1.559324910964857,-1.5601855315234279,-1.5609819943208625,-1.5617190229929758,-1.5624010019758403,-1.5630319996405144,-1.5636157899896768,-1.5641558730290661,-1.5646554938917254,-1.5651176607086341,-1.5655451613526383,-1.5659405790662742,-1.5663063070659684,-1.5666445621574345,-1.566957397434604,-1.567246714102808,-1.5675142724946447,-1.5677617023119927,-1.5679905121584468
-1.3176352705410823,-1.3337157232873367,-1.348965173911338,-1.3634017446690938,-1.3770466509193333,-1.389923667240279,-1.4020586230617667,-1.413478934306251,-1.4242131756137641,-1.4342906946854894,-1.4437412695436564,-1.452594807988082,-1.460881087724212,-1.4686295349951655,-1.4758690390431368,-1.4826277994495933,-1.4889332032212341,-1.4948117285289055,-1.500288872542143,-1.505389099071923,-1.5101358044782638,-1.5145512992948413,-1.518656802595061,-1.5224724471730862,-1.5260172936641245,-1.5293093523021732,-1.532365610320881,-1.5352020638639565,-1.5378337532109694,-1.5402748004810045,-1.5425384495535457,-1.5446371064275195,-1.546582379872989,-1.5483851223775307,-1.5500554704565277,-1.5516028842237408,-1.553036185970126,-1.5543635975910606,-1.555592776624255,-1.5567308508156295,-1.5577844513329984,-1.5587597442954408,-1.5596624608522087,-1.5604979255754543,-1.5612710835035044,-1.5619865255085772,-1.5626485123165428,-1.5632609970512559,-1.563827646419376,-1.56435186061771,-1.564836791943243,-1.5652853622462712,-1.5657002792254795,-1.5660840516665868,-1.5664390036549745,-1.5667672878372876,-1.5670708977747114,-1.567351679455281,-1.5676113420029807,-1.5678514676464221
-1.3076152304609219,-1.324199828994216,-1.339944296678731,-1.3548646399798592,-1.368980289703927,-1.382313552701448,-1.3948890883455678,-1.4067334177994197,-1.4178744718365486,-1.4283411797580678,-1.4381631010429965,-1.44737009967714,-1.4559920601832448,-1.4640586435245908,-1.4715990804782284,-1.4786419996774776,-1.485215287259164,-1.4913459750267253,-1.4970601545264046,-1.5023829126780106,-1.507338287274007,-1.5119492397227141,-1.5162376419063057,-1.5202242750880999,-1.5239288388574372,-1.5273699687180717,-1.53056526017108,-1.5335312980540714,-1.5362836898279915,-1.5388371019044993,-1.5412052986957256,-1.5434011824585732,-1.5454368337534934,-1.547323552493455,-1.5490718985644896,-1.550691731883012,-1.552192251601232,-1.5535820342703797,-1.5548690706885746,-1.5560608013277641,-1.5571641504599638,-1.5581855586036586,-1.559131013539279,-1.5600060796184596,-1.5608159257329055,-1.5615653515684793,-1.5622588125002095,-1.5629004429771214,-1.5634940785155225,-1.5640432763868706,-1.5645513349656943,-1.5650213118922354,-1.5654560410356835,-1.5658581483692704,-1.5662300667826405,-1.56657404990908,-1.566892185012322,-1.5671864049987867,-1.5674584995976095,-1.5677101257693162
-1.2975951903807617,-1.3146733902429364,-1.330903960980197,-1.3463006609165293,-1.3608810000180145,-1.374665680868534,-1.387678058993856,-1.3999436321040335,-1.4114895652550739,-1.4223442555554642,-1.4325369389653684,-1.4420973398753727,-1.451055363111992,-1.459440826945015,-1.4672832350253002,-1.4746115846541339,-1.481454208431705,-1.4878386462347566,-1.4937915448976535,-1.4993385812055506,-1.5045044063684099,-1.5093126092928162,-1.5137856953805031,-1.517945078650901,-1.521811085041638,-1.5254029654019106,-1.5287389158753348,-1.531836104326971,-1.5347107013881403,-1.5373779151419855,-1.5398520290686057,-1.542146441171914,-1.5442737040703176,-1.546245565997062,-1.5480730116018537,-1.5497663023847312,-1.551335016434871,-1.5527880872513777,-1.554133841335463,-1.5553800344236632,-1.5565338864821041,-1.5576021150328905,-1.5585909670768547,-1.5595062492951257,-1.5603533569255768,-1.5611373008885057,-1.561862733546408,-1.5625339729215342,-1.5631550254922555,-1.5637296076585212,-1.5642611658258585,-1.5647528952776177,-1.5652077578070922,-1.5656284982309476,-1.566017659803767,-1.56637759861381,-1.566710497006771,-1.5670183761014278,-1.5673031074444668,-1.567566423862936
-1.2875751503006012,-1.3051363668847185,-1.3218440602100652,-1.337709618019522,-1.3527485011738885,-1.3669796777513665,-1.3804250704139411,-1.393109028184152,-1.405057830903881,-1.4162992311458433,-1.426862037103093,-1.4367757379576902,-1.4460701720751457,-1.4547752370661107,-1.4629206400389247,-1.4705356856987752,-1.4776490994989455,-1.4842888828703942,-1.4904821979053615,-1.4962552771123612,-1.501633356265192,-1.5066406276233162,-1.511300210124701,-1.515634134214113,-1.51966333902904,-1.5234076803690408,-1.5268859469919565,-1.5301158837825286,-1.5331142202466124,-1.5358967032837194,-1.5384781337881295,-1.540872404850232,-1.54309254129894,-1.5451507404973985,-1.5470584131922398,-1.5488262242099275,-1.550464132632297,-1.5519814311934,-1.5533867845476514,-1.5546882662522186,-1.555893394582721,-1.55700916670083,-1.5580420914534976,-1.5589982204413535,-1.5598831777836553,-1.560702188099893,-1.561460103123105,-1.5621614267417836,-1.5628103385934453,-1.5634107163043482,-1.5639661563074447,-1.5644799934240894,-1.5649553191655845,-1.565394998886706,-1.5658016878047616,-1.5661778459667346,-1.5665257522133846,-1.5668475172017882,-1.567145095538839,-1.5674202970812914
-1.277555110220441,-1.2955887204829208,-1.3127644903360989,-1.3290913244304816,-1.344582514369144,-1.3592551699167903,-1.3731296567787226,-1.386229053664894,-1.398578638200323,-1.4102054076501023,-1.4211376390202908,-1.4314044909182964,-1.4410356482910782,-1.4500610096121513,-1.4585104152991126,-1.4664134153267216,-1.4737990734467465,-1.4806958051564478,-1.4871312468190878,-1.4931321516070744,-1.4987243101442662,-1.5039324931060631,-1.5087804122665152,-1.51329069752508,-1.517484887507066,-1.521383432076974,-1.5250057041572231,-1.528370019287018,-1.5314936612517382,-1.5343929126655595,-1.5370830899831687,-1.5395785805620215,-1.5418928814712123,-1.5440386399216124,-1.5460276940249003,-1.5478711136342909,-1.5495792408565658,-1.5511617299402605,-1.5526275861486474,-1.5539852034317423,-1.5552424010147212,-1.5564064583661184,-1.5574841488411868,-1.5584817715903132,-1.5594051821922639,-1.560259821475112,-1.5610507429710878,-1.5617826387738245,-1.5624598639227247,-1.5630864594131977,-1.5636661737460982,-1.5642024832185089,-1.5646986108950511,-1.5651575444031292,-1.5655820525587436,-1.565974700907807,-1.5663378662339542,-1.566673750091441,-1.5669843914212191,-1.5672716783024059
-1.2675350701402806,-1.286030414327353,-1.303665149945931,-1.3204455959733954,-1.3363827627940987,-1.3514917846072296,-1.3657913511381048,-1.3793031529180961,-1.3920513509875942,-1.4040620782283824,-1.4153629779726413,-1.4259827832172671,-1.4359509384024267,-1.4452972639170003,-1.454051662633783,-1.4622438668045166,-1.4699032229812077,-1.4770585122626552,-1.4837378033252913,-1.4899683340096708,-1.495776419194286,-1.5011873822190716,-1.506225506253946,-1.5109140030197687,-1.5152749963322842,-1.5193295187248708,-1.5230975183949138,-1.5265978747965767,-1.529848421085591,-1.5328659722293303,-1.5356663581776822,-1.5382644595670705,-1.5406742456052758,-1.5429088139699962,-1.544980431335252,-1.5469005742342699,-1.548679969804033,-1.5503286360767794,-1.5518559213837808,-1.5532705426548679,-1.5545806227286123,-1.5557937260786014,-1.5569168932669488,-1.5579566736645207,-1.558919156931088,-1.5598100026579882,-1.5606344686516818,-1.5613974375966477,-1.5621034422235898,-1.5627566890860056,-1.5633610808382905,-1.5639202372349341,-1.5644375147717229,-1.5649160251241714,-1.565358652382227,-1.5657680691684714,-1.566146751692978,-1.5664969938000137,-1.5668209200706051,-1.567120498029291
-1.2575150300601203,-1.2764614134484829,-1.2945459402939048,-1.3117722512372594,-1.3281489717422872,-1.343689149863932,-1.3584096855364247,-1.3723307671548028,-1.385475327584712,-1.397868528072913,-1.409537276832123,-1.4205097866301033,-1.4308151742471271,-1.4404831026166407,-1.4495434655356298,-1.4580261136962107,-1.4659606200110962,-1.4733760817321047,-1.4803009569062235,-1.4867629310915478,-1.4927888119225003,-1.498404448814432,-1.5036346741290891,-1.5085032630893773,-1.5130329097962958,-1.517245217524332,-1.5211607003968728,-1.524798794651682,-1.5281778775758188,-1.5313152928548013,-1.5342273816450482,-1.5369295166948203,-1.5394361391091442,-1.5417607975455798,-1.5439161883609112,-1.5459141963696703,-1.547765935713384,-1.549481790463897,-1.5510714544808804,-1.5525439702741244,-1.553907766982202,-1.5551706968123014,-1.5563400702681847,-1.5574226896525625,-1.5584248813715165,-1.559352526380271,-1.5602110892817531,-1.5610056457847403,-1.5617409086483542,-1.562421252220312,-1.5630507354404837,-1.5636331235475585,-1.564171908390035,-1.5646703275091434,-1.565131381984458,-1.5655578531316239,-1.5659523181075488,-1.5663171644743457,-1.5666546037923048,-1.5669666842858136
-1.24749498997996,-1.266881684631537,-1.2854067653483157,-1.3030711116602944,-1.3198808687240795,-1.3358468946549842,-1.3509841911360607,-1.3653113345248273,-1.3788499208437752,-1.3916240344075672,-1.4036597480171336,-1.4149846601006577,-1.4256274726302407,-1.4356176113395016,-1.4449848887735244,-1.4537592094008067,-1.4619703151180898,-1.4696475688922466,-1.4768197742004074,-1.483515026394461,-1.4897605934411022,-1.4955828233806927,-1.5010070747746627,-1.506057667318468,-1.5107578498621967,-1.5151297839401439,-1.519194539773207,-1.5229721028412069,-1.5264813889772368,-1.5297402666618176,-1.5327655857331088,-1.5355732096941415,-1.538178051156533,-1.5405941101568923,-1.5428345137718869,-1.5449115566414569,-1.5468367418509419,-1.5486208217511586,-1.5502738381894177,-1.551805161867074,-1.553223530930945,-1.554537088080094,-1.555753416530734,-1.556879574269561,-1.5579221271584938,-1.558887180163841,-1.559780407255245,-1.5606070796479266,-1.5613720925152956,-1.56207999028373,-1.5627349903579713,-1.5633410055340082,-1.5639016649795,-1.564420333962316,-1.5649001323089469,-1.5653439516842993,-1.5657544717504739,-1.5661341752513498,-1.5664853620998906,-1.566810162507131
-1.2374749498997997,-1.257291196430479,-1.2762475318390245,-1.2943420016156917,-1.311578183583439,-1.3279646490081984,-1.343514398347414,-1.3582442902236815,-1.3721744782148821,-1.385327866494569,-1.397729593428465,-1.4094065495978778,-1.420386935096964,-1.4306998583948816,-1.4403749779986386,-1.4494421866809069,-1.4579313370147038,-1.4658720062502002,-1.4732932983442415,-1.4802236795277142,-1.4866908447292881,-1.4927216122787865,-1.4983418431322917,-1.5035763816934493,-1.5084490153703496,-1.5129824508996323,-1.5171983042707111,-1.5211171022346057,-1.5247582932217045,-1.5281402662810877,-1.531280377158436,-1.5341949785530533,-1.5368994540334755,-1.539408255292459,-1.5417349410735361,-1.543892217323398,-1.545891977970941,-1.54774534586531,-1.5494627132969176,-1.5510537817798657,-1.5525276011978402,-1.55389260752905,-1.5551566595086952,-1.5563270736004509,-1.5574106578761988,-1.5584137440077255,-1.5593422179504557,-1.5602015489578496,-1.5609968170532924,-1.561732739075718,-1.5624136931227954,-1.5630437416684444,-1.5636266532120708,-1.5641659226536626,-1.5646647903667406,-1.5651262600626756,-1.565553115506244,-1.5659479361242252,-1.5663131115909719,-1.566650855424376
-1.2274549098196392,-1.2476899191818658,-1.2670681493054325,-1.2855847484988876,-1.3032406486178496,-1.3200420441489593,-1.3359998369654436,-1.3511290666071434,-1.3654483418190637,-1.3789792856487753,-1.3917460043915755,-1.40377458797682,-1.4150926477072343,-1.4257288944597954,-1.4357127593454875,-1.445074057182617,-1.4538426919897918,-1.4620484028720628,-1.4697205482942504,-1.4768879254429292,-1.4835786218701874,-1.489819896950497,-1.4956380893914052,-1.5010585477801401,-1.5061055812120925,-1.5108024279691756,-1.515171238958002,-1.5192330737806654,-1.5230079071346954,-1.5265146440920248,-1.5297711432682126,-1.5327942447867842,-1.5355998024541506,-1.5382027197654882,-1.5406169879807732,-1.5428557257660924,-1.5449312197493543,-1.546854965473643,-1.5486377081213263,-1.5502894826479532,-1.5518196534216862,-1.5532369525153153,-1.5545495170249257,-1.555764924725048,-1.5568902286965944,-1.557931990059017,-1.558896309422217,-1.5597888566603004,-1.5606148991332132,-1.5613793284769635,-1.5620866857600848,-1.5627411853038509,-1.5633467369994158,-1.5639069673301909,-1.5644252390609314,-1.5649046696889153,-1.565348148719408,-1.5657583538016053,-1.5661377658164,-1.566488682943247
-1.217434869739479,-1.2380778250185611,-1.2578685301447847,-1.276799182816335,-1.2948679987014269,-1.3120787126431206,-1.3284400363129292,-1.3439650933137457,-1.3586708485296055,-1.3725775452599804,-1.3857081616056592,-1.398087894844419,-1.409743680812359,-1.4207037522645827,-1.4309972390281103,-1.4406538109467655,-1.4497033633415075,-1.458175743745919,-1.4661005181294895,-1.4735067736857272,-1.4804229552618098,-1.4868767330984527,-1.4928948981475811,-1.4985032818691177,-1.5037266974699717,-1.5085889004963624,-1.5131125653757818,-1.5173192756711895,-1.5212295256168886,-1.5248627314259555,-1.5282372512680376,-1.5313704106925026,-1.5342785328442736,-1.5369769730271325,-1.5394801557619622,-1.5418016137718553,-1.5439540281897992,-1.545949269420672,-1.5477984379779728,-1.5495119048926709,-1.5510993517824514,-1.5525698096573333,-1.5539316968510952,-1.5551928553238432,-1.556360586009831,-1.55744168226674,-1.5584424620780626,-1.5593687985725357,-1.560226148985248,-1.5610195821856112,-1.5617538045420984,-1.5624331844428458,-1.5630617752794829,-1.5636433371172933,-1.5641813570018641,-1.564679067999344,-1.5651394670348826,-1.5655653315592069,-1.5659592351425018,-1.56632356201611
-1.2074148296593188,-1.2284548878833061,-1.2486485896607915,-1.2679851382757754,-1.2864599714112492,-1.3040742885450545,-1.3208345253906717,-1.336751797395498,-1.351841330062181,-1.3661218908237414,-1.3796152351000444,-1.3923455764305503,-1.4043390888341707,-1.415623446277695,-1.4262274029316795,-1.4361804159115699,-1.4455123107976695,-1.454252989128302,-1.462432176333648,-1.4700792076236524,-1.4772228488011527,-1.483891149836601,-1.4901113275291251,-1.495909674087494,-1.5013114885230205,-1.5063410287162233,-1.5110214806505722,-1.5153749424678995,-1.5194224207890312,-1.523183837732917,-1.5266780474138766,-1.5299228585689402,-1.5329350625902862,-1.5357304664465936,-1.5383239285507897,-1.5407293969388025,-1.5429599489999206,-1.5450278321365982,-1.5469445046196486,-1.5487206761922578,-1.5503663485024102,-1.5518908543661327,-1.5533028962660727,-1.5546105832633668,-1.555821467035424,-1.556942576017644,-1.5579804483374322,-1.5589411630646937,-1.5598303699013458,-1.5606533174395598,-1.5614148797292462,-1.5621195814963253,-1.5627716217917107,-1.563374896309509,-1.5639330183124742,-1.5644493382634401,-1.5649269622297128,-1.5653687690835199,-1.5657774266059101,-1.5661554065072278
-1.1973947895791583,-1.2188210835421365,-1.2394082461125333,-1.259142451877967,-1.2780163071568988,-1.2960284075509128,-1.3131828330347823,-1.3294886034571074,-1.3449591130741627,-1.3596115599811778,-1.3734663841984351,-1.386546725464911,-1.398877910047194,-1.4104869723900595,-1.4214022161997981,-1.431652817406855,-1.4412684699234497,-1.4502790738738103,-1.4587144650563464,-1.4666041836496255,-1.4739772790405454,-1.4808621488100544,-1.4872864082906054,-1.4932767874756825,-1.4988590521155167,-1.5040579468198527,-1.5088971565701577,-1.51339928419072,-1.5175858410981933,-1.5214772497101445,-1.5250928561662456,-1.5284509498990024,-1.531568789252472,-1.5344626325562256,-1.5371477726243328,-1.5396385739724052,-1.541948511936572,-1.544090213015939,-1.5460754956482403,-1.5479154109258306,-1.549620283321614,-1.551199750351324,-1.5526628015913606,-1.5540178161599048,-1.5552725994130399,-1.5564344177528195,-1.5575100322728672,-1.558505730724315,-1.559427357921826,-1.5602803447239477,-1.5610697352972618,-1.5618002130291782,-1.5624761248401735,-1.5631015041500296,-1.563680092423138,-1.564215359393054,-1.564710522035735,-1.5651685623070382,-1.5655922437605316,-1.5659841270506758
-1.1873747494989981,-1.2091763895976353,-1.2301474207636434,-1.2502709640098817,-1.269536749313263,-1.287940707157232,-1.3054844880812961,-1.322174933804053,-1.3380235192735812,-1.3530457825683142,-1.3672607574916127,-1.380690421060344,-1.3933591663644038,-1.4052933075995118,-1.416520622817867,-1.4270699376400242,-1.4369707515163872,-1.4462529067476744,-1.454946299353189,-1.4630806303602601,-1.4706851943153452,-1.4777887032832102,-1.484419142872052,-1.4906036570277008,-1.4963684583876165,-1.5017387619837035,-1.5067387386189155,-1.511391485365564,-1.515719010383475,-1.519742230390277,-1.5234809793046467,-1.526954024493399,-1.5301790897400396,-1.5331728842597112,-1.535951135645419,-1.5385286259626536,-1.5409192301179966,-1.543135955764594,-1.5451909838962579,-1.547095709588715,-1.5488607829461818,-1.5504961491013496,-1.5520110877021984,-1.553414250920259,-1.5547137007716618,-1.5559169445639853,-1.5570309692321154,-1.5580622740029608,-1.5590169015052149,-1.5599004674629378,-1.5607181886496988,-1.561474909492284,-1.5621751270439197,-1.562823014598264,-1.5634224438553923,-1.5639770057412612,-1.5644900299525903,-1.5649646032345117,-1.5654035865161615,-1.565809630900496
-1.1773547094188377,-1.199520785502007,-1.2208660379317122,-1.2413705185393062,-1.2610210443565664,-1.279810826824915,-1.297739019538249,-1.314810208599769,-1.3310338655381135,-1.3464237806754413,-1.360997492819153,-1.3747757286031848,-1.3877818631271355,-1.4000414096957818,-1.4115815451928493,-1.4224306751739468,-1.4326180409886877,-1.4421733697210066,-1.4511265664040758,-1.4595074477083092,-1.467345513842019,-1.474669757194965,-1.4815085044224394,-1.4878892886934494,-1.4938387488661495,-1.499382553357704,-1.5045453449710837,-1.5093507040295777,-1.5138211268990795,-1.517978018187159,-1.5218416950001201,-1.525431399593149,-1.528765319446051,-1.5318606140012256,-1.5347334458672504,-1.5373990156248631,-1.5398715993011003,-1.5421645877134966,-1.5442905267764753,-1.546261158177431,-1.5480874604677763,-1.549779689336437,-1.5513474175128532,-1.5527995732581459,-1.5541444782758043,-1.5553898837681812,-1.5565430054399443,-1.5576105568437915,-1.5585987811802402,-1.5595134816948006,-1.5603600503148018,-1.5611434949399152,-1.5618684650736878,-1.5625392760846937,-1.563159931993804,-1.563734146890176,-1.5642653650504594,-1.5647567797596313,-1.5652113509682002,-1.5656318217725793
-1.1673346693386775,-1.1898542525699762,-1.2115640250379256,-1.2324409629108595,-1.2524689420036794,-1.2716384081487144,-1.289945956765448,-1.3073938460323034,-1.3239894640445902,-1.3397447687171047,-1.3546757172608297,-1.3688016996513293,-1.3821449888998107,-1.3947302169466045,-1.406583883729892,-1.4177339043970423,-1.4282091977368756,-1.4380393172485593,-1.4472541247093416,-1.4558835061285504,-1.4639571267856744,-1.4715042241798417,-1.4785534357860597,-1.4851326583413689,-1.4912689354138084,-1.4969883710102927,-1.5023160654399428,-1.5072760706917387,-1.5118913622925703,-1.516183825897017,-1.5201742568436685,-1.5238823689287266,-1.52732681133998,-1.5305251928933927,-1.5334941112981368,-1.5362491865020145,-1.538805097121767,-1.5411756190968828,-1.5433736655977908,-1.5454113275425123,-1.5472999147525288,-1.5490499964326003,-1.5506714414345304,-1.5521734571847492,-1.5535646281473654,-1.5548529524595367,-1.556045877578419,-1.5571503342889341,-1.5581727691788845,-1.5591191757292628,-1.559995123625794,-1.5608057867316423,-1.5615559693741483,-1.5622501312522241,-1.562892410845253,-1.5634866474270344,-1.5640364017618755,-1.5645449754715524,-1.5650154292179226,-1.565450599677761
-1.157314629258517,-1.1801767739914872,-1.2022413126568796,-1.2234821482433722,-1.243880195354678,-1.263423095032261,-1.2821048296620947,-1.2999252624907365,-1.3168896224094464,-1.3330079535132568,-1.348294547138336,-1.3627673718406903,-1.3764475152701292,-1.3893586477855346,-1.4015265164062414,-1.4129784749858147,-1.4237430544988336,-1.433849575528785,-1.4433278032632584,-1.4522076456363857,-1.4605188912960418,-1.4682909865537928,-1.4755528484503035,-1.482332710679797,-1.4886579991348732,-1.4945552348283504,-1.500049960380765,-1.5051666872465603,-1.5099288605360002,-1.5143588396526513,-1.5184778928281744,-1.5223062017334605,-1.5258628750155239,-1.5291659698017048,-1.5322325188240493,-1.5350785621264003,-1.5377191822960583,-1.5401685422930784,-1.5424399248452854,-1.5445457727072205,-1.5464977297975573,-1.5483066818149152,-1.5499827968042141,-1.5515355644718192,-1.5529738351616034,-1.5543058570366857,-1.5555393123442907,-1.556681352065368,-1.5577386290492916,-1.558717329785989,-1.5596232043835125,-1.5604615952177372,-1.5612374638707407,-1.5619554166831615,-1.5626197287848096,-1.5632343667077908,-1.5638030096619089,-1.5643290694505931,-1.5648157091826727,-1.5652658607455538
-1.1472945891783568,-1.1704883348442046,-1.1928978345665613,-1.2144939294286154,-1.2352545610386818,-1.2551645338687483,-1.274215168862476,-1.2924038727517184,-1.3097336438406184,-1.3262125343822113,-1.3418530880280493,-1.356671768800812,-1.3706883966554775,-1.383925600502145,-1.3964082983429953,-1.4081632113601976,-1.4192184166983621,-1.4296029417460696,-1.439346400704491,-1.4484786748984535,-1.4570296335109412,-1.4650288942634269,-1.4725056214533614,-1.4794883581353007,-1.4860048892355384,-1.4920821333699321,-1.4977460595452938,-1.503021625838553,-1.5079327368074813,-1.5125022178281582,-1.5167518042812933,-1.5207021417086617,-1.524372795691159,-1.5277822703829085,-1.530948033286547,-1.533886545138187,-1.5366132937799724,-1.5391428310255646,-1.5414888114223197,-1.5436640321500856,-1.5456804740530958,-1.5475493423181823,-1.5492811072826413,-1.5508855440856162,-1.5523717721156154,-1.5537482927042932,-1.5550230259820408,-1.556203346147953,-1.5572961152472495,-1.5583077156129974,-1.5592440805002665,-1.5601107234070297,-1.5609127656601174,-1.5616549626108909,-1.562341728287346,-1.5629771586074175,-1.5635650532359673,-1.5641089360524083,-1.564612074395338,-1.5650774970379089
-1.1372745490981964,-1.1607889221057974,-1.1835335277984564,-1.2054761652313306,-1.2265917993629387,-1.2468623737273061,-1.2662765059398822,-1.2848290901764265,-1.3025208273013387,-1.3193577032459831,-1.3353504347855303,-1.350513900080385,-1.3648665701163047,-1.3784299529352726,-1.391228061375231,-1.403286912132058,-1.4146340617773718,-1.425298183294986,-1.4353086844430667,-1.4446953702745202,-1.4534881465261826,-1.4617167637973392,-1.469410600250243,-1.4765984796861407,-1.483308521836797,-1.4895680226675652,-1.495403360885367,-1.5008399276749391,-1.5059020763206024,-1.5106130898915275,-1.5149951647466349,-1.5190694059377885,-1.5228558331607625,-1.5263733960747243,-1.5296399965134881,-1.5326725163583577,-1.535486849885297,-1.53809793952193,-1.5405198138523652,-1.5427656270490493,-1.544847699708111,-1.546777559512944,-1.5485659822194748,-1.5502230315898575,-1.5517580992675812,-1.5531799429470485,-1.5544967237910454,-1.5557160422981544,-1.5568449727048728,-1.557890096083715,-1.5588575316237125,-1.559752966616075,-1.560581684683133,-1.5613485926152646,-1.5620582456439551,-1.5627148712560452,-1.5633223916344083,-1.563884444679885,-1.5644044037924032,-1.564885396352359
-1.1272545090180361,-1.151078524666007,-1.1741483326877675,-1.1964287183905389,-1.2178916744651818,-1.2385162665451648,-1.2582883736189645,-1.2772003269183052,-1.2952504676863588,-1.3124426447487003,-1.3287856715825581,-1.3442927610835358,-1.3589809551773206,-1.37287056217012,-1.3859846136211778,-1.3983483495473341,-1.409988738515943,-1.4209340369865167,-1.4312133897635007,-1.4408564748299708,-1.4498931893309188,-1.4583533770582386,-1.466266595535529,-1.4736619196490208,-1.480567778737787,-1.4870118249798203,-1.4930208293032243,-1.4986206017840247,-1.5038359330989877,-1.5086905552023413,-1.5132071188104144,-1.5174071837468037,-1.5213112206914563,-1.5249386230340707,-1.528307726299742,-1.531435833813322,-1.534339247348916,-1.5370333016281537,-1.5395324014381022,-1.5418500604848495,-1.5439989419371365,-1.545990898994692,-1.5478370159836121,-1.5495476485157107,-1.551132463744914,-1.5526004789743708,-1.5539600996051806,-1.5552191555768855,-1.5563849363750057,-1.5574642247712844,-1.5584633287394267,-1.5593881120984034,-1.560244023379225,-1.5610361233006165,-1.5617691106621636,-1.562447346759995,-1.5630748784130784,-1.5636554595419354,-1.5641925714898084,-1.5646894420138184
-1.1172344689378757,-1.1413571333384733,-1.1647421929236932,-1.1873514557220797,-1.2091539544692163,-1.2301258673256492,-1.2502503059966958,-1.2695169941419056,-1.287921856011075,-1.305466536388717,-1.3221578719574596,-1.3380073330177138,-1.3530304536573647,-1.3672462642399905,-1.3806767390510846,-1.3933462689222667,-1.4052811663404603,-1.4165092082361663,-1.427059218903675,-1.4369606973181668,-1.4462434857073705,-1.4549374801944808,-1.4630723820211484,-1.4706774864171266,-1.4777815061273618,-1.4844124274886943,-1.4905973953458516,-1.4963626237164342,-1.5017333286931085,-1.506733681751599,-1.5113867808705548,-1.515714635507697,-1.519738163865658,-1.5234772010208162,-1.5269505153349692,-1.5301758317083114,-1.53316986035276,-1.5359483298754943,-1.5385260233751525,-1.5409168166011067,-1.5431337181058955,-1.5451889096339444,-1.5470937872564217,-1.5488590016967312,-1.5504944989193215,-1.552009559133935,-1.5534128352431034,-1.5547123898297965,-1.555915730749775,-1.557029845498641,-1.5580612337508035,-1.5590159386525673,-1.5598995763209795,-1.5607173639552812,-1.5614741463488895,-1.5621744209067285,-1.5628223612588683,-1.5634218393983421,-1.5639764465458295,-1.5644895126543115
-1.1072144288577155,-1.131624740872328,-1.1553150555997567,-1.178244248222347,-1.2003784116437484,-1.22169083434208,-1.2421618387721338,-1.2617785022531927,-1.2805342796141148,-1.2984285486651603,-1.3154660988795959,-1.3316565828541362,-1.3470139495089235,-1.3615558738335782,-1.375303197056576,-1.3882793880743154,-1.4005100346201556,-1.4120223702339922,-1.422844840109168,-1.4330067111320064,-1.4425377230939096,-1.4514677823896271,-1.4598266971674734,-1.4676439511474444,-1.474948513241594,-1.4817686809402812,-1.4881319538406383,-1.4940649341863197,-1.4995932508363106,-1.5047415048405521,-1.5095332338450598,-1.5139908913819535,-1.518135839364114,-1.5219883522238487,-1.525567630075308,-1.5288918193464682,-1.5319780394913896,-1.5348424144970612,-1.5375001078176251,-1.5399653597183998,-1.542251526933109,-1.544371122784696,-1.546335858285522,-1.5481566825664776,-1.5498438237466314,-1.5514068282919862,-1.5528545999272723,-1.5541954371431868,-1.5554370693515691,-1.556586691862747,-1.5576509990347485,-1.5586362162075398,-1.559548129827536,-1.5603921161913485,-1.5611731685749592,-1.561895922852601,-1.5625646816992458,-1.563183437289678,-1.5637558927100697,-1.5642854819797838
-1.0971943887775553,-1.1218813419635272,-1.1458668712641367,-1.1691069711731787,-1.1915648225644162,-1.2132108293476198,-1.2340225094851494,-1.2539842611416345,-1.2730870223738813,-1.2913278452395878,-1.3087094048288541,-1.3252394633017321,-1.3409303086682678,-1.3557981840087503,-1.3698627220213062,-1.3831463967483686,-1.3956740019524065,-1.4074721630965812,-1.418568886662706,-1.4289931532239941,-1.4387745514104173,-1.4479429546085876,-1.4565282398659296,-1.4645600463952266,-1.472067570964787,-1.479079398226036,-1.4856233624694333,-1.4917264376494532,-1.497414652036844,-1.502713025695221,-1.5076455278162677,-1.5122350500005555,-1.5165033936865011,-1.5204712700260758,-1.5241583095556217,-1.5275830799903425,-1.5307631106840072,-1.533714922390959,-1.5364540608924666,-1.5389951333994332,-1.5413518476057049,-1.543537051448588,-1.5455627740965754,-1.5474402664163982,-1.5491800420690953,-1.5507919171782778,-1.5522850496696676,-1.5536679772686193,-1.5549486541946376,-1.5561344867312743,-1.557232366971573,-1.5582487053839813,-1.559189461555431,-1.5600601735633517,-1.5608659857199667,-1.561611674792285,-1.5623016747947074,-1.5629401002513243,-1.5635307681576478,-1.5640772185231413
-1.0871743486973948,-1.1121269332659238,-1.1363975939699733,-1.1599395042478409,-1.1827129682790087,-1.2046855177911204,-1.2258318577643041,-1.246133680434447,-1.2655793649396228,-1.2841635831135243,-1.3018868318910617,-1.3187549127956215,-1.3347783789172898,-1.3499719659138516,-1.3643540228938233,-1.3779459560389673,-1.3907716954372402,-1.4028571930010978,-1.4142299558884943,-1.4249186229941746,-1.4349525818448798,-1.4443616282988947,-1.4531756690712916,-1.461424464693413,-1.4691374103714754,-1.4763433529018413,-1.4830704402779649,-1.489346000814965,-1.4951964481024933,-1.5006472100130859,-1.505722678607401,-1.5104461770768811,-1.5148399418059486,-1.5189251177047278,-1.5227217641387212,-1.5262488696622776,-1.5295243740274518,-1.5325651960266584,-1.5353872656593757,-1.538005559462169,-1.5404341388444327,-1.5426861893919233,-1.544774061660349,-1.5467093116113757,-1.548502741877688,-1.5501644416932827,-1.5517038266219907,-1.5531296770141334,-1.5544501752153317,-1.5556729417098845,-1.556805069447343,-1.557853157029727,-1.5588233400653426,-1.559721321164446,-1.560552398296124,-1.5613214916086022,-1.5620331688129716,-1.5626916690104788,-1.563300925207554,-1.5638645853825595
-1.0771543086172346,-1.1023615134020666,-1.1269071813256146,-1.150741731618076,-1.173822634475838,-1.1961145690390171,-1.2175894255840527,-1.2382261697633332,-1.2580105849775798,-1.27693491282263,-1.2949974118702647,-1.3122018555011992,-1.3285569897581715,-1.3440759685176455,-1.3587757827636404,-1.3726766978093283,-1.3858017099415416,-1.3981760313015636,-1.4098266081312028,-1.4207816811452951,-1.4310703856001445,-1.4407223940456222,-1.4497676023817612,-1.4582358570747302,-1.4661567212067974,-1.47355927764194,-1.4804719661174255,-1.4869224510873116,-1.492937516594215,-1.4985429864382243,-1.5037636662875926,-1.5086233039486368,-1.5131445657536056,-1.5173490270630943,-1.521257174197742,-1.5248884158799292,-1.5282611025865156,-1.5313925522910226,-1.5342990810128303,-1.5369960369376037,-1.5394978379166824,-1.5418180102124601,-1.5439692290121232,-1.5459633587601458,-1.5478114945317594,-1.5495240021751682,-1.551110558387963,-1.5525801895998153,-1.553941309668863,-1.5552017565780973,-1.5563688273267986,-1.5574493117277337,-1.5584495243630867,-1.5593753351985302,-1.5602321985496557,-1.561025180501408,-1.5617589848836473,-1.5624379776649797,-1.5630662100240769,-1.5636474399440419
-1.0671342685370742,-1.0925850829737118,-1.1173955945447651,-1.141513542062148,-1.1648936116552338,-1.1874976566032909,-1.2092947575314204,-1.230261139044058,-1.2503799574327576,-1.2696409786482787,-1.2880401664188512,-1.305579201334955,-1.3222649523020817,-1.3381089183490695,-1.3531266584415853,-1.3673372241080397,-1.3807626073535728,-1.3934272136276196,-1.405357365709449,-1.4165808485046012,-1.4271264925997995,-1.437023800178444,-1.44630261456489,-1.4549928315341119,-1.4631241503024903,-1.470725862624658,-1.4778266770148583,-1.4844545749348672,-1.490636695204995,-1.4963992449609589,-1.5017674336013533,-1.506765426044724,-1.5114163131291236,-1.515742096989588,-1.519763688727599,-1.523500916322901,-1.5269725411176456,-1.530196281270172,-1.5331888405225202,-1.5359659409685997,-1.538542359593068,-1.5409319663526944,-1.5431477643202913,-1.5452019298375872,-1.5471058539331841,-1.548870182623831,-1.550504857295171,-1.552019153975315,-1.5534217214903216,-1.554720618691632,-1.5559233498948564,-1.5570368992746124,-1.5580677634131004,-1.5590219825266634,-1.5599051700381974,-1.5607225405940917,-1.5614789366320354,-1.5621788533426877,-1.56282646230013,-1.5634256335871353
-1.057114228456914,-1.0827976445720475,-1.1078627984965053,-1.132254829073838,-1.1559256953041177,-1.1788344583755503,-1.2009474010823378,-1.2222379987692271,-1.242686754806929,-1.2622809188473771,-1.2810141071865564,-1.298885846003218,-1.3159010591731823,-1.3320695192480814,-1.3474052800455971,-1.361926106584407,-1.3756529158284743,-1.3886092389660794,-1.400820711843672,-1.4123146048116932,-1.4231193901521149,-1.4332643513292964,-1.442779236027334,-1.4516939514289804,-1.4600382999256571,-1.4678417538466932,-1.4751332664687964,-1.4819411161813287,-1.4882927800598844,-1.4942148352378173,-1.4997328843181659,-1.504871501272656,-1.5096541955326466,-1.5141033919397207,-1.5182404238811495,-1.522085537426201,-1.5256579047218253,-1.528975644963074,-1.5320558512082025,-1.5349146216459357,-1.5375670950440747,-1.540027488056074,-1.5423091349007623,-1.544424527255647,-1.546385355651932,-1.5482025498790717,-1.54988631962369,-1.5514461940966886,-1.5528910606174704,-1.5542292023488733,-1.5554683342644822,-1.5566156381276754,-1.5576777956224777,-1.5586610201859639,-1.5595710871824975,-1.5604133625161027,-1.5611928297905786,-1.5619141158400427,-1.5625815149211848,-1.5631990113725953
-1.0470941883767535,-1.0729992027876023,-1.0983087617551388,-1.1229654909723261,-1.1469186860736118,-1.1701246568672288,-1.1925469068877672,-1.2141561603145965,-1.2349302474534183,-1.2548538659012385,-1.273918235989399,-1.2921206710600721,-1.3094640844292988,-1.3259564521289637,-1.341610250593254,-1.3564418859035234,-1.370471129025544,-1.3837205687256953,-1.3962150895583707,-1.4079813874719376,-1.4190475215710283,-1.4294425069391035,-1.439195951226398,-1.4483377338148775,-1.456897726057333,-1.4649055513626097,-1.4723903826664588,-1.4793807742159364,-1.485904523932996,-1.491988564827392,-1.4976588814976541,-1.5029404483218862,-1.5078571869136246,-1.5124319403363147,-1.516686461425418,-1.5206414128959262,-1.5243163774221344,-1.5277298759224787,-1.5308993922447247,-1.5338414027774578,-1.5365714106728092,-1.5391039822623518,-1.5414527861735308,-1.54363063287944,-1.5456495159997683,-1.547520652749789,-1.5492545247885325,-1.550860918159781,-1.5523489622726911,-1.5537271681189984,-1.5550034647486206,-1.5561852348183236,-1.5572793482935159,-1.5582921948790733,-1.5592297147906347,-1.5600974279598292,-1.560900461786395,-1.5616435772383381,-1.562331193608455,-1.5629674117107426
-1.0370741482965933,-1.063189764219848,-1.0887334566498303,-1.1136454310129011,-1.1378723899596246,-1.1613679394559295,-1.1840928290697788,-1.2060150362592705,-1.2271097038892822,-1.2473589467843722,-1.2667515449996605,-1.285282543985745,-1.3029527835006738,-1.3197683747575386,-1.3357401456023927,-1.3508830711622462,-1.3652157053381726,-1.378759625785628,-1.3915389005587437,-1.4035795902749553,-1.4149092847531637,-1.4255566797120085,-1.4355511970212684,-1.4449226477138135,-1.4537009365977562,-1.4619158074460015,-1.4695966266185772,-1.4767722021182714,-1.4834706343769395,-1.4897191973373822,-1.495544245665471,-1.5009711448780918,-1.506024221831443,-1.5107267328829272,-1.5151008471128906,-1.519167642142255,-1.5229471106611518,-1.5264581758184765,-1.5297187135926278,-1.5327455805858932,-1.5355546468795784,-1.5381608314379664,-1.5405781405574852,-1.5428197069847702,-1.5448978310485084,-1.5468240210907895,-1.5486090344726993,-1.5502629177870986,-1.5517950462012071,-1.5532141621290485,-1.5545284121936265,-1.5557453833293713,-1.5568721370425145,-1.5579152424320746,-1.558880807552766,-1.5597745092099746,-1.560601621303167,-1.5613670414960887,-1.5620753165398136,-1.5627306660090907
-1.0270541082164328,-1.0533693374864679,-1.0791368593140016,-1.1042945574984322,-1.1287866184863649,-1.1525639986379161,-1.1755847255277145,-1.1978140407201328,-1.2192243911254717,-1.2397952832540773,-1.2595130169580633,-1.278370318286855,-1.2963658931483435,-1.3135039215438638,-1.329793512701332,-1.3452481393073927,-1.3598850671174485,-1.373724793528234,-1.3867905040818649,-1.3991075620777873,-1.4107030307099029,-1.4216052340155434,-1.4318433609617887,-1.4414471123126436,-1.4504463894951218,-1.4588710246686363,-1.4667505502077571,-1.4741140046931727,-1.4809897717599643,-1.487405450477845,-1.4933877528947443,-1.4989624257431386,-1.504154193622532,-1.5089867207851406,-1.5134825889625523,-1.5176632886244763,-1.5215492217130324,-1.525159713919625,-1.5285130345494182,-1.5316264223305769,-1.534516116753713,-1.5371973923370548,-1.5396845962992398,-1.5419911871530467,-1.5441297755889996,-1.5461121648235923,-1.5479493917073937,-1.549651767164922,-1.5512289158625083,-1.5526898153070567,-1.554042833271478,-1.5552957644337555,-1.5564558651824365,-1.5575298872186194,-1.5585241095043147,-1.5594443686434747,-1.5602960878155478,-1.5610843040157913,-1.5618136939468603,-1.562488598297771
-1.0170340681362726,-1.0435379332322954,-1.0695189497344346,-1.0949127838915393,-1.1196611888927124,-1.1437125322867456,-1.167022158254571,-1.189552589700839,-1.2112735750155923,-1.2321619921617275,-1.252201625409324,-1.2713828336199344,-1.2897021314437174,-1.3071617033520715,-1.323768871250295,-1.339535534557581,-1.3544775998905627,-1.368614414856895,-1.3819682157226232,-1.394563605452401,-1.4064270620535746,-1.4175864842251755,-1.4280707795125962,-1.4379094950886844,-1.4471324907944774,-1.4557696538937297,-1.4638506541460654,-1.471404736411077,-1.4784605472057717,-1.4850459940153646,-1.4911881327876089,-1.4969130808551208,-1.5022459524682672,-1.5072108138739975,-1.5118306554449745,-1.5161273781024216,-1.5201217920047108,-1.5238336254862221,-1.5272815422162291,-1.5304831648479698,-1.5334551046876965,-1.536212994688342,-1.5387715262314392,-1.5411444870992557,-1.5433448020266864,-1.5453845728972764,-1.5472751198956634,-1.5490270221271178,-1.55065015757164,-1.552153742578073,-1.5535463697277976,-1.5548360449918324,-1.5560302230668022,-1.5571358415478034,-1.5581593534552796,-1.559106758197787,-1.5599836310940705,-1.560795151183182,-1.561546127686361,-1.5622410248310996
-1.0070140280561122,-1.0336955641378982,-1.0598797118000478,-1.0855000289273766,-1.1104959243213743,-1.134813243918029,-1.158404693663716,-1.181230101455715,-1.2032565206238566,-1.2244581857866768,-1.2448163349623242,-1.2643189159397443,-1.282960197771073,-1.3007403073291357,-1.3176647119757905,-1.333743667830295,-1.3489916515752873,-1.3634267911997473,-1.3770703062347658,-1.3899459752972894,-1.4020796314368666,-1.413498693011678,-1.4242317362103993,-1.434308109859708,-1.443757592603285,-1.4526100921793144,-1.4608953858373137,-1.4686428992488225,-1.4758815204306888,-1.4826394476225442,-1.4889440663509974,-1.4948218532024857,-1.5002983033575847,-1.5053978786254674,-1.5101439735653401,-1.5145588967882442,-1.5186638653402638,-1.522479010069884,-1.5260233898741786,-1.5293150130054585,-1.532370864908282,-1.5352069398027952,-1.53783827645563,-1.5402789954282892,-1.5425423392092932,-1.5446407121851333,-1.5465857217754404,-1.5483882191818459,-1.5500583395867558,-1.5516055420097026,-1.5530386475824973,-1.5543658772042686,-1.5555948873920067,-1.5567328050131513,-1.557786260383208,-1.5587614188052554,-1.559664010678399,-1.5604993598769787,-1.5612724107841967,-1.561987753663543
-0.996993987975952,-1.0238422449278122,-1.0502191333503084,-1.0760562167269827,-1.1012906540107577,-1.1258658429603077,-1.1497319029260633,-1.1728459968688847,-1.1951724926128624,-1.2166829721937278,-1.2373561015761712,-1.257177377673948,-1.276138772854747,-1.294238296754466,-1.3114794966198176,-1.3278709161758881,-1.343425531691947,-1.3581601815002968,-1.3720950003075016,-1.3852528774129957,-1.397658939944627,-1.409340069569775,-1.4203244597521363,-1.4306412147553587,-1.4403199909700448,-1.4493906805874914,-1.4578831371392837,-1.465826940425687,-1.4732511974725726,-1.4801843786168585,-1.4866541837604896,-1.492687436625879,-1.4983100039378245,-1.5035467360694068,-1.508421426837875,-1.512956789392066,-1.517174446022057,-1.5210949297131742,-1.5247376952643341,-1.528121138062514,-1.5312626199188666,-1.5341784990965268,-1.5368841649444116,-1.5393940743145813,-1.5417217911817946,-1.5438800263125307,-1.5458806783176227,-1.547734874477024,-1.5494530111390323,-1.5510447939034693,-1.5525192762795736,-1.5538848978172606,-1.5551495204549954,-1.556320463799839,-1.5574045387871307,-1.5584080797910136,-1.5593369753165631,-1.5601966969469097,-1.5609923269497517,-1.5617285841981579
-0.9869739478957917,-1.0139779923783947,-1.0405372062232157,-1.0665812769110772,-1.0920452134894494,-1.1168700450319808,-1.1410033623177767,-1.1643996998489283,-1.1870207556517787,-1.2088354556151055,-1.2298198728734453,-1.249957017925762,-1.2692365188128947,-1.2876542109123343,-1.3052116576059138,-1.3219156222203898,-1.3377775105744505,-1.3528128011960645,-1.3670404753182543,-1.3804824670415117,-1.3931631354372784,-1.4051087677865441,-1.4163471220117372,-1.4269070101069707,-1.436817923672239,-1.4461097018951732,-1.4548122420209084,-1.4629552500291596,-1.4705680283055031,-1.477679299582575,-1.4843170620056352,-1.4905084735009064,-1.4962797622468709,-1.5016561595810167,-1.5066618531446843,-1.5113199570545257,-1.5156524968617893,-1.5196804070425327,-1.5234235387646902,-1.5269006759328176,-1.53012955884695,-1.5331269125229965,-1.5359084800571514,-1.5384890580995814,-1.5408825358634675,-1.5431019344110257,-1.5451594475544899,-1.5470664827001028,-1.548833701400733,-1.5504710598280307,-1.5519878477823044,-1.5533927272765513,-1.554693769362977,-1.5558984899470347,-1.5570138839995422,-1.5580464582317077,-1.5590022623676214,-1.55988691865763,-1.5607056500585175,-1.5614633067054264
-0.9769539078156313,-1.0041028253253113,-1.0308339263028483,-1.0570751447142743,-1.082759444773251,-1.1078255722242916,-1.1322186535786354,-1.155890637739425,-1.1788005748456036,-1.2009147368579511,-1.2222065884820346,-1.2426566227063327,-1.2622520792398368,-1.280986564989321,-1.298859597724252,-1.3158760936191936,-1.3320458185821715,-1.3473828211866032,-1.361904860062332,-1.3756328473696373,-1.3885903108451907,-1.4008028843481168,-1.4122978359832157,-1.4231036362527052,-1.4332495679097477,-1.4427653782017429,-1.451680974109188,-1.4600261585246515,-1.4678304043339818,-1.475122665869049,-1.4819312224097518,-1.4882835522945876,-1.4942062343192084,-1.4997248725473231,-1.5048640424714912,-1.5096472551587787,-1.5140969370740744,-1.5182344232472762,-1.5220799614570946,-1.525652725340477,-1.5289708356900154,-1.5320513869080912,-1.5349104789630992,-1.5375632518011566,-1.5400239236413733,-1.5423058297933574,-1.544421463333349,-1.5463825159073041,-1.5481999183868405,-1.5498838815899203,-1.5514439356097791,-1.5528889688264276,-1.5542272651915894,-1.5554665405620005,-1.556613977453276,-1.5576762582720782,-1.5586595971649928,-1.559569770095958,-1.5604121436005052,-1.5611917018102448
-0.9669338677354711,-0.994216764670623,-1.0211092935663917,-1.0475377610995797,-1.0734331965646233,-1.0987321533902559,-1.1233773642810778,-1.14731824174562,-1.1705112161860567,-1.1929199137382862,-1.214515180406903,-1.2352749651985762,-1.2551840793190514,-1.2742338499990327,-1.2924216898380894,-1.3097506025238224,-1.326228645314595,-1.3418683667923623,-1.3566862334604093,-1.3707020679964963,-1.383938502413403,-1.3964204567832204,-1.408174653647762,-1.4192291712548204,-1.4296130378997285,-1.4393558684288488,-1.4484875441203473,-1.4570379341430215,-1.4650366557599748,-1.472512872958294,-1.4794951280167292,-1.486011204987762,-1.4920880216579666,-1.497751545900657,-1.5030267345122308,-1.507937491013916,-1.5125066400446177,-1.5167559159368504,-1.5207059630764854,-1.5243763458629076,-1.5277855674526417,-1.530951094181149,-1.5338893859652318,-1.5366159295285413,-1.5391452758741833,-1.5414910785435092,-1.5436661339898903,-1.5456824222770942,-1.5475511477853108,-1.549282780137146,-1.550887093810354,-1.5523732075495311,-1.5537496220876033,-1.555024256982268,-1.5562044858998194,-1.5572971703961727,-1.558308692337431,-1.559244984538594,-1.5601115600918198,-1.5609135399445895
-0.9569138276553106,-0.9843198333894775,-1.0113633121306316,-1.0379690728731157,-1.0640663244544692,-1.0895895244395122,-1.1144790882100288,-1.1386819473775538,-1.1621519470247546,-1.1848500815424905,-1.2067445734332705,-1.22781080605436,-1.248031125969022,-1.267394532736539,-1.2858962766141024,-1.3035373850642025,-1.3203241388308842,-1.336267516706108,-1.351382623244921,-1.3656881233655624,-1.379205687896231,-1.391959461442205,-1.4039755637625526,-1.4152816285258556,-1.4259063823688245,-1.4358792657073571,-1.4452300971694882,-1.4539887801394895,-1.462185048815777,-1.469848253694293,-1.4770071808369167,-1.4836899043552219,-1.4899236685645192,-1.4957347955105647,-1.501148616133869,-1.5061894214011975,-1.5108804309644546,-1.5152437768679474,-1.5193004998342197,-1.5230705558523676,-1.526572832167082,-1.5298251694944214,-1.5328443907176108,-1.5356463327959102,-1.538245883299723,-1.5406570180155363,-1.5428928409352587,-1.5449656247822048,-1.5468868517105676,-1.5486672543905589,-1.5503168558672338,-1.5518450093429816,-1.553260436311927,-1.5545712638819273,-1.5557850605753551,-1.556908870649706,-1.5579492470843859,-1.558912282777285,-1.5598036404465596,-1.5606285807632225
-0.9468937875751504,-0.9744120565363867,-1.0015959902978484,-1.0283690327989745,-1.0546586911261213,-1.0803974286389906,-1.1055234257535314,-1.1299811949099,-1.153722036569266,-1.1767043335173035,-1.1988936855626708,-1.2202628937269497,-1.240791808024263,-1.2604670557651132,-1.2792816702793048,-1.2972346408490911,-1.3143304048767614,-1.330578301938849,-1.3459920046267024,-1.3605889511617788,-1.3743897847014477,-1.3874178114102806,-1.399698489569009,-1.4112589543604699,-1.4221275819384853,-1.4323335946463183,-1.4419067099527398,-1.450876831917171,-1.4592737828552673,-1.4671270753660757,-1.4744657189436627,-1.4813180610947883,-1.4877116593166009,-1.4936731794249607,-1.4992283186921909,-1.5044017499738505,-1.5092170843210806,-1.5136968495324343,-1.517862482106626,-1.521734330227507,-1.5253316667889212,-1.528672709222877,-1.531774646328459,-1.5346536687270953,-1.5373250043390831,-1.539802955234332,-1.5421009371503496,-1.5442315197740413,-1.5462064673743954,-1.548036779997472,-1.5497327335309803,-1.5513039198259042,-1.5527592852183012,-1.5541071683176806,-1.5553553363104455,-1.5565110198097465,-1.5575809464021697,-1.5585713723980816,-1.5594881133059089,-1.5603365725195018
-0.93687374749499,-0.9644934612510827,-0.9918073406010719,-1.0187375997140908,-1.045210166561408,-1.0711556169192973,-1.096509984304196,-1.1212154298587595,-1.1452207564026236,-1.1684817613893639,-1.1909614284833847,-1.2126299648406964,-1.233464696453909,-1.2534498374379783,-1.2725761524074062,-1.29084053248747,-1.308245506121272,-1.3247987047623895,-1.340512298943361,-1.3554024306744556,-1.3694886479838138,-1.38279335435374,-1.3953412864182215,-1.407159025369575,-1.4182745463989852,-1.4287168084785427,-1.4385153877955856,-1.4477001540080892,-1.4563009872956874,-1.4643475366360708,-1.4718690134115078,-1.4788940207959465,-1.485450415185275,-1.4915651949506654,-1.4972644151886134,-1.5025731245004714,-1.5075153212365726,-1.5121139265963364,-1.5163907719792076,-1.520366598125584,-1.524061064958735,-1.5274927688355615,-1.5306792673404892,-1.5336371081433262,-1.5363818632895323,-1.5389281651909223,-1.5412897455802745,-1.5434794754727803,-1.545509405667897,-1.5473908080015424,-1.549134215573288,-1.5507494631730332,-1.552245726162669,-1.5536315587099592,-1.554914930578954,-1.5561032624975941,-1.557203460257066,-1.5582219470110756,-1.5591646943210464,-1.5600372513981537
-0.9268537074148298,-0.9545640767639445,-0.9819973798486539,-1.0090747386430616,-1.0357206282486848,-1.0618638481867329,-1.0874383786715092,-1.1123841034756836,-1.136647381026925,-1.160181455915365,-1.1829467080768366,-1.2049107446000724,-1.2260483446204538,-1.2463412719580007,-1.2657779737377386,-1.2843531851340328,-1.3020674614063397,-1.3189266576509813,-1.3349413722912182,-1.3501263811269641,-1.3645000686880104,-1.378083870298147,-1.3909017393113854,-1.4029796458134618,-1.4143451118676988,-1.4250267860772525,-1.4350540615608167,-1.444456736904194,-1.4532647184016634,-1.4615077643047636,-1.4692152650864987,-1.4764160607380536,-1.483138291280432,-1.4894092755627903,-1.495255417257355,-1.5007021339413449,-1.505773806642068,-1.5104937471793516,-1.5148841806361588,-1.5189662404052524,-1.5227599746199372,-1.526284360629024,-1.5295573275793384,-1.5325957835251973,-1.5354156483977988,-1.538031889024246,-1.540458557421337,-1.5427088303558814,-1.5447950496476097,-1.54672876342238,-1.5485207664558613,-1.550181140868578,-1.5517192953377485,-1.553144003753963,-1.554463442481378,-1.555685226230331,-1.5568164427011408,-1.557863685426656,-1.5588330853861694,-1.5597303408015437
-0.9168336673346693,-0.9446239344009755,-0.9721661291680976,-0.9993804209127825,-1.026189961392664,-1.0525218896407886,-1.078308231504945,-1.103486673259101,-1.1280011884315513,-1.1518025074638287,-1.1748484249615023,-1.1971039472401606,-1.2185412885812403,-1.2391397294783295,-1.258885354030004,-1.277770686062054,-1.2957942450122089,-1.312960042224746,-1.3292770341428293,-1.3447585599743879,-1.359421771541115,-1.373287069337497,-1.3863775603530573,-1.398718544830492,-1.4103370378269928,-1.4212613288379974,-1.4315205844092023,-1.441144493730476,-1.4501629559026723,-1.4586058099020995,-1.466502601178429,-1.473882386507419,-1.4807735732137401,-1.4872037876316304,-1.4931997719714778,-1.498787305346141,-1.503991146277108,-1.5088349939635393,-1.5133414655840252,-1.5175320869889928,-1.521427295482181,-1.525046451312492,-1.5284078578601514,-1.5315287868393002,-1.5344255098045672,-1.5371133320806631,-1.5396066302921823,-1.54191889143709,-1.544062752918277,-1.546050043737789,-1.5478918249076907,-1.5495984303740344,-1.5511795065268654,-1.5526440512550275,-1.554000451657335,-1.5552565204061128,-1.5564195309261448,-1.5574962507739587,-1.5584929738175894,-1.5594155505856755
-0.9068136272545091,-0.9346730675883358,-0.9623136140491109,-0.9896546242668248,-1.0166180591259255,-1.0431295170970156,-1.0691191737278927,-1.0945226034833888,-1.1192814606866113,-1.143344006629591,-1.1666654750759842,-1.1892082765208511,-1.2109420474355377,-1.2318435562472798,-1.2518964819584133,-1.271091084267284,-1.2894237859422508,-1.3068966881979236,-1.323517035952492,-1.3392966611706623,-1.3542514129951082,-1.3684005892736553,-1.3817663861152487,-1.3943733735580508,-1.406248004037098,-1.4174181574199138,-1.4279127284057476,-1.437761256751941,-1.4469935994347354,-1.4556396460955596,-1.4637290716642142,-1.471291128421896,-1.4783544735672487,-1.484947026954953,-1.4910958584555096,-1.4968271005606204,-1.5021658835014957,-1.5071362901189294,-1.511761327697447,-1.5160629140333843,-1.5200618763188114,-1.5237779594336598,-1.527229843541562,-1.530435167219167,-1.533410557350257,-1.536171661841707,-1.5387331862800673,-1.5411089324273237,-1.5433118379041026,-1.5453540172608975,-1.5472468024034154,-1.5490007837030424,-1.5506258497705445,-1.5521312268822145,-1.5535255171214795,-1.5548167352178344,-1.5560123442504707,-1.5571192895568116,-1.5581440314745103,-1.5590925762418124
-0.8967935871743489,-0.9247115118564054,-0.9524398643858196,-0.9798973329794164,-1.0070048227219162,-1.0336865153150763,-1.0598708449822978,-1.085491365745721,-1.1104874845621129,-1.1348050448819986,-1.1583967503028618,-1.181222426266997,-1.203249123720046,-1.2244510748008055,-1.2448095150489205,-1.264312390106707,-1.282953967230846,-1.3007343723352656,-1.3176590697523922,-1.3337383134069618,-1.348986579120059,-1.3634219931854525,-1.3770657749103745,-1.3899417021423532,-1.4020756073191312,-1.4134949083401094,-1.4242281809640125,-1.4343047737057115,-1.4437544647965141,-1.452607162904145,-1.4608926454908435,-1.4686403377507768,-1.4758791281549388,-1.4826372150826301,-1.4889419842913552,-1.494819912728963,-1.5002964959062919,-1.5053961960327926,-1.5101424080739039,-1.5145574409143914,-1.5186625120858708,-1.5224777526329463,-1.52602222191533,-1.5293139284892288,-1.532369858231247,-1.5352060057097088,-1.5378374098523717,-1.54027819176804,-1.5425415939995644,-1.5446400214037341,-1.546585081534783,-1.5483876258957536,-1.5500577899387642,-1.5516050328334456,-1.5530381760165695,-1.5543654404892753,-1.555594483033654,-1.556732430642003,-1.5577859138166432,-1.5587610980192008
-0.8867735470941884,-0.9147393048433753,-0.9425449145180971,-0.9701085379689346,-0.9973501618093012,-1.0241926783318402,-1.0505628940839755,-1.0763924395308673,-1.1016185521734165,-1.126184715247901,-1.1500411391350236,-1.1731450809569155,-1.195461003855897,-1.216960584206208,-1.2376225796635965,-1.257432574976373,-1.2763826252784647,-1.2944708174203208,-1.3117007667424865,-1.3280810783235009,-1.3436247834490118,-1.3583487669271384,-1.3722732039713077,-1.3854210166338394,-1.3978173582034692,-1.409489130414869,-1.4204645411207455,-1.4307727039491738,-1.440443280009537,-1.4495061637069386,-1.4579912065656873,-1.4659279827170368,-1.47334559206369,-1.4802724954196502,-1.4867363817032753,-1.4927640625773482,-1.4983813917095576,-1.5036132058282596,-1.5084832846833427,-1.5130143270138061,-1.517227940849122,-1.5211446447130754,-1.5247838794189232,-1.528164026519533,-1.5313024344947768,-1.5342154486400335,-1.5369184456225933,-1.5394258705268529,-1.5417512755900769,-1.54390736081804,-1.5459060142665093,-1.5477583533844976,-1.5494747652011351,-1.5510649464049024,-1.552537942276845,-1.5539021844273135,-1.5551655275123961,-1.5563352841742428,-1.5574182588934053,-1.5584207799839798
-0.8767535070140282,-0.9047564862983595,-0.9326288032719664,-0.9602882369107926,-0.9876539945874786,-1.0146478097993188,-1.0411949794884767,-1.067225312794056,-1.0926739616534569,-1.1174821130304504,-1.1415975273861592,-1.1649749163616399,-1.1875761586502727,-1.2093703603608332,-1.2303337710363682,-1.2504495710327816,-1.26970754921838,-1.2881036912397061,-1.3056396958775542,-1.3223224486972511,-1.33816346477589,-1.3531783165561149,-1.3673860665369184,-1.380808715764906,-1.393470677438557,-1.4053982810411323,-1.4166193156327216,-1.427162614414607,-1.4370576811716584,-1.4463343610341861,-1.455022549521094,-1.4631519442680399,-1.470751835459129,-1.4778509290925057,-1.4844772035065896,-1.4906577944632708,-1.4964189059212825,-1.501785743656806,-1.5067824687973734,-1.5114321682918104,-1.5157568405043969,-1.5197773925096962,-1.5235136486572087,-1.5269843663978846,-1.530207260359709,-1.5331990306076473,-1.535975395959108,-1.53855113014423,-1.540940099931886,-1.5431553054032614,-1.5452089200670125,-1.5471123322417533,-1.5488761853865245,-1.550510418456707,-1.5520243051942206,-1.5534264922831629,-1.5547250365515122,-1.5559274404116403,-1.5570406862589126,-1.5580712690088696
-0.8667334669338678,-0.8947630980840059,-0.9226915739990044,-0.9504364343495864,-0.9779162480430644,-1.0050517233272283,-1.031766769767366,-1.0579894825619682,-1.0836530178521924,-1.108696336564732,-1.1330647989471225,-1.1567106002374143,-1.179593043855918,-1.2016786563497435,-1.222941153364651,-1.2433612709626465,-1.2629264803198674,-1.2816306055879014,-1.299473362455325,-1.3164598466085267,-1.3325999849081251,-1.3479079656901942,-1.36240166884171,-1.376102107606849,-1.3890328923552417,-1.4012197223115523,-1.412689914887383,-1.4234719753602854,-1.4335952080922945,-1.4430893721281357,-1.451984375239406,-1.460310011599897,-1.4680957391408052,-1.4753704905628262,-1.4821625188035952,-1.4884992721738555,-1.4944072962606827,-1.4999121597478375,-1.5050384011814424,-1.5098094936293163,-1.5142478252752853,-1.5183746925474748,-1.5222103052181737,-1.5257737994048455,-1.529083259349149,-1.532155743894603,-1.5350073184238675,-1.53765309001905,-1.540107244879578,-1.542383088170697,-1.5444930839035995,-1.5464488963005814,-1.5482614302228443,-1.5499408717661536,-1.5514967278790734,-1.552937864914928,-1.5542725463025784,-1.55550846847492,-1.5566527958064305,-1.5577121936877172
-0.8567134268537075,-0.8847591841786107,-0.9127332746147189,-0.9405531418104023,-0.9681368581671763,-0.9954042428299807,-1.0222779440947862,-1.048684455551947,-1.074555033063747,-1.0998264880112452,-1.1244418365899103,-1.1483507930739942,-1.1715101007919546,-1.1938837028665448,-1.215442759961682,-1.2361655278062293,-1.2560371114331454,-1.2750491152975656,-1.2931992067100553,-1.3104906215898386,-1.3269316263761461,-1.3425349527949815,-1.3573172270084217,-1.3712984061030171,-1.3845012330817121,-1.3969507169563047,-1.4086736486185911,-1.4196981559076067,-1.430053299697358,-1.4397687142601265,-1.4488742861236308,-1.4573998774196697,-1.4653750898300333,-1.472829062970959,-1.4797903084089363,-1.4862865744551215,-1.4923447388076987,-1.4979907261972358,-1.503249448031994,-1.5081447609223864,-1.512699441970824,-1.5169351774647613,-1.520872564266276,-1.5245311197757627,-1.527929301219685,-1.5310845301838178,-1.5340132230270616,-1.5367308249196945,-1.5392518464485394,-1.5415899029517899,-1.5437577540907206,-1.545767345136756,-1.5476298474468515,-1.549355699258919,-1.5509546456066363,-1.55243577724302,-1.5538075687623405,-1.5550779150029537,-1.5562541665153355,-1.5573431631683985
-0.8466933867735471,-0.8747447906777169,-0.9027539576358315,-0.9306383779091438,-0.9583157701732894,-0.9857052028778346,-1.012728192744085,-1.0393097488094118,-1.0653793277816177,-1.0908716741881948,-1.115727522820966,-1.1398941489013348,-1.1633257570294973,-1.1859837087017393,-1.2078365934746242,-1.2288601548397788,-1.249037086481752,-1.2683567173008525,-1.2868146024164389,-1.3044120487609403,-1.3211555901023337,-1.3370564284023811,-1.352129863842761,-1.3663947274753665,-1.3798728286041568,-1.3925884241046689,-1.404567721418475,-1.4158384193533093,-1.4264292891911934,-1.4363697997896177,-1.44568978109806,-1.4544191329285285,-1.462587575172556,-1.4702244331908938,-1.4773584599852856,-1.4840176902527156,-1.4902293233690456,-1.496019632475206,-1.5014138966391053,-1.506436352909462,-1.5111101659842865,-1.515457412188399,-1.5194990768955328,-1.5232550612325173,-1.526744198670576,-1.529984277443149,-1.5329920692824284,-1.5357833622060661,-1.538372996198451,-1.540774901937347,-1.5430021399787788,-1.5450669419007683,-1.5469807507727937,-1.5487542621077397,-1.5503974640390978,-1.551919676589148,-1.5533295902221778,-1.554635302706435,-1.5558443551029326,-1.556963765896922
-0.8366733466933869,-0.864719965795191,-0.8927536802164188,-0.9206921684617548,-0.9484529387154671,-0.9759544490519624,-1.0031172175943162,-1.0298648903634668,-1.0561252314823342,-1.0818310074435697,-1.106920740785568,-1.1313393161573475,-1.1550384271457266,-1.1779768613031898,-1.2001206261738289,-1.2214429255230228,-1.2419240000085325,-1.2615508497277517,-1.2803168555093123,-1.2982213269545562,-1.3152689930325874,-1.331469452261703,-1.3468366055298127,-1.3613880865018264,-1.375144702668332,-1.3881298948593241,-1.4003692280361102,-1.4118899182453901,-1.422720398962142,-1.4328899309500223,-1.4424282503221415,-1.451365262507832,-1.4597307784368925,-1.4675542865765392,-1.4748647628687097,-1.4816905136430623,-1.4880590485375438,-1.49399698063212,-1.4995299507534035,-1.5046825727104796,-1.5094783970125352,-1.5139398898386058,-1.518088426222839,-1.5219442932661083,-1.5255267038146845,-1.5288538165822771,-1.5319427630464773,-1.5348096788465464,-1.5374697384226066,-1.5399371930332413,-1.5422254094698034,-1.5443469109867534,-1.5463134177076836,-1.5481358876870348,-1.549824557312574,-1.5513889808886938,-1.5528380695990533,-1.5541801288107366,-1.5554228945727413,-1.5565735682648874
-0.8266533066132264,-0.8546847598637684,-0.8827325041828592,-0.9107145465922103,-0.9385483281067378,-0.9661518383031443,-0.9934447326463541,-1.020349419900641,-1.0467920834378706,-1.0727036065679134,-1.0980203752250213,-1.1226849386194213,-1.1466465135501729,-1.16986132741349,-1.192292800318957,-1.2139115735180597,-1.23469539678191,-1.2546288910480443,-1.2737032027252355,-1.2919155768379125,-1.3092688657342422,-1.3257709904253634,-1.3414343782320735,-1.3562753926621807,-1.3703137695173517,-1.383572067676225,-1.3960751484534737,-1.4078496892108567,-1.4189237352177226,-1.4293262943453484,-1.4390869695998636,-1.4482356380888939,-1.4568021728878928,-1.4648162013778863,-1.4723069025615065,-1.4793028384322155,-1.4858318164217255,-1.491920780179255,-1.4975957256342527,-1.502881639055106,-1.5078024544735424,-1.512381027342039,-1.5166391232002085,-1.5205974171494483,-1.5242755043912535,-1.5276919178632686,-1.5308641531232818,-1.5338086982123773,-1.536541067126362,-1.5390758370167332,-1.5414266863449384,-1.5436064355240917,-1.5456270871997357,-1.5474998673707838,-1.5492352659769977,-1.550843076765237,-1.5523324366374067,-1.5537118633780593,-1.5549892926499878,-1.5561721131516295
-0.8166332665330662,-0.8446392253350573,-0.8726904960675337,-0.900705552839138,-0.9286019125373899,-0.9562972393137963,-0.9837104645483459,-1.010762889456647,-1.0373792335570953,-1.0634885977486779,-1.089025313488382,-1.1139296564024501,-1.138148407387078,-1.1616352537892303,-1.1843510286079395,-1.2062637927864115,-1.2273487714696205,-1.2475881592640665,-1.2669708102726724,-1.2854918390358534,-1.3031521499647294,-1.3199579122717575,-1.3359200045895452,-1.3510534461504884,-1.36537682946115,-1.3789117635428756,-1.3916823427288703,-1.4037146475229683,-1.4150362823346767,-1.4256759551407225,-1.4356630944657693,-1.4450275131858692,-1.4537991158135248,-1.4620076428039377,-1.4696824548685399,-1.4768523523978307,-1.4835454270207709,-1.489788942619343,-1.4956092427541887,-1.5010316811752955,-1.5060805725976676,-1.5107791607291365,-1.5151496021226598,-1.5192129616577776,-1.5229892196987087,-1.5264972870438158,-1.529755027614721,-1.5327792866302272,-1.535585922776372,-1.5381898444759605,-1.540605047387201,-1.5428446546760326,-1.5449209571051805,-1.546845454159704,-1.5486288947757907,-1.550281317454879,-1.551812089970388,-1.5532299474979934,-1.554543030094106,-1.5557589183515115
-0.8066132264529058,-0.8345834167789932,-0.8626277271412229,-0.8906652352609308,-0.9186136762929369,-0.9463905328629987,-0.9739141531301755,-1.0011048641259972,-1.0278860432564543,-1.054185115566987,-1.0799344466004062,-1.1050721070261469,-1.1295424895178239,-1.153296768007374,-1.176293194715129,-1.1984972377714687,-1.2198815683876905,-1.2404259111621583,-1.260116772538256,-1.2789470722621201,-1.2969156962161348,-1.314026987468602,-1.3302902001229253,-1.3457189337525286,-1.3603305642733576,-1.37414568094788,-1.3871875455978468,-1.3994815813951926,-1.4110548969084826,-1.4219358509289592,-1.4321536539275985,-1.441738016569852,-1.4507188421813755,-1.4591259567075978,-1.4669888796512514,-1.4743366311477113,-1.481197572217777,-1.4875992755997223,-1.4935684241323945,-1.4991307333351764,-1.50431089516608,-1.5091325400896498,-1.5136182158062996,-1.5177893784720111,-1.5216663962236228,-1.525268561230187,-1.5286141099941084,-1.5317202496718358,-1.5346031888004874,-1.5372781725134566,-1.5397595192813285,-1.5420606607281082,-1.5441941814571638,-1.5461718601223668,-1.5480047102508394,-1.5497030205667448,-1.5512763950276411,-1.5527337913344872,-1.5540835588770043,-1.5553334748758323
-0.7965931863727456,-0.8245173908827355,-0.8525442734441556,-0.880593649539223,-0.908583613971518,-0.9364316121942013,-0.9640555519466066,-0.9913749227892876,-1.0183118863600695,-1.0447923040376017,-1.0707466703874122,-1.09611092655445,-1.1208271315875133,-1.144843979364165,-1.1681171539252984,-1.1906095236740064,-1.2122911813330046,-1.2331393416313503,-1.2531381108373816,-1.2722781514661607,-1.2905562612416057,-1.3079748828807531,-1.3245415695415392,-1.3402684245872092,-1.355171532411574,-1.3692703906346761,-1.382587360821383,-1.3951471459886293,-1.4069763014861791,-1.4181027852543338,-1.4285555438442763,-1.4383641455607772,-1.4475584578996505,-1.4561683628658069,-1.4642235141714683,-1.4717531315662054,-1.4787858293620677,-1.485349476658515,-1.4914710862676093,-1.4971767289688371,-1.5024914698672602,-1.5074393241578363,-1.51204323040875,-1.5163250372379364,-1.5203055029396413,-1.524004304414625,-1.5274400548789633,-1.5306303281575289,-1.5335916878161466,-1.5363397211925827,-1.5388890752706712,-1.541253495947353,-1.543445867518775,-1.5454782536332843,-1.5473619381567907,-1.5491074656646202,-1.550724681775498,-1.5522227720159614,-1.5536103002146595,-1.5548952451177112
-0.7865731462925853,-0.8144412064489936,-0.8424402158156428,-0.8704908590805682,-0.8985117307004516,-0.9264203833852214,-0.9541344288286954,-0.9815726588578632,-1.0086561500293125,-1.0353093176927883,-1.061460886662671,-1.0870447508098198,-1.1120006971798682,-1.1362749798721639,-1.1598207338704674,-1.1825982268289226,-1.2045749535084203,-1.2257255830586027,-1.2460317722182204,-1.2654818660037503,-1.284070505570469,-1.301798159427395,-1.318670602958433,-1.3346983657114868,-1.3498961640574352,-1.3642823301325215,-1.3778782552710507,-1.390707857119239,-1.4027970779656382,-1.4141734207737107,-1.4248655199166895,-1.4349027589121708,-1.444314932655653,-1.4531319478262008,-1.461383565994945,-1.469099184817367,-1.4763076544087879,-1.4830371265316857,-1.4893149336382123,-1.4951674943938906,-1.500620242239825,-1.5056975744960983,-1.5104228198614007,-1.5148182202515892,-1.5189049262476244,-1.5227030026694652,-1.5262314434762618,-1.5295081938480544,-1.5325501775628716,-1.5353733297036496,-1.5379926315490524,-1.5404221491913819,-1.542675072600387,-1.5447637563892678,-1.5466997606670294,-1.5484938916531275,-1.5501562422739845,-1.5516962313539204,-1.5531226424383087,-1.5544436608670864
-0.7765531062124249,-0.8043549243937822,-0.8323156399222583,-0.8603569351161917,-0.8883980423516947,-0.9163567657201651,-0.9441505664430587,-0.971697681035571,-0.9989182357219066,-1.025735322710758,-1.052076004472934,-1.0778722166652592,-1.1030615430647286,-1.1275878453612616,-1.151401735376918,-1.1744608851918763,-1.19673017755009,-1.2181817048107266,-1.2387946283291884,-1.2585549178407107,-1.2774549910199509,-1.2954932688944614,-1.312673672015921,-1.3290050775890598,-1.3445007559733597,-1.359177798058027,-1.3730565527407501,-1.3861600846508475,-1.3985136606437334,-1.410144272034157,-1.421080190267357,-1.4313505692621509,-1.4409850923028218,-1.4500136572894309,-1.4584661054221981,-1.4663719888712705,-1.4737603745813317,-1.4806596819860487,-1.48709755173437,-1.4931007420657965,-1.4986950491669753,-1.5039052492429112,-1.5087550598800576,-1.513267116738234,-1.5174629645254303,-1.5213630589674871,-1.5249867786708393,-1.5283524447966228,-1.531477346511976,-1.5343777722240837,-1.5370690433632155,-1.5395655522442133,-1.541880800619422,-1.5440274401833627,-1.546017313351824,-1.5478614939500506,-1.5495703280333448,-1.5511534733738193,-1.5526199386900041,-1.5539781211615544
-0.7665330661322647,-0.7942586077435885,-0.8221706362845025,-0.8501919567996645,-0.8782425757559171,-0.9062406920628616,-0.9341037628585298,-0.9617496140972109,-0.9890975601804822,-1.016069498089231,-1.0425909414076078,-1.0685919634168486,-1.0940080205424736,-1.118780636689659,-1.1428579334300635,-1.1661949989449882,-1.1887540956672866,-1.2105047128139375,-1.2314234743608523,-1.2514939198000585,-1.27070617821246,-1.2890565507092047,-1.3065470259258194,-1.3231847494238744,-1.338981466173421,-1.3539529481808261,-1.3681184274746245,-1.3815000455595148,-1.3941223288951057,-1.4060116978450805,-1.4171960075836458,-1.4277041351223159,-1.437565610765324,-1.4468102879939106,-1.4554680574116088,-1.4635686005170518,-1.471141180519191,-1.4782144681401799,-1.4848163995839205,-1.4909740633346447,-1.496713611884589,-1.5020601963876032,-1.507037921517288,-1.5116698166891713,-1.5159778222526061,-1.5199827875949246,-1.5237044797246178,-1.5271616003301285,-1.5303718091238148,-1.5333517534443395,-1.5361171007989316,-1.5386825758532652,-1.5410619983783245,-1.5432683234134763,-1.5453136819070425,-1.5472094214244785,-1.548966147150962,-1.5505937616402294,-1.5521015044256856,-1.5534979899572663
-0.7565130260521042,-0.7841523216319478,-0.8120053003018979,-0.8399960113023436,-0.8680453689149078,-0.8960721092313763,-0.9239938321196876,-0.9517280996832472,-0.9791935564504619,-1.0063110368646278,-1.0330046249720464,-1.0592026342395888,-1.0848384768897776,-1.1098514010710292,-1.1341870782652081,-1.1577980312313103,-1.1806438999057882,-1.2026915492429355,-1.2239150280743545,-1.2442953938641246,-1.2638204241086664,-1.2824842286850644,-1.3002867874297597,-1.3172334343604655,-1.3333343084065348,-1.3486037832474047,-1.3630598974008352,-1.3767237966545942,-1.3896191994625806,-1.4017718932218715,-1.4132092607977518,-1.4239598523743275,-1.434053001427027,-1.4435184790672813,-1.452386192956999,-1.460685926823257,-1.468447117870617,-1.475698670231856,-1.4824688017302199,-1.4887849206625798,-1.4946735284613828,-1.5001601465309409,-1.5052692642161778,-1.5100243042170418,-1.5144476036717767,-1.5185604081201662,-1.5223828765510268,-1.5259340956253327,-1.5292321007198197,-1.5322939037282899,-1.5351355242209985,-1.5377720254392562,-1.5402175515339507,-1.5424853673003567,-1.5445878986095165,-1.546536773078206,-1.548342861207441,-1.550016316356347,-1.5515666147070395,-1.5530025936023222
-0.746492985971944,-0.7740361332954239,-0.8018197322764702,-0.8297691939064398,-0.8578064712120179,-0.8858509783731625,-0.9138206048267176,-0.9416327971102799,-0.969205674927053,-0.9964591473772548,-1.0233159940263319,-1.049702877729292,-1.0755512569111423,-1.1007981735242307,-1.1253868965925666,-1.1492674090283141,-1.172396732546619,-1.1947390923323382,-1.2162659289295596,-1.2369557695444295,-1.2567939795679168,-1.2757724077463128,-1.2938889486861986,-1.3111470445542295,-1.3275551464509834,-1.3431261485576553,-1.357876817061067,-1.3718272269415672,-1.3850002183396148,-1.3974208808769237,-1.4091160662751145,-1.4201139452420493,-1.4304436079693381,-1.4401347028061893,-1.4492171198788777,-1.4577207160028007,-1.4656750782859715,-1.4731093247869342,-1.4800519396163376,-1.4865306392561024,-1.4925722657055913,-1.4982027050864721,-1.5034468283212277,-1.5083284503863374,-1.5128703059446134,-1.5170940388773528,-1.5210202035252638,-1.524668275842177,-1.5280566719330666,-1.531202773873462,-1.5341229593341386,-1.5368326364476566,-1.539346280228647,-1.5416774717867874,-1.5438389384724802,-1.5458425944453493,-1.5476995818982833,-1.5494203112156817,-1.5510145012613408,-1.5524912180931594
-0.7364729458917836,-0.7639101120689759,-0.7916140374345513,-0.8195116080955466,-0.8475259436203324,-0.8755772753403659,-0.9035839287210027,-0.9314633841966922,-0.9591333844310256,-0.9865130545827785,-1.0135240002908041,-1.0400913495331978,-1.066144704600673,-1.0916189784520998,-1.1164550929652397,-1.1406005241711705,-1.164009686652699,-1.1866441563242989,-1.2084727373273347,-1.229471382333499,-1.2496229869490256,-1.2689170706434525,-1.2873493670921903,-1.3049213461160003,-1.3216396882203296,-1.3375157252894092,-1.3525648702259299,-1.3668060496116115,-1.3802611522245585,-1.3929545022328276,-1.4049123584813679,-1.416162456705045,-1.4267335946199007,-1.4366552548430642,-1.445957272985289,-1.454669547636244,-1.4628217897638105,-1.4704433101405499,-1.4775628423257778,-1.4842083980631653,-1.4904071504482086,-1.496185343873155,-1.5015682269976798,-1.506580005471456,-1.511243811755959,-1.5155816899198593,-1.51961459278693,-1.5233623897724162,-1.5268438826972834,-1.5300768294327918,-1.5330779718282548,-1.535863069306944,-1.5384469343500473,-1.5408434710867949,-1.5430657150716003,-1.5451258736823563,-1.5470353673749495,-1.5488048699812982,-1.5504443492861495,-1.551963106092237
-0.7264529058116234,-0.7537743293807175,-0.7813883259468634,-0.8092233656424868,-0.8372038589082644,-0.8652509910647992,-0.8932836692758158,-0.9212195581028387,-0.9489761733128715,-0.9764720014101425,-1.0036276099195218,-1.0303667140719428,-1.0566171649185978,-1.0823118313560132,-1.1073893512991957,-1.1317947345371975,-1.1554798067768253,-1.1784034915672612,-1.2005319339817262,-1.2218384722543163,-1.242303477766126,-1.2619140746720434,-1.2806637610496119,-1.2985519539367745,-1.3155834796819894,-1.331768023567088,-1.3471195621868857,-1.3616557936428448,-1.3753975795259832,-1.388368407931457,-1.4005938800963278,-1.4121012383171396,-1.4229189357715317,-1.4330762436555258,-1.442602903554718,-1.4515288222032794,-1.4598838062975876,-1.467697336257085,-1.4749983766252892,-1.4818152200802277,-1.4881753601479895,-1.494105392044886,-1.499630937505671,-1.504776590589732,-1.5095658813148498,-1.514021255393901,-1.5181640669869338,-1.5220145829572358,-1.5255919957298394,-1.5289144445553642,-1.5319990415674738,-1.5348619039550537,-1.5375181883829419,-1.5399821288501467,-1.5422670760087662,-1.544385537317436,-1.546349218266131,-1.548169062765144,-1.5498552939730623,-1.5514174536828167
-0.7164328657314629,-0.7436288587460481,-0.7711427129468214,-0.798904586694312,-0.8268403018422412,-0.854872131932059,-0.8829197102914235,-0.9109010361850456,-0.9387335505848198,-0.9663352501659701,-0.9936258051426777,-1.0205276463553938,-1.0469669856869936,-1.0728747406930201,-1.0981873365546098,-1.1228473654033646,-1.1468040898451728,-1.1700137847818488,-1.1924399194391313,-1.2140531825246945,-1.2348313704160012,-1.2547591484094283,-1.2738277056873077,-1.2920343264000709,-1.3093818985911245,-1.3258783752716434,-1.341536211715932,-1.3563717949982725,-1.3704048808978542,-1.3836580478116172,-1.39615617154186,-1.407925939391475,-1.4189954049279652,-1.4293935793707,-1.4391500680896874,-1.448294749868058,-1.4568574967662717,-1.4648679337905022,-1.4723552362502264,-1.479347961909146,-1.485873912758013,-1.4919600262971016,-1.497632291770122,-1.5029156886514587,-1.507834143695802,-1.5124105052772294,-1.5166665314254157,-1.520622890222531,-1.5242991694594097,-1.5277138952989282,-1.5308845562778972,-1.533827633891106,-1.5365586358124512,-1.5390921329034981,-1.5414417979770982,-1.5436204456248985,-1.5456400733467,-1.547511901976865,-1.549246416721756,-1.5508534068338387
-0.7064128256513027,-0.7334737757611619,-0.7608773185470117,-0.7885553998543032,-0.8164353693861635,-0.8444407201542532,-0.8724919544938785,-0.9005075568626275,-0.9284050470800761,-0.956102083985339,-0.9835175859788481,-1.010572833894745,-1.0371925196091563,-1.0633057098824523,-1.088846696588218,-1.1137557109893412,-1.1379794862314239,-1.16147165951114,-1.1841930137631014,-1.20611155835565,-1.2272024679953195,-1.2474478884859452,-1.2668366285527204,-1.285363759991356,-1.303030148044201,-1.3198419265902808,-1.3358099426851124,-1.3509491874057624,-1.3652782292830135,-1.3788186603269483,-1.3915945598888337,-1.4036319955112184,-1.4149585629300439,-1.4256029618132173,-1.4355946162856348,-1.4449633384594764,-1.453739033007243,-1.4619514423213216,-1.4696299303673477,-1.4768033024979987,-1.4834996557876707,-1.489746260284586,-1.4955694661812229,-1.5009946345628422,-1.5060460874577333,-1.5107470764219713,-1.5151197655216397,-1.5191852275748683,-1.5229634503435323,-1.5264733523616894,-1.5297328046839074,-1.5327586597046203,-1.5355667830330768,-1.5381720895251219,-1.540588581386409,-1.5428293875859098,-1.5449068048180432,-1.546832337907925,-1.5486167410121963,-1.5502700575447361
-0.6963927855711423,-0.7233091580959212,-0.7505922678537947,-0.778175942260816,-0.8059891708972959,-0.8339567941407727,-0.8620003241367256,-0.890038880497045,-0.9179902166385417,-0.9457718083286847,-0.97330197201782,-1.000500978713151,-1.0272921264169912,-1.0536027394689957,-1.0793650641866337,-1.1045170361991092,-1.129002901037475,-1.152773676773751,-1.1757874564049482,-1.1980095459046978,-1.2194124562282689,-1.2399757564094152,-1.2596858052887991,-1.2785353838161186,-1.2965232498584742,-1.3136536303059876,-1.329935675338972,-1.34538289270582,-1.360012579443213,-1.3738452613748502,-1.3869041471067065,-1.399214616322667,-1.4108037454128863,-1.4216998677418673,-1.4319321781552343,-1.4415303805825617,-1.450524377004353,-1.4589439977006768,-1.4668187711437402,-1.4741777309934956,-1.481049254487328,-1.4874609331778925,-1.4934394705535776,-1.4990106046110587,-1.504199050471161,-1.5090284628340385,-1.5135214135503248,-1.517699383394828,-1.5215827645151492,-1.5251908731749646,-1.528541969037177,-1.5316532820289595,-1.5345410427129826,-1.537220517205145,-1.5397060445036013,-1.5420110753926346,-1.5441482131591817,-1.5461292539128035,-1.5479652278990548,-1.5496664396364113
-0.686372745490982,-0.7131350854860884,-0.7402876909799715,-0.7677663596627987,-0.7955018283182439,-0.8234204088665229,-0.8514447616047923,-0.8794947902822319,-0.9074886373181293,-0.9353437525244023,-0.9629780042745179,-0.9903107994569853,-1.0172641751506981,-1.0437638294492515,-1.069740059290826,-1.09512857857472,-1.119871195597582,-1.1439163359394657,-1.1672194062820214,-1.1897429914070494,-1.2114569015274441,-1.2323380754642548,-1.252370355314596,-1.2715441540406638,-1.2898560377859036,-1.3073082378287575,-1.3239081172144103,-1.3396676107536432,-1.3546026569539291,-1.36873263250639,-1.3820797976176562,-1.3946687725650608,-1.4065260494413125,-1.417679537215886,-1.4281581502436316,-1.4379914397917546,-1.4472092671181598,-1.4558415184255016,-1.4639178603438097,-1.4714675336255576,-1.4785191790756034,-1.4851006972783385,-1.4912391361645583,-1.4969606049530524,-1.5022902088768255,-1.507252005114131,-1.5118689745715994,-1.5161630088573221,-1.520154908690301,-1.5238643932915796,-1.527310116976053,-1.5305096938595335,-1.5334797265569013,-1.5362358398375577,-1.5387927170570872,-1.5411641384476307,-1.543363021503248,-1.545401461144455,-1.5472907710880488,-1.5490415241505286
-0.6763527054108218,-0.702951639724912,-0.7299637230554804,-0.7573268064918418,-0.7849734763646717,-0.8128316362370147,-0.8408252300192063,-0.8688750931450566,-0.8968999126306777,-0.9248172713565671,-0.9525447471143857,-0.9800010336096325,-1.0071070465749,-1.03378698176882,-1.059969291422192,-1.0855875504762988,-1.1105811892237063,-1.1348960758484512,-1.158484942087264,-1.1813076405098402,-1.203331249213321,-1.224530027709264,-1.2448852375307689,-1.2643848482724962,-1.28302315057258,-1.3008002909725838,-1.3177217537040415,-1.3337978088629097,-1.3490429466423794,-1.3634753084864937,-1.3771161251156177,-1.3899891822889099,-1.402120319267404,-1.4135369590275662,-1.4242676808649561,-1.434341835751061,-1.4437892032788502,-1.4526396909618622,-1.4609230748687634,-1.468668779536783,-1.4759056909210775,-1.4826620046032046,-1.4889651027839785,-1.4948414591212327,-1.500316565090453,-1.5054148789770134,-1.510159791473577,-1.5145736075004697,-1.518677540261361,-1.5224917169973575,-1.5260351926457467,-1.5293259721703212,-1.5323810374043856,-1.5352163792838691,-1.5378470332482341,-1.5402871168045706,-1.5425498694883975,-1.54464769279603,-1.5465921915490337,-1.5483942143146656
-0.6663326653306614,-0.6927589046540649,-0.719620504236065,-0.746857445930586,-0.7744042627084043,-0.8021905654496889,-0.8301417138427136,-0.8581796206547758,-0.8862236728013201,-0.9141917466969897,-0.9420012902503396,-0.9695704398095017,-0.9968191357352031,-1.0236702029969111,-1.0500503623208366,-1.0758911415029022,-1.1011296612107144,-1.1257092761964687,-1.1495800628555057,-1.1726991378368392,-1.1950308219203964,-1.2165466511012077,-1.2372252460744348,-1.257052059900342,-1.2760190248777374,-1.2941241134849069,-1.3113708382612062,-1.3277677107800756,-1.3433276804476333,-1.3580675641732427,-1.3720074786090908,-1.385170296212154,-1.3975811311505597,-1.4092668551333936,-1.4202556542850702,-1.4305766282997794,-1.4402594310553618,-1.4493339539257952,-1.4578300511448135,-1.4657773054608703,-1.4732048275812542,-1.4801410923435532,-1.486613804597834,-1.4926497944498192,-1.4982749347589637,-1.5035140827564188,-1.5083910390373476,-1.5129285238555985,-1.5171481664914097,-1.52107050706452,-1.5247150070014948,-1.5281000687543174,-1.5312430605925036,-1.5341603472409941,-1.5368673241058854,-1.5393784539897537,-1.5417073065259577,-1.543866597794908,-1.5458682316150334,-1.5477233400255432
-0.6563126252505012,-0.6825569661539219,-0.7092581797098675,-0.7363584499773315,-0.7637943481555463,-0.7914973033508191,-0.8193942194843324,-0.8474082299402527,-0.8754595760500157,-0.903466589180622,-0.9313467508111603,-0.9590178002736846,-0.9863988546589658,-1.0134115071854162,-1.0399808688068457,-1.066036521169337,-1.0915133531210264,-1.1163522592099144,-1.140500688813922,-1.1639130268135878,-1.1865508182210276,-1.2083828367746163,-1.2293850061513383,-1.2495401924174367,-1.2688378880698206,-1.2872738023382193,-1.3048493822472302,-1.321571285179646,-1.337450824682492,-1.3525034006848555,-1.3667479276452477,-1.3802062821609584,-1.3929027771767526,-1.4048636640111298,-1.4161166737696729,-1.4266906003357094,-1.436614924506525,-1.4459194810225486,-1.4546341682572226,-1.46278869914444,-1.470412386591566,-1.4775339670867496,-1.4841814549183405,-1.49038202731496,-1.4961619325628155,-1.5015464237923928,-1.506559710923801,-1.5112249310407653,-1.5155641327154157,-1.5195982735561786,-1.5233472272075574,-1.5268298002045677,-1.5300637545034756,-1.5330658363377436,-1.5358518091121711,-1.5384364891364173,-1.5408337844215425,-1.5430567338884003,-1.5451175485100872,-1.5470276517966042
-0.6462925851703407,-0.6723459121331792,-0.6988768997019029,-0.7258299995066916,-0.7531439068192564,-0.7807519747873418,-0.8085827759023375,-0.8365608046136341,-0.8646073098938188,-0.8926412399231398,-0.9205802754809527,-0.9483419233284135,-0.9758446352038112,-1.0030089189192308,-1.029758405875401,-1.0560208418544401,-1.0817289713691303,-1.106821291635901,-1.1312426625460523,-1.1549447497854903,-1.1778863115011522,-1.2000333265118417,-1.221358969977224,-1.2418434537557284,-1.2614737509209937,-1.2802432187970954,-1.2981511444245033,-1.315202233673063,-1.3314060666780052,-1.346776530823003,-1.3613312466717036,-1.3750910085395278,-1.3880792480099768,-1.4003215228652819,-1.4118450434106804,-1.4226782394204172,-1.432850367711719,-1.442391162635913,-1.4513305297173442,-1.4596982813960944,-1.4675239078861066,-1.474836387684289,-1.4816640295607697,-1.4880343470698956,-1.4939739567472796,-1.4995085035860523,-1.5046626054699745,-1.5094598172086695,-1.5139226094426494,-1.5180723615801606,-1.521929365034314,-1.5255128369422046,-1.5288409402079244,-1.531930810374855,-1.5347985870188143,-1.5374594483552746,-1.5399276492767076,-1.5422165600527356,-1.544338707241457,-1.5463058141092794
-0.6362725450901805,-0.6621258325178078,-0.6884768194763673,-0.7152722843261287,-0.7424531262868035,-0.7699547229529136,-0.7977074352045028,-0.8256372556990639,-0.8536665924682851,-0.8817151722792674,-0.9097010427089792,-0.937541646047133,-0.965154932057108,-0.992460476564445,-1.0193805700366476,-1.0458412420367451,-1.0717731901272987,-1.097112587074077,-1.121801750500923,-1.1457896484642014,-1.1690322491255287,-1.1914927104414008,-1.213141412864666,-1.2339558506631731,-1.2539204002259288,-1.2730259792780325,-1.2912696201024694,-1.3086539783265472,-1.3251868007931396,-1.3408803637215336,-1.3557508984914002,-1.3698180267709752,-1.3831042145050696,-1.3956342485981634,-1.4074347486372083,-1.418533718003253,-1.4289601348694598,-1.4387435859492075,-1.4479139437387756,-1.4565010866347783,-1.464534654719413,-1.4720438466327253,-1.4790572487544644,-1.485602698543125,-1.4917071722520665,-1.4973967015933947,-1.5026963101694273,-1.5076299707268475,-1.5122205782420242,-1.5164899378780219,-1.520458764143721,-1.5241466911863344,-1.5275722901032642,-1.530753093612838,-1.5337056257629453,-1.5364454352549914,-1.5389871325894806,-1.5413444281481972,-1.543530172783455,-1.5455563980994593
-0.62625250501002,-0.651896819239339,-0.6780580993367381,-0.704685503228219,-0.7317222077805325,-0.7591057097275091,-0.7867682732445106,-0.8146375225649439,-0.8426371738662797,-0.8706878936402149,-0.8987082649889003,-0.9266158369966692,-0.9543282258893293,-0.9817642357207782,-1.0088449629111984,-1.0354948498337775,-1.0616426545746498,-1.087222308678332,-1.1121736448809758,-1.1364429647405845,-1.1599834519337977,-1.1827554250069507,-1.20472642949641,-1.2258711831613927,-1.2461713913758055,-1.2656154460243008,-1.2841980299478672,-1.3019196486865972,-1.318786113774376,-1.3348079886906192,-1.350000016765508,-1.364380552649144,-1.3779710081073377,-1.3907953174583607,-1.4028794353104916,-1.4142508721523384,-1.424938268842508,-1.434971013468427,-1.4443789018866329,-1.453191841796486,-1.4614395929448567,-1.4691515498211674,-1.4763565574406758,-1.4830827629525503,-1.4893574922936137,-1.4952071575146946,-1.5006571846961474,-1.5057319639532627,-1.5104548162775993,-1.5148479761209945,-1.5189325861396918,-1.522728703747369,-1.5262553154340122,-1.5295303589996616,-1.5325707513797284,-1.5353924205151441,-1.538010341461485,-1.5404385737331838,-1.5426903014706042,-1.5447778735016624
-0.6162324649298598,-0.6416589662224744,-0.6676209046236181,-0.69406986403848,-0.7209513663123497,-0.7482051160098209,-0.775765390213354,-0.8035615738581255,-0.8315188374922526,-0.859558947268304,-0.8876011912060807,-0.9155633990915493,-0.9433630266637497,-0.970918272884291,-0.9981491950920169,-1.0249787868614428,-1.0513339845124274,-1.0771465722579157,-1.1023539659446848,-1.126899841905537,-1.1507346141125456,-1.1738157512538792,-1.1961079304315367,-1.2175830391265694,-1.2382200409241588,-1.2580047176234708,-1.2769293084754587,-1.2949920683158858,-1.3121967694528582,-1.328552158227761,-1.3440713875190515,-1.3587714465393501,-1.3726725999606386,-1.385797843272806,-1.398172387294682,-1.4098231786716333,-1.4207784580173892,-1.431067359805942,-1.4407195559505828,-1.4497649434439348,-1.458233368489917,-1.4661543944828392,-1.4735571037934003,-1.4804699370717675,-1.4869205582373797,-1.49293575191902,-1.4985413423146001,-1.5037621354537036,-1.5086218793450705,-1.5131432407685879,-1.5173477952443946,-1.5212560295103448,-1.5248873525662765,-1.5282601152163768,-1.531391635795747,-1.5342982304014574,-1.5369952478072246,-1.5394971059384435,-1.5418173315069073,-1.5439685997630446
-0.6062124248496994,-0.6314123693720226,-0.657165405710287,-0.6834255836586144,-0.7101408308313604,-0.7372531420417389,-0.764698911224549,-0.7924094084383507,-0.8203114014299167,-0.8483279141666371,-0.8763791090513,-0.9043832725561237,-0.9322578771045256,-0.9599206893260445,-0.9872908902832765,-1.014290172430189,-1.0408437783691504,-1.066881449809005,-1.0923382647620958,-1.117155326323276,-1.1412803034928047,-1.1646678134856494,-1.1872796388966376,-1.2090847890428509,-1.2300594191877996,-1.2501866194017337,-1.2694560922414058,-1.2878637408473115,-1.305411192770501,-1.3221052701693294,-1.3379574296044228,-1.3529831923644873,-1.367201578642008,-1.380634554163011,-1.3933065023877524,-1.40524373047351,-1.4164740113346943,-1.4270261665699369,-1.436929692877582,-1.4462144329078501,-1.4549102828515694,-1.463046945170317,-1.4706537157808681,-1.4777593104657183,-1.48439171757827,-1.490578085024109,-1.4963446294992917,-1.5017165704883724,-1.5067180832413574,-1.5113722693272678,-1.5157011414436394,-1.519725621457486,-1.5234655478720143,-1.5269396924027219,-1.5301657833717415,-1.5331605340984336,-1.5359396764471178,-1.5385179962894224,-1.540909372485393,-1.5431268162274663
-0.5961923847695392,-0.6211571265591573,-0.6466917779959188,-0.6727528881050114,-0.6992908443642666,-0.7262500077241533,-0.7535689868919064,-0.7811810563111469,-0.8090147198210601,-0.8369944149813707,-0.8650413474988009,-0.8930744379936472,-0.9210113563246601,-0.9487696151918867,-0.9762676897264572,-1.0034261280946353,-1.0301686176198244,-1.0564229735090347,-1.0821220264637283,-1.1072043696049387,-1.1316149623267764,-1.155305578347425,-1.1782350879204853,-1.2003695809844834,-1.2216823429333115,-1.242153693736343,-1.2617707077682074,-1.2805268355698185,-1.29842145313104,-1.3154593489592532,-1.3316501740789626,-1.347007875311828,-1.3615501264375116,-1.3752977676402405,-1.3882742664886258,-1.4005052100658935,-1.4120178313340355,-1.4228405751903417,-1.4330027075840983,-1.4425339692708365,-1.4514642664160833,-1.4598234075540877,-1.4676408755645853,-1.4749456405915993,-1.481765999825659,-1.4881294534300242,-1.4940626035654327,-1.4995910795734408,-1.5047394832781065,-1.5095313528257606,-1.5139891419241984,-1.5181342130595534,-1.5219868410595823,-1.5255662264064245,-1.5288905160456785,-1.5319768297176617,-1.534841291949818,-1.5374990663494221,-1.5399643937976264,-1.542250631276117
-0.5861723446893787,-0.6108933376069913,-0.636200201896422,-0.6620520125423548,-0.6884016641481416,-0.7151959529233137,-0.7423757938985754,-0.7698765795572837,-0.7976286842530603,-0.8255581119338651,-0.8535872793462039,-0.8816359195609544,-0.9096220836147626,-0.9374632138279764,-0.9650772569235598,-0.9923837825733437,-1.019305071643972,-1.0457671402074613,-1.0717006740256383,-1.0970418313338481,-1.121732908602293,-1.1457228544004514,-1.1689676178777055,-1.1914303358907405,-1.2130813682079762,-1.233898190335942,-1.2538651592381513,-1.2729731725667965,-1.2912192470778618,-1.3086060260155776,-1.325141242454771,-1.340837158195442,-1.3557099940710249,-1.3697793639687863,-1.3830677258683481,-1.395599861002116,-1.4074023850441442,-1.4185032974963112,-1.4289315734498307,-1.438716799985238,-1.4478888493864182,-1.4564775998217168,-1.4645126915094897,-1.4720233255368742,-1.4790380900649622,-1.4855848245802588,-1.4916905080874996,-1.4973811748987051,-1.5026818517255955,-1.5076165142996611,-1.5122080606025747,-1.51647829884286,-1.5204479467651926,-1.5241366413787818,-1.5275629569068556,-1.5307444288206657,-1.5336975840708083,-1.5364379740385852,-1.5389802117960931,-1.541338010295302
-0.5761523046092185,-0.6006211042754729,-0.6256908628328759,-0.6513232013121908,-0.6774735617551996,-0.7040912377669726,-0.7311195355560363,-0.7584960732568198,-0.7861532251524878,-0.8140187107797079,-0.8420163238134026,-0.8700667882468192,-0.8980887223928775,-0.9259996863360105,-0.953717282666798,-0.9811602770552014,-1.0082497030475919,-1.0349099164478202,-1.0610695726356887,-1.086662482397321,-1.1116283379584317,-1.1359132922569322,-1.159470374514492,-1.182259743206297,-1.2042487833832245,-1.225412056548012,-1.2457311160014313,-1.2651942074362226,-1.28379588030746,-1.301536519180775,-1.3184218237818188,-1.3344622564094544,-1.349672473795087,-1.3640707576809241,-1.3776784574045138,-1.390519457130033,-1.4026196725341347,-1.4140065838432092,-1.424708810275427,-1.4347557288947295,-1.44417713007691,-1.453002921429891,-1.4612628675525456,-1.4689863741390885,-1.4762022999399276,-1.4829388086958257,-1.4892232458542527,-1.495082044354351,-1.5005406529457084,-1.5056234850506613,-1.5103538855179968,-1.514754112912796,-1.5188453341946595,-1.522647630514765,-1.5261800120083384,-1.529460439272729,-1.532505851612847,-1.5353321984633332,-1.53795447555298,-1.540386762323603
-0.5661322645290583,-0.5903405302455907,-0.6151639512175116,-0.6405667079563014,-0.6665068232091691,-0.692936142929515,-0.7198004423516662,-0.7470396664056487,-0.7745883131819999,-0.8023759627912826,-0.8303279491970753,-0.8583661652514544,-0.8864099843148978,-0.914377276361332,-0.9421854903834465,-0.9697527709085297,-0.9969990734743788,-1.0238472440569995,-1.05022403468828,-1.0760610089834648,-1.1012953262708174,-1.1258703853518874,-1.1497363075376594,-1.1728502569692154,-1.1951766024891664,-1.2166869277635728,-1.2373598999558433,-1.2571810156317578,-1.2761422490360697,-1.2942416112484612,-1.3114826505297477,-1.327873911408812,-1.3434283707512464,-1.3581628671220416,-1.3720975366295844,-1.3852552694649367,-1.3976611929266263,-1.4093421885685664,-1.4203264494653436,-1.43064308140548,-1.4403217403088224,-1.4493923189336195,-1.4578846696476289,-1.4658283732015551,-1.4732525357683903,-1.4801856278959449,-1.4866553490766254,-1.4926885228877358,-1.4983110159408102,-1.5035476784143522,-1.5084223038316835,-1.512957605184771,-1.5171752045757718,-1.5210956347078257,-1.524738350198017,-1.528121746218222,-1.5312631845090527,-1.5341790230672467,-1.5368846510363887,-1.5393945252092984
-0.5561122244488979,-0.5800517211028994,-0.6046196624372213,-0.6297827952347522,-0.6555017490928969,-0.6817309699052903,-0.7084187724834868,-0.735507522822394,-0.7629339606375519,-0.7906296667602577,-0.8185216755769996,-0.8465332254639867,-0.8745846335443127,-0.9025942751162483,-0.930479641803755,-0.9581584478085494,-0.9855497499316086,-1.0125750463386112,-1.0391593254569533,-1.0652320173050775,-1.0907278329805086,-1.115587471435601,-1.1397581698572106,-1.1631940924391566,-1.1858565589303558,-1.2077141180015387,-1.2287424728673118,-1.2489242764757096,-1.2682488207473863,-1.2867116275675332,-1.3043139732394957,-1.3210623626568494,-1.3369679725063994,-1.3520460818997126,-1.3663155034351033,-1.3797980304982242,-1.3925179076569842,-1.4045013325364248,-1.4157759961735659,-1.4263706665262694,-1.4363148076112278,-1.4456382485855268,-1.4543708889713418,-1.4625424514843468,-1.4701822634685375,-1.4773190821825446,-1.48398094652817,-1.490195060874321,-1.495987704008816,-1.5013841607344818,-1.5064086741390232,-1.5110844150389142,-1.515433466148048,-1.5194768188571004,-1.5232343807172548,-1.5267249909379017,-1.5299664439006455,-1.5329755168869037,-1.535768003498875,-1.5383587490840893
-0.5460921843687376,-0.5697547843203564,-0.5940581968345525,-0.6189717351384639,-0.6444586546467951,-0.6704760412693298,-0.6969748123806426,-0.7238998420433781,-0.7511902228427557,-0.7787796710160376,-0.8065970775698366,-0.8345672010340155,-0.8626114911791222,-0.8906490266398666,-0.9185975429588387,-0.9463745222980762,-0.9738983116558864,-1.001089234908029,-1.0278706694962294,-1.0541700391163136,-1.0799197052458125,-1.1050577348778028,-1.1295285175821737,-1.1532832233698553,-1.1762800996858982,-1.1984846107690585,-1.2198694237147225,-1.2404142569085514,-1.2601056143618314,-1.2789364127352536,-1.2969055339236286,-1.3140173179832912,-1.3302810166720782,-1.3457102281066737,-1.360322325265509,-1.3741378957409398,-1.387180200745657,-1.399474662507922,-1.411048388124379,-1.4219297354677976,-1.432147913899344,-1.441732635363081,-1.4507138015370615,-1.4591212401108644,-1.4669844699322123,-1.4743325119243713,-1.4811937272557738,-1.4875956891447621,-1.4935650811527799,-1.4991276192000331,-1.5043079957604855,-1.5091298420749488,-1.5136157063777822,-1.5177870455270654,-1.5216642282798003,-1.5252665473137106,-1.5286122399478839,-1.5317185136642248,-1.5346015778427375,-1.5372766779302207
-0.5360721442885772,-0.5594498292404687,-0.583479759686159,-0.6081338088961756,-0.6333778698577534,-0.6591717009246467,-0.6854688772081468,-0.7122168602033309,-0.7393571995370474,-0.7668258754559009,-0.7945537871255437,-0.8224673850326456,-0.8504894398328188,-0.878539933294662,-0.9065370505143482,-0.9343982467954275,-0.9620413575435739,-0.9893857172071726,-1.016353257825879,-1.0428695380913517,-1.068864683002016,-1.0942742098826397,-1.119039710879733,-1.1431093800424053,-1.1664383801113667,-1.1889890503098552,-1.2107309561588353,-1.2316407950557577,-1.251702179882733,-1.2709053064036697,-1.2892465382042095,-1.3067279223026027,-1.3233566565156096,-1.339144531184872,-1.3541073576274107,-1.3682644022882857,-1.381637835832396,-1.3942522070528074,-1.4061339507925352,-1.4173109364592955,-1.427812050266503,-1.4376668280423353,-1.4469051238224409,-1.4555568289859373,-1.4636516204357566,-1.471218756429231,-1.478286900450368,-1.484883980261838,-1.4910370748450643,-1.4967723261536268,-1.5021148746299349,-1.5070888135974634,-1.5117171610412548,-1.5160218456160053,-1.5200237053013907,-1.5237424955859964,-1.5271969070737768,-1.530404588529598,-1.5333821766909344,-1.5361453289842821
-0.526052104208417,-0.5491369670567622,-0.5728845611786888,-0.597269306975672,-0.6222597395381524,-0.6478183143353037,-0.6739013113543968,-0.7004588508994107,-0.7274350362541384,-0.7547682335822145,-0.7823914963610411,-0.810233135197588,-0.838217428365287,-0.8662654614987362,-0.8942960784443849,-0.9222269190623296,-0.9499755141700033,-0.9774604047373151,-1.004602255952373,-1.0313249171376833,-1.0575564050196642,-1.0832297847217243,-1.1082839158186266,-1.132664048189466,-1.1563222594758855,-1.179217733370222,-1.201316876253688,-1.2225932837114157,-1.2430275775925645,-1.2626071182395242,-1.2813256261897932,-1.299182724651422,-1.3161834244761774,-1.332337576296538,-1.347659301733241,-1.3621664241783062,-1.375879909702304,-1.3888233286919223,-1.4010223485969755,-1.4125042654052573,-1.4232975674860322,-1.4334315498928387,-1.442935963968262,-1.4518407187712665,-1.4601756116265299,-1.4679701081389276,-1.4752531510122995,-1.4820530055853156,-1.4883971346904998,-1.4943120994244277,-1.4998234853443768,-1.5049558484081744,-1.5097326797666222,-1.5141763856387762,-1.5183082809012702,-1.5221485930405931,-1.5257164762945468,-1.5290300319263974,-1.5321063358508307,-1.534961469681281
-0.5160320641282565,-0.5388163107945523,-0.5622728163820675,-0.5863785290791358,-0.611104623394595,-0.6364162687444254,-0.6622724888999247,-0.6886261260360148,-0.7154239256870341,-0.7426067545417664,-0.7701099604251814,-0.7978638777560876,-0.8257944767583328,-0.8538241476913323,-0.8818726050486004,-0.909857890143171,-0.937697444420562,-0.9653092220480166,-0.9926128127834889,-1.0195305267198198,-1.0459884160576582,-1.0719172071010519,-1.0972531073293588,-1.1219384689551637,-1.1459222973851915,-1.169160601632047,-1.1916165805400678,-1.2132606538597008,-1.2340703568933067,-1.2540301020968534,-1.2731308421090823,-1.2913696435155624,-1.3087491935054285,-1.3252772660689323,-1.3409661590924293,-1.3558321243053977,-1.369894802014207,-1.383176671934445,-1.3957025317295546,-1.407499011966339,-1.4185941217750497,-1.4290168445192128,-1.4387967680531677,-1.447963767907171,-1.4565477195636354,-1.4645782619197558,-1.4720845902829285,-1.4790952875989087,-1.4856381864687154,-1.491740258174748,-1.4974275288758419,-1.5027250164194819,-1.5076566875640685,-1.5122454311700335,-1.5165130462393515,-1.5204802412077536,-1.5241666442375001,-1.5275908203964221,-1.5307702968091632,-1.533721591796073
-0.5060120240480963,-0.5284879752910455,-0.551644745220176,-0.5754617841325204,-0.5999128960860153,-0.6249659733763593,-0.6505828140658574,-0.6767190366478266,-0.7033241090357669,-0.7303415051619594,-0.7577090003885435,-0.7853591113186045,-0.813219681129399,-0.8412146045276931,-0.8692646803137272,-0.8972885727852717,-0.9252038567554146,-0.95292811651982,-0.9803800704929798,-1.007480674272172,-1.0341541752130459,-1.0603290907863239,-1.0859390734260441,-1.1109236400513043,-1.1352287512607229,-1.1588072349843237,-1.1816190446847468,-1.203631358380373,-1.2248185349097531,-1.24516192948451,-1.2646496027387395,-1.2832759304326375,-1.3010411361622507,-1.317950775582856,-1.3340151828594162,-1.349248902637726,-1.363670120922335,-1.3773001068462847,-1.3901626782051257,-1.402283700606165,-1.4136906153232467,-1.4244120163200338,-1.4344772608888012,-1.4439161341052635,-1.45275854222352,-1.461034258850849,-1.4687727013415035,-1.4760027468997672,-1.4827525809615738,-1.4890495736753349,-1.4949201853725087,-1.500389893531067,-1.5054831418026884,-1.5102233059247583,-1.5146326756854613,-1.5187324490898653,-1.5225427383843189,-1.5260825837856482,-1.5293699758390744,-1.5324218823843445
-0.4959919839679361,-0.5181520771747425,-0.5410005724388746,-0.5645193902688062,-0.5886849472707867,-0.6134678596221491,-0.6388327216404969,-0.6647379736984154,-0.6911358773337659,-0.7179726119782132,-0.7451885061509315,-0.7727184108352076,-0.8004922188756678,-0.8284355272976185,-0.8564704336187637,-0.8845164503477233,-0.912491515127784,-0.9403130689772585,-0.9678991753925318,-0.9951696347822926,-1.022047065574641,-1.048457923619984,-1.0743334208473847,-1.099610318287374,-1.124231575065654,-1.148146845829041,-1.1713128128563395,-1.1936933561131622,-1.2152595750034565,-1.2359896624383468,-1.255868664687341,-1.2748881318762642,-1.2930456814052524,-1.3103445044817121,-1.3267928257463644,-1.342403340477362,-1.35719264426287,-1.3711806677573666,-1.3843901306817161,-1.3968460260995963,-1.4085751310356045,-1.4196055649733808,-1.4299663807123124,-1.4396872096637423,-1.4487979358037644,-1.4573284238318507,-1.4653082781829814,-1.472766643165859,-1.4797320368856597,-1.4862322143381685,-1.4922940613904554,-1.4979435111265995,-1.5032054840094036,-1.5081038458716627,-1.5126613832381213,-1.516899791858434,-1.5208396780040738,-1.5245005683588828,-1.5279009292322758,-1.5310581910606167
-0.48597194388777565,-0.5078087348441723,-0.5303405275713797,-0.5535516748050454,-0.5774211816425077,-0.6019223812075378,-0.6270226773824696,-0.652683368851703,-0.6788595727486796,-0.705500263246655,-0.7325484393589321,-0.7599414316057721,-0.7876113539394644,-0.8154857005603489,-0.8434880817809323,-0.8715390862040668,-0.899557249573588,-0.9274601051672879,-0.9551652898681656,-0.9825916626277652,-1.00966040529272,-1.0362960770721306,-1.062427582287575,-1.0879890236698313,-1.1129204194916158,-1.1371682746445155,-1.1606859880593325,-1.18343409648896,-1.2053803653788542,-1.2264997259406756,-1.246774090627523,-1.266192049453222,-1.2847484690455158,-1.3024440260890477,-1.3192846843104495,-1.3352811404939866,-1.3504482559584163,-1.3648044866863218,-1.378371327559691,-1.3911727829480027,-1.4032348608784608,-1.4145851132901837,-1.4252522070772287,-1.4352655498743687,-1.444654944070214,-1.4534502962387632,-1.4616813579964714,-1.4693775093182562,-1.4765675771500264,-1.4832796842353468,-1.4895411307974513,-1.4953782994486087,-1.5008165857677662,-1.5058803476796843,-1.5105928735174246,-1.5149763643707517,-1.5190519301532968,-1.5228395952282432,-1.5263583140891779,-1.5296259930740483
-0.4759519038076152,-0.4974580684459409,-0.51966484490096,-0.5425589742130812,-0.5661220189541116,-0.5903300143426885,-0.6151531783988445,-0.6405556952135145,-0.666495589853275,-0.6929247109358021,-0.7197888363252369,-0.7470279133340393,-0.7745764421843813,-0.8023640049863863,-0.830315937437035,-0.8583541336412851,-0.8863979674874793,-0.9143653081360907,-0.9421736054373754,-0.9697410047513471,-0.9969874601814959,-1.023835817476064,-1.050212825401402,-1.0760500452851307,-1.1012846338443567,-1.125859987059065,-1.1497262236822208,-1.1728405049733732,-1.195167198002381,-1.2166778800685571,-1.2373512146048444,-1.2571726984767662,-1.2761343018472973,-1.294234033439039,-1.3114754394320367,-1.3278670622581081,-1.343421877276471,-1.3581567210316645,-1.3720917278269273,-1.3852497880931287,-1.3976560271529619,-1.4093373277005996,-1.4203218811583689,-1.4306387936966405,-1.4403177198920551,-1.4493885527505992,-1.4578811456533414,-1.4658250779815292,-1.4732494575435664,-1.4801827542157968,-1.4866526684733483,-1.4926860239935322,-1.4983086878800154,-1.5035455106854831,-1.5084202865470062,-1.5129557287502724,-1.51717346001756,-1.5210940134012612,-1.5247368440046478,-1.5281203475517395
-0.4659318637274552,-0.4871001998521098,-0.5089737634209466,-0.5315416340838455,-0.5547878940299859,-0.5786912578528427,-0.6032247534966376,-0.6283554680404032,-0.6540443768619125,-0.6802462726906452,-0.7069098109408675,-0.7339776842146426,-0.7613869368700629,-0.7890694243948043,-0.8169524177521975,-0.8449593462545048,-0.8730106655971489,-0.9010248315344385,-0.9289193569817502,-0.9566119152596011,-0.9840214579750012,-1.0110693191075228,-1.0376802637815283,-1.0637834492007774,-1.0893132698929786,-1.1142100727206672,-1.1384207165540967,-1.1618989696110498,-1.1846057481009022,-1.2065091920985012,-1.2275846065959863,-1.2478142650189346,-1.2671870952970525,-1.2856982821478542,-1.3033487928123062,-1.3201448529992792,-1.3360973925636568,-1.3512214750497595,-1.3655357290736452,-1.379061796263413,-1.391823795948516,-1.4038478305544975,-1.4151615175907506,-1.4257935757687459,-1.4357734379947893,-1.4451309213475838,-1.4538959293864153,-1.4620981992135447,-1.4697670868215582,-1.4769313845951328,-1.4836191757947486,-1.4898577139326736,-1.4956733318209872,-1.501091371437378,-1.5061361354105844,-1.5108308551486973,-1.5151976747469427,-1.5192576466366547,-1.5230307388738853,-1.5265358501707964
-0.45591182364729477,-0.47673525263689515,-0.49826752679203706,-0.5205000090851375,-0.5434192567657777,-0.5670066332891339,-0.5912379635061134,-0.6160832454128856,-0.641506436827946,-0.6674653337622188,-0.6939115575708257,-0.7207906650411555,-0.7480423942119977,-0.7756010529723342,-0.8033960534450297,-0.83135258883327,-0.8593924426439339,-0.8874349138782553,-0.9153978382073434,-0.9431986715299023,-0.9707556043599979,-0.9979886792743362,-1.0248208701195227,-1.051179088639229,-1.0769950879754395,-1.1022062462839097,-1.1267562018467436,-1.1505953290077,-1.173681054558265,-1.195978008849229,-1.2174580365418475,-1.238100061593545,-1.2578898251029795,-1.2768195300858425,-1.2948873993386618,-1.3120971733202516,-1.328457569067162,-1.3439817146128403,-1.358686578056343,-1.3725924072254518,-1.3857221819512828,-1.3981011033241095,-1.409756106855298,-1.4207154287051207,-1.4310081978303506,-1.440664085341738,-1.449712986494351,-1.458184748322943,-1.46610893700389,-1.4735146382344408,-1.4804302967310203,-1.4868835814044121,-1.4929012823534293,-1.4985092297144522,-1.5037322357150225,-1.5085940546581358,-1.5131173597925818,-1.517323733155516,-1.5212336679078302,-1.524866579390835
-0.4458917835671343,-0.4663633520527087,-0.48754638329689953,-0.5094344629128105,-0.5320165721155996,-0.5552766850188133,-0.5791934015743093,-0.6037396288702133,-0.6288823287973005,-0.6545823488954655,-0.6807943539231204,-0.7074668733222129,-0.7345424790110507,-0.7619581026581651,-0.7896454981150822,-0.8175318487313489,-0.8455405127734024,-0.8735918937866984,-0.9016044183816178,-0.9294955919092708,-0.9571831009115052,-0.9845859355901019,-1.0116254917755128,-1.0382266167004794,-1.0643185656826555,-1.089835850874152,-1.1147189502065065,-1.138914862141444,-1.162377501589095,-1.1850679296075146,-1.2069544381444188,-1.2280124816814824,-1.2482244725402833,-1.2675794738532138,-1.2860727951956077,-1.3037055176114485,-1.320483970450308,-1.3364191747164793,-1.3515262731464157,-1.3658239641492538,-1.3793339436990362,-1.3920803796945336,-1.4040894071044836,-1.4153886744951658,-1.4260069153146377,-1.4359735761400496,-1.4453184777350645,-1.4540715224148235,-1.4622624425141741,-1.469920582636829,-1.4770747231898937,-1.4837529303338226,-1.4899824399861705,-1.4957895647337591,-1.5011996256094138,-1.5062369031634952,-1.510924606578261,-1.5152848570879918,-1.5193386847858732,-1.523106035223309
-0.4358717434869739,-0.45598462500552744,-0.47681058579205293,-0.49834536823527353,-0.5205803200663328,-0.5435019802941333,-0.5670916934272112,-0.591325264003765,-0.6161726689133501,-0.6415978441679062,-0.6675585638805318,-0.694006427391698,-0.720886970335764,-0.7481399106758678,-0.7756995378550027,-0.8034952477076451,-0.8314522196344916,-0.8594922262147879,-0.8875345603911533,-0.9154970550856892,-0.9432971650570963,-0.9708530856111602,-0.9980848689938817,-1.0249155019302665,-1.0512719094744798,-1.0770858644302777,-1.1022947675520967,-1.126842280456438,-1.1506788021378331,-1.173761780055863,-1.1960558727915496,-1.2175329533827235,-1.2381719678237144,-1.2579586821176905,-1.276885321640294,-1.2949501289340029,-1.3121568636127463,-1.3285142591872594,-1.344035457956936,-1.3587374422300462,-1.3726404682843194,-1.385767527415763,-1.398143824187872,-1.4097963036651961,-1.4207532020131197,-1.4310436532560231,-1.4406973288753175,-1.449744124098505,-1.4582138865748155,-1.4661361794712056,-1.47354008802838,-1.4804540532122432,-1.4869057417335538,-1.4929219400376488,-1.498528474892264,-1.50375015471243,-1.5086107301337282,-1.5131328703345783,-1.5173381536795976,-1.5212470693273688
-0.4258517034068139,-0.4455992000296086,-0.46606039165703356,-0.48723310663124925,-0.5091109955987684,-0.5316831092991796,-0.5549334975990328,-0.5788408410061461,-0.6033781314681377,-0.6285124187713744,-0.6542046402839127,-0.6804095504979569,-0.707075767238739,-0.7341459471912379,-0.761557101126131,-0.789241054221004,-0.8171250511800501,-0.8451324996913991,-0.8731838401584308,-0.9011975212082862,-0.929091052195077,-0.9567821090202915,-0.9841896560139196,-1.011235047051699,-1.0378430696127652,-1.0639429093715365,-1.089468998031084,-1.11436172276012,-1.1385679835294105,-1.1620415877063588,-1.1847434940627568,-1.2066418925676652,-1.227712131771401,-1.2479365259445552,-1.2673040444186792,-1.2858099081770304,-1.3034551184403587,-1.3202459320304614,-1.336193305402897,-1.351312326643055,-1.3656216444133598,-1.3791429176681254,-1.3919002784898817,-1.403919840694222,-1.415229230162261,-1.4258571698737559,-1.4358330976360532,-1.4451868305507596,-1.453948273022519,-1.4621471596748614,-1.4698128438821556,-1.4769741140043842,-1.4836590483694732,-1.4898948952899542,-1.4957079814790144,-1.501123642725279,-1.5061661750676425,-1.5108588032794859,-1.5152236646475195,-1.5192818049967158
-0.41583166332665344,-0.4352072072615494,-0.4552960627408385,-0.47609806852071845,-0.4976091086353236,-0.5198206851739575,-0.5427195056270778,-0.5662870951730772,-0.5904994498949087,-0.6153267467288394,-0.6407331276552993,-0.6666765748559746,-0.6931088944866612,-0.719975823072124,-0.7472172688723321,-0.7747676961564581,-0.8025566551551624,-0.830509454566135,-0.8585479674486913,-0.8865915548267173,-0.9145580800886578,-0.9423649925427998,-0.9699304453342498,-0.9971744111981773,-1.0240197588291953,-1.0503932660805053,-1.0762265306891803,-1.1014567535212172,-1.1260273759866404,-1.1498885594437716,-1.1729975133740813,-1.1953186560063942,-1.2168236161257402,-1.2374911063411895,-1.2573066688742216,-1.2762623173497902,-1.2943561001394501,-1.3115915998580034,-1.3279773914189548,-1.3435264788432797,-1.3582557226302132,-1.37218528056199,-1.3853380570294338,-1.3977391939819979,-1.4094155816955503,-1.4203954220260184,-1.4307078240100237,-1.440382445847915,-1.4494491814152588,-1.4579378819828255,-1.4658781256560247,-1.4732990150360954,-1.4802290160535918,-1.4866958228951739,-1.4927262531908634,-1.4983461670612412,-1.5035804079585795,-1.5084527625020292,-1.5129859366183367,-1.5172015453293146
-0.405811623246493,-0.4248087784137025,-0.4445178653056567,-0.46494065308900545,-0.48607518397410426,-0.5079153440150697,-0.5304504422106964,-0.553664807355182,-0.5775374176968778,-0.6020415785381382,-0.6271446648485983,-0.6528079456454505,-0.6789865082817677,-0.7056292977234921,-0.732679284842724,-0.7600737739547843,-0.78774485525244,-0.8156200022601913,-0.8436228080890156,-0.8716738497120573,-0.8996916556529087,-0.9275937577804397,-0.9552977953975772,-0.982722636004108,-1.0097894751779197,-1.036422890742559,-1.0625518104721863,-1.0881103652490447,-1.1130386047291536,-1.1372830618943526,-1.1607971674427715,-1.183541495081334,-1.2054838430216819,-1.2265991793537374,-1.246869450900647,-1.2662832769466479,-1.284835553858878,-1.302526984852921,-1.319363557538146,-1.3353559901627439,-1.3505191614160446,-1.36487154525317,-1.3784346490931092,-1.3912324884533125,-1.4032910791949496,-1.4146379791698225,-1.4253018616241089,-1.4353121341540398,-1.4446986029576045,-1.453491172373996,-1.461719594150128,-1.469413245341668,-1.4766009498301829,-1.4833108269777895,-1.4895701724516666,-1.495405364588085,-1.5008417938807697,-1.5059038132791693,-1.5106147058376287,-1.5149966675406215
-0.39579158316633256,-0.41440404674694925,-0.4337260699678845,-0.4537612682039515,-0.47450976120908506,-0.49596774485234696,-0.5181270653328757,-0.540974804356781,-0.5644928893071011,-0.5886577427342388,-0.6134399876151253,-0.6388042249367103,-0.6647089019507754,-0.6911062869680759,-0.7179425660895826,-0.7451580741111179,-0.7726876679054824,-0.8004612455067087,-0.8284044076111798,-0.8564392556112366,-0.8844853042432594,-0.9124604921454705,-0.9402822619671742,-0.9678686759263379,-0.9951395295544767,-1.0220174381317848,-1.0484288542502895,-1.0743049857255729,-1.0995825864800843,-1.1242046054660992,-1.1481206883956177,-1.1712875108396161,-1.193668944244385,-1.2152360791979937,-1.2359671040194034,-1.2558470574283582,-1.2748674813785572,-1.2930259877643464,-1.3103257615305846,-1.3267750216075866,-1.3423864577757147,-1.3571766630096327,-1.3711655634804765,-1.3843758786445146,-1.396832596408739,-1.4085624936251804,-1.4195936874674564,-1.429955230972431,-1.4396767543675648,-1.4487881415014754,-1.457319257859978,-1.4652997075034528,-1.4727586360486453,-1.4797245618060177,-1.4862252410288503,-1.4922875604568218,-1.4979374543429873,-1.5031998442438477,-1.5080985972360932,-1.5126565009772137
-0.38577154308617256,-0.40399314704283806,-0.4229209516364379,-0.44256033032614367,-0.46291339463621245,-0.483978569600833,-0.505750166343061,-0.5282179592788698,-0.5513667808743341,-0.575176147361531,-0.5996199310708676,-0.6246660955254814,-0.6502765115755635,-0.6764068709400364,-0.7030067136031787,-0.7300195830018722,-0.757383319683015,-0.7850304995552944,-0.8128890163174812,-0.8408828069743353,-0.8689327015432105,-0.8969573830704483,-0.9248744334677956,-0.9526014331825186,-0.9800570783920682,-1.0071622899830763,-1.0338412726275594,-1.060022490960087,-1.0856395313302594,-1.1106318330529712,-1.134945277510476,-1.1585326113200263,-1.1813537011016402,-1.203375640085798,-1.224572703027571,-1.24492616500449,-1.2644240097509243,-1.2830605404936712,-1.3008359153196956,-1.3177556287226682,-1.3338299608326831,-1.3490734114161171,-1.3635041252337379,-1.377143339856203,-1.3900148456623316,-1.4021444859803336,-1.4135596869012241,-1.4242890292249921,-1.4343618663340467,-1.4438079766750487,-1.4526572694693292,-1.4609395194835713,-1.4686841502130605,-1.4759200461987574,-1.4826754014092525,-1.488977596742154,-1.4948531033861316,-1.5003274110415086,-1.5054249756681792,-1.5101691858934727
-0.3757515030060121,-0.3935762155750971,-0.4121027894483715,-0.4313382644121719,-0.45128665314525024,-0.4719485229875554,-0.4933205699998476,-0.5153951918034865,-0.5381600709697586,-0.5615977813475207,-0.5856854320519477,-0.610394364656665,-0.6356899215381797,-0.6615313019560967,-0.6878715230406075,-0.7146575009922987,-0.7418302652367362,-0.7693253143032784,-0.7970731157543768,-0.8249997536785708,-0.8530277081342682,-0.8810767556584782,-0.9090649705604693,-0.9369097977016614,-0.964529162072621,-0.9918425896388623,-1.0187722983748668,-1.0452442248412472,-1.07118895104532,-1.0965425145606613,-1.121247083771228,-1.1452514722993268,-1.1685114859569683,-1.1909901176288953,-1.2126575848712677,-1.2334912220877317,-1.253475251932901,-1.2726004479379727,-1.2908637094442794,-1.3082675703803064,-1.3248196668754255,-1.3405321777559875,-1.3554212495065856,-1.369506434670194,-1.3828101391375074,-1.3953571031549123,-1.407173910398935,-1.4182885364088789,-1.428729942657436,-1.4385277043729332,-1.44771169293704,-1.4563117873095417,-1.4643576361167057,-1.4718784497956763,-1.4789028307401693,-1.4854586344520135,-1.4915728579350687,-1.497271555188522,-1.5025797733457433,-1.5075215094467975
-0.3657314629258517,-0.3831533900805315,-0.4012718667018215,-0.42009550381089983,-0.4396301200972141,-0.45987833245256704,-0.48083913447224996,-0.502507468416762,-0.5248738012095027,-0.5479237157692399,-0.5716375313444497,-0.5959899676164374,-0.6209498699511085,-0.6464800123256779,-0.6725369955008862,-0.6990712567698076,-0.7260272057457425,-0.7533434973029152,-0.7809534465624371,-0.8087855937544183,-0.8367644068125591,-0.8648111139229177,-0.8928446502118961,-0.9207826924856799,-0.9485427496118447,-0.976043283705077,-1.0032048224006456,-1.0299510265720602,-1.0562096750488552,-1.0819135485959424,-1.1070011886344802,-1.1314175028481304,-1.1551142067328137,-1.1780501109721349,-1.2001912476624936,-1.2215108430323336,-1.2419891596516084,-1.2616132189131262,-1.2803764234297066,-1.2982781003735773,-1.3153229942438518,-1.3315207194717715,-1.34688519000418,-1.3614340518214647,-1.3751881206065102,-1.3881708453467554,-1.4004077979303846,-1.41192619848089,-1.4227544855123013,-1.4329219185605373,-1.4424582363425855,-1.4513933437106552,-1.459757051332189,-1.4675788462725792,-1.4748877024626448,-1.4817119241072259,-1.4880790177046443,-1.4940155935520907,-1.4995472890229922,-1.5046987146177522
-0.3557114228456917,-0.37272480972930566,-0.39042847078628334,-0.40883249015273493,-0.4279443931872519,-0.4477687480237616,-0.46830675129830845,-0.48955580256800635,-0.5115090767879436,-0.5341551050036535,-0.5574773757745094,-0.5814539711712691,-0.6060572539421566,-0.6312536220586494,-0.6570033482937164,-0.6832605218406195,-0.7099731077895186,-0.7370831375790492,-0.7645270376526108,-0.792236108097677,-0.820137142693566,-0.8481531857441444,-0.8762044145038589,-0.9042091247772167,-0.9320847901926996,-0.9597491714923498,-0.9871214382487704,-1.014123267087811,-1.0406798754731046,-1.0667209728654823,-1.092181598653504,-1.1170028173712416,-1.1411322560059656,-1.1645244871357536,-1.1871412490848694,-1.2089515060790001,-1.2299313690220324,-1.2500638862016933,-1.2693387215862422,-1.2877517407679593,-1.3053045364256999,-1.3220038994881664,-1.3378612592053556,-1.3528921140910335,-1.3671154637810352,-1.3805532575647685,-1.3932298662886378,-1.4051715854251783,-1.4164061815045375,-1.4269624692658602,-1.436869944776049,-1.4461584468830269,-1.4548578731792312,-1.4629979276156047,-1.4706079097845506,-1.4777165391102165,-1.4843518089823995,-1.4905408729050722,-1.4963099535395985,-1.5016842768336618
-0.34569138276553124,-0.36229061509462734,-0.3795728931102487,-0.3975496732319049,-0.4162300842928652,-0.4356205421650334,-0.4557243452998752,-0.4765412547622955,-0.49806706691687425,-0.5202931877533722,-0.5432062201443779,-0.5667875768318221,-0.5910131347618616,-0.6158529464265009,-0.6412710256444509,-0.667225225119597,-0.6936672225700387,-0.720542630175906,-0.7477912366381934,-0.7753473971263882,-0.8031405661186889,-0.8310959716433391,-0.8591354244050273,-0.8871782434169719,-0.9151422721283597,-0.9429449630526819,-0.9705044961838413,-0.9977408957731727,-1.0245771028366195,-1.0509399850530532,-1.076761247882874,-1.1019782161354565,-1.1265344666861077,-1.1503803094421232,-1.1734731058388141,-1.195777422822983,-1.2172650397971427,-1.2379148160793236,-1.2577124339872212,-1.2766500361079234,-1.294725791769025,-1.3119433940997565,-1.3283115173719833,-1.3438432515519985,-1.3585555329756778,-1.372468580867357,-1.3856053539616255,-1.3979910326561482,-1.409652542297109,-1.4206181048809587,-1.4309168465091553,-1.4405784324560873,-1.4496327581439543,-1.4581096723890172,-1.466038743943218,-1.4734490649155276,-1.4803690854056426,-1.4868264828140711,-1.4928480551510346,-1.4984596419198863
-0.3356713426853708,-0.3518509481218386,-0.36870542902622466,-0.38624751088175324,-0.40448781930738226,-0.42343450959739143,-0.4430928744525025,-0.4634649325841337,-0.48454900516574756,-0.5063392879390549,-0.5288254290000767,-0.5519921239191676,-0.5758187426800107,-0.6002790033300589,-0.6253407092729922,-0.6509655675352131,-0.677109105391524,-0.7037207013345934,-0.7307437414291196,-0.758115919313051,-0.7857696783443646,-0.8136327974384241,-0.8416291186954796,-0.8696794027511164,-0.8977022898312677,-0.9256153466458699,-0.9533361679878384,-0.9807834989089558,-1.0078783340824657,-1.034544976184594,-1.0607120122962856,-1.0863131766623195,-1.1112880766997402,-1.1355827723762344,-1.1591501962738031,-1.1819504070191795,-1.2039506896021932,-1.2251255080921264,-1.2454563227200264,-1.2649312878130343,-1.2835448683322257,-1.3012973711022735,-1.3181944271770187,-1.334246436171358,-1.349468001298297,-1.3638773577844543,-1.377495817361047,-1.3903472314826186,-1.4024574925286266,-1.4138540604994445,-1.4245655444306398,-1.434621310402374,-1.444051146331184,-1.4528849594932294,-1.4611525187383312,-1.4688832355287615,-1.476105977359848,-1.4828489186351688,-1.489139416607757,-1.495003917560698
-0.32565130260521036,-0.3414059520969264,-0.3578263777531604,-0.3749264688430743,-0.3927182379586228,-0.41121146709268525,-0.43041332970943297,-0.4503279906498808,-0.47095618969834374,-0.4922948154499962,-0.5143364782162115,-0.5370690924103413,-0.5604754816366653,-0.5845330204243229,-0.6092133287796253,-0.6344820365636653,-0.6602986352939973,-0.6866164341847735,-0.7133826328703256,-0.7405385314905794,-0.768019879956004,-0.7957573708046766,-0.8236772781919308,-0.8517022334142632,-0.8797521193465053,-0.9077450664801178,-0.9355985236442601,-0.9632303713869501,-0.9905600348871292,-1.0175095787457942,-1.044004738789459,-1.0699758587867496,-1.0953587056020875,-1.1200951457924704,-1.1441336689608028,-1.1674297451592826,-1.1899460251114597,-1.211652386416538,-1.2325258339815224,-1.2525502684652543,-1.2717161626208957,-1.290020135911872,-1.3074644706689937,-1.324056573465933,-1.3398084210800059,-1.3547359857069796,-1.368858671338837,-1.3821987607993969,-1.39478089652591,-1.406631583230803,-1.417778743232853,-1.428251297028768,-1.4380788008403604,-1.4472911171514264,-1.4559181310092337,-1.4639895070235942,-1.4715344797744279,-1.4785816845416728,-1.4851590141090272,-1.4912935086414816
-0.31563126252505036,-0.3309557716144604,-0.3469360422963111,-0.36358702062552134,-0.38092199361271506,-0.39895225323965666,-0.41768673477879326,-0.4371316304867917,-0.45728998340141286,-0.4781612667445939,-0.49974095638360816,-0.5220201055400147,-0.5449849336121343,-0.5686164419487261,-0.5928900717663138,-0.617775420598291,-0.6432360347241077,-0.669229294814942,-0.6957064082791008,-0.722612530794863,-0.7498870219047832,-0.7774638417114271,-0.805272095367751,-0.8332367202637274,-0.8612793029722708,-0.8893190115634193,-0.9172736211213297,-0.9450606033272356,-0.9725982383235545,-0.9998067320820001,-1.0266092917072211,-1.052933126655469,-1.078710346614437,-1.1038787320441459,-1.128382360689587,-1.1521720720260633,-1.1752057728986385,-1.1974485848695289,-1.2188728372480306,-1.2394579162293358,-1.259190011345525,-1.2780617436140522,-1.2960717252747296,-1.3132240466634606,-1.329527740768591,-1.3449962112941556,-1.3596466659478514,-1.3734995509689383,-1.3865780138939192,-1.398907383819795,-1.4105147010516261,-1.421428270254308,-1.4316772698996199,-1.4412913947091985,-1.4503005445033266,-1.4587345554887208,-1.4666229657854495,-1.4739948241928125,-1.4808785259503972,-1.4873016845614648
-0.3056112224448899,-0.3205005525449664,-0.3360347293645673,-0.35222964736212903,-0.369099753063056,-0.38665772818208566,-0.4049141458531858,-0.4238771003366541,-0.4435518139010365,-0.46394022529260887,-0.48504056598557144,-0.5068469321349189,-0.5293488626795356,-0.552530935209046,-0.5763723936177199,-0.6008468230527065,-0.62592188911389,-0.6515591585659644,-0.6777140157076812,-0.7043356980676899,-0.7313674590151543,-0.7587468666460334,-0.7864062493950641,-0.8142732876741559,-0.8422717434342699,-0.8703223164714784,-0.8983436104783636,-0.9262531833088651,-0.953968642123824,-0.981408767878047,-1.0084946202234644,-1.0351505914600723,-1.0613053782371584,-1.0868928403871805,-1.1118527282518351,-1.1361312553760659,-1.1596815136679408,-1.1824637285952924,-1.2044453536397666,-1.2256010104178385,-1.2459123159342778,-1.2653675752703561,-1.2839613956778788,-1.3016942086768473,-1.318571762068537,-1.3346045582020267,-1.3498072903501694,-1.3641982695051447,-1.3777988724344148,-1.390633002007609,-1.4027265921365695,-1.4141071340509235,-1.4248032570909024,-1.4348443421886277,-1.4442601818292917,-1.4530806839838153,-1.46133561085061,-1.469054363742766,-1.4762657957727845,-1.4829980637146416
-0.2955911823647295,-0.31004044200175795,-0.325122749285298,-0.3408548376570145,-0.3572521963044421,-0.3743287733288644,-0.39209665129099247,-0.4105656948822088,-0.42974317346272384,-0.44963336185145486,-0.4702371243488738,-0.4915514886577483,-0.513569218703104,-0.5362783966555179,-0.5596620268623876,-0.5836976760887559,-0.6083571662254471,-0.6336063363723201,-0.6594048887271895,-0.6857063425014605,-0.7124581057549236,-0.7396016764666693,-0.7670729865555062,-0.7948028923159438,-0.8227178080007356,-0.8507404747788944,-0.8787908535017692,-0.9067871199730738,-0.9346467269279926,-0.9622875187761166,-0.9896288503062819,-1.0165926792633904,-1.0431046003201638,-1.0690947839039187,-1.0944987994104682,-1.1192582950544794,-1.1433215247937114,-1.1666437166886712,-1.1891872767850507,-1.2109218302837297,-1.2318241404279717,-1.2518778774652473,-1.2710732987741675,-1.2894068172294055,-1.3068805307764477,-1.3235016797193486,-1.3392820936700822,-1.354237616680769,-1.3683875449849119,-1.3817540708658744,-1.3943617646077826,-1.4062370751216042,-1.4174078819547047,-1.4279030792913914,-1.4377522057793695,-1.4469851195505512,-1.455631708282565,-1.4637216482188542,-1.4712841916311121,-1.4783479966559157
-0.28557114228456904,-0.2995755883072211,-0.3142004159167272,-0.3294630874263062,-0.34538001629240145,-0.36196629103587363,-0.3792353712487919,-0.3971987548946886,-0.41586561877150224,-0.4352424345690817,-0.4553325643559144,-0.4761358409374494,-0.49764814064509144,-0.5198609575003053,-0.5427609900310695,-0.5663297538533931,-0.5905432351070949,-0.6153716009550264,-0.6407789814975975,-0.6667233472617106,-0.6931564939978577,-0.7200241476459648,-0.7472662058704245,-0.7748171234338257,-0.8026064428165615,-0.830559465806875,-0.8585980600207566,-0.8866415837670641,-0.9146078980123697,-0.9424144534288542,-0.9699794054048791,-0.997222728874378,-1.0240673002786473,-1.0504399052122497,-1.0762721496752126,-1.10150124323562,-1.1260706376088068,-1.1499305115882605,-1.1730380910484832,-1.1953578005873735,-1.2168612846699574,-1.2375272651023514,-1.2573412995990612,-1.2762954087697305,-1.2943876546191164,-1.311621627279941,-1.3280059114787177,-1.3435535175743663,-1.358281314680045,-1.3722094627848618,-1.3853608743783496,-1.3977606915282137,-1.4094358095615158,-1.4204144315542855,-1.4307256670751913,-1.4403991769071807,-1.4494648526104221,-1.4579525476491786,-1.4658918374027379,-1.473311824761685
-0.27555110220440904,-0.2891061409585799,-0.30326804655790357,-0.31805489973239254,-0.3334839186878179,-0.3495712042596252,-0.3663314572644419,-0.3837776668010504,-0.40192077058860565,-0.42076928890647014,-0.4403289349050208,-0.4606022055632769,-0.48158795944419736,-0.5032809888166048,-0.5256715959263637,-0.548745185102376,-0.5724818844946928,-0.5968562126499994,-0.6218368038562928,-0.6473862157756788,-0.6734608324416499,-0.7000108765784587,-0.726980549689986,-0.7543083105119711,-0.7819272975951433,-0.8097658952068143,-0.8377484419485629,-0.8657960705534177,-0.8938276530474394,-0.9217608414848403,-0.949513160381518,-0.9770031253399911,-1.0041513560120991,-1.0308816383681119,-1.057121912916938,-1.082805154139858,-1.1078701177368946,-1.1322619430560366,-1.1559325940138059,-1.178841129454702,-1.200953836511079,-1.222244188997933,-1.2426926972931756,-1.2622866075262837,-1.2810195415812864,-1.298891025413741,-1.3159059855686233,-1.3320741954071849,-1.3474097108388525,-1.36193029688629,-1.375656872834119,-1.3886129689632523,-1.4008242231447625,-1.4123179064555664,-1.4231224903386115,-1.4332672599196707,-1.442781961425886,-1.4516965034108267,-1.4600406870490723,-1.4678439851431906
-0.2655310621242486,-0.2786322505931418,-0.292325961856292,-0.30663078461156246,-0.3215646215869347,-0.3371444561826683,-0.3533860917904687,-0.3703038621696559,-0.3879103132816719,-0.40621585737321025,-0.4252284011064411,-0.4449529509205652,-0.46539120042877746,-0.4865411060611705,-0.5083964592155802,-0.5309464650831157,-0.5541753404808034,-0.5780619446358596,-0.6025794561254256,-0.6276951183253822,-0.6533700672720406,-0.6795592565262706,-0.7062114988532513,-0.7332696380569909,-0.760670860631092,-0.7883471497178581,-0.8162258859321427,-0.8442305887002125,-0.8722817784229274,-0.90029795214051,-0.9281966335549576,-0.9558954752273082,-0.9833133829986463,-1.0103716156257945,-1.036994835464003,-1.0631120735289274,-1.0886575790127981,-1.1135715370358024,-1.1378006327165813,-1.161298446658339,-1.1840257092432167,-1.205950372052922,-1.2270475620086898,-1.247299367368714,-1.2666945528975035,-1.2852281436695132,-1.3029009638684335,-1.319719109396918,-1.335693395231885,-1.350838784368382,-1.3651738218202312,-1.3787200755900146,-1.3915016084575582,-1.403544476250466,-1.4148762635629155,-1.425525664994914,-1.4355220990864375,-1.4448953777317408,-1.4536754045306448,-1.4618919247560862
-0.25551102204408815,-0.2681540689530504,-0.28137448571305224,-0.2951912588951525,-0.3096228552368904,-0.32468700981085785,-0.3404004876775724,-0.35677881711342285,-0.37383599422576663,-0.39158415907021876,-0.4100332442023326,-0.42919059784704394,-0.44906058522882747,-0.46964417296217387,-0.49093850325734817,-0.5129364665445603,-0.5356262832644453,-0.5589911073065383,-0.583008663306294,-0.6076509385329393,-0.6328839435880914,-0.6586675566703503,-0.6849554718882126,-0.7116952670496995,-0.7388286038831166,-0.7662915662019338,-0.7940151452612509,-0.8219258710736828,-0.8499465765726889,-0.8779972899380019,-0.9059962219881582,-0.9338608304302974,-0.9615089339622918,-0.9888598290668653,-1.0158353851256101,-1.0423610805434518,-1.0683669442264423,-1.0937883827353234,-1.11856686643042,-1.142650453880929,-1.1659941738596653,-1.188560220950467,-1.2103180264261997,-1.2312441463358923,-1.2513220663448557,-1.2705418566408417,-1.2888997669793523,-1.3063977389494705,-1.3230428760025341,-1.3388468847338493,-1.3538255048757548,-1.367997940768571,-1.381386311983253,-1.3940151269465844,-1.405910788258167,-1.4171011418141906,-1.4276150564058796,-1.4374820596328712,-1.4467320022315915,-1.4553947765084676
-0.24549098196392816,-0.2576717488495454,-0.2704139451860379,-0.28373684602429333,-0.2976593617369309,-0.3121998475426119,-0.3273758876081497,-0.3432040516096703,-0.35969962307291103,-0.3768762990342159,-0.39474586119985955,-0.41331781988952054,-0.43259903315175696,-0.4525933047149139,-0.4733009660718138,-0.49471844973857854,-0.5168378627856681,-0.5396465715168266,-0.5631268082981822,-0.5872553192749929,-0.6120030670250342,-0.6373350026201413,-0.6632099275627091,-0.6895804624098605,-0.7163931376215414,-0.7435886147655666,-0.7711020513753414,-0.7988636130605925,-0.8267991265086396,-0.8548308714069026,-0.8828784852990351,-0.9108599677043412,-0.9386927603984452,-0.9662948585025911,-0.9935859285536865,-1.0204883970193441,-1.0469284690972616,-1.0728370549910113,-1.098150572961534,-1.122811602955735,-1.1467694002694069,-1.1699802247274211,-1.1924075395901004,-1.2140220171300924,-1.2348014480901468,-1.2547304848224554,-1.2738003082251383,-1.292008195111139,-1.3093570242303663,-1.3258547421423943,-1.3415137985337875,-1.3563505764917039,-1.3703848273452366,-1.3836391238583428,-1.3961383374097789,-1.4079091558643113,-1.4189796287201628,-1.4293787682197068,-1.439136177881332,-1.4482817369494008
-0.23547094188376771,-0.2471854441267487,-0.2594446703905781,-0.2722680758583811,-0.2856748947254977,-0.29968397071038,-0.3143135634799023,-0.3295811287361616,-0.34550307088824617,-0.36209446737928236,-0.3793687642075059,-0.39733744314204705,-0.41600966198844225,-0.4353918704291985,-0.4554874053646418,-0.47629607127531737,-0.49781371304245037,-0.520031790413876,-0.5429369637502407,-0.5665107075133687,-0.5907289649314414,-0.6155618576143842,-0.6409734699257819,-0.6669217255863421,-0.693358373838009,-0.7202290954194318,-0.7474737449032959,-0.7750267373328076,-0.8028175794018223,-0.8307715458982396,-0.8588104832452141,-0.886853731443875,-0.9148191460234604,-0.9426241784289278,-0.9701869924319513,-0.9974275822766193,-1.0242688495524996,-1.050637613421907,-1.0764655205422224,-1.101689823744584,-1.126254027567724,-1.1501083575864892,-1.1732100965310746,-1.195523722063821,-1.217020935647215,-1.2376805121514962,-1.2574880558075625,-1.276435640272614,-1.294521366413903,-1.3117488675508326,-1.3281267620276307,-1.3436680930046503,-1.3583897551111388,-1.3723119333437994,-1.3854575560148361,-1.3978517834813302,-1.409521519791893,-1.420494978319712,-1.4308012732555966,-1.4404700678120899
-0.22545090180360727,-0.23669530962499702,-0.24846699439810252,-0.26078548447741123,-0.27367021905342065,-0.2871403990946123,-0.3012148157397408,-0.3159116538231142,-0.3312482691514262,-0.34724093823154983,-0.3639045794657981,-0.3812524456481858,-0.39929578821789696,-0.41804349477415265,-0.4375017025164069,-0.45767339169451793,-0.47855796488279134,-0.5001508195551966,-0.5224429221290868,-0.5454203974818882,-0.5690641463785446,-0.5933495035224018,-0.618245954796902,-0.6437169311302052,-0.6697196972763658,-0.6962053473009323,-0.7231189256675415,-0.7503996855134605,-0.7779814904988336,-0.8057933634944784,-0.8337601720674943,-0.861803447292481,-0.8898423227915598,-0.9177945580670807,-0.9455776260757928,-0.9731098344468962,-1.0003114365215149,-1.027105705105163,-1.0534199336655858,-1.0791863304427474,-1.1043427912374848,-1.1288335114174288,-1.152609465202346,-1.17562868854851,-1.1978564412219173,-1.2192651815154447,-1.2398344294127026,-1.259550498871226,-1.2784061256504062,-1.2964000293697264,-1.3135363982754475,-1.3298243520587716,-1.3452773706577656,-1.3599127274069644,-1.3737509238151797,-1.3868151529577322,-1.3991307800704116,-1.410724872987239,-1.421625756197834,-1.4318626209404997
-0.21543086172344683,-0.22620150114372448,-0.2374812531326573,-0.24928961397830307,-0.261646110443455,-0.2745701704105692,-0.2880809726683133,-0.3021972735211954,-0.31693720862227914,-0.3323180684538254,-0.34835604606479553,-0.3650659563516551,-0.38246092658109626,-0.40055205876877686,-0.41934806545138087,-0.43885488161590536,-0.45907525706256397,-0.4800083350043133,-0.5016492235626606,-0.5239885716259289,-0.547012160203419,-0.5707005206313442,-0.595028596470958,-0.6199654658335603,-0.6454741425657328,-0.671511468991249,-0.6980281204736776,-0.7249687361956566,-0.7522721879014503,-0.779871992148217,-0.8076968639967028,-0.8356714139093175,-0.8637169803723825,-0.8917525695143026,-0.9196958849940008,-0.9474644225661358,-0.9749765869838927,-1.0021528034966531,-1.028916588664673,-1.0551955439215015,-1.0809222451070837,-1.1060349942325307,-1.13047844333183,-1.1542040321060556,-1.17717029486271,-1.1993429783191265,-1.2206950305391093,-1.2412064463770973,-1.2608639860198334,-1.2796608139587473,-1.2975960342521178,-1.3146741930167047,-1.3309047230545543,-1.3463013827529264,-1.360881681534786,-1.3746663239766361,-1.3876786638527423,-1.3999442010698644,-1.411490099168086,-1.4223447561462175
-0.20541082164328683,-0.2157041754039192,-0.22648778526538582,-0.23778101226537632,-0.24960335513645515,-0.26197433976840706,-0.2749133896156697,-0.28843967478583493,-0.30257193807031807,-0.3173282961578344,-0.3327260143420651,-0.34878125358161827,-0.36550878899718864,-0.3829216996699496,-0.401031030303406,-0.4198454263348377,-0.43937074536023496,-0.4596096490898139,-0.4805611810037729,-0.5022203386538378,-0.5245776502172876,-0.5476187650844002,-0.5713240732148492,-0.595668368728217,-0.6206205755246468,-0.6461435478993418,-0.6721939667868123,-0.698722347888073,-0.7256731777371767,-0.7529851851518904,-0.7805917533513084,-0.8084214794912009,-0.8363988797469186,-0.8644452195679935,-0.8924794565914291,-0.9204192766963748,-0.9481821847445476,-0.9756866229739614,-1.002853083524624,-1.0296051784119433,-1.0558706284078725,-1.0815821447143683,-1.1066781927555775,-1.1311035891801604,-1.1548099617278658,-1.1777560259049387,-1.199907717534473,-1.2212381728242645,-1.2417275602417892,-1.2613628188713581,-1.280137266047936,-1.29805015954392,-1.3151061756402813,-1.3313148688155971,-1.3466901002219158,-1.3612494715458794,-1.37501375976191,-1.3880063842766919,-1.4002528906080325,-1.4117804819451256
-0.1953907815631264,-0.2052034900101627,-0.2154869321070291,-0.22626023283513547,-0.2375427495244871,-0.24935397910702298,-0.26171344818868947,-0.27464058377844747,-0.28815456286816915,-0.3022741390026089,-0.31701744395622794,-0.3324017630609745,-0.3484432827983336,-0.36515680991356203,-0.3825554618013642,-0.4006503287343431,-0.41945010954301487,-0.4389607235123451,-0.4591849022455178,-0.48012176802914774,-0.5017664066479177,-0.5241094427217949,-0.5471366299424686,-0.5708284699421247,-0.5951598762665858,-0.6200998960678468,-0.6456115095685998,-0.6716515244095534,-0.6981705839838375,-0.7251132986195904,-0.7524185111894562,-0.780019708329074,-0.807845580666833,-0.8358207206233919,-0.8638664501852277,-0.8919017659337838,-0.9198443690440148,-0.9476117554457422,-0.9751223362001437,-1.00229655346357,-1.0290579436806677,-1.0553341309648394,-1.081057718649682,-1.1061670430999233,-1.1306067891629354,-1.1543284372673017,-1.177290555130971,-1.1994589330028607,-1.22080655254028,-1.241313448717539,-1.2609664152085278,-1.2797586496912154,-1.2976892874575943,-1.3147629010417166,-1.3309889483849222,-1.3463812092457161,-1.3609572115306945,-1.3747376751910831,-1.3877459674328545,-1.4000075968157464
-0.18537074148296595,-0.19469960341227519,-0.20447903749852375,-0.21472783455554123,-0.22546509977123144,-0.23671017660223578,-0.24848255539108421,-0.26080176468548494,-0.2736872434495615,-0.2871581922785198,-0.30123340163273005,-0.31593105542840594,-0.331268508262894,-0.3472620350692821,-0.3639265523029067,-0.38127531039178886,-0.39931955798583246,-0.4180681794879725,-0.43752730831656855,-0.4576999202118425,-0.47858541283430334,-0.5001791779755533,-0.522472176275983,-0.5454505261179836,-0.5690951212838423,-0.5933812890921281,-0.6182785076244374,-0.6437501990288541,-0.6697536196675145,-0.6962398568265552,-0.7231539484418433,-0.7504351406138027,-0.7780172909099163,-0.8058294148743513,-0.8337963734757026,-0.8618396958521625,-0.889878513157522,-0.9178305824894327,-0.9456133762382365,-0.9731452065273491,-1.0003463297349984,-1.0271400239009565,-1.0534535868804424,-1.0792192350175909,-1.1043748693389106,-1.1288646978224828,-1.1526396973584079,-1.1756579217118137,-1.1978846305669668,-1.219292299603022,-1.2398604519332255,-1.2595754130071093,-1.2784299266308836,-1.2964227182526842,-1.3135579845899072,-1.329844850126199,-1.3452968004928942,-1.3599311135344883,-1.373768295000175,-1.3868315396850235
-0.1753507014028055,-0.1841926748665749,-0.19346444769975704,-0.2031843814399425,-0.2133712214200342,-0.22404403604992454,-0.23522214271690323,-0.24692501845650136,-0.2591721936330388,-0.2719831267773766,-0.2853770585800455,-0.2993728432674256,-0.31398875543049093,-0.3292422707748704,-0.34514981941244555,-0.36172651076759776,-0.37898582975475975,-0.39693930462549365,-0.4155961477881181,-0.43496287194725397,-0.45504288615553895,-0.4758360763854643,-0.49733837804036596,-0.5195413498183621,-0.5424317612334395,-0.5659912041516704,-0.5901957448066205,-0.615015632259305,-0.6404150843291452,-0.6663521609727807,-0.6927787447642456,-0.7196406457513451,-0.7468778423083913,-0.7744248635049044,-0.8022113160613273,-0.8301625570983605,-0.8582004978708132,-0.8862445226887383,-0.9142125050743031,-0.942021897195682,-0.9695908351817076,-0.9968392628776795,-1.0236900054119786,-1.0500697892528188,-1.075910144542935,-1.1011481974826762,-1.1257273064171192,-1.1495975542231853,-1.172716057761061,-1.195047149163345,-1.216562363212265,-1.2372403304423325,-1.25706650704036,-1.2760328302435944,-1.2941372769490023,-1.3113833635491654,-1.3277796075133343,-1.343338961213442,-1.3580782418515547,-1.3720175680730997
-0.1653306613226455,-0.17368286439677402,-0.18244351127655992,-0.1916304424158682,-0.20126193899001163,-0.21135667622483656,-0.2219336651986495,-0.23301218146274702,-0.24461167881314955,-0.2567516864500541,-0.26945168757624566,-0.28273097763842325,-0.2966085001866503,-0.3111026586221759,-0.326231102128087,-0.34201048437488085,-0.3584561939804884,-0.3755820562503949,-0.39340000653696583,-0.41191973590460024,-0.4311483121574655,-0.4510897792432518,-0.4717447401042607,-0.49310993008884646,-0.5151777907147512,-0.5379360524574544,-0.5613673403656871,-0.5854488167004287,-0.6101518805708809,-0.6354419342098182,-0.6612782369581178,-0.687613865470073,-0.7143957941795035,-0.7415651082431371,-0.7690573569223632,-0.7968030546967041,-0.824728325142245,-0.8527556780917782,-0.8808049097771974,-0.9087941099839466,-0.9366407214513182,-0.9642626627935746,-0.9915794359161213,-1.0185132308470306,-1.0449899377083263,-1.0709400911804736,-1.09629967405014,-1.1210107962820337,-1.145022198726811,-1.1682896241085954,-1.1907759892856742,-1.2124514454597897,-1.233293256979198,-1.2532855816424948,-1.2724191317590867,-1.2906907471310856,-1.3081029126626755,-1.3246632172350092,-1.340383797835433,-1.3552807656203933
-0.15531062124248507,-0.1631703327545223,-0.1714165789860061,-0.18006659108887418,-0.1891380855606291,-0.19864923021583228,-0.20861860041124666,-0.21906512407809206,-0.23000801402142848,-0.24146668585411155,-0.25346065972760246,-0.2660094441125621,-0.2791323996092697,-0.2928485809737378,-0.30717655547203504,-0.32213419584243774,-0.33773844636511025,-0.3540050609093129,-0.3709483125315924,-0.38858067398509283,-0.40691247084326937,-0.4259515088400707,-0.4457026783827319,-0.4661675411400463,-0.4873439059359884,-0.5092254007511418,-0.5318010516790175,-0.555054880716275,-0.5789655401945065,-0.6035059926235646,-0.6286432567020817,-0.6543382379112344,-0.6805456588266023,-0.7072141061445749,-0.7342862063504829,-0.7616989421557155,-0.7893841140544351,-0.8172689443654023,-0.8452768213941529,-0.8733281766161413,-0.9013414479127898,-0.9292341468983168,-0.9569239490720632,-0.9843298332325545,-1.011373163099148,-1.037978750006294,-1.0640758031035873,-1.0895987837620615,-1.1144881064126362,-1.1386907090478542,-1.162160434320659,-1.184858283010747,-1.206752477873561,-1.2278184045816924,-1.248038413968676,-1.2674015048827545,-1.2859029329736174,-1.303543725194836,-1.3203301657982707,-1.3362732334057366
-0.14529058116232463,-0.15265524137962413,-0.16038400366010347,-0.16849340550166395,-0.17700050234521306,-0.18592284473841186,-0.19527844743325853,-0.2050857491843964,-0.21536356186006947,-0.2261310073949288,-0.23740744090271243,-0.24921235830939442,-0.26156528657395883,-0.2744856546963617,-0.2879926435700385,-0.3021050127993252,-0.316840902686894,-0.33221760981639115,-0.34825133524069,-0.364956903653491,-0.38234745412075377,-0.4004341027947477,-0.4192255787662291,-0.43872783595709824,-0.45894364584149366,-0.47987217588992437,-0.5015085615658224,-0.5238434811211339,-0.546862748008972,-0.5705469283764095,-0.594871002564235,-0.6198040876650781,-0.6453092360488104,-0.6713433294083601,-0.6978570828848091,-0.7247951745930477,-0.7520965127045236,-0.7796946441026286,-0.8075183096810241,-0.8354921479779585,-0.8635375124931652,-0.8915734248347814,-0.9195175894232797,-0.9472875051364096,-0.9748015627828807,-1.0019801746374186,-1.02874683304432,-1.0550291109494663,-1.0807595462789878,-1.10587640791027,-1.1303242986745596,-1.1540546208125546,-1.1770258576634054,-1.1992037109158997,-1.2205610857779388,-1.241077926632224,-1.2607409592258514,-1.2795433009536186,-1.2974840253508328,-1.31456764164554
-0.13527054108216463,-0.142137752359936,-0.14934614008794742,-0.15691146788869356,-0.16485003825386668,-0.17317867942542065,-0.18191472576689355,-0.19107599060372643,-0.20068073031175707,-0.21074759836492685,-0.2212955878474716,-0.23234396094317322,-0.24391216362036197,-0.2560197238059903,-0.26868613115755136,-0.28193069652695163,-0.2957723891928228,-0.310229650036772,-0.32532017930680107,-0.34106069669790995,-0.3574666734518543,-0.3745520359816313,-0.39232884074453545,-0.4108069215683354,-0.42999351204158776,-0.4498928460582429,-0.47050574148529645,-0.49182917349655864,-0.5138558489267728,-0.5365737875116702,-0.5599659259539833,-0.584009759433739,-0.6086770340666134,-0.6339335101542366,-0.6597388118162195,-0.6860463796637258,-0.712803544134012,-0.7399517291415839,-0.7674267972426729,-0.7951595456601633,-0.823076333810812,-0.8510998656027298,-0.8791500679995728,-0.9071451044387377,-0.9350024223424744,-0.9626398810709883,-0.9899768612641685,-1.0169353610498504,-1.0434410282336553,-1.0694240979551555,-1.0948202120787143,-1.1195711014521377,-1.1436251077651929,-1.166937547370649,-1.1894709194076978,-1.2111949406373228,-1.2320864683611603,-1.252129256397773,-1.2713136441414992,-1.289636122192081
-0.1252505010020042,-0.1316180283909675,-0.13830334489642288,-0.1453213644264925,-0.1526875494462968,-0.16041790609690362,-0.16852897421848104,-0.17703781146012704,-0.18596197042970555,-0.19531946778651038,-0.2051287439881109,-0.21540861238604456,-0.22617819608686365,-0.2374568510266385,-0.24926407350336616,-0.2616193903443187,-0.27454222979724785,-0.28805177124255216,-0.3021667721815841,-0.3169053698912921,-0.3322848568310372,-0.3483214286618378,-0.365029903563395,-0.38242341271939745,-0.4005130627802312,-0.41930757181180334,-0.43881288118432177,-0.45903174739933017,-0.47996332164244715,-0.5016027212089273,-0.523940605052336,-0.5469627648962285,-0.5706497430978376,-0.5949764953733486,-0.6199121133509058,-0.6454196231020399,-0.6714558798779545,-0.6979715725966376,-0.7249113533932829,-0.7522141071230949,-0.7798133574429906,-0.8076378310078449,-0.8356121435209662,-0.8636576435657954,-0.8916933371894672,-0.9196369328138645,-0.9474059250715918,-0.9749187139816203,-1.002095722723913,-1.028860457927197,-1.0551405126727302,-1.0808684482956523,-1.1059825582775291,-1.1304274750421026,-1.1541546311485085,-1.1771225369593472,-1.1992969317708748,-1.2206507427990274,-1.2411639528874827,-1.2608233090195262
-0.11523046092184375,-0.12109623273520687,-0.12725597642954203,-0.13372368497994133,-0.14051389887508448,-0.14764170801014523,-0.15512274974124804,-0.16297320247394828,-0.17120977391252487,-0.179849683065429,-0.1889106349313972,-0.1984107867595644,-0.20836870452651343,-0.2188033082749807,-0.22973380475538394,-0.24117960571335773,-0.25316023003680976,-0.2656951879225072,-0.2788038454834989,-0.2925052671142761,-0.306818034329493,-0.3217600395531378,-0.3373482528920733,-0.3535984608199745,-0.370524976220724,-0.38814032002911614,-0.40645487489361654,-0.42547651266537506,-0.44521020018011237,-0.4656575858155878,-0.48681657517653093,-0.5086809038302952,-0.5312397154242091,-0.5544771600311936,-0.57837202560667,-0.6028974166035002,-0.6280204996544847,-0.6537023315146575,-0.6798977862383505,-0.7065555992372379,-0.7336185388630959,-0.7610237230815771,-0.7887030696844086,-0.8165839085481554,-0.8445897117971275,-0.8726409697701905,-0.9006561599788547,-0.9285527976266079,-0.95624854966044,-0.9836623401627833,-1.0107154693849416,-1.0373326470458089,-1.0634429675703085,-1.0889807506224196,-1.1138862632258961,-1.138106270009847,-1.1615944507225826,-1.1843116197791952,-1.206225829655494,-1.2273122902152844
-0.1052104208416833,-0.11057252918118143,-0.11620439462649583,-0.12211902284474109,-0.1283299558199433,-0.13485127909097294,-0.14169762624234297,-0.14888418019199262,-0.15642667056907242,-0.16434136646227837,-0.17264506367296326,-0.1813550655692367,-0.19048915642251835,-0.20006556609124826,-0.21010292472772282,-0.220620206074022,-0.23163665776636974,-0.24317171697821993,-0.25524490991274773,-0.26787573260273084,-0.2810835115815646,-0.2948872427533115,-0.30930540619734864,-0.32435575526954963,-0.34005507855069134,-0.35641893396781205,-0.37346135404915076,-0.3911945224076516,-0.409628423129257,-0.4287704640957715,-0.4486250789529928,-0.46919331222550703,-0.4904723929201546,-0.5124553073468099,-0.535130380926563,-0.5584808798108797,-0.5824846494026645,-0.6071138042775661,-0.6323344856406176,-0.6581067037546905,-0.6843842856314589,-0.7111149403240792,-0.7382404524903349,-0.7656970226933533,-0.7934157453817084,-0.8213232390817824,-0.8493424095859413,-0.8773933310824166,-0.9053942465056871,-0.9332626142326091,-0.9609162382236277,-0.9882743674533481,-1.0152588078950155,-1.0417949479907507,-1.0678127114108582,-1.0932473784904067,-1.1180402836258287,-1.1421393382519358,-1.165499418691899,-1.1880825666363057
-0.09519038076152331,-0.10004708200227767,-0.10514896089851268,-0.11050797448633227,-0.11613659541354411,-0.12204782314747624,-0.12825519335619898,-0.1347727851570354,-0.14161522567900225,-0.14879769139089755,-0.15633590552659998,-0.16424613090004614,-0.17254515722723557,-0.1812502820463709,-0.19037928416341168,-0.1999503884426505,-0.2099822206176789,-0.22049375069528965,-0.2315042236412547,-0.2430330751028834,-0.25509983075762704,-0.2677239876593503,-0.2809248753156357,-0.29472149463378017,-0.3091323328239209,-0.32417515303762073,-0.3398667568164325,-0.3562227182852846,-0.3732570896932986,-0.39098207820816955,-0.40940769566369384,-0.42854138282467913,-0.44838761078537737,-0.4689474659904785,-0.4902182250979002,-0.5121929267900961,-0.534859953151044,-0.5582026324474635,-0.582198876518853,-0.6068208674401244,-0.6320348175786751,-0.6578008100163891,-0.6840727451845912,-0.71079840210704,-0.7379196344400117,-0.7653727042405954,-0.7930887649392594,-0.8209944807144879,-0.8490127988868517,-0.8770638192419093,-0.9050658009900908,-0.9329362062806269,-0.9605928256280076,-0.9879548881615534,-1.0149441606873149,-1.0414859859985732,-1.0675102278745625,-1.0929521007411613,-1.1177528623436352,-1.1418603479689038
-0.08517034068136287,-0.0895200559153347,-0.09409003800460934,-0.09889113927551678,-0.10393469815949694,-0.10923255306733483,-0.11479705518643894,-0.12064108002052,-0.12677803725523243,-0.13322187855339523,-0.13998710278914173,-0.14708875819415312,-0.15454244075411316,-0.16236428816458026,-0.1705709685221833,-0.17917966283168127,-0.18820804028122173,-0.1976742251380775,-0.20759675418588716,-0.2179945228508477,-0.22888671876133296,-0.24029274129800085,-0.2522321050888054,-0.2647243256369027,-0.2777887850793315,-0.2914445766385166,-0.30571032548301874,-0.3206039843127285,-0.3361426019835694,-0.35234206434509563,-0.3692168068395833,-0.3867794982555385,-0.40504069609933313,-0.42400847636949823,-0.4436880405967041,-0.4640813037042811,-0.48518647026716694,-0.5069976071702649,-0.5295042216748279,-0.5526908551527491,-0.5765367146694779,-0.6010153448528592,-0.6260943714133795,-0.6517353168517724,-0.6778935254364015,-0.7045181930058558,-0.7315525334069346,-0.7589340759290729,-0.7865951181639244,-0.8144633078893866,-0.842462386985954,-0.8705130350467786,-0.8985338468841458,-0.9264423753045558,-0.9541562306799544,-0.981594209838585,-1.0086773882773596,-1.0353301873390104,-1.0614813337648379,-1.0870647271021816
-0.07515030060120242,-0.07899161603903712,-0.08302798992633105,-0.08726911922105376,-0.0917251494431103,-0.09640669000001181,-0.10132482901865385,-0.10649114760248779,-0.11191773321505769,-0.1176171919224982,-0.1236026591573379,-0.12988780863505967,-0.13648685895747537,-0.14341457740992927,-0.1506862803582092,-0.15831782957374183,-0.16632562371152254,-0.1747265840789519,-0.18353813386941997,-0.19277816943901196,-0.20246502260525584,-0.2126174127973103,-0.2232543873756759,-0.23439524855365934,-0.24605946510726784,-0.25826656748488347,-0.27103602410138694,-0.2843870969791615,-0.2983386745016634,-0.31290908010944385,-0.32811585525932596,-0.3439755147596678,-0.3605032735409822,-0.3777127449348105,-0.3956156106922346,-0.4142212634639182,-0.4335364247864134,-0.4535647425648932,-0.4743063726548803,-0.49575754999718596,-0.5179101653862107,-0.5407513472171019,-0.5642630758365049,-0.5884218265774375,-0.6131982806960324,-0.6385570971890714,-0.664456783230253,-0.6908496660351546,-0.7176819898772419,-0.7448941433468403,-0.7724210352959621,-0.8001926073472133,-0.8281344990692218,-0.8561688423262741,-0.8842151693779025,-0.9121914344706593,-0.9400150743577915,-0.9676041441192635,-0.9948784142768713,-1.0217604710760075
-0.06513026052104198,-0.06846192785211708,-0.07196318174156495,-0.0756425186994915,-0.0795088390355517,-0.0835714625250971,-0.08784014400647568,-0.09232508890301581,-0.09703696846708096,-0.10198693458279244,-0.10718663391474781,-0.11264822116552832,-0.11838437114028048,-0.12440828929415604,-0.130733720367689,-0.13737495465796637,-0.14434683139637022,-0.1516647386369172,-0.15934460907381812,-0.16740291078592068,-0.17585663215264505,-0.18472326007703505,-0.19402075026068413,-0.20376748831521937,-0.2139822402588236,-0.22468409123836777,-0.23589237062127696,-0.2476265618122499,-0.25990619460370445,-0.2727507188751496,-0.2861793575606115,-0.3002109365631256,-0.3148636900334937,-0.3301550395492649,-0.34610134582166446,-0.36271763186535344,-0.3800172774331686,-0.3980116854506382,-0.4167099214337666,-0.43611832731042527,-0.4562401181201103,-0.47707495941865496,-0.4986185433911112,-0.5208621585729228,-0.5437922826832289,-0.5673901924857384,-0.5916316212982109,-0.6164864722554069,-0.6419186039851773,-0.6678857140949158,-0.6943393245964539,-0.7212248971558392,-0.7484820786063617,-0.7760450949298828,-0.8038432825811165,-0.831801777151982,-0.8598423104849147,-0.8878841560497043,-0.9158451303770129,-0.9436426934941714
-0.055110220440881985,-0.05793115715139165,-0.06089597949752647,-0.0640119441825169,-0.0672866605920634,-0.07072810580814631,-0.07434463983348238,-0.07814502106966706,-0.08213842192159221,-0.08633444444329078,-0.09074313590829099,-0.09537500416940664,-0.10024103263502175,-0.10535269467200377,-0.11072196720087837,-0.11636134321075063,-0.12228384287023063,-0.12850302286459797,-0.13503298359210275,-0.14188837358537415,-0.14908439065841847,-0.15663677920898203,-0.16456182284044138,-0.1728763314683968,-0.18159762188999853,-0.19074349097408905,-0.20033218012083162,-0.21038232973891047,-0.22091292197755596,-0.2319432107396514,-0.24349263710150196,-0.2555807280379259,-0.26822697685627556,-0.28145070341108036,-0.29527089216612334,-0.309706006332428,-0.32477377624229864,-0.34049096076158053,-0.3568730805276976,-0.3739341219303138,-0.3916862138818757,-0.41013927497529346,-0.42930063843777694,-0.44917465074620316,-0.4697622587803788,-0.4910605817389497,-0.5130624845712095,-0.5357561608771629,-0.5591247328231362,-0.5831458956206407,-0.6077916023503711,-0.633027830143958,-0.6588144212138438,-0.685105035709789,-0.71184721720421,-0.738982595350508,-0.766447222110593,-0.7941720645978056,-0.8220836276346353,-0.850104727299749
-0.04509018036072154,-0.04739947000965019,-0.049826750083009054,-0.05237800396209917,-0.05505951114489313,-0.05787786074538672,-0.060839965353552274,-0.06395307532564162,-0.06722479343240682,-0.07066308983452041,-0.07427631733552262,-0.07807322685014098,-0.0820629830076288,-0.08625517979826242,-0.09065985614704854,-0.09528751127648181,-0.10014911969062569,-0.10525614558523953,-0.11062055648575311,-0.11625483577013984,-0.12217199379260497,-0.12838557728527908,-0.13490967656012456,-0.14175893001943135,-0.1489485253601615,-0.15649419695278538,-0.1644122185590303,-0.17271939058768582,-0.18143302071573061,-0.19057089721674567,-0.20015125365818076,-0.21019272345765,-0.22071428308239782,-0.231735182252351,-0.2432748594472816,-0.25535284108308937,-0.26798862227980924,-0.28120152746213045,-0.29501054889420447,-0.30943416122164175,-0.32449011046213383,-0.34019517558719437,-0.35656490268853586,-0.3736133092903741,-0.39135256155667003,-0.40979262261349286,-0.4289408760280135,-0.4488017283848323,-0.46937619154977545,-0.4906614605824825,-0.5126504816991181,-0.5353315385341827,-0.5586878510175445,-0.5826972156829804,-0.6073316961672852,-0.6325573791551665,-0.6583342226534304,-0.6846159991824637,-0.7113503650143295,-0.7384790544559168
-0.0350701402805611,-0.036867032733417265,-0.038755861099999366,-0.04074130787371872,-0.04282829059162289,-0.04502197309870991,-0.047327777212378755,-0.049751394863507804,-0.05229880067855274,-0.05497626500404593,-0.0577903673650505,-0.06074801034121094,-0.06385643383857911,-0.0671232297283871,-0.07055635681387858,-0.07416415607572259,-0.0779553661327551,-0.08193913884130281,-0.0861250549517855,-0.09052313968152394,-0.09514387807667626,-0.09999823002058825,-0.10509764467426681,-0.11045407411962253,-0.11607998591193217,-0.1219883742871468,-0.12819276961383763,-0.13470724568352827,-0.14154642422447494,-0.1487254762898907,-0.15626011977925228,-0.1641666122539258,-0.1724617383432457,-0.18116279072790825,-0.19028754362862732,-0.19985421774119952,-0.20988143514963936,-0.2203881628507327,-0.23139364338408638,-0.2429173109965247,-0.2549786910496101,-0.2675972816027035,-0.2807924144539109,-0.2945830946061755,-0.30898781530893465,-0.32402434801018226,-0.339709504788182,-0.35605887328755964,-0.3730865219075439,-0.39080467815667624,-0.40922337690734634,-0.42835008624709464,-0.4481893083892769,-0.4687421648975423,-0.49000597243288063,-0.5119738122107067,-0.5346341156764587,-0.5579702606154795,-0.5819602142171737,-0.6065762164839948
-0.025050100200401104,-0.026334011820603145,-0.027683680734746592,-0.029102467017962295,-0.030593901179576184,-0.032161692622384,-0.03380973845291064,-0.03554213270952754,-0.037363175994492515,-0.039277385524945044,-0.04128950561366614,-0.04340451858586062,-0.0456276561392929,-0.04796441115135445,-0.05042054993454316,-0.053002124938331396,-0.05571548789117525,-0.05856730337176586,-0.06156456279455799,-0.06471459878329433,-0.06802509989934168,-0.07150412568943551,-0.07516012199715003,-0.07900193647168735,-0.08303883418475609,-0.08728051327460588,-0.09173712048623646,-0.09641926647063512,-0.10133804062606719,-0.106505025357418,-0.11193230947411896,-0.11763250041314117,-0.12361873501166647,-0.12990468840970235,-0.1365045806347922,-0.14343318041590386,-0.15070580556205052,-0.15833831925282263,-0.16634712151172265,-0.1747491350921387,-0.18356178439268847,-0.19280296698707072,-0.20249101571747505,-0.21264465108222494,-0.2232829211177081,-0.23442512858177,-0.2460907426130706,-0.25829929365899157,-0.27107024982101036,-0.284422872143011,-0.29837604786195204,-0.3129480987915951,-0.3281565641452328,-0.3440179555345104,-0.3605474842859528,-0.37775875886999055,-0.39566345584846724,-0.414270960929396,-0.4335879886383051,-0.45361817800915455
-0.015030060120240663,-0.015800573918064848,-0.016610577628387174,-0.017462093480779425,-0.018357246987005693,-0.019298272182958053,-0.020287517107558994,-0.02132744956374146,-0.02242066315785921,-0.02356988363231274,-0.024777975504807426,-0.026047949025411205,-0.027382967465305497,-0.02878635474943606,-0.030261603446175744,-0.031812383126775284,-0.03344254910729214,-0.03515615158511107,-0.036957445179534434,-0.03885089889259937,-0.040841206495438646,-0.04293329734811732,-0.04513234766245058,-0.04744379221163695,-0.04987333648798078,-0.05242696930686589,-0.05511097585368147,-0.057931951164275054,-0.06089681401782835,-0.06401282123023838,-0.0672875823096325,-0.07072907443539486,-0.07434565771948143,-0.0781460906761307,-0.08213954582389361,-0.08633562533754638,-0.09074437661778673,-0.09537630764200918,-0.1002424019407258,-0.10535413303280632,-0.11072347796520278,-0.11636292989165856,-0.12228550910023606,-0.1285047724794052,-0.1350348205351482,-0.14189030194231744,-0.14908641469101003,-0.15663890330618038,-0.16456405159019405,-0.17287866949889036,-0.18160007406720488,-0.19074606225142327,-0.200334875577973,-0.2103851544601287,-0.22091588109921487,-0.23194630964678242,-0.2434958811242129,-0.2555841226094861,-0.26823052729094854,-0.2814544149977747
-0.005010020040080221,-0.005266885779101927,-0.0055369207472272565,-0.005820800052700023,-0.00611923340177344,-0.006432966873854457,-0.006762784780063804,-0.007109511621089181,-0.0074740141439130275,-0.007857203503319027,-0.008260037533824427,-0.008683523137019878,-0.009128718790563806,-0.00959673718461659,-0.01008874799217553,-0.010605980779968466,-0.011149728066964251,-0.011721348537757777,-0.01232227041718969,-0.012953995017126496,-0.013618100461604636,-0.014316245598110238,-0.015050174105727133,-0.015821718809202436,-0.016632806209185915,-0.017485461236495848,-0.018381812242969527,-0.019324096239142538,-0.02031466439207391,-0.021355987791103523,-0.022450663493498058,-0.02360142086591894,-0.024811128232325185,-0.026082799839696566,-0.02741960315585387,-0.028824866511310058,-0.03030208709881863,-0.03185493934280226,-0.03348728365144461,-0.03520317556395625,-0.03700687530332247,-0.03890285774783377,-0.04089582282687017,-0.042990706355847334,-0.04519269130839903,-0.047507219539419665,-0.04994000395438022,-0.052497041123592054,-0.055184624346212324,-0.05800935713163363,-0.06097816711781787,-0.06409832036002974,-0.06737743600518495,-0.07082350127930843,-0.0744448867442276,-0.07825036179190287,-0.08224911022242345,-0.08645074592831578,-0.09086532842173216,-0.09550337821414001
0.005010020040080221,0.005266885779101927,0.0055369207472272565,0.005820800052700023,0.00611923340177344,0.006432966873854457,0.006762784780063804,0.007109511621089181,0.0074740141439130275,0.007857203503319027,0.008260037533824427,0.008683523137019878,0.009128718790563806,0.00959673718461659,0.01008874799217553,0.010605980779968466,0.011149728066964251,0.011721348537757777,0.01232227041718969,0.012953995017126496,0.013618100461604636,0.014316245598110238,0.015050174105727133,0.015821718809202436,0.016632806209185915,0.017485461236495848,0.018381812242969527,0.019324096239142538,0.02031466439207391,0.021355987791103523,0.022450663493498058,0.02360142086591894,0.024811128232325185,0.026082799839696566,0.02741960315585387,0.028824866511310058,0.03030208709881863,0.03185493934280226,0.03348728365144461,0.03520317556395625,0.03700687530332247,0.03890285774783377,0.04089582282687017,0.042990706355847334,0.04519269130839903,0.047507219539419665,0.04994000395438022,0.052497041123592054,0.055184624346212324,0.05800935713163363,0.06097816711781787,0.06409832036002974,0.06737743600518495,0.07082350127930843,0.0744448867442276,0.07825036179190287,0.08224911022242345,0.08645074592831578,0.09086532842173216,0.09550337821414001
0.015030060120240218,0.015800573918064383,0.01661057762838668,0.017462093480778908,0.01835724698700515,0.019298272182957477,0.02028751710755839,0.02132744956374083,0.022420663157858543,0.023569883632312036,0.024777975504806687,0.026047949025410428,0.02738296746530468,0.0287863547494352,0.03026160344617484,0.031812383126774334,0.03344254910729114,0.035156151585110026,0.03695744517953334,0.03885089889259821,0.04084120649543743,0.042933297348116045,0.04513234766244924,0.04744379221163554,0.0498733364879793,0.05242696930686434,0.05511097585367985,0.05793195116427335,0.060896814017826546,0.0640128212302365,0.06728758230963051,0.07072907443539278,0.07434565771947925,0.0781460906761284,0.0821395458238912,0.08633562533754384,0.09074437661778406,0.09537630764200637,0.10024240194072284,0.10535413303280321,0.11072347796519952,0.11636292989165514,0.12228550910023246,0.12850477247940142,0.13503482053514426,0.1418903019423133,0.1490864146910057,0.15663890330617583,0.16456405159018925,0.1728786694988853,0.18160007406719958,0.19074606225141771,0.20033487557796717,0.21038515446012257,0.22091588109920846,0.2319463096467757,0.24349588112420587,0.2555841226094787,0.2682305272909408,0.28145441499776663
0.02505010020040066,0.02633401182060268,0.027683680734746103,0.029102467017961774,0.03059390117957564,0.03216169262238342,0.03380973845291002,0.0355421327095269,0.03736317599449184,0.03927738552494435,0.04128950561366541,0.04340451858585985,0.045627656139292073,0.04796441115135358,0.05042054993454225,0.053002124938330446,0.05571548789117425,0.0585673033717648,0.06156456279455688,0.06471459878329318,0.06802509989934044,0.07150412568943419,0.07516012199714865,0.07900193647168591,0.08303883418475458,0.08728051327460429,0.09173712048623478,0.09641926647063336,0.10133804062606534,0.10650502535741607,0.11193230947411695,0.11763250041313904,0.12361873501166423,0.1299046884097,0.1365045806347897,0.14343318041590125,0.1507058055620478,0.15833831925281977,0.16634712151171968,0.17474913509213558,0.18356178439268517,0.19280296698706725,0.2024910157174714,0.21264465108222114,0.22328292111770412,0.23442512858176584,0.2460907426130662,0.258299293658987,0.2710702498210056,0.28442287214300593,0.29837604786194677,0.31294809879158964,0.3281565641452271,0.3440179555345045,0.3605474842859466,0.3777587588699841,0.3956634558484605,0.4142709609293891,0.4335879886382979,0.4536181780091471
0.0350701402805611,0.036867032733417265,0.038755861099999366,0.04074130787371872,0.04282829059162289,0.04502197309870991,0.047327777212378755,0.049751394863507804,0.05229880067855274,0.05497626500404593,0.0577903673650505,0.06074801034121094,0.06385643383857911,0.0671232297283871,0.07055635681387858,0.07416415607572259,0.0779553661327551,0.08193913884130281,0.0861250549517855,0.09052313968152394,0.09514387807667626,0.09999823002058825,0.10509764467426681,0.11045407411962253,0.11607998591193217,0.1219883742871468,0.12819276961383763,0.13470724568352827,0.14154642422447494,0.1487254762898907,0.15626011977925228,0.1641666122539258,0.1724617383432457,0.18116279072790825,0.19028754362862732,0.19985421774119952,0.20988143514963936,0.2203881628507327,0.23139364338408638,0.2429173109965247,0.2549786910496101,0.2675972816027035,0.2807924144539109,0.2945830946061755,0.30898781530893465,0.32402434801018226,0.339709504788182,0.35605887328755964,0.3730865219075439,0.39080467815667624,0.40922337690734634,0.42835008624709464,0.4481893083892769,0.4687421648975423,0.49000597243288063,0.5119738122107067,0.5346341156764587,0.5579702606154795,0.5819602142171737,0.6065762164839948
0.04509018036072154,0.04739947000965019,0.049826750083009054,0.05237800396209917,0.05505951114489313,0.05787786074538672,0.060839965353552274,0.06395307532564162,0.06722479343240682,0.07066308983452041,0.07427631733552262,0.07807322685014098,0.0820629830076288,0.08625517979826242,0.09065985614704854,0.09528751127648181,0.10014911969062569,0.10525614558523953,0.11062055648575311,0.11625483577013984,0.12217199379260497,0.12838557728527908,0.13490967656012456,0.14175893001943135,0.1489485253601615,0.15649419695278538,0.1644122185590303,0.17271939058768582,0.18143302071573061,0.19057089721674567,0.20015125365818076,0.21019272345765,0.22071428308239782,0.231735182252351,0.2432748594472816,0.25535284108308937,0.26798862227980924,0.28120152746213045,0.29501054889420447,0.30943416122164175,0.32449011046213383,0.34019517558719437,0.35656490268853586,0.3736133092903741,0.39135256155667003,0.40979262261349286,0.4289408760280135,0.4488017283848323,0.46937619154977545,0.4906614605824825,0.5126504816991181,0.5353315385341827,0.5586878510175445,0.5826972156829804,0.6073316961672852,0.6325573791551665,0.6583342226534304,0.6846159991824637,0.7113503650143295,0.7384790544559168
0.05511022044088154,0.05793115715139118,0.060895979497525975,0.0640119441825164,0.06728666059206286,0.07072810580814574,0.07434463983348179,0.07814502106966642,0.08213842192159153,0.08633444444329007,0.09074313590829024,0.09537500416940585,0.1002410326350209,0.10535269467200287,0.11072196720087742,0.11636134321074963,0.1222838428702296,0.12850302286459686,0.13503298359210159,0.14188837358537298,0.14908439065841722,0.15663677920898073,0.16456182284044002,0.1728763314683954,0.18159762188999706,0.19074349097408752,0.20033218012083,0.21038232973890877,0.22091292197755416,0.23194321073964955,0.2434926371015,0.25558072803792387,0.2682269768562734,0.28145070341107814,0.295270892166121,0.3097060063324256,0.3247737762422961,0.3404909607615779,0.3568730805276949,0.373934121930311,0.3916862138818728,0.4101392749752904,0.4293006384377738,0.4491746507461998,0.4697622587803754,0.4910605817389462,0.513062484571206,0.5357561608771592,0.5591247328231324,0.5831458956206367,0.6077916023503671,0.6330278301439538,0.6588144212138395,0.6851050357097846,0.7118472172042055,0.7389825953505036,0.7664472221105885,0.7941720645978011,0.8220836276346308,0.8501047272997445
0.06513026052104198,0.06846192785211708,0.07196318174156495,0.0756425186994915,0.0795088390355517,0.0835714625250971,0.08784014400647568,0.09232508890301581,0.09703696846708096,0.10198693458279244,0.10718663391474781,0.11264822116552832,0.11838437114028048,0.12440828929415604,0.130733720367689,0.13737495465796637,0.14434683139637022,0.1516647386369172,0.15934460907381812,0.16740291078592068,0.17585663215264505,0.18472326007703505,0.19402075026068413,0.20376748831521937,0.2139822402588236,0.22468409123836777,0.23589237062127696,0.2476265618122499,0.25990619460370445,0.2727507188751496,0.2861793575606115,0.3002109365631256,0.3148636900334937,0.3301550395492649,0.34610134582166446,0.36271763186535344,0.3800172774331686,0.3980116854506382,0.4167099214337666,0.43611832731042527,0.4562401181201103,0.47707495941865496,0.4986185433911112,0.5208621585729228,0.5437922826832289,0.5673901924857384,0.5916316212982109,0.6164864722554069,0.6419186039851773,0.6678857140949158,0.6943393245964539,0.7212248971558392,0.7484820786063617,0.7760450949298828,0.8038432825811165,0.831801777151982,0.8598423104849147,0.8878841560497043,0.9158451303770129,0.9436426934941714
0.07515030060120242,0.07899161603903712,0.08302798992633105,0.08726911922105376,0.0917251494431103,0.09640669000001181,0.10132482901865385,0.10649114760248779,0.11191773321505769,0.1176171919224982,0.1236026591573379,0.12988780863505967,0.13648685895747537,0.14341457740992927,0.1506862803582092,0.15831782957374183,0.16632562371152254,0.1747265840789519,0.18353813386941997,0.19277816943901196,0.20246502260525584,0.2126174127973103,0.2232543873756759,0.23439524855365934,0.24605946510726784,0.25826656748488347,0.27103602410138694,0.2843870969791615,0.2983386745016634,0.31290908010944385,0.32811585525932596,0.3439755147596678,0.3605032735409822,0.3777127449348105,0.3956156106922346,0.4142212634639182,0.4335364247864134,0.4535647425648932,0.4743063726548803,0.49575754999718596,0.5179101653862107,0.5407513472171019,0.5642630758365049,0.5884218265774375,0.6131982806960324,0.6385570971890714,0.664456783230253,0.6908496660351546,0.7176819898772419,0.7448941433468403,0.7724210352959621,0.8001926073472133,0.8281344990692218,0.8561688423262741,0.8842151693779025,0.9121914344706593,0.9400150743577915,0.9676041441192635,0.9948784142768713,1.0217604710760075
0.08517034068136242,0.08952005591533421,0.09409003800460883,0.09889113927551622,0.10393469815949635,0.10923255306733422,0.11479705518643829,0.12064108002051932,0.12677803725523173,0.13322187855339448,0.13998710278914095,0.14708875819415235,0.1545424407541123,0.16236428816457937,0.1705709685221824,0.1791796628316803,0.18820804028122073,0.19767422513807642,0.20759675418588602,0.21799452285084647,0.22888671876133168,0.2402927412979995,0.25223210508880395,0.2647243256369011,0.2777887850793299,0.29144457663851486,0.3057103254830169,0.32060398431272663,0.3361426019835674,0.3523420643450935,0.36921680683958114,0.38677949825553626,0.4050406960993308,0.42400847636949573,0.4436880405967015,0.4640813037042784,0.4851864702671641,0.5069976071702619,0.5295042216748248,0.552690855152746,0.5765367146694748,0.6010153448528561,0.6260943714133763,0.6517353168517692,0.6778935254363982,0.7045181930058526,0.7315525334069313,0.7589340759290696,0.7865951181639208,0.814463307889383,0.8424623869859503,0.8705130350467749,0.8985338468841422,0.9264423753045521,0.9541562306799507,0.9815942098385814,1.008677388277356,1.0353301873390068,1.0614813337648343,1.0870647271021783
0.09519038076152286,0.10004708200227722,0.10514896089851222,0.11050797448633182,0.11613659541354364,0.12204782314747573,0.12825519335619845,0.13477278515703486,0.14161522567900167,0.14879769139089696,0.1563359055265994,0.16424613090004556,0.17254515722723499,0.18125028204637025,0.19037928416341102,0.1999503884426498,0.20998222061767816,0.22049375069528884,0.2315042236412539,0.24303307510288255,0.2550998307576261,0.2677239876593493,0.28092487531563465,0.29472149463377906,0.3091323328239197,0.32417515303761946,0.33986675681643125,0.3562227182852832,0.37325708969329724,0.39098207820816805,0.40940769566369234,0.4285413828246776,0.44838761078537576,0.4689474659904769,0.4902182250978987,0.5121929267900945,0.5348599531510424,0.5582026324474618,0.5821988765188513,0.6068208674401225,0.6320348175786732,0.6578008100163873,0.6840727451845893,0.7107984021070383,0.73791963444001,0.7653727042405937,0.7930887649392576,0.8209944807144861,0.8490127988868499,0.8770638192419076,0.905065800990089,0.9329362062806251,0.9605928256280059,0.9879548881615515,1.014944160687313,1.0414859859985715,1.0675102278745607,1.0929521007411598,1.1177528623436337,1.1418603479689022
0.1052104208416833,0.11057252918118143,0.11620439462649583,0.12211902284474109,0.1283299558199433,0.13485127909097294,0.14169762624234297,0.14888418019199262,0.15642667056907242,0.16434136646227837,0.17264506367296326,0.1813550655692367,0.19048915642251835,0.20006556609124826,0.21010292472772282,0.220620206074022,0.23163665776636974,0.24317171697821993,0.25524490991274773,0.26787573260273084,0.2810835115815646,0.2948872427533115,0.30930540619734864,0.32435575526954963,0.34005507855069134,0.35641893396781205,0.37346135404915076,0.3911945224076516,0.409628423129257,0.4287704640957715,0.4486250789529928,0.46919331222550703,0.4904723929201546,0.5124553073468099,0.535130380926563,0.5584808798108797,0.5824846494026645,0.6071138042775661,0.6323344856406176,0.6581067037546905,0.6843842856314589,0.7111149403240792,0.7382404524903349,0.7656970226933533,0.7934157453817084,0.8213232390817824,0.8493424095859413,0.8773933310824166,0.9053942465056871,0.9332626142326091,0.9609162382236277,0.9882743674533481,1.0152588078950155,1.0417949479907507,1.0678127114108582,1.0932473784904067,1.1180402836258287,1.1421393382519358,1.165499418691899,1.1880825666363057
0.11523046092184375,0.12109623273520687,0.12725597642954203,0.13372368497994133,0.14051389887508448,0.14764170801014523,0.15512274974124804,0.16297320247394828,0.17120977391252487,0.179849683065429,0.1889106349313972,0.1984107867595644,0.20836870452651343,0.2188033082749807,0.22973380475538394,0.24117960571335773,0.25316023003680976,0.2656951879225072,0.2788038454834989,0.2925052671142761,0.306818034329493,0.3217600395531378,0.3373482528920733,0.3535984608199745,0.370524976220724,0.38814032002911614,0.40645487489361654,0.42547651266537506,0.44521020018011237,0.4656575858155878,0.48681657517653093,0.5086809038302952,0.5312397154242091,0.5544771600311936,0.57837202560667,0.6028974166035002,0.6280204996544847,0.6537023315146575,0.6798977862383505,0.7065555992372379,0.7336185388630959,0.7610237230815771,0.7887030696844086,0.8165839085481554,0.8445897117971275,0.8726409697701905,0.9006561599788547,0.9285527976266079,0.95624854966044,0.9836623401627833,1.0107154693849416,1.0373326470458089,1.0634429675703085,1.0889807506224196,1.1138862632258961,1.138106270009847,1.1615944507225826,1.1843116197791952,1.206225829655494,1.2273122902152844
0.12525050100200374,0.13161802839096703,0.13830334489642238,0.145321364426492,0.15268754944629626,0.160417906096903,0.1685289742184804,0.17703781146012632,0.18596197042970475,0.19531946778650958,0.20512874398811004,0.21540861238604364,0.22617819608686274,0.23745685102663752,0.24926407350336513,0.26161939034431764,0.2745422297972468,0.288051771242551,0.30216677218158294,0.3169053698912908,0.3322848568310358,0.34832142866183635,0.36502990356339343,0.38242341271939584,0.40051306278022947,0.4193075718118015,0.4388128811843199,0.4590317473993282,0.47996332164244515,0.5016027212089252,0.5239406050523338,0.5469627648962262,0.5706497430978351,0.594976495373346,0.6199121133509031,0.6454196231020373,0.6714558798779519,0.6979715725966349,0.7249113533932802,0.7522141071230921,0.7798133574429879,0.8076378310078421,0.8356121435209635,0.8636576435657927,0.8916933371894644,0.9196369328138617,0.947405925071589,0.9749187139816176,1.0020957227239102,1.0288604579271943,1.0551405126727278,1.0808684482956499,1.1059825582775267,1.1304274750421004,1.154154631148506,1.1771225369593445,1.1992969317708724,1.2206507427990247,1.2411639528874803,1.2608233090195238
0.1352705410821642,0.14213775235993556,0.14934614008794694,0.15691146788869303,0.16485003825386615,0.1731786794254201,0.181914725766893,0.19107599060372588,0.2006807303117565,0.21074759836492626,0.221295587847471,0.23234396094317258,0.24391216362036128,0.25601972380598953,0.26868613115755063,0.2819306965269509,0.295772389192822,0.31022965003677117,0.3253201793068002,0.341060696697909,0.3574666734518534,0.37455203598163034,0.39232884074453445,0.4108069215683344,0.42999351204158665,0.4498928460582418,0.4705057414852953,0.4918291734965574,0.5138558489267715,0.5365737875116688,0.559965925953982,0.5840097594337375,0.6086770340666119,0.6339335101542349,0.6597388118162177,0.6860463796637242,0.7128035441340101,0.739951729141582,0.767426797242671,0.7951595456601614,0.8230763338108101,0.8510998656027278,0.8791500679995709,0.9071451044387357,0.9350024223424727,0.9626398810709865,0.9899768612641667,1.0169353610498484,1.0434410282336535,1.0694240979551537,1.0948202120787125,1.119571101452136,1.1436251077651909,1.166937547370647,1.189470919407696,1.211194940637321,1.2320864683611585,1.2521292563977713,1.2713136441414976,1.2896361221920793
0.14529058116232463,0.15265524137962413,0.16038400366010347,0.16849340550166395,0.17700050234521306,0.18592284473841186,0.19527844743325853,0.2050857491843964,0.21536356186006947,0.2261310073949288,0.23740744090271243,0.24921235830939442,0.26156528657395883,0.2744856546963617,0.2879926435700385,0.3021050127993252,0.316840902686894,0.33221760981639115,0.34825133524069,0.364956903653491,0.38234745412075377,0.4004341027947477,0.4192255787662291,0.43872783595709824,0.45894364584149366,0.47987217588992437,0.5015085615658224,0.5238434811211339,0.546862748008972,0.5705469283764095,0.594871002564235,0.6198040876650781,0.6453092360488104,0.6713433294083601,0.6978570828848091,0.7247951745930477,0.7520965127045236,0.7796946441026286,0.8075183096810241,0.8354921479779585,0.8635375124931652,0.8915734248347814,0.9195175894232797,0.9472875051364096,0.9748015627828807,1.0019801746374186,1.02874683304432,1.0550291109494663,1.0807595462789878,1.10587640791027,1.1303242986745596,1.1540546208125546,1.1770258576634054,1.1992037109158997,1.2205610857779388,1.241077926632224,1.2607409592258514,1.2795433009536186,1.2974840253508328,1.31456764164554
0.15531062124248507,0.1631703327545223,0.1714165789860061,0.18006659108887418,0.1891380855606291,0.19864923021583228,0.20861860041124666,0.21906512407809206,0.23000801402142848,0.24146668585411155,0.25346065972760246,0.2660094441125621,0.2791323996092697,0.2928485809737378,0.30717655547203504,0.32213419584243774,0.33773844636511025,0.3540050609093129,0.3709483125315924,0.38858067398509283,0.40691247084326937,0.4259515088400707,0.4457026783827319,0.4661675411400463,0.4873439059359884,0.5092254007511418,0.5318010516790175,0.555054880716275,0.5789655401945065,0.6035059926235646,0.6286432567020817,0.6543382379112344,0.6805456588266023,0.7072141061445749,0.7342862063504829,0.7616989421557155,0.7893841140544351,0.8172689443654023,0.8452768213941529,0.8733281766161413,0.9013414479127898,0.9292341468983168,0.9569239490720632,0.9843298332325545,1.011373163099148,1.037978750006294,1.0640758031035873,1.0895987837620615,1.1144881064126362,1.1386907090478542,1.162160434320659,1.184858283010747,1.206752477873561,1.2278184045816924,1.248038413968676,1.2674015048827545,1.2859029329736174,1.303543725194836,1.3203301657982707,1.3362732334057366
0.16533066132264507,0.17368286439677358,0.18244351127655944,0.19163044241586769,0.20126193899001107,0.21135667622483595,0.22193366519864888,0.23301218146274635,0.24461167881314896,0.2567516864500535,0.269451687576245,0.2827309776384225,0.29660850018664947,0.31110265862217507,0.3262311021280861,0.3420104843748799,0.3584561939804875,0.375582056250394,0.39340000653696483,0.4119197359045991,0.4311483121574644,0.45108977924325055,0.4717447401042595,0.4931099300888452,0.5151777907147499,0.537936052457453,0.5613673403656858,0.5854488167004274,0.6101518805708795,0.6354419342098169,0.6612782369581164,0.6876138654700715,0.714395794179502,0.7415651082431357,0.7690573569223618,0.7968030546967027,0.8247283251422436,0.8527556780917768,0.8808049097771959,0.908794109983945,0.9366407214513167,0.9642626627935733,0.99157943591612,1.0185132308470293,1.044989937708325,1.0709400911804723,1.096299674050139,1.1210107962820326,1.1450221987268099,1.1682896241085943,1.190775989285673,1.2124514454597886,1.233293256979197,1.253285581642494,1.2724191317590858,1.2906907471310847,1.3081029126626749,1.3246632172350088,1.3403837978354325,1.355280765620393
0.1753507014028055,0.1841926748665749,0.19346444769975704,0.2031843814399425,0.2133712214200342,0.22404403604992454,0.23522214271690323,0.24692501845650136,0.2591721936330388,0.2719831267773766,0.2853770585800455,0.2993728432674256,0.31398875543049093,0.3292422707748704,0.34514981941244555,0.36172651076759776,0.37898582975475975,0.39693930462549365,0.4155961477881181,0.43496287194725397,0.45504288615553895,0.4758360763854643,0.49733837804036596,0.5195413498183621,0.5424317612334395,0.5659912041516704,0.5901957448066205,0.615015632259305,0.6404150843291452,0.6663521609727807,0.6927787447642456,0.7196406457513451,0.7468778423083913,0.7744248635049044,0.8022113160613273,0.8301625570983605,0.8582004978708132,0.8862445226887383,0.9142125050743031,0.942021897195682,0.9695908351817076,0.9968392628776795,1.0236900054119786,1.0500697892528188,1.075910144542935,1.1011481974826762,1.1257273064171192,1.1495975542231853,1.172716057761061,1.195047149163345,1.216562363212265,1.2372403304423325,1.25706650704036,1.2760328302435944,1.2941372769490023,1.3113833635491654,1.3277796075133343,1.343338961213442,1.3580782418515547,1.3720175680730997
0.18537074148296595,0.19469960341227519,0.20447903749852375,0.21472783455554123,0.22546509977123144,0.23671017660223578,0.24848255539108421,0.26080176468548494,0.2736872434495615,0.2871581922785198,0.30123340163273005,0.31593105542840594,0.331268508262894,0.3472620350692821,0.3639265523029067,0.38127531039178886,0.39931955798583246,0.4180681794879725,0.43752730831656855,0.4576999202118425,0.47858541283430334,0.5001791779755533,0.522472176275983,0.5454505261179836,0.5690951212838423,0.5933812890921281,0.6182785076244374,0.6437501990288541,0.6697536196675145,0.6962398568265552,0.7231539484418433,0.7504351406138027,0.7780172909099163,0.8058294148743513,0.8337963734757026,0.8618396958521625,0.889878513157522,0.9178305824894327,0.9456133762382365,0.9731452065273491,1.0003463297349984,1.0271400239009565,1.0534535868804424,1.0792192350175909,1.1043748693389106,1.1288646978224828,1.1526396973584079,1.1756579217118137,1.1978846305669668,1.219292299603022,1.2398604519332255,1.2595754130071093,1.2784299266308836,1.2964227182526842,1.3135579845899072,1.329844850126199,1.3452968004928942,1.3599311135344883,1.373768295000175,1.3868315396850235
0.19539078156312595,0.2052034900101622,0.2154869321070286,0.22626023283513497,0.2375427495244866,0.24935397910702245,0.2617134481886889,0.2746405837784469,0.28815456286816865,0.3022741390026083,0.3170174439562273,0.33240176306097385,0.3484432827983329,0.3651568099135613,0.38255546180136346,0.40065032873434225,0.4194501095430141,0.4389607235123443,0.4591849022455169,0.4801217680291468,0.5017664066479167,0.524109442721794,0.5471366299424677,0.5708284699421238,0.5951598762665847,0.6200998960678457,0.6456115095685986,0.6716515244095521,0.6981705839838362,0.7251132986195891,0.7524185111894549,0.7800197083290726,0.8078455806668317,0.8358207206233904,0.8638664501852261,0.8919017659337823,0.9198443690440133,0.9476117554457406,0.9751223362001422,1.0022965534635684,1.0290579436806662,1.0553341309648379,1.0810577186496804,1.1061670430999218,1.130606789162934,1.1543284372673004,1.1772905551309698,1.1994589330028596,1.2208065525402787,1.241313448717538,1.2609664152085267,1.2797586496912141,1.2976892874575932,1.3147629010417157,1.3309889483849213,1.3463812092457155,1.3609572115306938,1.3747376751910827,1.387745967432854,1.400007596815746
0.2054108216432864,0.21570417540391873,0.22648778526538532,0.23778101226537582,0.24960335513645465,0.26197433976840645,0.274913389615669,0.2884396747858343,0.30257193807031746,0.3173282961578337,0.3327260143420644,0.34878125358161755,0.3655087889971879,0.3829216996699489,0.40103103030340526,0.4198454263348369,0.4393707453602342,0.45960964908981305,0.480561181003772,0.5022203386538369,0.5245776502172866,0.5476187650843993,0.5713240732148482,0.5956683687282159,0.6206205755246456,0.6461435478993407,0.6721939667868111,0.6987223478880717,0.7256731777371754,0.7529851851518892,0.7805917533513071,0.8084214794911998,0.8363988797469175,0.8644452195679924,0.892479456591428,0.9204192766963737,0.9481821847445466,0.9756866229739605,1.0028530835246232,1.0296051784119422,1.0558706284078714,1.0815821447143668,1.1066781927555762,1.1311035891801589,1.1548099617278644,1.1777560259049376,1.1999077175344721,1.2212381728242636,1.2417275602417883,1.2613628188713573,1.2801372660479353,1.2980501595439193,1.3151061756402807,1.3313148688155962,1.3466901002219152,1.3612494715458787,1.3750137597619094,1.3880063842766914,1.400252890608032,1.4117804819451252
0.21543086172344683,0.22620150114372448,0.2374812531326573,0.24928961397830307,0.261646110443455,0.2745701704105692,0.2880809726683133,0.3021972735211954,0.31693720862227914,0.3323180684538254,0.34835604606479553,0.3650659563516551,0.38246092658109626,0.40055205876877686,0.41934806545138087,0.43885488161590536,0.45907525706256397,0.4800083350043133,0.5016492235626606,0.5239885716259289,0.547012160203419,0.5707005206313442,0.595028596470958,0.6199654658335603,0.6454741425657328,0.671511468991249,0.6980281204736776,0.7249687361956566,0.7522721879014503,0.779871992148217,0.8076968639967028,0.8356714139093175,0.8637169803723825,0.8917525695143026,0.9196958849940008,0.9474644225661358,0.9749765869838927,1.0021528034966531,1.028916588664673,1.0551955439215015,1.0809222451070837,1.1060349942325307,1.13047844333183,1.1542040321060556,1.17717029486271,1.1993429783191265,1.2206950305391093,1.2412064463770973,1.2608639860198334,1.2796608139587473,1.2975960342521178,1.3146741930167047,1.3309047230545543,1.3463013827529264,1.360881681534786,1.3746663239766361,1.3876786638527423,1.3999442010698644,1.411490099168086,1.4223447561462175
0.22545090180360727,0.23669530962499702,0.24846699439810252,0.26078548447741123,0.27367021905342065,0.2871403990946123,0.3012148157397408,0.3159116538231142,0.3312482691514262,0.34724093823154983,0.3639045794657981,0.3812524456481858,0.39929578821789696,0.41804349477415265,0.4375017025164069,0.45767339169451793,0.47855796488279134,0.5001508195551966,0.5224429221290868,0.5454203974818882,0.5690641463785446,0.5933495035224018,0.618245954796902,0.6437169311302052,0.6697196972763658,0.6962053473009323,0.7231189256675415,0.7503996855134605,0.7779814904988336,0.8057933634944784,0.8337601720674943,0.861803447292481,0.8898423227915598,0.9177945580670807,0.9455776260757928,0.9731098344468962,1.0003114365215149,1.027105705105163,1.0534199336655858,1.0791863304427474,1.1043427912374848,1.1288335114174288,1.152609465202346,1.17562868854851,1.1978564412219173,1.2192651815154447,1.2398344294127026,1.259550498871226,1.2784061256504062,1.2964000293697264,1.3135363982754475,1.3298243520587716,1.3452773706577656,1.3599127274069644,1.3737509238151797,1.3868151529577322,1.3991307800704116,1.410724872987239,1.421625756197834,1.4318626209404997
0.23547094188376727,0.24718544412674825,0.25944467039057767,0.2722680758583806,0.2856748947254972,0.29968397071037944,0.3143135634799018,0.32958112873616097,0.34550307088824556,0.36209446737928175,0.37936876420750526,0.39733744314204633,0.41600966198844147,0.4353918704291977,0.4554874053646409,0.4762960712753164,0.49781371304244937,0.520031790413875,0.5429369637502397,0.5665107075133677,0.5907289649314404,0.6155618576143833,0.6409734699257809,0.666921725586341,0.6933583738380078,0.7202290954194306,0.7474737449032947,0.7750267373328064,0.8028175794018211,0.8307715458982383,0.8588104832452128,0.8868537314438737,0.914819146023459,0.9426241784289264,0.97018699243195,0.997427582276618,1.0242688495524985,1.050637613421906,1.0764655205422213,1.1016898237445831,1.126254027567723,1.150108357586488,1.1732100965310737,1.19552372206382,1.217020935647214,1.237680512151495,1.2574880558075612,1.276435640272613,1.2945213664139021,1.3117488675508318,1.32812676202763,1.3436680930046498,1.3583897551111384,1.372311933343799,1.3854575560148357,1.3978517834813295,1.4095215197918927,1.4204949783197116,1.4308012732555964,1.4404700678120896
0.2454909819639277,0.25767174884954497,0.2704139451860374,0.28373684602429283,0.29765936173693036,0.3121998475426113,0.32737588760814906,0.3432040516096697,0.35969962307291037,0.37687629903421516,0.3947458611998588,0.41331781988951977,0.4325990331517562,0.45259330471491316,0.47330096607181305,0.49471844973857776,0.5168378627856673,0.5396465715168257,0.5631268082981813,0.587255319274992,0.6120030670250332,0.6373350026201404,0.6632099275627081,0.6895804624098595,0.7163931376215404,0.7435886147655656,0.7711020513753404,0.7988636130605915,0.8267991265086386,0.8548308714069016,0.8828784852990342,0.9108599677043402,0.9386927603984442,0.9662948585025902,0.9935859285536857,1.0204883970193432,1.046928469097261,1.0728370549910107,1.0981505729615333,1.122811602955734,1.146769400269406,1.1699802247274202,1.1924075395900995,1.2140220171300917,1.234801448090146,1.2547304848224548,1.2738003082251377,1.2920081951111384,1.3093570242303656,1.3258547421423936,1.3415137985337868,1.356350576491703,1.370384827345236,1.3836391238583423,1.3961383374097784,1.407909155864311,1.4189796287201626,1.4293787682197068,1.4391361778813323,1.448281736949401
0.25551102204408815,0.2681540689530504,0.28137448571305224,0.2951912588951525,0.3096228552368904,0.32468700981085785,0.3404004876775724,0.35677881711342285,0.37383599422576663,0.39158415907021876,0.4100332442023326,0.42919059784704394,0.44906058522882747,0.46964417296217387,0.49093850325734817,0.5129364665445603,0.5356262832644453,0.5589911073065383,0.583008663306294,0.6076509385329393,0.6328839435880914,0.6586675566703503,0.6849554718882126,0.7116952670496995,0.7388286038831166,0.7662915662019338,0.7940151452612509,0.8219258710736828,0.8499465765726889,0.8779972899380019,0.9059962219881582,0.9338608304302974,0.9615089339622918,0.9888598290668653,1.0158353851256101,1.0423610805434518,1.0683669442264423,1.0937883827353234,1.11856686643042,1.142650453880929,1.1659941738596653,1.188560220950467,1.2103180264261997,1.2312441463358923,1.2513220663448557,1.2705418566408417,1.2888997669793523,1.3063977389494705,1.3230428760025341,1.3388468847338493,1.3538255048757548,1.367997940768571,1.381386311983253,1.3940151269465844,1.405910788258167,1.4171011418141906,1.4276150564058796,1.4374820596328712,1.4467320022315915,1.4553947765084676
0.2655310621242486,0.2786322505931418,0.292325961856292,0.30663078461156246,0.3215646215869347,0.3371444561826683,0.3533860917904687,0.3703038621696559,0.3879103132816719,0.40621585737321025,0.4252284011064411,0.4449529509205652,0.46539120042877746,0.4865411060611705,0.5083964592155802,0.5309464650831157,0.5541753404808034,0.5780619446358596,0.6025794561254256,0.6276951183253822,0.6533700672720406,0.6795592565262706,0.7062114988532513,0.7332696380569909,0.760670860631092,0.7883471497178581,0.8162258859321427,0.8442305887002125,0.8722817784229274,0.90029795214051,0.9281966335549576,0.9558954752273082,0.9833133829986463,1.0103716156257945,1.036994835464003,1.0631120735289274,1.0886575790127981,1.1135715370358024,1.1378006327165813,1.161298446658339,1.1840257092432167,1.205950372052922,1.2270475620086898,1.247299367368714,1.2666945528975035,1.2852281436695132,1.3029009638684335,1.319719109396918,1.335693395231885,1.350838784368382,1.3651738218202312,1.3787200755900146,1.3915016084575582,1.403544476250466,1.4148762635629155,1.425525664994914,1.4355220990864375,1.4448953777317408,1.4536754045306448,1.4618919247560862
0.2755511022044086,0.28910614095857934,0.303268046557903,0.318054899732392,0.33348391868781735,0.3495712042596246,0.36633145726444133,0.3837776668010498,0.401920770588605,0.4207692889064694,0.44032893490502,0.460602205563276,0.4815879594441965,0.5032809888166039,0.5256715959263628,0.5487451851023751,0.572481884494692,0.5968562126499986,0.6218368038562918,0.6473862157756777,0.6734608324416488,0.7000108765784575,0.7269805496899848,0.7543083105119699,0.7819272975951421,0.809765895206813,0.8377484419485617,0.8657960705534165,0.8938276530474382,0.921760841484839,0.9495131603815168,0.97700312533999,1.004151356012098,1.030881638368111,1.0571219129169371,1.0828051541398571,1.1078701177368937,1.1322619430560357,1.155932594013805,1.1788411294547012,1.2009538365110781,1.2222441889979319,1.2426926972931747,1.262286607526283,1.2810195415812857,1.2988910254137402,1.3159059855686224,1.332074195407184,1.3474097108388519,1.3619302968862894,1.3756568728341183,1.3886129689632516,1.4008242231447616,1.412317906455566,1.423122490338611,1.4332672599196705,1.4427819614258859,1.4516965034108265,1.460040687049072,1.4678439851431904
0.28557114228456904,0.2995755883072211,0.3142004159167272,0.3294630874263062,0.34538001629240145,0.36196629103587363,0.3792353712487919,0.3971987548946886,0.41586561877150224,0.4352424345690817,0.4553325643559144,0.4761358409374494,0.49764814064509144,0.5198609575003053,0.5427609900310695,0.5663297538533931,0.5905432351070949,0.6153716009550264,0.6407789814975975,0.6667233472617106,0.6931564939978577,0.7200241476459648,0.7472662058704245,0.7748171234338257,0.8026064428165615,0.830559465806875,0.8585980600207566,0.8866415837670641,0.9146078980123697,0.9424144534288542,0.9699794054048791,0.997222728874378,1.0240673002786473,1.0504399052122497,1.0762721496752126,1.10150124323562,1.1260706376088068,1.1499305115882605,1.1730380910484832,1.1953578005873735,1.2168612846699574,1.2375272651023514,1.2573412995990612,1.2762954087697305,1.2943876546191164,1.311621627279941,1.3280059114787177,1.3435535175743663,1.358281314680045,1.3722094627848618,1.3853608743783496,1.3977606915282137,1.4094358095615158,1.4204144315542855,1.4307256670751913,1.4403991769071807,1.4494648526104221,1.4579525476491786,1.4658918374027379,1.473311824761685
0.2955911823647295,0.31004044200175795,0.325122749285298,0.3408548376570145,0.3572521963044421,0.3743287733288644,0.39209665129099247,0.4105656948822088,0.42974317346272384,0.44963336185145486,0.4702371243488738,0.4915514886577483,0.513569218703104,0.5362783966555179,0.5596620268623876,0.5836976760887559,0.6083571662254471,0.6336063363723201,0.6594048887271895,0.6857063425014605,0.7124581057549236,0.7396016764666693,0.7670729865555062,0.7948028923159438,0.8227178080007356,0.8507404747788944,0.8787908535017692,0.9067871199730738,0.9346467269279926,0.9622875187761166,0.9896288503062819,1.0165926792633904,1.0431046003201638,1.0690947839039187,1.0944987994104682,1.1192582950544794,1.1433215247937114,1.1666437166886712,1.1891872767850507,1.2109218302837297,1.2318241404279717,1.2518778774652473,1.2710732987741675,1.2894068172294055,1.3068805307764477,1.3235016797193486,1.3392820936700822,1.354237616680769,1.3683875449849119,1.3817540708658744,1.3943617646077826,1.4062370751216042,1.4174078819547047,1.4279030792913914,1.4377522057793695,1.4469851195505512,1.455631708282565,1.4637216482188542,1.4712841916311121,1.4783479966559157
0.3056112224448895,0.32050055254496596,0.3360347293645668,0.35222964736212853,0.3690997530630554,0.38665772818208516,0.40491414585318525,0.42387710033665355,0.443551813901036,0.46394022529260825,0.4850405659855708,0.5068469321349184,0.5293488626795352,0.5525309352090455,0.5763723936177193,0.600846823052706,0.6259218891138895,0.6515591585659638,0.6777140157076806,0.7043356980676895,0.7313674590151539,0.758746866646033,0.7864062493950637,0.8142732876741554,0.8422717434342695,0.8703223164714781,0.8983436104783633,0.9262531833088647,0.9539686421238236,0.9814087678780465,1.008494620223464,1.0351505914600718,1.061305378237158,1.08689284038718,1.1118527282518345,1.1361312553760652,1.1596815136679401,1.1824637285952915,1.204445353639766,1.2256010104178379,1.245912315934277,1.2653675752703553,1.283961395677878,1.3016942086768464,1.3185717620685358,1.3346045582020256,1.3498072903501683,1.3641982695051436,1.377798872434414,1.390633002007608,1.4027265921365686,1.4141071340509224,1.4248032570909015,1.4348443421886268,1.444260181829291,1.4530806839838144,1.4613356108506093,1.4690543637427655,1.4762657957727838,1.4829980637146412
0.3156312625250499,0.3309557716144599,0.34693604229631053,0.3635870206255208,0.38092199361271456,0.3989522532396561,0.41768673477879265,0.4371316304867911,0.45728998340141225,0.4781612667445933,0.4997409563836075,0.5220201055400139,0.5449849336121335,0.5686164419487254,0.5928900717663131,0.6177754205982904,0.6432360347241071,0.6692292948149412,0.6957064082791,0.7226125307948621,0.7498870219047823,0.7774638417114261,0.80527209536775,0.8332367202637263,0.8612793029722697,0.8893190115634182,0.9172736211213286,0.9450606033272345,0.9725982383235534,0.999806732081999,1.02660929170722,1.0529331266554678,1.078710346614436,1.1038787320441452,1.1283823606895864,1.1521720720260626,1.1752057728986378,1.1974485848695282,1.21887283724803,1.239457916229335,1.2591900113455243,1.2780617436140518,1.2960717252747291,1.3132240466634604,1.3295277407685908,1.3449962112941554,1.3596466659478514,1.3734995509689383,1.386578013893919,1.3989073838197947,1.4105147010516261,1.421428270254308,1.4316772698996199,1.4412913947091985,1.4503005445033266,1.4587345554887208,1.4666229657854495,1.4739948241928125,1.4808785259503972,1.4873016845614648
0.32565130260521036,0.3414059520969264,0.3578263777531604,0.3749264688430743,0.3927182379586228,0.41121146709268525,0.43041332970943297,0.4503279906498808,0.47095618969834374,0.4922948154499962,0.5143364782162115,0.5370690924103413,0.5604754816366653,0.5845330204243229,0.6092133287796253,0.6344820365636653,0.6602986352939973,0.6866164341847735,0.7133826328703256,0.7405385314905794,0.768019879956004,0.7957573708046766,0.8236772781919308,0.8517022334142632,0.8797521193465053,0.9077450664801178,0.9355985236442601,0.9632303713869501,0.9905600348871292,1.0175095787457942,1.044004738789459,1.0699758587867496,1.0953587056020875,1.1200951457924704,1.1441336689608028,1.1674297451592826,1.1899460251114597,1.211652386416538,1.2325258339815224,1.2525502684652543,1.2717161626208957,1.290020135911872,1.3074644706689937,1.324056573465933,1.3398084210800059,1.3547359857069796,1.368858671338837,1.3821987607993969,1.39478089652591,1.406631583230803,1.417778743232853,1.428251297028768,1.4380788008403604,1.4472911171514264,1.4559181310092337,1.4639895070235942,1.4715344797744279,1.4785816845416728,1.4851590141090272,1.4912935086414816
0.3356713426853708,0.3518509481218386,0.36870542902622466,0.38624751088175324,0.40448781930738226,0.42343450959739143,0.4430928744525025,0.4634649325841337,0.48454900516574756,0.5063392879390549,0.5288254290000767,0.5519921239191676,0.5758187426800107,0.6002790033300589,0.6253407092729922,0.6509655675352131,0.677109105391524,0.7037207013345934,0.7307437414291196,0.758115919313051,0.7857696783443646,0.8136327974384241,0.8416291186954796,0.8696794027511164,0.8977022898312677,0.9256153466458699,0.9533361679878384,0.9807834989089558,1.0078783340824657,1.034544976184594,1.0607120122962856,1.0863131766623195,1.1112880766997402,1.1355827723762344,1.1591501962738031,1.1819504070191795,1.2039506896021932,1.2251255080921264,1.2454563227200264,1.2649312878130343,1.2835448683322257,1.3012973711022735,1.3181944271770187,1.334246436171358,1.349468001298297,1.3638773577844543,1.377495817361047,1.3903472314826186,1.4024574925286266,1.4138540604994445,1.4245655444306398,1.434621310402374,1.444051146331184,1.4528849594932294,1.4611525187383312,1.4688832355287615,1.476105977359848,1.4828489186351688,1.489139416607757,1.495003917560698
0.3456913827655308,0.3622906150946269,0.3795728931102482,0.3975496732319044,0.4162300842928646,0.4356205421650328,0.4557243452998746,0.4765412547622949,0.4980670669168736,0.5202931877533714,0.543206220144377,0.5667875768318213,0.5910131347618609,0.6158529464265003,0.6412710256444502,0.6672252251195963,0.6936672225700379,0.7205426301759053,0.7477912366381926,0.7753473971263874,0.8031405661186881,0.8310959716433384,0.8591354244050265,0.8871782434169712,0.915142272128359,0.9429449630526813,0.9705044961838406,0.997740895773172,1.0245771028366188,1.0509399850530525,1.0767612478828736,1.101978216135456,1.1265344666861072,1.1503803094421228,1.173473105838814,1.1957774228229827,1.2172650397971423,1.2379148160793232,1.2577124339872208,1.2766500361079232,1.2947257917690247,1.311943394099756,1.3283115173719828,1.343843251551998,1.3585555329756775,1.3724685808673567,1.3856053539616253,1.397991032656148,1.4096525422971087,1.4206181048809585,1.4309168465091548,1.4405784324560869,1.449632758143954,1.4581096723890168,1.4660387439432176,1.473449064915527,1.480369085405642,1.4868264828140707,1.4928480551510341,1.498459641919886
0.35571142284569124,0.3727248097293053,0.39042847078628296,0.40883249015273454,0.4279443931872515,0.4477687480237612,0.468306751298308,0.48955580256800585,0.5115090767879429,0.5341551050036528,0.5574773757745088,0.5814539711712686,0.606057253942156,0.6312536220586489,0.6570033482937159,0.683260521840619,0.7099731077895182,0.7370831375790486,0.7645270376526102,0.7922361080976764,0.8201371426935655,0.8481531857441439,0.8762044145038583,0.9042091247772162,0.9320847901926991,0.9597491714923493,0.9871214382487699,1.0141232670878104,1.0406798754731037,1.0667209728654816,1.0921815986535033,1.117002817371241,1.141132256005965,1.164524487135753,1.1871412490848687,1.2089515060789995,1.2299313690220317,1.2500638862016926,1.2693387215862415,1.2877517407679582,1.305304536425699,1.3220038994881658,1.337861259205355,1.352892114091033,1.367115463781035,1.3805532575647683,1.3932298662886375,1.405171585425178,1.416406181504537,1.4269624692658598,1.4368699447760487,1.4461584468830269,1.4548578731792312,1.4629979276156047,1.4706079097845506,1.4777165391102165,1.4843518089823995,1.4905408729050722,1.4963099535395985,1.5016842768336618
0.3657314629258517,0.3831533900805315,0.4012718667018215,0.42009550381089983,0.4396301200972141,0.45987833245256704,0.48083913447224996,0.502507468416762,0.5248738012095027,0.5479237157692399,0.5716375313444497,0.5959899676164374,0.6209498699511085,0.6464800123256779,0.6725369955008862,0.6990712567698076,0.7260272057457425,0.7533434973029152,0.7809534465624371,0.8087855937544183,0.8367644068125591,0.8648111139229177,0.8928446502118961,0.9207826924856799,0.9485427496118447,0.976043283705077,1.0032048224006456,1.0299510265720602,1.0562096750488552,1.0819135485959424,1.1070011886344802,1.1314175028481304,1.1551142067328137,1.1780501109721349,1.2001912476624936,1.2215108430323336,1.2419891596516084,1.2616132189131262,1.2803764234297066,1.2982781003735773,1.3153229942438518,1.3315207194717715,1.34688519000418,1.3614340518214647,1.3751881206065102,1.3881708453467554,1.4004077979303846,1.41192619848089,1.4227544855123013,1.4329219185605373,1.4424582363425855,1.4513933437106552,1.459757051332189,1.4675788462725792,1.4748877024626448,1.4817119241072259,1.4880790177046443,1.4940155935520907,1.4995472890229922,1.5046987146177522
0.3757515030060121,0.3935762155750971,0.4121027894483715,0.4313382644121719,0.45128665314525024,0.4719485229875554,0.4933205699998476,0.5153951918034865,0.5381600709697586,0.5615977813475207,0.5856854320519477,0.610394364656665,0.6356899215381797,0.6615313019560967,0.6878715230406075,0.7146575009922987,0.7418302652367362,0.7693253143032784,0.7970731157543768,0.8249997536785708,0.8530277081342682,0.8810767556584782,0.9090649705604693,0.9369097977016614,0.964529162072621,0.9918425896388623,1.0187722983748668,1.0452442248412472,1.07118895104532,1.0965425145606613,1.121247083771228,1.1452514722993268,1.1685114859569683,1.1909901176288953,1.2126575848712677,1.2334912220877317,1.253475251932901,1.2726004479379727,1.2908637094442794,1.3082675703803064,1.3248196668754255,1.3405321777559875,1.3554212495065856,1.369506434670194,1.3828101391375074,1.3953571031549123,1.407173910398935,1.4182885364088789,1.428729942657436,1.4385277043729332,1.44771169293704,1.4563117873095417,1.4643576361167057,1.4718784497956763,1.4789028307401693,1.4854586344520135,1.4915728579350687,1.497271555188522,1.5025797733457433,1.5075215094467975
0.3857715430861721,0.4039931470428376,0.42292095163643745,0.4425603303261432,0.462913394636212,0.4839785696008325,0.5057501663430605,0.5282179592788693,0.5513667808743336,0.5751761473615304,0.5996199310708671,0.6246660955254808,0.6502765115755629,0.6764068709400357,0.7030067136031781,0.7300195830018716,0.7573833196830144,0.7850304995552938,0.8128890163174807,0.8408828069743346,0.8689327015432099,0.8969573830704476,0.924874433467795,0.9526014331825179,0.9800570783920676,1.0071622899830757,1.0338412726275588,1.0600224909600864,1.0856395313302587,1.1106318330529705,1.1349452775104754,1.1585326113200256,1.1813537011016395,1.2033756400857973,1.2245727030275704,1.2449261650044894,1.2644240097509236,1.2830605404936706,1.300835915319695,1.3177556287226675,1.3338299608326825,1.3490734114161167,1.3635041252337374,1.3771433398562023,1.390014845662331,1.402144485980333,1.4135596869012235,1.4242890292249915,1.4343618663340458,1.4438079766750478,1.4526572694693283,1.4609395194835701,1.4686841502130596,1.4759200461987565,1.4826754014092518,1.4889775967421535,1.4948531033861312,1.5003274110415084,1.505424975668179,1.5101691858934725
0.39579158316633256,0.41440404674694925,0.4337260699678845,0.4537612682039515,0.47450976120908506,0.49596774485234696,0.5181270653328757,0.540974804356781,0.5644928893071011,0.5886577427342388,0.6134399876151253,0.6388042249367103,0.6647089019507754,0.6911062869680759,0.7179425660895826,0.7451580741111179,0.7726876679054824,0.8004612455067087,0.8284044076111798,0.8564392556112366,0.8844853042432594,0.9124604921454705,0.9402822619671742,0.9678686759263379,0.9951395295544767,1.0220174381317848,1.0484288542502895,1.0743049857255729,1.0995825864800843,1.1242046054660992,1.1481206883956177,1.1712875108396161,1.193668944244385,1.2152360791979937,1.2359671040194034,1.2558470574283582,1.2748674813785572,1.2930259877643464,1.3103257615305846,1.3267750216075866,1.3423864577757147,1.3571766630096327,1.3711655634804765,1.3843758786445146,1.396832596408739,1.4085624936251804,1.4195936874674564,1.429955230972431,1.4396767543675648,1.4487881415014754,1.457319257859978,1.4652997075034528,1.4727586360486453,1.4797245618060177,1.4862252410288503,1.4922875604568218,1.4979374543429873,1.5031998442438477,1.5080985972360932,1.5126565009772137
0.405811623246493,0.4248087784137025,0.4445178653056567,0.46494065308900545,0.48607518397410426,0.5079153440150697,0.5304504422106964,0.553664807355182,0.5775374176968778,0.6020415785381382,0.6271446648485983,0.6528079456454505,0.6789865082817677,0.7056292977234921,0.732679284842724,0.7600737739547843,0.78774485525244,0.8156200022601913,0.8436228080890156,0.8716738497120573,0.8996916556529087,0.9275937577804397,0.9552977953975772,0.982722636004108,1.0097894751779197,1.036422890742559,1.0625518104721863,1.0881103652490447,1.1130386047291536,1.1372830618943526,1.1607971674427715,1.183541495081334,1.2054838430216819,1.2265991793537374,1.246869450900647,1.2662832769466479,1.284835553858878,1.302526984852921,1.319363557538146,1.3353559901627439,1.3505191614160446,1.36487154525317,1.3784346490931092,1.3912324884533125,1.4032910791949496,1.4146379791698225,1.4253018616241089,1.4353121341540398,1.4446986029576045,1.453491172373996,1.461719594150128,1.469413245341668,1.4766009498301829,1.4833108269777895,1.4895701724516666,1.495405364588085,1.5008417938807697,1.5059038132791693,1.5106147058376287,1.5149966675406215
0.415831663326653,0.4352072072615489,0.455296062740838,0.47609806852071795,0.49760910863532304,0.5198206851739569,0.5427195056270773,0.5662870951730767,0.5904994498949082,0.6153267467288388,0.6407331276552988,0.6666765748559741,0.6931088944866606,0.7199758230721234,0.7472172688723314,0.7747676961564575,0.8025566551551617,0.8305094545661343,0.8585479674486907,0.8865915548267167,0.9145580800886571,0.9423649925427992,0.9699304453342491,0.9971744111981766,1.0240197588291948,1.0503932660805049,1.0762265306891798,1.101456753521217,1.12602737598664,1.149888559443771,1.1729975133740809,1.1953186560063938,1.2168236161257397,1.2374911063411889,1.257306668874221,1.2762623173497896,1.2943561001394497,1.3115915998580032,1.3279773914189545,1.3435264788432795,1.358255722630213,1.3721852805619899,1.3853380570294336,1.3977391939819979,1.4094155816955503,1.4203954220260184,1.4307078240100237,1.440382445847915,1.4494491814152588,1.4579378819828255,1.465878125656025,1.4732990150360954,1.4802290160535918,1.4866958228951739,1.4927262531908634,1.4983461670612412,1.5035804079585795,1.5084527625020292,1.5129859366183367,1.5172015453293146
0.42585170340681344,0.4455992000296082,0.46606039165703306,0.48723310663124875,0.5091109955987678,0.5316831092991793,0.5549334975990324,0.5788408410061457,0.6033781314681375,0.6285124187713742,0.6542046402839125,0.6804095504979569,0.7070757672387389,0.7341459471912379,0.7615571011261311,0.7892410542210041,0.8171250511800501,0.8451324996913991,0.8731838401584308,0.9011975212082862,0.929091052195077,0.9567821090202915,0.9841896560139196,1.0112350470516993,1.0378430696127654,1.0639429093715367,1.0894689980310843,1.1143617227601204,1.138567983529411,1.1620415877063592,1.1847434940627573,1.2066418925676656,1.2277121317714017,1.2479365259445554,1.2673040444186792,1.2858099081770304,1.3034551184403587,1.3202459320304614,1.336193305402897,1.351312326643055,1.3656216444133598,1.3791429176681254,1.3919002784898817,1.403919840694222,1.415229230162261,1.4258571698737559,1.4358330976360532,1.4451868305507596,1.453948273022519,1.4621471596748614,1.4698128438821556,1.4769741140043842,1.4836590483694732,1.4898948952899542,1.4957079814790144,1.501123642725279,1.5061661750676425,1.5108588032794859,1.5152236646475195,1.5192818049967158
0.4358717434869739,0.45598462500552744,0.47681058579205293,0.49834536823527353,0.5205803200663328,0.5435019802941333,0.5670916934272112,0.591325264003765,0.6161726689133501,0.6415978441679062,0.6675585638805318,0.694006427391698,0.720886970335764,0.7481399106758678,0.7756995378550027,0.8034952477076451,0.8314522196344916,0.8594922262147879,0.8875345603911533,0.9154970550856892,0.9432971650570963,0.9708530856111602,0.9980848689938817,1.0249155019302665,1.0512719094744798,1.0770858644302777,1.1022947675520967,1.126842280456438,1.1506788021378331,1.173761780055863,1.1960558727915496,1.2175329533827235,1.2381719678237144,1.2579586821176905,1.276885321640294,1.2949501289340029,1.3121568636127463,1.3285142591872594,1.344035457956936,1.3587374422300462,1.3726404682843194,1.385767527415763,1.398143824187872,1.4097963036651961,1.4207532020131197,1.4310436532560231,1.4406973288753175,1.449744124098505,1.4582138865748155,1.4661361794712056,1.47354008802838,1.4804540532122432,1.4869057417335538,1.4929219400376488,1.498528474892264,1.50375015471243,1.5086107301337282,1.5131328703345783,1.5173381536795976,1.5212470693273688
0.4458917835671343,0.4663633520527087,0.48754638329689953,0.5094344629128105,0.5320165721155996,0.5552766850188133,0.5791934015743093,0.6037396288702133,0.6288823287973005,0.6545823488954655,0.6807943539231204,0.7074668733222129,0.7345424790110507,0.7619581026581651,0.7896454981150822,0.8175318487313489,0.8455405127734024,0.8735918937866984,0.9016044183816178,0.9294955919092708,0.9571831009115052,0.9845859355901019,1.0116254917755128,1.0382266167004794,1.0643185656826555,1.089835850874152,1.1147189502065065,1.138914862141444,1.162377501589095,1.1850679296075146,1.2069544381444188,1.2280124816814824,1.2482244725402833,1.2675794738532138,1.2860727951956077,1.3037055176114485,1.320483970450308,1.3364191747164793,1.3515262731464157,1.3658239641492538,1.3793339436990362,1.3920803796945336,1.4040894071044836,1.4153886744951658,1.4260069153146377,1.4359735761400496,1.4453184777350645,1.4540715224148235,1.4622624425141741,1.469920582636829,1.4770747231898937,1.4837529303338226,1.4899824399861705,1.4957895647337591,1.5011996256094138,1.5062369031634952,1.510924606578261,1.5152848570879918,1.5193386847858732,1.523106035223309
0.4559118236472943,0.4767352526368947,0.4982675267920366,0.5205000090851368,0.5434192567657771,0.5670066332891333,0.5912379635061127,0.6160832454128848,0.6415064368279452,0.6674653337622181,0.6939115575708248,0.7207906650411545,0.7480423942119968,0.7756010529723333,0.8033960534450288,0.8313525888332691,0.8593924426439329,0.8874349138782544,0.9153978382073424,0.9431986715299013,0.9707556043599969,0.997988679274335,1.0248208701195216,1.0511790886392278,1.0769950879754384,1.1022062462839086,1.1267562018467423,1.150595329007699,1.1736810545582639,1.1959780088492278,1.2174580365418464,1.2381000615935436,1.2578898251029784,1.2768195300858414,1.2948873993386607,1.3120971733202504,1.3284575690671607,1.3439817146128388,1.3586865780563417,1.3725924072254507,1.3857221819512817,1.3981011033241084,1.409756106855297,1.4207154287051198,1.43100819783035,1.4406640853417374,1.4497129864943503,1.4581847483229424,1.4661089370038893,1.4735146382344402,1.4804302967310194,1.486883581404411,1.4929012823534284,1.4985092297144513,1.5037322357150216,1.5085940546581351,1.513117359792581,1.5173237331555154,1.5212336679078298,1.5248665793908345
0.46593186372745476,0.48710019985210934,0.5089737634209462,0.5315416340838451,0.5547878940299855,0.5786912578528424,0.6032247534966373,0.628355468040403,0.6540443768619123,0.680246272690645,0.7069098109408672,0.7339776842146425,0.7613869368700626,0.7890694243948042,0.8169524177521974,0.8449593462545046,0.8730106655971487,0.9010248315344382,0.92891935698175,0.9566119152596009,0.9840214579750012,1.0110693191075228,1.0376802637815283,1.0637834492007772,1.0893132698929784,1.1142100727206672,1.1384207165540967,1.1618989696110498,1.184605748100902,1.206509192098501,1.227584606595986,1.2478142650189343,1.2671870952970523,1.2856982821478538,1.303348792812306,1.320144852999279,1.3360973925636566,1.3512214750497595,1.3655357290736452,1.379061796263413,1.391823795948516,1.4038478305544975,1.4151615175907506,1.4257935757687457,1.435773437994789,1.4451309213475836,1.4538959293864153,1.4620981992135444,1.469767086821558,1.4769313845951326,1.4836191757947481,1.4898577139326734,1.495673331820987,1.5010913714373777,1.5061361354105844,1.5108308551486973,1.5151976747469427,1.519257646636655,1.5230307388738855,1.5265358501707966
0.4759519038076152,0.4974580684459409,0.51966484490096,0.5425589742130812,0.5661220189541116,0.5903300143426885,0.6151531783988445,0.6405556952135145,0.666495589853275,0.6929247109358021,0.7197888363252369,0.7470279133340393,0.7745764421843813,0.8023640049863863,0.830315937437035,0.8583541336412851,0.8863979674874793,0.9143653081360907,0.9421736054373754,0.9697410047513471,0.9969874601814959,1.023835817476064,1.050212825401402,1.0760500452851307,1.1012846338443567,1.125859987059065,1.1497262236822208,1.1728405049733732,1.195167198002381,1.2166778800685571,1.2373512146048444,1.2571726984767662,1.2761343018472973,1.294234033439039,1.3114754394320367,1.3278670622581081,1.343421877276471,1.3581567210316645,1.3720917278269273,1.3852497880931287,1.3976560271529619,1.4093373277005996,1.4203218811583689,1.4306387936966405,1.4403177198920551,1.4493885527505992,1.4578811456533414,1.4658250779815292,1.4732494575435664,1.4801827542157968,1.4866526684733483,1.4926860239935322,1.4983086878800154,1.5035455106854831,1.5084202865470062,1.5129557287502724,1.51717346001756,1.5210940134012612,1.5247368440046478,1.5281203475517395
0.48597194388777565,0.5078087348441723,0.5303405275713797,0.5535516748050454,0.5774211816425077,0.6019223812075378,0.6270226773824696,0.652683368851703,0.6788595727486796,0.705500263246655,0.7325484393589321,0.7599414316057721,0.7876113539394644,0.8154857005603489,0.8434880817809323,0.8715390862040668,0.899557249573588,0.9274601051672879,0.9551652898681656,0.9825916626277652,1.00966040529272,1.0362960770721306,1.062427582287575,1.0879890236698313,1.1129204194916158,1.1371682746445155,1.1606859880593325,1.18343409648896,1.2053803653788542,1.2264997259406756,1.246774090627523,1.266192049453222,1.2847484690455158,1.3024440260890477,1.3192846843104495,1.3352811404939866,1.3504482559584163,1.3648044866863218,1.378371327559691,1.3911727829480027,1.4032348608784608,1.4145851132901837,1.4252522070772287,1.4352655498743687,1.444654944070214,1.4534502962387632,1.4616813579964714,1.4693775093182562,1.4765675771500264,1.4832796842353468,1.4895411307974513,1.4953782994486087,1.5008165857677662,1.5058803476796843,1.5105928735174246,1.5149763643707517,1.5190519301532968,1.5228395952282432,1.5263583140891779,1.5296259930740483
0.49599198396793565,0.5181520771747421,0.5410005724388741,0.5645193902688057,0.5886849472707862,0.6134678596221488,0.6388327216404966,0.6647379736984151,0.6911358773337657,0.7179726119782128,0.7451885061509311,0.7727184108352073,0.8004922188756673,0.828435527297618,0.8564704336187634,0.884516450347723,0.9124915151277837,0.9403130689772582,0.9678991753925315,0.9951696347822921,1.0220470655746405,1.0484579236199836,1.0743334208473843,1.0996103182873735,1.1242315750656535,1.1481468458290405,1.171312812856339,1.1936933561131617,1.215259575003456,1.2359896624383464,1.2558686646873405,1.2748881318762635,1.2930456814052518,1.3103445044817112,1.3267928257463633,1.3424033404773612,1.357192644262869,1.3711806677573655,1.3843901306817152,1.3968460260995952,1.4085751310356036,1.41960556497338,1.4299663807123117,1.4396872096637414,1.4487979358037635,1.4573284238318498,1.4653082781829807,1.4727666431658581,1.479732036885659,1.4862322143381679,1.4922940613904547,1.4979435111265993,1.5032054840094033,1.5081038458716625,1.512661383238121,1.5168997918584335,1.5208396780040736,1.5245005683588826,1.5279009292322756,1.5310581910606165
0.5060120240480961,0.5284879752910453,0.5516447452201758,0.5754617841325201,0.5999128960860151,0.6249659733763593,0.6505828140658574,0.6767190366478266,0.7033241090357669,0.7303415051619594,0.7577090003885434,0.7853591113186043,0.8132196811293988,0.8412146045276929,0.8692646803137268,0.8972885727852715,0.9252038567554144,0.9529281165198199,0.9803800704929797,1.0074806742721718,1.0341541752130456,1.0603290907863236,1.085939073426044,1.110923640051304,1.1352287512607226,1.1588072349843237,1.1816190446847468,1.203631358380373,1.2248185349097531,1.24516192948451,1.2646496027387395,1.2832759304326375,1.3010411361622507,1.3179507755828557,1.334015182859416,1.3492489026377257,1.3636701209223347,1.3773001068462845,1.3901626782051255,1.4022837006061646,1.4136906153232462,1.4244120163200333,1.4344772608888008,1.4439161341052629,1.4527585422235192,1.4610342588508483,1.4687727013415028,1.4760027468997667,1.4827525809615736,1.4890495736753346,1.4949201853725087,1.500389893531067,1.5054831418026884,1.5102233059247585,1.5146326756854616,1.5187324490898653,1.5225427383843189,1.5260825837856482,1.5293699758390742,1.5324218823843443
0.5160320641282565,0.5388163107945523,0.5622728163820675,0.5863785290791358,0.611104623394595,0.6364162687444254,0.6622724888999247,0.6886261260360148,0.7154239256870341,0.7426067545417664,0.7701099604251814,0.7978638777560876,0.8257944767583328,0.8538241476913323,0.8818726050486004,0.909857890143171,0.937697444420562,0.9653092220480166,0.9926128127834889,1.0195305267198198,1.0459884160576582,1.0719172071010519,1.0972531073293588,1.1219384689551637,1.1459222973851915,1.169160601632047,1.1916165805400678,1.2132606538597008,1.2340703568933067,1.2540301020968534,1.2731308421090823,1.2913696435155624,1.3087491935054285,1.3252772660689323,1.3409661590924293,1.3558321243053977,1.369894802014207,1.383176671934445,1.3957025317295546,1.407499011966339,1.4185941217750497,1.4290168445192128,1.4387967680531677,1.447963767907171,1.4565477195636354,1.4645782619197558,1.4720845902829285,1.4790952875989087,1.4856381864687154,1.491740258174748,1.4974275288758419,1.5027250164194819,1.5076566875640685,1.5122454311700335,1.5165130462393515,1.5204802412077536,1.5241666442375001,1.5275908203964221,1.5307702968091632,1.533721591796073
0.5260521042084165,0.5491369670567617,0.5728845611786884,0.5972693069756716,0.622259739538152,0.6478183143353032,0.6739013113543963,0.7004588508994102,0.7274350362541379,0.7547682335822138,0.7823914963610404,0.8102331351975873,0.8382174283652863,0.8662654614987354,0.8942960784443842,0.9222269190623289,0.9499755141700026,0.9774604047373144,1.0046022559523724,1.0313249171376826,1.0575564050196633,1.0832297847217234,1.1082839158186257,1.1326640481894652,1.1563222594758846,1.1792177333702212,1.2013168762536874,1.222593283711415,1.243027577592564,1.2626071182395238,1.281325626189793,1.2991827246514218,1.3161834244761772,1.3323375762965375,1.3476593017332406,1.3621664241783058,1.3758799097023036,1.388823328691922,1.4010223485969753,1.4125042654052569,1.4232975674860318,1.4334315498928385,1.4429359639682617,1.4518407187712663,1.4601756116265296,1.4679701081389274,1.4752531510122995,1.4820530055853156,1.4883971346904998,1.4943120994244277,1.4998234853443768,1.5049558484081744,1.5097326797666222,1.514176385638776,1.51830828090127,1.522148593040593,1.5257164762945465,1.5290300319263974,1.532106335850831,1.5349614696812812
0.536072144288577,0.5594498292404685,0.5834797596861587,0.6081338088961754,0.633377869857753,0.6591717009246464,0.6854688772081465,0.7122168602033306,0.7393571995370471,0.7668258754559006,0.7945537871255434,0.8224673850326453,0.8504894398328184,0.8785399332946616,0.9065370505143479,0.9343982467954272,0.9620413575435736,0.9893857172071724,1.0163532578258787,1.0428695380913513,1.0688646830020154,1.0942742098826386,1.119039710879732,1.1431093800424044,1.1664383801113658,1.1889890503098544,1.2107309561588344,1.231640795055757,1.2517021798827326,1.2709053064036693,1.2892465382042089,1.3067279223026025,1.3233566565156094,1.3391445311848715,1.3541073576274105,1.3682644022882855,1.3816378358323957,1.394252207052807,1.4061339507925348,1.417310936459295,1.4278120502665026,1.4376668280423348,1.4469051238224404,1.455556828985937,1.4636516204357561,1.4712187564292305,1.4782869004503676,1.4848839802618377,1.4910370748450639,1.4967723261536263,1.5021148746299346,1.5070888135974634,1.5117171610412548,1.516021845616005,1.5200237053013905,1.5237424955859962,1.5271969070737765,1.5304045885295976,1.533382176690934,1.5361453289842815
0.5460921843687374,0.5697547843203562,0.5940581968345523,0.6189717351384637,0.6444586546467949,0.6704760412693296,0.6969748123806424,0.7238998420433779,0.7511902228427556,0.7787796710160375,0.8065970775698365,0.8345672010340154,0.862611491179122,0.8906490266398664,0.9185975429588386,0.946374522298076,0.9738983116558859,1.0010892349080285,1.027870669496229,1.0541700391163131,1.079919705245812,1.1050577348778026,1.1295285175821734,1.1532832233698551,1.176280099685898,1.198484610769058,1.2198694237147218,1.240414256908551,1.260105614361831,1.2789364127352532,1.2969055339236282,1.3140173179832908,1.3302810166720778,1.3457102281066733,1.3603223252655083,1.3741378957409394,1.3871802007456566,1.3994746625079213,1.4110483881243785,1.421929735467797,1.4321479138993436,1.4417326353630806,1.450713801537061,1.459121240110864,1.466984469932212,1.474332511924371,1.4811937272557734,1.487595689144762,1.4935650811527796,1.499127619200033,1.5043079957604852,1.5091298420749486,1.513615706377782,1.5177870455270652,1.5216642282798,1.5252665473137104,1.5286122399478836,1.5317185136642246,1.5346015778427375,1.5372766779302207
0.5561122244488979,0.5800517211028994,0.6046196624372213,0.6297827952347522,0.6555017490928969,0.6817309699052903,0.7084187724834868,0.735507522822394,0.7629339606375519,0.7906296667602577,0.8185216755769996,0.8465332254639867,0.8745846335443127,0.9025942751162483,0.930479641803755,0.9581584478085494,0.9855497499316086,1.0125750463386112,1.0391593254569533,1.0652320173050775,1.0907278329805086,1.115587471435601,1.1397581698572106,1.1631940924391566,1.1858565589303558,1.2077141180015387,1.2287424728673118,1.2489242764757096,1.2682488207473863,1.2867116275675332,1.3043139732394957,1.3210623626568494,1.3369679725063994,1.3520460818997126,1.3663155034351033,1.3797980304982242,1.3925179076569842,1.4045013325364248,1.4157759961735659,1.4263706665262694,1.4363148076112278,1.4456382485855268,1.4543708889713418,1.4625424514843468,1.4701822634685375,1.4773190821825446,1.48398094652817,1.490195060874321,1.495987704008816,1.5013841607344818,1.5064086741390232,1.5110844150389142,1.515433466148048,1.5194768188571004,1.5232343807172548,1.5267249909379017,1.5299664439006455,1.5329755168869037,1.535768003498875,1.5383587490840893
0.5661322645290578,0.5903405302455902,0.6151639512175111,0.640566707956301,0.6665068232091687,0.6929361429295147,0.7198004423516657,0.7470396664056483,0.7745883131819996,0.8023759627912824,0.8303279491970751,0.8583661652514541,0.8864099843148976,0.9143772763613318,0.9421854903834462,0.9697527709085295,0.9969990734743785,1.0238472440569992,1.0502240346882799,1.0760610089834646,1.1012953262708172,1.1258703853518872,1.1497363075376592,1.1728502569692152,1.1951766024891661,1.2166869277635726,1.237359899955843,1.2571810156317575,1.2761422490360692,1.2942416112484607,1.3114826505297472,1.3278739114088116,1.343428370751246,1.3581628671220412,1.372097536629584,1.3852552694649363,1.3976611929266256,1.4093421885685662,1.4203264494653434,1.4306430814054798,1.4403217403088222,1.4493923189336193,1.4578846696476286,1.465828373201555,1.4732525357683903,1.4801856278959449,1.4866553490766257,1.492688522887736,1.4983110159408104,1.5035476784143524,1.5084223038316837,1.5129576051847713,1.517175204575772,1.521095634707826,1.5247383501980172,1.5281217462182222,1.531263184509053,1.534179023067247,1.536884651036389,1.5393945252092989
0.5761523046092183,0.6006211042754727,0.6256908628328757,0.6513232013121906,0.6774735617551993,0.7040912377669724,0.7311195355560359,0.7584960732568194,0.7861532251524874,0.8140187107797076,0.8420163238134023,0.8700667882468187,0.8980887223928771,0.92599968633601,0.9537172826667977,0.9811602770552011,1.0082497030475916,1.03490991644782,1.0610695726356885,1.0866624823973206,1.111628337958431,1.135913292256932,1.1594703745144919,1.182259743206297,1.2042487833832245,1.2254120565480118,1.2457311160014313,1.2651942074362226,1.28379588030746,1.301536519180775,1.3184218237818186,1.3344622564094544,1.349672473795087,1.364070757680924,1.3776784574045136,1.3905194571300328,1.4026196725341344,1.414006583843209,1.4247088102754268,1.4347557288947292,1.4441771300769097,1.4530029214298907,1.4612628675525454,1.4689863741390883,1.4762022999399274,1.4829388086958255,1.4892232458542525,1.4950820443543509,1.5005406529457082,1.5056234850506613,1.5103538855179965,1.514754112912796,1.5188453341946595,1.522647630514765,1.5261800120083384,1.5294604392727287,1.5325058516128467,1.5353321984633332,1.5379544755529797,1.5403867623236027
0.5861723446893787,0.6108933376069913,0.636200201896422,0.6620520125423548,0.6884016641481416,0.7151959529233137,0.7423757938985754,0.7698765795572837,0.7976286842530603,0.8255581119338651,0.8535872793462039,0.8816359195609544,0.9096220836147626,0.9374632138279764,0.9650772569235598,0.9923837825733437,1.019305071643972,1.0457671402074613,1.0717006740256383,1.0970418313338481,1.121732908602293,1.1457228544004514,1.1689676178777055,1.1914303358907405,1.2130813682079762,1.233898190335942,1.2538651592381513,1.2729731725667965,1.2912192470778618,1.3086060260155776,1.325141242454771,1.340837158195442,1.3557099940710249,1.3697793639687863,1.3830677258683481,1.395599861002116,1.4074023850441442,1.4185032974963112,1.4289315734498307,1.438716799985238,1.4478888493864182,1.4564775998217168,1.4645126915094897,1.4720233255368742,1.4790380900649622,1.4855848245802588,1.4916905080874996,1.4973811748987051,1.5026818517255955,1.5076165142996611,1.5122080606025747,1.51647829884286,1.5204479467651926,1.5241366413787818,1.5275629569068556,1.5307444288206657,1.5336975840708083,1.5364379740385852,1.5389802117960931,1.541338010295302
0.5961923847695392,0.6211571265591573,0.6466917779959188,0.6727528881050114,0.6992908443642666,0.7262500077241533,0.7535689868919064,0.7811810563111469,0.8090147198210601,0.8369944149813707,0.8650413474988009,0.8930744379936472,0.9210113563246601,0.9487696151918867,0.9762676897264572,1.0034261280946353,1.0301686176198244,1.0564229735090347,1.0821220264637283,1.1072043696049387,1.1316149623267764,1.155305578347425,1.1782350879204853,1.2003695809844834,1.2216823429333115,1.242153693736343,1.2617707077682074,1.2805268355698185,1.29842145313104,1.3154593489592532,1.3316501740789626,1.347007875311828,1.3615501264375116,1.3752977676402405,1.3882742664886258,1.4005052100658935,1.4120178313340355,1.4228405751903417,1.4330027075840983,1.4425339692708365,1.4514642664160833,1.4598234075540877,1.4676408755645853,1.4749456405915993,1.481765999825659,1.4881294534300242,1.4940626035654327,1.4995910795734408,1.5047394832781065,1.5095313528257606,1.5139891419241984,1.5181342130595534,1.5219868410595823,1.5255662264064245,1.5288905160456785,1.5319768297176617,1.534841291949818,1.5374990663494221,1.5399643937976264,1.542250631276117
0.6062124248496992,0.6314123693720224,0.6571654057102868,0.6834255836586142,0.7101408308313601,0.7372531420417386,0.7646989112245488,0.7924094084383505,0.8203114014299163,0.8483279141666369,0.8763791090512998,0.9043832725561233,0.9322578771045252,0.9599206893260441,0.9872908902832763,1.0142901724301887,1.04084377836915,1.0668814498090047,1.0923382647620956,1.1171553263232756,1.1412803034928043,1.164667813485649,1.1872796388966371,1.2090847890428504,1.2300594191877987,1.250186619401733,1.269456092241405,1.2878637408473106,1.3054111927705003,1.3221052701693288,1.337957429604422,1.3529831923644866,1.3672015786420073,1.3806345541630105,1.3933065023877518,1.4052437304735093,1.4164740113346936,1.4270261665699366,1.4369296928775819,1.44621443290785,1.4549102828515692,1.4630469451703167,1.470653715780868,1.477759310465718,1.48439171757827,1.490578085024109,1.496344629499292,1.5017165704883726,1.5067180832413578,1.511372269327268,1.5157011414436397,1.519725621457486,1.5234655478720143,1.5269396924027219,1.5301657833717415,1.5331605340984333,1.5359396764471176,1.5385179962894222,1.5409093724853928,1.543126816227466
0.6162324649298596,0.6416589662224742,0.6676209046236179,0.6940698640384798,0.7209513663123495,0.7482051160098205,0.7757653902133536,0.8035615738581251,0.8315188374922521,0.8595589472683034,0.8876011912060802,0.9155633990915488,0.9433630266637492,0.9709182728842904,0.9981491950920165,1.0249787868614424,1.051333984512427,1.0771465722579152,1.1023539659446844,1.1268998419055365,1.1507346141125452,1.1738157512538787,1.1961079304315363,1.2175830391265687,1.2382200409241582,1.2580047176234703,1.2769293084754583,1.2949920683158853,1.3121967694528576,1.3285521582277604,1.3440713875190509,1.3587714465393497,1.3726725999606382,1.3857978432728058,1.398172387294682,1.4098231786716333,1.4207784580173894,1.431067359805942,1.4407195559505828,1.4497649434439348,1.458233368489917,1.4661543944828392,1.4735571037934003,1.4804699370717673,1.4869205582373797,1.49293575191902,1.4985413423146,1.5037621354537034,1.5086218793450703,1.5131432407685879,1.5173477952443946,1.521256029510345,1.5248873525662767,1.528260115216377,1.5313916357957473,1.5342982304014576,1.5369952478072249,1.5394971059384437,1.5418173315069075,1.5439685997630448
0.62625250501002,0.651896819239339,0.6780580993367381,0.704685503228219,0.7317222077805325,0.7591057097275091,0.7867682732445106,0.8146375225649439,0.8426371738662797,0.8706878936402149,0.8987082649889003,0.9266158369966692,0.9543282258893293,0.9817642357207782,1.0088449629111984,1.0354948498337775,1.0616426545746498,1.087222308678332,1.1121736448809758,1.1364429647405845,1.1599834519337977,1.1827554250069507,1.20472642949641,1.2258711831613927,1.2461713913758055,1.2656154460243008,1.2841980299478672,1.3019196486865972,1.318786113774376,1.3348079886906192,1.350000016765508,1.364380552649144,1.3779710081073377,1.3907953174583607,1.4028794353104916,1.4142508721523384,1.424938268842508,1.434971013468427,1.4443789018866329,1.453191841796486,1.4614395929448567,1.4691515498211674,1.4763565574406758,1.4830827629525503,1.4893574922936137,1.4952071575146946,1.5006571846961474,1.5057319639532627,1.5104548162775993,1.5148479761209945,1.5189325861396918,1.522728703747369,1.5262553154340122,1.5295303589996616,1.5325707513797284,1.5353924205151441,1.538010341461485,1.5404385737331838,1.5426903014706042,1.5447778735016624
0.63627254509018,0.6621258325178073,0.6884768194763667,0.7152722843261281,0.7424531262868029,0.769954722952913,0.7977074352045022,0.8256372556990633,0.8536665924682846,0.8817151722792669,0.9097010427089787,0.9375416460471323,0.9651549320571073,0.9924604765644446,1.0193805700366472,1.0458412420367444,1.0717731901272978,1.0971125870740763,1.1218017505009223,1.1457896484642007,1.169032249125528,1.1914927104414004,1.2131414128646656,1.2339558506631725,1.253920400225928,1.273025979278032,1.291269620102469,1.3086539783265467,1.325186800793139,1.3408803637215332,1.3557508984913997,1.3698180267709745,1.3831042145050692,1.395634248598163,1.4074347486372079,1.4185337180032525,1.4289601348694594,1.438743585949207,1.4479139437387751,1.4565010866347776,1.4645346547194122,1.4720438466327246,1.4790572487544638,1.4856026985431243,1.4917071722520658,1.497396701593394,1.5026963101694268,1.507629970726847,1.512220578242024,1.5164899378780217,1.520458764143721,1.5241466911863344,1.5275722901032642,1.5307530936128375,1.5337056257629451,1.5364454352549912,1.5389871325894804,1.541344428148197,1.5435301727834547,1.545556398099459
0.6462925851703405,0.6723459121331788,0.6988768997019026,0.7258299995066912,0.753143906819256,0.7807519747873414,0.8085827759023371,0.8365608046136337,0.8646073098938184,0.8926412399231394,0.9205802754809522,0.9483419233284132,0.9758446352038108,1.0030089189192306,1.0297584058754006,1.0560208418544397,1.0817289713691296,1.1068212916359004,1.1312426625460519,1.1549447497854897,1.1778863115011515,1.200033326511841,1.2213589699772234,1.241843453755728,1.2614737509209932,1.280243218797095,1.2981511444245029,1.3152022336730627,1.3314060666780048,1.3467765308230026,1.3613312466717031,1.3750910085395274,1.3880792480099764,1.4003215228652814,1.41184504341068,1.4226782394204167,1.4328503677117186,1.4423911626359125,1.451330529717344,1.4596982813960941,1.4675239078861064,1.4748363876842887,1.4816640295607695,1.4880343470698956,1.4939739567472796,1.4995085035860523,1.5046626054699745,1.5094598172086695,1.5139226094426494,1.5180723615801606,1.521929365034314,1.5255128369422046,1.5288409402079244,1.531930810374855,1.5347985870188143,1.5374594483552746,1.5399276492767076,1.5422165600527356,1.544338707241457,1.5463058141092794
0.6563126252505009,0.6825569661539217,0.7092581797098674,0.7363584499773315,0.7637943481555463,0.7914973033508192,0.8193942194843326,0.8474082299402528,0.8754595760500157,0.903466589180622,0.9313467508111604,0.9590178002736847,0.986398854658966,1.0134115071854164,1.039980868806846,1.0660365211693372,1.0915133531210266,1.1163522592099147,1.1405006888139222,1.163913026813588,1.1865508182210278,1.2083828367746166,1.2293850061513385,1.249540192417437,1.2688378880698208,1.2872738023382193,1.3048493822472302,1.321571285179646,1.337450824682492,1.3525034006848555,1.3667479276452477,1.3802062821609584,1.3929027771767526,1.4048636640111298,1.4161166737696729,1.4266906003357094,1.436614924506525,1.4459194810225486,1.4546341682572226,1.4627886991444399,1.4704123865915657,1.4775339670867493,1.4841814549183403,1.49038202731496,1.4961619325628155,1.5015464237923928,1.506559710923801,1.5112249310407653,1.5155641327154157,1.5195982735561786,1.5233472272075572,1.5268298002045675,1.5300637545034754,1.5330658363377434,1.535851809112171,1.538436489136417,1.5408337844215423,1.5430567338884003,1.545117548510087,1.5470276517966042
0.6663326653306614,0.6927589046540649,0.719620504236065,0.746857445930586,0.7744042627084043,0.8021905654496889,0.8301417138427136,0.8581796206547758,0.8862236728013201,0.9141917466969897,0.9420012902503396,0.9695704398095017,0.9968191357352031,1.0236702029969111,1.0500503623208366,1.0758911415029022,1.1011296612107144,1.1257092761964687,1.1495800628555057,1.1726991378368392,1.1950308219203964,1.2165466511012077,1.2372252460744348,1.257052059900342,1.2760190248777374,1.2941241134849069,1.3113708382612062,1.3277677107800756,1.3433276804476333,1.3580675641732427,1.3720074786090908,1.385170296212154,1.3975811311505597,1.4092668551333936,1.4202556542850702,1.4305766282997794,1.4402594310553618,1.4493339539257952,1.4578300511448135,1.4657773054608703,1.4732048275812542,1.4801410923435532,1.486613804597834,1.4926497944498192,1.4982749347589637,1.5035140827564188,1.5083910390373476,1.5129285238555985,1.5171481664914097,1.52107050706452,1.5247150070014948,1.5281000687543174,1.5312430605925036,1.5341603472409941,1.5368673241058854,1.5393784539897537,1.5417073065259577,1.543866597794908,1.5458682316150334,1.5477233400255432
0.6763527054108214,0.7029516397249116,0.72996372305548,0.7573268064918414,0.7849734763646713,0.8128316362370143,0.8408252300192058,0.8688750931450563,0.8968999126306774,0.9248172713565668,0.9525447471143853,0.9800010336096319,1.007107046574899,1.0337869817688188,1.0599692914221908,1.0855875504762973,1.1105811892237043,1.1348960758484494,1.1584849420872623,1.1813076405098386,1.2033312492133197,1.2245300277092628,1.2448852375307677,1.264384848272495,1.2830231505725789,1.3008002909725824,1.3177217537040404,1.3337978088629086,1.3490429466423786,1.3634753084864928,1.377116125115617,1.3899891822889094,1.4021203192674037,1.4135369590275657,1.4242676808649555,1.4343418357510602,1.4437892032788495,1.452639690961862,1.4609230748687632,1.4686687795367828,1.4759056909210773,1.4826620046032042,1.4889651027839783,1.4948414591212322,1.5003165650904526,1.505414878977013,1.5101597914735767,1.5145736075004694,1.518677540261361,1.5224917169973575,1.5260351926457467,1.5293259721703212,1.5323810374043856,1.5352163792838691,1.5378470332482341,1.5402871168045702,1.542549869488397,1.544647692796029,1.546592191549033,1.5483942143146647
0.6863727454909818,0.7131350854860882,0.7402876909799713,0.7677663596627985,0.7955018283182436,0.8234204088665225,0.851444761604792,0.8794947902822317,0.9074886373181291,0.935343752524402,0.9629780042745175,0.9903107994569849,1.0172641751506977,1.0437638294492513,1.0697400592908257,1.0951285785747198,1.1198711955975817,1.1439163359394655,1.1672194062820211,1.189742991407049,1.2114569015274437,1.2323380754642543,1.2523703553145955,1.2715441540406633,1.289856037785903,1.3073082378287566,1.3239081172144096,1.3396676107536423,1.3546026569539285,1.3687326325063895,1.3820797976176558,1.3946687725650602,1.406526049441312,1.4176795372158855,1.4281581502436311,1.4379914397917544,1.4472092671181593,1.455841518425501,1.4639178603438092,1.4714675336255572,1.478519179075603,1.4851006972783383,1.491239136164558,1.4969606049530522,1.5022902088768253,1.5072520051141307,1.5118689745715994,1.5161630088573221,1.520154908690301,1.5238643932915796,1.5273101169760532,1.530509693859534,1.5334797265569016,1.536235839837558,1.5387927170570874,1.541164138447631,1.543363021503248,1.545401461144455,1.547290771088049,1.5490415241505286
0.6963927855711423,0.7233091580959212,0.7505922678537947,0.778175942260816,0.8059891708972959,0.8339567941407727,0.8620003241367256,0.890038880497045,0.9179902166385417,0.9457718083286847,0.97330197201782,1.000500978713151,1.0272921264169912,1.0536027394689957,1.0793650641866337,1.1045170361991092,1.129002901037475,1.152773676773751,1.1757874564049482,1.1980095459046978,1.2194124562282689,1.2399757564094152,1.2596858052887991,1.2785353838161186,1.2965232498584742,1.3136536303059876,1.329935675338972,1.34538289270582,1.360012579443213,1.3738452613748502,1.3869041471067065,1.399214616322667,1.4108037454128863,1.4216998677418673,1.4319321781552343,1.4415303805825617,1.450524377004353,1.4589439977006768,1.4668187711437402,1.4741777309934956,1.481049254487328,1.4874609331778925,1.4934394705535776,1.4990106046110587,1.504199050471161,1.5090284628340385,1.5135214135503248,1.517699383394828,1.5215827645151492,1.5251908731749646,1.528541969037177,1.5316532820289595,1.5345410427129826,1.537220517205145,1.5397060445036013,1.5420110753926346,1.5441482131591817,1.5461292539128035,1.5479652278990548,1.5496664396364113
0.7064128256513023,0.7334737757611615,0.7608773185470112,0.7885553998543029,0.8164353693861631,0.8444407201542528,0.8724919544938781,0.9005075568626271,0.9284050470800757,0.9561020839853386,0.9835175859788476,1.0105728338947444,1.0371925196091556,1.0633057098824517,1.0888466965882173,1.1137557109893406,1.1379794862314232,1.1614716595111392,1.1841930137631007,1.2061115583556494,1.2272024679953188,1.2474478884859446,1.2668366285527197,1.2853637599913554,1.3030301480442006,1.3198419265902805,1.3358099426851122,1.3509491874057622,1.3652782292830132,1.378818660326948,1.3915945598888335,1.4036319955112182,1.4149585629300436,1.425602961813217,1.4355946162856348,1.4449633384594764,1.453739033007243,1.4619514423213216,1.4696299303673477,1.4768033024979987,1.4834996557876707,1.489746260284586,1.4955694661812229,1.5009946345628422,1.506046087457733,1.510747076421971,1.5151197655216395,1.519185227574868,1.522963450343532,1.5264733523616891,1.5297328046839072,1.53275865970462,1.5355667830330766,1.5381720895251214,1.5405885813864086,1.5428293875859096,1.544906804818043,1.5468323379079247,1.5486167410121963,1.5502700575447361
0.7164328657314627,0.743628858746048,0.7711427129468212,0.7989045866943117,0.8268403018422411,0.8548721319320589,0.8829197102914234,0.9109010361850455,0.9387335505848196,0.9663352501659698,0.9936258051426774,1.0205276463553936,1.0469669856869934,1.07287474069302,1.0981873365546093,1.1228473654033642,1.1468040898451723,1.1700137847818486,1.192439919439131,1.2140531825246943,1.234831370416001,1.254759148409428,1.2738277056873075,1.2920343264000704,1.309381898591124,1.325878375271643,1.3415362117159315,1.3563717949982723,1.370404880897854,1.383658047811617,1.3961561715418596,1.4079259393914745,1.418995404927965,1.4293935793706998,1.4391500680896872,1.4482947498680578,1.4568574967662713,1.464867933790502,1.4723552362502261,1.4793479619091459,1.4858739127580127,1.4919600262971011,1.4976322917701215,1.5029156886514583,1.5078341436958016,1.512410505277229,1.516666531425415,1.5206228902225305,1.5242991694594092,1.5277138952989278,1.5308845562778965,1.5338276338911052,1.5365586358124506,1.5390921329034972,1.5414417979770973,1.5436204456248976,1.545640073346699,1.5475119019768642,1.5492464167217552,1.550853406833838
0.7264529058116231,0.7537743293807172,0.781388325946863,0.8092233656424864,0.8372038589082641,0.865250991064799,0.8932836692758156,0.9212195581028385,0.9489761733128713,0.9764720014101423,1.0036276099195218,1.0303667140719428,1.0566171649185978,1.0823118313560132,1.1073893512991957,1.1317947345371975,1.155479806776825,1.178403491567261,1.200531933981726,1.221838472254316,1.2423034777661255,1.261914074672043,1.2806637610496114,1.2985519539367743,1.3155834796819894,1.3317680235670881,1.3471195621868859,1.361655793642845,1.3753975795259836,1.3883684079314573,1.400593880096328,1.4121012383171396,1.4229189357715317,1.4330762436555258,1.4426029035547179,1.4515288222032792,1.4598838062975874,1.4676973362570849,1.474998376625289,1.4818152200802275,1.4881753601479892,1.4941053920448857,1.4996309375056707,1.5047765905897315,1.5095658813148494,1.5140212553939005,1.5181640669869334,1.5220145829572354,1.5255919957298392,1.528914444555364,1.5319990415674736,1.5348619039550535,1.5375181883829416,1.5399821288501465,1.542267076008766,1.5443855373174358,1.5463492182661305,1.5481690627651439,1.549855293973062,1.5514174536828165
0.7364729458917836,0.7639101120689759,0.7916140374345513,0.8195116080955466,0.8475259436203324,0.8755772753403659,0.9035839287210027,0.9314633841966922,0.9591333844310256,0.9865130545827785,1.0135240002908041,1.0400913495331978,1.066144704600673,1.0916189784520998,1.1164550929652397,1.1406005241711705,1.164009686652699,1.1866441563242989,1.2084727373273347,1.229471382333499,1.2496229869490256,1.2689170706434525,1.2873493670921903,1.3049213461160003,1.3216396882203296,1.3375157252894092,1.3525648702259299,1.3668060496116115,1.3802611522245585,1.3929545022328276,1.4049123584813679,1.416162456705045,1.4267335946199007,1.4366552548430642,1.445957272985289,1.454669547636244,1.4628217897638105,1.4704433101405499,1.4775628423257778,1.4842083980631653,1.4904071504482086,1.496185343873155,1.5015682269976798,1.506580005471456,1.511243811755959,1.5155816899198593,1.51961459278693,1.5233623897724162,1.5268438826972834,1.5300768294327918,1.5330779718282548,1.535863069306944,1.5384469343500473,1.5408434710867949,1.5430657150716003,1.5451258736823563,1.5470353673749495,1.5488048699812982,1.5504443492861495,1.551963106092237
0.7464929859719436,0.7740361332954233,0.8018197322764696,0.8297691939064392,0.8578064712120174,0.885850978373162,0.913820604826717,0.9416327971102793,0.9692056749270525,0.9964591473772543,1.0233159940263312,1.0497028777292912,1.0755512569111414,1.1007981735242298,1.1253868965925657,1.149267409028313,1.1723967325466176,1.1947390923323364,1.216265928929558,1.236955769544428,1.2567939795679153,1.2757724077463115,1.2938889486861973,1.3111470445542284,1.3275551464509823,1.3431261485576542,1.357876817061066,1.3718272269415663,1.3850002183396142,1.397420880876923,1.4091160662751139,1.4201139452420486,1.4304436079693374,1.4401347028061888,1.449217119878877,1.4577207160028,1.4656750782859707,1.4731093247869338,1.4800519396163372,1.4865306392561022,1.492572265705591,1.498202705086472,1.5034468283212274,1.5083284503863374,1.5128703059446134,1.5170940388773528,1.5210202035252638,1.524668275842177,1.5280566719330666,1.531202773873462,1.5341229593341383,1.5368326364476563,1.5393462802286468,1.541677471786787,1.5438389384724798,1.545842594445349,1.547699581898283,1.5494203112156815,1.5510145012613406,1.5524912180931592
0.756513026052104,0.7841523216319476,0.8120053003018977,0.8399960113023432,0.8680453689149077,0.8960721092313761,0.9239938321196874,0.9517280996832471,0.9791935564504618,1.0063110368646278,1.0330046249720466,1.059202634239589,1.0848384768897779,1.1098514010710292,1.1341870782652081,1.1577980312313105,1.1806438999057887,1.202691549242936,1.223915028074355,1.244295393864125,1.2638204241086666,1.2824842286850646,1.30028678742976,1.3172334343604657,1.333334308406535,1.348603783247405,1.3630598974008354,1.3767237966545944,1.3896191994625808,1.4017718932218717,1.413209260797752,1.4239598523743278,1.4340530014270272,1.4435184790672815,1.4523861929569992,1.4606859268232573,1.4684471178706173,1.4756986702318562,1.48246880173022,1.4887849206625803,1.4946735284613832,1.5001601465309413,1.5052692642161782,1.510024304217042,1.5144476036717767,1.5185604081201662,1.5223828765510268,1.5259340956253327,1.52923210071982,1.53229390372829,1.5351355242209987,1.5377720254392562,1.5402175515339507,1.5424853673003567,1.5445878986095165,1.546536773078206,1.548342861207441,1.550016316356347,1.5515666147070395,1.5530025936023222
0.7665330661322645,0.7942586077435883,0.8221706362845023,0.8501919567996643,0.8782425757559169,0.9062406920628614,0.9341037628585297,0.9617496140972109,0.9890975601804822,1.016069498089231,1.0425909414076078,1.0685919634168486,1.0940080205424736,1.118780636689659,1.1428579334300635,1.1661949989449882,1.1887540956672866,1.2105047128139375,1.2314234743608523,1.2514939198000585,1.27070617821246,1.2890565507092047,1.3065470259258194,1.3231847494238744,1.338981466173421,1.353952948180826,1.3681184274746245,1.3815000455595148,1.3941223288951057,1.4060116978450805,1.4171960075836458,1.4277041351223156,1.4375656107653239,1.4468102879939102,1.4554680574116083,1.4635686005170514,1.4711411805191905,1.4782144681401796,1.4848163995839203,1.4909740633346444,1.4967136118845887,1.502060196387603,1.5070379215172878,1.511669816689171,1.515977822252606,1.5199827875949243,1.5237044797246175,1.5271616003301283,1.5303718091238148,1.5333517534443395,1.5361171007989316,1.538682575853265,1.5410619983783242,1.543268323413476,1.5453136819070423,1.547209421424478,1.5489661471509617,1.5505937616402294,1.5521015044256856,1.5534979899572663
0.7765531062124249,0.8043549243937822,0.8323156399222583,0.8603569351161917,0.8883980423516947,0.9163567657201651,0.9441505664430587,0.971697681035571,0.9989182357219066,1.025735322710758,1.052076004472934,1.0778722166652592,1.1030615430647286,1.1275878453612616,1.151401735376918,1.1744608851918763,1.19673017755009,1.2181817048107266,1.2387946283291884,1.2585549178407107,1.2774549910199509,1.2954932688944614,1.312673672015921,1.3290050775890598,1.3445007559733597,1.359177798058027,1.3730565527407501,1.3861600846508475,1.3985136606437334,1.410144272034157,1.421080190267357,1.4313505692621509,1.4409850923028218,1.4500136572894309,1.4584661054221981,1.4663719888712705,1.4737603745813317,1.4806596819860487,1.48709755173437,1.4931007420657965,1.4986950491669753,1.5039052492429112,1.5087550598800576,1.513267116738234,1.5174629645254303,1.5213630589674871,1.5249867786708393,1.5283524447966228,1.531477346511976,1.5343777722240837,1.5370690433632155,1.5395655522442133,1.541880800619422,1.5440274401833627,1.546017313351824,1.5478614939500506,1.5495703280333448,1.5511534733738193,1.5526199386900041,1.5539781211615544
0.7865731462925849,0.8144412064489932,0.8424402158156423,0.8704908590805678,0.8985117307004512,0.9264203833852209,0.9541344288286949,0.9815726588578629,1.0086561500293123,1.0353093176927883,1.0614608866626711,1.08704475080982,1.1120006971798686,1.136274979872164,1.1598207338704674,1.1825982268289226,1.2045749535084205,1.225725583058603,1.2460317722182206,1.2654818660037506,1.2840705055704693,1.3017981594273953,1.3186706029584332,1.334698365711487,1.3498961640574354,1.3642823301325215,1.3778782552710507,1.390707857119239,1.402797077965638,1.4141734207737104,1.4248655199166895,1.4349027589121708,1.444314932655653,1.4531319478262008,1.461383565994945,1.469099184817367,1.476307654408788,1.4830371265316857,1.4893149336382123,1.4951674943938906,1.500620242239825,1.5056975744960985,1.510422819861401,1.5148182202515896,1.5189049262476246,1.5227030026694655,1.526231443476262,1.5295081938480546,1.5325501775628718,1.5353733297036498,1.5379926315490526,1.540422149191382,1.5426750726003873,1.544763756389268,1.5466997606670296,1.5484938916531277,1.5501562422739847,1.5516962313539207,1.5531226424383087,1.5544436608670864
0.7965931863727453,0.8245173908827352,0.8525442734441555,0.8805936495392229,0.9085836139715179,0.9364316121942012,0.9640555519466065,0.9913749227892876,1.0183118863600695,1.0447923040376017,1.070746670387412,1.0961109265544497,1.1208271315875131,1.144843979364165,1.1681171539252981,1.1906095236740064,1.2122911813330046,1.2331393416313505,1.2531381108373818,1.2722781514661607,1.2905562612416057,1.3079748828807531,1.3245415695415392,1.3402684245872092,1.3551715324115743,1.3692703906346764,1.3825873608213832,1.3951471459886295,1.4069763014861791,1.4181027852543338,1.4285555438442763,1.4383641455607772,1.4475584578996505,1.4561683628658069,1.4642235141714683,1.4717531315662054,1.4787858293620675,1.4853494766585147,1.491471086267609,1.4971767289688371,1.5024914698672602,1.5074393241578363,1.51204323040875,1.5163250372379367,1.5203055029396413,1.524004304414625,1.5274400548789633,1.5306303281575289,1.5335916878161464,1.5363397211925824,1.538889075270671,1.5412534959473527,1.5434458675187748,1.545478253633284,1.5473619381567905,1.5491074656646202,1.550724681775498,1.5522227720159616,1.5536103002146597,1.5548952451177114
0.8066132264529058,0.8345834167789932,0.8626277271412229,0.8906652352609308,0.9186136762929369,0.9463905328629987,0.9739141531301755,1.0011048641259972,1.0278860432564543,1.054185115566987,1.0799344466004062,1.1050721070261469,1.1295424895178239,1.153296768007374,1.176293194715129,1.1984972377714687,1.2198815683876905,1.2404259111621583,1.260116772538256,1.2789470722621201,1.2969156962161348,1.314026987468602,1.3302902001229253,1.3457189337525286,1.3603305642733576,1.37414568094788,1.3871875455978468,1.3994815813951926,1.4110548969084826,1.4219358509289592,1.4321536539275985,1.441738016569852,1.4507188421813755,1.4591259567075978,1.4669888796512514,1.4743366311477113,1.481197572217777,1.4875992755997223,1.4935684241323945,1.4991307333351764,1.50431089516608,1.5091325400896498,1.5136182158062996,1.5177893784720111,1.5216663962236228,1.525268561230187,1.5286141099941084,1.5317202496718358,1.5346031888004874,1.5372781725134566,1.5397595192813285,1.5420606607281082,1.5441941814571638,1.5461718601223668,1.5480047102508394,1.5497030205667448,1.5512763950276411,1.5527337913344872,1.5540835588770043,1.5553334748758323
0.8166332665330658,0.8446392253350569,0.8726904960675332,0.9007055528391374,0.9286019125373893,0.9562972393137957,0.9837104645483453,1.0107628894566463,1.0373792335570946,1.0634885977486772,1.0890253134883814,1.1139296564024495,1.1381484073870773,1.1616352537892296,1.1843510286079388,1.2062637927864108,1.2273487714696198,1.2475881592640659,1.2669708102726718,1.2854918390358527,1.3031521499647287,1.3199579122717569,1.3359200045895445,1.3510534461504875,1.365376829461149,1.3789117635428747,1.3916823427288694,1.4037146475229674,1.4150362823346756,1.4256759551407217,1.4356630944657685,1.4450275131858683,1.453799115813524,1.4620076428039368,1.4696824548685392,1.4768523523978299,1.4835454270207702,1.4897889426193422,1.495609242754188,1.5010316811752946,1.506080572597667,1.5107791607291359,1.5151496021226591,1.519212961657777,1.522989219698708,1.5264972870438152,1.5297550276147205,1.5327792866302268,1.5355859227763717,1.5381898444759603,1.540605047387201,1.5428446546760324,1.5449209571051805,1.5468454541597043,1.5486288947757907,1.5502813174548793,1.5518120899703882,1.5532299474979938,1.5545430300941065,1.555758918351512
0.8266533066132262,0.8546847598637681,0.8827325041828589,0.9107145465922101,0.9385483281067376,0.9661518383031441,0.9934447326463539,1.0203494199006409,1.0467920834378701,1.072703606567913,1.0980203752250208,1.1226849386194209,1.1466465135501722,1.1698613274134897,1.1922928003189566,1.2139115735180592,1.2346953967819096,1.2546288910480436,1.273703202725235,1.291915576837912,1.3092688657342417,1.3257709904253625,1.3414343782320728,1.3562753926621798,1.370313769517351,1.3835720676762244,1.396075148453473,1.4078496892108563,1.4189237352177222,1.429326294345348,1.4390869695998634,1.4482356380888939,1.4568021728878928,1.4648162013778863,1.4723069025615065,1.4793028384322155,1.4858318164217255,1.491920780179255,1.4975957256342527,1.502881639055106,1.5078024544735424,1.512381027342039,1.5166391232002085,1.520597417149448,1.5242755043912535,1.5276919178632686,1.530864153123282,1.5338086982123775,1.536541067126362,1.5390758370167332,1.5414266863449384,1.5436064355240917,1.5456270871997357,1.5474998673707836,1.5492352659769975,1.550843076765237,1.5523324366374067,1.5537118633780596,1.5549892926499878,1.5561721131516295
0.8366733466933867,0.8647199657951907,0.8927536802164185,0.9206921684617546,0.9484529387154669,0.9759544490519622,1.003117217594316,1.0298648903634666,1.056125231482334,1.0818310074435695,1.1069207407855677,1.1313393161573475,1.1550384271457268,1.1779768613031902,1.2001206261738295,1.2214429255230232,1.2419240000085332,1.2615508497277523,1.280316855509313,1.298221326954557,1.3152689930325883,1.3314694522617039,1.3468366055298135,1.361388086501827,1.3751447026683328,1.3881298948593248,1.4003692280361109,1.4118899182453906,1.4227203989621424,1.4328899309500225,1.442428250322142,1.4513652625078322,1.4597307784368927,1.4675542865765392,1.4748647628687097,1.4816905136430623,1.4880590485375436,1.4939969806321203,1.4995299507534037,1.50468257271048,1.5094783970125356,1.5139398898386063,1.5180884262228393,1.5219442932661087,1.525526703814685,1.5288538165822776,1.5319427630464777,1.5348096788465468,1.537469738422607,1.5399371930332417,1.5422254094698038,1.544346910986754,1.5463134177076843,1.5481358876870355,1.5498245573125746,1.5513889808886947,1.552838069599054,1.554180128810737,1.5554228945727417,1.5565735682648876
0.8466933867735471,0.8747447906777169,0.9027539576358315,0.9306383779091438,0.9583157701732894,0.9857052028778346,1.012728192744085,1.0393097488094118,1.0653793277816177,1.0908716741881948,1.115727522820966,1.1398941489013348,1.1633257570294973,1.1859837087017393,1.2078365934746242,1.2288601548397788,1.249037086481752,1.2683567173008525,1.2868146024164389,1.3044120487609403,1.3211555901023337,1.3370564284023811,1.352129863842761,1.3663947274753665,1.3798728286041568,1.3925884241046689,1.404567721418475,1.4158384193533093,1.4264292891911934,1.4363697997896177,1.44568978109806,1.4544191329285285,1.462587575172556,1.4702244331908938,1.4773584599852856,1.4840176902527156,1.4902293233690456,1.496019632475206,1.5014138966391053,1.506436352909462,1.5111101659842865,1.515457412188399,1.5194990768955328,1.5232550612325173,1.526744198670576,1.529984277443149,1.5329920692824284,1.5357833622060661,1.538372996198451,1.540774901937347,1.5430021399787788,1.5450669419007683,1.5469807507727937,1.5487542621077397,1.5503974640390978,1.551919676589148,1.5533295902221778,1.554635302706435,1.5558443551029326,1.556963765896922
0.8567134268537071,0.8847591841786102,0.9127332746147184,0.9405531418104018,0.9681368581671759,0.9954042428299803,1.0222779440947858,1.0486844555519466,1.0745550330637466,1.0998264880112447,1.1244418365899098,1.1483507930739938,1.171510100791954,1.1938837028665443,1.2154427599616817,1.2361655278062291,1.2560371114331452,1.2750491152975654,1.293199206710055,1.3104906215898384,1.326931626376146,1.3425349527949813,1.3573172270084215,1.3712984061030167,1.384501233081712,1.3969507169563045,1.408673648618591,1.4196981559076065,1.4300532996973578,1.4397687142601263,1.4488742861236308,1.4573998774196697,1.4653750898300333,1.472829062970959,1.4797903084089363,1.4862865744551215,1.4923447388076987,1.4979907261972358,1.503249448031994,1.5081447609223864,1.512699441970824,1.5169351774647613,1.520872564266276,1.5245311197757632,1.5279293012196855,1.531084530183818,1.5340132230270618,1.5367308249196947,1.5392518464485394,1.5415899029517899,1.5437577540907206,1.5457673451367557,1.5476298474468513,1.5493556992589186,1.5509546456066359,1.5524357772430195,1.55380756876234,1.5550779150029532,1.5562541665153353,1.5573431631683983
0.8667334669338675,0.8947630980840056,0.9226915739990039,0.9504364343495859,0.977916248043064,1.0050517233272278,1.0317667697673658,1.0579894825619682,1.0836530178521924,1.108696336564732,1.1330647989471228,1.1567106002374148,1.1795930438559181,1.2016786563497435,1.222941153364651,1.2433612709626467,1.2629264803198677,1.2816306055879014,1.299473362455325,1.3164598466085269,1.3325999849081254,1.3479079656901947,1.3624016688417104,1.3761021076068491,1.389032892355242,1.4012197223115523,1.412689914887383,1.4234719753602854,1.4335952080922945,1.4430893721281357,1.451984375239406,1.4603100115998968,1.468095739140805,1.475370490562826,1.482162518803595,1.4884992721738552,1.4944072962606827,1.4999121597478375,1.5050384011814424,1.509809493629316,1.5142478252752851,1.5183746925474746,1.5222103052181735,1.525773799404845,1.5290832593491486,1.5321557438946027,1.5350073184238673,1.5376530900190497,1.5401072448795778,1.5423830881706968,1.5444930839035993,1.5464488963005811,1.5482614302228441,1.5499408717661534,1.5514967278790732,1.5529378649149277,1.5542725463025782,1.5555084684749199,1.5566527958064302,1.557712193687717
0.876753507014028,0.9047564862983591,0.9326288032719662,0.9602882369107923,0.9876539945874784,1.0146478097993186,1.0411949794884763,1.0672253127940559,1.0926739616534566,1.11748211303045,1.1415975273861585,1.1649749163616394,1.1875761586502722,1.209370360360833,1.230333771036368,1.2504495710327814,1.2697075492183798,1.2881036912397057,1.3056396958775538,1.3223224486972507,1.3381634647758895,1.3531783165561144,1.367386066536918,1.3808087157649056,1.3934706774385563,1.4053982810411314,1.4166193156327207,1.4271626144146063,1.4370576811716578,1.4463343610341854,1.4550225495210931,1.463151944268039,1.4707518354591282,1.4778509290925048,1.4844772035065887,1.4906577944632702,1.4964189059212818,1.5017857436568052,1.5067824687973728,1.5114321682918097,1.5157568405043964,1.519777392509696,1.5235136486572085,1.5269843663978844,1.5302072603597088,1.533199030607647,1.5359753959591076,1.5385511301442298,1.5409400999318859,1.5431553054032612,1.545208920067012,1.547112332241753,1.5488761853865243,1.550510418456707,1.5520243051942206,1.5534264922831629,1.5547250365515122,1.55592744041164,1.5570406862589123,1.5580712690088694
0.8867735470941884,0.9147393048433753,0.9425449145180971,0.9701085379689346,0.9973501618093012,1.0241926783318402,1.0505628940839755,1.0763924395308673,1.1016185521734165,1.126184715247901,1.1500411391350236,1.1731450809569155,1.195461003855897,1.216960584206208,1.2376225796635965,1.257432574976373,1.2763826252784647,1.2944708174203208,1.3117007667424865,1.3280810783235009,1.3436247834490118,1.3583487669271384,1.3722732039713077,1.3854210166338394,1.3978173582034692,1.409489130414869,1.4204645411207455,1.4307727039491738,1.440443280009537,1.4495061637069386,1.4579912065656873,1.4659279827170368,1.47334559206369,1.4802724954196502,1.4867363817032753,1.4927640625773482,1.4983813917095576,1.5036132058282596,1.5084832846833427,1.5130143270138061,1.517227940849122,1.5211446447130754,1.5247838794189232,1.528164026519533,1.5313024344947768,1.5342154486400335,1.5369184456225933,1.5394258705268529,1.5417512755900769,1.54390736081804,1.5459060142665093,1.5477583533844976,1.5494747652011351,1.5510649464049024,1.552537942276845,1.5539021844273135,1.5551655275123961,1.5563352841742428,1.5574182588934053,1.5584207799839798
0.8967935871743484,0.924711511856405,0.9524398643858192,0.9798973329794161,1.007004822721916,1.033686515315076,1.0598708449822976,1.0854913657457208,1.1104874845621127,1.1348050448819984,1.1583967503028618,1.181222426266997,1.203249123720046,1.2244510748008053,1.2448095150489202,1.2643123901067068,1.2829539672308459,1.3007343723352653,1.317659069752392,1.3337383134069616,1.3489865791200588,1.3634219931854525,1.3770657749103745,1.3899417021423532,1.402075607319131,1.413494908340109,1.424228180964012,1.434304773705711,1.4437544647965137,1.4526071629041446,1.460892645490843,1.4686403377507764,1.4758791281549384,1.4826372150826297,1.488941984291355,1.4948199127289628,1.5002964959062917,1.5053961960327924,1.5101424080739037,1.5145574409143912,1.5186625120858706,1.522477752632946,1.5260222219153299,1.5293139284892285,1.5323698582312468,1.5352060057097086,1.5378374098523713,1.5402781917680395,1.5425415939995637,1.5446400214037335,1.5465850815347824,1.548387625895753,1.5500577899387638,1.5516050328334454,1.5530381760165692,1.5543654404892753,1.555594483033654,1.556732430642003,1.557785913816643,1.5587610980192006
0.9068136272545089,0.9346730675883355,0.9623136140491105,0.9896546242668244,1.0166180591259253,1.0431295170970154,1.0691191737278924,1.094522603483389,1.1192814606866113,1.143344006629591,1.1666654750759842,1.189208276520851,1.2109420474355372,1.2318435562472794,1.2518964819584129,1.2710910842672836,1.2894237859422504,1.3068966881979232,1.3235170359524915,1.3392966611706618,1.354251412995108,1.368400589273655,1.3817663861152485,1.3943733735580508,1.406248004037098,1.4174181574199138,1.4279127284057476,1.4377612567519409,1.4469935994347352,1.4556396460955594,1.463729071664214,1.4712911284218955,1.4783544735672483,1.4849470269549527,1.4910958584555094,1.4968271005606202,1.5021658835014955,1.5071362901189291,1.5117613276974469,1.5160629140333841,1.5200618763188114,1.52377795943366,1.5272298435415623,1.530435167219167,1.5334105573502568,1.5361716618417067,1.538733186280067,1.5411089324273235,1.5433118379041024,1.5453540172608973,1.5472468024034152,1.5490007837030422,1.5506258497705443,1.5521312268822143,1.5535255171214792,1.5548167352178341,1.5560123442504705,1.5571192895568116,1.55814403147451,1.5590925762418122
0.9168336673346693,0.9446239344009755,0.9721661291680976,0.9993804209127825,1.026189961392664,1.0525218896407886,1.078308231504945,1.103486673259101,1.1280011884315513,1.1518025074638287,1.1748484249615023,1.1971039472401606,1.2185412885812403,1.2391397294783295,1.258885354030004,1.277770686062054,1.2957942450122089,1.312960042224746,1.3292770341428293,1.3447585599743879,1.359421771541115,1.373287069337497,1.3863775603530573,1.398718544830492,1.4103370378269928,1.4212613288379974,1.4315205844092023,1.441144493730476,1.4501629559026723,1.4586058099020995,1.466502601178429,1.473882386507419,1.4807735732137401,1.4872037876316304,1.4931997719714778,1.498787305346141,1.503991146277108,1.5088349939635393,1.5133414655840252,1.5175320869889928,1.521427295482181,1.525046451312492,1.5284078578601514,1.5315287868393002,1.5344255098045672,1.5371133320806631,1.5396066302921823,1.54191889143709,1.544062752918277,1.546050043737789,1.5478918249076907,1.5495984303740344,1.5511795065268654,1.5526440512550275,1.554000451657335,1.5552565204061128,1.5564195309261448,1.5574962507739587,1.5584929738175894,1.5594155505856755
0.9268537074148293,0.9545640767639443,0.9819973798486537,1.0090747386430612,1.0357206282486844,1.0618638481867324,1.0874383786715087,1.1123841034756832,1.1366473810269249,1.1601814559153647,1.1829467080768363,1.2049107446000722,1.2260483446204535,1.2463412719580005,1.2657779737377384,1.2843531851340328,1.3020674614063397,1.3189266576509813,1.3349413722912182,1.3501263811269641,1.3645000686880104,1.3780838702981468,1.3909017393113852,1.4029796458134611,1.4143451118676982,1.4250267860772519,1.435054061560816,1.4444567369041936,1.4532647184016627,1.4615077643047631,1.469215265086498,1.476416060738053,1.4831382912804314,1.48940927556279,1.4952554172573542,1.5007021339413444,1.5057738066420676,1.5104937471793511,1.5148841806361584,1.518966240405252,1.5227599746199367,1.5262843606290237,1.5295573275793382,1.532595783525197,1.5354156483977988,1.538031889024246,1.540458557421337,1.5427088303558814,1.5447950496476095,1.5467287634223799,1.5485207664558611,1.5501811408685777,1.5517192953377483,1.5531440037539628,1.5544634424813777,1.5556852262303307,1.5568164427011406,1.5578636854266559,1.558833085386169,1.5597303408015433
0.9368737474949898,0.9644934612510825,0.9918073406010717,1.0187375997140906,1.0452101665614077,1.0711556169192973,1.096509984304196,1.1212154298587593,1.1452207564026233,1.1684817613893637,1.1909614284833845,1.2126299648406964,1.2334646964539093,1.2534498374379786,1.2725761524074064,1.2908405324874703,1.3082455061212723,1.3247987047623897,1.3405122989433613,1.3554024306744559,1.369488647983814,1.3827933543537403,1.3953412864182217,1.4071590253695752,1.4182745463989854,1.4287168084785427,1.4385153877955856,1.4477001540080892,1.4563009872956874,1.4643475366360708,1.4718690134115076,1.4788940207959465,1.485450415185275,1.4915651949506652,1.4972644151886132,1.5025731245004712,1.5075153212365724,1.5121139265963361,1.5163907719792074,1.520366598125584,1.5240610649587347,1.5274927688355617,1.5306792673404894,1.5336371081433264,1.5363818632895325,1.5389281651909226,1.5412897455802745,1.5434794754727803,1.545509405667897,1.5473908080015424,1.549134215573288,1.5507494631730332,1.552245726162669,1.553631558709959,1.554914930578954,1.556103262497594,1.5572034602570657,1.5582219470110756,1.5591646943210464,1.560037251398154
0.9468937875751502,0.9744120565363865,1.0015959902978482,1.0283690327989743,1.054658691126121,1.0803974286389906,1.1055234257535314,1.1299811949099,1.153722036569266,1.1767043335173035,1.1988936855626708,1.2202628937269497,1.240791808024263,1.2604670557651132,1.2792816702793048,1.2972346408490911,1.3143304048767614,1.330578301938849,1.3459920046267024,1.3605889511617788,1.3743897847014477,1.3874178114102804,1.3996984895690088,1.4112589543604697,1.4221275819384853,1.4323335946463183,1.4419067099527398,1.4508768319171708,1.4592737828552673,1.4671270753660757,1.474465718943663,1.4813180610947885,1.487711659316601,1.493673179424961,1.499228318692191,1.5044017499738505,1.5092170843210808,1.5136968495324346,1.5178624821066262,1.5217343302275075,1.5253316667889214,1.5286727092228771,1.5317746463284592,1.5346536687270957,1.5373250043390834,1.5398029552343322,1.5421009371503498,1.5442315197740415,1.5462064673743958,1.5480367799974724,1.5497327335309807,1.5513039198259047,1.5527592852183014,1.5541071683176806,1.5553553363104455,1.5565110198097465,1.5575809464021697,1.5585713723980816,1.559488113305909,1.560336572519502
0.9569138276553106,0.9843198333894775,1.0113633121306316,1.0379690728731157,1.0640663244544692,1.0895895244395122,1.1144790882100288,1.1386819473775538,1.1621519470247546,1.1848500815424905,1.2067445734332705,1.22781080605436,1.248031125969022,1.267394532736539,1.2858962766141024,1.3035373850642025,1.3203241388308842,1.336267516706108,1.351382623244921,1.3656881233655624,1.379205687896231,1.391959461442205,1.4039755637625526,1.4152816285258556,1.4259063823688245,1.4358792657073571,1.4452300971694882,1.4539887801394895,1.462185048815777,1.469848253694293,1.4770071808369167,1.4836899043552219,1.4899236685645192,1.4957347955105647,1.501148616133869,1.5061894214011975,1.5108804309644546,1.5152437768679474,1.5193004998342197,1.5230705558523676,1.526572832167082,1.5298251694944214,1.5328443907176108,1.5356463327959102,1.538245883299723,1.5406570180155363,1.5428928409352587,1.5449656247822048,1.5468868517105676,1.5486672543905589,1.5503168558672338,1.5518450093429816,1.553260436311927,1.5545712638819273,1.5557850605753551,1.556908870649706,1.5579492470843859,1.558912282777285,1.5598036404465596,1.5606285807632225
0.9669338677354706,0.9942167646706226,1.0211092935663912,1.0475377610995793,1.0734331965646229,1.0987321533902554,1.1233773642810772,1.1473182417456194,1.170511216186056,1.1929199137382855,1.2145151804069023,1.2352749651985757,1.255184079319051,1.2742338499990322,1.292421689838089,1.3097506025238217,1.3262286453145944,1.3418683667923614,1.3566862334604084,1.3707020679964954,1.383938502413402,1.3964204567832197,1.4081746536477613,1.4192291712548197,1.4296130378997278,1.4393558684288483,1.4484875441203469,1.4570379341430213,1.4650366557599745,1.4725128729582937,1.4794951280167286,1.4860112049877616,1.4920880216579662,1.4977515459006565,1.5030267345122303,1.5079374910139156,1.5125066400446172,1.51675591593685,1.520705963076485,1.5243763458629072,1.5277855674526413,1.5309510941811486,1.5338893859652314,1.536615929528541,1.5391452758741833,1.5414910785435092,1.5436661339898903,1.5456824222770942,1.547551147785311,1.5492827801371463,1.550887093810354,1.5523732075495311,1.5537496220876033,1.555024256982268,1.5562044858998194,1.5572971703961729,1.5583086923374312,1.5592449845385945,1.5601115600918203,1.56091353994459
0.9769539078156311,1.004102825325311,1.030833926302848,1.057075144714274,1.0827594447732507,1.1078255722242913,1.1322186535786352,1.155890637739425,1.1788005748456036,1.2009147368579511,1.2222065884820346,1.2426566227063327,1.262252079239837,1.2809865649893213,1.2988595977242523,1.3158760936191938,1.3320458185821717,1.3473828211866035,1.3619048600623322,1.3756328473696378,1.388590310845191,1.400802884348117,1.412297835983216,1.4231036362527054,1.433249567909748,1.442765378201743,1.4516809741091883,1.4600261585246517,1.4678304043339818,1.475122665869049,1.4819312224097518,1.4882835522945876,1.4942062343192084,1.499724872547323,1.504864042471491,1.5096472551587785,1.5140969370740742,1.518234423247276,1.5220799614570943,1.5256527253404768,1.5289708356900151,1.5320513869080912,1.5349104789630992,1.5375632518011566,1.5400239236413733,1.5423058297933574,1.5444214633333488,1.546382515907304,1.5481999183868402,1.54988388158992,1.551443935609779,1.5528889688264276,1.5542272651915894,1.5554665405620005,1.556613977453276,1.5576762582720782,1.5586595971649928,1.559569770095958,1.5604121436005052,1.5611917018102448
0.9869739478957915,1.0139779923783943,1.040537206223215,1.0665812769110765,1.0920452134894487,1.1168700450319802,1.1410033623177762,1.1643996998489279,1.1870207556517782,1.2088354556151049,1.2298198728734446,1.249957017925761,1.2692365188128938,1.2876542109123335,1.305211657605913,1.3219156222203887,1.3377775105744492,1.3528128011960634,1.3670404753182532,1.3804824670415103,1.3931631354372773,1.4051087677865433,1.4163471220117363,1.4269070101069696,1.4368179236722376,1.446109701895172,1.4548122420209073,1.4629552500291585,1.4705680283055023,1.4776792995825738,1.4843170620056345,1.4905084735009058,1.4962797622468704,1.5016561595810163,1.5066618531446838,1.511319957054525,1.5156524968617888,1.5196804070425325,1.52342353876469,1.5269006759328172,1.5301295588469497,1.533126912522996,1.535908480057151,1.538489058099581,1.5408825358634672,1.5431019344110255,1.5451594475544896,1.5470664827001026,1.5488337014007327,1.5504710598280305,1.5519878477823041,1.5533927272765513,1.554693769362977,1.555898489947035,1.5570138839995424,1.5580464582317082,1.5590022623676218,1.5598869186576305,1.5607056500585181,1.5614633067054269
0.996993987975952,1.0238422449278122,1.0502191333503084,1.0760562167269827,1.1012906540107577,1.1258658429603077,1.1497319029260633,1.1728459968688847,1.1951724926128624,1.2166829721937278,1.2373561015761712,1.257177377673948,1.276138772854747,1.294238296754466,1.3114794966198176,1.3278709161758881,1.343425531691947,1.3581601815002968,1.3720950003075016,1.3852528774129957,1.397658939944627,1.409340069569775,1.4203244597521363,1.4306412147553587,1.4403199909700448,1.4493906805874914,1.4578831371392837,1.465826940425687,1.4732511974725726,1.4801843786168585,1.4866541837604896,1.492687436625879,1.4983100039378245,1.5035467360694068,1.508421426837875,1.512956789392066,1.517174446022057,1.5210949297131742,1.5247376952643341,1.528121138062514,1.5312626199188666,1.5341784990965268,1.5368841649444116,1.5393940743145813,1.5417217911817946,1.5438800263125307,1.5458806783176227,1.547734874477024,1.5494530111390323,1.5510447939034693,1.5525192762795736,1.5538848978172606,1.5551495204549954,1.556320463799839,1.5574045387871307,1.5584080797910136,1.5593369753165631,1.5601966969469097,1.5609923269497517,1.5617285841981579
1.007014028056112,1.033695564137898,1.0598797118000476,1.0855000289273764,1.1104959243213741,1.1348132439180287,1.1584046936637158,1.1812301014557147,1.2032565206238564,1.2244581857866765,1.244816334962324,1.2643189159397439,1.2829601977710725,1.3007403073291353,1.3176647119757903,1.3337436678302947,1.3489916515752873,1.3634267911997473,1.3770703062347658,1.3899459752972894,1.4020796314368666,1.413498693011678,1.4242317362103993,1.434308109859708,1.443757592603285,1.4526100921793141,1.4608953858373135,1.4686428992488223,1.4758815204306885,1.482639447622544,1.4889440663509974,1.4948218532024857,1.5002983033575847,1.5053978786254671,1.51014397356534,1.514558896788244,1.5186638653402635,1.522479010069884,1.5260233898741786,1.5293150130054585,1.532370864908282,1.5352069398027952,1.53783827645563,1.540278995428289,1.542542339209293,1.544640712185133,1.5465857217754402,1.5483882191818457,1.5500583395867558,1.5516055420097026,1.5530386475824973,1.5543658772042688,1.555594887392007,1.5567328050131515,1.5577862603832082,1.5587614188052556,1.5596640106783992,1.560499359876979,1.5612724107841969,1.5619877536635431
1.0170340681362724,1.0435379332322952,1.0695189497344344,1.0949127838915391,1.119661188892712,1.1437125322867452,1.1670221582545708,1.189552589700839,1.211273575015592,1.2321619921617273,1.2522016254093238,1.2713828336199342,1.2897021314437171,1.3071617033520715,1.323768871250295,1.339535534557581,1.3544775998905627,1.3686144148568953,1.3819682157226234,1.3945636054524013,1.4064270620535746,1.4175864842251757,1.4280707795125964,1.4379094950886848,1.4471324907944778,1.4557696538937301,1.4638506541460659,1.4714047364110774,1.4784605472057721,1.485045994015365,1.4911881327876093,1.496913080855121,1.5022459524682674,1.5072108138739977,1.5118306554449747,1.5161273781024216,1.520121792004711,1.5238336254862224,1.5272815422162294,1.53048316484797,1.5334551046876967,1.5362129946883423,1.5387715262314394,1.5411444870992559,1.5433448020266867,1.5453845728972766,1.5472751198956636,1.549027022127118,1.5506501575716403,1.5521537425780731,1.5535463697277976,1.5548360449918324,1.5560302230668022,1.5571358415478034,1.5581593534552796,1.5591067581977869,1.5599836310940702,1.5607951511831815,1.561546127686361,1.5622410248310996
1.0270541082164328,1.0533693374864679,1.0791368593140016,1.1042945574984322,1.1287866184863649,1.1525639986379161,1.1755847255277145,1.1978140407201328,1.2192243911254717,1.2397952832540773,1.2595130169580633,1.278370318286855,1.2963658931483435,1.3135039215438638,1.329793512701332,1.3452481393073927,1.3598850671174485,1.373724793528234,1.3867905040818649,1.3991075620777873,1.4107030307099029,1.4216052340155434,1.4318433609617887,1.4414471123126436,1.4504463894951218,1.4588710246686363,1.4667505502077571,1.4741140046931727,1.4809897717599643,1.487405450477845,1.4933877528947443,1.4989624257431386,1.504154193622532,1.5089867207851406,1.5134825889625523,1.5176632886244763,1.5215492217130324,1.525159713919625,1.5285130345494182,1.5316264223305769,1.534516116753713,1.5371973923370548,1.5396845962992398,1.5419911871530467,1.5441297755889996,1.5461121648235923,1.5479493917073937,1.549651767164922,1.5512289158625083,1.5526898153070567,1.554042833271478,1.5552957644337555,1.5564558651824365,1.5575298872186194,1.5585241095043147,1.5594443686434747,1.5602960878155478,1.5610843040157913,1.5618136939468603,1.562488598297771
1.0370741482965928,1.0631897642198476,1.08873345664983,1.1136454310129007,1.1378723899596244,1.1613679394559293,1.1840928290697785,1.2060150362592703,1.227109703889282,1.247358946784372,1.2667515449996603,1.285282543985745,1.3029527835006738,1.3197683747575386,1.3357401456023927,1.3508830711622462,1.3652157053381724,1.3787596257856278,1.3915389005587435,1.403579590274955,1.4149092847531632,1.425556679712008,1.435551197021268,1.444922647713813,1.4537009365977558,1.4619158074460012,1.469596626618577,1.476772202118271,1.483470634376939,1.4897191973373818,1.4955442456654706,1.5009711448780911,1.5060242218314426,1.510726732882927,1.5151008471128904,1.5191676421422549,1.5229471106611516,1.5264581758184765,1.5297187135926278,1.5327455805858932,1.5355546468795784,1.5381608314379664,1.5405781405574852,1.54281970698477,1.5448978310485084,1.5468240210907895,1.5486090344726993,1.5502629177870986,1.5517950462012071,1.5532141621290485,1.5545284121936265,1.5557453833293713,1.5568721370425145,1.5579152424320746,1.558880807552766,1.5597745092099748,1.5606016213031673,1.561367041496089,1.5620753165398142,1.5627306660090912
1.0470941883767533,1.0729992027876023,1.0983087617551388,1.1229654909723261,1.1469186860736118,1.1701246568672288,1.1925469068877672,1.2141561603145965,1.2349302474534185,1.2548538659012387,1.273918235989399,1.2921206710600721,1.3094640844292986,1.3259564521289637,1.341610250593254,1.3564418859035234,1.370471129025544,1.3837205687256955,1.396215089558371,1.4079813874719376,1.4190475215710283,1.4294425069391035,1.4391959512263979,1.4483377338148775,1.4568977260573326,1.4649055513626095,1.4723903826664586,1.4793807742159362,1.4859045239329955,1.4919885648273916,1.497658881497654,1.5029404483218858,1.5078571869136241,1.5124319403363145,1.516686461425418,1.5206414128959262,1.5243163774221344,1.5277298759224787,1.5308993922447247,1.5338414027774578,1.5365714106728092,1.5391039822623518,1.5414527861735308,1.5436306328794402,1.5456495159997685,1.5475206527497891,1.5492545247885328,1.5508609181597812,1.5523489622726914,1.5537271681189986,1.5550034647486206,1.5561852348183236,1.5572793482935159,1.5582921948790736,1.5592297147906347,1.5600974279598294,1.5609004617863953,1.5616435772383381,1.562331193608455,1.5629674117107426
1.0571142284569137,1.0827976445720473,1.107862798496505,1.1322548290738377,1.1559256953041175,1.1788344583755503,1.2009474010823378,1.2222379987692271,1.242686754806929,1.2622809188473774,1.2810141071865566,1.2988858460032182,1.3159010591731823,1.3320695192480814,1.3474052800455971,1.361926106584407,1.3756529158284743,1.3886092389660794,1.400820711843672,1.4123146048116932,1.4231193901521149,1.4332643513292964,1.442779236027334,1.4516939514289804,1.4600382999256571,1.4678417538466932,1.4751332664687964,1.4819411161813287,1.4882927800598844,1.4942148352378173,1.4997328843181656,1.5048715012726557,1.5096541955326463,1.5141033919397204,1.5182404238811493,1.5220855374262008,1.5256579047218253,1.528975644963074,1.5320558512082025,1.534914621645936,1.537567095044075,1.5400274880560745,1.5423091349007625,1.544424527255647,1.5463853556519322,1.548202549879072,1.5498863196236903,1.5514461940966888,1.5528910606174706,1.5542292023488735,1.5554683342644824,1.5566156381276757,1.5576777956224779,1.5586610201859643,1.559571087182498,1.5604133625161032,1.561192829790579,1.561914115840043,1.562581514921185,1.5631990113725955
1.0671342685370742,1.0925850829737118,1.1173955945447651,1.141513542062148,1.1648936116552338,1.1874976566032909,1.2092947575314204,1.230261139044058,1.2503799574327576,1.2696409786482787,1.2880401664188512,1.305579201334955,1.3222649523020817,1.3381089183490695,1.3531266584415853,1.3673372241080397,1.3807626073535728,1.3934272136276196,1.405357365709449,1.4165808485046012,1.4271264925997995,1.437023800178444,1.44630261456489,1.4549928315341119,1.4631241503024903,1.470725862624658,1.4778266770148583,1.4844545749348672,1.490636695204995,1.4963992449609589,1.5017674336013533,1.506765426044724,1.5114163131291236,1.515742096989588,1.519763688727599,1.523500916322901,1.5269725411176456,1.530196281270172,1.5331888405225202,1.5359659409685997,1.538542359593068,1.5409319663526944,1.5431477643202913,1.5452019298375872,1.5471058539331841,1.548870182623831,1.550504857295171,1.552019153975315,1.5534217214903216,1.554720618691632,1.5559233498948564,1.5570368992746124,1.5580677634131004,1.5590219825266634,1.5599051700381974,1.5607225405940917,1.5614789366320354,1.5621788533426877,1.56282646230013,1.5634256335871353
1.0771543086172342,1.102361513402066,1.126907181325614,1.1507417316180752,1.1738226344758373,1.1961145690390167,1.2175894255840523,1.2382261697633328,1.2580105849775793,1.2769349128226297,1.2949974118702643,1.3122018555011992,1.3285569897581715,1.3440759685176455,1.3587757827636404,1.3726766978093283,1.3858017099415418,1.398176031301564,1.409826608131203,1.4207816811452953,1.4310703856001448,1.4407223940456224,1.4497676023817614,1.4582358570747305,1.4661567212067976,1.4735592776419404,1.480471966117426,1.486922451087312,1.4929375165942156,1.4985429864382251,1.503763666287593,1.5086233039486376,1.5131445657536062,1.517349027063095,1.5212571741977428,1.5248884158799296,1.5282611025865163,1.5313925522910232,1.534299081012831,1.5369960369376043,1.539497837916683,1.5418180102124608,1.5439692290121239,1.5459633587601465,1.5478114945317603,1.5495240021751688,1.5511105583879639,1.552580189599816,1.553941309668864,1.555201756578098,1.5563688273267993,1.5574493117277344,1.5584495243630874,1.5593753351985307,1.5602321985496563,1.5610251805014084,1.5617589848836477,1.5624379776649802,1.5630662100240775,1.5636474399440425
1.0871743486973946,1.1121269332659238,1.1363975939699733,1.1599395042478409,1.1827129682790087,1.2046855177911204,1.2258318577643041,1.246133680434447,1.2655793649396228,1.2841635831135243,1.3018868318910615,1.3187549127956213,1.3347783789172896,1.3499719659138514,1.364354022893823,1.3779459560389669,1.3907716954372398,1.4028571930010971,1.4142299558884939,1.424918622994174,1.4349525818448794,1.4443616282988943,1.4531756690712911,1.4614244646934125,1.469137410371475,1.4763433529018408,1.4830704402779644,1.4893460008149646,1.4951964481024926,1.5006472100130854,1.5057226786074005,1.510446177076881,1.5148399418059484,1.5189251177047276,1.522721764138721,1.5262488696622774,1.5295243740274516,1.532565196026658,1.5353872656593752,1.5380055594621687,1.5404341388444323,1.5426861893919228,1.5447740616603485,1.5467093116113753,1.5485027418776875,1.5501644416932823,1.5517038266219905,1.5531296770141332,1.5544501752153312,1.555672941709884,1.5568050694473423,1.5578531570297263,1.5588233400653422,1.5597213211644458,1.5605523982961238,1.5613214916086022,1.5620331688129716,1.5626916690104788,1.5633009252075543,1.5638645853825597
1.097194388777555,1.121881341963527,1.1458668712641364,1.1691069711731785,1.191564822564416,1.2132108293476194,1.2340225094851487,1.2539842611416339,1.2730870223738808,1.2913278452395873,1.3087094048288537,1.325239463301732,1.3409303086682676,1.3557981840087503,1.369862722021306,1.3831463967483684,1.3956740019524065,1.4074721630965812,1.418568886662706,1.4289931532239941,1.4387745514104175,1.447942954608588,1.45652823986593,1.4645600463952269,1.4720675709647872,1.4790793982260362,1.4856233624694335,1.4917264376494532,1.497414652036844,1.502713025695221,1.5076455278162677,1.5122350500005555,1.5165033936865011,1.520471270026076,1.5241583095556217,1.5275830799903425,1.5307631106840072,1.533714922390959,1.5364540608924666,1.5389951333994332,1.5413518476057049,1.543537051448588,1.5455627740965754,1.5474402664163982,1.5491800420690953,1.5507919171782778,1.5522850496696676,1.5536679772686193,1.5549486541946376,1.5561344867312743,1.557232366971573,1.5582487053839813,1.559189461555431,1.5600601735633517,1.5608659857199667,1.561611674792285,1.5623016747947074,1.5629401002513243,1.5635307681576478,1.5640772185231413
1.1072144288577155,1.131624740872328,1.1553150555997567,1.178244248222347,1.2003784116437484,1.22169083434208,1.2421618387721338,1.2617785022531927,1.2805342796141148,1.2984285486651603,1.3154660988795959,1.3316565828541362,1.3470139495089235,1.3615558738335782,1.375303197056576,1.3882793880743154,1.4005100346201556,1.4120223702339922,1.422844840109168,1.4330067111320064,1.4425377230939096,1.4514677823896271,1.4598266971674734,1.4676439511474444,1.474948513241594,1.4817686809402812,1.4881319538406383,1.4940649341863197,1.4995932508363106,1.5047415048405521,1.5095332338450598,1.5139908913819535,1.518135839364114,1.5219883522238487,1.525567630075308,1.5288918193464682,1.5319780394913896,1.5348424144970612,1.5375001078176251,1.5399653597183998,1.542251526933109,1.544371122784696,1.546335858285522,1.5481566825664776,1.5498438237466314,1.5514068282919862,1.5528545999272723,1.5541954371431868,1.5554370693515691,1.556586691862747,1.5576509990347485,1.5586362162075398,1.559548129827536,1.5603921161913485,1.5611731685749592,1.561895922852601,1.5625646816992458,1.563183437289678,1.5637558927100697,1.5642854819797838
1.1172344689378755,1.141357133338473,1.164742192923693,1.1873514557220795,1.209153954469216,1.230125867325649,1.2502503059966956,1.2695169941419053,1.2879218560110748,1.3054665363887168,1.3221578719574594,1.3380073330177136,1.3530304536573645,1.3672462642399903,1.3806767390510843,1.3933462689222664,1.40528116634046,1.416509208236166,1.4270592189036748,1.4369606973181666,1.4462434857073703,1.4549374801944805,1.4630723820211482,1.4706774864171264,1.4777815061273618,1.4844124274886943,1.4905973953458516,1.496362623716434,1.5017333286931083,1.5067336817515988,1.5113867808705546,1.5157146355076967,1.5197381638656577,1.523477201020816,1.526950515334969,1.5301758317083112,1.5331698603527597,1.5359483298754941,1.5385260233751523,1.5409168166011062,1.543133718105895,1.5451889096339442,1.5470937872564214,1.548859001696731,1.5504944989193212,1.5520095591339347,1.5534128352431031,1.5547123898297963,1.5559157307497749,1.5570298454986409,1.5580612337508033,1.559015938652567,1.5598995763209793,1.560717363955281,1.5614741463488893,1.5621744209067283,1.562822361258868,1.5634218393983417,1.5639764465458292,1.5644895126543112
1.127254509018036,1.1510785246660067,1.1741483326877673,1.1964287183905387,1.2178916744651813,1.2385162665451643,1.258288373618964,1.2772003269183045,1.295250467686358,1.3124426447486996,1.3287856715825577,1.3442927610835356,1.3589809551773202,1.3728705621701196,1.3859846136211773,1.3983483495473337,1.4099887385159426,1.4209340369865162,1.4312133897635002,1.4408564748299704,1.4498931893309182,1.458353377058238,1.4662665955355283,1.4736619196490202,1.4805677787377864,1.4870118249798197,1.4930208293032237,1.498620601784024,1.5038359330989872,1.5086905552023409,1.513207118810414,1.5174071837468028,1.5213112206914556,1.52493862303407,1.5283077262997413,1.5314358338133214,1.5343392473489155,1.5370333016281534,1.539532401438102,1.5418500604848493,1.5439989419371363,1.545990898994692,1.5478370159836121,1.5495476485157107,1.551132463744914,1.5526004789743708,1.5539600996051806,1.5552191555768855,1.5563849363750057,1.5574642247712844,1.5584633287394265,1.5593881120984034,1.560244023379225,1.5610361233006165,1.5617691106621636,1.5624473467599949,1.5630748784130781,1.5636554595419354,1.5641925714898082,1.5646894420138182
1.1372745490981964,1.1607889221057974,1.1835335277984564,1.2054761652313306,1.2265917993629387,1.2468623737273061,1.2662765059398822,1.2848290901764265,1.3025208273013387,1.3193577032459831,1.3353504347855303,1.350513900080385,1.3648665701163047,1.3784299529352726,1.391228061375231,1.403286912132058,1.4146340617773718,1.425298183294986,1.4353086844430667,1.4446953702745202,1.4534881465261826,1.4617167637973392,1.469410600250243,1.4765984796861407,1.483308521836797,1.4895680226675652,1.495403360885367,1.5008399276749391,1.5059020763206024,1.5106130898915275,1.5149951647466349,1.5190694059377885,1.5228558331607625,1.5263733960747243,1.5296399965134881,1.5326725163583577,1.535486849885297,1.53809793952193,1.5405198138523652,1.5427656270490493,1.544847699708111,1.546777559512944,1.5485659822194748,1.5502230315898575,1.5517580992675812,1.5531799429470485,1.5544967237910454,1.5557160422981544,1.5568449727048728,1.557890096083715,1.5588575316237125,1.559752966616075,1.560581684683133,1.5613485926152646,1.5620582456439551,1.5627148712560452,1.5633223916344083,1.563884444679885,1.5644044037924032,1.564885396352359
1.1472945891783564,1.1704883348442041,1.1928978345665608,1.2144939294286152,1.2352545610386816,1.255164533868748,1.2742151688624759,1.2924038727517182,1.3097336438406182,1.326212534382211,1.341853088028049,1.3566717688008116,1.370688396655477,1.3839256005021445,1.396408298342995,1.4081632113601974,1.419218416698362,1.4296029417460694,1.4393464007044907,1.4484786748984533,1.457029633510941,1.4650288942634266,1.4725056214533612,1.4794883581353004,1.4860048892355384,1.4920821333699323,1.4977460595452938,1.503021625838553,1.5079327368074813,1.5125022178281582,1.5167518042812933,1.520702141708662,1.5243727956911592,1.527782270382909,1.5309480332865477,1.5338865451381873,1.5366132937799726,1.5391428310255646,1.5414888114223197,1.5436640321500856,1.5456804740530958,1.5475493423181823,1.5492811072826413,1.5508855440856162,1.5523717721156154,1.5537482927042932,1.555023025982041,1.556203346147953,1.5572961152472498,1.5583077156129976,1.5592440805002667,1.56011072340703,1.5609127656601176,1.5616549626108913,1.5623417282873462,1.562977158607418,1.5635650532359677,1.5641089360524085,1.5646120743953382,1.565077497037909
1.1573146292585168,1.180176773991487,1.2022413126568794,1.223482148243372,1.2438801953546779,1.2634230950322607,1.2821048296620945,1.2999252624907363,1.3168896224094462,1.3330079535132566,1.3482945471383359,1.36276737184069,1.3764475152701285,1.3893586477855344,1.4015265164062414,1.4129784749858147,1.4237430544988336,1.433849575528785,1.4433278032632584,1.4522076456363857,1.4605188912960418,1.468290986553793,1.4755528484503038,1.482332710679797,1.4886579991348732,1.4945552348283506,1.5000499603807653,1.5051666872465606,1.5099288605360002,1.5143588396526513,1.5184778928281741,1.52230620173346,1.5258628750155236,1.5291659698017046,1.5322325188240493,1.5350785621264003,1.537719182296058,1.5401685422930782,1.542439924845285,1.5445457727072203,1.546497729797557,1.5483066818149152,1.5499827968042141,1.5515355644718192,1.5529738351616034,1.5543058570366857,1.5555393123442907,1.556681352065368,1.5577386290492916,1.558717329785989,1.5596232043835125,1.560461595217737,1.5612374638707407,1.5619554166831613,1.5626197287848094,1.5632343667077906,1.5638030096619087,1.564329069450593,1.5648157091826724,1.5652658607455536
1.1673346693386772,1.189854252569976,1.2115640250379254,1.2324409629108593,1.2524689420036792,1.2716384081487142,1.2899459567654479,1.3073938460323031,1.32398946404459,1.3397447687171045,1.3546757172608295,1.3688016996513288,1.3821449888998105,1.3947302169466043,1.4065838837298918,1.417733904397042,1.4282091977368754,1.438039317248559,1.4472541247093413,1.4558835061285502,1.463957126785674,1.4715042241798413,1.4785534357860592,1.4851326583413682,1.491268935413808,1.4969883710102923,1.5023160654399426,1.5072760706917385,1.5118913622925698,1.5161838258970166,1.520174256843668,1.5238823689287262,1.5273268113399798,1.5305251928933925,1.5334941112981366,1.5362491865020143,1.5388050971217668,1.5411756190968828,1.5433736655977908,1.5454113275425125,1.547299914752529,1.5490499964326006,1.5506714414345306,1.5521734571847494,1.5535646281473656,1.554852952459537,1.5560458775784194,1.5571503342889343,1.5581727691788847,1.559119175729263,1.5599951236257945,1.5608057867316423,1.5615559693741483,1.5622501312522243,1.5628924108452533,1.5634866474270346,1.5640364017618757,1.5645449754715526,1.5650154292179228,1.5654505996777612
1.1773547094188377,1.199520785502007,1.2208660379317122,1.2413705185393062,1.2610210443565664,1.279810826824915,1.297739019538249,1.314810208599769,1.3310338655381135,1.3464237806754413,1.360997492819153,1.3747757286031848,1.3877818631271355,1.4000414096957818,1.4115815451928493,1.4224306751739468,1.4326180409886877,1.4421733697210066,1.4511265664040758,1.4595074477083092,1.467345513842019,1.474669757194965,1.4815085044224394,1.4878892886934494,1.4938387488661495,1.499382553357704,1.5045453449710837,1.5093507040295777,1.5138211268990795,1.517978018187159,1.5218416950001201,1.525431399593149,1.528765319446051,1.5318606140012256,1.5347334458672504,1.5373990156248631,1.5398715993011003,1.5421645877134966,1.5442905267764753,1.546261158177431,1.5480874604677763,1.549779689336437,1.5513474175128532,1.5527995732581459,1.5541444782758043,1.5553898837681812,1.5565430054399443,1.5576105568437915,1.5585987811802402,1.5595134816948006,1.5603600503148018,1.5611434949399152,1.5618684650736878,1.5625392760846937,1.563159931993804,1.563734146890176,1.5642653650504594,1.5647567797596313,1.5652113509682002,1.5656318217725793
1.1873747494989977,1.2091763895976346,1.2301474207636427,1.250270964009881,1.2695367493132623,1.2879407071572313,1.3054844880812955,1.3221749338040523,1.3380235192735803,1.3530457825683135,1.367260757491612,1.3806904210603435,1.3933591663644032,1.4052933075995113,1.4165206228178666,1.427069937640024,1.4369707515163872,1.4462529067476741,1.4549462993531888,1.46308063036026,1.4706851943153452,1.47778870328321,1.4844191428720517,1.4906036570277006,1.4963684583876162,1.5017387619837033,1.5067387386189153,1.511391485365564,1.5157190103834752,1.5197422303902772,1.5234809793046469,1.5269540244933992,1.5301790897400398,1.5331728842597114,1.5359511356454192,1.5385286259626538,1.5409192301179966,1.543135955764594,1.5451909838962579,1.547095709588715,1.5488607829461818,1.5504961491013496,1.5520110877021984,1.553414250920259,1.554713700771662,1.5559169445639855,1.5570309692321158,1.558062274002961,1.559016901505215,1.559900467462938,1.560718188649699,1.561474909492284,1.5621751270439197,1.562823014598264,1.5634224438553923,1.5639770057412614,1.5644900299525906,1.564964603234512,1.5654035865161615,1.565809630900496
1.1973947895791581,1.2188210835421363,1.239408246112533,1.2591424518779668,1.2780163071568986,1.2960284075509125,1.3131828330347821,1.3294886034571074,1.3449591130741627,1.3596115599811778,1.3734663841984351,1.3865467254649109,1.3988779100471938,1.410486972390059,1.421402216199798,1.431652817406855,1.44126846992345,1.4502790738738103,1.4587144650563464,1.4666041836496255,1.4739772790405454,1.4808621488100546,1.4872864082906057,1.4932767874756825,1.4988590521155167,1.5040579468198527,1.5088971565701577,1.51339928419072,1.5175858410981933,1.5214772497101445,1.5250928561662456,1.5284509498990024,1.531568789252472,1.5344626325562258,1.537147772624333,1.5396385739724054,1.541948511936572,1.5440902130159389,1.54607549564824,1.5479154109258302,1.5496202833216135,1.5511997503513237,1.5526628015913604,1.5540178161599048,1.5552725994130396,1.5564344177528193,1.5575100322728672,1.5585057307243149,1.559427357921826,1.5602803447239477,1.5610697352972618,1.5618002130291784,1.5624761248401737,1.5631015041500298,1.5636800924231382,1.5642153593930541,1.5647105220357351,1.5651685623070384,1.5655922437605319,1.5659841270506758
1.2074148296593186,1.2284548878833057,1.248648589660791,1.267985138275775,1.2864599714112488,1.304074288545054,1.320834525390671,1.3367517973954974,1.3518413300621803,1.3661218908237407,1.3796152351000437,1.3923455764305497,1.40433908883417,1.4156234462776947,1.4262274029316788,1.436180415911569,1.4455123107976686,1.4542529891283011,1.4624321763336472,1.4700792076236517,1.4772228488011523,1.4838911498366005,1.4901113275291247,1.4959096740874938,1.5013114885230203,1.5063410287162229,1.5110214806505717,1.5153749424678993,1.5194224207890312,1.523183837732917,1.5266780474138766,1.5299228585689402,1.5329350625902862,1.5357304664465938,1.53832392855079,1.5407293969388027,1.5429599489999208,1.5450278321365984,1.5469445046196488,1.548720676192258,1.5503663485024104,1.551890854366133,1.5533028962660729,1.5546105832633668,1.5558214670354242,1.556942576017644,1.5579804483374322,1.5589411630646937,1.5598303699013458,1.5606533174395598,1.5614148797292462,1.5621195814963256,1.562771621791711,1.5633748963095093,1.5639330183124744,1.5644493382634401,1.5649269622297128,1.5653687690835196,1.56577742660591,1.5661554065072276
1.217434869739479,1.2380778250185611,1.2578685301447847,1.276799182816335,1.2948679987014269,1.3120787126431206,1.3284400363129292,1.3439650933137457,1.3586708485296055,1.3725775452599804,1.3857081616056592,1.398087894844419,1.409743680812359,1.4207037522645827,1.4309972390281103,1.4406538109467655,1.4497033633415075,1.458175743745919,1.4661005181294895,1.4735067736857272,1.4804229552618098,1.4868767330984527,1.4928948981475811,1.4985032818691177,1.5037266974699717,1.5085889004963624,1.5131125653757818,1.5173192756711895,1.5212295256168886,1.5248627314259555,1.5282372512680376,1.5313704106925026,1.5342785328442736,1.5369769730271325,1.5394801557619622,1.5418016137718553,1.5439540281897992,1.545949269420672,1.5477984379779728,1.5495119048926709,1.5510993517824514,1.5525698096573333,1.5539316968510952,1.5551928553238432,1.556360586009831,1.55744168226674,1.5584424620780626,1.5593687985725357,1.560226148985248,1.5610195821856112,1.5617538045420984,1.5624331844428458,1.5630617752794829,1.5636433371172933,1.5641813570018641,1.564679067999344,1.5651394670348826,1.5655653315592069,1.5659592351425018,1.56632356201611
1.227454909819639,1.2476899191818656,1.2670681493054323,1.2855847484988874,1.3032406486178494,1.320042044148959,1.3359998369654433,1.3511290666071432,1.3654483418190635,1.378979285648775,1.3917460043915753,1.4037745879768198,1.415092647707234,1.4257288944597952,1.4357127593454873,1.445074057182617,1.453842691989792,1.4620484028720628,1.4697205482942504,1.4768879254429292,1.4835786218701876,1.4898198969504972,1.4956380893914054,1.5010585477801404,1.5061055812120927,1.5108024279691759,1.515171238958002,1.5192330737806654,1.5230079071346954,1.5265146440920248,1.5297711432682124,1.5327942447867837,1.5355998024541504,1.538202719765488,1.5406169879807732,1.5428557257660924,1.5449312197493543,1.5468549654736425,1.548637708121326,1.550289482647953,1.551819653421686,1.5532369525153153,1.5545495170249257,1.5557649247250478,1.5568902286965942,1.5579319900590167,1.5588963094222168,1.5597888566603002,1.560614899133213,1.5613793284769633,1.5620866857600846,1.5627411853038506,1.5633467369994156,1.5639069673301906,1.5644252390609312,1.564904669688915,1.5653481487194079,1.5657583538016053,1.5661377658164,1.5664886829432472
1.2374749498997994,1.2572911964304787,1.2762475318390243,1.2943420016156915,1.3115781835834386,1.327964649008198,1.3435143983474136,1.358244290223681,1.3721744782148817,1.3853278664945685,1.3977295934284646,1.4094065495978776,1.4203869350969638,1.4306998583948816,1.4403749779986386,1.4494421866809069,1.4579313370147038,1.4658720062502002,1.4732932983442415,1.4802236795277142,1.4866908447292881,1.4927216122787863,1.4983418431322915,1.503576381693449,1.5084490153703494,1.5129824508996321,1.517198304270711,1.5211171022346053,1.524758293221704,1.5281402662810872,1.5312803771584356,1.5341949785530529,1.536899454033475,1.5394082552924584,1.5417349410735353,1.5438922173233973,1.5458919779709404,1.5477453458653094,1.5494627132969172,1.5510537817798655,1.55252760119784,1.5538926075290496,1.5551566595086947,1.5563270736004502,1.5574106578761984,1.558413744007725,1.5593422179504552,1.5602015489578491,1.560996817053292,1.5617327390757176,1.562413693122795,1.563043741668444,1.5636266532120704,1.564165922653662,1.56466479036674,1.5651262600626752,1.5655531155062437,1.5659479361242246,1.566313111590971,1.5666508554243754
1.24749498997996,1.266881684631537,1.2854067653483157,1.3030711116602944,1.3198808687240795,1.3358468946549842,1.3509841911360607,1.3653113345248273,1.3788499208437752,1.3916240344075672,1.4036597480171336,1.4149846601006577,1.4256274726302407,1.4356176113395016,1.4449848887735244,1.4537592094008067,1.4619703151180898,1.4696475688922466,1.4768197742004074,1.483515026394461,1.4897605934411022,1.4955828233806927,1.5010070747746627,1.506057667318468,1.5107578498621967,1.5151297839401439,1.519194539773207,1.5229721028412069,1.5264813889772368,1.5297402666618176,1.5327655857331088,1.5355732096941415,1.538178051156533,1.5405941101568923,1.5428345137718869,1.5449115566414569,1.5468367418509419,1.5486208217511586,1.5502738381894177,1.551805161867074,1.553223530930945,1.554537088080094,1.555753416530734,1.556879574269561,1.5579221271584938,1.558887180163841,1.559780407255245,1.5606070796479266,1.5613720925152956,1.56207999028373,1.5627349903579713,1.5633410055340082,1.5639016649795,1.564420333962316,1.5649001323089469,1.5653439516842993,1.5657544717504739,1.5661341752513498,1.5664853620998906,1.566810162507131
1.2575150300601199,1.2764614134484824,1.2945459402939044,1.311772251237259,1.3281489717422867,1.3436891498639318,1.3584096855364245,1.3723307671548024,1.3854753275847116,1.3978685280729126,1.4095372768321226,1.4205097866301029,1.4308151742471267,1.4404831026166403,1.4495434655356294,1.4580261136962103,1.465960620011096,1.4733760817321044,1.4803009569062233,1.4867629310915473,1.4927888119225,1.4984044488144312,1.5036346741290887,1.5085032630893767,1.5130329097962953,1.5172452175243316,1.5211607003968723,1.5247987946516814,1.5281778775758184,1.5313152928548008,1.5342273816450478,1.5369295166948196,1.5394361391091436,1.5417607975455792,1.5439161883609105,1.5459141963696696,1.5477659357133835,1.5494817904638967,1.5510714544808801,1.552543970274124,1.5539077669822015,1.555170696812301,1.5563400702681842,1.5574226896525618,1.5584248813715158,1.5593525263802703,1.5602110892817527,1.5610056457847399,1.5617409086483538,1.5624212522203118,1.5630507354404835,1.5636331235475582,1.5641719083900347,1.5646703275091427,1.5651313819844574,1.5655578531316237,1.5659523181075485,1.5663171644743457,1.5666546037923048,1.5669666842858136
1.2675350701402803,1.2860304143273529,1.3036651499459309,1.3204455959733952,1.3363827627940985,1.3514917846072294,1.3657913511381046,1.379303152918096,1.392051350987594,1.4040620782283821,1.415362977972641,1.425982783217267,1.4359509384024265,1.445297263917,1.4540516626337827,1.4622438668045163,1.4699032229812075,1.477058512262655,1.483737803325291,1.4899683340096705,1.4957764191942857,1.5011873822190713,1.5062255062539458,1.5109140030197685,1.515274996332284,1.5193295187248703,1.5230975183949136,1.5265978747965763,1.5298484210855907,1.53286597222933,1.535666358177682,1.53826445956707,1.5406742456052753,1.5429088139699956,1.5449804313352515,1.5469005742342694,1.5486799698040326,1.550328636076779,1.5518559213837806,1.5532705426548676,1.554580622728612,1.555793726078601,1.5569168932669484,1.5579566736645203,1.5589191569310876,1.5598100026579877,1.5606344686516813,1.5613974375966475,1.5621034422235895,1.5627566890860054,1.5633610808382905,1.5639202372349343,1.564437514771723,1.5649160251241714,1.565358652382227,1.5657680691684717,1.5661467516929781,1.566496993800014,1.5668209200706054,1.5671204980292912
1.2775551102204408,1.2955887204829204,1.3127644903360984,1.3290913244304812,1.3445825143691437,1.3592551699167899,1.3731296567787221,1.3862290536648936,1.3985786382003225,1.4102054076501018,1.4211376390202906,1.4314044909182964,1.4410356482910782,1.4500610096121513,1.4585104152991126,1.4664134153267219,1.4737990734467465,1.4806958051564476,1.4871312468190876,1.4931321516070741,1.498724310144266,1.503932493106063,1.508780412266515,1.5132906975250797,1.5174848875070657,1.5213834320769737,1.525005704157223,1.5283700192870175,1.5314936612517378,1.534392912665559,1.537083089983168,1.5395785805620208,1.5418928814712118,1.544038639921612,1.5460276940248998,1.5478711136342904,1.5495792408565656,1.5511617299402602,1.5526275861486472,1.553985203431742,1.555242401014721,1.5564064583661181,1.5574841488411866,1.558481771590313,1.5594051821922637,1.5602598214751118,1.5610507429710876,1.5617826387738243,1.5624598639227245,1.5630864594131975,1.563666173746098,1.5642024832185086,1.564698610895051,1.5651575444031287,1.5655820525587434,1.5659747009078069,1.566337866233954,1.5666737500914407,1.566984391421219,1.5672716783024057
1.2875751503006012,1.3051363668847185,1.3218440602100652,1.337709618019522,1.3527485011738885,1.3669796777513665,1.3804250704139411,1.393109028184152,1.405057830903881,1.4162992311458433,1.426862037103093,1.4367757379576902,1.4460701720751457,1.4547752370661107,1.4629206400389247,1.4705356856987752,1.4776490994989455,1.4842888828703942,1.4904821979053615,1.4962552771123612,1.501633356265192,1.5066406276233162,1.511300210124701,1.515634134214113,1.51966333902904,1.5234076803690408,1.5268859469919565,1.5301158837825286,1.5331142202466124,1.5358967032837194,1.5384781337881295,1.540872404850232,1.54309254129894,1.5451507404973985,1.5470584131922398,1.5488262242099275,1.550464132632297,1.5519814311934,1.5533867845476514,1.5546882662522186,1.555893394582721,1.55700916670083,1.5580420914534976,1.5589982204413535,1.5598831777836553,1.560702188099893,1.561460103123105,1.5621614267417836,1.5628103385934453,1.5634107163043482,1.5639661563074447,1.5644799934240894,1.5649553191655845,1.565394998886706,1.5658016878047616,1.5661778459667346,1.5665257522133846,1.5668475172017882,1.567145095538839,1.5674202970812914
1.2975951903807612,1.314673390242936,1.3309039609801965,1.346300660916529,1.360881000018014,1.3746656808685334,1.3876780589938555,1.3999436321040328,1.4114895652550732,1.4223442555554635,1.432536938965368,1.4420973398753725,1.4510553631119916,1.4594408269450145,1.4672832350253,1.4746115846541337,1.4814542084317048,1.4878386462347564,1.4937915448976533,1.4993385812055504,1.5045044063684097,1.509312609292816,1.513785695380503,1.517945078650901,1.5218110850416378,1.5254029654019106,1.5287389158753348,1.5318361043269708,1.53471070138814,1.5373779151419853,1.5398520290686057,1.542146441171914,1.5442737040703176,1.546245565997062,1.5480730116018537,1.5497663023847312,1.5513350164348707,1.5527880872513775,1.5541338413354628,1.555380034423663,1.556533886482104,1.5576021150328903,1.5585909670768545,1.5595062492951255,1.5603533569255765,1.5611373008885057,1.561862733546408,1.5625339729215342,1.5631550254922555,1.5637296076585212,1.5642611658258587,1.564752895277618,1.5652077578070924,1.5656284982309479,1.5660176598037672,1.5663775986138102,1.5667104970067711,1.5670183761014278,1.567303107444467,1.567566423862936
1.3076152304609217,1.3241998289942158,1.3399442966787307,1.354864639979859,1.3689802897039267,1.3823135527014478,1.3948890883455676,1.4067334177994195,1.4178744718365484,1.4283411797580676,1.4381631010429963,1.4473700996771395,1.4559920601832446,1.4640586435245906,1.471599080478228,1.4786419996774773,1.4852152872591637,1.4913459750267248,1.4970601545264042,1.5023829126780104,1.5073382872740069,1.511949239722714,1.5162376419063055,1.5202242750880997,1.523928838857437,1.5273699687180713,1.5305652601710795,1.533531298054071,1.536283689827991,1.5388371019044988,1.5412052986957254,1.543401182458573,1.5454368337534932,1.5473235524934548,1.5490718985644893,1.5506917318830118,1.5521922516012319,1.5535820342703792,1.5548690706885744,1.5560608013277641,1.5571641504599638,1.5581855586036584,1.5591310135392789,1.5600060796184594,1.5608159257329055,1.5615653515684793,1.5622588125002095,1.5629004429771214,1.5634940785155225,1.5640432763868706,1.5645513349656943,1.5650213118922354,1.5654560410356835,1.5658581483692702,1.5662300667826403,1.5665740499090797,1.5668921850123219,1.5671864049987867,1.5674584995976095,1.5677101257693162
1.317635270541082,1.3337157232873365,1.3489651739113377,1.3634017446690936,1.377046650919333,1.3899236672402788,1.4020586230617664,1.4134789343062508,1.424213175613764,1.4342906946854892,1.4437412695436562,1.4525948079880817,1.4608810877242118,1.4686295349951652,1.4758690390431366,1.482627799449593,1.488933203221234,1.4948117285289053,1.5002888725421428,1.5053890990719228,1.5101358044782636,1.514551299294841,1.5186568025950606,1.5224724471730857,1.526017293664124,1.5293093523021728,1.5323656103208805,1.535202063863956,1.5378337532109692,1.5402748004810043,1.5425384495535452,1.544637106427519,1.5465823798729887,1.5483851223775305,1.5500554704565275,1.5516028842237406,1.5530361859701258,1.5543635975910604,1.5555927766242548,1.556730850815629,1.557784451332998,1.5587597442954404,1.5596624608522083,1.5604979255754539,1.5612710835035037,1.5619865255085768,1.5626485123165421,1.5632609970512554,1.5638276464193757,1.5643518606177096,1.5648367919432429,1.565285362246271,1.5657002792254793,1.5660840516665866,1.5664390036549742,1.5667672878372876,1.5670708977747112,1.5673516794552809,1.5676113420029802,1.567851467646422
1.3276553106212425,1.3432211149688162,1.3579667018111328,1.371912166965497,1.3850803661328965,1.3974963989182376,1.4091871263951508,1.4201807272424183,1.4305062958985775,1.4401934833417283,1.4492721805316442,1.4577722432086004,1.4657232560534186,1.4731543337639734,1.4800939561626931,1.4865698342834273,1.4926088042772578,1.4982367460730244,1.5034785243012085,1.5083579472998785,1.5128977427991466,1.5171195478285107,1.5210439100353406,1.5246902986278335,1.528077123203462,1.5312217592540522,1.534140578507159,1.536848983072007,1.539361442306938,1.5416915316394249,1.5438519731303864,1.5458546761505498,1.5477107780547423,1.5494306848791235,1.551024111216191,1.552500119192153,1.553867156329287,1.5551330921616962,1.5563052534001904,1.5573904575845714,1.5583950453421775,1.559324910964857,1.5601855315234279,1.5609819943208625,1.5617190229929758,1.5624010019758403,1.5630319996405144,1.5636157899896768,1.5641558730290661,1.5646554938917254,1.5651176607086341,1.5655451613526383,1.5659405790662742,1.5663063070659684,1.5666445621574345,1.566957397434604,1.567246714102808,1.5675142724946447,1.5677617023119927,1.5679905121584468
1.3376753507014025,1.3527160475684166,1.3669489919931177,1.3803961012940307,1.3930817194928964,1.4050321225020788,1.4162750601584955,1.426839338734956,1.4367544463191073,1.4460502208279482,1.454756560016877,1.462903171672654,1.4705193616019532,1.4776338567545388,1.4842746604427615,1.4904689365513262,1.496242919587946,1.5016218475691625,1.506629915334472,1.5112902442452152,1.5156248670005934,1.519654725221475,1.5233996771622313,1.526878513903638,1.5301089824244016,1.5331078144354848,1.5358907592893782,1.5384726200313004,1.5408672916165795,1.5430878005926814,1.5451463460849622,1.5470543405980894,1.5488224505473613,1.5504606365647662,1.5519781928176781,1.5533837852901997,1.5546854888424222,1.5558908229420862,1.55700678589584,1.558039887537553,1.5589961804910106,1.5598812897607195,1.5607004408553933,1.5614584862797343,1.562159930676505,1.5628089543805137,1.563409435659193,1.563964971554873,1.5644788974383659,1.5649543053478863,1.5653940611190513,1.5658008204201233,1.5661770437136349,1.5665250102282617,1.5668468309795651,1.5671444609092573,1.5674197101817333,1.567674254706987,1.5679096459193527,1.568127319877423
1.347695390781563,1.3622005662845862,1.3759121585091059,1.3888537444469544,1.401050996728899,1.4125312129870105,1.4233228846302177,1.4334553073533003,1.4429582347955996,1.4518615743727243,1.4601951240477538,1.4679883478079188,1.4752701871423701,1.4820689057029595,1.4884119640124527,1.49432592110353,1.4998363599857938,1.504967834020847,1.5097438318995249,1.5141867573437007,1.5183179223963146,1.522157552068882,1.5257247978850175,1.5290377588117106,1.5321135081114314,1.5349681250917953,1.5376167302150798,1.5400735227298534,1.5423518199522106,1.5444640975609767,1.5464220307885144,1.5482365351599874,1.5499178067207733,1.5514753618137096,1.552918075724346,1.5542542201669323,1.5554914994570306,1.5566370852892075,1.557697649976451,1.5586793981261995,1.5595880968682674,1.5604291044272347,1.5612073972297307,1.561927595414044,1.562593986998468,1.563210550509492,1.56378097631974,1.5643086866297313,1.5647968541995527,1.5652484199005505,1.5656661091037305,1.5660524470070094,1.5664097729318576,1.566740253665046,1.5670458958873912,1.5673285577563871,1.5675899596795473,1.5678316943478514,1.5680552360550077,1.5682619493685455
1.3577154308617234,1.3716747179698192,1.3848563178031092,1.3972852955089878,1.4089884850563623,1.4199940454958864,1.4303310584652476,1.4400291680483484,1.4491182635219537,1.4576282033671641,1.4655885788074952,1.4730285142975257,1.47997650201686,1.4864602674508915,1.4925066628781747,1.498141585677941,1.5033899184341362,1.5082754880263105,1.5128210415167727,1.5170482351471173,1.520977635433783,1.5246287302610024,1.5280199476925114,1.5311686811305867,1.534091319489174,1.5368032814493953,1.5393190524067437,1.5416522233637868,1.5438155309947845,1.5458208983106838,1.5476794758440868,1.5494016821440906,1.5509972435433625,1.5524752332732017,1.553844109321979,1.5551117510298231,1.5562854942940312,1.5573721653255523,1.5583781128406344,1.5593092386782355,1.5601710269559712,1.5609685715933064,1.5617066023786341,1.562389509476998,1.5630213666104695,1.5636059527489081,1.5641467725373641,1.5646470754116597,1.5651098735044813,1.5655379584082483,1.5659339168211823,1.5663001451674492,1.5666388632301596,1.5669521268652955,1.5672418398411607,1.5675097648674503,1.5677575338488658,1.5679866574325672,1.5681985338717217,1.5683944572714288
1.3677354709418834,1.381138551115966,1.3937815886672347,1.4056909557840698,1.4168944730841793,1.4274209951826096,1.437300038611059,1.4465614520971146,1.4552351289526604,1.463350759404626,1.470937620713685,1.4780244022431102,1.4846390623644878,1.4908087142351176,1.49655953727166,1.5019167113012633,1.506904370475053,1.511545574266241,1.5158622934898882,1.5198754078693353,1.5236047142591107,1.527068943560526,1.5302857842369206,1.5332719111913033,1.5360430188042407,1.5386138572903036,1.5409982711255639,1.5432092388875196,1.5452589138282002,1.547158664670948,1.5489191165840417,1.5505501912536752,1.5520611460386613,1.5534606122940724,1.5547566323331476,1.5559566950379948,1.5570677700201276,1.558096340291039,1.5590484333523476,1.559929650710151,1.5607451959234344,1.5614999010486674,1.5621982516438602,1.5628444102556736,1.5634422385984208,1.5639953182964417,1.5645069703936452,1.564980273597695,1.5654180813572294,1.5658230378345894,1.5661975928090697,1.5665440155909804,1.5668644079924858,1.5671607164160888,1.5674347431075448,1.5676881566344676,1.5679225016236797,1.5681392078261371,1.5683395985285018,1.5685248983775157
1.3777555110220439,1.390592115839484,1.4026880921980822,1.4140709287236846,1.424769250725094,1.4348124371396396,1.44423028022869,1.4530526870527345,1.4613094217948566,1.469029886324707,1.4762429365206828,1.4829767313288833,1.489258611347262,1.4951150039735357,1.500571351991917,1.5056520626815784,1.5103804746663165,1.514778839978342,1.5188683194110566,1.5226689879154025,1.5261998492634437,1.5294788581601517,1.532522947897051,1.5353480624412197,1.5379691918852691,1.5404004105046103,1.5426549163131278,1.5447450715420024,1.5466824434519397,1.5484778450290355,1.5501413755468396,1.5516824600447492,1.5531098877225813,1.5544318493475802,1.55565597321359,1.5567893596782532,1.5578386142037741,1.558809878879328,1.559708862358078,1.5605408682258601,1.5613108219080523,1.562023296007521,1.5626825342239565,1.5632924738025966,1.5638567666992271,1.5643787993638822,1.564861711325727,1.5653084125610666,1.5657215997387492,1.566103771401709,1.5664572421271155,1.566784155735548,1.5670864976012604,1.5673661061176798,1.5676246833665888,1.5678638050493858,1.5680849297116335,1.5682894073289093,1.5684784872701067,1.568653325703845
1.3877755511022043,1.4000354638666466,1.4115759517536646,1.422425419856771,1.4326131091089602,1.4421687463095025,1.451122236618581,1.459503396699601,1.4673417270052227,1.4746662202612093,1.481505203424626,1.4878862099864756,1.4938358793748419,1.499379880547469,1.5045428567410943,1.509348388592441,1.5138189730075746,1.5179760154190185,1.521839833651443,1.5254296703942027,1.5287637136115217,1.5318591232212042,1.5347320623216552,1.5373977319873418,1.5398704086820636,1.5421634836218416,1.5442895031119865,1.5462602093619937,1.548086581273032,1.5497788748054164,1.551346662934063,1.5527988743641823,1.5541438310221256,1.5553892844244364,1.5565424505315038,1.5576100431247857,1.5585983056555741,1.5595130415593321,1.560359642989984,1.5611431180020612,1.5618681162835362,1.5625389533603404,1.5631596334103448,1.5637338706568347,1.5642651095076363,1.5647565433704673,1.565211132306871,1.5656316195196776,1.566020546763972,1.5663802687366581,1.56671296649343,1.5670206599543846,1.5673052195554142,1.5675683770932394,1.5678117358137038,1.5680367797988293,1.5682448826820152,1.5684373157582585,1.5686152555028507,1.568779790563378
1.3977955911823647,1.4094686485187065,1.4204452929108584,1.4307546367212038,1.4404263404988027,1.4494902974002237,1.4579763591510972,1.4659141010134273,1.473332623791493,1.4802603896938318,1.4867250891707686,1.4927535355603245,1.498371584327716,1.5036040740801893,1.508474786454247,1.5130064222486015,1.5172205913559826,1.5211378143124952,1.5247775338372953,1.5281581336151844,1.5312969637530005,1.5342103713939508,1.5369137349536686,1.5394215011199588,1.5417472237846792,1.5439036043221128,1.545902532366019,1.547755126663292,1.5494717755782754,1.5510621769095116,1.5525353770486032,1.5538998087695777,1.5551633276764711,1.5563332474168732,1.5574163733305846,1.5584190345833273,1.5593471147538738,1.5602060808826606,1.5610010109556967,1.561736619860979,1.5624172839162311,1.5630470639144285,1.5636297268128199,1.5641687660551529,1.5646674206737576,1.5651286931274722,1.5655553660188164,1.5659500176969186,1.5663150368317398,1.5666526360111013,1.5669648644145915,1.5672536196170697,1.5675206585829895,1.5677676078935439,1.5679959732569548,1.5682071483544728,1.568402423049677,1.5685829910264866,1.5687499568668937,1.5689043426320626
1.4078156312625247,1.4188917246970403,1.4292962434234069,1.4390587887968542,1.448209238209647,1.456777464804579,1.4647930972015626,1.4722853161260203,1.4792826856183054,1.4858130155032994,1.491903252162885,1.4975793944733795,1.5028664317786757,1.5077883012115718,1.5123678616230127,1.516626881673449,1.5205860398314952,1.5242649342876986,1.5276821013121131,1.5308550395696892,1.5338002399171422,1.5365332193203054,1.5390685575360845,1.5414199358173908,1.5436001769233003,1.5456212859279288,1.5474944911014783,1.5492302845108272,1.5508384619876148,1.5523281621770029,1.5537079047148965,1.5549856269317455,1.5561687191212636,1.5572640584845776,1.5582780414776045,1.5592166146205628,1.5600853037562974,1.5608892417777032,1.561633194815459,1.5623215869311289,1.5629585234101198,1.5635478126238183,1.564092986575022,1.5645973201337349,1.5650638490917237,1.5654953870144985,1.5658945410163696,1.5662637264752146,1.5666051807679473,1.5669209760746723,1.5672130313098098,1.5674831232250714,1.5677328967486042,1.567963874596881,1.5681774662098982,1.568374976059277,1.5685576113551063,1.5687264892151485,1.5688826433052105,1.5690270300128157
1.4178356713426852,1.4283047488682594,1.438128933180472,1.447338087440214,1.4559620965300644,1.4640306225230721,1.4715728980896643,1.478617554294569,1.4851924802171754,1.4913247110297003,1.497040341574511,1.5023644623929209,1.5073211152124442,1.5119332653688045,1.5162227886132074,1.5202104700582946,1.523916013212016,1.5273580573031884,1.5305542015852633,1.5335210343973467,1.5362741665914297,1.53882826811954,1.5411971066001449,1.5433935872325764,1.5454297934496748,1.5473170278774449,1.5490658529895471,1.5506861311684446,1.5521870638895165,1.5535772297895334,1.5548646216820334,1.556056682020595,1.557160336856923,1.5581820284052559,1.559127745995279,1.560003055479479,1.5608131270979033,1.5615627618310073,1.5622564162472203,1.5628982258966881,1.5634920273410766,1.5640413788090435,1.5645495795803734,1.5650196881209557,1.5654545390799606,1.5658567591478987,1.5662287818846277,1.5665728615426822,1.5668910859622502,1.5671853885823215,1.5674575596294853,1.5677092565220625,1.567942013556046,1.56815725090442,1.568356282980197,1.5685403262097963,1.56871050624085,1.5688678646459855,1.569013365129408,1.5691478992965753
1.4278557114228456,1.4377077790493031,1.4469434941657513,1.4555927458205815,1.4636852106463967,1.4712501440905483,1.4783162070230758,1.4849113238752478,1.4910625696003572,1.4967960821337836,1.5021369974617935,1.5071094043963065,1.5117363162433253,1.5160396570330903,1.5200402599763665,1.5237578761136,1.527211191318623,1.5304178500604575,1.5333944847674528,1.5361567488380319,1.5387193529846694,1.541096103857638,1.543299943936542,1.5453429921622364,1.5472365848008771,1.5489913161799693,1.5506170787912017,1.5521231025311955,1.553517992859148,1.5548097676776114,1.5560058930105372,1.5571133170752198,1.5581385028017103,1.5590874589105728,1.5599657693811284,1.560778621381358,1.5615308316766272,1.562226871556588,1.5628708903003041,1.5634667372360647,1.5640179824809264,1.564527936367301,1.5649996676489821,1.5654360205216615,1.5658396305534876,1.56621293954173,1.566558209389212,1.5668775350332513,1.5671728564986627,1.5674459701159633,1.5676985389684517,1.567932102599282,1.5681480860462538,1.5683478082312834,1.5685324897542405,1.5687032601347708,1.568861164524478,1.5690071699486476,1.5691421710825637,1.5692669956205887
1.437875751503006,1.447100874792533,1.4557400604171766,1.4638229788578085,1.4713788765696234,1.4784364025063534,1.4850234670451647,1.4911671293009592,1.496893510078379,1.5022277272609939,1.507193850877741,1.511814875136473,1.5161127048307563,1.5201081540023034,1.5238209547552672,1.5272697744122825,1.5304722393910848,1.5334449644058974,1.5362035859934364,1.5387627986698407,1.5411363934751128,1.5433372980008775,1.5453776170502649,1.5472686734992949,1.549021048946116,1.5506446238544551,1.5521486167851446,1.5535416225408942,1.5548316490601342,1.5560261529074768,1.5571320734435592,1.558155865358913,1.5591035296302833,1.5599806430081529,1.5607923859130102,1.5615435688150492,1.562238657126621,1.5628817946537468,1.5634768256381881,1.5640273154501791,1.5645365700117975,1.5650076539734756,1.5654434077259478,1.5658464632933793,1.5662192591886483,1.5665640542616193,1.5668829406198683,1.5671778556605835,1.5674505932803608,1.5677028143007117,1.5679360561741698,1.5681517419961906,1.568351188890913,1.568535615793544,1.5687061506779678,1.5688638372701869,1.5690096412682737,1.5691444561253676,1.5692691083992287,1.5693843627240698
1.447895791583166,1.4564840971708068,1.464518767987191,1.4720290031615906,1.4790433910648138,1.485589770167939,1.4916951189866265,1.4973854710630106,1.5026858522810402,1.507620237508029,1.5122115239876683,1.516481519007021,1.5204509394926489,1.5241394216495432,1.5275655387834655,1.5307468257252135,1.5336998084538667,1.5364400377217216,1.5389821258323397,1.541339785133534,1.54352586804411,1.545552407854214,1.547430659599714,1.5491711406692104,1.5507836708172624,1.5522774113516753,1.5536609031795192,1.554942103585666,1.5561284216305982,1.557226752052635,1.5582435077631938,1.5591846506997982,1.5600557210983976,1.5608618652902986,1.5616078619419438,1.5622981468141293,1.5629368360800722,1.5635277482539638,1.5640744247709448,1.5645801492809712,1.5650479657312553,1.56548069527248,1.5658809520615056,1.5662511580148635,1.5665935565806541,1.5669102255718956,1.5672030891277637,1.5674739288460986,1.5677243941489871,1.567956011915985,1.568170195450137,1.5683682527966676,1.568551394481901,1.5687207406913515,1.5688773279340942,1.569022115230996,1.5691559898458067,1.5692797726127472,1.5693942228627507,1.5695000430013648
1.4579158316633265,1.4658575087625725,1.4732797549036194,1.4802110369723025,1.486679051583139,1.492710618807841,1.498331601420933,1.5035668456965827,1.5084401411816835,1.5129741966917267,1.5171906301856684,1.5211099703067503,1.5247516675164368,1.528134113177582,1.5312746649789062,1.534189677349048,1.5368945356728554,1.539403693306147,1.5417307106859643,1.543888295343892,1.5458883426957988,1.5477419769850265,1.549459591820684,1.551050890050867,1.552524922723782,1.5538901269607854,1.5551543625081115,1.5563249468841938,1.5574086890542118,1.5584119215507748,1.5593405311326076,1.5601999878177573,1.5609953723544248,1.5617314022300612,1.5624124561728516,1.5630425972225397,1.5636255944180735,1.5641649431573998,1.5646638842778446,1.565125421920619,1.565552340248679,1.5659472190633532,1.5663124483834188,1.5666502420473618,1.5669626503943033,1.5672515720763278,1.5675187650568032,1.5677658568414115,1.5679943539987293,1.5682056510017355,1.5684010384547526,1.5685817107209736,1.5687487730167868,1.5689032479883904,1.5690460818159246,1.569178149879656,1.5693002620055645,1.5694131673408047,1.5695175588600547,1.5696140775527605
1.467935871743487,1.4752211736369552,1.482023161131137,1.4883693001033598,1.494286156196383,1.499799319433923,1.5049333506234355,1.5097117457697855,1.5141569161245294,1.518290181420066,1.5221317742119067,1.5257008534034873,1.5290155251677293,1.5320928698691596,1.5349489736316475,1.537598963426503,1.5400570447029909,1.5423365407431073,1.5444499331754276,1.546408902688397,1.5482243698633091,1.5499065356327466,1.5514649209357838,1.5529084053826103,1.5542452647526774,1.5554832072008928,1.5566294080116794,1.5576905428553072,1.558672819516883,1.5595820080466931,1.560423469424602,1.5612021826382585,1.5619227702382694,1.562589522465238,1.5632064199337563,1.5637771549492303,1.5643051515110364,1.56479358405949,1.5652453950205854,1.5656633112119032,1.56604985917329,1.5664073794755011,1.5667380400619892,1.5670438486889549,1.5673266645082065,1.567588208852786,1.5678300752692613,1.5680537388454558,1.568260564885441,1.5684518169600505,1.568628664395864,1.5687921892136885,1.5689433925805847,1.5690832007878506,1.5692124707979194,1.569331995391657,1.5694425079317715,1.5695446867894116,1.5696391594339965,1.5697265062330394
1.477955911823647,1.4845751573388717,1.4907491285333478,1.4965040138851067,1.5018650035339243,1.506856242272816,1.5115008005340143,1.5158206598761632,1.519836710854917,1.5235687611651283,1.527035552270611,1.5302547828971007,1.5332431378965095,1.536016321333136,1.5385890926857702,1.540975305259238,1.5431879460270375,1.5452391762617927,1.5471403725164976,1.5489021672136583,1.550534488801947,1.5520466011048875,1.5534471415498456,1.554744158154024,1.5559451451540582,1.5570570771982704,1.5580864420050478,1.5590392714735564,1.5599211712497236,1.5607373487218617,1.5614926395372324,1.5621915325936968,1.562838193568283,1.563436487070866,1.5639899974339995,1.564502048212342,1.564975720449174,1.565413869768121,1.5658191423476147,1.5661939898401624,1.5665406832942543,1.5668613261374766,1.5671578662680574,1.567432107322316,1.567685719152843,1.567920247582124,1.5681371234660078,1.568337671116555,1.5685231161310456,1.5686945926523552,1.5688531501212157,1.568999759527832,1.5691353192239539,1.5692606603050918,1.5693765516031912,1.5694837043181904,1.5695827763025616,1.569674376042272,1.5697590663334378,1.5698373676979174
1.4879759519038074,1.4939195268741572,1.4994578008354698,1.504615401110208,1.5094158927221268,1.5138817567164515,1.5180343827231308,1.5218940726304708,1.5254800535522477,1.528810498337818,1.531902552148566,1.5347723637815671,1.5374351205408017,1.5399050857464844,1.542195638015525,1.544319311613449,1.5462878372856765,1.5481121830862792,1.5498025948839482,1.551368635999974,1.552819225969803,1.5541626781599613,1.5554067360318462,1.5565586079839921,1.5576250007129075,1.5586121510497952,1.5595258562305616,1.5603715026113643,1.5611540928588943,1.561878271611226,1.5625483496970594,1.5631683269128034,1.5637419134167136,1.5642725498207424,1.564763426011979,1.5652174987734133,1.5656375082635057,1.5660259934118272,1.56638530628996,1.5667176255172335,1.5670249687532343,1.5673092043386585,1.5675720621243276,1.5678151435562115,1.5680399310427524,1.5682477966715713,1.5684400103016012,1.5686177470796998,1.5687820944234605,1.568934058492435,1.5690745702050002,1.569204490805353,1.5693246170380153,1.5694356859371585,1.5695383792680673,1.5696333276460936,1.5697211143456116,1.5698022788385415,1.5698773200611271,1.569946699448448
1.4979959919839678,1.5032543506947267,1.5081493235876446,1.5127036859805483,1.5169391233261187,1.520876231271623,1.5245345263611771,1.527932464667594,1.531087466865497,1.5340159483642035,1.5367333533340064,1.539254191606002,1.5415920775277643,1.5437597700921386,1.5457692136958023,1.5476315790183393,1.549357303599152,1.5509561317755303,1.5524371537652824,1.553808843524425,1.5550790953962341,1.5562552593777714,1.55734417488386,1.5583522029855905,1.5592852571076052,1.560148832173182,1.560948032198472,1.5616875963683332,1.562371923642892,1.5630050959077928,1.5635908997505836,1.5641328468986673,1.5646341933742194,1.565097957438473,1.5655269363728916,1.565923722162075,1.566290716137829,1.5666301426394316,1.5669440617489694,1.567234381157758,1.5675028672097475,1.567751155184164,1.567980758850343,1.5681930793610381,1.56838941350314,1.5685709613729004,1.5687388334944925,1.5688940574292563,1.5690375839122623,1.5691702925354867,1.5692929970307068,1.569406450154172,1.5695113482259606,1.5696083353293107,1.569698007203879,1.569780914855215,1.569857567891385,1.5699284376222296,1.5699939599195227,1.5700545378735142
1.5080160320641278,1.5125796986837594,1.5168238441288642,1.5207690940556078,1.5244349952938883,1.5278400335124709,1.5310016581909816,1.5339363126444339,1.5366594679511019,1.5391856597633045,1.541528527135742,1.5437008526345404,1.545714603072145,1.547580970392693,1.5493104122669814,1.5509126920575862,1.552396917880651,1.5537715805540293,1.555044590304133,1.5562233120128608,1.557314599038617,1.558324825517515,1.5592599170975134,1.560125380118307,1.560926329255723,1.5616675136445437,1.562353341514792,1.5629879033882421,1.5635749938978145,1.5641181322555355,1.5646205814443792,1.5650853661958686,1.5655152898039304,1.5659129498385214,1.5662807528169442,1.5666209278916718,1.5669355396120879,1.567226499811536,1.5674955786763514,1.5677444150482236,1.5679745259996847,1.568187315743326,1.5683840839014116,1.5685660331986913,1.5687342765911698,1.5688898438956171,1.5690336879325804,1.5691666902273318,1.5692896663002938,1.569403370563383,1.5695085008704426,1.569605702721933,1.5696955731715998,1.5697786644387082,1.5698554872561046,1.569926513973319,1.5699921814240851,1.5700528935894713,1.5701090240546396,1.5701609182904883
1.5180360721442883,1.5218956421409338,1.525481511551535,1.528811852202326,1.5319038089026815,1.534773530035831,1.5374362025033763,1.5399060892446435,1.5421965685130976,1.5443201742261883,1.546288636802415,1.54811292400499,1.549803281372069,1.551369271939979,1.5528198149942412,1.5541632236539467,1.555407241141625,1.5565590756332954,1.557625433633656,1.5586125517811478,1.55952622712779,1.5603718458641531,1.5611544104984219,1.561878565528087,1.5625486216476088,1.5631685785237988,1.5637421461971506,1.5642727651642658,1.5647636252111314,1.5652176830311388,1.565637678694436,1.5660261510472206,1.5663854520855391,1.5667177603577263,1.5670250934584662,1.5673093196662384,1.5675721687775293,1.567815242184243,1.5680400222468716,1.5682478810090812,1.568440088287305,1.568617819192042,1.5687821611017838,1.5689341201470433,1.5690746272122085,1.5692045435154303,1.569324665774351,1.5694357309980178,1.569538420931427,1.5696333661663544,1.5697211499609136,1.5698023117666524,1.5698773505050176,1.569946727595402,1.570010869761007,1.5700701716286627,1.5701249981304466,1.570175686733793,1.5702225494980324,1.57026587498416
1.5280561122244487,1.5312022537676881,1.5341224766666586,1.5368321885464071,1.5393458647076264,1.5416770864193443,1.5438385811156894,1.5458422631860576,1.5476992748453413,1.5494200266962337,1.5510142376417577,1.5524909738861725,1.5538586868021216,1.5551252495205354,1.556297992121419,1.55738373534715,1.5583888227892635,1.5593191515245548,1.5601802012002304,1.5609770615660343,1.5617144585025726,1.562396778563465,1.563028092079054,1.5636121748756717,1.564152528668236,1.5646524001684177,1.5651147989791343,1.5655425143329025,1.5659381307444427,1.5663040426150532,1.566642467845175,1.566955460540573,1.5672449228498624,1.5675126159777026,1.5677601704363398,1.5679890955792144,1.5682007884640299,1.56839654208546,1.5685775530240456,1.5687449285502546,1.5688996932110144,1.5690427949492727,1.5691751107723322,1.5692974520192615,1.5694105692312381,1.5695151566781995,1.5696118565457915,1.5697012628176854,1.5697839248746401,1.569860350821233,1.5699310105762019,1.5699963387243763,1.5700567371654477,1.5701125775607414,1.5701642035998689,1.5702119331003417,1.5702560599464557,1.570296855889456,1.5703345722069932,1.570369441244008
1.5380761523046091,1.5404996076525477,1.5427468919696643,1.544830332425094,1.54676146349257,1.5485510671822718,1.550209213353078,1.551745299230705,1.5531680878756968,1.554485745450436,1.5557058771397532,1.556835561633885,1.5578813841037027,1.5588494676370022,1.5597455031194873,1.5605747775652035,1.5613422009162905,1.5620523313427954,1.5627093990777492,1.5633173288459574,1.56387976093373,1.5644000709461885,1.5648813883204513,1.5653266136536808,1.5657384349077839,1.5661193425359752,1.5664716436035937,1.5667974749570857,1.5670988155056913,1.5673774976523247,1.5676352179185868,1.5678735468461142,1.5680939382042922,1.5682977375385447,1.5684861901161384,1.5686604483042819,1.5688215784199528,1.56897056708414,1.5691083271191595,1.5692357030203636,1.5693534760232244,1.5694623688079845,1.5695630498530209,1.5696561374782487,1.5697422035796995,1.5698217770996103,1.5698953472333095,1.5699633664015504,1.5700262530046163,1.5700843939664522,1.5701381470975218,1.570187843274029,1.5702337884615325,1.5702762655833449,1.5703155362509644,1.5703518423665295,1.5703854076021113,1.5704164387729773,1.5704451271030608,1.5704716493999065
1.5480961923847696,1.5497877792564925,1.5513549116068717,1.5528065143413612,1.5541509062230672,1.5553958357489202,1.556548516032571,1.5576156581972556,1.5586035032120351,1.5595178521816235,1.5603640950795916,1.5611472379454099,1.5618719285726264,1.562542480725459,1.5631628969297402,1.5637368898892618,1.5642679025833015,1.5647591271024626,1.5652135222728,1.565633830152139,1.56602259143776,1.5663821598416472,1.5667147155032228,1.5670222774928635,1.5673067154613884,1.567569760475959,1.5678130151053609,1.5680379627989278,1.568245976611284,1.5684383273036375,1.5686161908539276,1.568780655444594,1.5689327279495497,1.569073339944213,1.5692033532843446,1.5693235652786761,1.5694347134848674,1.5695374801527715,1.5696324963439163,1.569720345749938,1.5698015682245565,1.569876663060773,1.5699460920203816,1.5700102821463997,1.5700696283579523,1.570124495860748,1.5701752223728234,1.5702221201866655,1.5702654780790057,1.570305563073939,1.5703426220800791,1.570376883399567,1.5704085581290734,1.570437841452742,1.5704649138393627,1.5704899421507033,1.5705130806643186,1.5705344720229206,1.5705542481089199,1.5705725308563356
1.55811623246493,1.5590668453983898,1.5599466913425966,1.5607609659195305,1.561514494001478,1.5622117544146101,1.5628569034497357,1.5634537969757976,1.5640060111899354,1.5645168620814722,1.5649894236603294,1.5654265450125182,1.565830866243955,1.5662048333687513,1.5665507122017719,1.5668706013121858,1.5671664440938067,1.5674400400050186,1.567693055021002,1.5679270313702665,1.568143396580834,1.5683434718812304,1.568528480008206,1.5686995524579388,1.5688577362184923,1.5690040000112706,1.56913924008382,1.5692642855825332,1.5693799035385383,1.569486803486989,1.5695856417383733,1.5696770253468595,1.5697615157881177,1.5698396323599844,1.5699118553350118,1.5699786288793223,1.570040363755473,1.5700974398234375,1.5701502083570158,1.5701989941889143,1.5702440976926697,1.570285796620437,1.5703243478002513,1.5703599887109168,1.5703929389335762,1.5704234014997829,1.5704515641352152,1.570477600411514,1.5705016708125221,1.5705239237180513,1.5705444963171797,1.570563515449564,1.5705810983863953,1.5705973535507909,1.5706123811846668,1.5706262739659531,1.5706391175780001,1.5706509912380293,1.5706619681837632,1.5706721161251673
1.5681362725450896,1.5683368842404846,1.5685223885268988,1.5686939198622902,1.5688525280241397,1.568999184314113,1.569134787367858,1.5692601685448198,1.5693760969219608,1.5694832839242094,1.5695823876151722,1.5696740166729162,1.5697587340740569,1.569837060505837,1.5699094775263365,1.5699764304909418,1.5700383312621886,1.5700955607186133,1.5701484710747866,1.570197388033089,1.57024261277325,1.5702844237921008,1.5703230786071862,1.5703588153334231,1.5703918541421968,1.5704223986098182,1.5704506369657323,1.5704767432472806,1.570500878368864,1.5705231911103907,1.5705438190290257,1.5705628893050787,1.5705805195247167,1.570596818402302,1.570611886449191,1.570625816592099,1.5706386947450095,1.5706506003377225,1.570661606804924,1.5706717820386598,1.570681188805937,1.5706898851357163,1.570697924675975,1.5707053570248761,1.5707122280356955,1.5707185800999353,1.5707244524083115,1.5707298811923647,1.5707348999480144,1.5707395396416992,1.570743828901713,1.5707477941943597,1.5707514599874388,1.570754848900988,1.570757981846791,1.5707608781574651,1.5707635557055113,1.5707660310137854,1.5707683193571953,1.5707704348570952
1.57815631262525,1.5775979752739648,1.5770821620639817,1.5766056099091073,1.5761653095405637,1.5757584853924829,1.5753825770095415,1.5750352219902877,1.5747142403483974,1.5744176201509057,1.5741435043292942,1.5738901785600865,1.5736560601198808,1.573439687637195,1.5732397116631782,1.5730548859929678,1.5728840596747353,1.5727261696500732,1.5725802339828723,1.5724453456042056,1.5723206665547032,1.5722054226814668,1.5720988987440279,1.5720004338998126,1.5719094175390038,1.571825285446606,1.5717475162587162,1.5716756281919733,1.5716091760220632,1.571547748295976,1.571490964766634,1.571438474016017,1.5713899512591734,1.5713450963213709,1.5713036317674542,1.571265301174553,1.5712298675364682,1.5711971117907546,1.5711668314571123,1.5711388393787882,1.5711129625622284,1.5710890411024279,1.5710669271922912,1.5710464842042546,1.5710275858455234,1.571010115373911,1.5709939648755644,1.5709790345965464,1.570965232324667,1.5709524728197881,1.5709406772851418,1.5709297728808829,1.5709196922726938,1.5709103732157659,1.570901758169869,1.5708937939432714,1.5708864313644473,1.570879624977478,1.570873332761748,1.5708675158717809
1.5881763527054105,1.5868501993045845,1.5856261723812266,1.5844962707959998,1.5834531398146137,1.5824900163782076,1.5816006790506294,1.5807794025267057,1.5800209162893417,1.5793203669542484,1.57867328395712,1.5780755482514803,1.5775233637154482,1.5770132310263374,1.5765419237639147,1.576106466536642,1.575704114943943,1.575332337209442,1.5749887973616972,1.5746713397533478,1.5743779748707056,1.5741068663117637,1.5738563188065815,1.5736247672005013,1.5734107663193226,1.5732129816566889,1.5730301807957583,1.572861225510231,1.5727050644821228,1.5725607265958803,1.5724273147813936,1.572304000316703,1.5721900175720134,1.5720846591768107,1.571987271555817,1.5718972508123463,1.5718140389298658,1.5717371202696402,1.5716660183360085,1.5716002927889938,1.5715395366930043,1.5714833739702077,1.5714314570550962,1.571383464721088,1.5713391000832868,1.571298088744947,1.5712601770915682,1.5712251307127687,1.5711927329434447,1.5711627835200956,1.5711350973341014,1.5711095032852518,1.5710858432180608,1.5710639709418677,1.571043751324375,1.5710250594533361,1.5710077798639035,1.5709918058218302,1.5709770386640625,1.570963387186759
1.598196392785571,1.5960936384383768,1.594154581398886,1.5923661382166792,1.590716320087634,1.5891941347586234,1.5877894976163653,1.5864931515200642,1.5852965944980433,1.58419201436372,1.5831722295390107,1.5822306354150348,1.5813611556455678,1.5805581978974768,1.5798166135900764,1.5791316612259974,1.5784989729562597,1.577914524067281,1.5773746051590525,1.5768757966234266,1.5764149453404477,1.5759891433670632,1.5755957083897,1.5752321657997708,1.5748962322490956,1.5745858005793563,1.5742989259711113,1.574033813217476,1.5737888050148436,1.5735623712002287,1.5733530988911457,1.5731596833728094,1.5729809197030844,1.5728156950066676,1.5726629813653417,1.5725218292697138,1.5723913615838512,1.572270767986546,1.5721592998418974,1.5720562654661345,1.5719610257729473,1.5718729902450548,1.5717916132272736,1.5717163904929492,1.5716468560917063,1.5715825794246423,1.5715231625545751,1.571468237718642,1.5714174650299293,1.5713705303617163,1.5713271433847362,1.5712870357632682,1.571249959481756,1.5712156853039,1.5711840013475507,1.5711547117670723,1.57112763553928,1.571102605337281,1.5710794664948193,1.5710580760451822
1.6082164328657313,1.6053283760674448,1.6026675525004237,1.600215448785031,1.597955151543475,1.5958711967575123,1.5939494342796967,1.5921769065125728,1.5905417397153976,1.5890330463310869,1.5876408371172845,1.586355941953976,1.5851699383167766,1.5840750866293918,1.583064271726382,1.582130949779804,1.5812691001134396,1.5804731814049395,1.5797380919101676,1.5790591330896186,1.5784319765163992,1.577852633711025,1.5773174285496925,1.5768229720321991,1.5763661391928878,1.5759440479938855,1.575554039967929,1.5751936624698593,1.5748606523776494,1.5745529211375697,1.5742685410923067,1.5740057328600612,1.5737628537235164,1.5735383869900736,1.5733309321857079,1.5731391960341956,1.5729619841518925,1.57279819340666,1.572646804872996,1.572506877336766,1.5723775413253163,1.572257993587867,1.5721474920207645,1.5720453509689072,1.5719509369161861,1.5718636644877106,1.5717829927761324,1.5717084219455146,1.5716394900946493,1.571575770371172,1.5715168682948604,1.5714624192988844,1.5714120864493293,1.571365558346135,1.5713225471822065,1.5712827869493435,1.5712460317856771,1.5712120544429562,1.5711806448774563,1.5711516089424424
1.6182364729458918,1.6145544968558228,1.6111652505034935,1.6080444399989091,1.6051699352753754,1.6025215573148173,1.600080888061633,1.597831101249076,1.5957568117254926,1.5938439408161136,1.5920795958515084,1.5904519621498816,1.588950205925518,1.587564386945538,1.5862853797893393,1.585104802755149,1.5840149535676742,1.5830087511579927,1.5820796829864596,1.58122175701074,1.580429458135921,1.5796977086366797,1.5790218320505176,1.578397520243793,1.5778208033487593,1.5772880223471972,1.5767958039779586,1.5763410377754463,1.575920855021887,1.5755326094680586,1.575173859743827,1.574842353138962,1.574536010701299,1.5742529136038261,1.573991290592999,1.5737495064558873,1.5735260514132794,1.573319531371258,1.5731286589409137,1.5729522451653435,1.5727891919232302,1.572638484909154,1.5724991871850562,1.5723704332121284,1.572251423381863,1.5721414189437994,1.5720397373479844,1.5719457479407541,1.5718588679910315,1.5717785590363058,1.5717043234940533,1.5716357015507512,1.5715722682768989,1.5715136309726478,1.571459426713975,1.5714093200850312,1.5713630010899615,1.5713201832164023,1.571280601655734,1.571244011651722
1.6282565130260522,1.6237720867254428,1.6196478416315787,1.6158533502052512,1.6123609722546743,1.6091455700684218,1.6061842554335897,1.603456165705075,1.6009422654121328,1.5986251698724463,1.5964889881330324,1.5945191828039957,1.5927024446235785,1.5910265801004724,1.5894804106312796,1.5880536817656623,1.586736981450681,1.58552166625306,1.5843997948372086,1.5833640674731821,1.5824077713651852,1.5815247311083573,1.5807092636020432,1.579956137025182,1.5792605334752545,1.578618014973734,1.5780244924136202,1.5774761971979872,1.5769696552879395,1.576501663469702,1.5760692677444743,1.5756697434231273,1.5753005768607498,1.5749594487731493,1.574644218891968,1.5743529118814608,1.5740837043991804,1.5738349132161018,1.573604984281714,1.5733924826582717,1.573196083287051,1.573014562460088,1.572846789992238,1.5726917219792673,1.5725483941676515,1.5724159158065036,1.5722934640063542,1.5721802785275871,1.5720756569710743,1.5719789503580541,1.571889559031785,1.5718069288969307,1.5717305479326769,1.5716599429858733,1.571594676807095,1.5715343453122368,1.571478575061563,1.5714270209221501,1.5713793639202185,1.5713353092485403
1.6382765531062127,1.6329812328421816,1.6281154934862727,1.6236424185664788,1.6195285633012946,1.6157435873379193,1.612259930321623,1.6090525261162525,1.6060985508162384,1.6033771997335684,1.6008694896986837,1.598558083376749,1.5964271326807817,1.5944621390626164,1.5926498285398885,1.590978039694482,1.589435623096883,1.5880123508381712,1.586698835224334,1.58548645502762,1.5843672890356248,1.5833340559959974,1.582380060090619,1.581499141437129,1.580685631110773,1.5799343103078431,1.5792403731127471,1.5785993925535426,1.5780072895934185,1.5774603048179305,1.5769549727037104,1.5764880979414784,1.5760567337361258,1.575658162016878,1.5752898752530031,1.574949559783157,1.574635080513941,1.5743444668853472,1.5740758999627453,1.573827700563989,1.5735983183780398,1.5733863219200646,1.5731903893187866,1.5730092997967948,1.5728419258774267,1.5726872261597016,1.5725442386937258,1.572412074862607,1.5722899137388484,1.572176996900194,1.5720726236236497,1.5719761464778514,1.571886967236862,1.57180453312364,1.571728333338783,1.5716578958541694,1.5715927844620505,1.5715325960391366,1.5714769580337031,1.5714255261343182
1.6482965931863722,1.642182023602001,1.6365683750202045,1.6314118850281711,1.6266730090559725,1.6223159601103134,1.6183083041124864,1.6146206050094298,1.6112261131940615,1.6081004908987904,1.6052215697436147,1.6025691361255077,1.6001247406449841,1.5978715286934468,1.5957940894333535,1.5938783209021221,1.5921113092608687,1.5904812205068979,1.5889772034505298,1.5875893019187624,1.5863083758732146,1.5851260303021537,1.5840345508022877,1.5830268452286875,1.582096390785655,1.581237186088986,1.5804437075363136,1.5797108696002875,1.5790339886147486,1.5784087497587953,1.57783117710644,1.5772976060945767,1.5768046583196387,1.5763492185873176,1.5759284138440397,1.5755395938829984,1.575180313651871,1.5748483170411935,1.5745415219854613,1.574258006769266,1.57399599748846,1.5737538564809244,1.5735300717242229,1.5733232470344005,1.57313209310847,1.5729554192213377,1.5727921256182413,1.5726411964910563,1.5725016935019225,1.57237274983716,1.5722535646958096,1.572143398237593,1.572041566899979,1.571947439094761,1.571860431232262,1.5717800040497905,1.571705659233557,1.571636936287063,1.5715734096556444,1.571514686059024
1.6583166332665327,1.6513745486171978,1.6450066565106174,1.639161990287999,1.6337946099541893,1.6288630380275992,1.624329765661437,1.6201608212348715,1.616325393076129,1.6127954982191954,1.6095456910332437,1.6065528062405137,1.603795731499376,1.6012552059231453,1.5989136410512015,1.5967549614293384,1.594764462329265,1.5929286825164066,1.5912352905809317,1.589672982308346,1.5882313887207837,1.5869009933819131,1.585673057638859,1.5845395530482376,1.5834931002272148,1.582526913560015,1.5816347509593822,1.580810868221721,1.5800499774623753,1.5793472092760241,1.5786980784718663,1.5780984526053108,1.5775445232040857,1.5770327796049806,1.5765599849576097,1.576123154272391,1.5757195343096664,1.575346585169417,1.575001963384363,1.57468350639187,1.5743892183282668,1.5741172569279753,1.5738659215267725,1.573633641975587,1.5734189685172917,1.573220562404753,1.5730371873108149,1.5728677013999808,1.5727110500208066,1.5725662590000111,1.5724324284277085,1.5723087269635694,1.5721943865597274,1.5720886976132409,1.5719910044885033,1.5719007013832598,1.5718172285260876,1.5717400686517184,1.5716687437656367,1.571602812142933
1.668336673346693,1.6605588987027358,1.6534305095335806,1.6468929757658928,1.6408936662017615,1.6353851693761474,1.6303247013017057,1.6256735899998525,1.6213968263268372,1.6174626709834803,1.6138423100142483,1.6105095519790078,1.6074405608171076,1.6046136199227614,1.6020089231409074,1.599608389195121,1.5973954965271737,1.5953551359996225,1.5934734796585313,1.5917378624916003,1.59013667675362,1.588659277155996,1.58729589532713,1.5860375626476901,1.584876040558019,1.5838037576588129,1.5828137526555695,1.5818996226035802,1.5810554758498765,1.5802758892522017,1.579555869506706,1.5788908176641947,1.5782764967203387,1.5777090021884306,1.5771847351332489,1.576700377527337,1.5762528696946898,1.5758393896809957,1.575457334322263,1.5751043018697617,1.5747780761085393,1.574476611717963,1.5741980208761668,1.5739405608855923,1.5737026228829554,1.5734827213776839,1.5732794846800626,1.5730916460693474,1.5729180356564962,1.572757572920633,1.5726092597931507,1.5724721743246821,1.57234546481641,1.5722283444311593,1.572120086216743,1.5720200185122453,1.5719275207237757,1.571842019409321,1.5717629846859766,1.5716899268975384
1.6783567134268536,1.669735165862701,1.6618401069388582,1.654605083575445,1.64797047775207,1.6418827010778645,1.636293494855589,1.631159322903438,1.6264408442046574,1.6221024530036654,1.61811187692461,1.6144398247975609,1.6110596769132932,1.6079472122729803,1.6050803676403982,1.6024390241899502,1.6000048181193456,1.5977609721716832,1.5956921459135365,1.5937843011074087,1.5920245816885934,1.5904012063172768,1.588903371621491,1.5875211650801027,1.5862454864876487,1.5850679772035314,1.5839809560752636,1.5829773614046834,1.5820506982572118,1.5811949906243083,1.580404738252993,1.57967487706949,1.579000743069901,1.5783780395794405,1.5778028072754597,1.5772713968194356,1.5767804438292703,1.5763268460099857,1.57590774218202,1.575520493046978,1.5751626636218046,1.574832007054123,1.5745264498237133,1.5742440780767584,1.5739831251680116,1.5737419601190261,1.5735190770651561,1.573313085521224,1.5731227014162141,1.5729467388742584,1.5727841025998113,1.5726337809080226,1.5724948392670093,1.5723664143703042,1.5722477086638338,1.5721379852951496,1.5720365634701328,1.5719428141499305,1.5718561561033662,1.5717760522456656
1.688376753507014,1.678903443276851,1.6702356228254045,1.6622985564965096,1.65502534428487,1.6483559786830415,1.6422365276470636,1.6366184279723772,1.6314578734228493,1.6267152827005869,1.6223548359026447,1.6183440694825713,1.6146535209943873,1.6112564171295045,1.6081283988564947,1.6052472786643996,1.602592825606192,1.6001465745308303,1.5978916569668478,1.5958126493423443,1.5938954379870007,1.5921270985309404,1.5904957875001446,1.5889906448909386,1.5876017064981855,1.5863198250716775,1.5851365990178397,1.5840443079219508,1.5830358540883411,1.5821047095338379,1.581244868230685,1.580450802362358,1.5797174224527255,1.579040041263644,1.5784143407674012,1.577836342022844,1.5773023776511865,1.5768090667077952,1.5763532916548806,1.5759321772563282,1.5755430713193705,1.5751835269584322,1.5748512863897386,1.5745442659714364,1.574260542577138,1.5739983409734613,1.5737560222866742,1.5735320733670954,1.5733250969974102,1.5731338029203688,1.5729569995272377,1.572793586254166,1.5726425465379574,1.5725029413525837,1.5723739032424617,1.5722546308172864,1.5721443836923232,1.5720424777999547,1.5719482810897731,1.5718612095408047
1.6983967935871744,1.688063825287275,1.6786172325175008,1.6699736379489862,1.6620585651866495,1.6548053463648562,1.648154178515879,1.6420513096980631,1.6364483362106552,1.631301593189154,1.6265716250950222,1.6222227242789593,1.618222527304983,1.6145416613851482,1.6111534336394158,1.608033557313234,1.6051599099148175,1.6025123190539203,1.6000723730278508,1.5978232511288033,1.5957495730513558,1.5938372646285066,1.5920734373551746,1.5904462803032156,1.5889449630236674,1.5875595483732776,1.5862809137981002,1.5851006802498189,1.584011147823432,1.583005237471712,1.582076438575281,1.5812187609572506,1.580426691190499,1.5796951530868772,1.5790194715804913,1.5783953398173716,1.5778187891105036,1.5772861615340208,1.5767940848255901,1.5763394493990504,1.5759193873858035,1.5755312533411827,1.5751726066285316,1.5748411951625625,1.5745349406135927,1.5742519247040359,1.573990376695549,1.5737486618534016,1.5735252708301106,1.5733188099420565,1.5731279921634236,1.5729516288911385,1.5727886223166723,1.5726379584292962,1.5724987005583053,1.5723699834160698,1.5722510076245229,1.5721410346438047,1.572039382122505,1.5719454195857125
1.7084168336673349,1.6972164073851732,1.686985112541538,1.6776305719677942,1.6690704395325267,1.6612311469154868,1.654046823833072,1.6474583690744964,1.6414126503749078,1.635861812363323,1.630762676763744,1.6260762210170545,1.6217671232720658,1.617803364828687,1.6141558815534163,1.6107982574550994,1.607706454585184,1.6048585743867068,1.6022346470866953,1.5998164433374191,1.5975873074163343,1.59553200879594,1.5936366091766918,1.5918883433967634,1.5902755126237322,1.5887873886183561,1.587414127407177,1.5861466914342879,1.5849767791658853,1.583896761418212,1.582899624170666,1.581978916267737,1.581128701845578,1.5803435173673952,1.5796183323801014,1.5789485137878758,1.5783297932629123,1.5777582375439942,1.5772302212544067,1.5767424020215615,1.5762916978106813,1.575875266068003,1.575490484690891,1.5751349344719838,1.5748063831335735,1.5745027705427925,1.5742221952201947,1.5739629019053822,1.5737232701176853,1.5735018036839161,1.5732971210400102,1.57310794636711,1.5729331013819066,1.5727714978092966,1.5726221304361667,1.5724840707052536,1.5723564608303964,1.5722385083447323,1.5721294811035222,1.5720287026503112
1.7184368737474944,1.7063612861977435,1.6953394406034166,1.6852696031789807,1.6760612660696068,1.6676337217437553,1.6599148375178203,1.6528400036371766,1.646351229361986,1.6403963629807397,1.634928417392055,1.6299049852376717,1.6252877296467352,1.621041940300518,1.6171361450436401,1.6135417692079124,1.6102328359515472,1.607185702029042,1.6043788251012265,1.601792555963934,1.5994089549340471,1.5972116287560294,1.5951855847312428,1.5933171002817925,1.591593606151659,1.5900035818789198,1.5885364616680804,1.5871825496217822,1.5859329431843554,1.584779463978098,1.583714595777346,1.582731427827932,1.581823603335738,1.5809852730041056,1.580211052627477,1.5794959845200933,1.5788355023597103,1.5782253991731585,1.5776617980561316,1.5771411253894025,1.5766600864577163,1.576215643024415,1.575804992884369,1.5754255510066382,1.5750749323985689,1.5747509362395196,1.5744515314118788,1.574174843169282,1.5739191408760915,1.5736828267885152,1.5734644256661683,1.5732625752818572,1.5730760176329568,1.5729035908861018,1.5727442219451198,1.5725969195982552,1.5724607682247238,1.5723349219648806,1.572218599378021,1.5721110784889076
1.7284569138276549,1.7154985594751908,1.7036803955665916,1.6928909767769864,1.6830313432018116,1.6740134108742912,1.6657585910556052,1.658196607502886,1.6512644823200961,1.6449056627470287,1.6390692677892897,1.633709436315401,1.6287847606434525,1.6242577938452047,1.62009461959929,1.616264475660075,1.6127394233193026,1.6094940565151619,1.6065052461787448,1.6037519123107262,1.6012148229538619,1.5988764159452613,1.5967206397347113,1.5947328112669972,1.5928994889170232,1.5912083589456765,1.5896481333861279,1.588208458203047,1.586879830449984,1.585653523511134,1.5845215201562841,1.583476451409729,1.5825115410449284,1.581620555581016,1.5807977586780708,1.5800378696930764,1.5793360259345772,1.5786877483184283,1.5780889099763045,1.5775357075585235,1.5770246351313786,1.5765524601780472,1.576116201731321,1.57571311021268,1.5753406491257889,1.574996478108714,1.5746784374884304,1.5743845340530083,1.5741129279716732,1.5738619208315237,1.5736299445612305,1.5734155513170653,1.5732174041177913,1.5730342682639944,1.5728650034227252,1.5727085563306133,1.5725639540942247,1.5724302979845879,1.5723067577523266,1.572192566356773
1.7384769539078153,1.7246283260778432,1.7120081574307269,1.7004949385030097,1.689980968976101,1.680370552948125,1.6715784535176015,1.6635285714102837,1.6561528141617965,1.6493901243996818,1.643185643194615,1.637489987580102,1.6322586240768244,1.627451324860946,1.6230316939131741,1.6189667530375975,1.6152265791373546,1.6117839855891765,1.6086142427527423,1.605694829163141,1.6030052124969243,1.6005266556853517,1.5982420440198863,1.5961357310223765,1.594193400843156,1.5924019454796705,1.5907493544944211,1.5892246159522596,1.587817627169022,1.5865191142581794,1.585320560188497,1.584214139135979,1.5831926569301726,1.5822494974680197,1.5813785738764095,1.5805742841683552,1.5798314708872618,1.5791453844166405,1.5785116494646647,1.5779262344439982,1.5773854236411147,1.5768857916385985,1.5764241800248526,1.5759976759276355,1.5756035925367604,1.575239451074828,1.5749029643763448,1.5745920217652924,1.5743046751575687,1.5740391263555447,1.5737937152861174,1.5735669092655102,1.5733572930601378,1.5731635597831568,1.5729845024983482,1.572819006481615,1.5726660421176104,1.5725246583209738,1.5723939765111166,1.572273185026105
1.7484969939879758,1.7337506859634089,1.7203229073109918,1.7080817346244992,1.6969104410700997,1.6867054852247108,1.6773747915812691,1.668836282761285,1.661016625626753,1.653850155791529,1.6472779533796842,1.6412470464366284,1.6357097214959797,1.630622926246049,1.6259477500377364,1.621648970867255,1.617694659166145,1.6140558303759338,1.6107061407547825,1.6076216169608166,1.6047804184255838,1.6021626273496388,1.5997500616988978,1.5975261087369683,1.595475576619602,1.5935845621590286,1.5918403321945778,1.590231217161541,1.5887465153110178,1.5873764064630296,1.586111874990578,1.584944639589796,1.5838670896247806,1.5828722279181824,1.5819536186476468,1.5811053400759705,1.5803219415643164,1.5795984045202256,1.5789301067459944,1.5783127898862834,1.577742529863259,1.5772157097156392,1.5767289948827385,1.576279310430672,1.5758638204041542,1.5754799087158669,1.5751251617513542,1.5747973523534224,1.5744944251087871,1.574214482902709,1.5739557744736121,1.573716683059168,1.5734957158855747,1.5732914945438827,1.5731027461156173,1.572928294995123,1.572767055384895,1.5726180243458427,1.5724802754340148,1.5723529528014002
1.7585170340681362,1.7428657401743366,1.7286248274179623,1.7156516119157164,1.703820056781063,1.6930185435852956,1.6831479695520728,1.67412012566316,1.665856313344667,1.6582861599737608,1.6513466027501802,1.644981014482795,1.6391384483165619,1.6337729845424531,1.6288431635376384,1.6243114921358723,1.6201440126414608,1.6163099255473785,1.6127812597816729,1.6095325799641569,1.6065407296078758,1.6037846045245043,1.601244951320694,1.5989041882716828,1.5967462458497574,1.5947564248209993,1.5929212690928842,1.5912284517710433,1.5896666727327486,1.588225566490167,1.5868956200263178,1.5856680979201325,1.5845349745380173,1.5834888731616683,1.5825230105859367,1.5816311468974993,1.5808075398369978,1.5800469033702114,1.5793443698884602,1.5786954557151287,1.5780960298007458,1.5775422849743512,1.577030711799418,1.5765580744910603,1.5761213890969323,1.5757179033054205,1.575345078077533,1.5750005707396102,1.574682219456014,1.5743880290460852,1.5741161578575333,1.5738649057962995,1.573632703246669,1.5734181009299004,1.5732197605540588,1.5730364461996376,1.5728670164159937,1.5727104169029218,1.572565673811566,1.5724318875342587
1.7685370741482966,1.7519735908253133,1.7369141010381453,1.7232048176393755,1.7107101130161655,1.699310062537616,1.6888983493862944,1.6793804809713058,1.670672269898337,1.6626985352784678,1.6553919904462375,1.6486922876255874,1.642545193950374,1.6369018800763613,1.6317183036389697,1.6269546734458284,1.6225749824341251,1.6185465994845343,1.6148399132580629,1.6114280164160972,1.6082864290772276,1.605392855165992,1.6027269660237347,1.6002702083073994,1.5980056331938626,1.5959177445994566,1.5939923633320456,1.592216505494782,1.5905782732980485,1.5890667569385823,1.5876719472145615,1.5863846559437722,1.5851964439513635,1.5840995564964349,1.5830868645397485,1.5821518115461946,1.5812883651764476,1.5804909734666637,1.5797545248695413,1.579074311811223,1.578445997640697,1.5778655862892836,1.5773293946961313,1.576834027414906,1.5763763536238724,1.5759534858531785,1.5755627606449953,1.5752017207560474,1.5748680988181951,1.5745598024199532,1.574274900300852,1.5740116097675552,1.573768285047205,1.5735434066308538,1.5733355714499495,1.5731434838276366,1.572965947178656,1.572801856324482,1.5726501904606387,1.5725100066376525
1.778557114228457,1.7610743410908831,1.745190912515115,1.7307415995293411,1.7175809062840819,1.7055803752218717,1.69462629071489,1.6846177263326587,1.6754648838868311,1.667087675400694,1.659414510441756,1.6523812561956521,1.6459303419327245,1.6400099870960525,1.6345735333751823,1.6295788651668957,1.6249879052057068,1.6207661744352535,1.616882408594628,1.6133082186993322,1.6100177941875538,1.6069876417517879,1.6041963536840644,1.6016244024885053,1.5992539585075163,1.5970687280580356,1.595053808718697,1.5931955599423715,1.5914814869937026,1.5899001367518188,1.5884410050334583,1.5870944522438846,1.5858516271115117,1.58470439837583,1.5836452926942504,1.5826674384443578,1.5817645147262613,1.580930705136676,1.5801606556396581,1.5794494361656788,1.5787925058099854,1.578185680896207,1.577625105969279,1.577107227090216,1.5766287676755428,1.5761867061440016,1.5757782556062419,1.5754008451787025,1.5750521028339488,1.5747298397489882,1.574432035822795,1.5741568264811372,1.573902490465536,1.5736674386639664,1.5734502038164113,1.5732494310342053,1.5730638691057333,1.572892362447346,1.5727338437392595,1.5725873270996733
1.7885771543086166,1.7701680951931944,1.7534554472312531,1.7382622057743569,1.7244327326878226,1.711829813417934,1.7003321508683398,1.6898322362296858,1.680234539988716,1.671453969479966,1.6634145516425822,1.656048305060065,1.6492942700474997,1.6430976739069183,1.637409209729809,1.6321844115844968,1.6273831115603472,1.6229689666678542,1.6189090473419665,1.6151734734891454,1.6117350967638888,1.6085692214287302,1.6056533570589395,1.6029669995620381,1.600491436975879,1.5982095773190617,1.596105794846833,1.594165792736818,1.5923764800415432,1.5907258613243802,1.5892029386212418,1.5877976222652748,1.5865006503202181,1.5853035164932114,1.5841984046508795,1.5831781295980518,1.582236083372556,1.5813661865999993,1.5805628441835795,1.5798209049374385,1.5791356250288502,1.5785026344421476,1.5779179065370796,1.5773777300303797,1.5768786836647941,1.5764176127756089,1.5759916080112195,1.5755979857599192,1.5752342701918618,1.574898176876405,1.5745875976249788,1.5743005866870603,1.5740353479770983,1.57379022339493,1.5735636820627843,1.5733543104150036,1.573160803111838,1.5729819546283261,1.5728166515609192,1.5726638654967835
1.798597194388777,1.779254958389879,1.7617078915900986,1.745766885002803,1.7312658879188065,1.718058707553758,1.7060162849024592,1.6950243820249347,1.6849816190253286,1.6757978021812865,1.6673924979835726,1.6596938137334043,1.6526373504500016,1.6461653030037813,1.6402256837760498,1.6347716510444723,1.6297609261928103,1.6251552866207528,1.6209201253403356,1.6170240619019678,1.6134386032486983,1.6101378461559797,1.6070982139261396,1.6042982235125773,1.6017182792437112,1.5993404901884247,1.5971485072173055,1.5951273776285189,1.593263415006903,1.5915440826046472,1.5899578898736677,1.5884942984064498,1.587143637021136,1.585897025863705,1.5847463075042025,1.5836839846692616,1.5827031638116276,1.581797504032405,1.580961170579707,1.5801887925086826,1.5794754243626383,1.5788165110336698,1.5782078558845876,1.5776455914161123,1.577126152765818,1.5766462531949281,1.5762028618411323,1.5757931832598515,1.5754146386597039,1.5750648487910968,1.5747416181166138,1.574442920400547,1.5741668853761221,1.5739117865580459,1.5736760300133075,1.573458144023585,1.5732567696093986,1.5730706517591049,1.5728986314083617,1.572739638006594
1.8086172344689375,1.7883350369620559,1.7699484329992885,1.7532558862684522,1.7380806672521263,1.7242673867149478,1.7116790456251145,1.7001945320060865,1.6897064980240548,1.680119553775581,1.6713487285245325,1.6633181564871506,1.6559599497876003,1.64921323120057,1.6430233008133062,1.6373409160944628,1.632121668032874,1.6273254390482352,1.6229159328653704,1.6188602596398265,1.6151285748440267,1.6116937628440207,1.6085311572191396,1.6056182936930485,1.6029346915414087,1.6004616602765516,1.5981821273535406,1.5960804846056145,1.5941424509035582,1.5923549491944327,1.5907059975382503,1.589184610108639,1.5877807078837525,1.5864850389032203,1.5852891059161875,1.584185101045608,1.5831658466153093,1.5822247416268918,1.5813557130573268,1.5805531715383367,1.5798119712717686,1.5791273732834896,1.578495012107152,1.5779108651359481,1.5773712249518506,1.576872673733184,1.5764120600410794,1.575986477476807,1.5755932451126224,1.5752298896538257,1.57489412893882,1.5745838569245987,1.5742971297965767,1.5740321532756538,1.5737872709251377,1.573560953388106,1.5733517885241468,1.573158472280589,1.5729798003468838,1.5728146604201845
1.818637274549098,1.7974084382024746,1.778177259854103,1.7607294590372267,1.7448773655430014,1.7304561786554618,1.7173207836238311,1.7053430514314976,1.6944095502815881,1.684419600219583,1.6752836175450432,1.6669217024574314,1.659262429318234,1.6522418097573932,1.6458024005007348,1.6398925336219867,1.6344656503861636,1.6294797231624665,1.6248967547699027,1.620682337130801,1.6168052676496079,1.613237213489618,1.6099524151582663,1.606927424951574,1.6041408758071638,1.6015732771156077,1.5992068329136029,1.5970252800008151,1.5950137432952902,1.5931586064452998,1.5914473973054069,1.589868683941869,1.5884119808845323,1.5870676655048161,1.5858269021879672,1.584681573907698,1.5836242202940993,1.5826479816527872,1.5817465480518904,1.580914113013727,1.5801453316599572,1.5794352823554654,1.5787794319523596,1.578173603825314,1.5776139490315522,1.577096919639748,1.576619244551536,1.5761779072765112,1.5757701255603382,1.5753933328224823,1.5750451609880836,1.5747234248717688,1.5744261077323725,1.5741513480768732,1.5738974275057298,1.5736627595274373,1.5734458793100539,1.5732454341967521,1.573060175037163,1.5728889481539874
1.8286573146292584,1.8064752704037832,1.786394561521593,1.768187853174919,1.751656277224365,1.7366254098093916,1.7229418472942195,1.7104703025761676,1.6990911454271402,1.6886983132351312,1.6791975346381596,1.6705048157511246,1.6625451450267854,1.6552513845050623,1.6485633169878804,1.6424268249892933,1.6367931810715104,1.631618432771844,1.626862870621991,1.622490559665607,1.6184689327970667,1.614768435306869,1.6113622113779824,1.608225827754512,1.6053370298054008,1.602675526273074,1.60022279779875,1.5979619265948468,1.595877444394196,1.5939551965517695,1.5921822218966313,1.5905466436882176,1.5890375713853833,1.5876450131125381,1.586359796329216,1.5851734962942217,1.584078371358168,1.5830673045128607,1.5821337502584258,1.5812716863004852,1.5804755699208057,1.5797402980080555,1.5790611708605418,1.5784338589042621,1.5778543726841352,1.577319035114826,1.5768244563387528,1.5763675106203654,1.5759453151733995,1.5755552108764703,1.5751947444388954,1.574861652185173,1.5745538450568566,1.5742693949156883,1.5740065219296087,1.5737635829667165,1.5735390609637465,1.5733315550879947,1.5731397717476356,1.5729625162612553
1.8386773547094188,1.815535642846939,1.794600528325299,1.7756313189358808,1.7584176963055829,1.7427754053038136,1.7285425828692231,1.7155766447781335,1.7037516494855902,1.6929560603878926,1.6830908448030104,1.6740678555503568,1.6658084477393944,1.6582422959671426,1.651306379042484,1.644944106165098,1.6391045625549636,1.6337418564158241,1.6288145548392994,1.6242851875304531,1.620119816580357,1.6162876608544892,1.6127607650504383,1.6095137083058202,1.606523347241616,1.6037685894618297,1.6012301922586063,1.5988905837166376,1.596733703155875,1.5947448586415385,1.5929106011498233,1.5912186104223542,1.589657592209547,1.5882171867928099,1.5868878861252165,1.5856609591648714,1.5845283843763183,1.5834827887985101,1.58251739268314,1.581625959190753,1.5808027489827974,1.5800424786362868,1.5793402830038916,1.5786916806139077,1.5780925424932841,1.5775390633410153,1.5770277354241016,1.5765553245927246,1.5761188483085258,1.5757155556402458,1.5753429087656048,1.574998566158774,1.574680367041633,1.5743863171884023,1.5741145758545536,1.5738634437523522,1.573631352038414,1.57341685212403,1.5732186063664362,1.573035379443122
1.8486973947895793,1.8245896657897447,1.802795351530546,1.7830601069526497,1.7651619163722618,1.748906488972652,1.7341233344491191,1.7206624344852304,1.7083914249405368,1.697193205165483,1.6869639085362849,1.677611176215403,1.6690526832357229,1.6612148794795636,1.654031910175514,1.6474446878532596,1.6414000920805192,1.6358502774963013,1.6307520768199135,1.626066476136267,1.6217581605825409,1.6177951181594468,1.6141482910054072,1.610791268662865,1.6077000178737453,1.6048526446468547,1.6022291829930662,1.5998114073403562,1.5975826653715894,1.595527728862804,1.5936326621018537,1.5918847025894616,1.5902721537150062,1.5887842893034814,1.5874112672017087,1.5861440514611727,1.584974342032973,1.5838945113430947,1.582897546693283,1.5819769979497627,1.5811269303527704,1.5803418813122978,1.5796168213242499,1.5789471180516186,1.5783285039799102,1.5777570465137787,1.5772291209124119,1.5767413854272332,1.5762907585330772,1.57587439820604,1.5754896827635159,1.5751341934569572,1.5748056983747252,1.574502137750486,1.5742216104372238,1.5739623614665081,1.5737227706572328,1.5735013420763269,1.5732966944129256,1.573107552059281
1.8587174348697397,1.8336374504555255,1.810979223330316,1.7904744682265077,1.7718892305871297,1.7550189833715448,1.7396844440322672,1.7257280253022156,1.7130108307972522,1.7014101070549885,1.6908170819226294,1.6811351273860287,1.6722781923592367,1.6641694653078607,1.6567402287635062,1.649928875618503,1.6436800617976897,1.63794397440567,1.6326757010697306,1.6278346761444265,1.6233842017990439,1.619291030837082,1.615524999846741,1.6120587068488106,1.60886722762019,1.6059278661486927,1.6032199332510655,1.6007245501794325,1.5984244737575346,1.5963039404688255,1.5943485290684978,1.592545036080648,1.5908813638655113,1.5893464211606207,1.587930033087615,1.5866228601653072,1.5854163251832805,1.5843025472735006,1.5832742820653523,1.5823248673608574,1.5814481741579338,1.5806385618245198,1.5798908375696155,1.5792002192050199,1.5785623016338022,1.5779730258708855,1.5774286510193463,1.5769257285322684,1.5764610786486883,1.5760317689558079,1.5756350945692623,1.5752685601334426,1.574929863178121,1.5746168789328499,1.5743276463482447,1.5740603552410917,1.573813334526332,1.573585041330124,1.573374051048824,1.5731790481382983
1.8687374749498993,1.8426791090219399,1.8191523368316909,1.7978746541189567,1.778599931691966,1.7611132097936686,1.7452262515465569,1.7307737680382116,1.7176102226454988,1.7056071216198732,1.6946507167239475,1.684640054081277,1.6754853111255132,1.6671063787620863,1.6594316481682603,1.652396970009247,1.6459447588859732,1.6400232206516399,1.634585687326501,1.6295900335890865,1.6249981727574894,1.6207756182078115,1.6168910980654487,1.6133162169616924,1.6100251586646073,1.6069944247437646,1.6042026029263106,1.6016301617776525,1.5992592680413031,1.5970736238998045,1.5950583237218128,1.593199724305934,1.591485328299311,1.5899036807031335,1.5884442752757053,1.5870974703570015,1.5858544129063943,1.5847069700599878,1.5836476670316844,1.582669630769004,1.5817665391864673,1.5809325747155323,1.5801623823294197,1.5794510309848404,1.5787939789441954,1.5781870417208488,1.577626363097837,1.5771083885155077,1.5766298407140937,1.5761876975824234,1.5757791716804819,1.575401691649539,1.5750528850247074,1.5747305625575505,1.5744327037867736,1.5741574437712542,1.5739030609473075,1.573667965896024,1.57345069108895,1.5732498813875606
1.8787575150300597,1.851714754609932,1.8273148860428687,1.8052609163440931,1.785294312010555,1.767189488286504,1.750749094881541,1.7358000107544582,1.7221899527222175,1.7097846005762862,1.6984651604676322,1.6881262967977502,1.6786743708286473,1.670025940309463,1.662106476853985,1.6548492666776304,1.648194465676338,1.6420882849789225,1.6364822906806493,1.63133278999623,1.6266003016342325,1.6222490954105502,1.6182467881495328,1.614563989280306,1.6111739895575923,1.6080524877616749,1.6051773486500998,1.6025283885974537,1.6000871850456628,1.5978369068621976,1.595762165165073,1.5938488782649203,1.5920841503956793,1.5904561641553001,1.5889540832813083,1.5875679652685677,1.586288682557019,1.5851078515644108,1.5840177683255219,1.5830113501228735,1.5820820829267856,1.5812239733186735,1.580431505068637,1.5796995992566745,1.5790235784293296,1.5783991334704168,1.5778222936636481,1.577289399207683,1.5767970760671899,1.576342213110166,1.5759219409748335,1.575533612891793,1.575174786954643,1.5748432099529746,1.5745368024945765,1.5742536453284415,1.573991966829313,1.5737501314212,1.5735266290116043,1.573320065202894
1.8887775551102202,1.8607445012728059,1.8354670658607193,1.8126335069618607,1.7919726634526332,1.773248137669498,1.7562533099212034,1.7408070988123303,1.7267503699740445,1.7139428918687398,1.7022607565337204,1.6915941916063841,1.681845698145764,1.6729284656848111,1.664765018501934,1.6572860564968084,1.6504294597697902,1.6441394314878728,1.6383657616929574,1.6330631824995332,1.6281908123676967,1.6237116735129444,1.619592268690673,1.615802210367007,1.6123138953153486,1.6091022191795876,1.6061443238813176,1.6034193741055054,1.6009083587697368,1.5985939144055494,1.5964601700053387,1.5944926066152034,1.5926779313393127,1.5910039656872994,1.5894595446991098,1.588034426338147,1.5867192098152603,1.5855052620868473,1.5843846512245854,1.5833500860155223,1.5823948616054895,1.5815128097934152,1.5806982541607397,1.5799459688716653,1.579251141665,1.578609339651127,1.5780164784200565,1.5774687936855158,1.5769628153463398,1.576495343914501,1.5760634287283568,1.5756643481890245,1.5752955914911613,1.5749548419684944,1.574639961769617,1.5743489777729887,1.5740800687007372,1.5738315532002136,1.5736018789685924,1.5733896126778473
1.8987975951903806,1.8697684639854573,1.843609072058922,1.819992678372188,1.7986352775188252,1.7792894755526198,1.761739230577364,1.7457953749216284,1.7312918201196739,1.718082339745182,1.7060378442409951,1.6950440702477618,1.684999615239698,1.6758142659988173,1.667407572122608,1.6597076256755854,1.652650014153114,1.6461769197501777,1.640236346509216,1.6347814439531494,1.6297699247686175,1.6251635596185323,1.6209277344878776,1.6170310631675326,1.613445047515458,1.6101437797137954,1.6071036789937188,1.6043032588556794,1.6017229204676813,1.599344768996936,1.5971524524237541,1.595131015738641,1.59326677018269,1.5915471774738035,1.5899607452581408,1.588496933261245,1.5871460687348742,1.5858992704107202,1.5847483795932351,1.5836858977237536,1.582704930224083,1.5817991351595935,1.5809626769195864,1.5801901836961911,1.579476709312181,1.578817697944997,1.5782089522817362,1.5776466042939081,1.5771270885109838,1.5766471177412162,1.5762036606332341,1.5757939213288061,1.5754153206558563,1.5750654789886442,1.5747422004791998,1.5744434585663054,1.5741673827204927,1.5739122461854758,1.5736764547949131,1.5734585366126659
1.908817635270541,1.8787867586337266,1.851741101276635,1.8273386833099763,1.8052824453065328,1.785313818355764,1.767207188823676,1.7507651791890935,1.7358146457120294,1.7222032848314468,1.7097967589320442,1.6984762602259813,1.6881364398598693,1.6786836478441889,1.6700344321655836,1.6621142558704696,1.6548563973118668,1.6482010049216795,1.642094286971932,1.6364878030415158,1.6313378546272947,1.62660495697093,1.6222533766482032,1.6182507271079563,1.6145676143898537,1.6111773269085756,1.6080555613605967,1.6051801805695092,1.6025309987249619,1.6000895905931156,1.597839124243661,1.595764209805536,1.5938507639064592,1.59208588975071,1.5904577688750037,1.5889555640406114,1.5875693317899533,1.5862899438464548,1.5851090159232541,1.5840188432461848,1.5830123425944813,1.582082999330501,1.5812248196302463,1.580432286640561,1.579700321143724,1.5790242452093497,1.5783997493978323,1.5778228626673811,1.5772899248615517,1.5767975617249086,1.5763426618149479,1.5759223555733841,1.5755339959834505,1.5751751409468144,1.5748435370726659,1.5745371047826409,1.5742539246889207,1.57399222499735,1.5737503700181215,1.5735268495229646
1.9188376753507015,1.8877995020038956,1.8598633510077158,1.8346717748409325,1.8119144575167594,1.79132148132899,1.7726575147301964,1.755716849167149,1.7403191862002516,1.726306064205091,1.7135378320572883,1.7018910849011075,1.6912564854413976,1.6815369133997473,1.6726458886270317,1.6645062242952133,1.6570488733407067,1.650211937852424,1.6439398207291882,1.6381824843862665,1.6328948138179515,1.628036065055138,1.6235693826846338,1.619461378188857,1.6156817609150842,1.6122030152224245,1.609000115436918,1.606050274214217,1.6033327195322975,1.6008284967104547,1.5985202949965958,1.5963922908368213,1.5944300074779314,1.5926201908700854,1.5909506977054115,1.5894103950345246,1.5879890699201207,1.5866773482737333,1.585466621373322,1.5843489793400911,1.5833171513733697,1.5823644511449106,1.5814847275788244,1.5806723196867771,1.5799220160701841,1.579229017500831,1.5785889031742837,1.577997599750815,1.577451353058721,1.5769467024068635,1.576480456848873,1.5760496736750715,1.5756516385360722,1.5752838473384907,1.5749439895936668,1.5746299331204623,1.5743397100583347,1.574071503933922,1.5738236378673762,1.5735945636481077
1.928857715430862,1.8968068117723196,1.8679760195904804,1.8419922063582357,1.8185316044618558,1.7973127785735656,1.7780905364985118,1.7606507199028372,1.744805777991481,1.7303910114686123,1.717261391257984,1.7052888635802268,1.6943600612024834,1.6843743605325021,1.6752422271549756,1.6668838038279048,1.6592277020511252,1.6522099651940076,1.6457731813407377,1.6398657086503532,1.6344410104002893,1.6294570796960732,1.6248759366112246,1.6206631890768128,1.6167876488999728,1.6132209961117656,1.6099374828390307,1.606913672078408,1.6041282063573747,1.6015616024927257,1.5991960719862637,1.5970153587643166,1.5950045939077506,1.5931501673533843,1.5914396121941032,1.5898615010035555,1.588405352574285,1.5870615481824004,1.5858212558072184,1.5846763615570578,1.5836194080954524,1.582643538398059,1.5817424450813176,1.5809103239153919,1.5801418321648069,1.5794320500986405,1.578776446295414,1.5781708458195058,1.577611401142045,1.5770945657523467,1.576617069776326,1.5761758978911367,1.5757682689170653,1.575391617234058,1.5750435756920353,1.5747219599134554,1.574424753943215,1.5741500969804427,1.5738962712821887,1.5736616909593104
1.9388777555110215,1.9058088064952,1.8760793061979972,1.8493002315800218,1.82513417607416,1.8032880230638029,1.7835065804973964,1.76556712398695,1.7492747545124425,1.7344584568220656,1.720967760448237,1.7086699116071462,1.6974474722401152,1.6871962828977725,1.677823729152368,1.6692472631156896,1.6613931390766705,1.654195329504314,1.647594598381421,1.641537692639457,1.635976648718336,1.6308681931544073,1.6261732190355975,1.6218563291933017,1.6178854370707532,1.6142314181122195,1.6108678024220138,1.607770503845501,1.604917580214398,1.602289020776844,1.5998665603505504,1.597633511489127,1.5955746143048044,1.5936759039430075,1.5919245911231907,1.5903089551558482,1.5888182477530126,1.5874426067120677,1.5861729778308116,1.5850010442774956,1.583919163205635,1.5829203078716347,1.5819980155115387,1.5811463395314964,1.5803598066876992,1.5796333775270064,1.5789624107448172,1.5783426304985682,1.5777700965479697,1.57724117716733,1.5767525241200842,1.5763010499982033,1.575883907284344,1.5754984692911869,1.5751423126352657,1.5748132011411666,1.5745090711300687,1.5742280178184664,1.573968282920886,1.5737282431674806
1.948897795591182,1.9148056055984897,1.8841734108289112,1.856596104547676,1.831722461915522,1.8092475266696548,1.7889059712989792,1.7704663916033219,1.753726446270804,1.7385087271350583,1.7246572598960135,1.7120345404507438,1.7005190196241136,1.6900029700373804,1.68039067187802,1.671596866677174,1.6635454359757202,1.6561682693497104,1.6494042975419902,1.6431986494007749,1.6375019294966673,1.632269594219804,1.627461407248873,1.623040964801099,1.6189752811537756,1.6152344269175196,1.611791210354765,1.6086208966649918,1.6057009597315637,1.6030108621566221,1.6005318631216514,1.5982468449382576,1.5961401579294459,1.5941974836522639,1.5924057116590018,1.5907528291909903,1.5892278220495641,1.587820585690468,1.5865218448278715,1.5853230807440557,1.58421646609018,1.583194805362805,1.5822514813281459,1.581380405889876,1.580575976109231,1.5798330335769393,1.579146827825575,1.5785129827817133,1.5779274661272693,1.577386561514675,1.576886842899404,1.5764251513061804,1.5759985733633117,1.575604421766808,1.5752402173196158,1.5749036724392909,1.5745926760869635,1.5743052798346815,1.574039685168794,1.5737942317307934
1.9589178356713424,1.923797329367933,1.89225853429878,1.86388007962491,1.8382967511876815,1.815191600180056,1.7942890317154063,1.7753488505782857,1.7581611809163284,1.7425421460181536,1.728330206303188,1.715383057792014,1.7035750004895727,1.692794707475985,1.6829433285454567,1.6739328750025875,1.6656848403318847,1.6581290194047855,1.6512025007274143,1.6448487883192717,1.639017049934093,1.6336614683016444,1.6287406753131342,1.6242172590882604,1.6200573339558604,1.6162301654561546,1.6127078401928971,1.6094649752216093,1.6064784612165226,1.6037272350446088,1.6011920812843792,1.5988554531194987,1.5967013122450788,1.5947149878137896,1.5928830493974702,1.591193193342512,1.5896341406896484,1.5881955456706045,1.5868679129947556,1.585642523093989,1.584511365106872,1.5834670757123206,1.5825028841008089,1.581612561519356,1.5807903761326754,1.5800310513272806,1.5793297281798127,1.5786819310494162,1.5780835361619163,1.577530743129791,1.5770200486445507,1.57654822267174,1.5761122864593609,1.5757094925287036,1.575337306280851,1.5749933891096286,1.5746755829727543,1.574381896129458,1.5741104901461502,1.5738596678620231
1.9689378757515028,1.932784098939251,1.9003348782319507,1.8711524114976374,1.8448573327435007,1.8211205533269987,1.7996560828359833,1.7802148264302797,1.7625792833018004,1.746559033893673,1.731986912884633,1.7187157676098264,1.7066157081277242,1.695571776815592,1.6854819684197504,1.6762555446517569,1.667811595852108,1.6600778105496996,1.6529894261527511,1.6464883152114707,1.6405222037948868,1.6350439975173192,1.6300111941464968,1.6253853722497666,1.621131745442386,1.617218773965822,1.6136178229495277,1.6103028618024562,1.6072501987199155,1.6044382457320903,1.601847313832725,1.5994594281746568,1.5972581629681804,1.5952284961264898,1.5933566784081301,1.5916301164190754,1.5900372675699448,1.5885675459667443,1.587211237374011,1.5859594223904911,1.5848039076142377,1.5837371628317332,1.5827522645355487,1.5818428441463828,1.5810030417161394,1.5802274631650879,1.5795111418076422,1.578849503086507,1.5782383323814115,1.5776737458357926,1.5771521634108618,1.5766702845113643,1.5762250654699717,1.5758136990667242,1.5754335957046404,1.5750823661297224,1.5747578056460105,1.5744578795251183,1.57418070971577,1.5739245625356413
1.9789579158316633,1.9417660362884515,1.9084026450539204,1.8784133551746014,1.8514044950990174,1.8270346948103053,1.8050074440647745,1.7850646424195795,1.7669810755437243,1.750559708065907,1.735627689446366,1.7220329702654251,1.7096414320752629,1.698334455828288,1.6880068569123798,1.6785651283499636,1.6699259424625303,1.66201486996522,1.6547652884366557,1.6481174324168617,1.642017581497638,1.6364173607781678,1.631273131605869,1.6265454615669146,1.6221986628131824,1.618200390065757,1.6145212871640253,1.6111346763621874,1.6080162840970333,1.6051439984473088,1.6024976578247252,1.6000588604311776,1.5978107941168007,1.5957380867010433,1.593826671276762,1.5920636658443919,1.5904372652954295,1.5889366446892912,1.5875518718869261,1.5862738286530642,1.5850941399998446,1.5840051097297567,1.582999662499278,1.5820712907178534,1.5812140070937946,1.5804223008053684,1.5796910980854952,1.5790157260992002,1.578391879978597,1.5778155929581756,1.577283208792363,1.5767913568139744,1.5763369288964229,1.5759170585036462,1.5755291014366235,1.5751706181621823,1.5748393576736581,1.5745332425739438,1.574250355490457,1.5739889264946796
1.9889779559118237,1.9507432642222804,1.9164620379842277,1.8856631659887708,1.8579385264463113,1.8329343323230995,1.810343433158646,1.7898986195981645,1.7713668770827957,1.75454448279074,1.7392528424627747,1.7253349625856964,1.7126524582021698,1.7010830185472452,1.690518255674176,1.6808618750817328,1.6720281164021804,1.6639404212255107,1.6565302986925994,1.6497363388870052,1.643503370201806,1.637781733873143,1.6325266525674766,1.6276976814845237,1.623258230576312,1.6191751488270245,1.6154183589687938,1.611960536586311,1.6087768270676837,1.6058445954119678,1.6031432084357027,1.6006538384522324,1.5983592880576107,1.5962438361040376,1.5942930991467414,1.5924939076959235,1.5908341952155618,1.5893028987785869,1.5878898693650794,1.5865857908869407,1.5853821077077228,1.5842709585378063,1.5832451170435708,1.58229793742323,1.5814233057964404,1.5806155953101921,1.579869625783882,1.5791806267315847,1.5785442036249624,1.5779563073390226,1.5774132059349488,1.5769114591531554,1.5764478948551284,1.5760195876056806,1.575623838992147,1.5752581595637125,1.574920252339341,1.5746079975659188,1.5743194388401798,1.5740527702573766
1.9989979959919841,1.9597159063688072,1.92451326102983,1.8929020995994827,1.8644597146671722,1.8388197725779525,1.81566436626575,1.794717076859701,1.7757370047441525,1.7585136693447083,1.7428626751529415,1.7286220379452357,1.7156490687980734,1.7038177353560402,1.6930164226864004,1.6831460301826184,1.6741183503145576,1.6658546843887436,1.6582846646178702,1.651345230272401,1.644979753892041,1.6391372895502725,1.6337719190052251,1.628842183686039,1.6243105906198025,1.6201431828408324,1.6163091621541574,1.612780557952667,1.6095319352743196,1.6065401368960863,1.6037840590099395,1.601244449085313,1.5989037255515401,1.5967458194007729,1.5947560317591414,1.592920906742408,1.591228117459364,1.5896663640376774,1.5882252815809177,1.5868953571115978,1.5856678552649381,1.5845347505347456,1.5834886664276997,1.582522819715971,1.5816309706714309,1.5808073771072104,1.580046753084593,1.5793442310816,1.5786953274854776,1.5780959113507664,1.577542175549152,1.5770306106990002,1.5765579810886194,1.5761213027926548,1.5757178235657043,1.575345004393856,1.5750005026515257,1.5746821565362397,1.5743879708990247,1.5741161041236158
2.0090180360721437,1.9686840871681408,1.9325565189789846,1.9001304119953164,1.8709683473475447,1.8446913213336869,1.8209705579644186,1.7995203309896324,1.7800917727973868,1.7624675760934798,1.7464574875560737,1.731894486347234,1.7186315426571803,1.7065388730763327,1.6955016123500142,1.6854178354290454,1.6761968733371735,1.6677578760856009,1.660028590580425,1.6529442990071983,1.6464469134603612,1.6404841975959952,1.63500909006698,1.629979117166596,1.6253558822814071,1.6211046222849383,1.6171938182314107,1.6135948537911504,1.6102817143384898,1.6072307212712547,1.6044203011108304,1.6018307775093945,1.599444185798061,1.5972441101967902,1.595215537491626,1.5933447264802512,1.5916190909694379,1.5900270951640785,1.5885581592773983,1.5872025743883973,1.585951426307346,1.584796526170869,1.5837303481409528,1.5827459723342896,1.5818370339019725,1.5809976760075908,1.5802225075973608,1.5795065647165065,1.578845275232954,1.578234426909518,1.5776701379225058,1.5771488302295746,1.5766672049761754,1.5762222201478666,1.575811070040067,1.5754311664234573,1.5750801213513381,1.5747557312725735,1.5744559625719197,1.5741789381811526
2.019038076152304,1.9776479318632822,1.9405920173956173,1.9073483594976983,1.877464711792745,1.850549283422825,1.8262623213024713,1.8043086967153756,1.7844314930163372,1.7664065085597833,1.7500375766060694,1.7351525945032178,1.72160015516181,1.7092466950539449,1.6979740755731785,1.6876775291262558,1.678263911189102,1.6696502096057253,1.6617622777036578,1.6545337343918045,1.6479050267862327,1.6418226249124328,1.6362383221488186,1.6311086283041163,1.6263942424164533,1.622059594988218,1.6180724464941016,1.614403535341742,1.6110262679156742,1.6079164450623527,1.6050520245695805,1.6024129072807145,1.5999807464781646,1.5977387806781642,1.5956716833961866,1.5937654291688272,1.5920071735349566,1.5903851457805867,1.5888885521967353,1.5875074888473872,1.5862328636045633,1.5850563250911542,1.583970198924274,1.5829674293212805,1.5820415270258392,1.5811865212234077,1.580396916376014,1.5796676526878877,1.5789940700619656,1.5783718754879854,1.5777971129315305,1.5772661361420341,1.5767755835441304,1.5763223554276393,1.57590359299514,1.5755166591428669,1.575159120920168,1.5748287333221018,1.574523424541158,1.5742412823116556
2.0290581162324646,1.9866075664911036,1.9486199626141716,1.9145561987652164,1.883949095043429,1.8563939627796726,1.8315399678369166,1.8090824867566162,1.7887564747386524,1.7703307694907864,1.75360323620523,1.7383966459116609,1.7245551783645747,1.7119414612433854,1.7004340598570449,1.6899253461944197,1.68031968625661,1.6715318949821898,1.6634859239491508,1.656113722673475,1.6493542688146434,1.6431527355926785,1.63745976896734,1.6322308609285052,1.6274258054638564,1.6230082264934549,1.6189451640776085,1.615206711810905,1.6117656977485615,1.608597402997787,1.6056793175324935,1.6029909203772172,1.6005134837960762,1.5982299016506087,1.5961245352357578,1.59418307586473,1.592392421823672,1.5907405684651583,1.589216509108275,1.5878101457132867,1.5865122090841757,1.5853141861578,1.5842082547912342,1.5831872240444262,1.5822444809535021,1.5813739413844883,1.5805700059341223,1.5798275195461724,1.5791417347023347,1.5785082781279842,1.577923120053338,1.5773825464633855,1.5768831334758513,1.5764217240705705,1.5759954067165347,1.575601495769886,1.5752375135870267,1.5749011739983363,1.5745903672727075,1.574303146196548
2.039078156312625,1.9955631178734623,1.956640561734945,1.9217541867986438,1.8904217838923076,1.8622256624690188,1.8368038076740416,1.8138420118756946,1.7930670249251304,1.774240658924937,1.7571547572971413,1.7416269209355055,1.7274968810692315,1.7146234282908581,1.702881809379875,1.6921615182529606,1.682364417676911,1.673403139074036,1.6651997241974676,1.6576844471249306,1.6507948116322129,1.6444746909941477,1.6386735816300766,1.633345956389006,1.628450703510342,1.6239506401184114,1.6198120860170626,1.6160044904264008,1.6125001037188185,1.609273688058292,1.6063022665068991,1.6035648972417158,1.6010424725197594,1.598717542577438,1.5965741575197556,1.5945977264550073,1.5927748914129667,1.5910934147799023,1.5895420778355402,1.588110589330697,1.5867895038552227,1.58557014747209,1.5844445510483751,1.5834053892145143,1.5824459259857162,1.5815599645547531,1.5807418022601765,1.5799861893547331,1.5792882914322108,1.5786436554525753,1.5780481783768887,1.5774980788609265,1.5769898711214176,1.5765203412065036,1.5760865252038816,1.575685689257468,1.5753153113356821,1.5749730643877276,1.5746568010223363,1.5743645393226813
2.0490981963927855,2.004514713608443,1.964654022619892,1.9289425809466574,1.8968830649015893,1.8680446847154475,1.8420541495098834,1.818587580928088,1.797363448218845,1.7781364742582806,1.7606924279387446,1.7448436968786156,1.7304255289102508,1.7172928496158029,1.7053175650795442,1.6943862737031496,1.6843983214201115,1.6752641456469528,1.6669038703270547,1.65924608812108,1.6522268245414182,1.6457886498100731,1.639879908704089,1.6344540536197802,1.6294690663529545,1.6248869570152407,1.6206733253036818,1.616796976490582,1.6132295838974051,1.6099453915243505,1.6069209564057714,1.6041349168238068,1.601567786020243,1.59920177161642,1.5970206135385745,1.5950094396894203,1.5931546368199923,1.5914437352992088,1.5898653052824665,1.5884088631885536,1.5870647882309732,1.585824246395594,1.5846791223149335,1.5836219569039807,1.582645891830568,1.581744618248056,1.5809123308322959,1.5801436857035367,1.5794337620907442,1.5787780276778225,1.5781723066139006,1.5776127506523605,1.577095812506997,1.576618221665219,1.5761769621788848,1.5757692523011804,1.5753925259115733,1.5750444153560688,1.5747227358415379,1.5744254709878203
2.059118236472946,2.0134624820617306,1.9726605538889008,1.9361216389122398,1.9033332244211407,1.8738513309332412,1.847291300671067,1.8233195009129781,1.8016460470040483,1.7820185103102593,1.7642165333716118,1.748047248061183,1.733341384431126,1.719949975490999,1.70774156473447,1.6965998378090201,1.6864216103693965,1.6771151154521413,1.6685985512913073,1.6607988232138986,1.6536504741329914,1.6470947681391934,1.6410788962827905,1.6355552892037706,1.6304810215599013,1.6258172962282977,1.6215289929395647,1.617584273432214,1.6139542345934896,1.6106126030222794,1.6075354705910831,1.6047010566205961,1.6020894963098213,1.5996826556555679,1.5974639653970828,1.5954182732117594,1.5935317115309184,1.59179157963705,1.590186237458863,1.5887050099438547,1.5873381017510253,1.5860765195707391,1.5849120025419796,1.5838369585647039,1.5828444076200159,1.5819279294435484,1.5810816166325006,1.5803000317223956,1.5795781680903809,1.578911414624199,1.5782955231094262,1.577726578815606,1.5772009733439403,1.5767153799848628,1.576266731093133,1.5758521973464437,1.575469168828513,1.5751152375547048,1.5747881815832847,1.5744859503059723
2.0691382765531063,2.0224065523581043,1.9806603649165253,1.9432916187597584,1.9097725486073567,1.8796459017568738,1.8525155671560078,1.8280380770239004,1.8059151214648663,1.7858870593890075,1.7677273560924447,1.7512378458941216,1.7362447071614588,1.722595053121277,1.7101540430430087,1.6988024327766422,1.6884344943995049,1.6789562463034244,1.6702839531938514,1.6623428272055216,1.6550659243565387,1.648393199553696,1.6422706880510651,1.636649797434901,1.6314866945297881,1.6267417747504027,1.6223791979910005,1.6183664828568785,1.614674150402009,1.6112754105690315,1.608145890915935,1.6052633927162612,1.6026076740791617,1.6001602603478995,1.597904274047151,1.595824283590252,1.5939061680293378,1.5921369964734873,1.5905049195051282,1.588999071444693,1.5876094832027545,1.5863270029407708,1.5851432250309845,1.5840504250452703,1.5830415019259347,1.582109924600587,1.5812496841605506,1.580455250093815,1.5797215304287866,1.5790438357276502,1.5784178458521134,1.5778395799983094,1.5773053690375998,1.576811830420121,1.576355845135674,1.5759345365955464,1.575545251375188,1.5751855414265516,1.5748531479076011,1.574545986212545
2.079158316633267,2.031347054373066,1.9886536658291853,1.9504527789227193,1.9162013234427335,1.8854286970720862,1.8577272536764804,1.8327436126994925,1.8101709696437938,1.7897424113561669,1.7712251759228295,1.7544157589524791,1.7391357536928664,1.7252283267208823,1.712555231701376,1.7009942778318248,1.6904371804535594,1.6807877331526657,1.671960259362115,1.66387827221962,1.6564733365894588,1.649684095165479,1.643455425348741,1.6377377103786768,1.6324862085493068,1.6276605075776098,1.623224047640345,1.6191437045960044,1.6153894242499238,1.6119339006157547,1.6087522977655173,1.6058219998205119,1.6031223887333677,1.6006346501452153,1.598341599319252,1.5962275263471,1.5942780578238447,1.5924800335804035,1.5908213957162471,1.5892910887526153,1.5878789706421343,1.586575731769131,1.5853728224518453,1.5842623866077308,1.583237202775687,1.5822906296731953,1.5814165574473782,1.5806093630654596,1.5798638697004141,1.579175310050324,1.5785392924841586,1.5779517705270745,1.5774090146958852,1.576907586950149,1.5764443172403613,1.5760162820144548,1.575620784621466,1.5752553372119387,1.5749176442869741,1.5746055874693592
2.0891783567134263,2.0402841187245797,1.9966406675028012,1.957605378212161,1.92261983475611,1.8912000160475129,1.8629266636995212,1.8374364096743063,1.814413887499977,1.7935848536912085,1.774710270078244,1.7575812530478743,1.7420147777537194,1.7278500375895138,1.7149453594801127,1.7031755892962674,1.6924298726182774,1.6826097681635266,1.6736276504192156,1.6654053277710916,1.6578728697041887,1.6509676036907692,1.644633247232457,1.6388191579312243,1.6334796848494135,1.6285736077625232,1.624063647236504,1.619916036754569,1.6161001474412051,1.6125881580901458,1.60935477009692,1.6063769513059583,1.6036337084270118,1.6011058883309033,1.598775999953149,1.5966280559871566,1.5946474314748147,1.5928207378464878,1.5911357095650793,1.5895811021643171,1.588146601413937,1.5868227406582545,1.5856008268603674,1.5844728729438522,1.5834315376672257,1.5824700701240937,1.581582260068113,1.5807623924622456,1.5800052061077232,1.5793058562909799,1.578659880310958,1.57806316641641,1.5775119251375571,1.5770026632862557,1.5765321600929758,1.5760974453394065,1.5756957794245043,1.575324634954265,1.5749816800115897,1.574664762669494
2.0991983967935868,2.0492178767649594,2.0046215815609023,1.9647496758257315,1.929028368243622,1.8969601571669024,1.8681140994897099,1.8421167680297377,1.8186441689673285,1.7974146715553134,1.7781829132363702,1.760734591300023,1.7448820302827792,1.7304604241871044,1.7173246522991723,1.7053465806622388,1.6944127721976467,1.6844225407836457,1.6752863043542503,1.6669241608341538,1.6592646801338602,1.6522438715131789,1.645804290536,1.639894267876845,1.6344672426600708,1.6294811864662337,1.6248981003440937,1.6206835757575342,1.6168064097006136,1.6132382664376579,1.6099533854778627,1.6069283192444632,1.604141700098211,1.6015740370518425,1.5992075336277363,1.5970259260258115,1.5950143386204374,1.5931591553015216,1.5914479037250013,1.5898691512327385,1.5884124121713719,1.587068063567844,1.5858272697152591,1.5846819131909173,1.583624533583773,1.582648270938333,1.5817468151547414,1.5809143596980881,1.5801455594720821,1.5794354927950995,1.5787796263104847,1.5781737833774252,1.5776141149002874,1.5770970728793763,1.576619386138149,1.5761780380833277,1.575770246434692,1.5753934445055024,1.5750452641944304,1.5747235202420093
2.109218436873747,2.058148460572838,2.01259662037314,1.9718859313573667,1.9354272094902853,1.9027094182618485,1.8732898621517586,1.846784986245004,1.8228621060124248,1.801232147854776,1.7816433776046892,1.7638760342073248,1.7477377595017152,1.7330597222073356,1.7196933333016258,1.7075074626657876,1.6963860777850692,1.6862262378152508,1.6769363965910005,1.668434935908847,1.6606489219363891,1.6535130427452132,1.6469686899291338,1.6409631659441024,1.6354489992635717,1.6303833530088883,1.6257275087912888,1.6214464163950282,1.617508299216291,1.6138843076615799,1.6105482201243524,1.6074761744424733,1.6046464295017373,1.6020391573494,1.5996362569900233,1.5974211890160708,1.5953788280019925,1.593495331139955,1.5917580200918795,1.5901552747875303,1.5886764388951389,1.5873117338325955,1.5860521818946165,1.584889535947046,1.5838162170080585,1.5828252566365166,1.5819102454083795,1.5810652857872953,1.5802849492443378,1.5795642375646923,1.5788985471423822,1.5782836368262578,1.5777155982484714,1.5771908289273104,1.5767060075860686,1.5762580715420433,1.575844196101404,1.5754617755315266,1.5751084057762104,1.5747818684565127
2.1192384769539077,2.067076002945297,2.020565997054268,1.9790144048076426,1.9418166439922757,1.9084480965451112,1.87845425167348,1.8514413612482545,1.8270679886922607,1.805037563304003,1.7850919329874304,1.7670058397166022,1.7505822109865972,1.7356481646499782,1.7220516229260756,1.709658443358575,1.698349985334069,1.6880210434842957,1.678578100055142,1.6699378150860467,1.6620257468570767,1.6547752592883231,1.6481265779750034,1.6420259758605267,1.6364250700465266,1.6312802149189713,1.6265519727164397,1.6222046518663547,1.6182059026812257,1.6145263623620452,1.611139348937326,1.608020586475397,1.6051479612412294,1.6025013091895766,1.6000622256833228,1.5978138965748863,1.5957409474884279,1.5938293097438263,1.5920660998054328,1.5904395109549492,1.5889387169119475,1.5875537841794276,1.5862755937119442,1.5850957692860856,1.5840066139361488,1.5830010512876456,1.582072573111202,1.5812151913556343,1.580423394515084,1.5796921082678193,1.5790166591567951,1.5783927418922628,1.577816389180817,1.577283944381755,1.5767920364189958,1.5763375568003144,1.5759176386785905,1.5755296375172902,1.5751711135301667,1.5748398154275973
2.129258517034068,2.0760006373900937,2.028529925463544,1.986135356594736,1.9481969571798505,1.9141764886444592,1.8836075669690764,1.8560861884677466,1.8312621052118196,1.808831196488074,1.7885288468518556,1.7701242632919658,1.7534156277383404,1.7382259818920487,1.7243997389777774,1.711799728178335,1.7003046882275672,1.6898071395081293,1.6802115852399766,1.6714329581109928,1.6633953043897483,1.656030660891515,1.6492780851861288,1.6430828194059495,1.6373955685505288,1.6321718779813204,1.6273715906134727,1.6229583738228357,1.6188993053336158,1.615164509773995,1.6117268455383078,1.6085616237210476,1.6056463588005225,1.6029605514923269,1.60048549437466,1.5982040994087574,1.59610074410025,1.5941611347050444,1.5923721832699942,1.5907218971771941,1.5891992809125135,1.5877942467442243,1.586497534931721,1.5853006407720767,1.5841957498908896,1.5831756785216013,1.582233820138026,1.5813640966510851,1.5805609140246366,1.5798191222478444,1.579133978402947,1.5785011134259628,1.5779165014377148,1.5773764319551329,1.5768774843975917,1.576416504737699,1.5759905842302075,1.5755970397718544,1.5752333960667173,1.5748973691191528
2.1392785571142285,2.084922498117997,2.0364886202045382,1.993249047565997,1.9545684344409051,1.9198948906370434,1.888750105922765,1.8607197618831206,1.8354447419814806,1.8126133239248965,1.7919543843939076,1.773231557982852,1.756238250252159,1.740793401757837,1.7267378966985276,1.713931520018017,1.7022503773457909,1.6915847051617676,1.681837020270744,1.6729205224454038,1.6647577418364887,1.6572793852085823,1.650423340079058,1.6441338164645358,1.638360606521562,1.6330584462839248,1.6281864593761273,1.6237076724095485,1.6195885909961736,1.615798827804137,1.6123107823041085,1.609099353392183,1.6061416845741252,1.6034169421600726,1.6009061167814245,1.5985918473386194,1.5964582640327478,1.5944908488470395,1.5926763101746875,1.5910024702311938,1.5894581649690434,1.588033153088095,1.5867180347845187,1.585504177473304,1.5843836499349564,1.583349161541262,1.58239400796756,1.581512021554277,1.5806975261727159,1.5799452965324148,1.5792505206374665,1.578608766006768,1.5780159485083904,1.5774683041272222,1.576962363067058,1.5764949260342396,1.576063042635484,1.5756639914332642,1.575295261837975,1.5749545373485447
2.149298597194389,2.09384172003526,2.044442296625391,2.0003557390101614,1.9609313611451977,1.925603598084326,1.8938821654327613,1.865342374076795,1.839616183674294,1.8163842201269833,1.7953688086032642,1.7763279744912694,1.7590503165860638,1.7433506495878472,1.7290663088353577,1.7160540192936655,1.7041872411328578,1.6933539173428043,1.6834545709675652,1.6744006633282207,1.6661132043660205,1.6585215678540048,1.6515624692277155,1.6451790850755525,1.6393202939581824,1.6339400222635543,1.628996674341072,1.6244526363059866,1.6202738421144114,1.616429393066935,1.6128912304006122,1.6096338415681792,1.606633999896881,1.6038705381054512,1.6013241456973024,1.5989771893240583,1.596813552678584,1.5948184942458261,1.5929785195130486,1.5912812662468767,1.5897154025522358,1.5882705342131904,1.5869371219817043,1.5857064059759582,1.584570338683543,1.5835215231342865,1.582553157693343,1.5816589855886396,1.580833249027863,1.580070647842193,1.5793663013324863,1.5787157139504815,1.5781147436378633,1.5775595731516026,1.5770466837631103,1.5765728311759968,1.5761350235940446,1.575730501473294,1.5753567191421427,1.5750113277906845
2.1593186372745485,2.1027584387361893,2.0523911708194684,2.0074556926701494,1.9672860226691904,1.9313029060675262,1.8990040414555902,1.8699543162854517,1.8437767132831104,1.8201441576628516,1.798772380327798,1.779413761238264,1.7618520624284226,1.745897948306672,1.7313851857080655,1.7181674240110547,1.7061154656620725,1.6951149506350076,1.685064400907054,1.6758735338350204,1.6674618350707642,1.6597573424575507,1.6526955973154869,1.646218741482909,1.6402747391585237,1.634816706750249,1.629802329329929,1.6251933527656839,1.6209551397939357,1.6170562809196585,1.61346825981567,1.6101651532258665,1.607123365072839,1.6043213952783166,1.6017396330175058,1.599360173486864,1.5971666546497678,1.5951441122504868,1.5932788496021075,1.5915583207249357,1.5899710265478113,1.5885064205780741,1.587154824729729,1.5859073523974108,1.5847558403166937,1.5836927856845624,1.5827112900343667,1.5818050079302588,1.5809681003365825,1.580195192599336,1.5794813356835002,1.5788219713165847,1.5782128998336957,1.5776502510619093,1.5771304576177716,1.5766502304604146,1.5762065366308817,1.5757965787020505,1.5754177761277728,1.5750677479819712
2.169338677354709,2.1116727904958195,2.060335459626416,2.0145491707564656,1.973632704421519,1.936993109223588,1.9041160290507315,1.8745558784516358,1.8479266121775793,1.8238934072180595,1.802165358337463,1.7824891644296303,1.7646437211646142,1.7484355184898364,1.73369473527562,1.7202719298311326,1.7080352346999788,1.6968679773706405,1.68666667148264,1.6773392849361437,1.6688037750226283,1.6609868407176356,1.6538228471860894,1.64725290018352,1.641224048766159,1.6356885990107133,1.63060351669025,1.625929907654837,1.6216325638367912,1.6176795654965324,1.6140419393911423,1.610693352269556,1.60760983940336,1.6047695686920236,1.60215262976333,1.5997408471339543,1.597517613799036,1.5954677435030975,1.5935773381009497,1.5918336685541068,1.590225069272588,1.5887408421126707,1.5873711707440223,1.5861070423991248,1.5849401785912924,1.5838629711833376,1.5828684253454088,1.581950107417464,1.5811020975322345,1.5803189469357402,1.579595638617011,1.578927551915324,1.5783104298725614,1.5777403496779197,1.5772136955650091,1.576727134001543,1.5762775911011897,1.5758622317724493,1.575478440797914,1.575123805324132
2.1793587174348694,2.120584912262719,2.0682753806336485,2.0216364359612133,1.9799716918691124,1.9426745017817004,1.9092184224256386,1.879147349275495,1.8520661601610522,1.8276322376559215,1.8055479993876582,1.7855544281209226,1.7674255239428256,1.750963578429665,1.7359951632014896,1.7223677301343119,1.7099467297692112,1.698613167691552,1.6882615419636526,1.6787980655535841,1.670139163327571,1.6622101924534696,1.6549443398932628,1.6482816739745239,1.6421683278148589,1.6365557967906514,1.6314003273354782,1.6266623854899587,1.6223061927768818,1.6182993197420075,1.6146123368541112,1.6112185015602822,1.6080934812144878,1.6052151124490182,1.6025631861060572,1.6001192567796831,1.597866473240658,1.5957894279581213,1.5938740220287764,1.5921073440279794,1.5904775624901217,1.5889738282328099,1.5875861872625094,1.5863055011992133,1.5851233768527258,1.584032101240048,1.5830245836270813,1.5820943025601504,1.5812352577436823,1.580441926701061,1.5797092247979607,1.5790324693145983,1.5784073463066273,1.577829880611465,1.577296408346213,1.57680355173511,1.5763481961950632,1.575927469184566,1.5755387210141387,1.5751795070879488
2.18937875751503,2.1294949416518754,2.076211152178204,2.0287177514726684,1.9863032705638972,1.9483473776003042,1.9143115149810594,1.8837290162666127,1.856195635527354,1.8313609160778708,1.8089205582820358,1.788609794281732,1.7701976997389828,1.7534823442001664,1.7382866729179034,1.7244550160836352,1.711850130210177,1.7003506896090723,1.6898491695531954,1.6802500226166686,1.6714681371789686,1.663427525656039,1.6560601947493194,1.6493051739993967,1.6431076797722877,1.637418396356078,1.6321928507839316,1.6273908694745967,1.6229761039145032,1.618915615443191,1.6151795188472926,1.611740662944295,1.6085743478836065,1.6056580797657567,1.6029713513902293,1.6004954481675602,1.5982132753706897,1.5961092049012766,1.5941689377824766,1.5923793808613522,1.590728537425917,1.5892054078543683,1.587799901058754,1.5865027535846465,1.5853054580462178,1.5842001970928385,1.583179784535593,1.582237611548836,1.5813675978036907,1.5805641474704988,1.5798221086369535,1.5791367368466525,1.5785036614697572,1.5779188552721781,1.5773786065155195,1.5768794934234545,1.5764183609420641,1.5759922992898632,1.5755986245004572,1.5752348604168827
2.1993987975951903,2.1384030169376995,2.084142993349014,2.0357933809904623,1.9926277261701504,1.954012030204657,1.9193955993567482,1.8883011657960058,1.8603153151174912,1.8350797078835488,1.81228328793484,1.7916555028593295,1.7729604754208923,1.7559920297210074,1.7405694656891104,1.7265339766868633,1.7137456132416173,1.7020807090627599,1.6914297094448607,1.6816953011165818,1.672790831909838,1.6646389665379568,1.6571705293725971,1.6503235097930002,1.6440422065826656,1.6382764925336393,1.6329811751968342,1.6281154415351495,1.6236423733500165,1.6195285232614602,1.6157435509586828,1.6122598972808215,1.6090524958654158,1.606098522996984,1.6033771741563199,1.600869466291404,1.598558061886694,1.5964271129679162,1.5944621211537402,1.592649812206157,1.5909780247822418,1.5894356094070428,1.5880123384547578,1.5866988239231425,1.585486444727872,1.5843672796188126,1.583334047392262,1.5823800522634859,1.5814991342571112,1.5806856245523895,1.5799343042972873,1.579240367614596,1.5785993874835502,1.5780072848730884,1.577460300444993,1.5769549686603226,1.5764880942156647,1.576056730295307,1.5756581588471266,1.5752898723305993
2.2094188376753507,2.147309277047139,2.0920711239895597,2.042863588741336,1.9989453444924612,1.9596687528249095,1.924470967477511,1.892864083148257,1.864425474376276,1.838788876830589,1.8156364394327542,1.7946917918416472,1.7757140758115906,1.758492846820593,1.7428437406736559,1.7286047988575253,1.715633354020082,1.7038033899780367,1.6930033148783232,1.683134044159772,1.6741073810439528,1.665844639582235,1.6582754597338538,1.6513367893256055,1.6449720087084472,1.6391301787499877,1.633765387415447,1.628836182355817,1.6243050760166982,1.6201381127632961,1.6163044977504581,1.6127762644691281,1.6095279807172418,1.6065364936593853,1.6037807021628154,1.6012413554159421,1.5989008738069466,1.5967431901609153,1.5947536073457131,1.592918670666957,1.5912260547525392,1.5896644608477468,1.5882235253334067,1.5868937361747275,1.585666359075405,1.5845333693439956,1.5834873911927576,1.582521642282086,1.5816298833688316,1.5808063729955744,1.5800458257017878,1.5793433744987353,1.5786945362632092,1.5780951804360575,1.577541500329661,1.5770299868755338,1.5765574047375661,1.5761207702673619,1.575717331514352,1.5753445497283958
2.219438877755511,2.156213861552864,2.099995764700896,2.0499286394954552,2.0052564115042846,1.9653178384346983,1.9295379105996076,1.8974180525737923,1.8685263874088793,1.842488685094134,1.8189802620962878,1.7977188973196412,1.7784587237519363,1.7609850052982714,1.7451096949857035,1.730667667474947,1.7175135256983456,1.7055188943227388,1.6945701371938378,1.6845663930202566,1.6754179163458753,1.667044667589984,1.659375100201623,1.6523451190459064,1.6458971851710231,1.639979547070218,1.6345455729972982,1.629553171412697,1.624964285712779,1.620744452450348,1.6168624227871544,1.6132898234748998,1.6100008571237074,1.6069720424546352,1.604181982407734,1.601611159096882,1.599241751489143,1.5970574738680996,1.5950434309892203,1.5931859883160417,1.5914726570354663,1.5898919896736607,1.5884334871505978,1.587087513902998,1.5858452228986024,1.5846984864530376,1.5836398346161076,1.5826623988889956,1.581759861131524,1.5809264075965828,1.5801566865394652,1.5794457701627422,1.5787891195232562,1.5781825527970743,1.5776222161924194,1.5771045573395217,1.5766263010819055,1.5761844271358898,1.5757761498358942,1.5753988993925392
2.2294589178356707,2.16511691066658,2.1079171368450775,2.0569887985833204,2.0115612133771372,1.9709595797902844,1.93459671935753,1.901963357341334,1.87261832703735,1.8461793933261064,1.8223150035407365,1.8007370535490679,1.7811946401624854,1.763468712985722,1.7473675237554531,1.7327227654433175,1.7193862994828177,1.7072273821626396,1.6961303258856986,1.6859924871909004,1.6767225678699647,1.6682391717271141,1.660469563586592,1.6533486039230916,1.6468178335905144,1.6408246882354331,1.6353218162515797,1.6302664870070829,1.6256200751327234,1.6213476097887756,1.6174173886631593,1.6138006323559715,1.6104711789207908,1.6074052192918717,1.6045810611495976,1.6019789202004726,1.5995807346486295,1.5973700008792238,1.595331626158571,1.5934517967081303,1.591717860848564,1.5901182229349364,1.5886422489470413,1.5872801802860819,1.5860230576494923,1.584862650798657,1.5837913960334538,1.5828023390830712,1.5818890832731747,1.5810457429066134,1.5802669002719854,1.5795475670596506,1.5788831487830879,1.578269412611402,1.5777024578887988,1.5771786891677484,1.5766947916793421,1.5762477086979303,1.5758346210225689,1.575452927991506
2.239478957915831,2.17401856523242,2.115835462548941,2.064044331913214,2.017860036510374,1.9765942694702052,1.9396476838111443,1.9065002797905195,1.8767015648570886,1.8498612607142446,1.8256409097367303,1.8037464930116898,1.7839220441046653,1.7659441758075343,1.7496174201886723,1.7347702737498094,1.7212518446899694,1.7089290117159606,1.6976840286546777,1.6874124644336659,1.678021464008375,1.6694282715700437,1.6615589611850123,1.65434734748797,1.6477340502246542,1.641665691699431,1.6360942002737056,1.6309762062979656,1.6262725158977507,1.621947651237875,1.617969457029526,1.6143087482874163,1.610938999119278,1.6078360733096007,1.604977983927878,1.6023446809225668,1.599917862376167,1.5976808074025144,1.5956182263869545,1.5937161268946927,1.5919616949415754,1.5903431872470735,1.5888498353597589,1.5874717581273146,1.5861998844322596,1.5850258819108392,1.5839420935165909,1.5829414795855836,1.582017565264427,1.5811643932383417,1.5803764801399782,1.579648777437704,1.5789766353723933,1.5783557703585949,1.5777822351116118,1.5772523913250083,1.576762884821042,1.5763106226213903,1.575892752165665,1.575506642083146
2.2494989979959916,2.182918966720425,2.123750964708261,2.071095505989225,2.024153167561583,1.9822221999154601,1.9446910934932033,1.9110291013847038,1.8807763712933065,1.8535345450409226,1.8289582250703866,1.8067474464759397,1.7866411528412807,1.7684115978410178,1.7518595756253816,1.7368103715217953,1.7231103288018115,1.7106239394069152,1.6992313914594859,1.688826460828892,1.6793147315380899,1.67061208515046,1.6626434028211887,1.6553414518732121,1.6486459300068157,1.642502645664576,1.6368628069790871,1.6316824053337866,1.6269216785856462,1.6225446422780303,1.6185186886201521,1.6148142275860418,1.6114043699276568,1.6082646528970732,1.6053727955829376,1.6027084828072165,1.6002531731552552,1.5979899290808015,1.5959032646814526,1.5939790094379138,1.5922041876094248,1.5905669088029828,1.5890562706332871,1.5876622698656448,1.5863757240129026,1.5851881990057972,1.5840919448462758,1.583079836847926,1.5821453223257287,1.5812823726725436,1.5804854391691774,1.579749413346041,1.5790695904364211,1.578441636347379,1.5778615573954724,1.577325672629612,1.576830588662553,1.5763731764486333,1.575950550240263,1.5755600481177543
2.259519038076152,2.1918182572201226,2.1316638669922723,2.07814258792983,2.0304408934775937,1.9878436634702417,1.9497272374572632,1.9155501027639683,1.8848430156574911,1.857199502741788,1.8322671924031086,1.8097401430570765,1.7893521818963871,1.7708711813752818,1.754094179597726,1.7388432360831951,1.7249619175204716,1.712312319918325,1.7007725585672946,1.6902346108236346,1.680602495667027,1.6717907289991694,1.6637229968890772,1.6563310178527224,1.6495535665832028,1.643335637116861,1.6376277171361378,1.6323851590834557,1.6275676327598725,1.6231386474379998,1.6190651432773275,1.6153171257342789,1.6118673427744403,1.6086910057151278,1.605765540275476,1.6030703667647976,1.6005867048790186,1.598297401007239,1.5961867735376674,1.5942404744242964,1.5924453667048648,1.5907894133847358,1.5892615786305933,1.5878517375857655,1.586550596828636,1.585349620994698,1.5842409675203233,1.5832174270591197,1.5822723694342888,1.5813996950645466,1.5805937901763984,1.5798494866402384,1.5791620249411153,1.578527020720408,1.577940434121201,1.5773985417574683,1.5768979112275827,1.5764353775999733,1.5760080221084731,1.575613152441067
2.2695390781563125,2.2007165794341965,2.1395743938485516,2.0851858454870213,2.03672350152608,1.993458952423194,1.9547564043259738,1.9200635637983254,1.88890176620387,1.8608563889642125,1.8355680531310306,1.812724810276845,1.7920553451145467,1.7733231269695964,1.75632141988706,1.740869043009978,1.7268067748218836,1.713994306243328,1.7023076726033415,1.691637047279088,1.681884880079236,1.6729643181890572,1.6647978503930196,1.6573161448801732,1.650457052349233,1.644164751860199,1.6383890103985352,1.633084541466664,1.6282104469980092,1.6237297303215688,1.6196088799766815,1.6158174974035144,1.6123279683299656,1.6091151787165372,1.6061562615055078,1.603430373089701,1.6009184948666844,1.5986032577406448,1.5964687849539934,1.594500551477934,1.5926852596508123,1.591010726375026,1.589465782843717,1.5880401830279969,1.586724522997064,1.5855101664921714,1.5843891787614992,1.5833542661531348,1.5823987213308668,1.5815163740505198,1.5807015457753675,1.5799490089877088,1.5792539496781142,1.5786119334588955,1.5780188745201136,1.5774710072460527,1.576964860411675,1.5764972333770826,1.576065174522586,1.5756659612971793
2.279559118236473,2.209614076672224,2.1474827705082458,2.0922255470659885,2.043001279327775,1.9990683590492173,1.959778882339782,1.9245697636411545,1.8929528901859187,1.8645054576255982,1.8388610472441487,1.8157016741226735,1.794750854719503,1.7757676335110781,1.758541482580279,1.7428879661848597,1.7286450630086367,1.7156700497362216,1.703836874599661,1.6930339015171372,1.683162006979236,1.6741329663772009,1.665868068987647,1.6582969311267393,1.6513564784851469,1.6449900745499677,1.6391467653367753,1.6337806253835174,1.628850188919551,1.6243179536335903,1.6201499568515534,1.6163153964768744,1.6127862965276714,1.6095372181658683,1.60654500213088,1.6037885414775874,1.6012485798796514,1.5989075333204559,1.5967493304455296,1.5947592697734467,1.5929238934523717,1.5912308727683395,1.5896689064041463,1.5882276275979172,1.5868975223251176,1.5856698538246032,1.5845365955252109,1.5834903698160214,1.5825243925263819,1.5816324230536016,1.5808087183824002,1.5800479918729635,1.5793453752696265,1.578696384387127,1.5780968876782016,1.5775430774982784,1.577031443985791,1.576558750966303,1.5761220141281422,1.5757184808313853
2.2895791583166334,2.218510892844508,2.1553892229916563,2.0992619617453467,2.0492745148892926,2.0046721756518218,1.9647949594060405,1.9290689807828658,1.896996653912905,1.8681469614715478,1.8421464133851542,1.8186709591064378,1.7974389213723023,1.7782048982717293,1.7607545521254304,1.7449001778512272,1.7304769427620135,1.7173397001624753,1.705360304042973,1.6944253033660628,1.6844339971355091,1.675296785846158,1.6669337570169829,1.6592734735180514,1.6522519349908666,1.6458116887258347,1.6399010594690326,1.6344734827435126,1.629486925213075,1.6249033792054313,1.6206884312168004,1.6168108760714743,1.613242376584881,1.6099571696588715,1.6069318043853558,1.6041449110422379,1.6015769961371829,1.5992102612813344,1.5970284410576663,1.5950166580486114,1.5931612947085707,1.5914498771818564,1.5898709720929385,1.588414092375758,1.5870696143177736,1.585828701038223,1.584683234507009,1.5836257534928646,1.5826493973083606,1.5817478552898754,1.5809153202219381,1.5801464466027413,1.5794363121731825,1.578780383176865,1.5781744825402098,1.5776147607862743,1.5770976695998096,1.5766199374418894,1.5761785474669292,1.5757707170929518
2.299599198396794,2.2274071724559845,2.1632939781141665,2.106295359297911,2.0555434966365635,2.0102706946060445,1.96980492314855,1.9335614931048253,1.9010333228065144,1.8717811521339272,1.8454243889079998,1.8216328883228148,1.8001197542288918,1.7806351169648562,1.7629608113866364,1.7469058486663134,1.732302573193243,1.7190034057479329,1.7068780989217516,1.6958113812054294,1.6857009699231948,1.676455887544465,1.6679950175527742,1.660245867770402,1.653143510720131,1.646629676843889,1.6406519692913601,1.635163184493881,1.6301207216628133,1.6254860680198522,1.6212243595920672,1.6173039885601683,1.6136962570231037,1.6103750781414243,1.6073167098962686,1.6044995203320012,1.6019037793317172,1.5995114746674128,1.5973061473793329,1.595272744616679,1.5933974896238075,1.591667763866082,1.5900720023505925,1.5885995981255665,1.5872408181865545,1.5859867259069889,1.5848291121498987,1.5837604323945635,1.5827737497472214,1.5818626837741923,1.5810213633319452,1.580244384311007,1.5795267706862628,1.5788639393516328,1.5782516679136034,1.5776860652550535,1.5771635447859214,1.5766807997691485,1.5762347809798916,1.575822676037812
2.3096192384769534,2.236303060600203,2.1711972634925067,2.1133260102120053,2.0618085134488675,2.0158642084019025,1.9748090609575102,1.9380475779335216,1.9050631614575337,1.8754082801888234,1.8486952099362006,1.824587683507236,1.8027935609972012,1.7830584838008854,1.7651604416983375,1.7489051477536524,1.7341221118940002,1.7206613132272397,1.708390395772509,1.697192262010188,1.6869630433659943,1.6776103811263643,1.6690519524320708,1.6612142084262242,1.654031293413933,1.6474441203081005,1.6413995703072448,1.6358498006473172,1.6307516431746332,1.6260660802353268,1.6217577977245288,1.6177947855927917,1.614147985687868,1.6107909879280256,1.6076997597017657,1.6048524073458537,1.6022289646438206,1.5998112060462086,1.597582479555938,1.5955275573784018,1.593632504019024,1.5918845567152267,1.5902720192866846,1.5887841653041503,1.5874111528578307,1.5861439459402882,1.5849742446514832,1.5838944215044533,1.5828974637024118,1.58197692132586,1.5811268595691774,1.5803418159638354,1.5796167609508236,1.5789470622909065,1.5783284524724501,1.577756998926114,1.577229076961963,1.576741344807528,1.5762907210099866,1.575874363531208
2.319639278557114,2.2451987029533904,2.1790993075513625,2.120354185713334,2.0680698546935075,2.021453009688458,1.9798076600399557,1.942527512095049,1.909086433682674,1.879028595214461,1.8519591114209382,1.8275355650935101,1.8054605479937826,1.785475191542643,1.767353622918934,1.750898242754871,1.735935714986199,1.7223135678915438,1.7098973297253406,1.698568071394034,1.6882203341773456,1.6787603749908098,1.6701046622941003,1.6621785888888845,1.6549153697332892,1.6482550995011394,1.6421439370565512,1.636533400309129,1.6313797538014756,1.6266434752098458,1.622288800611143,1.6182833181169483,1.614597609768119,1.6112049427198882,1.608080994267664,1.6052036095490998,1.6025525867567996,1.6001094875222155,1.5978574673020065,1.595781123833777,1.593866363342616,1.592100279277334,1.5904710446892716,1.5889678140698023,1.5875806369809111,1.5863003783904424,1.5851186479709183,1.584027735584754,1.5830205528283858,1.5820905805741814,1.581231820614314,1.5804387523641628,1.5797062929576962,1.5790297612341884,1.578404844761192,1.5778275697009243,1.5772942734346442,1.5768015793136017,1.5763463738049481,1.575925785350249
2.3296593186372743,2.2540942457685587,2.1870003395302913,2.1273801577873526,2.0743278102610603,2.0270373913184048,1.9848010074705977,1.9470015719698417,1.9131034025814746,1.8826423458490362,1.8552163271989328,1.8304767522710785,1.8081209201999713,1.7878854315600694,1.7695405334837921,1.7528852998807987,1.7377435371710759,1.7239603136354613,1.711399034548725,1.6999389336520272,1.6894729578008625,1.6799059763197526,1.6711532466164387,1.6631391014567944,1.6557958252913578,1.6490626938145672,1.6428851431438636,1.6372140517038072,1.6320051167682341,1.6272183115241934,1.622817422520407,1.6187696363983273,1.6150451758151754,1.6116169856226135,1.6084604535039215,1.6055531638887086,1.6028746798709732,1.600406350750179,1.5981311399135225,1.5960334710935173,1.5940990926810896,1.5923149547641797,1.5906691000340787,1.589150564290827,1.5877492889359566,1.586456040260045,1.5852623378357213,1.5841603891828813,1.5831430305804521,1.5822036739638732,1.5813362579769805,1.5805352041564393,1.5797953765508963,1.5791120452849996,1.5784808531983412,1.5778977853643488,1.5773591414027184,1.576861509944005,1.5764017455200052,1.5759769471864267
2.3396793587174347,2.262989835869715,2.194900589490994,2.1344041992022116,2.0805826706012787,2.0326176463932835,1.9897893902431778,1.9514700335477586,1.9171143305933789,1.8862497798485558,1.8584670900501623,1.8334114630419889,1.8107748813176565,1.7902893938844495,1.7717213504576965,1.7548664839619694,1.739545731777625,1.725601693003373,1.7128956426936428,1.7013049718025166,1.6907210284500847,1.6810472911157472,1.67219780375052,1.6640958373568804,1.6566727446849332,1.6498669816784328,1.6436232612662582,1.6378918222010566,1.6326277944961283,1.6277906470047414,1.6233437170136529,1.6192537900405815,1.6154907297612737,1.6120271591634758,1.6088381767807376,1.6059011068083018,1.6031952777176206,1.6007018269480684,1.5984035262799874,1.5962846258902577,1.594330716769468,1.592528606060931,1.590866206493466,1.5893324355538605,1.5879171268416956,1.5866109483091173,1.5854053297484023,1.5842923966375926,1.583264910220472,1.5823162137603457,1.5814401830006357,1.5806311818311574,1.5798840214318177,1.57919392341476,1.5785564860800738,1.577967653587974,1.5774236879600612,1.5769211432582841,1.576456842220516,1.5760278546480535
2.349699398797595,2.2718856206461044,2.2028002883248803,2.14142658353221,2.0868347267596006,2.038194068309268,1.9947730953222793,1.9559331724834716,1.921119479554956,1.8898511441446548,1.8617116317554177,1.836339914277574,1.8134226338246475,1.7926872672621597,1.7738962495867503,1.7568419584985253,1.7413424508104007,1.7272378472350651,1.7143872853370279,1.702666307628406,1.691964659147572,1.6821844242389112,1.673238430956513,1.665048886777437,1.6575462115253476,1.6506680405902947,1.6443583632405265,1.6385667783413007,1.6332478486265707,1.6283605387457643,1.6238677369658954,1.6197358280047873,1.6159343169377174,1.6124355053083386,1.6092142029443077,1.6062474742628217,1.603514413572625,1.6009959469097654,1.5986746548962127,1.5965346145895083,1.5945612600014651,1.5927412557355936,1.5910623849451941,1.589513447172004,1.5880841685629683,1.5867651190621053,1.5855476389929504,1.5844237720850005,1.5833862048224288,1.582428212054864,1.5815436068673563,1.5807266957292827,1.5799722371633365,1.5792754044665918,1.5786317515837502,1.5780371819333674,1.5774879200986875,1.576980485721689,1.5765116698845552,1.5760785132626562
2.3597194388777556,2.280781748046532,2.2106996677609705,2.148447585181799,2.093084270414294,2.0437669508035583,1.9997524096956483,1.9603912641522174,1.9251191107573127,1.8934466849024476,1.8649501831537398,1.839262321774883,1.8160643790296855,1.7950792392079657,1.7760654053497613,1.7588118857095487,1.743133844996711,1.7288689163107371,1.7158740924245737,1.7040230617177632,1.693203961763346,1.6833174794432437,1.6742752244375698,1.6659983389003727,1.6584163084687837,1.6514659471436777,1.6450905200298578,1.6392389858606717,1.633865340044549,1.6289280431312936,1.6243895345862387,1.6202157986284882,1.616375982092632,1.6128420654782003,1.609588570332234,1.6065923017328714,1.6038321202698156,1.601288741017466,1.5989445538738472,1.5967834632003635,1.5947907464394304,1.592952926048242,1.5912576559809926,1.5896936181927703,1.5882504317180983,1.5869185688147125,1.5856892806411704,1.5845545294644452,1.5835069272778726,1.582539680769591,1.5816465406025066,1.5808217560465776,1.5800600331738142,1.5793564971590248,1.5787066577713464,1.578106377855253,1.5775518447116907,1.5770395437078932,1.576566234405429,1.5761289284793039
2.369739478957916,2.2896783665737366,2.218598960374097,2.1554674794101105,2.099331593914228,2.049336588001399,2.004727620427025,1.9648445837059105,1.9291134850037075,1.8970366475784162,1.8681829741997475,1.8421789003128786,1.8187003171271159,1.797465496057898,1.7782289910091347,1.7607764265818566,1.744920063833241,1.730495038995418,1.7173561927129324,1.7053753535038212,1.6944390470527295,1.6844465594123488,1.675308279373495,1.666944281932892,1.6592831172460434,1.652260777056009,1.6458198017700203,1.6399085097155226,1.6344803289015504,1.6294932158565398,1.6249091614378774,1.6206937496443499,1.6168157694083582,1.6132468805653946,1.6099613167886047,1.6069356242387476,1.6041484302140183,1.6015802392538145,1.5992132509526504,1.5970311973859757,1.595019199824072,1.593163638960046,1.591452039914933,1.589872967405854,1.5884159336860968,1.5870713136405816,1.5858302695588748,1.5846846825242327,1.5836270903012348,1.582650631662512,1.5817489950793002,1.5809163728378286,1.5801474187610123,1.5794372100896197,1.5787812125928078,1.5781752487046181,1.5776154685961186,1.5770983235016556,1.5766205415941397,1.5761791056708878
2.3797595190380756,2.2985756252788105,2.226498399593413,2.162486542356009,2.1055769903172763,2.054903274463691,2.0096990147094878,1.9692934061296312,1.933102862667381,1.900621276978365,1.8714102340208922,1.845089863708435,1.8213306472512512,1.799846223021733,1.780387178661307,1.762735740918282,1.7467012556321226,1.7321163528828034,1.7188337138113277,1.7067233013043877,1.6956700246935923,1.6855717657945744,1.6763376899538407,1.6678868031386163,1.6601467186917747,1.6530526051960293,1.646546277795044,1.6405754141064612,1.6350928746380322,1.630056111948882,1.625426668457688,1.6211697281984347,1.6172537225184818,1.613649990949454,1.6103324796787646,1.6072774763541833,1.6044633753938324,1.6018704712137788,1.5994807735115275,1.5972778424737994,1.5952466435839696,1.593373416142099,1.5916455567916212,1.5900515133507296,1.588580691613709,1.5872233693978268,1.5859706204119388,1.5848142448272462,1.5837467064350292,1.5827610763322515,1.5818509810232635,1.5810105560209777,1.580234403095918,1.5795175517385136,1.5788554238893309,1.5782438017317488,1.5776787984557819,1.5771568313014195,1.5766745971817917,1.576229050136349
2.389779559118236,2.307473673755687,2.2343982197112116,2.169505051063696,2.1118207534293836,2.0604673052352833,2.0146668799193743,1.973738006298541,1.9370875037496562,1.9042008173154807,1.8746321909746684,1.847995424872162,1.8239555675304622,1.802221604235115,1.7825401392867533,1.7646899873854767,1.7484775675664939,1.7337329944385562,1.7203067822226084,1.7080670223606895,1.6968970033230342,1.6866931992375946,1.6773635494104564,1.668825988868181,1.6610071927731922,1.6538415056107205,1.6472700166624348,1.6412397625019393,1.6357030360054687,1.6306167857884546,1.6259421059754355,1.6216437808681097,1.6176898845245204,1.6140514365126502,1.6107020959037759,1.6076178922197966,1.6047769873941382,1.602159466116274,1.599747148579326,1.5975234234656221,1.5954731008448846,1.5935822789840552,1.5918382263942112,1.5902292743240822,1.588744722422306,1.5873747517354215,1.586110347672221,1.5849432297564328,1.5838657880549352,1.5828710262227836,1.5819525090165942,1.5811043153811601,1.5803209952264832,1.5795975304718775,1.5789292993965656,1.5783120440891945,1.5777418409039996,1.5772150732218542,1.5767284068219407,1.5762787671028495
2.3997995991983965,2.3163726621356533,2.2422986558920237,2.176523283508812,2.118063177844244,2.066028975893865,2.0196315036707184,1.9781786590351955,1.9410676679382814,1.90777551226849,1.8778490727057855,1.8508957958640773,1.8265752751410063,1.8045918228113302,1.7846880427995766,1.7666393235612512,1.7502491457155531,1.735345099043083,1.721775523383771,1.7094066328756796,1.6981200905735343,1.6878109594224637,1.678385950049522,1.6697619245893205,1.6618646186182993,1.6546275515517495,1.647991086177928,1.6419016176613996,1.6363108710879795,1.6311752911283393,1.6264555237326115,1.6221159536796061,1.6181242980122827,1.614451256655221,1.6110702019145873,1.607956905556272,1.6050892974083484,1.6024472528155471,1.6000124028454104,1.5977679650473786,1.5956985944388697,1.5937902486025881,1.59203006825225,1.5904062683870852,1.5889080428146287,1.5875254760994522,1.5862494656233583,1.5850716505201738,1.5839843473747703,1.5829804926280373,1.5820535895024312,1.5811976605746576,1.5804072040812842,1.579677154545307,1.579002846747753,1.5783799828346743,1.5778046024662875,1.5772730552963419,1.5767819760928972,1.5763282617279077
2.409819639278557,2.32527274108193,2.2501999441820417,2.183541518625116,2.1243045589836833,2.071588582599556,2.024593173870308,1.9826156391673293,1.9450436146660959,1.9113456050399829,1.8810611062033613,1.85379118794916,1.8291899663606364,1.806957060892778,1.786831058096731,1.768583905981489,1.7520161351091552,1.7369528010338198,1.723240061705972,1.7107422480518275,1.6993393931085794,1.6889251450971554,1.6794049832830737,1.6706946949164685,1.662719074543644,1.6554108155014653,1.6487095534198146,1.642561041658016,1.636916437323564,1.6317316811143818,1.6269669709009131,1.62258629212524,1.6185570050679041,1.6148494903102992,1.611436833725923,1.6082945496772723,1.60540033625041,1.6027338598123264,1.6002765626700166,1.5980114915987673,1.5959231469131954,1.593997345849666,1.5922211016493535,1.5905825133725173,1.5890706692813905,1.5876755577392347,1.5863879883664367,1.5851995201575366,1.5841023964513594,1.5830894866964065,1.582154232789028,1.5812906011327628,1.5804930384731002,1.5797564321071347,1.5790760734767912,1.578447624933911,1.5778670895829818,1.5773307834794064,1.5768353104999735,1.5763775391014736
2.4198396793587174,2.3341740617842683,2.258102321518786,2.1905600363316395,2.130545193138652,2.077146422145148,2.0295521787733093,1.987049221586092,1.9490156031699926,1.914911338414884,1.884268517858127,1.8566818116528119,1.831799836622012,1.8093174997021586,1.788969353106891,1.7705238901866616,1.7537786797719679,1.7385562337470577,1.7247005206140626,1.7120739821284232,1.7005550166578063,1.6900358541096194,1.6804207396600588,1.67162438363989,1.6635706380816198,1.6561913691984564,1.6494254847628411,1.6432180959010263,1.6375197915249562,1.6322860083046469,1.6274764961003787,1.6230548411803098,1.618988047293583,1.6152461759585568,1.6118020269299038,1.608630857502103,1.6057101343665712,1.6030193152647536,1.6005396540944046,1.5982540272026713,1.596146780539089,1.5942035913206647,1.5924113456307325,1.59075802689174,1.5892326181077419,1.58782501171331,1.5865259298255425,1.58532685154342,1.5842199471892981,1.5831980194351611,1.5822544490538388,1.581383146465563,1.5805785071024159,1.5798353712016726,1.5791489870212372,1.5785149772634128,1.577929308611813,1.577388263649094,1.5768884154776863,1.5764266042479689
2.429859719438878,2.3430767759536075,2.2660060257411008,2.1975791175604242,2.136785377510933,2.0827027920070424,2.034508807039524,1.9914796813047815,1.9529838925502374,1.9184729548191317,1.8874715335196985,1.8595678768162474,1.8344050805659358,1.8116733195933994,1.791103094838994,1.772459430767962,1.7555369227672086,1.7401555295593187,1.7261570225856617,1.7134019484184102,1.7017670660516708,1.6911431834403694,1.6814333088969253,1.6725510737543663,1.6644193860073304,1.6569692836626895,1.6501389459017108,1.6438728411576813,1.6381209899001075,1.632838324688521,1.627984147417195,1.6235216453196817,1.619417465823017,1.6156413516425645,1.6121658167094,1.608965861568125,1.606018721846917,1.6033036469990962,1.600801702850802,1.5984955956543898,1.5963695173203039,1.5944090053623128,1.5926008190105587,1.5909328263415283,1.5893939053796033,1.5879738528953091,1.5866633037532019,1.5854536573935925,1.584337011345621,1.583306101714772,1.5823542483475237,1.581475305865648,1.580663618560855,1.5799139797723891,1.5792215947252468,1.5785820466131928,1.5779912658304223,1.5774455016093034,1.576941296391913,1.576475462128281
2.4398797595190382,2.351981035816739,2.273911295599393,2.204599044284752,2.1430254102554938,2.0882579903968934,2.0394633477902726,1.995907293518094,1.9569487418301539,1.922030696378575,1.8906703785539274,1.862449592651848,1.837005892094452,1.8140247001023595,1.7932324494304912,1.774390681413095,1.757291006239999,1.7417508199283243,1.7276096891897996,1.7147262593447814,1.7029756452556781,1.6922472292346318,1.6824427799077826,1.673474847487456,1.6652653943650504,1.6577446292202531,1.6508500018742047,1.6445253375748337,1.638720088072328,1.633388681705491,1.6284899724211894,1.6239867485340767,1.6198453013365626,1.616035054980895,1.612528237851143,1.6092995940429384,1.6063261284366863,1.6035868825202568,1.601062734372162,1.598736220470693,1.596591379001517,1.5946136080804818,1.5927895403791898,1.591106928910768,1.5895545469898729,1.5881220959797098,1.58680012373571,1.585579950269629,1.5844536005343726,1.5834137442731422,1.5824536405978664,1.5815670885117388,1.5807483813345375,1.5799922656650194,1.5792939038424543,1.5786488396894331,1.5780529674388286,1.5775025030920673,1.5769939585420014,1.5765241176417164
2.449899799599198,2.360886994111019,2.281818370766164,2.21162009954793,2.1492655905235463,2.0938123163139593,2.044416090665941,2.000332333661908,1.9609104100162056,1.9255848049781217,1.893865277900369,1.8653271677985135,1.8396024644238334,1.8163718199973369,1.7953575821953323,1.776317794951746,1.7590410714603593,1.7433422354335721,1.7290586411251534,1.716047026476554,1.704180857404185,1.693348086834071,1.6834492408341413,1.674395786327346,1.6661087384942768,1.6585174755277117,1.6515587170839279,1.6451756447001646,1.6393171411000849,1.6339371302635946,1.628994018183018,1.6244501943460714,1.6202715940761216,1.6164273231819657,1.6128893247585947,1.60963208673634,1.606632383547377,1.6038690490220848,1.6013227738017328,1.5989759248987006,1.5968123870765667,1.5948174193478253,1.5929775281102512,1.59128035158702,1.5897145586445098,1.588269755487469,1.5869364031983524,1.5857057425837473,1.5845697262310883,1.5835209577197578,1.5825526356136164,1.5816585034722423,1.5808328038073725,1.5800702366306099,1.579365921538789,1.5787153631170936,1.57811441956184,1.5775592737597843,1.577046407162837,1.576572575627911
2.4599198396793582,2.369794804079109,2.289727491846812,2.2186425674926036,2.155506218506294,2.099366069598199,2.049367325884198,2.0047550774736345,1.964869156158496,1.9291355223211597,1.8970564561298835,1.8682008103770174,1.8421949901374746,1.8187148573293943,1.797478657671701,1.77824092340075,1.76078725886586,1.7449299058165464,1.7305039982578934,1.7173643605643454,1.7053828048338013,1.6944458508081115,1.6844527790742572,1.675313971050316,1.6669494930554118,1.6592878915961005,1.6522651553227088,1.6458238215030818,1.6399122034964795,1.6344837207575684,1.6294963312910626,1.624912025825824,1.6206963838597688,1.6168181930576373,1.6132491114645833,1.6099633711120627,1.6069375162676496,1.604150173397498,1.6015818460024518,1.5992147319245977,1.5970325627965365,1.595020458811275,1.5931648003675851,1.5914531111629617,1.5898739558685042,1.5884168457715575,1.5870721554105292,1.5858310466035546,1.584685399777189,1.5836277525397564,1.5826512430882576,1.5817495597087419,1.5809168942642875,1.5801479003285104,1.579437654895246,1.5787816234424739,1.5781756282514268,1.5776158192074141,1.577098647426872,1.5766208408687092
2.4699398797595187,2.378704619463713,2.2976389003906807,2.225666733390597,2.161747595479375,2.104919550984108,2.0543173442989144,2.0091758010531477,1.968825239411722,1.932683089989285,1.9002441375024068,1.871070728045418,1.8447836612387318,1.8210539894825484,1.7995958396695424,1.7801602180089944,1.7625297081039688,1.7465139600205868,1.7319458796591738,1.7186783715755811,1.7065815891164149,1.6955406149848855,1.6854534813121012,1.6762294817478323,1.6677877320550847,1.6600559458145683,1.6529693797926617,1.6464699263952887,1.6405053292484209,1.6350285030867036,1.6299969578680498,1.6253722856065347,1.6211197100961279,1.6172077010365808,1.613607631643724,1.6102934782993108,1.6072415553740356,1.6044302822484229,1.6018399755661679,1.599452664282191,1.5972519271776886,1.595222745899397,1.5933513751120711,1.5916252242427076,1.590032754011731,1.5885633810223814,1.58720739349078,1.5859558744567002,1.5848006323842907,1.5837341390979176,1.5827494726037015,1.5818402660794155,1.581000660894394,1.5802252643293015,1.5795091109105939,1.5788476271357201,1.5782365994890393,1.577672144964623,1.5771506844461116,1.576668918090001
2.479959919839679,2.3876165945023615,2.3055528389023907,2.2326928836732973,2.167990023848038,2.110473062155333,2.059266437459806,2.0135947809243446,1.9727789190966047,1.9362277495023676,1.903428546024927,1.8739371280545465,1.8473686692037357,1.823389393223839,1.8017092913179027,1.7820758293020813,1.7642685580741126,1.7480945262304464,1.733384403642284,1.7199891687293472,1.7077773110918568,1.6966324724818151,1.6864514335459697,1.6771423978532911,1.6686235288711253,1.6608217059736894,1.6536714531279284,1.6471140172510523,1.6410965718355035,1.6355715266724207,1.630495943587409,1.6258310158996596,1.6215416117985184,1.6175958831774184,1.6139649186246254,1.610622439104095,1.6075445293414607,1.6047094018955563,1.6020971868226994,1.5996897444613078,1.5974705010092543,1.5954242998296126,1.5935372701083172,1.5917967072480104,1.5901909682546995,1.5887093752731087,1.5873421304117146,1.5860802381354437,1.5849154351384322,1.5838401276425778,1.5828473336339117,1.5819306313423902,1.5810841117940906,1.580302336117667,1.5795802965040326,1.5789133805932833,1.5782973391878836,1.577728256497888,1.5772025232740603,1.5767168119635215
2.4899799599198396,2.3965308839221913,2.31346955085341,2.2397213059625747,2.174233807193028,2.116026905800066,2.0642148976728234,2.0180122940973333,1.9767304547618272,1.9397697423789766,1.9066099055096781,1.8768002173035951,1.8499502050341985,1.8257212447533102,1.803819175112106,1.7839879071267681,1.7660039469694753,1.7496717319115522,1.734819687799485,1.7212968605309171,1.7089700709002296,1.6977215157358605,1.6874467211167599,1.6780527981684297,1.6694569562772206,1.6615852392884596,1.6543714374161158,1.6477561514271761,1.6416859842486045,1.6361128404755796,1.6309933336893698,1.6262882585098801,1.6219621275988654,1.6179827751816498,1.6143210054018955,1.6109502840203798,1.60784646635359,1.6049875583879698,1.6023535038487409,1.5999259947160571,1.5976883048610915,1.5956251396152974,1.5937225029312398,1.5919675764243573,1.5903486136141982,1.5888548424048983,1.5874763790048583,1.58620414950114,1.5850298190042302,1.5839457283094758,1.5829448355484634,1.5820206641590393,1.5811672549701148,1.5803791230952202,1.579651218517811,1.5789788901403436,1.5783578531951639,1.5777841592125732,1.5772541689076418,1.5767645271086284
2.5,2.4054476429347407,2.3213892806938823,2.246752289102244,2.1804792503172163,2.1215813856672425,2.0691630180613028,2.022428618131298,1.9806801062465103,1.9433093101972077,1.9097884396326055,1.8796602023958477,1.85252845931026,1.828049719753938,1.8059256529608052,1.7858966006952268,1.7677360123185681,1.7512457038490048,1.7362518490385581,1.7226015548059714,1.710159968013923,1.6988078365334465,1.6884394287359248,1.6789607608894224,1.670288086467258,1.662346612420993,1.6550693942194439,1.6483963857826924,1.6422736190082143,1.636652493013532,1.6314891729968235,1.6267440548498446,1.6223812957613981,1.6183684124063764,1.6146759246479545,1.6112770432410466,1.6081473943130025,1.6052647775125428,1.602608950476614,1.6001614370729436,1.5979053590912067,1.5958252840727534,1.5939070909725241,1.5921378478469557,1.5905057049488402,1.588999796152036,1.587610151965406,1.586327620288643,1.5851437948289557,1.584050951125527,1.5830419876160375,1.582110373097212,1.5812500983425333,1.5804556325832668,1.579721883719781,1.5790441620331706,1.5784181472942664,1.577839858454948,1.577305626289067,1.5768120680940287
