0,1,2,3,4,5,6,7,8,9,10,11,12,13,14,15,16,17,18,19,20,21,22,23,24,25,26,27,28,29,30,31,32,33,34,35,36,37,38,39,40,41,42,43,44,45,46,47,48,49,50,51,52,53,54,55,56,57,58,59
1.8910471413051866,1.6811672448171677,1.49273983183277,1.3254607757005488,1.1779572929994764,1.0483673521187953,0.9346879986000989,0.8349702376957513,0.747415920986052,0.6704174112920436,0.6025647447351545,0.5426348617117549,0.4895747911264392,0.4424813358626567,0.4005810453115677,0.36321176753317364,0.32980616939126683,0.29987709620893366,0.2730058846517336,0.24883173584096863,0.2270426296095307,0.20736815595043367,0.1895733569300484,0.173453488443287,0.15882948092530214,0.1455443640309806,0.13346016873502897,0.12245533548956189,0.11242251989364682,0.1032664003341699,0.09490236293957732,0.08725518176893043,0.08025766710043403,0.07384975516843806,0.06797762813815833,0.06259297856088253,0.05765233600919295,0.05311654071857852,0.04895026807340663,0.04512155963473763,0.04160150036906618,0.038363862004584526,0.03538486251136952,0.03264285796230837,0.0301181759360869,0.027792883732598028,0.025650633535261314,0.02367650919374409,0.021856874068575394,0.02017927018978849,0.018632290376512373,0.017205495093572942,0.01588931518532899,0.014674977269715228,0.013554433732210214,0.012520294778082253,0.011565776786368609,0.01068464331761998,0.009871163900765367,0.00946442419233584
1.8689815199529658,1.6612266613756255,1.4749648978167063,1.3097499753909325,1.164138027859245,1.036240162544848,0.9240520715098022,0.8256367867101222,0.7392142476570118,0.6631967373859693,0.5961937641216597,0.537000245387933,0.4845792056177656,0.4380413928240845,0.39662535970675705,0.35967920314585733,0.32664430115846077,0.29704088224134395,0.2704565453713581,0.24653579261375125,0.22497110328738135,0.2054958923820127,0.18787845896660382,0.171916837824182,0.1574343397752198,0.14427603744687545,0.13230571977879357,0.12140334357143345,0.11146287546049738,0.1023901357241952,0.09410150358979408,0.08652261822029494,0.07958704834431174,0.07323539559508596,0.06741442763031458,0.062076353335793755,0.05717815931240544,0.05268109078457872,0.048550182653674945,0.04475379709931282,0.041263304915881704,0.03805273368115092,0.03509853013765163,0.03237925620318105,0.029875424185998867,0.02756926800079995,0.025444590074363838,0.023486609938196956,0.021681813895089164,0.020017855220246794,0.018483427788482665,0.017068183778490287,0.01576263749789142,0.014558091548182439,0.01344656754934892,0.01242073890359574,0.011473879651813235,0.010599806098627873,0.009792835980269032,0.009389350921091832
1.8468665067463519,1.6412751119994162,1.4571991045818766,1.2940571965051806,1.150339233854094,1.024132493910539,0.9134331307092314,0.8163172365548022,0.7310233918847464,0.6559840695488139,0.5898283594076092,0.531369177016221,0.47958551959793816,0.4336020381187211,0.39266924031642336,0.3561454245593776,0.3234806368733256,0.2942024517632458,0.2679046982587385,0.24423715274980662,0.22289677220083348,0.20362077871690865,0.18618071385357204,0.17037737964331612,0.15603645794871834,0.1430050569152197,0.13114871753752144,0.12034890831097211,0.11050090326165662,0.10151166170023984,0.09329855375498575,0.08578808202282406,0.07891457242200417,0.0726192910558554,0.06684959041060701,0.06155819525268669,0.05670254891808835,0.05224430145713832,0.048148847227831304,0.04438486904107197,0.04092402359283209,0.037740594425907936,0.034811257206133206,0.032114779866216914,0.029631859631815693,0.027344897227883358,0.025237845525416525,0.023296059940229874,0.02150614991708988,0.019855880173316187,0.01833404583042153,0.0169303909659968,0.015635513528473588,0.014440792272685243,0.013338318214981548,0.012320828107994508,0.011381653799911184,0.010514664476555247,0.009714226210775223,0.009314007077887432
1.8247052059161017,1.6213143814606479,1.4394433400016826,1.2783827582244456,1.1365608899053292,1.0120441337038777,0.9028308649153516,0.8070112328285095,0.7228429884487353,0.6487790497375645,0.5834681891397775,0.5257413361337226,0.47459343512366914,0.42916299626011956,0.3887124332109604,0.3526101981005114,0.3203149616676404,0.2913616072282599,0.26535016167185344,0.24193564918332022,0.22081948263059203,0.20174267345568708,0.18447999128537784,0.1688349938549516,0.15463572481032806,0.14173132043813208,0.12998906794746024,0.11929194293736067,0.10953652323434593,0.10063090437307576,0.09249344523030167,0.08505151020813617,0.07824018119094056,0.07200138785713683,0.06628306688826413,0.0610384585055046,0.0562254625122538,0.0518061336450959,0.04774622567953912,0.04401474209004608,0.04058362556583095,0.0374274157465182,0.03452301738727126,0.031849404619532784,0.02938745978699142,0.02711975063202754,0.025030380681596576,0.02310484144818936,0.021329865727461872,0.019693329884322708,0.018184130485718875,0.016792103700429273,0.015507931301854683,0.014323068374153536,0.013229675497483662,0.012220552933612794,0.011289090488331155,0.01042921037022193,0.00963532712221049,0.00923838549820033
1.8025007120049885,1.6013462446459403,1.4216984870841642,1.2627269797261942,1.1228029781618964,0.9999748742800119,0.8922449682112887,0.7977184263027537,0.7146726767467282,0.6415813238255241,0.5771129150573273,0.5201164047908513,0.4696026561616051,0.4247239931538749,0.384754685419022,0.34907329069780335,0.31714706098627143,0.28851815117306057,0.2627927538709596,0.23963111461088538,0.21873908051379676,0.1998614346770866,0.1827761604788236,0.16728955989807837,0.15323202918623213,0.14045472546783344,0.12882667639254386,0.11823236013204674,0.10856965477822111,0.09974778933012463,0.09168610930476717,0.08431283932111011,0.07756381604262064,0.07138163186108049,0.0657148070504121,0.06051709688826179,0.055746857403025096,0.05136654790092621,0.0473422815570812,0.0436433825612248,0.040242079705228306,0.03711316887379468,0.0342337840924678,0.031583105889154695,0.029142201938934242,0.026893807220567112,0.02482217613949178,0.022912936527306194,0.02115294474865248,0.019530189029977052,0.018033667590313662,0.016653308889087448,0.015379878715542361,0.014204908665287341,0.01312062905544309,0.012119903820941857,0.011196180880257423,0.010343435610837837,0.009556131163255266,0.00916247893946176
1.7802561097635738,1.581372466897104,1.4039654243646815,1.2470901804876622,1.109065484191749,0.9879245129603742,0.8816751400806666,0.7884384729140548,0.7065121007616737,0.6343905415550477,0.5707622020371117,0.5144940674935983,0.46461288852992944,0.4202847560400924,0.38079574487172696,0.34553446982773295,0.31397672053574244,0.2856718861683749,0.2602322929719936,0.23732338144737852,0.21665541140228228,0.19797691999859257,0.18106909013590577,0.16574095666138433,0.15182525933130187,0.13917516887567594,0.12766144767526022,0.11717007200159557,0.10760021672980624,0.09886224161153034,0.09087647673893251,0.08357200539899523,0.07688541788311909,0.07075996846741983,0.06514476044509276,0.05999406377926064,0.055266690505839655,0.05092550440704002,0.04693697806064545,0.04327075644267708,0.039899354574828294,0.03679782475148219,0.03394353046462406,0.031315858850198275,0.028896063140817496,0.02666704578233592,0.02461321229210167,0.02272032705318061,0.020975370226610224,0.019366442122827898,0.01788264282748031,0.01651399329739789,0.015251343535247486,0.014086301836413462,0.013011168433907372,0.012018871105072826,0.011102916041121347,0.010257331938947623,0.00947663069851945,0.009086280078305364
1.757974474045989,1.5613948043469161,1.3862450262928228,1.2314726805851617,1.0953483971720068,0.9758928521324162,0.8711210854435736,0.7791710337588009,0.698360909031579,0.6272063564929509,0.5644157180415865,0.5088740111479195,0.45962383984185173,0.4158450134373659,0.37683536034792464,0.3419935034619215,0.31080372623349284,0.28282261477049264,0.2576685969003645,0.23501228178206546,0.214568320420927,0.19608898653698414,0.17935864840653348,0.16418906244811016,0.1504153028959454,0.13789254692096797,0.12649328598742127,0.1161049900501121,0.10662812733674087,0.09797418568603167,0.09006447774225546,0.08282894395028162,0.07620492711335025,0.07013634259504187,0.06457287616409069,0.05946931212504225,0.05478491832858978,0.05048296296189747,0.0465302780293797,0.042896829383520796,0.03955541842070254,0.036481354025839074,0.03365222936843715,0.03104763841790259,0.028649020203261877,0.026439444879993168,0.024403469321621074,0.022526994705129866,0.020797125224607527,0.019202073505515393,0.01773104172255291,0.016374143544024555,0.015122313390363296,0.013967236451302156,0.012901283060422486,0.011917445012090688,0.011009286935226292,0.010170891001317628,0.009396818005700247,0.009009781507887116
1.7356588697054054,1.5414150042501351,1.3685381636135308,1.2158748009898268,1.081651710077809,0.9638796993503718,0.8605825146948476,0.7699157750908814,0.6902187546221139,0.6200284259886635,0.5580731340690237,0.5032559250062318,0.4546352194507275,0.4114044950881057,0.3728732814206426,0.3384501600150669,0.30762786415779786,0.2799701394731402,0.25510148334503047,0.23269764733478748,0.21247765222602855,0.1941974908688815,0.17764470285118072,0.16263375494071752,0.14900204689281882,0.13660675521957266,0.1253220948805911,0.11503702515147651,0.1056533042317298,0.09708354542651954,0.0892500419502662,0.08208358993329501,0.07552228360904856,0.06951069866329096,0.06399910282549826,0.058942794424159395,0.05430149695641706,0.05003888296588599,0.04612214392824221,0.042521566681719136,0.03921023915982147,0.036163727035081195,0.03335985338060787,0.030778419238499666,0.028401049685884416,0.02621098284214529,0.02419292719218813,0.02233292095942918,0.02061819261697906,0.019037067344966907,0.017578849637511773,0.01623374609586392,0.014992775769315791,0.013847700942846153,0.01279096224108045,0.01181561565541056,0.010915284422376992,0.010084104347809486,0.009316685272637848,0.008932975735049808
1.7133123514889803,1.5214348053096494,1.3508457037429267,1.2002968638597533,1.0679754198700753,0.9518848674367764,0.8500591437443461,0.7606723683219885,0.6820852951021728,0.6128564111351364,0.5517341241063045,0.49763950061599616,0.44964673839706926,0.40696293190535027,0.36890925840459055,0.3349042082938736,0.3044489204982037,0.277114262659901,0.25253076971278876,0.23037930941233853,0.2103832509637371,0.19230228899121293,0.1759271204033741,0.1610749111654064,0.1475853776632663,0.13531768871230643,0.12414777723629644,0.11396608752140214,0.10467566440618636,0.09619024408536347,0.08843309840137703,0.08133587773453854,0.07483742670052251,0.06888298057305953,0.06342338855601426,0.05841446271063866,0.05381638203635131,0.04959322340698069,0.04571253783466567,0.042144933271646146,0.03886378436848581,0.03584491379864385,0.03306637477984875,0.03050817567996411,0.028152127888638745,0.025981637755347897,0.023981565642450242,0.022138087082437252,0.020438555082740173,0.018871407626446235,0.017426051765516704,0.016092787262942387,0.014862718014865273,0.013727683608708574,0.012680195156486995,0.011713373031998486,0.010820899254380123,0.009996963428151595,0.009236224594348919,0.00885585517744536
1.6909379639325373,1.5014559379977666,1.3331685111385116,1.1847391928286566,1.0543195276825479,0.9399081745849625,0.8395506940595698,0.7514404900246685,0.6739601925222605,0.6056899767324309,0.5453983650840266,0.4920244317704725,0.44465810935716554,0.40252005592094076,0.36494304230484165,0.33135541744667485,0.3012666815067089,0.27425478655695557,0.2499562730828897,0.22805709886496217,0.20828496022847975,0.19040323628163325,0.17420576733210513,0.1595124074564902,0.14616518084357377,0.13402524163301344,0.12297023523597073,0.11289208668904038,0.1036951241836448,0.09529420426937385,0.08761357551346105,0.08058574114671924,0.07415029515209781,0.06825313168752345,0.06284568097301602,0.05788426853724715,0.05332952876166974,0.049145942846196,0.04530142142498583,0.041766893711439046,0.038516021270589285,0.035524884006248314,0.03277176553672323,0.030236881822536255,0.027902230843115383,0.025751387455961172,0.02376936417800124,0.02194247412354411,0.020258195099058796,0.01870507814757172,0.017272633125302583,0.015951253193251524,0.014732127319310173,0.013607172606868723,0.012568970857604889,0.011610707018583355,0.010726122071509359,0.009909459588657299,0.009155427969997909,0.008778412160668214
1.6685387412548636,1.4814801248725917,1.3155074476642348,1.1692021132913677,1.04068403900758,0.9279494444629321,0.8290568927104536,0.742219821938277,0.6658431133958276,0.598528791254096,0.539065536834169,0.4864104144614201,0.4396690465935249,0.3980756002350727,0.3609743847665081,0.3278035569139659,0.2980809334494028,0.27139151318623433,0.24737781016182847,0.22573084604290194,0.206182623021407,0.18850018745883546,0.17248050920402935,0.15794611942042458,0.1447413413309917,0.1327293074764313,0.12178937033056947,0.1118149314684036,0.10271159919280404,0.0943953479145554,0.08679140106010674,0.07983311334647247,0.07346082714123625,0.0676210948126732,0.0622659271663073,0.057352162958470565,0.05284089185602525,0.04869699940273531,0.044888755960630355,0.041387412170177384,0.0381669167256371,0.03520360700676406,0.03247599730329398,0.029964511449129816,0.027651334303531172,0.025520209521876502,0.02355630206368975,0.02174606290807013,0.0200770949346607,0.0185380625121212,0.01711857855547283,0.015809129867467853,0.014600990719544349,0.013486155951079049,0.012457278261575055,0.011507607367735595,0.010630943398912684,0.009821584068894218,0.00907428729978843,0.008700638915237757
1.646117707250987,1.4615090808895115,1.297863372950312,1.1536859526862475,1.0270689638820052,0.91600850631818,0.8185774724166617,0.7330100509777004,0.6577337286835139,0.5913725268162473,0.5327353220501152,0.48079714683400443,0.4346792659069454,0.39362929896722854,0.35700303802553623,0.3242483963796561,0.29489146255874843,0.2685242443189573,0.24479519723837662,0.2234003807531071,0.20407608170879055,0.18659299654276484,0.17075121084551448,0.156375921899774,0.14331374324943358,0.13142977896571484,0.12060508320990593,0.11073452992940602,0.1017250043402873,0.09349359626038556,0.08596650214651724,0.0790779268717845,0.07276896023741042,0.06698681217748526,0.061684073679586504,0.05681809651316705,0.052350425557290414,0.048246350738958554,0.04447450227407668,0.041006452414751315,0.037816437216586785,0.03488105179688006,0.03217904140257577,0.029691038035526418,0.027399413737687617,0.025288081264012163,0.023342358315763256,0.02154883402995189,0.0198952366430305,0.01837034412378813,0.016963872708677386,0.015666403093539394,0.014469295092118806,0.013364621506233298,0.012345106147417795,0.011404063703897016,0.010535353642908696,0.009733327998273644,0.008992794381823543,0.008622527573594052
1.623677875185301,1.441544513707953,1.2802371447480798,1.138191040774652,1.0134743170717009,0.9040851950840612,0.8081121715971307,0.7238108692450052,0.6496317137803231,0.5842208591494558,0.5264074062491497,0.4751843291436808,0.4296884845903559,0.3891808872085223,0.35302875486050045,0.32068970572317834,0.291698054986389,0.26565278142951954,0.2422082501388001,0.22106553221591163,0.2019651779803544,0.18468151681467315,0.16901773630448869,0.15480168893682755,0.14188226991490804,0.13012654801970225,0.11941727377165368,0.10965078936858053,0.1007352537830064,0.09258886982388415,0.08513880518506767,0.0783201135990641,0.07207463138055203,0.06635022541378266,0.06110006649163058,0.05628201920701681,0.05185808360107291,0.04779395404502562,0.0440586207545568,0.040623977796601096,0.03746454883741368,0.03455718700955401,0.03188086881783292,0.029416434740410224,0.027146444317640572,0.025054979717764603,0.0231275116938523,0.021350767844339202,0.019712602055554918,0.01820190617976447,0.016808500045715213,0.01552305850119673,0.014337027148085824,0.01324255698365473,0.012232443151645178,0.011300065519339597,0.010439343087247366,0.00964468239255556,0.008910940908859466,0.00854407016701364
1.6012222476835891,1.4215881239927874,1.2626296192797337,1.1227177099176533,0.9999001182565781,0.8921793514874832,0.7976607344222852,0.7146219740440607,0.6415367485058265,0.5770734675733724,0.5200814777373797,0.4695716637152536,0.4246964213843585,0.3847301009752657,0.349051288545561,0.31712725497231364,0.28850049675646083,0.26277692564971034,0.23961678418222387,0.21872612902183342,0.19984975280761486,0.18276560077707504,0.16727994881206243,0.1532232937369704,0.14044680380068897,0.12881950571977274,0.11822584108995393,0.10856361627944455,0.09974226090021077,0.09168108837324773,0.08430823587055158,0.07755960471983236,0.07137777685927382,0.06571127553579803,0.06051385099714146,0.05574388049458534,0.05136381920407551,0.04733976602328216,0.043641071333495596,0.04023995123807467,0.037111217280516584,0.03423198090226176,0.03158145018157921,0.029140674395145005,0.026892400910303316,0.02482088163413554,0.02291174069284363,0.02115184445995677,0.019529172774457315,0.018032731664234802,0.01665244482943251,0.015379081536326389,0.014204173427851963,0.013119949936237774,0.012119277763793512,0.011195602169991048,0.010342901889259792,0.009555638150318124,0.008828718465037078,0.008465258622396554
1.578753816624472,1.4016416057112302,1.2450416515834295,1.1072662953501045,0.9863463922147098,0.8802908221582006,0.7872229108686168,0.705443067898095,0.6334485170973014,0.5699300349741554,0.5137572275771385,0.4639588549039475,0.4197027964343958,0.38027667716408864,0.345070392804252,0.31356081425675253,0.2852985737194791,0.2598964777232693,0.23702061413620967,0.216381999088342,0.19772964640204727,0.1808451001134781,0.16553771074394152,0.15164060863178008,0.13900722650212138,0.12750854227639774,0.11703068338372091,0.10747291632245304,0.09874593826511013,0.09077017090109774,0.08347471915501004,0.07679633071712377,0.07067833228863396,0.06506990291932802,0.059925371987250564,0.05520362926111577,0.05086758504698974,0.04688374287237895,0.0432218134696738,0.039854335218660886,0.0367564078237681,0.033905401344989095,0.03128075576444456,0.028863729493440182,0.02663725806771655,0.024585763470841293,0.0226950235345047,0.02095204373145254,0.019344930165630103,0.017862803341688327,0.016495691118580957,0.015234457455268746,0.01407072029578682,0.012996787753567496,0.012005598321866984,0.011090662871247048,0.010246020075950213,0.009466186049285064,0.0087461185225024,0.008386084759111068
1.5562755630298142,1.3817066464244832,1.2274740958534025,1.0918371354521916,0.9728131690066544,0.868419459739771,0.7767984567761532,0.6962738585703132,0.6253667082060232,0.5627902477847435,0.5074343495568723,0.4583456090585303,0.41470733124975734,0.3758203535081872,0.34108582176449964,0.3099901537624916,0.2820920715067121,0.25701123796074477,0.23441955417243587,0.21403296961667984,0.19560469817321735,0.17891986564796625,0.1637908835815205,0.15005350504178505,0.13756341870105881,0.12619354699536345,0.11583169798451642,0.1063785942946005,0.09774619761612868,0.08985603559737765,0.08263817922216088,0.07603022134139881,0.06997623258757635,0.06442604728061685,0.05933457362972128,0.05466121380393485,0.05036933325718973,0.046425840271053787,0.04280080613408899,0.03946709176086305,0.036400085317431774,0.03357741580798823,0.03097875546380191,0.02858557218071489,0.026380990017260686,0.02434960138309794,0.022477338158997107,0.020751345251435183,0.019159855351293942,0.017692103750155397,0.016338222761471677,0.015089171318924954,0.013936653934893961,0.012873057656830333,0.011891393007656959,0.010985236693596967,0.010148687539972556,0.00937631674267525,0.008663132437978227,0.008306540285629715
1.5337904569543959,1.361784927574421,1.2099278057756457,1.0764305720186584,0.959300484159904,0.8565651230021132,0.7663871339083839,0.6871140590875946,0.6172910148964617,0.5556537959678698,0.5011125401634686,0.4527316344866472,0.4097097486641399,0.37136086853506,0.3370973299145419,0.3064150436868873,0.27888077548503976,0.2541210061946053,0.23181341782252396,0.21167886704863914,0.19347474668674813,0.17698974730454342,0.16203932787279385,0.1484618534389437,0.13611526013000752,0.12487440824349161,0.11462878130403364,0.10528055409856574,0.09674294982773723,0.08893859982177066,0.08179853946142845,0.07526120558615457,0.06927141195595787,0.06377964765476474,0.05874139944871626,0.054116581813623554,0.04986901539104416,0.045966013361620206,0.04237800779459455,0.03907818241579264,0.036042214170741715,0.0332479913492989,0.030675418792109888,0.028306174243297733,0.02612357065156612,0.024112371214299877,0.022258662216194658,0.020549728342409423,0.01897392920252816,0.017520615194199785,0.016180023389567033,0.014943207986792828,0.013801960341153219,0.012748746693724833,0.011776649841994669,0.01087931255825847,0.01005089403554038,0.009286020755361335,0.008579751449251383,0.008226616796196407
1.5113014573743122,1.3418781247653477,1.192403634858774,1.0610469505258546,0.9458083788531102,0.8447276769561407,0.7559887100151208,0.6779633877673508,0.609221134648763,0.5485203730020727,0.49479149855708116,0.447116641422145,0.404709772798042,0.3668979615255452,0.33310467205987404,0.30283525419445567,0.27566447071228684,0.2512255817347242,0.22920201793395822,0.2093195170232942,0.19133962962219808,0.17505459406627732,0.1602829031928854,0.14686552330872793,0.13466262953581332,0.1235510134140716,0.1134218288011235,0.10417869871146124,0.09573610488081474,0.08801778007572647,0.08095572244159577,0.07448921166303801,0.06856380385123817,0.0631306423738387,0.058145792304258315,0.053569680354708105,0.04936658241588621,0.045504216733127656,0.04195337640010344,0.03868756824855435,0.035682758338198006,0.03291709460202075,0.0303707148650334,0.02802550709740448,0.02586497351823258,0.0238740484864719,0.02203897305680158,0.020347172048578166,0.018787132331583578,0.017348319737857665,0.016021076410828172,0.014796552110860617,0.013666625317934056,0.012623841733168106,0.011661356679848467,0.010772879232607835,0.009952629174261318,0.009195288479997288,0.008495966671571153,0.008146305767360307
1.4888115120744683,1.3219879080405583,1.1749024367605632,1.0456866203965376,0.9323369001009763,0.832906992970055,0.7456029588981439,0.668821568247493,0.6011567693642617,0.5413896758704517,0.48847092654856095,0.441500341994554,0.3997071290227927,0.3624313724741812,0.3291076032812601,0.29925055537344036,0.2724429418931029,0.24832476332406372,0.22658516662612538,0.2069547443337738,0.1891991837307172,0.1731142539341901,0.15852146810431567,0.14526438311190937,0.133205404643002,0.12222324889176406,0.11221073494844358,0.10307293015307195,0.09472557183259678,0.08709349197405292,0.08010964988388825,0.07371416697658617,0.06785334096460982,0.06247896904448158,0.05754769437128271,0.053020455846000125,0.04886198469169045,0.04504040440417967,0.041526869364596486,0.0382952098232181,0.03532168130564006,0.03258469176124823,0.030064612389386625,0.027743541777822678,0.02560517180937527,0.023634608390481482,0.021818247723284223,0.020143655127364823,0.018599445084088728,0.01717519919735011,0.01586136500302704,0.014649188129327584,0.013530634470155789,0.012498329459926794,0.01154550120535447,0.0106659253256014,0.009853882420851612,0.009104110173066005,0.008411769093981114,0.008065598554438669
1.4663235575350164,1.3021159421539252,1.1574250656100293,1.0303499352627554,0.9188861009393001,0.8211029488878463,0.735229660479777,0.6596883295197564,0.593097625374206,0.5342614050524608,0.48215052857929486,0.43588245020069305,0.39470154392631684,0.35796084205095724,0.32510587889370335,0.29566071719304254,0.26921597333521063,0.2454183490946127,0.2239626752464252,0.20458437288387366,0.187053244792601,0.17116857388586926,0.15675488011693162,0.14365830024582138,0.1317434621166491,0.12089100001711373,0.1109953931985519,0.10196314945367657,0.09371125878612663,0.08616565021596134,0.07926024263474218,0.0729359980984734,0.06713995519685323,0.06182456452519691,0.056947047118240945,0.05246885404066148,0.04835517195223904,0.04457452980541454,0.04109844355071779,0.037901067187555704,0.0349589460759514,0.0322507485708412,0.029757079650685192,0.027460248926391984,0.025344138350851253,0.023394025776100058,0.02159646294059847,0.019939156040829076,0.018410847531034058,0.01700123513365348,0.01570087210684079,0.014501100260235766,0.013393973198341236,0.012372196369123678,0.01142907092671841,0.01055843928301936,0.009754643088699666,0.009012475950829213,0.008327149575571013,0.007984486387937473
1.4438405188161862,1.2822638868363612,1.1399723763251135,1.0150372532269447,0.9054560406103818,0.8093154291498905,0.7248686008744931,0.650563405966218,0.5850434134517446,0.5271352645185479,0.47583001170369954,0.4302626818784594,0.38969274528071196,0.35348611156439613,0.3210992544064606,0.2920655094614055,0.2659833489062047,0.24250613652362585,0.22133435432644344,0.2022082256446911,0.1849016475745957,0.16921739983381645,0.15498299564744578,0.14204714100541693,0.13027667752484096,0.1195541510505782,0.10977569594958325,0.10084925662135369,0.09269307285922235,0.08523416855569899,0.07840742063797812,0.07215463074129236,0.06642357763358753,0.06116736490311414,0.056343791285349276,0.051914820005678486,0.04784609328608802,0.04410654576159967,0.04066805525307693,0.03750509985743111,0.034594515154506844,0.031915230309791376,0.02944808450052072,0.02717559878024023,0.025081845591312657,0.023152275141802292,0.021373595106704002,0.019733652946842817,0.01822131946058292,0.01682640884494102,0.015539580418764132,0.014352272494884133,0.013256626692599305,0.012245428760588872,0.011312053170997594,0.010450409382642967,0.00965490033545624,0.008920375785139711,0.008242098841590995,0.007902960369816636
1.4213653094425105,1.2624333970570323,1.1225452249261902,0.9997489371210833,0.8920467847494162,0.7975443249156244,0.7145195724634945,0.6414465373992151,0.5769938488271453,0.5200109617278725,0.4695090855743267,0.42464075468271023,0.38468046201145967,0.34900692292597846,0.3170874854840644,0.2884647017842745,0.2627448519907638,0.23958792239004545,0.21870001353820445,0.1998261246110733,0.18274422578702154,0.16726057658350335,0.15320566997862883,0.1404307705436958,0.12880492530063847,0.1182125851360416,0.10855153451040156,0.0997311506087506,0.09167092015287537,0.08429895977261737,0.07755110290652123,0.0713699897318687,0.06570413852018842,0.06050730547031424,0.0557378668623576,0.05135829810110071,0.04733469711696969,0.0436364044733617,0.040235660181098254,0.03710726680081322,0.03422835053428663,0.03157810177835785,0.029137594343611184,0.026889561159686437,0.02481826559101119,0.022909330624281132,0.021149620282887582,0.019527123690079584,0.018030840369704926,0.01665070135874469,0.015377472383937274,0.014202688591176127,0.013118579926350016,0.012118012733104422,0.011194435078709652,0.010341823729294042,0.009554643158402598,0.008827799499204758,0.00815660747954805,0.007821011469717476
1.3989008312849815,1.2426261232795621,1.105144468845145,0.9844853547642707,0.8786584055711533,0.7857895341887078,0.7041823739725483,0.6323374691047157,0.5689486512064112,0.5128882076289898,0.46318746242950404,0.419016388063409,0.37966442416849766,0.3445230186159831,0.3130703279083846,0.2848580635244602,0.2595002654483025,0.2366635027312114,0.2160594616504774,0.19743789075802542,0.18058081204070042,0.16529794779107654,0.1514227572181559,0.13880905283184752,0.12732807870358354,0.11686618426384854,0.10732279906515707,0.09860872927932807,0.0906447057192139,0.08335993564073885,0.07669120749357994,0.07058199898406059,0.06498156723606208,0.05984432069976453,0.055129213065852056,0.05079923195872027,0.04682093118391073,0.04316405749852592,0.03980121344165699,0.03670752642149999,0.033860413680644186,0.031239327283865137,0.028825576124580365,0.02660210545599284,0.024553370010287345,0.022665165987847402,0.020924514183788823,0.019319545792790827,0.017839389455605037,0.01647409342402817,0.015214530188734088,0.014052332066740725,0.012979817649991787,0.0119899341785068,0.011076203598463508,0.010232670249745723,0.009453860389760926,0.008734736763216233,0.008070665935138166,0.007738630521101353
1.3764499744423198,1.2228437117128976,1.0877709672306057,0.9692468792188258,0.8652909820577204,0.7740509619444058,0.6938568105529663,0.6232359518891073,0.5609075447931522,0.5057667166636381,0.45686485708371194,0.4133893032459657,0.37464436289900593,0.3400341416507269,0.30904753754164016,0.28124536376188836,0.25624937157111116,0.2337326727997313,0.21341250648506893,0.19504334399703893,0.17841123780357737,0.1633293559207516,0.14963411025692874,0.13718185061880384,0.12584600978068128,0.11551482923327416,0.10608937863742618,0.09748188937309443,0.0896143335288091,0.08241700689774589,0.07582765146334047,0.0697905814709765,0.06425579226856826,0.05917834422058732,0.05451776831613575,0.05023756446033367,0.046304742520790754,0.04268945573302929,0.03936466952118689,0.03630583654243402,0.033490665515727436,0.030898870626177022,0.028511996314404264,0.026313200618659494,0.024287130097850884,0.022419754613443033,0.020698252167288267,0.019110896445360126,0.017646945606939468,0.0162965655030467,0.015050735753172617,0.013901186191893622,0.012840324384373325,0.011861178775638415,0.010957345481217295,0.010122936687553263,0.00935254069184932,0.00864117708993195,0.007984264508134054,0.007655808217237325
1.3540156171205986,1.203087804557006,1.0704255812488483,0.9540338890447231,0.851944600147041,0.7623285202595698,0.6835426938658973,0.6141417421295436,0.5528702583140621,0.4986462067735875,0.45054098692064226,0.4077592232137883,0.369620010422107,0.335540035551114,0.3050188702906187,0.2776263712544713,0.25299195204293135,0.23079522702060817,0.21075895487320473,0.19264230313215336,0.17623533335715535,0.1613546422018386,0.14783958072709602,0.13554902539039126,0.12435858932683175,0.11415839961446572,0.10485116105364067,0.09635052647166908,0.08857970643745272,0.08147008321344629,0.07496035086097308,0.06899565919677109,0.06352674118625057,0.05850930879303551,0.05390347021356767,0.0496732377155773,0.045786077435585604,0.04221254939143382,0.03892598226741928,0.03590215438863176,0.033119066402584885,0.030556695082850638,0.02819682089655995,0.026022815142590083,0.024019516678759345,0.022173069487494423,0.020470809224071296,0.018901152496617613,0.01745348739484509,0.01611809776296269,0.01488607072319681,0.013749233982460751,0.012700084414145607,0.011731731984139238,0.010837847274651757,0.010012610597711635,0.009250672552187922,0.008547109830012722,0.007897393348121895,0.007572535107174261
1.3316006255113422,1.1833600402432776,1.0531091743807242,0.938846768552839,0.8386193529224428,0.7506221284451353,0.6732398421699903,0.6050546018279457,0.5448365250476783,0.49152639941071996,0.444215571888944,0.4021258726931842,0.3645911000052582,0.3310404443127224,0.30098408207172245,0.2740008543996808,0.24972778789793093,0.22785095894858554,0.20809861261187557,0.19023458581604036,0.1740529277526015,0.15937364658542563,0.14603901895952287,0.13391043732793317,0.12286568684479526,0.1127967737097757,0.10360803290601073,0.09521453496280419,0.08754072615231756,0.0805190731575589,0.07408922068220747,0.06819715316770392,0.06279434061167599,0.05783714628271319,0.05328625551442201,0.04910619303922559,0.04526488148907326,0.04173328798697806,0.03848510487077572,0.03549643656977963,0.03274557612884088,0.0302127633939131,0.02788001535284579,0.02573091705484032,0.02375050014210789,0.021925083190432737,0.02024215996699663,0.018690290443945656,0.017258993063702377,0.015938670067323635,0.014720516462727318,0.01359645819239752,0.012559081780847414,0.01160157903813186,0.010717695317201681,0.009901679341179914,0.009148244278396334,0.00845252416740383,0.007810042450175914,0.0074888015915619555
1.3092078536682283,1.163662053669583,1.0358226127145453,0.923685908056795,0.8253153408033764,0.738931713181219,0.6629480804124954,0.5959742986686178,0.5368060828568799,0.48440701955028587,0.4378883345008111,0.3964889781404901,0.3595573659426199,0.32653511237723976,0.29694292877725736,0.27036858119680485,0.24645665948017648,0.22489966122565708,0.20543128442023217,0.18782000850581682,0.17186384876662686,0.15738620770062717,0.14423227394084304,0.1322659452663144,0.12136717050446055,0.11142982851451322,0.10235987951479952,0.09407380800429799,0.08649729319751387,0.0795638841669799,0.07321417484219328,0.06739498336276739,0.062058516193546076,0.05716178763445434,0.052666060106223433,0.04853637092799623,0.04474109947305571,0.04125162031119789,0.038041989845232216,0.03508863906234616,0.032370153890037834,0.029867037746291736,0.02756154464888194,0.02543747390109541,0.023480050428412724,0.021675767884965502,0.020012278620145096,0.01847828642313143,0.017063440521707385,0.01575826196727359,0.01455405404548582,0.01344284130621709,0.012417300275968657,0.01147070493966229,0.010596875732069577,0.00979013007932572,0.009045243993028862,0.008357409114507774,0.007722201650377514,0.007404597918314604
1.286840143381811,1.143995476430053,1.0185667652351427,0.9085517041236635,0.8120326717370574,0.7272572086550877,0.6526672403239209,0.5869006060796744,0.5287786742248723,0.4772877957073973,0.43155899983337687,0.3908482677316494,0.3545185435352671,0.3220237846053786,0.29289516624271705,0.26672931920999066,0.24317834640356306,0.22194112553882483,0.20275677389596236,0.18539838641871587,0.16966792285701082,0.15539216281044155,0.14241919327000918,0.13061540665154414,0.1198629071016244,0.11005743967706927,0.10110658488993618,0.0929282374871887,0.0854493068789619,0.07860442251232502,0.07233512614376103,0.06658906870361303,0.06131919257838181,0.05648316284548205,0.05204281898250063,0.04796371103686248,0.04421467538811452,0.04076749441305427,0.037596589008814796,0.034678717191325426,0.0319927582725521,0.029519479757902367,0.027241373219188958,0.025142452731796716,0.023208137016701436,0.021425095304064,0.019781139007650772,0.01826511619793081,0.01686680733122614,0.015576852692560372,0.01438666424669055,0.013288365531254342,0.012274723433720602,0.011339094452065268,0.010475374421008432,0.009677949768125416,0.008941659628236565,0.008261753507223801,0.0076338606212589255,0.007319914178278708
1.2645003240529462,1.1243619370393532,1.0013425041088198,0.8934445598234131,0.7987714613917252,0.7155985567018153,0.6423971605163059,0.5778333032982585,0.5207540462949067,0.47016845995692336,0.4252272955329328,0.3852034713540986,0.3494743690732971,0.31750620625135895,0.2888405502151281,0.26308283553202916,0.23989262751213491,0.21897514257802175,0.20007488347162372,0.18296953348762468,0.1674649751178281,0.15339134776721775,0.1405996231143325,0.12895867749766587,0.11835276201610068,0.10867948145839801,0.09984803169202472,0.09177771399835777,0.08439666524862055,0.0776405932638724,0.07145198624509241,0.06577932702384715,0.06057629338144466,0.055801200938025985,0.05141646621703799,0.047388152154779206,0.04368555242086902,0.04028085757758593,0.03714885346357111,0.03426662561150984,0.0316133472361102,0.02917005046125798,0.026919464951995487,0.02484582008791314,0.022934728911296887,0.021173036738599826,0.019548714542239054,0.01805075514943244,0.01666907069882484,0.015394421142351788,0.01421832753445873,0.013133012789721121,0.01213133452363735,0.011206732093098637,0.010353177057953467,0.009565125152324327,0.008837478920313835,0.008165545999911927,0.0075450088671003,0.007234740300692266
1.2421912125642365,1.1047630611515835,0.9841507049644793,0.8783648849774917,0.7855318333510342,0.7039557069479718,0.632137686585077,0.5687721754396202,0.5127319509137429,0.4630487479566936,0.4188929518221407,0.37955432060113203,0.344424579819953,0.31298212293874084,0.28477883632261225,0.2594288967488634,0.23659928084090787,0.2160015019942696,0.1973854143710252,0.18053326231638245,0.16525482923435586,0.1513835969676247,0.1387734081649672,0.12729561234316566,0.11683659916918998,0.10729582669081417,0.09858410119259808,0.09062212678237813,0.0833392650680409,0.07667230025675931,0.07056466562660013,0.06496567503772699,0.059829741157129135,0.055115829931398075,0.050786934937465666,0.04680963217991163,0.04315367292062611,0.039791656304042355,0.03669873357512454,0.03385231828835433,0.0312318780958476,0.02881871028680205,0.02659578317358413,0.024547541986450483,0.022659794628188124,0.02091956302475939,0.019314978213431644,0.017835178265088736,0.016470207465144604,0.01521094587573213,0.014049024061049131,0.012976764710521671,0.011987116543035192,0.011073602127931181,0.010230269082542875,0.00945164275935273,0.008732689404085114,0.008068775060197098,0.007455635719124665,0.007149066048586228
1.2199156131498157,1.0852004717737085,0.9669922471710368,0.8633130964062374,0.772313919309866,0.6923286169581777,0.6218886712148475,0.5597170135702934,0.5047121446788472,0.4559283989741747,0.41255570151021104,0.3739005487687441,0.3393689139976974,0.30845128063794025,0.2807097800449432,0.2557672689049184,0.2332980835771492,0.2130199923579834,0.19468816656557753,0.17808938413487851,0.16303730743762124,0.1493687433071944,0.1369403915919376,0.12562606420669198,0.11531428098052743,0.10590634673610211,0.0973146732336927,0.08946136370266089,0.08227700177112496,0.07569944605554824,0.06967307355722596,0.06414802830811528,0.05907945736863596,0.054426976813282124,0.050154157298316626,0.04622808809420231,0.04261897837555484,0.03929983628351952,0.036246178951664376,0.03343574847830322,0.030848307503981154,0.028465419045700102,0.02627029063230424,0.024247583905410153,0.022383302181188114,0.020664644531014353,0.019079902575520613,0.017618360127493737,0.01627019409443431,0.015026405102043228,0.01387873365382486,0.012819602620917081,0.01184205220923662,0.010939688561908412,0.01010663569340764,0.009337488893157442,0.008627278407153938,0.007971428963609029,0.007365730330546327,0.007062881014017197
1.19767631726309,1.065675789473426,0.949868014110713,0.848289618175424,0.7591178592718606,0.6807172523848948,0.6116499742889348,0.5506676147851763,0.49669438898966245,0.4488071559166995,0.40621528000607476,0.3682418908549856,0.33430711077632846,0.30391342564525914,0.2766331366853647,0.2520977174691641,0.22998881202209276,0.210030401117538,0.19198293873053718,0.17563770875399953,0.1608122304585935,0.14734661813438965,0.1351004149984547,0.12394988454218048,0.11378566832419335,0.10451091144292768,0.09603962618669915,0.08829531120186918,0.0812097694262448,0.07472193191796705,0.06877711805995279,0.06332630121376859,0.05832536235699681,0.05373456751054828,0.04951806445338214,0.045643455937409705,0.04208140938826155,0.03880534237600042,0.03579113842248738,0.03301686870870402,0.030462591430975294,0.02811013591228484,0.02594294948214948,0.023945910768574663,0.022105219067585224,0.02040825114490996,0.018843459735142787,0.017400274902903412,0.016069006663839147,0.014840776670905775,0.01370743580602074,0.012661507537905514,0.01169612395158115,0.010804975133171801,0.009982261841301465,0.009222649627806945,0.00852123304401875,0.00787349578811991,0.007275281671490497,0.00697617461317579
1.1754761034429961,1.046190632581423,0.9327788934486936,0.8332948818420238,0.7459438017482478,0.6691215871212375,0.6014214630028647,0.5416237822888537,0.488678450102622,0.4416847653652711,0.3998714253347124,0.3625780835619352,0.3292389102632054,0.2993683045635054,0.27254866134355904,0.24842000730201708,0.22667124155318685,0.20703251455798544,0.18926952820137455,0.1731780445202613,0.15857941748202986,0.14531705120413463,0.13325331837477972,0.12226692319329935,0.11225062048414447,0.10310938910346401,0.09475883691039133,0.08712385426153268,0.08013746069748695,0.07373965775792968,0.0678767058765839,0.06250040691588854,0.057567375309397484,0.05303852685921928,0.048878586527481005,0.045055670780502766,0.04154090565073432,0.03830811858689831,0.0353335600159399,0.03259563075715288,0.030074685146237456,0.027752819406008378,0.02561372126592243,0.02364248692975579,0.02182551225355045,0.020150352259333815,0.01860562133861876,0.017180896329360706,0.015866620852427182,0.01465403806200527,0.013535109667253131,0.012502460159420359,0.011549313903245206,0.010669445305038217,0.00985713222205753,0.009107110800936624,0.008414540209944477,0.007774963408544444,0.007184278523797438,0.006888936081426156
1.1533177371777903,1.0267466173880724,0.9157257773990057,0.8183293266989322,0.732791903958625,0.6575416034571235,0.5912030119819134,0.5325853254811319,0.480664099190391,0.4345609776119286,0.3935238781566497,0.35690886530032273,0.32416405349556143,0.29481566428433137,0.2684561088897519,0.2447339026230777,0.2233451465867642,0.20402611776001223,0.1865477309299246,0.17071019827030742,0.15633868609985946,0.1432798706309235,0.13139894005138597,0.12057702834722406,0.11070899510891241,0.10170164640926682,0.09347218070825836,0.08594687636091614,0.07905996680517724,0.07275252210779737,0.06697174243173176,0.061670257323918065,0.056805414226728246,0.0523387785738727,0.04823565258751383,0.04446466669836724,0.04099740591876344,0.03780810804295598,0.03487339093685815,0.03217198563037371,0.029684543198347235,0.027393427372968127,0.02528256689795061,0.02333727615664749,0.02154414815909611,0.019890916758575905,0.01836635855890112,0.016960197704589675,0.015663011929887283,0.014466166374589307,0.013361734033736639,0.012342440855253045,0.01140160389283551,0.010533082258210591,0.009731231269327623,0.008990858007060787,0.008307186574807446,0.007675819490704505,0.007092709475640113,0.006801154468112358
1.131203970767185,1.007345358334426,0.8987095629863795,0.8033934000191811,0.719662332033284,0.6459772922387197,0.5809945034027697,0.5235520600468258,0.47265111240517577,0.42743554670107375,0.3871723817906858,0.35123397619682084,0.3190822824350148,0.29025525197212687,0.2643552339402122,0.24103916697964411,0.2200103005412979,0.20101099455907434,0.18381734144067075,0.16823397528512363,0.15408985226426974,0.14123490284127627,0.12953711665155687,0.118880046487706,0.10916064816549387,0.1002875484063992,0.09217953128490386,0.08476425943496402,0.07797717748554422,0.07176042207976963,0.06606213179606968,0.060835763060551606,0.05603939589044149,0.05163524521622165,0.0475891906128334,0.04387037674192573,0.040450847985620264,0.03730525296758547,0.03441057754343113,0.0317458835424933,0.029292119394743743,0.027031916966904213,0.024949446646367335,0.023030241614341307,0.02126109264262599,0.01962991300391348,0.0181256420821585,0.016738151873525453,0.015458154744929509,0.014277138316711735,0.013187287338309872,0.012181429657780463,0.01125297543572934,0.010395868882753234,0.00960454314713921,0.008873876590658192,0.00819915857662501,0.0075760514855538474,0.007000562916030795,0.006712818631267048
1.1091375431825767,0.9879884681973827,0.8817311523045923,0.7884875572992733,0.7065552612174342,0.6344286530312937,0.5707958271193281,0.5145238080500203,0.46463927094621216,0.42030823047438215,0.38081668223989507,0.3455531581041127,0.3139933399643313,0.28568681504979043,0.260245790833844,0.23733556321615445,0.21666647580107057,0.19798692750478075,0.181078152786891,0.16574917924400356,0.1518327302403133,0.1391819725257859,0.12766768304325993,0.11717582234740398,0.10760543389256139,0.09886695844964599,0.09088076070170814,0.08357588383150372,0.0768889809495299,0.0707632533264535,0.06514777664865967,0.059996833425963736,0.05526923582859666,0.05092784816297602,0.04693912746488227,0.04327273290948508,0.03990116865515869,0.036799494655550546,0.03394506532343744,0.03131727389281913,0.028897366780906708,0.026668244629721727,0.024614320114921817,0.02272134584830443,0.020976310985130198,0.01936730881887172,0.01788344209406656,0.016514731215533374,0.015252023713396845,0.014086930194134872,0.013011747640097049,0.012019406252363751,0.011103409725214952,0.010257787769845095,0.009477051742270426,0.008756151639044418,0.008090442415009669,0.007475646623027465,0.0069078270291633714,0.006623917232229104
1.087121179924635,0.9686775582691709,0.8647914527708256,0.7736122625018371,0.6934708760772335,0.6228956942855701,0.5606068807928866,0.505500398032801,0.45662836113168126,0.413178790619777,0.3744565282211143,0.3398661546138593,0.30889696988643855,0.2811101011861883,0.2561275336102131,0.23362285344452172,0.21331344368046512,0.19495369782047245,0.17832995650680417,0.1632556121783013,0.14956713255812826,0.13712090259048626,0.1257904722904435,0.11546419885947845,0.10604320475274154,0.09743973815595108,0.08957573933157548,0.08238162826749829,0.07579526384072999,0.06976091000057139,0.06422857823851214,0.05915337636115403,0.054494848281052555,0.050216507572962144,0.046285388856102117,0.042671666117430895,0.0393483037141662,0.03629077344704079,0.03347679886987365,0.03088610524300872,0.028500237618969138,0.026302366071524474,0.02427714622429189,0.02241055076695364,0.0206897678738871,0.019103071474040334,0.017639728265659294,0.016289907631223954,0.015044592806021662,0.01389551789896526,0.012835092613969756,0.011856349967551694,0.010952887623365548,0.010118821203284334,0.009348740656367482,0.008637667975111007,0.007981024044396712,0.007374591905784378,0.006814489788604661,0.006534438730010361
1.0651575928794887,0.9494142385309967,0.8478913773761576,0.7587679882977083,0.6804093707078263,0.6113784335076566,0.5504275700265948,0.49648166511853997,0.44861817447491514,0.40604699272436484,0.3680916711977966,0.334172711072509,0.30379291692583354,0.27652485828542517,0.2520002159888479,0.22990079901535676,0.20995097438875732,0.19191108536305457,0.17557254257967614,0.16075307442489084,0.14729286996466584,0.13505151410772243,0.12390531560358742,0.11374501710841312,0.10447381138416922,0.09600574735695311,0.08826433581273996,0.08118136978439772,0.07469591119241503,0.06875328471374509,0.063304436345204,0.05830529841050147,0.053716146163913514,0.04950114235333647,0.045627899318052556,0.042067106170149415,0.038792187904110875,0.03577902870100402,0.033005721856000925,0.03045232529361286,0.028100683365783752,0.025934236250066967,0.023937883192886034,0.022097817623740745,0.020401427385765558,0.018837167671508226,0.0173944697388162,0.01606365252897035,0.014835835535844666,0.013702876897947469,0.01265729953968453,0.011692239764959922,0.010801389651637905,0.009978951150824145,0.00921959319785337,0.008518410149829236,0.007870889167063133,0.007272874102741689,0.006720538951290322,0.00644437137556686
1.0432494801722125,0.930200117820581,0.8310318449325083,0.7439552163073371,0.6673709489432911,0.5998768974326252,0.5402578085045073,0.4874674511198762,0.4406085077651545,0.39891260633145187,0.36172186541656437,0.3284725746001005,0.2986809267323798,0.27193083447805133,0.24786359135001046,0.22616916049012392,0.20657883699546353,0.18885886858307277,0.17280569938190826,0.15824136457939897,0.14500975137507144,0.13297362626639497,0.12201204228953433,0.11201811628000158,0.10289710255110496,0.09456484405063303,0.08694641700170092,0.07997498370257983,0.07359080638360993,0.06774026849438286,0.062375249238582064,0.057452504683350725,0.052933041033056405,0.048781670125075394,0.04496658216873062,0.04145898172916773,0.03823275489203137,0.03526419876787035,0.03253177700967225,0.030015880860032595,0.02769865465039878,0.025563809349669064,0.023596488517170222,0.0217831069987362,0.02011125297006533,0.018569563528871846,0.017147635111354198,0.015835936811003926,0.014625724945296348,0.01350898222048258,0.012478345290647397,0.011527054228914757,0.01064889598124008,0.009838159255184387,0.00908959237362783,0.008398362434478557,0.007760023226004442,0.007170479742470981,0.006625962051387546,0.006353703205845829
1.0213995260181807,0.9110368039939676,0.8142137803154625,0.7291744373416265,0.6543558245687375,0.5883911222017968,0.5300975181350953,0.4784576046515898,0.432599163152978,0.39177540500173524,0.35534686794729264,0.3227654941121916,0.29356074588759107,0.2673277781141925,0.24371741271676406,0.22242769761436687,0.20319679939637236,0.18579682448500723,0.17002921364307255,0.15572027944915856,0.1427175838235195,0.13088705632158693,0.12011047970062805,0.1102833336106146,0.10131292509366396,0.09311688435198917,0.08562184792521244,0.0787623435747431,0.07247983109422318,0.06672175074454945,0.06144091363758264,0.05659489881472357,0.05214544304673829,0.0480580071875325,0.044301359479050895,0.04084722028156573,0.03766993724075185,0.03474622096150792,0.03205490608698014,0.029576717847832334,0.02729410125086762,0.025191038759579953,0.023252918951408574,0.021466378779750883,0.01981920743083787,0.018300224562741718,0.01689919242168436,0.015606730859150098,0.01441423359290983,0.013313808446202557,0.01229820632248746,0.011360771555728455,0.010495386423219344,0.009696426824836735,0.008958720880505311,0.008277508812786216,0.007648411397549459,0.007067395106323815,0.006530746393953457,0.006262422037768278
0.9996104005725392,0.8919259040811411,0.7974381147034215,0.7144261516421846,0.6413642215344018,0.5769211535438501,0.5199466291994481,0.46945198124818344,0.4245899482403015,0.38463516637886386,0.3489664387269453,0.317051220344875,0.28843212191349554,0.26271543775864714,0.2395614327386708,0.21867616929184486,0.19980462828002477,0.18272472858790412,0.1672428704019291,0.15318961400587305,0.14041617241362658,0.12879161954357787,0.11820045318310157,0.10854050433548146,0.09972112387674148,0.0916617224428018,0.0842904917311893,0.07754332113841134,0.07136286525911473,0.06569761919589912,0.06050132466798974,0.055732382925044455,0.05135326092736925,0.04733006848212096,0.04363215203849524,0.04023174810748653,0.03710366637831086,0.034225031530406014,0.031575049845256054,0.029134781227333484,0.02688697207055668,0.024815877051698187,0.02290713048683113,0.021147592142884974,0.019525252908807467,0.01802911567183596,0.016649109133060058,0.015376004520124553,0.014201333539651806,0.013117329692300395,0.012116858661190832,0.011193369542756848,0.010340840418221475,0.009553734824545579,0.008826961096422004,0.008155832972711607,0.007536038583793037,0.006963606221446206,0.006434879048420328,0.006170515461907389
0.9778847597769236,0.8728690244355697,0.7807057858128053,0.6997108691210174,0.62839637417194,0.5654670469598377,0.5098050805042931,0.46045044348659303,0.4165806761753732,0.3774916722592847,0.3425803406073902,0.3113295058830978,0.2832948032841154,0.2580935621880309,0.2353954036769057,0.21491433355979694,0.19640208909502022,0.17964235488622027,0.16444645296247895,0.15064916133805895,0.13810532026838906,0.12668712916624525,0.11628178602465677,0.10678946163621639,0.09812154173780563,0.09019921052038526,0.08295220963869365,0.07631778626728813,0.07023978702118683,0.06466775986451623,0.05955637581923412,0.054864857578929005,0.05055640192216604,0.04659776755508549,0.042958879319847654,0.03961249024682978,0.03653387256654206,0.03370056562816526,0.03109214801525262,0.028690015007604153,0.02647721511364498,0.024438275957745503,0.02255907833030424,0.020826705532535073,0.01922935086263955,0.01775620111961196,0.01639735211734994,0.015143727090447534,0.013986996334867108,0.012919519600438356,0.011934277890959244,0.011024825577061748,0.010185237026032468,0.00941006386559362,0.008694295071389746,0.008033318298044101,0.007422889404793409,0.006859098853504442,0.006338346841912035,0.006077970836113611
0.9562252452040187,0.8538677708776099,0.7640177381293212,0.6850291095997152,0.6154525274129474,0.5540288679121153,0.4996728195397582,0.45145286111397454,0.40857116575253816,0.37034470866674774,0.33618833940700643,0.3056001051922541,0.2781485394396821,0.2534619003901284,0.23121907739102276,0.21114194756530758,0.19298894601787353,0.1765494758110142,0.16163974284990168,0.14809871260322183,0.13578482847959705,0.1245733963347595,0.11435429940128472,0.10503003658739907,0.09651401943393978,0.0887291987452965,0.08160686088681146,0.07508560692161215,0.06911047268338244,0.06363205700474772,0.05860595890010867,0.05399222174288454,0.049754771763046435,0.04586101651926633,0.04228145944304096,0.038989370465105644,0.035960484868824416,0.03317275728312641,0.030606139272637556,0.0282423622096184,0.026064777460068633,0.02405818634571233,0.022208716882290425,0.020503676640877266,0.018931462049831538,0.017481444516342926,0.016143887638371268,0.014909867300909596,0.013771193001801407,0.012720351323309842,0.011750439141682278,0.010855116623784689,0.010028554914724985,0.00926539419575434,0.00856070451813018,0.007909947859774391,0.007308948190547504,0.006753858499290999,0.006241136352298504,0.005984775278804477
0.9346344839000409,0.8349237488315797,0.7473749231353377,0.6703814030480348,0.6025329370096566,0.54260669201732,0.48954980264214853,0.44245911118068193,0.40056124151717665,0.363194065931256,0.3297902039664624,0.2998627746532545,0.27299308080363627,0.24882020156536733,0.22703220532732882,0.20735876754274685,0.18956496192160888,0.1734458621914614,0.1588225197665949,0.14553805697965938,0.1334544960568529,0.12245023005261757,0.11241781232328218,0.10326205810225808,0.09489839558770807,0.0872515351880443,0.08025430268244094,0.0738466490973888,0.0679747966595512,0.06259039306192982,0.05764996399347577,0.05311437274198916,0.04894827462524454,0.045119726014970496,0.04159980913797767,0.03836231121828515,0.03538343111701092,0.03264153936718195,0.030116961208701554,0.02779176483877155,0.025649605239674855,0.023675558195725976,0.021855999714284202,0.020178462386710727,0.01863154650695531,0.017204808800728166,0.01588868133471255,0.014674393300566635,0.013553894022728663,0.012519797510734954,0.011565317076080994,0.010684219214192048,0.009870772349573897,0.009119705688940272,0.008426170802553479,0.0077857044071683035,0.00719419897272644,0.006647870379010712,0.00614323390112137,0.005890915662176699
0.9131150882243055,0.8160385634565959,0.7307782995332213,0.6557682898219808,0.5896378697579907,0.5312006052434848,0.4794359951617766,0.4334690781785966,0.39255073387578054,0.3560395387729498,0.3233857062085743,0.29411727260113985,0.2678281788025405,0.24416821513058018,0.22283453850899804,0.203564548792472,0.1861298983451043,0.17033128321668034,0.15599456154817393,0.14296698161814447,0.1311141198759591,0.12031743712805909,0.11047214158039775,0.10148535287738625,0.0932745066320706,0.08576606577466173,0.07889439014701516,0.07260077677448518,0.06683263142420515,0.061542648623924556,0.05668827940974008,0.05223120621549615,0.04813681308506901,0.0443738051697018,0.04091384370646711,0.03773123361682007,0.034802637877366926,0.032106843563743936,0.029624550300164643,0.027338163856587272,0.025231643605723164,0.023290340575190527,0.02150087954551516,0.01985101889375951,0.018329563529349002,0.016926256220957114,0.015631698202098754,0.014437272640295262,0.013335069323638926,0.01231783029545408,0.011378885876403011,0.010512109433316041,0.009711867181549927,0.00897297783459372,0.008290674933788544,0.007660570358614116,0.007078625476162337,0.006541119428402631,0.006044625546248739,0.005796378605167352
0.8916696556868509,0.7972138197710166,0.714228833464694,0.6411903209013614,0.5767676037228364,0.5198107041112809,0.4693313716359082,0.4244826541848612,0.3845394792112877,0.34888092639072,0.31697462120257924,0.2883633593672963,0.26265358588895893,0.23950569072517247,0.21862582752789184,0.1997590456607634,0.1826835154631734,0.16720550639796272,0.15315564411949367,0.14038527159323522,0.1287634946269023,0.11817482211968322,0.10851710168617412,0.09969974533651449,0.09164218675427716,0.08427263423117726,0.07752697626199456,0.07134785186353909,0.06568384746109324,0.06048870237158166,0.055720791639291,0.05134261607127488,0.04732028807646227,0.04362316155690937,0.04022347698308337,0.037096057388561476,0.034218030415669176,0.031568600334845875,0.029128841878258704,0.026881499151607535,0.024810836707582773,0.022902481613211734,0.021143308219055967,0.019521301468254926,0.018025471650240377,0.016645748315200493,0.015372902575183645,0.014198472255850803,0.013114688258433205,0.012114421278437426,0.011191119230802293,0.010338762907271537,0.009551816835560167,0.008825189726682225,0.00815419755408886,0.0075345277921412546,0.006962211110090877,0.00643359029061763,0.005945297074352318,0.005701150466217442
0.8703007687832631,0.7784511227703472,0.6977274987260174,0.6266480581267242,0.5639224284657773,0.5084370958995388,0.4592359159669446,0.4154997390112847,0.37652732000386546,0.3417180325559199,0.3105567272327159,0.28260079732548515,0.25746905556746746,0.23483237821966263,0.21440582253829277,0.19594201152098645,0.17922557205749534,0.16406829753136787,0.15030554145073705,0.13779270985435854,0.12640241276130393,0.11602218728142155,0.1065525048214111,0.09790505757328205,0.0900012678386064,0.08277108202697558,0.07615191181323588,0.07008773415164704,0.06452831321052788,0.05942843102786366,0.054747385303666185,0.05044849443912813,0.046498598846427264,0.0428677011536438,0.03952862129496637,0.036456700840803435,0.03362953266129676,0.031026738887240946,0.02862977009686407,0.026421709509487634,0.02438712766265727,0.02251192847429806,0.02078323667721982,0.019189264575962817,0.017719228619261784,0.01636324589153304,0.01511225810886696,0.013957958450450114,0.012892719592705326,0.011909541513732691,0.01100199031924376,0.010164154790177626,0.009390598298275599,0.0086763200524409,0.008016718928272049,0.007407558435716943,0.006844938959091884,0.006325267307829563,0.005845233993100329,0.005605217335733492
0.8490109948272284,0.7597520775386402,0.6812752769791075,0.6121420744357486,0.5511026452751278,0.4970798988551195,0.4491496216060087,0.40652024035927603,0.3685141049573204,0.3345506657111219,0.3041318058713882,0.276829350941723,0.2522743424237861,0.23014802772680643,0.2101742732525036,0.19211319875619193,0.17575582548840618,0.1609194206607789,0.14744402551351232,0.13518907717662287,0.124030664439303,0.11385933250676938,0.10457816077669158,0.09610110929297644,0.08835157940802141,0.08126124831693282,0.0747690453340688,0.06882028124687078,0.06336589501549028,0.0583617093058697,0.053767943105520466,0.049548731622826026,0.04567164290934844,0.042107328297018576,0.038829187420557076,0.03581308082116319,0.03303706717026955,0.030481187137669785,0.028127267899766828,0.02595873258222081,0.023960458527509942,0.022118627331320084,0.020420614936162984,0.018854861818473623,0.017410791380281232,0.016078709007323333,0.014849727758998732,0.01371569687675489,0.012669131487008656,0.011703161492926384,0.010811471799043737,0.009988259750683959,0.009228188105612212,0.008526347080719532,0.007878218932968473,0.007279643657192025,0.006726791773807861,0.006216134512571081,0.005744421523190546,0.005508565028498058
0.8278028857804376,0.7411182893532997,0.6648731579583789,0.5976729540990711,0.5383085673984,0.4857392424070772,0.43907249174190977,0.3975440739807734,0.36049968913107744,0.3273786390742739,0.2976996420570366,0.27104878682815414,0.247069202157304,0.22545238961533265,0.20593092893844478,0.18827235874307569,0.1722740316675342,0.15775863804134982,0.14457086623706594,0.13257415211143098,0.12164803747600317,0.11168605527228426,0.10259387689404598,0.09428771775326084,0.08669294856470611,0.07974296988232599,0.07337822304719133,0.0675453485213584,0.06219645706643018,0.0572884098554427,0.05278234577732466,0.04864321605099864,0.04483931600000712,0.04134194563955251,0.038125084547186994,0.03516511267741329,0.032440555087398515,0.029931871677026933,0.027621266986965765,0.025492504856479137,0.023530770268176404,0.02172252333760394,0.02005539205987006,0.01851804590882633,0.017100116048629488,0.015792096947877532,0.014585273762528495,0.013471652518437516,0.01244389147960323,0.011495251129094441,0.01061953578992636,0.00981105195807519,0.009064562329825776,0.008375248649987732,0.007738677045461273,0.0071507644539758886,0.006607751961320574,0.0061061756188784955,0.005642844590045826,0.00541117907562727
0.8066789780800576,0.7225513637831238,0.6485221396733687,0.5832412929554343,0.5255405202771568,0.4744152673853641,0.4290045394957298,0.38857116384491075,0.3524839340781405,0.32020177074812306,0.29126002417679153,0.2652588738010797,0.24185339161695296,0.2207452145263744,0.20167553841937025,0.18441924183743907,0.168779945031452,0.1545857101035164,0.14168583146453084,0.12994771093673751,0.11925431728732061,0.10950215058030288,0.10059945800767967,0.09246469770377796,0.08502519992938051,0.07821608107055233,0.07197928880520621,0.06626278905321747,0.061019861344702164,0.05620840320847975,0.05179047202871434,0.04773183422667415,0.04400151202541558,0.04057145410329088,0.037416220227495245,0.034512710216265674,0.03183991610718362,0.029378717733603565,0.027111697780015653,0.02502296162102624,0.023098002729540212,0.021323560598323077,0.01968751613326436,0.018178768646337495,0.016787157887634407,0.015503368204594636,0.014318857617086067,0.013225789671054144,0.012216966468718837,0.011285779740242141,0.010426153858622556,0.009632505067984631,0.008899696566175841,0.008223002155998138,0.0075980723321977806,0.007020901442382765,0.006487801575287833,0.005995374013072485,0.005540487815340889,0.00531304471647287
0.7856417924635384,0.7040529067795465,0.6322232286069429,0.568847698646211,0.5127988417843943,0.46310812624405173,0.41894578812097905,0.3796014423109684,0.3444667079888841,0.3130198838353371,0.28481274415411484,0.25945938294324566,0.23662666884066486,0.2160262533927959,0.19740785007563932,0.18055359736121712,0.16527331851627913,0.1514003954174692,0.1387886869093835,0.12730952760720005,0.11684928683536988,0.10730741090094753,0.09859470638372336,0.09063186132472811,0.08334815557940356,0.07668041373349865,0.07057208402980741,0.06497245356694936,0.05983596756466536,0.05512155772293692,0.050792198492528584,0.046814470675458075,0.043158123015345495,0.039795752832629816,0.03670250033466882,0.03385578566087677,0.031235068433734803,0.02882164913519336,0.026598489386397972,0.02455003693319302,0.02266209460385138,0.020921682140917497,0.01931693423457226,0.0178369808908041,0.01647187128440919,0.01521248045234902,0.01405044005986067,0.012978071922447043,0.011988322694223008,0.011074716032286602,0.010231297003038264,0.009452592207614963,0.008733565919292197,0.008069584539009966,0.007456383436967862,0.006890034846604998,0.006366922305720557,0.005883712744298997,0.005437335508178265,0.0052141468901156784
0.764693833790866,0.6856245247610548,0.6159774399091367,0.5544927908491903,0.5000838824642351,0.45181798328906897,0.4088962712096311,0.3706348503073764,0.33644788584111573,0.3058328065593052,0.2783575975415653,0.25365008767053165,0.23138879309849258,0.21129525746138356,0.1931276118488645,0.17667517359104767,0.1617539035333948,0.1482024506582258,0.13587919611188326,0.12465937370398361,0.1144327265732592,0.10510162611332863,0.09657942165905986,0.08878901816423479,0.08166163498574797,0.07513579716461383,0.06915644764965645,0.06367419037254685,0.05864463311431756,0.05402773952530193,0.049787399669405374,0.0458910078924335,0.042309039071461996,0.039014739145923905,0.03598382901635944,0.033194249607233495,0.03062592873949832,0.028260588270150322,0.026081569562772522,0.024073663584358584,0.022222983398330065,0.020516829884709153,0.01894359240681709,0.017492632535791586,0.016154209724965618,0.014919390526202392,0.013779981045947132,0.012728462132445273,0.01175792571879608,0.010862028081475295,0.010034935635867548,0.009271285960541498,0.008566144988955138,0.007914972270670617,0.007313588568691465,0.00675814448742873,0.006245095468444539,0.005771174514781485,0.005333371656064401,0.0051144702267014175
0.7438375908642358,0.6672678246906205,0.5997857975863807,0.5401772015116801,0.487396005774241,0.44054501491061604,0.39885603290390037,0.36167133751710434,0.3284273495563461,0.2986403723908193,0.2718943836188181,0.2478307638032451,0.22613952493949707,0.20655197831816352,0.18883457124832415,0.17278371774866574,0.15822144994620757,0.14499163057128506,0.13295712039588015,0.12199701838447208,0.11200441438940612,0.10288458344597462,0.09455340077908936,0.08693597507464457,0.07996545494850515,0.0735820580346358,0.06773221603675772,0.062367845303081815,0.05744571299449053,0.05292681245167241,0.04877594787095152,0.04496132628753813,0.0414541483151476,0.038228308485628304,0.03526010864740137,0.03252801097924696,0.030012412122766285,0.027695456047300837,0.025560864677238726,0.023593773064392032,0.021780605401757747,0.020108944609575907,0.018567435628491502,0.017145672481175822,0.0158341257685235,0.014624054397462949,0.013507439725901627,0.012476922412063551,0.011525740408426799,0.010647683316253875,0.00983703956777049,0.009088558351031395,0.008397407855533778,0.007759141340453191,0.007169665488824251,0.006625209770483309,0.006122301994286872,0.00565774166973565,0.005228579915548259,0.005013999038459005
0.7230755362450347,0.6489844141460077,0.5836493346862648,0.5259015750827345,0.47473558833003526,0.42928940982030817,0.38882512811407643,0.3527108625695874,0.32040498816254814,0.2914424201807986,0.26542290549613323,0.2420011896420471,0.22087862624264876,0.20179616791683674,0.18452847535987527,0.16887897599297652,0.15467570604816405,0.14176768793896954,0.1300222188256095,0.1193222283316775,0.10956412555135131,0.10065606741644917,0.09251643793460218,0.08507253614761456,0.07825942953127552,0.07201902032588414,0.06629922294143498,0.06105326165080527,0.05623905975650434,0.05181863798730646,0.04775771316135824,0.0440253041295291,0.040593336833816274,0.03743635436719295,0.03453123978109485,0.031856976982611585,0.02939443206400938,0.027126171854665593,0.025036299670393447,0.02311029552506838,0.02133489565009139,0.019697965923688443,0.018188407783319427,0.01679604860486794,0.015511571021029624,0.014326427148914078,0.01323277442270232,0.012223414101910635,0.01129173091237945,0.010431648498614443,0.009637577989951573,0.008904380827852165,0.008227328064953632,0.007602067241676558,0.007024591498359101,0.0064912096742375525,0.0059985224178449315,0.005543396186964422,0.0051229436025757025,0.004912717310379122
0.7024101260681848,0.6307759013830561,0.5675690934774069,0.5116665687445732,0.46210302015251337,0.41805136929299547,0.3788036227424074,0.3437533932391412,0.3123806979635013,0.28423879429931187,0.25894297022348134,0.23616114604882998,0.21560586027175255,0.19702757861056686,0.18020907085738447,0.16496069341405573,0.15111641854197888,0.13853037354742526,0.12707424816285062,0.11663476770357395,0.10711163264897294,0.0984158597702045,0.09046832449747022,0.08319850264800088,0.07654336999411093,0.07044650526515372,0.06485729942575791,0.05973028010173298,0.05502452343828068,0.050703075204592274,0.046732563297609,0.04308281748839793,0.039726488625784206,0.036638768326389126,0.033797121099161664,0.031181053057269814,0.02877190038087729,0.026552653516977998,0.024507798015331872,0.02262315974233875,0.020885787891034013,0.019283832230234665,0.017806451629063247,0.016443707733611035,0.015186496107895131,0.014026462949359164,0.012955942607928428,0.01196789775000262,0.011055860642508186,0.010213889704799861,0.009436519456218484,0.008718724247582799,0.008055878613144607,0.007443724957059139,0.006878343424441269,0.006356122737485315,0.0058737368659267375,0.005428119666155418,0.005016445682541892,0.00481060869073735
0.6818437998538496,0.6126438953915736,0.5515461256247045,0.4974728526430816,0.44949870491734156,0.40683110741351225,0.368791593913147,0.3347989066503576,0.3043543827149131,0.2770293447808925,0.2524543889053943,0.2303104165326042,0.21032099173466268,0.19224596318720977,0.17587610401691656,0.1610286140290773,0.1475433325201969,0.13527943615440297,0.12411296282431206,0.11393439808215167,0.1046467055372613,0.09616373941862211,0.08840884895547241,0.08131367294646807,0.07481708472512061,0.0688643312550985,0.06340627379546326,0.05839873866856138,0.053801951498826384,0.049579980699419046,0.045700363667879884,0.04213374017623561,0.03885348554363954,0.035835439865241625,0.03305764936023081,0.030500142828522314,0.028144727181924623,0.025974817251928073,0.02397528167631613,0.02213229307751252,0.020433214547499468,0.01886648069318486,0.017421508765398386,0.01608859561289755,0.014858850645835808,0.013724115027287098,0.012676900877233166,0.011710333088874592,0.010818092251887457,0.009994372305417443,0.009233831864476905,0.008531558857369781,0.00788303193007156,0.007284088943846356,0.006730897606499475,0.006219927046546836,0.0057479250456404785,0.005311893317752059,0.004909068760010626,0.004707656481144351
0.6613789803164316,0.5945900059440579,0.5355814923595092,0.48332111011723633,0.43692306020714167,0.3956288513281292,0.35878913020892966,0.32584738949014813,0.2963259538075391,0.2698139274765765,0.24595697682181505,0.22444878734061646,0.20502378684685407,0.18745107490808266,0.17152932073356997,0.1570824807803861,0.14395619144713212,0.13201462245785667,0.12113811483928316,0.11122087842241779,0.10216911127856942,0.09389948237619627,0.08633779684591669,0.07941784245096617,0.07308037917067356,0.06727231380411425,0.06194597153025505,0.05705847262206465,0.052571188751078246,0.048449208525878085,0.04466097722847007,0.041177943686450114,0.03797420723594236,0.0350262563963355,0.03231271934684976,0.029814148056708234,0.027512820818897943,0.025392577625122925,0.02343867106632036,0.021637621437209376,0.019977106680011403,0.018445847201919996,0.017033519600846425,0.015730656875940774,0.014528583213855306,0.013419335643782837,0.012395604924981818,0.01145067901196839,0.01057838761279406,0.009773060944917589,0.00902948243761692,0.00834285427718573,0.007708759863143122,0.007123133118422942,0.00658222988198176,0.006082600221959389,0.005621066232044392,0.005194697951607097,0.004800795068109487,0.004603843626360682
0.641018073170847,0.576615843636783,0.5196762646448949,0.4692120379275977,0.4243765177658032,0.38444484150107705,0.3487963319134879,0.31689883822711984,0.2882953304573732,0.26259240421256713,0.23945055355514722,0.21857604755486815,0.19971401339962114,0.18264266755052994,0.16716846654141637,0.15312203553559112,0.14035473714235636,0.12873567706539912,0.11814945380768993,0.10849396500127284,0.09967861408431755,0.09162286169697609,0.08425495068823619,0.07751080353679995,0.07133305576414006,0.06567026545469812,0.06047621521245272,0.05570931442067106,0.051332077292980394,0.04731061012924531,0.04361426443894256,0.04021529713131855,0.037088531087321464,0.034211103185621816,0.03156222381095475,0.02912296858541108,0.026876087837690577,0.024805847503639455,0.022897885003212437,0.021139069232107843,0.019517393947867667,0.018021866334829717,0.01664242331851362,0.015369835011700417,0.014195641323326846,0.013112076064532019,0.012112009518161493,0.011188893549216594,0.010336707793965338,0.009549919520415173,0.008823437703782133,0.008152579481426336,0.00753303366014535,0.006960830840454513,0.0064323155715984015,0.0059441194048082124,0.005493139255445811,0.00507651396508102,0.004691606457560837,0.004499152703796305
0.6207634669361184,0.5587230199235949,0.5038315233356672,0.45514634648346153,0.41185952375538903,0.37327933197587093,0.33881331126094594,0.3079532593379497,0.28026243990321387,0.255364642956053,0.23293494312361496,0.21269198919419807,0.19439144083300608,0.17782049545431278,0.16279328663636683,0.14914701909013228,0.1367387097656536,0.12544234246471664,0.11514672685843497,0.10575341136629834,0.09717497525627117,0.08933364741008365,0.08216008991553725,0.07559234547545479,0.06957491385319425,0.06405799571012949,0.05899682445401844,0.054351093638391745,0.05008445643685633,0.04616403427717852,0.04256008319548865,0.03924566717779854,0.0361963321569192,0.03338986329347815,0.0308060534177379,0.028426502288079192,0.02623443292774752,0.024214538008227038,0.022352840664616735,0.020636559334428206,0.01905400456918116,0.017594471321724647,0.016248157840945687,0.015006072331860132,0.013859971387062409,0.012802286530946283,0.01182606846937162,0.010924933841880424,0.010093013037151266,0.009324911159809268,0.008615663476030377,0.007960702779987727,0.007355823951629148,0.0067971548964784745,0.006281129464089652,0.005804461242551184,0.005364122488256129,0.004957321330913977,0.004581484385370871,0.004393565912599318
0.6006175327362895,0.5409131471418327,0.48804835933317303,0.44112476006886947,0.39937253901537684,0.3621325906417594,0.32884019269165066,0.29901066954128197,0.27222721761165136,0.2481305179880522,0.22640997412125774,0.20679640732224058,0.18905584031360778,0.17298431357210653,0.1584035259022798,0.1451571711720545,0.13310784780374618,0.12213435899495195,0.11212967860832368,0.10299896828442012,0.09465795312729508,0.08703160645453512,0.08005299080493966,0.0736622543620502,0.0678057496255624,0.06243531095957877,0.057507615821750235,0.05298363689094643,0.04882816263692469,0.04500932698909388,0.04149828876249817,0.03826891798153653,0.035297483114984374,0.03256241751412592,0.03004409668784458,0.027724645013162963,0.025587758869969335,0.023618558464013617,0.021803453541386908,0.020130013034069805,0.01858686527960618,0.01716359400509404,0.015850659793708033,0.014639309936739231,0.013521518687484857,0.01248991623034712,0.011537734609023964,0.010658756116588286,0.009847262732862738,0.00909799819921453,0.008406124831275008,0.007767191798673245,0.007177100732720376,0.0066320774829708995,0.006128645800500543,0.005663601874403845,0.005233993831414985,0.004837099584569238,0.004470409903136741,0.004287065062424933
0.5805826240984668,0.5231878385307054,0.47232787373468366,0.4271480170672559,0.3869160393241078,0.35100489950511626,0.3188771131147128,0.29007109603909065,0.26418960748983533,0.24088991008373917,0.21987547986466627,0.2008891001612767,0.18370698481761316,0.16813387752418585,0.15399892894045308,0.14115223044942837,0.12946188805872616,0.11881146481923288,0.10909805112133242,0.10023038369063819,0.09212730300170335,0.0847165026130936,0.07793342640689982,0.07172031304149229,0.06602535603325244,0.0608020144015331,0.05600840276078767,0.05160676775996187,0.04756302941490542,0.043846331463637256,0.04042873370226907,0.03728491111901988,0.03439185417772883,0.03172864431324918,0.029276239937914283,0.02701729052741797,0.024935966483079497,0.023017816349701903,0.021249637389635367,0.019619349993407198,0.018115901289790237,0.016729164800142193,0.01544986446790464,0.014269487680200754,0.013180227343680961,0.012174913265217135,0.011246959756561203,0.010390315658486138,0.009599415395351585,0.008869142159642074,0.008194786088560058,0.007572013458996274,0.006996833344241615,0.00646557018888938,0.005974838257887249,0.005521516916253688,0.005102730700339286,0.00471582781125246,0.004358363644945129,0.004179631561791464
0.5606610767482811,0.505548708241732,0.4566711779771726,0.41321687018454956,0.37449051566269986,0.339896554965895,0.30892422217745796,0.28113457676571585,0.2561495621060983,0.2336427067003921,0.21333129854672617,0.19496986921240467,0.1783446492190599,0.16326894365754185,0.1495792401025131,0.13713193454035988,0.12580056563834763,0.11547339589831118,0.10605158386848501,0.09744740263672558,0.08958277709504969,0.08238809644543377,0.07580116647331714,0.06976630103316506,0.06423352271522464,0.05915790596540127,0.054498995516243376,0.0502203067153717,0.04628888728374747,0.04267488800421493,0.03935126780270526,0.03629350551781485,0.033479313040265524,0.03088841976379264,0.028502367219256364,0.026304330457733727,0.02427895456825535,0.022412217245237898,0.02069130418126175,0.019104488200656355,0.01764103624148028,0.016291112653514794,0.015045705781484564,0.01389654413330721,0.012836040277455218,0.011857224621412144,0.010953694690813975,0.010119566783526324,0.00934942863677346,0.008638303722885432,0.007981610786651494,0.007375133957263635,0.006814990453340997,0.006297603977549748,0.0058196799325616055,0.005378181445028218,0.004970310010476986,0.004593484632424705,0.004245325814902223,0.004071246406138762
0.5408552084025597,0.4879973713412644,0.441079393975512,0.3993320866707606,0.3620964744810218,0.3288078680992612,0.2989816825416547,0.2722011606448138,0.24810704291862606,0.22638880217307644,0.2067772733976403,0.1890385193820565,0.17296861038369027,0.15838926910955564,0.14514420352709223,0.1330960200258513,0.12212361394831284,0.11211988596546263,0.10299001368838656,0.09464976723994489,0.08702412447364694,0.08004614522034714,0.07365597738453467,0.06779999445428064,0.06243003591834384,0.05750278223150662,0.0529792010529162,0.04882407103581343,0.04500556366930919,0.04149483394249476,0.038265738003055993,0.03529455738481957,0.032559724807583734,0.030041617479836802,0.027722360254811562,0.02558565423097736,0.02361661985216479,0.021801664777778562,0.02012836405297147,0.01858534392175759,0.01716219216224335,0.015849365000728532,0.014638116239251708,0.013520416546897174,0.012488899178255686,0.011536796135374061,0.01065788911930099,0.009846462809863787,0.009097259140475877,0.008405442706651556,0.007766561660811355,0.007176518742997295,0.00663154003337052,0.006128149167961006,0.00566314332270057,0.005233569982570074,0.004836708162261338,0.004470048191911324,0.004131276174206278,0.003961890165351534
0.5211673185591881,0.4705354438049758,0.4255536542546867,0.3854944485398182,0.3497344379659406,0.3177391649422301,0.289049670166901,0.2632709078542561,0.24006202051251702,0.21912809791851284,0.2002132528534073,0.18309485911528256,0.1675786472685381,0.15349461187652125,0.14069356318027193,0.1290442224654731,0.11843076468667224,0.1087506665027771,0.09991307474829014,0.09183721663194255,0.08445109099355808,0.0776904028472547,0.07149762207512733,0.06582116594170184,0.06061467841685264,0.05583643634908153,0.051448822973165775,0.04741787472698267,0.043712882829973765,0.04030600355983349,0.037171988317576954,0.034287920132456406,0.03163295192355253,0.029188108548563463,0.02693609837407518,0.02486114901214531,0.02294885692812887,0.021186060566069642,0.019560725253606748,0.01806183165073527,0.01667928941869956,0.015403847722250674,0.014227026891586725,0.013141040812896243,0.012138744466936302,0.011213572460233578,0.01035949164658767,0.00957095602827529,0.008842862633406945,0.008170518038830288,0.007549600618861341,0.006976132496632204,0.006446449343138205,0.005957175415538529,0.005505200310387259,0.005087656478934832,0.00470190102567436,0.004345496141473504,0.00401619402778941,0.0038515429709473636
0.5015996882842799,0.4531645425041919,0.4100951020761645,0.37170475278756054,0.33740494431169665,0.30669078678555284,0.279128374601032,0.2543438900992667,0.2320144748452746,0.21186050264718315,0.19363909073201402,0.17713870053583936,0.16217454102751994,0.14858473088708912,0.1362270629000628,0.12497627641626874,0.11472174784039169,0.10536546671878977,0.09682049850608276,0.08900948690765187,0.08186341923923646,0.07532061980682236,0.06932585995860663,0.06382958457241017,0.05878722942994852,0.054158657952543265,0.04990766143265546,0.046001528437957795,0.042410665774181844,0.03910822800655911,0.03606985975700194,0.03327344430272827,0.03069885409781037,0.028327761460116285,0.026143458446155066,0.024130699640538822,0.02227555819559246,0.020565304162967202,0.018988294089901103,0.017533864058472126,0.016192246668280674,0.0149544850980865,0.013812367291912153,0.012758351424357883,0.01178551525833349,0.010887497030793725,0.010058449741552344,0.009292997671601633,0.008586193857609281,0.007933487730911182,0.007330688716398193,0.006773939106428095,0.0062596849054186166,0.005784651692102294,0.005345822143061341,0.00494041429518699,0.004565863924161917,0.0042198056260023264,0.0039000582105153114,0.003740184502776245
0.482154579996692,0.4358862851839751,0.3947048915579243,0.3579638116077577,0.3251085479921967,0.295663090470657,0.26921799927777545,0.24542019089387246,0.22396439550107505,0.20458593258396274,0.18705464641763925,0.17116985959360065,0.15675607512318557,0.14365938608098983,0.1317444464450901,0.12089191545480826,0.11099629168435765,0.10196401352775553,0.09371201367292858,0.08616631107452477,0.07926084846188175,0.07293654308079045,0.0671404468508463,0.06182501578239297,0.056947464537810966,0.05246923307577145,0.04835551305419905,0.04457483937533535,0.0410987301757082,0.03790133521900607,0.034959190247843,0.03225097748910777,0.029757288230496393,0.027460442035454058,0.025344314810720192,0.023394188563994334,0.02159661379756539,0.01993929299623165,0.01841097487040866,0.017001351939844866,0.015700980809452147,0.014501199760958983,0.013394065452625448,0.012372281434167576,0.011429149322630394,0.010558512027336597,0.009754709703573283,0.00901253788311962,0.008327206540745813,0.0076943088504810575,0.0071097861311741894,0.006569901644639664,0.006071212484783928,0.005610546265244487,0.005184979414312174,0.004791816185507614,0.004428571618118049,0.004092953268024502,0.003782847072892892,0.0036277939753293076
0.4628342372495986,0.4187022904327975,0.37938418778836525,0.3442724526059582,0.31284582003538564,0.28465644869180906,0.2593187618217918,0.23649990585086655,0.21591178195395244,0.19730431169764362,0.18045978505307314,0.16518815621924698,0.15132303544503678,0.13871833849317117,0.12724545754772,0.1167908722026878,0.10725412278278945,0.09854603153049535,0.09058734617692465,0.0833074190019234,0.07664311451735628,0.07053791608101712,0.0649411348923623,0.05980722128408278,0.055095155595727974,0.05076794406446705,0.046792170839373703,0.0431376112152515,0.03977689028673126,0.03668514983430349,0.03383981454938123,0.031220364256143718,0.028808108334743565,0.026586013351868054,0.024538539206901966,0.02265149577106218,0.0209119115561629,0.019307922307403302,0.01782866984773701,0.016464204159114537,0.015205406930212106,0.014043912647903056,0.012972047799677533,0.011982762412472425,0.01106958304537553,0.01022655833827546,0.009448216627538919,0.008729525683977002,0.008065853365599729,0.007452937492820055,0.006886852136616106,0.006363982342820762,0.005880997064613425,0.005434826676973259,0.005022642044028025,0.004641834278764634,0.004289998287680952,0.003964915151875026,0.0036645384662836733,0.0035143501234902175
0.4436408845095041,0.40161417764380314,0.36413416693347855,0.33063151901108423,0.3006173482994656,0.2736712503034422,0.24943089436103794,0.2275831429805475,0.20785664384018077,0.19001557193943253,0.17385437774069867,0.1591934144867846,0.14587521043446294,0.13376135034363745,0.12272983997174247,0.11267287835565742,0.1034949659933293,0.09511124299705909,0.08744621912768036,0.0804325373708048,0.07400994980395481,0.0681244785777313,0.06272767246940703,0.05777595898222465,0.053230070646534955,0.0490545694864819,0.045217424078063395,0.04168964401301434,0.03844495684853122,0.035459493102765194,0.03271156416827292,0.030181446056687378,0.02785116545690247,0.025704335666443257,0.023726000699886285,0.021902498721071417,0.02022133690614769,0.018671085088697303,0.017241279158812794,0.015922327593589358,0.014705438255004921,0.013582542950274501,0.012546239125592606,0.011589724402538693,0.01070675138618249,0.00989157552146569,0.00913891436774783,0.008443908939317346,0.0078020859385841135,0.007209328751498489,0.006661845074447115,0.006156142566329237,0.0056890028233658185,0.005257459721592639,0.004858779257843615,0.004490440059399248,0.0041501175150360226,0.0038356668071815037,0.003545109727607354,0.0033998311878224996
0.42457672693246185,0.3846235669674325,0.3489560163375316,0.317041869884509,0.2884237377507892,0.26270790063261273,0.23955464384667113,0.2186700229981886,0.19979900124010186,0.1827196534907971,0.16723830175223497,0.15318546278394685,0.14041239121681315,0.12878818513316403,0.1181973375749612,0.10853766471646153,0.09971854447394346,0.0916593678512756,0.08428835278203373,0.07754138962386747,0.0713610831997924,0.06569596662703958,0.0604998041338467,0.05573098288820244,0.05135197383112633,0.0473288840400965,0.043631058255755306,0.040230734110502375,0.03710273699980782,0.03422418279785955,0.03157426727075752,0.02913406114673389,0.026886307594322645,0.024815266336983832,0.022906565605382845,0.02114707227197421,0.019524772826251535,0.018028672017931235,0.0166487007632643,0.015375627075395748,0.014200986089840661,0.013117008062115687,0.012116562540911424,0.011193095875237091,0.010340587836079607,0.00955350176424119,0.008826745500494226,0.008155634323459005,0.007535854757119154,0.0069634366879745,0.00643472232629172,0.005946342787925829,0.005495193109981145,0.005078411422867468,0.004693359565850486,0.004337604347668389,0.004008902266035008,0.003705183191780037,0.003424537663514471,0.0032842148993861286
0.405643950137633,0.36773207925534734,0.33385093461673065,0.30350438032651805,0.2762656107435735,0.2517668217966662,0.22969027238055606,0.20976067964063372,0.19173888496947455,0.17541650502097106,0.16061144074763778,0.1471641339910068,0.13493437174060485,0.12379860774527796,0.11364769437686828,0.10438496123177377,0.09592457969278101,0.08819012365729684,0.08111346451087798,0.07463369591599545,0.06869624000011676,0.06325211249762042,0.0582572705218265,0.05367204303279305,0.0494606252971419,0.04559065846021948,0.04203285495852249,0.03876067404112504,0.035750034182511214,0.032979033123643475,0.030427748592232184,0.028078044497732435,0.02591337961064699,0.02391865974066043,0.022080097411589783,0.02038508860596977,0.01882209976835192,0.017380571391298894,0.016050830379801262,0.014824005331361967,0.013691959765580464,0.012647223526753848,0.011682939424075833,0.010792803681951568,0.009971024373331971,0.00921227384209633,0.008511651285441069,0.00786464728369296,0.0072671091759346496,0.006715214300117012,0.006205440284423602,0.005734542560440481,0.005299530418456655,0.004897647010322359,0.0045263507406367864,0.004183297279181097,0.003866324871162341,0.003573438674102647,0.0033027985339861843,0.003167478463923512
0.3868447199779679,0.35094133599560706,0.3188201317459116,0.2900199416799287,0.26414360730097286,0.24084845302597913,0.2198380575504899,0.20085525999212095,0.1836763368808425,0.1681060839542825,0.15397368500336572,0.14112926566805406,0.12944094892440638,0.11879238455462904,0.10908065463155037,0.1002144970332397,0.09211279144115014,0.08470322560834465,0.07792126876735583,0.07170917306538627,0.06601514185436752,0.060792644596801004,0.05599980827124096,0.051598885377317494,0.04755578110573033,0.04383965942238888,0.04042259177573282,0.037279252432318444,0.03438664804511493,0.03172385461959415,0.029271829344352795,0.027013227706276233,0.024932223148619315,0.023014367190046237,0.021246456698822414,0.019616417152681365,0.01811319558445046,0.016726669053963583,0.015447561420489642,0.014267362920885596,0.013178266579370046,0.0121731029816452,0.011245289369505862,0.010388773005884921,0.009597991417797935,0.008867827075911272,0.008193571625616514,0.007570892002952689,0.006995797372142398,0.006464613489658433,0.005973954321341068,0.005520700488497177,0.005101976361525651,0.004715130894767938,0.0043577197944477675,0.004027488283728786,0.0037223570058797506,0.003440407014863034,0.0031798680353523068,0.0030495985455925023
0.36818118230844465,0.3342529592388255,0.30386482913792534,0.2765894617306852,0.2520583853977776,0.22995325099188335,0.20999829277307924,0.19195392481940132,0.17561141017500503,0.16078835674767422,0.1473249316503411,0.13508070025130436,0.12393192281163312,0.11376928354218663,0.10449596290624807,0.09602600048298715,0.08828289784986065,0.08119838651775346,0.07471147705642167,0.06876753450513196,0.06331750670317327,0.058317287395812656,0.05372714993802763,0.04951125172318438,0.04563719313634529,0.04207564944457509,0.038800042200297646,0.03578625390550094,0.033012374343259765,0.0304584540627717,0.028106327119337138,0.025939438901132483,0.023942676540134045,0.02210223684664392,0.02040550105655292,0.01884092450992192,0.01739793545113777,0.016066848328391004,0.014838784922823756,0.013705598171762645,0.012659811734057058,0.011694558101358332,0.010803530133998152,0.009980927311712406,0.009221417783704666,0.0085200952877873,0.007872445026007036,0.007274311361142871,0.006721866309136182,0.006211585028519373,0.005740218758365501,0.005304774199239581,0.004902491643368201,0.004530826642912267,0.004187432955613524,0.003870146063311708,0.003576969670238128,0.0033060613481339374,0.003055721282714252,0.0029305512500088504
0.3496554627514792,0.31766857151536154,0.288986259715478,0.26321386490518517,0.24001062124420436,0.2190816901396353,0.20017128764462377,0.18305684891655183,0.167544169722742,0.1534632991787621,0.14066508492207586,0.12901828525855308,0.11840709673343941,0.10872907441740409,0.09989336416573291,0.09181919922377713,0.08443461540906583,0.07767531681250883,0.07148379790591797,0.06580849023556823,0.06060304871531752,0.05582576135446882,0.051439023911181714,0.04740887961978135,0.04370460898961426,0.04029838678677233,0.0371649755265091,0.03428145897337753,0.03162700483767544,0.029182634367210802,0.02693105579147481,0.024856502647456757,0.022944574713634758,0.021182113631592614,0.019557084997852137,0.01805847436192831,0.016676191791704653,0.015400989940359544,0.014224389479586819,0.013138607113867273,0.012136498275570062,0.011211498538559184,0.010357577581259214,0.009569188293463426,0.008841230630824981,0.008169010755194606,0.007548208550787194,0.006974846895073661,0.006445261699212779,0.005956078523863262,0.005504186833156233,0.005086720312021953,0.004701036031393713,0.004344696951101845,0.004015455644119648,0.003711238569441555,0.003430133167743321,0.003170374161731715,0.002930332791724055,0.002810312106718005
0.33126966645966593,0.3011897957433618,0.2741856679753951,0.24989409246420013,0.22800100957098834,0.20823426302643444,0.19035736829977168,0.17416422145937638,0.15947469239738332,0.1461308966446051,0.13399405641300266,0.12294187350426977,0.11286627748025246,0.1036715287478307,0.09527260386282599,0.08759382023406648,0.08056765899181695,0.07413372452942824,0.06823793683931267,0.062831746777392,0.05787147822471361,0.05331778284514588,0.0491351543267049,0.04529150227073675,0.04175777188812013,0.03850762534821861,0.03551715674527056,0.03276464393467293,0.03023032718932228,0.027896194480416803,0.025745825415786072,0.023764239848174107,0.021937749098572823,0.020253839133728135,0.018701059871077952,0.017268927394940015,0.01594783419567758,0.014728971942448155,0.013604261166366705,0.012566283410517798,0.011608227028268026,0.010723831863046485,0.009907345624506902,0.009153475820671275,0.00845735541387782,0.007814504163663472,0.0072207977789595645,0.0066724387570449295,0.006165927964838502,0.005698042382022983,0.005265810665937565,0.004866494407003152,0.004497568327024304,0.004156703618085622,0.0038417524462586172,0.0035507329796136133,0.0032818170834758575,0.003033317276868175,0.0028036764597239028,0.0026888560511517667
0.313025877875992,0.2848182551274858,0.259464310044919,0.23663110269306564,0.21603026391534996,0.19741148066445557,0.18055687777825735,0.1652762463698565,0.15140306741812548,0.13879114447161278,0.12731176534770405,0.11685132332466264,0.10730927548217473,0.09859642009629521,0.09063342803532048,0.08334958988823082,0.07668174188164567,0.07057331531411304,0.06497359635031952,0.05983700712562268,0.05512250166742838,0.05079306407620443,0.04681526098022637,0.043158848438507036,0.039796420575162195,0.03670311456230202,0.03385634643681801,0.031235580765893722,0.028822124851632935,0.02659892927698415,0.024550442123705274,0.02266246764230484,0.02092202752697947,0.01931725151463226,0.01783727376874822,0.016472141210028823,0.015212729335729591,0.014050669635023993,0.012978283466629215,0.01198851828765779,0.011074896527891731,0.01023146349866444,0.009452746167153414,0.008733707882560005,0.008069715830236746,0.007456504557747934,0.0068901467584581155,0.006367025671925042,0.005883808198574592,0.005437423771037508,0.005025041224677729,0.0046440509926082285,0.00429204633537239,0.003966807516833093,0.0036662870884240917,0.0033885956728774147,0.0031319902614379558,0.0028948618271140703,0.0026757255461484775,0.0025661574056634606
0.29492616049134224,0.2685555730483413,0.24482345372985215,0.22342587108798995,0.20409911690777882,0.1866138728688327,0.17077017639968162,0.15639314269064286,0.14332939670447686,0.13144404823689726,0.12061813886111938,0.11074649881297471,0.10173590499860996,0.09350352416624741,0.08597558340963651,0.0790862340221965,0.0727765758042187,0.06699379242302683,0.061690475879316864,0.056823970704655835,0.05235582151890128,0.048251313014819885,0.04447905923858908,0.041010642347329984,0.03782028921146985,0.03488459928901566,0.03218230066073691,0.02969403701045703,0.027402176959765434,0.02529062944903071,0.023344708015642368,0.021550999300306017,0.0198972341319692,0.018372185410715502,0.01696557143352706,0.015667970233081974,0.014470740881811217,0.013365955484623271,0.01234633719422007,0.011405200460488096,0.010536402952396884,0.009734296658012731,0.008993689041330022,0.008309800530357236,0.0076782337657466115,0.007094939290257507,0.006556187958635107,0.006058544892706408,0.005598844121563751,0.0051741685819317595,0.004781828288882295,0.004419343471866455,0.004084426833839139,0.0037749685653087894,0.0034890224098882427,0.0032247922045591793,0.0029806207810434415,0.0027549782365587916,0.0025464526522922526,0.0024421898601567626
0.2769725565994463,0.25240337294232695,0.23026437855434345,0.21027939053817502,0.1922083205595193,0.17584198861047007,0.1609976421463566,0.14751514496974316,0.13525379524229386,0.12408962410133562,0.11391311229026702,0.10462727006554928,0.09614598431757049,0.08839261895543515,0.08129881751153256,0.07480347800486342,0.06885187096356216,0.06339485672868239,0.05838827179203143,0.05379233332432509,0.04957113623145215,0.04569223330930683,0.04212625995019703,0.03884660358441039,0.035829107269709226,0.03305181970498783,0.030494770843234598,0.028139775664750566,0.02597025821684973,0.023971081393647786,0.02212842105036028,0.02042964411612669,0.018863189243059075,0.017418471832200133,0.01608579416108924,0.014856265621867593,0.013721729412421446,0.012674699039521009,0.011708300413331152,0.010816216057669692,0.009992640050322521,0.009232232274918317,0.008530081944337908,0.007881667817501992,0.007282829238648425,0.006729733969663698,0.006218852221042681,0.005746932154480078,0.005310976040480142,0.004908221388544298,0.004536120412144129,0.0041923241074481865,0.0038746655396248997,0.0035811456961720722,0.0033099203346642625,0.003059287280091638,0.0028276759327328094,0.0026136361971440536,0.0024158297002330187,0.0023169264517752808
0.2591670870492857,0.23636327817198488,0.21578837579210308,0.19719267150349662,0.18035864655040257,0.16509639637372064,0.15123967105437952,0.138642503655797,0.12717639146134552,0.11672789915477821,0.1071966294777793,0.09849351343897528,0.09053933596495867,0.0832634849182945,0.07660287878430427,0.07050104681544767,0.06490733608281118,0.059776206728341386,0.05506667736037585,0.050741787137291716,0.04676814017200659,0.04311552421099929,0.0397565693542834,0.03666644699948041,0.033822599426933664,0.031204511190972006,0.02879350366161937,0.02657255506126166,0.024526138777001272,0.022640067096997285,0.020901374931105998,0.019298207296007952,0.017819709278241724,0.016455938058905772,0.015197779699889225,0.014036875169982643,0.012965552322978802,0.011976766842471953,0.011064048355615697,0.010221448542901967,0.009443499066628114,0.008725168934522465,0.008061830372820822,0.00744922173781859,0.006883420341501356,0.0063608124056724336,0.005878068708442541,0.005432121626700592,0.005020142802991678,0.0046395254058628765,0.00428786488330779,0.0039629439854804716,0.0036627170759384597,0.003385296825384465,0.0031289418422408843,0.0028920447277736017,0.002673122192735633,0.0024708046452248666,0.002283827911071512,0.002190339543990394
0.2415117509950182,0.22043691188653902,0.20139674848871802,0.18416674218748152,0.16855088651702932,0.15437768451870504,0.14149667761287787,0.12977548550381357,0.11909732762492631,0.1093589117736915,0.10046864308766779,0.09234511181873017,0.08491578692434665,0.07811590513755906,0.07188751671455496,0.0661786651273033,0.06094267845009771,0.056137538556311206,0.05172538274584859,0.047672020597739895,0.04394652356035422,0.040520880495731326,0.03736968898900628,0.034469882602672364,0.031800485454778205,0.0293424042167878,0.027078240925968444,0.024992128748539955,0.023069584125146037,0.021297364015042675,0.019663358988277757,0.018156489843881296,0.01676660663264329,0.015484407532571076,0.014301362147675079,0.01320964320766116,0.01220206373103494,0.011272022340538257,0.010413453334576772,0.009620778633725457,0.008888868666030447,0.008213002800920854,0.007588837554610706,0.007012372161381286,0.006479923180986447,0.005988096552815847,0.0055337648519371285,0.0051140458638077035,0.004726281751525896,0.004368022446938902,0.004037007686226168,0.00373115297800819,0.0034485349371005114,0.003187378819640152,0.002946046937295499,0.0027230274706280255,0.002516925196864861,0.0023264517371845983,0.0021504177822695425,0.002062400804809794
0.22400852564323337,0.20462589687270327,0.18709081147487705,0.17120264870535085,0.1567858523407928,0.14368646164829357,0.13176909517151447,0.12091437399178062,0.11101676023169471,0.10198271199158171,0.09372911493378933,0.08618195489977332,0.07927516886757857,0.07294966550541737,0.0671524819663416,0.061836057398303446,0.05695760396954519,0.05247854600022528,0.04836407498552742,0.044582718421692924,0.04110597240788216,0.03790799238496234,0.034965315598567415,0.03225661546062408,0.02976248010751803,0.027465224223583995,0.02534871945778061,0.023398245368051462,0.021600354953466017,0.01994274495091819,0.01841415805858837,0.017004288443178694,0.01570368956365531,0.014503699745880283,0.013396371844511812,0.012374410499269572,0.011431114378361862,0.010560325791750813,0.00975638465690487,0.009014084217597862,0.008328634853564942,0.00769562754224129,0.0071110043781486,0.00657102676820287,0.006072251815618657,0.005611506451956849,0.005185866296248953,0.004792635753938512,0.004429328675383815,0.004093652878114362,0.0037834934580027735,0.0034968997040696337,0.003232071452199392,0.002987347462597434,0.00276119461826152,0.0025521974971454142,0.0023590497132808252,0.0021805448242018244,0.0020155690642198465,0.0019330811842244167
0.20665936599798762,0.1889318553954844,0.17287189137029202,0.15830145524673433,0.14506437643586612,0.13302335697954248,0.1220573763563193,0.11205946974815806,0.1029348604300262,0.09459936188263462,0.08697801632125746,0.08000393947952489,0.07361731839669705,0.06776455491464883,0.062397526523634284,0.057472947968331134,0.05295181721794329,0.04879892052139123,0.044982437980949364,0.04147356154895032,0.038246168456983476,0.035276545466640385,0.03254314103918077,0.030026345590963288,0.027708293007795426,0.02557269150354813,0.023604670965626795,0.02179064852773749,0.020118207034398594,0.01857597792862098,0.017153552360609226,0.01584139533503226,0.014630762072433967,0.013513630127719445,0.012482635262394126,0.011531014137360351,0.010652551529655163,0.009841534168613109,0.00909270853079569,0.008401240264936938,0.00776268089241583,0.007172934253021346,0.0066282293193831165,0.006125090979396397,0.0056603181911363265,0.005230960169737564,0.004834296842948227,0.004467820465818839,0.0041292177610818825,0.003816355572658914,0.0035272654457019215,0.0032601314893243583,0.003013277747521137,0.0027851574198178852,0.0025743428447100314,0.002379515830939205,0.002199459614362631,0.002033050425995775,0.001879250735847826,0.0018023508907716312
0.18946620460325914,0.1733564090289308,0.15874132657789808,0.14546424423279358,0.13338731203656806,0.1223890207195577,0.11236199349372811,0.10321109099055814,0.09485181444524926,0.08720893595884238,0.0802153284014695,0.07381096976367907,0.06794207729765578,0.06256036546019583,0.05762240384190154,0.05308906116415102,0.048925021507235655,0.045098351279651006,0.0415801524900683,0.03834422710687235,0.035366789121207276,0.03262622061591447,0.030102852184121787,0.02777876785506006,0.025637628530161827,0.023664521076756095,0.021845821917776398,0.02016907667219403,0.01862289109006543,0.01719682606305728,0.015881317366539527,0.014667598192650289,0.013547623781628992,0.012514009924857739,0.011559974891142133,0.01067928743315072,0.009866218867826682,0.009115501058292175,0.00842228797104827,0.007782118739152466,0.007190887218766484,0.006644811373872628,0.006140408366044348,0.005674467885965484,0.005244032073536964,0.0048463737357407055,0.004478978391575517,0.004139527393705045,0.003825881540828746,0.003536067862621728,0.0032682654614335505,0.0030207943241711277,0.0027921037074740696,0.002580762202439857,0.0023854485035057493,0.002204942499264284,0.0020381178473716233,0.0018839342036303108,0.0017414309793695182,0.0016701793672369014
0.17243095128304908,0.15790117847685803,0.14470046726826613,0.13269211646749657,0.12175553348411139,0.11178412444551089,0.10268343904302313,0.09436957397560786,0.08676782401983996,0.0798115215811146,0.07344104254098038,0.06760295768535318,0.062249292806262346,0.05733689265164266,0.05282686900896394,0.04868412141210143,0.04487691895323831,0.041376525162934996,0.03815689612255202,0.035194388376305064,0.03246750742632809,0.02995669391571365,0.02764413082776862,0.02551357184907843,0.023550185682346125,0.0217404225653528,0.02007189341160398,0.018533262949431695,0.017114152658068704,0.015805047426304952,0.014597223670063109,0.013482679991780877,0.012454069809209045,0.011504646079618652,0.010628209120482346,0.009819059803306551,0.009071956385686697,0.008382076559314555,0.007744982700841341,0.007156588503467454,0.006613131353634394,0.006111144608196284,0.005647434939102247,0.00521905817493451,0.004823300979706069,0.004457661077399422,0.00411983087864165,0.0038076821001986616,0.0035192508391146404,0.0032527254889425095,0.003006433835772704,0.002778832820267141,0.0025684979340967473,0.0023741141294086887,0.002194467373684006,0.0020284365003364613,0.0018749864040445985,0.001733160931287614,0.001602077154010395,0.0015365352653673447
0.15555549287914694,0.14256778338310294,0.13075067535375684,0.11998619128263055,0.11016993651228102,0.1012093614888343,0.093022226037065,0.08553527346030432,0.07868310686713897,0.07240721938464034,0.06665516070480937,0.06137982323800362,0.056538817886924164,0.05209393563707643,0.048010678915733074,0.04425785335894439,0.040807210551023765,0.03763312682182551,0.03471234333861872,0.03202371475960586,0.029547991952476593,0.027267636577321674,0.025166653588795107,0.023230441793420376,0.02144565798412934,0.01980010006486843,0.018282601039789625,0.01688293507406957,0.015591731953494836,0.014400394909919179,0.01330103685022177,0.012286418877121008,0.011349890638165938,0.010485341103638746,0.00968715211823401,0.008950156652942631,0.00826960027388246,0.007641107174651829,0.007060649050028012,0.006524515224448635,0.0060292878115264514,0.005571816835923116,0.0051491998114849835,0.004758760052747668,0.004398030105430273,0.004064733952424682,0.0037567722143050375,0.0034722082570182167,0.0032092547172668517,0.002966262549639609,0.002741709369376011,0.0025341901654440946,0.0023424077050115955,0.002165164288325805,0.0020013540899554982,0.001849955769390732,0.0017100262890945572,0.0015806944668872447,0.0014611557687649324,0.0014013864197037762
0.13884169298669757,0.12735784213160795,0.11689332445237177,0.10734760667619359,0.09863143853180212,0.09066544732324378,0.08337888853131137,0.07670856317484986,0.07059789713867115,0.06499614371903384,0.059857695854601545,0.055141494822752435,0.05081051152461491,0.04683129743887626,0.043173592437266706,0.03980998200147301,0.03671559625716636,0.033867838709498166,0.03124616545171932,0.028831871751240357,0.02660790677741165,0.02455871486108485,0.02267009181242674,0.020929056420455616,0.01932373334399884,0.017843252012657018,0.016477654753219717,0.01521781518691423,0.01405536372702354,0.012982616083156984,0.011992517331109731,0.011078588024502345,0.010234871982102156,0.009455892947416444,0.008736613704374285,0.008072399254492879,0.00745898280499091,0.006892435701080224,0.006369139849855543,0.005885761272064194,0.005439228005830188,0.005026708024056248,0.004645591023710871,0.004293469165901342,0.003968122250772588,0.003667501878763524,0.0033897182166819917,0.0031330275834884347,0.0028958204159090783,0.0026766114460530233,0.002474029282786283,0.0022868080768345678,0.0021137789297309695,0.0019538624947523786,0.0018060621048654468,0.0016694571434427985,0.0015431974873836296,0.0014264977216305041,0.00131863245407704,0.0012646998202980875
0.1222913916874191,0.11227297163593608,0.10312979984066661,0.09477751944397372,0.08714097891318051,0.08015311995654084,0.07375398206113104,0.067889836307371,0.06251244590542271,0.057578423103508136,0.0530486723621415,0.04888790961047107,0.04506423903074541,0.04154878520186589,0.03831537062463308,0.035340232825062934,0.032601775079421635,0.03008034112736091,0.027758030635349762,0.025618520910950515,0.023646911421222327,0.021829589997324206,0.020154111472003855,0.01860908886065271,0.01718409393337783,0.01586957105344844,0.014656758720521523,0.01353761971077283,0.012504777119066723,0.011551453047107252,0.010671420237264861,0.00985895549876048,0.009108794646421892,0.00841609486555317,0.007776399220831287,0.007185604622548247,0.006639932213547972,0.00613590111464557,0.005670304323905917,0.005240185616117721,0.004842820150714466,0.004475695134029678,0.004136493796447205,0.003823078518609968,0.0035334777426454522,0.003265872061923858,0.0030185825437056835,0.002790059782675769,0.0025788732952491955,0.00238370282700906,0.0022033291643319686,0.00203662675227978,0.0018825561043600558,0.0017401572499808893,0.001608543649429528,0.0014868963246694733,0.0013744589298791965,0.0012705326283724006,0.0011744719324102704,0.0011264415844314257
0.10590640528063133,0.09731478711817676,0.08946149839587303,0.08227710530368526,0.07569951926750917,0.0696731403259232,0.06414808410740935,0.059079506000285775,0.05442702165339597,0.05015420069769405,0.04622812643869434,0.04261901391934941,0.03929987236330312,0.03624621045455356,0.0334357769081306,0.030848331951980335,0.028465445174230553,0.026270312276741592,0.024247603934282047,0.022383319839898164,0.020664660792548695,0.019079918107567373,0.017618373069803184,0.01627020652711586,0.01502641605859445,0.013878743901925006,0.012819611184085034,0.011842059202487043,0.010939695509759595,0.010106642284406497,0.009337495244636784,0.008627284107052269,0.007971434384956844,0.007365735277495844,0.006806309396920618,0.00628958538432034,0.0058122725718723345,0.005371338452033747,0.004963987975137307,0.004587643718982903,0.004239929159504108,0.003918652025558522,0.0036217904398316847,0.003347478387372149,0.003093994354501639,0.002859749319514826,0.0026432766223782878,0.0024432224751747,0.0022583367730844017,0.002087465530880017,0.0019295429159660316,0.001783584819787798,0.0016486822644345978,0.0015239956971413449,0.0014087496922732257,0.0013022278423768796,0.001203768458282184,0.00111276010867023,0.0010286379876989216,0.0009865769272088265
0.08968852601218824,0.08248490187728219,0.07588982852654969,0.06984755901153772,0.06430804372504983,0.05922629269664359,0.05456179457029364,0.05027800585884368,0.04634191079373018,0.042723634788277565,0.03939610658073356,0.03633476360834553,0.03351729046212171,0.030923389383854527,0.028534577312346876,0.026334006299624235,0.024306303952421615,0.022437428317028107,0.02071454728052924,0.019125922159939357,0.017660805136556768,0.016309350126282318,0.015062531537224366,0.01391207099854963,0.012850370030408342,0.011870451202278254,0.010965904312660868,0.010130838200952397,0.009359836364750684,0.008647914504553711,0.00799048642694089,0.0073833312475501955,0.006822561752009015,0.006304597623625341,0.005826140210145603,0.005384149645606406,0.004975823661572676,0.004598578687757815,0.004250032468844367,0.003927987424412471,0.0036304165392619936,0.0033554493569987187,0.003101360259414321,0.00286655623231713,0.002649567222956506,0.002449036002989402,0.002263709575340833,0.002092431130256145,0.0019341322604038425,0.0017878265253834513,0.0016526026970842267,0.0015276192850777193,0.0014120989360710823,0.0013053235755666748,0.0012066298971635803,0.0011154050134765114,0.0010310827882564766,0.0009531400386331157,0.0008810934335645726,0.0008450701310280806
0.07363952180138078,0.06778492704658579,0.06241621009168696,0.05749009447067355,0.05296755921116336,0.048813385063684045,0.04499573625114106,0.041485790471669226,0.03825741818757944,0.035286899292104046,0.03255267403253548,0.03003512448727097,0.027716379599600494,0.025580143123975496,0.023611540683803334,0.02179698374949801,0.02012404819363045,0.018581363430660858,0.017158519514390846,0.015845977496380392,0.014634989984827484,0.01351753172324166,0.012486236134492401,0.011534337900673819,0.01065562003124132,0.009844367384772568,0.009095324050245601,0.008403655071185234,0.007764911076568737,0.0071749944846333236,0.006630132097300567,0.006126848753260639,0.00566194194945524,0.005232460216544332,0.00483568274223245,0.0044691008521580144,0.004130400840427484,0.0038174486068864866,0.003528275511404111,0.0032610648422659594,0.003014140281525357,0.002785954481954178,0.002575079458555507,0.002380196605309415,0.0022000887612705355,0.002033631916300571,0.001879788144605321,0.0017375989944534709,0.001606179094513216,0.0014847108450499746,0.001372438866042991,0.0012686654770455164,0.001172746085020826,0.001084085173457261,0.001002132578875603,0.0009263799013936591,0.000856357471183955,0.0007916312133682268,0.0007318000802403191,0.0007018845136719243
0.057761135965730404,0.05321647134042262,0.049042074307852346,0.04520594483112372,0.041679095719251436,0.03843524955631228,0.03545055534247776,0.03270333594350472,0.030173867686213995,0.027844184276046846,0.02569790326617305,0.023720072743986798,0.02189703374769536,0.02021629806019387,0.018666438931562723,0.017236993327287564,0.01591837417000086,0.014701789895439354,0.013579176410978278,0.01254313146438868,0.01158685610748389,0.01070410322665083,0.009889130349867159,0.009136656786226105,0.008441823980045449,0.007800160519129129,0.007207549961396609,0.006660201844197466,0.006154624801593123,0.005687600905259771,0.005256164644911188,0.004857582730894983,0.0044893346688557045,0.00414909608731584,0.003834723030244902,0.003544237646062598,0.0032758149046507867,0.003027770673278418,0.0027985507245986696,0.0025867202289964197,0.0023909547489830985,0.002210031342051444,0.0020428210371470357,0.0018882810544207373,0.0017454485695100885,0.001613434231564348,0.0014914166123558559,0.001378637017306339,0.0012743944695481346,0.0011780415262307997,0.001088979919519062,0.0010066569911026946,0.0009305620638855316,0.000860223278569272,0.000795204657260129,0.0007351032733282636,0.0006795468544185113,0.0006281913099970282,0.0005807187002782044,0.0005569823954210129
0.042055086943881825,0.038781140789816426,0.03576886364413667,0.03299636258090377,0.030443706580212115,0.0280927428451605,0.025926921926031632,0.023931140440418552,0.022091602686464817,0.020395696494186488,0.018831882479521944,0.017389595389332158,0.01605915496181609,0.014831686148006895,0.013699047281581223,0.01265376539475227,0.011688977779580334,0.0107983781645693,0.009976170712517884,0.009217025659573608,0.008516039467689751,0.007868699547262104,0.007270851798586442,0.006718671013503652,0.00620863339479083,0.0057374921648989385,0.005302255072701101,0.0049001640526391554,0.0045286762923035795,0.00418544618165928,0.0038683103667302987,0.0035752733945004778,0.003304493928335539,0.0030542728265148256,0.0028230419125607753,0.002609353717248908,0.0024118719461041493,0.002229362892967046,0.002060687515266224,0.0019047938637450912,0.001760710557854317,0.0016275403556198498,0.0015044546864872999,0.0013906880248670817,0.0012855333412797876,0.0011883374013388348,0.0010984967186633554,0.0010154537742534941,0.0009386933642607787,0.0008677395396006204,0.0008021524293599924,0.0007415256302456541,0.0006854835571168394,0.000633679126988973,0.0005857916095663995,0.0005415245558459958,0.0005006040399813116,0.00046277684923268225,0.00042780899274230677,0.0004103250644993395
0.026523068016519602,0.024480538467157587,0.022598031704537114,0.020862619627721735,0.019262468728120652,0.017786746551564647,0.016425530478474393,0.01516972474727929,0.014010986701871175,0.012941659942566908,0.011954714112789588,0.011043690720637933,0.010202653782216409,0.009426145248454532,0.008709144545449021,0.00804703185398381,0.007435554690022883,0.0068707969548986725,0.006349152166991168,0.005867297652843995,0.005422171178839363,0.005010950103643275,0.004631032121604761,0.004280017623572441,0.0039556932526707556,0.003656017218616192,0.0033791057105458933,0.0031232205621645193,0.0028867577248492537,0.00266823628973345,0.002466289293816537,0.002279654893793115,0.0021071679040574054,0.001947752419875215,0.0018004148694128475,0.0016642376496101008,0.0015383732045126663,0.0014220386726337964,0.0013145109402890043,0.0012151219197908958,0.001123254455932532,0.0010383383022283255,0.0009598466801641337,0.0008872927560243937,0.0008202267667956065,0.0007582330675726112,0.0007009275759939371,0.0006479553864746634,0.0005989884669821421,0.0005537237198893763,0.0005118809769921739,0.0004732013438202287,0.0004374455238620456,0.00040439234985534256,0.00037383742077512494,0.0003455917886530102,0.00031948084146637967,0.00029534315535428846,0.00027302954606955865,0.00026187274142719374
0.01116674702570375,0.010316264199663472,0.009531043097488201,0.008806007370871782,0.008136482961615954,0.007518167658826513,0.006947100385077398,0.006419632837806333,0.005932403949833187,0.005482316432230405,0.0050665153841533694,0.004682368804114212,0.004327449653716009,0.0039995194803355005,0.0036965134042077352,0.0034165263646501742,0.0031578004932431014,0.0029187133440178314,0.0026977675733341755,0.0024935809900528128,0.002304877464727184,0.002130478748778586,0.0019692968843054715,0.0018203272161709805,0.0016826418479620742,0.001555383757794182,0.0014377613348592888,0.0013290433982060534,0.0012285545217416427,0.0011356705868470485,0.0010498150123394723,0.0009704551368727721,0.0008970987560497079,0.0008292910783325169,0.0007666118580251791,0.0007086727616956168,0.0006551149142719481,0.0006056066728454823,0.0005598415664831435,0.00051753633119489,0.00047842919600693534,0.0004422782027324601,0.0004088597607276867,0.00037796717462068585,0.00034940943224981424,0.0003230099669382369,0.00029860558035998963,0.00027604543759274236,0.00025519009757779543,0.00023591069293171785,0.00021808808517764788,0.00020161216378156155,0.0001863811385627301,0.00017230091794218083,0.00015928453194646863,0.00014725157648332043,0.00013612773938298517,0.00012584431459572443,0.00011633779934072663,0.00011158454171322774
-0.00401223390789518,-0.0037100857282856836,-0.0034306267078276775,-0.0031721632369885455,-0.0029331257994646975,-0.0027120610749031826,-0.0025076235392340607,-0.00231856754282056,-0.002143740044973086,-0.0019820738192555254,-0.0018325811548791648,-0.001694348022813763,-0.0015665286356014718,-0.0014483404099951969,-0.001339059292106981,-0.0012380154249314046,-0.0011445891284944665,-0.0010582071234654933,-0.0009783391660445062,-0.0009044948032155276,-0.0008362203770095888,-0.0007730963017094084,-0.0007147345247382475,-0.0006607761754739983,-0.0006108893524281456,-0.0005647671182806846,-0.0005221256309662081,-0.00048270243167003457,-0.000446254830532844,-0.0004125583726999338,-0.00038140552105936365,-0.00035260439275930366,-0.0003259775517072683,-0.0003013609377777726,-0.00027860285816139196,-0.00025756305820578973,-0.00023811185426936277,-0.00022012934402848572,-0.00020350467471619282,-0.00018813534554684708,-0.00017392659558357337,-0.000160790805172617,-0.0001486469780287436,-0.0001374202163884064,-0.00012704128479423815,-0.00011744616752462633,-0.00010857568106370508,-0.00010037511299465507,-9.279387369609537e-05,-8.578520027668901e-05,-7.930585293358661e-05,-7.331586158176862e-05,-6.7778270982366e-05,-6.265891606016538e-05,-5.7926213483661115e-05,-5.355096092340972e-05,-4.950616548704545e-05,-4.5766868193020116e-05,-4.230999799847979e-05,-4.0581562898989176e-05
-0.019012258669195425,-0.01759691888413517,-0.016285491538678976,-0.015070561638950153,-0.013945208262642339,-0.012902980702511613,-0.01193787052123696,-0.011044284282757388,-0.01021701783073592,-0.009451231577144448,-0.008742427043775258,-0.008086424628737099,-0.0074793424959240795,-0.006917576660412372,-0.0063977822082783575,-0.005916855632417395,-0.005471918224237982,-0.005060300319668087,-0.004679526985289506,-0.004327304211351191,-0.004001506007926814,-0.0037001625395127746,-0.003421448994656018,-0.00316367521107086,-0.0029252758555653458,-0.002704801450987837,-0.0025009099742634433,-0.002312359120102414,-0.0021379989690162304,-0.001976765027684735,-0.0018276721697230158,-0.0016898088251648957,-0.0015623314373325314,-0.0014444595005480565,-0.0013354708862101106,-0.0012346975230137502,-0.0011415213592913531,-0.0010553706715654698,-0.0009757166379698035,-0.000902070075108341,-0.0008339785553479473,-0.000771023596284337,-0.000712818213308708,-0.00065900445318956,-0.00060925132413292,-0.0005632527086474326,-0.0005207255259742638,-0.0004814080201631654,-0.0004450581105830409,-0.0004114519825693108,-0.0003803826476866945,-0.0003516587366236834,-0.0003251032879125759,-0.00030055267751905035,-0.00027785562572546496,-0.0002568722409401758,-0.0002374732005838709,-0.00021953891467862974,-0.00020295882808163412,-0.00019466878478313632
-0.033831737434457665,-0.031342647007583935,-0.02903205468979042,-0.026887837634119727,-0.02489859051705956,-0.02305360567301573,-0.021342843293692404,-0.019756900295591073,-0.018286979391768377,-0.016924857959361717,-0.015662857316365297,-0.014493812544329465,-0.013411043056654748,-0.012408324085622091,-0.01147985919043304,-0.010620253880793129,-0.009824490383221196,-0.009087903406750364,-0.008406157586779983,-0.0077752257124164,-0.007191368077745786,-0.006651113231512795,-0.006151239792813179,-0.0056887593704990636,-0.005260900291412796,-0.00486509258803558,-0.00449895387133914,-0.004160276247122674,-0.0038470138470714232,-0.0035572710058007218,-0.0032892918133287097,-0.0030414500991149396,-0.002812239893263957,-0.0026002668026325892,-0.0024042398866308545,-0.0022229641238258324,-0.0020553333580819455,-0.0019003238228965103,-0.001756988120433789,-0.0016244494923700614,-0.0015018967243296544,-0.001388579192171946,-0.0012838025203620873,-0.0011869242310513783,-0.0010973500559163796,-0.0010145302415054402,-0.0009379562768430105,-0.0008671578468044672,-0.0008016998986670743,-0.0007411801228007775,-0.00068522638975832,-0.0006334945901276257,-0.0005856664733716599,-0.0005414477324139355,-0.000500566226810939,-0.0004627702723070115,-0.0004278271720403737,-0.00039552171998469277,-0.00036565494831553025,-0.0003507215624853899
-0.0484691069587706,-0.044945686342332536,-0.04166880910859483,-0.03862262134951777,-0.03579207379403648,-0.0331629234161257,-0.03072171755253983,-0.028455772899835807,-0.026353151494782345,-0.024402633786344552,-0.022593689882635104,-0.020916449396355397,-0.019361670665989372,-0.017920709649703603,-0.016585488914322433,-0.015348467021740753,-0.01420260853009836,-0.013141354699075514,-0.012158595364164526,-0.011248641755452482,-0.01040620024916894,-0.009626347485256481,-0.008904506664588752,-0.008236425082062127,-0.007618152563826364,-0.007046021352370424,-0.0065166270698391315,-0.006026810972112884,-0.005573642932668044,-0.005154405325242806,-0.004766578550547962,-0.004407827163559475,-0.004075986685050381,-0.003769051551874014,-0.0034851637628685594,-0.0032226023134196424,-0.0029797732837444357,-0.0027552007003883716,-0.0025475180240830397,-0.0023554600572150974,-0.0021778556952023465,-0.0020136209007270978,-0.0018617525045572236,-0.0017213220290157594,-0.001591470398216721,-0.0014714026739826025,-0.0013603833648190289,-0.001257732061317185,-0.0011628192367174606,-0.0010750626213917869,-0.0009939235301459348,-0.0009189037500689778,-0.0008495424362475745,-0.0007854133523910178,-0.0007261223113008697,-0.0006713047116368998,-0.0006206234173200542,-0.0005737666016703002,-0.0005304459369126491,-0.000508785604531603
-0.06292283086478889,-0.05840445797940852,-0.054194237594971106,-0.0502735232243845,-0.046624434234359136,-0.043229893926901575,-0.04007364140736325,-0.037140233185675164,-0.03441503701784754,-0.031884218910480655,-0.029534724888291564,-0.027354258318981195,-0.0253312543682771,-0.0234548520176725,-0.021714864514619237,-0.02010174884226945,-0.018606574705826162,-0.017220993513511473,-0.01593720731607906,-0.014747938730765853,-0.013646401217846105,-0.012626270311781873,-0.01168165593235404,-0.010807075851286818,-0.009997430003632068,-0.00924797621433271,-0.008554307075363532,-0.007912328230803567,-0.007318237412210493,-0.006768504602434611,-0.006259853907963908,-0.005789246185785579,-0.0053538625568050335,-0.004951089172742229,-0.00457850285749295,-0.004233857696309684,-0.003915072428601896,-0.003620218771711592,-0.003347510524180919,-0.003095293215196193,-0.0028620347651653333,-0.002646316461190068,-0.0024468249385867225,-0.002262344239531977,-0.002091748939228033,-0.0019339973518395226,-0.0017881254378782074,-0.0016532411390945967,-0.0015285189318570147,-0.001413195099377873,-0.0013065629634878562,-0.0012079688214283735,-0.0011168079058743174,-0.0010325207825490068,-0.0009545900094565241,-0.0008825369222797974,-0.0008159188600043166,-0.0007543263507470144,-0.0006973807402932408,-0.000668907935066354
-0.07719139993290991,-0.07171738821202478,-0.06660681301581928,-0.06183913400711116,-0.05739442266298855,-0.05325344935090737,-0.04939773482534271,-0.045809585369078754,-0.04247211426181341,-0.03936925152453252,-0.03648574405150207,-0.03380714734158019,-0.03131981135819473,-0.029010861085243533,-0.026868173194110057,-0.024880349753573228,-0.023036689833406676,-0.021327160007209578,-0.019742362949837222,-0.018273506932846573,-0.01691237472726037,-0.015651292685374685,-0.014483100593296605,-0.013401122390441778,-0.01239913752379973,-0.011471353467036316,-0.01061237934230519,-0.009817200937312087,-0.00908115640014806,-0.008399913265941805,-0.0077694470556899375,-0.007186020766369872,-0.006646165443742191,-0.006146662014798743,-0.005684524155444848,-0.005256982225816387,-0.004861468134276237,-0.0044956012525743105,-0.004157175244183797,-0.0038441455644777633,-0.0035546180947365613,-0.0032868381948381042,-0.003039180905188843,-0.00281014130330437,-0.002598326064435774,-0.0024024451784132594,-0.002221304473337682,-0.0020537986681867793,-0.001898904698549586,-0.001755675891184083,-0.0016232361147761054,-0.0015007747673045913,-0.001387541807686965,-0.0012828433120981586,-0.001186037353115843,-0.0010965300356780006,-0.0010137720669334271,-0.0009372552847830562,-0.0008665097225524221,-0.0008311369414393255
-0.0912733323926318,-0.08488290890209527,-0.0789049985348722,-0.07331802476560512,-0.06810076437164803,-0.06323249357021332,-0.058693089069046245,-0.05446310613336003,-0.05052383624405632,-0.04685734744874992,-0.04344650997596844,-0.04027500875209089,-0.03732734641096691,-0.0345888374857628,-0.03204559581209576,-0.029684516461294663,-0.02749325346756759,-0.02546019500207386,-0.023574434174555847,-0.021825740515120096,-0.020204529577956265,-0.018701831599972074,-0.017309260415871996,-0.016018982748318145,-0.014823687776415184,-0.013716557404968022,-0.01269123746900025,-0.011741810191447932,-0.01086276715442036,-0.010048983776873577,-0.009295695029787332,-0.008598472161231996,-0.007953200691814821,-0.007356059568457418,-0.006803501494552222,-0.006292234408320496,-0.00581920398896596,-0.005381577296308393,-0.004976727437444595,-0.004602219029221644,-0.004255794872829455,-0.00393536316171339,-0.003638985945597639,-0.0033648678495712403,-0.003111346088946476,-0.002876880739264287,-0.002660045895028773,-0.0024595214592393333,-0.0022740852617841867,-0.002102606141192176,-0.0019440370298173804,-0.001797408993331473,-0.0016618253421674112,-0.0015364563479236537,-0.0014205343442874607,-0.0013133490153238725,-0.0012142433077233505,-0.001122609303365607,-0.0010378847169745242,-0.0009955224237789828
-0.10516717421517718,-0.09789945785835918,-0.09108724785807265,-0.08470874691140828,-0.07874215891008784,-0.07316590179108129,-0.06795876612833762,-0.06310004395805979,-0.058569629974130066,-0.05434809939605767,-0.05041676543991347,-0.04675771843524412,-0.04335385128748648,-0.040188872073274595,-0.03724730645073837,-0.034514491616253196,-0.03197656352756706,-0.029620439795041698,-0.02743379518285405,-0.025405037436181388,-0.023523279630746075,-0.02177831012176945,-0.02016056203461236,-0.018661082440294408,-0.01727150131153543,-0.015984000505797624,-0.014791283397226351,-0.013686545491173874,-0.012663445298017884,-0.01171607685581666,-0.010838942961677311,-0.010026929511037785,-0.009275281285070491,-0.008579578688374667,-0.007935715783666808,-0.007339879515080305,-0.0067885300320469355,-0.006278382190756382,-0.0058063881757686175,-0.005369721039794051,-0.004965759488326782,-0.004592073323577139,-0.004246410213895047,-0.00392668284203701,-0.00363095739521313,-0.003357442431841662,-0.0031044786952794112,-0.002870529660117249,-0.002654172464486848,-0.0024540899044023234,-0.0022690624693044725,-0.0020979614357719,-0.0019397420670053123,-0.0017934374913686213,-0.0016581530267201217,-0.0015330607233998705,-0.00141739461689383,-0.001310445945863492,-0.0012115590798300602,-0.0011621156468111238
-0.11887149940699615,-0.11076547922625135,-0.10315200549475989,-0.09600983223837734,-0.08931727988649385,-0.08305252013358633,-0.07719379814679961,-0.07171961843553731,-0.06660889571140416,-0.061841076214963486,-0.05739623266002081,-0.05325513518469105,-0.04939930411365534,-0.04581104538081249,-0.042473471958479614,-0.03937051344454989,-0.036486916012052895,-0.033808235953380894,-0.03132082232051747,-0.02901179939657883,-0.026869043803166015,-0.024881157437697254,-0.023037439042918884,-0.021327854578307992,-0.019743006737753532,-0.018274103615327775,-0.016912927616052897,-0.01565180495060048,-0.014483575046635444,-0.013401561716666066,-0.01239954431488055,-0.011471730078205233,-0.010612728080574563,-0.009817523824731111,-0.009081455228687751,-0.008400189801847091,-0.007769702966431424,-0.007186257562654674,-0.006646384545470063,-0.006146864720015799,-0.005684711708484613,-0.005257155713382922,-0.004861628637677917,-0.004495749730817344,-0.0041573125763783025,-0.003844272600597165,-0.0035547355619724996,-0.003286946875213914,-0.003039281379488834,-0.0028102342513047773,-0.002598412007057682,-0.00240252465324442,-0.002221377982865036,-0.002053866618174638,-0.0018989675605274314,-0.0017557339903584435,-0.001623289858598831,-0.0015008244517122904,-0.0013875877464153419,-0.0013309693937713085
-0.13238491030449495,-0.12347942388952315,-0.11509770703517219,-0.10721979297635187,-0.09982477477783469,-0.09289116522396501,-0.08639718684297915,-0.08032101957507365,-0.07464100620422798,-0.06933582210965294,-0.06438461252979533,-0.059767099988174976,-0.05546366873252939,-0.05145542705268458,-0.04772425146935877,-0.04425281535598735,-0.0410246046951146,-0.0380239250940928,-0.035235893943212915,-0.032646431765779305,-0.030242246058809208,-0.02801080889916374,-0.025940332083562723,-0.0240197400006803,-0.022238640884246763,-0.020587296135547994,-0.019056589370172183,-0.017637995523340777,-0.016323549442760488,-0.015105816307414699,-0.01397786112928845,-0.012933219491721992,-0.011965870051660055,-0.011070207262675602,-0.010241015566849754,-0.009473444736642911,-0.008762986378938464,-0.008105451589872636,-0.007496949850955836,-0.006933869081837685,-0.006412856864446148,-0.005930802611611163,-0.00548482108517323,-0.005072236610539349,-0.004690568585616894,-0.004337517677677205,-0.004010953010942231,-0.0037089002898094137,-0.003429530426193317,-0.0031711493772101917,-0.0029321881323252086,-0.0027111939224377934,-0.002506821622758615,-0.0023178259619882624,-0.0021430542999789637,-0.001981439687424036,-0.0018319947942035952,-0.001693805823315131,-0.00156602728959232,-0.001502138022728694
-0.1457060378693642,-0.13603974988363632,-0.12692277944445607,-0.11833712186046341,-0.11026326475080062,-0.10268062379025,-0.09556790292700068,-0.08890340709487798,-0.08266530591073185,-0.07683185583681418,-0.0713815838316112,-0.066293435284841,-0.06154689402860569,-0.0571220752497581,-0.05299979589711068,-0.04916162552975667,-0.045589920802329154,-0.04226784864640454,-0.039179390259387326,-0.03630934349824422,-0.03364331538874943,-0.031167706060744038,-0.028869688936530302,-0.026737187401342233,-0.024758848964308022,-0.022924016215730703,-0.021222696872555957,-0.019645533231518186,-0.018183770596200688,-0.016829227558177173,-0.015574264273130467,-0.014411752000218492,-0.013335044539370955,-0.012337949370366807,-0.011414700309479997,-0.010559931236122644,-0.009768650969070869,-0.009036219221907338,-0.008358323826356262,-0.0077309592277385875,-0.007150406044220681,-0.006613211729762369,-0.006116172539312181,-0.005656316385032056,-0.00523088689158957,-0.004837328329507784,-0.004473271523890432,-0.004136520799704613,-0.0038250414921892073,-0.003536948716269528,-0.0032704963564889056,-0.0030240673379244853,-0.0027961641453178032,-0.002585400201375876,-0.002390491874750822,-0.002210250802292535,-0.002043577152801568,-0.0018894528916968412,-0.0017469359808597318,-0.0016756775254389566
-0.1588335419849196,-0.14844492282093835,-0.13862564137365752,-0.12936029221672918,-0.1206313444940399,-0.11241965226183925,-0.10470488551299617,-0.09746590970201474,-0.09068111020086533,-0.08432866987883259,-0.07838680242163942,-0.07283394419372868,-0.06764891322290634,-0.06281103602648219,-0.058300247402836014,-0.05409716647614804,-0.05018315266583251,-0.04654034759634662,-0.04315169315855183,-0.040000947038136836,-0.037072685784553805,-0.03435229671314932,-0.03182596460366227,-0.02948065345830031,-0.027304084740067402,-0.025284710946520406,-0.02341168752164613,-0.021674843400361077,-0.02006464993125956,-0.018572191636656576,-0.017189133702992798,-0.015907690733349966,-0.014720597512729583,-0.013621078855807767,-0.012602820993761199,-0.011659943910675707,-0.010786974786527459,-0.009978822408895915,-0.009230752855486912,-0.008538366561201549,-0.007897576293482977,-0.007304586401311042,-0.006755873278860847,-0.006248166938829236,-0.00577843364049091,-0.005343859609507895,-0.0049418356921648865,-0.004569943146357502,-0.004225940060123001,-0.003907749060343413,-0.0036134453244196507,-0.0033412459162640573,-0.0030894994320718183,-0.002856676550684334,-0.0026413612746267745,-0.002442242518170268,-0.002258106704804419,-0.0020878303850002666,-0.0019303738541154303,-0.0018516455886752325
-0.17176611175281575,-0.1606934163276863,-0.1502047034879883,-0.14028775806446347,-0.13092758206250554,-0.12210697637375034,-0.1138070415276804,-0.10600762436059341,-0.09868770453977493,-0.09182572959278712,-0.08539990038705536,-0.07938840971255079,-0.07376964313788203,-0.06852234267844093,-0.06362573883496037,-0.059059654573059284,-0.05480458535709776,-0.050841762212368025,-0.04715318602388496,-0.04372165821151963,-0.040530796202076225,-0.03756503491000096,-0.03480962138993071,-0.03225060296104143,-0.02987481068825737,-0.02766983655687838,-0.025624008122937525,-0.023726360898641552,-0.021966608440737723,-0.020335114211178507,-0.01882285873208822,-0.01742140797198921,-0.016122883838023405,-0.014919933032908617,-0.013805697443705078,-0.01277378531886253,-0.011818243477832446,-0.010933530339620745,-0.010114490200523463,-0.009356329005680841,-0.008654590824495045,-0.008005135780511097,-0.007404119067158099,-0.006847971315808721,-0.006333379824829954,-0.005857271117362117,-0.005416794366697175,-0.005009306057770502,-0.004632355339957428,-0.004283670683045138,-0.003961146930611115,-0.0036628337046673565,-0.003386924189010543,-0.0031317448548540128,-0.0028957459380407613,-0.002677492296214723,-0.002475655338813887,-0.002289005000069011,-0.002116402772278647,-0.0020301016583856857
-0.18450246579053697,-0.1727837124928744,-0.1616583688126383,-0.15111795423629726,-0.14115051873460072,-0.1317412907762261,-0.12287324511588871,-0.1145276155483943,-0.10668434365229906,-0.09932247233494174,-0.09242048517464241,-0.08595659388566546,-0.07990898343094077,-0.07425601505927748,-0.06897639314030535,-0.06404929957604555,-0.0594545002962521,-0.05517243175078068,-0.051184253528084867,-0.04747189610544211,-0.04401809051529426,-0.040806380987747914,-0.03782112898059964,-0.03504750893642328,-0.03247149816678174,-0.03007985861378959,-0.027860115114992645,-0.02580053038479857,-0.023890076946853078,-0.022118410721647663,-0.020475838307074667,-0.018953285427407707,-0.017542267557391078,-0.016234858097146088,-0.015023658040780319,-0.013901766231434465,-0.012862750542517176,-0.011900619688827163,-0.011009796239820346,-0.010185091232366439,-0.009421679233563296,-0.008715075049443577,-0.008061111348629524,-0.0074559179053812485,-0.006895901459418319,-0.006377727164981195,-0.005898300814304314,-0.0054547523955461585,-0.005044420407016581,-0.004664837469161576,-0.0043137164404161155,-0.003988937894447986,-0.0036885380526197054,-0.0034106976884773488,-0.003153731844380836,-0.002916079961736706,-0.0026962971418775794,-0.002493045477223177,-0.0023050864968210405,-0.0022111070066199723
-0.19704135252915478,-0.18471430232896324,-0.1729850330966043,-0.1618492965163032,-0.15129866888303312,-0.14132125865054856,-0.13190233704344134,-0.12302491450218334,-0.1146702506685271,-0.10681830656020352,-0.09944813869025904,-0.09253823694037155,-0.0860668157953004,-0.08001205886551954,-0.07435232274466852,-0.06906630410046244,-0.06413317483668912,-0.05953269413990547,-0.05524528141158669,-0.051252082932746745,-0.0475350174593725,-0.04407680157807903,-0.04086096451388688,-0.03787185277281502,-0.03509462758184423,-0.03251525222464746,-0.03012047479987512,-0.02789780655905183,-0.02583549636926641,-0.023922506658515807,-0.022148481293653433,-0.020503714529809258,-0.018979122177249508,-0.017566209411112865,-0.016257040004590273,-0.015044205905385688,-0.013920797599213941,-0.012880374874324474,-0.011916938715210712,-0.0110249048972344,-0.010199077727492956,-0.009434625633621962,-0.008727057453588039,-0.00807220063652192,-0.0074661797648456485,-0.0069053969496435386,-0.006386512880784956,-0.005906429308226713,-0.005462272346012931,-0.005051377049767325,-0.004671272616607602,-0.004319668939434251,-0.003994443700592321,-0.003693630459142838,-0.0034154076106052145,-0.0031580877941461694,-0.0029201084833907487,-0.0027000226783213677,-0.0024964907604996256,-0.002394724801590975
-0.20938155051148488,-0.19648368624425316,-0.18418308519484228,-0.17248018179700342,-0.1613705198601556,-0.15084551133184299,-0.14089312409809374,-0.1314985184521289,-0.12264461625049794,-0.11431261089621003,-0.106482416368201,-0.09913305639047021,-0.09224300312720146,-0.08579046488805808,-0.07975362890173976,-0.0741108630744236,-0.06884088182344872,-0.06392288564149862,-0.0593366562416664,-0.05506264388165594,-0.05108203056220617,-0.04737676961209747,-0.043929612648629934,-0.04072412434195982,-0.03774468855540114,-0.03497650224205007,-0.03240556357794855,-0.030018654421444246,-0.027803318000336752,-0.0257478378500009,-0.02384120677123125,-0.022073096726558106,-0.02043383096666407,-0.01891435180045864,-0.017506189684000084,-0.016201432368490032,-0.01499269466208375,-0.01387308832426104,-0.01283619298935168,-0.011876028887769507,-0.010987029359337264,-0.010164015426599171,-0.009402170811645405,-0.008697019180097243,-0.008044401358762165,-0.007440454734570778,-0.006881593161094379,-0.006364488391361611,-0.005886052401424813,-0.005443420943271882,-0.005033937851544046,-0.004655140679674652,-0.00430474696747396,-0.003980641515544114,-0.003680864591988353,-0.003403600621072478,-0.0031471681027062104,-0.002910009668455338,-0.0026906833433448796,-0.00258102018078743
-0.22152186869031087,-0.20809037452733214,-0.1952509074689468,-0.183008988255855,-0.17136453189863676,-0.16031264793967104,-0.14984437848915455,-0.1399473898456982,-0.13060659769987826,-0.12180473319171714,-0.11352284620989472,-0.10574074610592454,-0.09843738865791707,-0.09159120822881839,-0.08518040100872426,-0.07918316316092522,-0.07357788912406349,-0.0683433404882905,-0.0634587651515206,-0.05890400694906095,-0.054659588063263875,-0.0507067643155823,-0.04702756562612542,-0.04360482211819061,-0.040422180092569704,-0.03746410347098994,-0.03471586818697858,-0.032163549535750846,-0.02979400378776198,-0.027594850757872713,-0.025554444336979287,-0.023661843790363513,-0.02190678726627926,-0.020279659860538146,-0.0187714628591662,-0.017373782714691366,-0.016078760428115402,-0.014879060755115248,-0.013767842313399115,-0.012738729579817587,-0.011785784273969924,-0.010903479024073626,-0.010086671174258655,-0.00933057915977642,-0.008630758455496768,-0.00798308003742143,-0.007383709176900233,-0.006829085854653805,-0.006315906134499727,-0.005841104702750677,-0.0054018383052323315,-0.004995470470654517,-0.004619556965534954,-0.004271832260345221,-0.0039501969875743725,-0.0036527059165880615,-0.0033775572008432064,-0.003123081801241767,-0.00288773415210386,-0.002770060327537127
-0.23346114672683438,-0.21953288784303915,-0.20618687620690856,-0.193434075551977,-0.18127913802842066,-0.16972123501747038,-0.1587548372466019,-0.148370455561313,-0.1385553180467758,-0.12929398953873683,-0.12056892779111816,-0.11236097534783163,-0.10464979504946292,-0.09741424748115346,-0.09063271588709121,-0.08428338214762299,-0.07834445913025068,-0.07279439049600267,-0.06761199555778141,-0.06277660275632257,-0.058268152819005437,-0.054067271194355726,-0.050155323325804524,-0.0465144532944084,-0.04312761074867222,-0.03997856087812224,-0.037051885945462715,-0.03433297829966708,-0.031808026624724484,-0.02946400278183159,-0.027288634419488922,-0.025270378137869365,-0.023398394808040734,-0.02166251827422805,-0.02005322505485463,-0.018561603410929273,-0.01717932257573551,-0.015898601460722084,-0.014712178105646956,-0.013613281105042674,-0.012595599963947102,-0.011653257967827457,-0.010780784846660119,-0.009973092372095316,-0.00922544907429046,-0.00853345782688475,-0.007893033562043072,-0.007300382696424634,-0.006751983587229837,-0.006244568069804224,-0.005775104049563495,-0.005340779318396827,-0.004938986211087126,-0.004567307268219523,-0.004223501950360031,-0.0039054939040816805,-0.0036113595361930706,-0.0033393168081419233,-0.003087715303378147,-0.0029619145509918177
-0.24519825528884542,-0.23080975774036006,-0.2169893620621277,-0.20375378504378538,-0.19111274401084621,-0.1790698061815732,-0.16762320162039934,-0.15676660611243953,-0.14648986511973217,-0.13677966326833157,-0.12762013123698956,-0.11899338776732993,-0.11088002345253756,-0.10325952387250759,-0.09611063702693823,-0.089411688302663,-0.08314084822887313,-0.07727636464848864,-0.07179673485519622,-0.0666808643463801,-0.06190819219364929,-0.05745878200901888,-0.05331339331373197,-0.04945353389443241,-0.045861498795565225,-0.04252038980289807,-0.03941412500014341,-0.036527438220770314,-0.03384587064768407,-0.031355762572933266,-0.029044228602388422,-0.026899133158866384,-0.024909068046214955,-0.023063322141352316,-0.021351851865634153,-0.019765250615759733,-0.018294718075164695,-0.016932028613032557,-0.01566950024154412,-0.014499965629499734,-0.013416741536085297,-0.012413601000087482,-0.01148474492979723,-0.010624777016037257,-0.009828677256620288,-0.009091778728071986,-0.008409744256132612,-0.007778544885890248,-0.007194439453721557,-0.006653955135438316,-0.006153869219089891,-0.0056911920205937605,-0.0052631507565026325,-0.004867174409288744,-0.004500879702509231,-0.004162057663719132,-0.0038486615248656264,-0.003558794891844741,-0.0032907012105454214,-0.0031566543699002025
-0.256732096348804,-0.2419195271719632,-0.22765673051204693,-0.2139664400281882,-0.20086372829091204,-0.1883568617810072,-0.1764481364808912,-0.16513469484244148,-0.1544092905970107,-0.14426100391951469,-0.13467589616400932,-0.12563760036757188,-0.11712785252547597,-0.10912696036762703,-0.10161421379322189,-0.0945682396947678,-0.08796730624050841,-0.08178958865429298,-0.07601337008691811,-0.07061722696081851,-0.06558017793416138,-0.06088179473798583,-0.05650229088337344,-0.052422588880989274,-0.048624372386822934,-0.04509011617034986,-0.04180310457749137,-0.038747438198742934,-0.0359080315419158,-0.03327061035607759,-0.030821689958195897,-0.028548553556642098,-0.026439232499981813,-0.024482477320195706,-0.022667729293264216,-0.02098509051041919,-0.019425293511079467,-0.01797966957499675,-0.01664011735564408,-0.01539907364384252,-0.014249481989376811,-0.013184764328708631,-0.01219879157279724,-0.011285857932610277,-0.010440653293102287,-0.009658239236896016,-0.008934024706790389,-0.008263743553653669,-0.0076434332591945875,-0.007069414508134031,-0.0065382721686502165,-0.006046837314248599,-0.00559217032838788,-0.005171544978179732,-0.0047824336559409986,-0.004422493244953252,-0.004089552345520886,-0.0037815988239442433,-0.0034967686747666704,-0.003354353600173443
-0.26806160348165076,-0.2528607510253744,-0.23818734233670202,-0.22407034600218978,-0.21053044196860604,-0.1975808685689895,-0.18522826972111162,-0.1734735371109153,-0.16231260903931233,-0.1517372261811767,-0.14173563058850203,-0.1322932024275536,-0.12339303741259577,-0.11501646073084348,-0.10714348059206458,-0.09975318347579698,-0.0928240758237564,-0.08633438447294584,-0.08026228758894138,-0.07458612779550844,-0.06928458602830645,-0.06433681352789211,-0.05972253908765435,-0.05542215225874614,-0.05141676972125975,-0.04768827670520448,-0.04421935523911458,-0.040993498813612916,-0.03799501685495699,-0.03520903826187194,-0.03262149339267051,-0.0302190956997217,-0.02798932510822194,-0.025920400781505037,-0.024001254096943647,-0.022221499642656184,-0.020571405418228217,-0.01904186122617002,-0.017624347156068865,-0.01631090426566839,-0.015094102504660256,-0.013967011903854853,-0.01292317223626771,-0.011956566854944839,-0.011061593960417504,-0.010233041944069932,-0.009466064080996262,-0.008756155190687842,-0.008099129547201045,-0.007491099489604913,-0.006928455638215425,-0.006407848030107743,-0.005926168472059068,-0.005480533829120837,-0.005068270538455266,-0.0046868997842430815,-0.004334124049147903,-0.004007814047293223,-0.0037059969802788473,-0.0035550884467738797
-0.27918574216191594,-0.2636319966658007,-0.2485795541175717,-0.23406379094748964,-0.22011120879048107,-0.20674025938722362,-0.193962191662016,-0.18178190947210737,-0.17019879690420847,-0.15920750880662027,-0.1487987098006105,-0.13895975438668717,-0.12967530868063015,-0.12092790854566271,-0.11269845599532591,-0.10496665512390368,-0.09771139184348687,-0.09091106980924302,-0.08454387260689256,-0.07858800573331326,-0.07302189654438962,-0.06782434863017883,-0.06297466876150626,-0.0584527671717483,-0.054239239204423306,-0.05031541914696902,-0.04666341914086214,-0.043266152619954035,-0.04010734631798574,-0.03717155066806033,-0.03444412600007496,-0.03191122798543944,-0.02955979459678293,-0.027377520975546688,-0.025352834156882054,-0.023474865284160984,-0.02173342063042316,-0.020118950301641902,-0.018622516752020424,-0.017235765554715066,-0.01595089274670336,-0.014760615706554958,-0.01365814196727655,-0.012637142669431611,-0.01169172276877184,-0.010816395769119858,-0.010006057485911768,-0.009255961856431405,-0.008561698075340018,-0.007919168258680997,-0.00732456692533745,-0.006774361254207051,-0.006265272702719038,-0.00579425951730439,-0.005358500525791676,-0.00495537962831083,-0.004582471674026145,-0.004237528783090916,-0.00391846799414175,-0.003758937599662726
-0.2901035100604643,-0.2742318444903935,-0.2588317187569711,-0.24394504563889363,-0.2296043251622315,-0.21583343286414536,-0.20264845446164692,-0.19005854884598605,-0.1780667915424905,-0.1666709935005839,-0.15586447520330005,-0.14563678668902735,-0.13597437121178668,-0.12686116618986443,-0.11827914182154675,-0.11020877764527537,-0.10262948070106415,-0.09551995757355769,-0.08885850888351587,-0.08262330105227811,-0.07679259345134692,-0.0713449163227109,-0.06625921853386174,-0.061514985994417515,-0.057092339607272,-0.052972102465691506,-0.04913585029547196,-0.04556594444713902,-0.04224555217532622,-0.039158664550753564,-0.03629008742945583,-0.03362543121572248,-0.03115110185872627,-0.02885427821272657,-0.0267228888517268,-0.024745585801966286,-0.0229117166435433,-0.02121129374486941,-0.019634962994969918,-0.018173974841357854,-0.016820151179346432,-0.015565856049919446,-0.014403963686264731,-0.013327831688476621,-0.012331270220480306,-0.011408516204958197,-0.01055420619982872,-0.00976335139642348,-0.00903131401996049,-0.008353784063599434,-0.00772675806557821,-0.007146518496963239,-0.0066096146637661946,-0.006112844446901633,-0.005653237379918963,-0.005228038463207518,-0.004834693366082554,-0.004470834143126545,-0.004134266270758857,-0.003965982334575013
-0.30081393734028516,-0.28465888849402265,-0.2689421860182595,-0.2537123639773142,-0.2390080601836475,-0.22485875312833414,-0.21128557152921168,-0.19830215168302523,-0.18591549017681785,-0.1741267837785765,-0.16293223311553362,-0.15232379858598488,-0.14228990305170885,-0.13281607376445237,-0.12388552217129423,-0.11547966073239824,-0.10757855962432838,-0.10016135530618975,-0.09320657821486389,-0.08669245510755985,-0.08059716441763065,-0.07489903881512827,-0.06957673482813842,-0.06460937041527615,-0.059976640221663935,-0.0556588970778682,-0.051637214838442524,-0.04789343170558347,-0.04441017952203641,-0.04117090984561589,-0.038159890262541296,-0.03536219898543802,-0.032763720348101266,-0.030351125058238893,-0.02811184945043177,-0.026034071044449547,-0.024106681993285584,-0.02231925907507648,-0.020662032834262156,-0.019125859069153428,-0.01770218539418167,-0.016383021893471295,-0.015160908486819835,-0.014028887935411127,-0.01298047408017311,-0.012009625573585758,-0.01111071791359386,-0.010278517669859433,-0.009508158190407734,-0.008795115423305688,-0.008135186021438479,-0.007524465870236696,-0.006959330292528598,-0.006436415026067621,-0.005952598593843561,-0.005504985449520383,-0.005090890505075052,-0.004707824247311976,-0.004353479161407492,-0.004176306618459691
-0.31131608695147417,-0.29491173684633054,-0.2789093030872847,-0.2633639833479906,-0.24832065570682182,-0.23381454953826264,-0.21987201694535052,-0.2065113731231838,-0.1937437488630156,-0.18157394379831882,-0.17000125353912487,-0.1590202568963628,-0.1486215542110969,-0.13879244797439405,-0.1295175624146827,-0.12077939987661157,-0.11255883591533067,-0.10483556456368337,-0.09758845997339893,-0.09079590998536169,-0.08443610058728179,-0.07848724413659802,-0.07292777184985777,-0.0677364915125711,-0.06289272101180465,-0.058376385062133274,-0.054168091296959986,-0.05024918469862083,-0.04660178664973813,-0.04320882981923013,-0.04005406040326953,-0.03712203808384995,-0.034398136487623354,-0.0318685267413521,-0.029520159519238476,-0.027340742742678614,-0.02531871664818386,-0.023443224769885695,-0.021704083687619224,-0.020091755152122914,-0.018597312453589865,-0.017212411171416697,-0.015929255948692322,-0.014740573442266758,-0.01363957965728968,-0.012619953293482311,-0.011675806983246773,-0.010801660787786993,-0.009992417253186225,-0.009243336338173869,-0.008550012880084168,-0.007908354272716522,-0.007314559993885084,-0.00676510182932244,-0.006256705543390417,-0.005786333364077301,-0.005351167836735726,-0.004948596346960876,-0.0045761969290802895,-0.004389997220135555
-0.3216090549250872,-0.30498901248002586,-0.2887314151551168,-0.27289812500479016,-0.25754032641891467,-0.24269911642975206,-0.22840622488968787,-0.21468482615026208,-0.20155038143450543,-0.18901149716334054,-0.1770707688885098,-0.16572559472260107,-0.15496894541906947,-0.14479008095942714,-0.1351752081291302,-0.12610807543281588,-0.11757050615342823,-0.10954288026475023,-0.10200453059559855,-0.09493410812681624,-0.08830989633155095,-0.08211006600439497,-0.07631289156050158,-0.07089692982076734,-0.06584117276097423,-0.06112516037415361,-0.05672907086151202,-0.05263378694025711,-0.0488209454007027,-0.04527298145082348,-0.041973137479476286,-0.038905468909389285,-0.0360548500908342,-0.033406961579940386,-0.030948275344262477,-0.028666034927704587,-0.02654823241869053,-0.024583580663888327,-0.022761483827489215,-0.021072010347378267,-0.01950585924884951,-0.018054331135357593,-0.01670929446491165,-0.01546315856100211,-0.014308840101455722,-0.013239736159311732,-0.012249694694261848,-0.011332987362404623,-0.010484283966678554,-0.009698626510661335,-0.008971406060562792,-0.008298339584165149,-0.007675448822146436,-0.007099039767752835,-0.006565683646262421,-0.006072198748476865,-0.005615633611393278,-0.005193250953992035,-0.004802512868828934,-0.004607143826247384
-0.33169197066588385,-0.31488935369029747,-0.2984068660225647,-0.28231299448135516,-0.2666652599504227,-0.25151071288239457,-0.23688658907703886,-0.22282108074257678,-0.2093341584303854,-0.19643842569857295,-0.18413997268286852,-0.1724392101220973,-0.16133166682692046,-0.15080873907275194,-0.14085838398498307,-0.1314657516337281,-0.12261375535122632,-0.11428358999358679,-0.10645516303211977,-0.09910749191992974,-0.09221904897414035,-0.08576804367183222,-0.07973266363588305,-0.07409127538674731,-0.0688225972126899,-0.06390582906016462,-0.05932075765982869,-0.0550478354784012,-0.051068241530156655,-0.047363935824527026,-0.04391767525695034,-0.04071302589840453,-0.03773437479923203,-0.03496692142069158,-0.03239666637044891,-0.03001039436440145,-0.027795653382951535,-0.025740728363898846,-0.023834612783790732,-0.022066982643993427,-0.020428162873895594,-0.018909098712409644,-0.01750132158361062,-0.016196922288918003,-0.014988516711476052,-0.013869218634603442,-0.01283260953823806,-0.011872710768021655,-0.010983957426962121,-0.010161171576474892,-0.009399538530820983,-0.008694582868962186,-0.008042146671738415,-0.007438368267402851,-0.006879662528787023,-0.006362702064843795,-0.005884399729292333,-0.005441891976456503,-0.005032523434134184,-0.0048278391629685835
-0.34156399724349473,-0.3246114147452106,-0.3079339987266483,-0.291606782029703,-0.27569361701039075,-0.2602475625064393,-0.24531146220355016,-0.2309186630208071,-0.21709380600780648,-0.20385366819808404,-0.19120801820008637,-0.17916046473238634,-0.16770927666045932,-0.15684816160570492,-0.14656699257667327,-0.13685247555142332,-0.1276887560610307,-0.11905797325793888,-0.11094072615794204,-0.10331650325718478,-0.09616405848812626,-0.08946172175373857,-0.08318766540795774,-0.07732012781473951,-0.07183760720545163,-0.06671900946848552,-0.06194376903272403,-0.0574919412233843,-0.05334427507690531,-0.0494822785324045,-0.045888242066163265,-0.04254525796807407,-0.03943723853488734,-0.03654891209583511,-0.03386581565754998,-0.031374281002793936,-0.029061416330136147,-0.026915081681706532,-0.02492386176400352,-0.02307704116881748,-0.021364571015727307,-0.019777040879285224,-0.018305644365419482,-0.016942152609020766,-0.01567887925857825,-0.01450865315804517,-0.01342478750252507,-0.012421051414426287,-0.011491643325314271,-0.010631163346745964,-0.009834589035184749,-0.009097250589489292,-0.008414808477108515,-0.007783231456386375,-0.007198776200860735,-0.006657967859218239,-0.006157581893138087,-0.005694626860779373,-0.005266328369386564,-0.005052179123690159
-0.3512243316823449,-0.33415386650693435,-0.3173111561891373,-0.30077766308732823,-0.28462353154956155,-0.26890785325149213,-0.25367915540421837,-0.23897605439457958,-0.22482800483924592,-0.21125611914499132,-0.19827401709194614,-0.18588868234910905,-0.17410129981930034,-0.1629080594562815,-0.1523009131970099,-0.14226827600340552,-0.1327956674289732,-0.12386630069934679,-0.11546158413999308,-0.10756158305661678,-0.10014542716248354,-0.09319165002769747,-0.08667848178824045,-0.08058409629853713,-0.07488682680001801,-0.06956533245831231,-0.06459873581144304,-0.059966729281675235,-0.05564966074214084,-0.0516286100882013,-0.047885421242050974,-0.04440272897415998,-0.041163983969170204,-0.03815345389682534,-0.035356220353754964,-0.03275816844738877,-0.030345971222058843,-0.0281070670850303,-0.026029634091342402,-0.02410256661004695,-0.02231544236217964,-0.02065849505335393,-0.019122579757118174,-0.01769914684603524,-0.016380206324755342,-0.015158300464239716,-0.014026472373571686,-0.012978237033234308,-0.012007554218058658,-0.011108800061929713,-0.010276742332893107,-0.00950651482990228,-0.00879359442242933,-0.008133778361112398,-0.007523163239460118,-0.006958124933000853,-0.006435299768070557,-0.005951566741018155,-0.00550403084904616,-0.005280262903060162
-0.360672205249597,-0.3435153970635607,-0.3265366818876547,-0.30982379877324995,-0.2934531109529237,-0.27748973723864534,-0.2619879377234291,-0.24699169070857785,-0.23253538899558723,-0.2186446274037701,-0.2053370379601116,-0.19262314745563724,-0.18050722642146244,-0.16898811373922573,-0.1580600005521804,-0.14771316240049792,-0.13793463419402574,-0.1287088332527997,-0.12001809575973077,-0.1118431707438372,-0.10416365923593851,-0.09695838320904038,-0.09020570517129567,-0.08388379963971904,-0.07797089139816027,-0.07244544160498467,-0.06728630259589696,-0.06247283929440517,-0.05798502827642604,-0.05380354635218243,-0.04990981157705576,-0.0462860181838165,-0.042915169008002074,-0.03978108206575737,-0.03686839218781213,-0.0341625444454996,-0.03164978167389254,-0.02931712416773813,-0.02715234566189828,-0.02514395165957861,-0.023281147027942595,-0.02155380950136898,-0.019952454982528067,-0.018468212039013387,-0.017092785656962484,-0.01581842991951632,-0.014637916054733857,-0.01354450297800458,-0.012531909809458952,-0.011594286658009878,-0.010726189448213574,-0.00992255353084559,-0.009178670161560376,-0.008490163112289117,-0.007852966981269915,-0.007263306522942159,-0.006717677149734591,-0.006212826595564103,-0.005745737623734648,-0.0055121931378177
-0.369906883741451,-0.3526947123715596,-0.33560892054928626,-0.3187433364140668,-0.3021804362626179,-0.28599133061750326,-0.2702360355998268,-0.25496396138996236,-0.2402145448157622,-0.22601799488517926,-0.21239610489251604,-0.19936310370319177,-0.1869265102914719,-0.1750879743356526,-0.1638440834146726,-0.15318712353382224,-0.1431057856289497,-0.1335858212527219,-0.12461061368759019,-0.1161617036923035,-0.10821926049571218,-0.10076248069748939,-0.0937699353164545,-0.08721986625030986,-0.08109044785173047,-0.07535999340086086,-0.07000712803325815,-0.06501092578028445,-0.06035102287478722,-0.05600771896703716,-0.051962027787766374,-0.04819572076410594,-0.04469136729440937,-0.0414323473051148,-0.038402857980357474,-0.03558791139526285,-0.03297332545492804,-0.030545706140028273,-0.02829242542174093,-0.026201601474888925,-0.02426206699978284,-0.022463343766947474,-0.0207956079514382,-0.019249665331346755,-0.017816914538002493,-0.016489319873871366,-0.015259378899319387,-0.014120092538840723,-0.013064937248317143,-0.012087835045697659,-0.011183127932872239,-0.010345550735775255,-0.009570207048970047,-0.008852545161111003,-0.008188335724890194,-0.007573650490129147,-0.007004842140716505,-0.006478525411828251,-0.005991559173716965,-0.005748076054663542
-0.3789276677672504,-0.3616905369084389,-0.34452621886709167,-0.3275344101005562,-0.31080356243289753,-0.29441071344985303,-0.27842163236756257,-0.2628912085981838,-0.24786400976402057,-0.23337497518419958,-0.21945019595960513,-0.2061077523404764,-0.19335856739027157,-0.18120725837978302,-0.16965296321161727,-0.15869012629770918,-0.14830923442016974,-0.13849750348237766,-0.12923948370648475,-0.12051761661905136,-0.11231273783863127,-0.10460450629314444,-0.09737177920576379,-0.09059293413836933,-0.08424615456072537,-0.07830965745081464,-0.07276188509618642,-0.06758165848273379,-0.06274830557964961,-0.058241775804939167,-0.054042700995440285,-0.05013244828647956,-0.04649316872871179,-0.043107816306626745,-0.03996016017518311,-0.03703478687427264,-0.034317095010258925,-0.031793280339669217,-0.029450315864880672,-0.027275934161550275,-0.025258596601989147,-0.023387469117666093,-0.021652387687556285,-0.02004383437907986,-0.018552900175090592,-0.017171258029642367,-0.015891130059744185,-0.014705257272278338,-0.013606871439155732,-0.012589664403432899,-0.011647762141495654,-0.010775696849529837,-0.00996838238216835,-0.009221089506290525,-0.008529422943319709,-0.007889299518497594,-0.007296927335938008,-0.006748786359183079,-0.006241609870176745,-0.0059880216256735785
-0.38773389303154104,-0.3705016143355744,-0.35328692623957547,-0.3361951412757014,-0.31932051861809363,-0.3027459296215307,-0.28654286777533233,-0.27077172637895774,-0.2554822712758398,-0.2407142721913269,-0.22649824167048305,-0.2128562505916598,-0.1998027741852182,-0.1873455486804554,-0.17548641254564679,-0.16422211434566236,-0.15354507548313467,-0.14344410616321746,-0.13390504388107072,-0.12491134093282508,-0.11644459879180946,-0.10848502787939918,-0.10101185087610709,-0.09400365087457452,-0.0874386815589423,-0.08129511666126188,-0.07555126135999846,-0.07018572272059931,-0.06517755369161549,-0.06050638142582443,-0.056152479220652474,-0.05209682924783188,-0.04832118000718477,-0.044808072299891144,-0.04154085739140001,-0.03850370418970073,-0.03568159800433346,-0.03306032876518206,-0.030626473553128086,-0.02836738127741878,-0.026271142982978724,-0.0243265690128025,-0.02252315477653699,-0.020851057778656923,-0.019301060106946544,-0.017864541828078728,-0.016533447853630534,-0.015300257347381496,-0.014157955368685471,-0.01310000148482704,-0.012120303520739562,-0.01121318890983325,-0.010373379656321013,-0.009595966932618438,-0.008876387507048555,-0.008210401323491823,-0.007594070017518106,-0.0070237369708170405,-0.00649600814480511,-0.006232143731801365
-0.3963249306135852,-0.37912670817091154,-0.36188939553334354,-0.3447236393549469,-0.3277293084951882,-0.31099498678431203,-0.29459783752534996,-0.2786037598240121,-0.26306776559373635,-0.24803453867792147,-0.23353912338825555,-0.21960770998172396,-0.20625846595835107,-0.19350239207513997,-0.1813441736453658,-0.1697830066759387,-0.15881338470992823,-0.14842584188082597,-0.13860762366945334,-0.12934330403147953,-0.12061535098996767,-0.11240461707010319,-0.10469077122315262,-0.09745267353800546,-0.09066871058565518,-0.08431706742157541,-0.0783759592778921,-0.07282381974197616,-0.06763946118766295,-0.06280221754696669,-0.058292027892346,-0.05408950960844372,-0.050176025179671235,-0.04653371562154174,-0.043145524997236784,-0.039995212950860726,-0.03706735788738147,-0.034347348632151053,-0.031821369658961984,-0.029476388359488404,-0.027300126624196785,-0.02528103959290373,-0.023408281835113343,-0.021671685514959016,-0.020061722630533296,-0.01856947885460425,-0.01718662014787764,-0.01590536190885672,-0.014718440448513448,-0.013619080941547068,-0.012600970912979292,-0.011658230872528819,-0.01078538883183544,-0.00997735426155888,-0.00922939391870159,-0.00853710887136927,-0.007896412359622573,-0.007303509334932734,-0.006754876668084719,-0.006480560334662933
-0.40470018724453105,-0.3875646024713353,-0.37033198386910104,-0.3531180023792402,-0.33602791062219417,-0.3191558563296848,-0.3025845928339965,-0.2863855042384067,-0.2706188765942308,-0.2553343748560044,-0.24057167170489002,-0.22636119460828663,-0.2127249350512228,-0.19967729771384057,-0.18722595674259157,-0.17537269614349427,-0.16411421764542133,-0.15344290844375053,-0.14334754297357755,-0.13381392854516339,-0.12482550160619166,-0.11636384881816397,-0.108409167774699,-0.10094066863904683,-0.09393693514166301,-0.08737621977652932,-0.08123669645326625,-0.07549666708059899,-0.07013473914658785,-0.06512998352375732,-0.06046203037143094,-0.05611115334732908,-0.052058346226750984,-0.048285364305700185,-0.044774755706384894,-0.041509879665238,-0.038474914485773226,-0.035654852953665994,-0.03303549053253807,-0.03060341547465928,-0.02834598187258397,-0.0262512901922074,-0.024308154002445903,-0.022506079430928416,-0.020835227248450217,-0.019286387264001448,-0.017850944761668153,-0.016520849458254716,-0.015288586875006338,-0.014147145662426475,-0.013089990875321256,-0.012111033911299529,-0.011204606615500268,-0.010365434614811875,-0.00958861255967669,-0.008869580609855987,-0.008204101643944917,-0.007588240295892668,-0.00701834253693967,-0.006733393657467612
-0.4128591055816422,-0.39581410252447213,-0.37861305343100504,-0.3613763177018381,-0.34421427883387423,-0.3272264733961716,-0.31050114001633045,-0.29411510431719634,-0.27813393460749847,-0.26261232691357606,-0.24759466477519698,-0.23311571935879627,-0.21920142904447548,-0.20586973527055186,-0.1931314383731042,-0.18099104789484066,-0.16944760808823123,-0.15849548767140842,-0.14812511112475502,-0.13832363152165073,-0.1290755567328583,-0.12036330098256887,-0.11216767443073206,-0.10446831201707862,-0.09724406052781465,-0.09047329758838707,-0.08413420590815512,-0.07820499891398214,-0.07266411618133795,-0.06749039684164071,-0.0626631884893003,-0.05816244303542106,-0.05396880365717838,-0.050063654696592685,-0.04642916019786281,-0.04304828835887786,-0.039904824617456036,-0.036983371146015465,-0.03426933829396184,-0.03174893779561039,-0.029409157497637395,-0.02723774387523914,-0.025223169454959837,-0.02335461371975711,-0.021621925138179954,-0.020015596226450327,-0.018526729889463134,-0.017147008254245755,-0.01586866400726361,-0.014684447129744704,-0.013587598014948021,-0.012571816732740437,-0.011631236756208807,-0.010760397691416124,-0.009954219949599441,-0.009207980710770336,-0.008517290486484974,-0.007878071665898823,-0.007286537472164234,-0.00699077037529916
-0.42080116447974714,-0.40387403554970724,-0.3867309722996781,-0.36949666270947645,-0.3522863426761047,-0.33520473691234454,-0.318345440096528,-0.30179065333365784,-0.28561121523120736,-0.26986688552606,-0.2546068266101198,-0.23987024807240687,-0.22568714887048813,-0.21207913307968784,-0.1990602595978075,-0.1866378977219929,-0.17481356661265046,-0.163583744106921,-0.1529406258000865,-0.14287282355000652,-0.13336602070896486,-0.12440355385048285,-0.11596693116737722,-0.10803628871053128,-0.10059080386405572,-0.09360903868697701,-0.0870692363465464,-0.08094956642263451,-0.0752283388777153,-0.06988419361919185,-0.06489622310127174,-0.06024408042692109,-0.05590807712614776,-0.05186924208392174,-0.048109367760256205,-0.04461104122236215,-0.041357662733552125,-0.03833344966100771,-0.03552343145218462,-0.0329134462030467,-0.030490117274450945,-0.028240837998798618,-0.026153739945882215,-0.024217675441144948,-0.022422179644401297,-0.020757446395762713,-0.019214294545228938,-0.017784136733043354,-0.016458950764279834,-0.015231245793727588,-0.014094035341583044,-0.013040805907706954,-0.012065490355968045,-0.011162440059302448,-0.010326399019318089,-0.009552479325454222,-0.008836137076140282,-0.008173150447805533,-0.007559598026354308,-0.007252821815626476
-0.42852587925956254,-0.41174325140793666,-0.3946841153086744,-0.37747710557863634,-0.36024200788027816,-0.3430885096773917,-0.3261154084465012,-0.30941019234110634,-0.2930489381403012,-0.27709648434514733,-0.26160682532951895,-0.24662369164565767,-0.23218124685731034,-0.21830487619477257,-0.20501202414113795,-0.19231305033189372,-0.18021207900721148,-0.16870782365072223,-0.15779437186558276,-0.14746190781839807,-0.13769739539017944,-0.12848518961102062,-0.1198075837015411,-0.11164529279668489,-0.10397789408671976,-0.0967841950060988,-0.09004255241124692,-0.08373113814946542,-0.07782817223902505,-0.07231212912202079,-0.06716187465513723,-0.06235678706939307,-0.05787686607507059,-0.053702801362143227,-0.049816026961448934,-0.0461987592833335,-0.04283402158734351,-0.03970565264602488,-0.03679830555180619,-0.03409744791566638,-0.031589340594200266,-0.029261024800733004,-0.02710029137088288,-0.02509566506270211,-0.02323636679559371,-0.021512290400953482,-0.019913969028957368,-0.01843254395021976,-0.017059736042432938,-0.015787811466281276,-0.01460955463832736,-0.01351823621990711,-0.012507586197121334,-0.011571765462168315,-0.010705339398318081,-0.009903252853620259,-0.00916080542606501,-0.008473629069869482,-0.007837665802883365,-0.007519684169388086
-0.4360328019727433,-0.4194206233201614,-0.4024708649247666,-0.385315706067626,-0.36807915687937953,-0.35087561848128335,-0.33380891445513594,-0.3169717093905655,-0.3004452658946599,-0.2842994984659697,-0.2685932713746242,-0.2533749060811985,-0.23868282470215885,-0.22454630436710588,-0.21098629644314304,-0.1980162775272598,-0.1856431046257434,-0.1738678521102921,-0.16268662014142343,-0.1520912791017004,-0.14207017935730093,-0.1326087917768337,-0.12369028311297825,-0.11529602719831278,-0.10740607192174068,-0.09999953270424022,-0.0930549349329679,-0.08655050035822232,-0.08046440013603995,-0.07477497828739299,-0.0694609037750471,-0.06450130493281137,-0.05987589039343266,-0.05556502771415506,-0.05154980634469286,-0.04781208310685958,-0.044334512931949455,-0.041100562633276105,-0.038094513849142864,-0.035301467149335686,-0.03270732310335589,-0.030298772016976727,-0.028063264361213314,-0.025988997028054683,-0.024064875846470102,-0.02228049336260085,-0.020626095416909074,-0.019092550045081147,-0.01767131915445752,-0.01635442373522089,-0.015134416851703136,-0.014004351032714801,-0.012957751086886127,-0.011988585142566066,-0.011091237717377744,-0.010260484226582989,-0.009491465638427066,-0.00877966563299637,-0.00812088768669117,-0.007791498713538569
-0.44332152166338457,-0.42690504859410616,-0.41008961215188044,-0.39301051634520245,-0.3757956493669745,-0.35856385426667803,-0.34142378123040107,-0.32447313876688977,-0.30779830274655584,-0.2914742428742345,-0.275564715680634,-0.2601226904790144,-0.24519093137292725,-0.230802709941349,-0.216982599621951,-0.2037473162948178,-0.19110657464637804,-0.17906393366138307,-0.16761762608466846,-0.15676132267419707,-0.14648486705891806,-0.13677494454948924,-0.1276156854201993,-0.11898920345400299,-0.1108760898310912,-0.1032558322675925,-0.09610718116987993,-0.08940845739003667,-0.08313782576158779,-0.07727353625922362,-0.0717940918605775,-0.06667839705804202,-0.06190589110349087,-0.05745663732049433,-0.05331139515225569,-0.049451673524743,-0.0458597682479267,-0.04251878125957287,-0.03941262801911538,-0.036526045806906104,-0.033844577373214335,-0.031354563528323,-0.02904311490585343,-0.026898100353167642,-0.024908109847538995,-0.023062433435261376,-0.021351028076943557,-0.019764486728974795,-0.018294010291208807,-0.01693137240002418,-0.01566889250226744,-0.014499402675451911,-0.013416220220117125,-0.012413118182208471,-0.011484297927437659,-0.010624363205669063,-0.009828294183438224,-0.009091424171376872,-0.0084094160875825,-0.008068412045683093
-0.45039166462597535,-0.43419544935898724,-0.4175387574586775,-0.40055958185639895,-0.38338932290070016,-0.3661509723346734,-0.3489577853371051,-0.33191236024573634,-0.3151060934502903,-0.2986189708745002,-0.28251964780999117,-0.26686578496962987,-0.2517045609358748,-0.23707333566575173,-0.22300041334300413,-0.2095058667966665,-0.19660239023367332,-0.18429614921564585,-0.17258762838417763,-0.1614724131424783,-0.15094194788334736,-0.1409842321243593,-0.13158445110618366,-0.12272554144879155,-0.11438871192968492,-0.10655388859300174,-0.09920010503591925,-0.09230583201663034,-0.08584927208893589,-0.07980861893302826,-0.07416224170116337,-0.06888884822506824,-0.06396763106825354,-0.05937836809488228,-0.055101504077552654,-0.05111821239505154,-0.047410439502315604,-0.043960930018158706,-0.04075323889443094,-0.037771744200330026,-0.03500163360143027,-0.03242890003860133,-0.030040315004375984,-0.027823419252324122,-0.025766486243425923,-0.023858502377644975,-0.022089134210303563,-0.020448697799007043,-0.018928131007567295,-0.017518957930624524,-0.016213262116964167,-0.01500365285012073,-0.013883237561516104,-0.012845591860579653,-0.0118847316356252,-0.010995086696823364,-0.01017147419353659,-0.009409074927404504,-0.008703409196768597,-0.008350576331450643
-0.45724289465940426,-0.4412907733078475,-0.4248167117298518,-0.4079609422261177,-0.3908579935516565,-0.37363469259667603,-0.35640865657283527,-0.3392871983741985,-0.3223666220762089,-0.3057318725015845,-0.2894564940470845,-0.27360286858877814,-0.25822265030810865,-0.2433573724141347,-0.22903917159146747,-0.21529159026037803,-0.20213042059902708,-0.18956455468946753,-0.17759684746254667,-0.1662249131931226,-0.1554419051550182,-0.1452372379302158,-0.135597244589869,-0.12650576910152367,-0.11794471386954442,-0.10989451104829406,-0.10233453731590458,-0.09524346578879683,-0.08859958233302212,-0.0823810635104616,-0.07656617810572364,-0.07113346564126655,-0.0660618957236192,-0.06133098044688978,-0.05692086604701885,-0.052812403393160956,-0.04898719994040235,-0.045427651044138706,-0.04211695723870257,-0.039039141806735955,-0.036179040347157354,-0.03352229978597965,-0.031055353352100745,-0.02876541379568387,-0.02664043750164602,-0.02466910615209983,-0.02284079442154585,-0.021145539678473213,-0.019574014733949596,-0.018117491950468967,-0.01676781668449312,-0.01551737306006995,-0.01435905624841638,-0.013286242032961582,-0.012292758459624409,-0.011372859082361408,-0.010521195773685044,-0.009732794641590381,-0.009003031257623917,-0.008638149565638464
-0.4638749133169551,-0.4481899944471346,-0.4319218972410832,-0.4152126322013272,-0.39819945660132916,-0.38101269987455666,-0.3637740777848464,-0.34659542177799985,-0.3295778108318581,-0.3128110729167588,-0.29637361545525653,-0.28033255709330795,-0.2647440769333498,-0.24965395681700642,-0.23509826034404657,-0.22110410676329018,-0.20769050095414965,-0.1948691791684265,-0.18264548387925128,-0.17101917224975338,-0.15998521504971386,-0.14953454379869058,-0.13965473363878544,-0.1303306220047551,-0.121544882687874,-0.11327852350723422,-0.10551132586518186,-0.09822221937856757,-0.09138962041353782,-0.08499172906270225,-0.07900674854736778,-0.07341307964994659,-0.06818949383498918,-0.06331525807277139,-0.058770237032796935,-0.05453497283570918,-0.05059074491184479,-0.04691960793510308,-0.043504414555317616,-0.04032883806020404,-0.037377365301729526,-0.03463529928918074,-0.0320887360594968,-0.029724560599984073,-0.027530411773555308,-0.02549466555495261,-0.023606403318243707,-0.021855381985931288,-0.020232007314957556,-0.018727297745382288,-0.017332858135263862,-0.016040845061753295,-0.014843939015469765,-0.013735313529101845,-0.012708606401430345,-0.01175789257099602,-0.010877656328820429,-0.010062766858593974,-0.00930845285141757,-0.008931295847827148
-0.4702874601520213,-0.4548921138531803,-0.43885274865748336,-0.42231268263216215,-0.4054114872873482,-0.3882826442515208,-0.37105168473088757,-0.3538347424982424,-0.33673751889288894,-0.31985463079094334,-0.30326930589709367,-0.2870534007183956,-0.271267656379357,-0.25596216879916867,-0.24117701513653778,-0.22694299290627828,-0.213282430352284,-0.20021002296161328,-0.18773371662907046,-0.1758555250332483,-0.1645723454231307,-0.1538767290580756,-0.1437575887179543,-0.13420084301312585,-0.1251900166153641,-0.116706764356036,-0.10873133579144323,-0.10124297291326467,-0.09422027141850364,-0.08764149710214664,-0.08148482382307254,-0.07572854445947907,-0.0703512582792376,-0.06533200877527623,-0.06065039689739038,-0.056286670538785444,-0.05222179273266292,-0.048437486608703395,-0.04491626393368087,-0.04164145318123591,-0.038597196096659125,-0.0357684541306158,-0.03314098740765381,-0.03070135355447423,-0.02843687358934588,-0.026335616879937795,-0.024386370142179814,-0.022578608134367073,-0.02090246757684433,-0.019348710799951263,-0.017908699847248855,-0.016574361341161747,-0.01533815864263044,-0.014193060573810534,-0.013132512241802452,-0.012150407567261823,-0.011241060909532585,-0.010399182250364625,-0.009619851199116347,-0.009230185673489988
-0.4764803129594153,-0.46139616043521237,-0.4456077140554271,-0.4292591214928576,-0.41249184159966035,-0.39544214147599455,-0.378239065986814,-0.36100281536107115,-0.34384354124683103,-0.326860536677156,-0.31014179001955355,-0.29376388187569713,-0.27779213985598794,-0.26228102902115413,-0.2472747185231272,-0.23280777937217945,-0.21890596941147145,-0.20558705553967993,-0.19286170132940317,-0.18073429001896013,-0.16920375454639647,-0.15826436954580636,-0.14790648226983727,-0.13811718177532573,-0.12888092484066416,-0.1201800864680802,-0.11199544961600694,-0.1043066262992598,-0.09709244206707268,-0.0903312721614613,-0.08400129872778717,-0.07808073889305156,-0.07254804685228766,-0.06738206531342605,-0.06256215027160117,-0.05806827071187737,-0.053881085584754906,-0.049981996198971146,-0.046353180934946,-0.04297762904573954,-0.03983914115111009,-0.036922339778402424,-0.03421265064197154,-0.03169630458406569,-0.029360304589136632,-0.027192412616194872,-0.025181119434098953,-0.023315615962404834,-0.021585767925573762,-0.019982079362845795,-0.018495667179534436,-0.017118225616430394,-0.015841998427830184,-0.014659747230942877,-0.013564721956629278,-0.012550633061665373,-0.011611622577141212,-0.010742238957459627,-0.009937410480200803,-0.009534996241566951
-0.48245328801195253,-0.46770119170439717,-0.45218525596772974,-0.43604997494273157,-0.41943825712865923,-0.4024887734209326,-0.3853337629041942,-0.36809723738338906,-0.35089360755284016,-0.33382671137485165,-0.316989221205084,-0.3004624127930189,-0.2843162116525155,-0.268609496221881,-0.2533905974236417,-0.23869794836387292,-0.22456083791412063,-0.21100021335017427,-0.19802956828983476,-0.18565576778407422,-0.17387988974220558,-0.16269803653335302,-0.15210208791956337,-0.14208039420470442,-0.13261842722664952,-0.1236993571431455,-0.11530456741165374,-0.10741409953348491,-0.10000706116981117,-0.09306198237911456,-0.08655709274284273,-0.08047056715922096,-0.0747807431031644,-0.06946628628305973,-0.06450632746684448,-0.05988057288897064,-0.05556939045468834,-0.051553869993163914,-0.04781586451908293,-0.044338030095776304,-0.04110383056097788,-0.03809755244954527,-0.03530428880619052,-0.032709944451805306,-0.030301204292269013,-0.028065522183369218,-0.02599109173386349,-0.0240668183995707,-0.022282294977320483,-0.02062776504324848,-0.019094098035274953,-0.017672753368245253,-0.01635575268603251,-0.01513564787216648,-0.01400549115678107,-0.012958807042795506,-0.01198956278947616,-0.011092142949746808,-0.010261322169640152,-0.009845911779582384
-0.48820624029224824,-0.4738062945485755,-0.458583852451806,-0.44268326842802797,-0.42624845396663336,-0.4094200886010757,-0.39233326962117676,-0.3751155472184431,-0.3578853810209104,-0.34075100428871075,-0.3238096794908074,-0.30714733309574527,-0.29083848649309463,-0.2749464644599575,-0.2595238203547856,-0.24461293091680325,-0.23024671227673377,-0.21644939750351533,-0.20323742045676774,-0.19062023923806404,-0.17860118591435103,-0.16717829555692454,-0.15634507959942034,-0.14609124188299294,-0.13640335397374415,-0.12726545800714195,-0.11865960691362698,-0.11056633299981744,-0.1029650800848314,-0.09583458009015278,-0.08915315073787511,-0.08289895964320948,-0.07705025719469294,-0.0715855570291879,-0.06648378542320366,-0.06172440289842651,-0.05728750011343209,-0.053153866411279616,-0.049305038015492464,-0.04572334429418401,-0.042391917031738835,-0.03929471001652196,-0.036416485619112926,-0.03374282360307568,-0.031260090907094806,-0.028955432705721762,-0.026816744318289842,-0.02483264416764719,-0.02299245022355567,-0.021286143440031324,-0.01970434345582639,-0.01823827239992415,-0.01687972727625109,-0.015621047672214061,-0.014455085552835811,-0.013375176932894917,-0.01237511180864459,-0.011449108407832753,-0.010591785394282738,-0.01016312388750551
-0.4937390637194383,-0.47971058601218974,-0.46480199818084156,-0.4491570278247492,-0.43292013566407217,-0.41623360275059085,-0.39923503312970343,-0.3820552246449349,-0.3648164573141299,-0.347631191785327,-0.3306011694575606,-0.3138169073307129,-0.2973575068096501,-0.2812907602511183,-0.26567349454124756,-0.250552104080759,-0.23596322288349292,-0.22193447132249577,-0.20848533122576285,-0.19562796372846414,-0.183368063963405,-0.1717057051468407,-0.1606361305859405,-0.15015049139120773,-0.14023654522497875,-0.1308792848679463,-0.12206150360039913,-0.11376428774781733,-0.10596747316753863,-0.09865004242093356,-0.09179044368575529,-0.08536687371891283,-0.07935752679149477,-0.0737407905909171,-0.06849540869441562,-0.06360061387329363,-0.059036234139036026,-0.05478277003015286,-0.05082145013933115,-0.04713428412543408,-0.04370407685766242,-0.04051445295974787,-0.03754984639645631,-0.03479551305394235,-0.032237502183649624,-0.029862649827796517,-0.027658551979032886,-0.025613538520365964,-0.023716650732734657,-0.021957604805975528,-0.020326768248164484,-0.018815123428992386,-0.017414240158415417,-0.016116243132300312,-0.014913781446366237,-0.01380000004844728,-0.01276850913233929,-0.011813358126468998,-0.010929007309870009,-0.010486831901572735
-0.49905169137058003,-0.4854132140809897,-0.47083820555735123,-0.45546928062335734,-0.4394509902422339,-0.4229267994636743,-0.406036453402856,-0.3889136901035162,-0.3716843634780309,-0.35446497555074785,-0.33736161809119647,-0.32046932243336546,-0.3038717399312363,-0.28764113959943494,-0.27183866290287906,-0.25651478796545835,-0.24170995127715145,-0.22745525774793052,-0.21377334211360566,-0.20067917701410476,-0.18818092908029715,-0.17628081544793783,-0.1649759124424266,-0.15425891356124932,-0.14411885060731766,-0.13454174752247194,-0.1255112107400036,-0.1170089457505652,-0.10901523821185144,-0.10150937188630138,-0.09446996938960339,-0.0878752945813499,-0.08170351797558428,-0.07593292867986712,-0.0705421104711279,-0.06551008730348418,-0.060816439984132664,-0.056441392654345,-0.05236587605586873,-0.04857158764527192,-0.04504101094981117,-0.041757445368513224,-0.0387049990205357,-0.035868605326245806,-0.03323399631189439,-0.030787698574159528,-0.02851700784285427,-0.02640996402396567,-0.024455329891055477,-0.02264255474917043,-0.020961751647678994,-0.01940366071231381,-0.017959621982068796,-0.016621542633559194,-0.015381866249564169,-0.014233544087387529,-0.013170003950144782,-0.01218512394150384,-0.011273203500108409,-0.010817243279415134
-0.5041440956966392,-0.4909133584709613,-0.47669100584922575,-0.46161805715524196,-0.44583869126358255,-0.4294971309007112,-0.4127348835856104,-0.3956883042849313,-0.3784865569010032,-0.3612499809526959,-0.3440888726186886,-0.3271026851394465,-0.3103795751894811,-0.2939962849198974,-0.27801830091375823,-0.26250024264426575,-0.24748642720044067,-0.23301153659278206,-0.21910146028184752,-0.20577408909698836,-0.1930401689095529,-0.18090416672277954,-0.1693650938593816,-0.15841728264134325,-0.14805112870285075,-0.1382537695097108,-0.1290096993977219,-0.12030131013806677,-0.11210939688018673,-0.10441359698736719,-0.09719275322088272,-0.09042523609937625,-0.0840892261897741,-0.07816294269295643,-0.07262483364374184,-0.06745373413172828,-0.06262899409013922,-0.05813057443615488,-0.0539391184954674,-0.05003601958157411,-0.0464034459155549,-0.043024375993261366,-0.03988259496045199,-0.03696271543227159,-0.03425015286817601,-0.03173112425589597,-0.029392624237045695,-0.02722240138095522,-0.025208938184686502,-0.0233414149740252,-0.021609688018702222,-0.020004252707059855,-0.01851621670887038,-0.01713726702250895,-0.01585963903504517,-0.014676087644787117,-0.013579855626648651,-0.012564647181942945,-0.01162459839930019,-0.011154574007981033
-0.5090162887327532,-0.4962102314210659,-0.48235895034765885,-0.4676013918617139,-0.45208089896114245,-0.4359420185625895,-0.4193276302527549,-0.4023763677739911,-0.3852204243104218,-0.36798375541144956,-0.35078069832207515,-0.33371501934253534,-0.3168793209397558,-0.3003548018503155,-0.284211313329088,-0.26850766491066214,-0.25329212548093505,-0.23860304163658697,-0.22446965590304568,-0.2109128819039663,-0.19794615157289197,-0.1855762877289191,-0.17380433938443574,-0.1626263753675694,-0.15203424644335328,-0.14201628780400544,-0.13255795840017903,-0.12364240540255533,-0.11525099511927817,-0.10736377280788911,-0.09995984886741471,-0.09301774168799071,-0.08651567720928899,-0.08043183476021731,-0.07474455190604079,-0.0694324958948922,-0.06447480305052711,-0.05985118504696629,-0.05554200892158967,-0.0515283724893667,-0.0477921351925259,-0.04431595935193933,-0.04108331034591739,-0.03807848191193841,-0.035286573812935984,-0.032693493426800835,-0.030285933602880455,-0.028051350300133393,-0.025977944026207567,-0.024054624064486774,-0.022270987595121028,-0.02061728276975927,-0.019084382271259415,-0.017663750230680897,-0.01634741111788518,-0.015127920758875035,-0.013998334213045638,-0.012952179148846277,-0.011983425740105247,-0.011499049035734732
-0.5136683223026717,-0.5013030784891548,-0.4878406115466527,-0.47341732460559616,-0.4581752614286527,-0.4422588541357486,-0.4258119537377869,-0.40897512075403597,-0.3918832808089645,-0.37466376678358504,-0.35743477633323195,-0.340304263399287,-0.32336920149798054,-0.30671521595031503,-0.29041653077619856,-0.27453618488134435,-0.2591264627521017,-0.2442294575518522,-0.2298778593604256,-0.21609570680843238,-0.2028992235436311,-0.19029769396075036,-0.17829430803292912,-0.16688696993353513,-0.15606907842072193,-0.14583025244206294,-0.13615699425064687,-0.1270332775711136,-0.11844110355865745,-0.11036098160697172,-0.10277233908980055,-0.09565388519981344,-0.0889839281414817,-0.08274063882857785,-0.07690227090102919,-0.07144734591248536,-0.06635480482497513,-0.06160412490257006,-0.05717540875466387,-0.053049467962780206,-0.04920786023998591,-0.045632936893764686,-0.04230784709769342,-0.03921656792570172,-0.03634388454279325,-0.03367539489236737,-0.031197489459970917,-0.028897330415635913,-0.026762834628057952,-0.02478263831217742,-0.02294607726386566,-0.021243149896044144,-0.019664491269724138,-0.01820133993067241,-0.01684550667210516,-0.015589345489517292,-0.014425720989281743,-0.01334798162284212,-0.012349929028210305,-0.011850902730894397
-0.5181002882169761,-0.5061911793507301,-0.49313458434374624,-0.4790639020257137,-0.4641194158723394,-0.44844500041076873,-0.4321850685365858,-0.4154817427764357,-0.39847236895640403,-0.38128740176321063,-0.3640487014134619,-0.3468682673845347,-0.3298473539932978,-0.31307596928580317,-0.29663270620539084,-0.2805848624404117,-0.2649887940030249,-0.24989041665350875,-0.2353259582713374,-0.22132268198181482,-0.20789970736150298,-0.19506888574589265,-0.18283565176958838,-0.17119984484911033,-0.16015650610553323,-0.14969662607698275,-0.13980783098955119,-0.13047499434119203,-0.1216808178879214,-0.11340633340524153,-0.10563133648464174,-0.09833477183476713,-0.09149506845380184,-0.08509042178206805,-0.07909902941016345,-0.07349929052416382,-0.0682699700068845,-0.06339032644492093,-0.058840210654662606,-0.05460015790702766,-0.0506514317908513,-0.04697607822357952,-0.043556934118185175,-0.040377662406565484,-0.03742273500041193,-0.03467744077487289,-0.0321278674249692,-0.029760882258202948,-0.027564116926144244,-0.025525932592445066,-0.02363540139405984,-0.02188226950384564,-0.02025693171114895,-0.018750398231226484,-0.01735426338389079,-0.016060676531317597,-0.014862309038861099,-0.013752327402336562,-0.01272436204575289,-0.012210379367463275
-0.5223123184650946,-0.5108738485996467,-0.498239487261416,-0.48453917893446885,-0.4699109899260989,-0.4544977922769844,-0.43844414378983565,-0.4218933526002333,-0.40498485790180005,-0.3878519643057654,-0.37061997972168914,-0.3534047902985771,-0.3363118251372965,-0.31943541689708255,-0.3028585111970683,-0.286652683518529,-0.270878408949109,-0.2555854954623138,-0.24081379432423056,-0.22659388956416837,-0.21294789917689627,-0.19989034618519863,-0.1874290138509016,-0.1755657776788544,-0.16429741696490474,-0.15361638345151363,-0.1435115099938855,-0.13396864517336127,-0.12497125920885477,-0.11650096656177666,-0.10853798425241479,-0.10106153906702442,-0.09405022102968452,-0.08748228459926732,-0.08133590058728934,-0.07558937037793534,-0.07022130314649377,-0.06521075548302502,-0.060537339865307516,-0.05618132587370539,-0.05212369116776028,-0.04834618239037525,-0.044831328545700266,-0.04156248127476392,-0.03852380084562235,-0.03570026763819456,-0.03307766628798614,-0.030642568282170934,-0.028382318556827713,-0.026285001291559418,-0.024339422714896308,-0.02253507426286383,-0.0208621077912019,-0.019311302413829168,-0.017874033144171797,-0.01654224186384834,-0.015308403858433905,-0.01416550087449675,-0.013106989385542889,-0.012577733641065958
-0.5263045854007009,-0.5153504365506745,-0.5031539636886118,-0.48984121975865325,-0.4755476030310257,-0.46041453779596786,-0.4445863038483644,-0.4282070081067779,-0.41141784257211267,-0.3943546740797199,-0.3771460265758364,-0.3599114972297679,-0.3427605679104051,-0.32579182314936617,-0.30909253212121346,-0.29273855620111533,-0.27679452821570916,-0.26131421107261854,-0.2463411599184484,-0.2319093726423116,-0.21804406611281024,-0.20476253892490526,-0.1920750270170979,-0.17998554364956565,-0.16849270347028877,-0.15759051078241715,-0.14726908970831065,-0.1375153413358321,-0.12831357435761248,-0.11964604833798909,-0.11149345696788604,-0.103835357587867,-0.09665054325217248,-0.0899173635482331,-0.08361399323848051,-0.0777186617711223,-0.07220984413184972,-0.06706641259586643,-0.062267755623173215,-0.05779388846272049,-0.053625511666837156,-0.049744079243700945,-0.046131817076138226,-0.042771768719056524,-0.03964778469185415,-0.03674453767602781,-0.034047509150565425,-0.031542973951728115,-0.02921798889096827,-0.02706035928842443,-0.02505862324555075,-0.023202014973620066,-0.021480440723657956,-0.019884445713906906,-0.018405182783198804,-0.01703438344146324,-0.015764324004869934,-0.014587798621379378,-0.013498087018213312,-0.01295323121663472
-0.5300773019204552,-0.5196203300427849,-0.5078766831420944,-0.4949681000234607,-0.48102686788066507,-0.4661925193565075,-0.4506086289253597,-0.4344197062950661,-0.41776834292270415,-0.40079266495193,-0.38362416421220846,-0.36638595647565886,-0.3491914381670824,-0.3321433579644717,-0.31533326614571866,-0.29884130665963404,-0.2827362993266469,-0.26707601731456254,-0.25190779459555834,-0.2372691320234699,-0.2231884434320186,-0.2096859057484135,-0.1967743115217635,-0.18445991411585982,-0.17274326198504664,-0.16162000504671425,-0.1510816453002306,-0.141116215893895,-0.13170893619185886,-0.12284277544488464,-0.11449896135023785,-0.10665743226292879,-0.0992972281146054,-0.09239683141954114,-0.08593445314894144,-0.07988827804578325,-0.07423666963022768,-0.06895833460013989,-0.06403245263481239,-0.05943879679453534,-0.055157800012910485,-0.05117063086194307,-0.0474592173563293,-0.0440062985486156,-0.040795417411798596,-0.03781093996773954,-0.03503804462908988,-0.03246270889044389,-0.030071700128657675,-0.027852542994493135,-0.025793505280695683,-0.023883561499395967,-0.022112369620024275,-0.020470238149523645,-0.01894809485015081,-0.017537457925667077,-0.01623040178222901,-0.015019530063580255,-0.013897942894773863,-0.013337149310375107
-0.5336307216357206,-0.5236829532429921,-0.5124063425465764,-0.49991790787995427,-0.48634639193309237,-0.4718289949137411,-0.4565081558399786,-0.4405283833628326,-0.42403330325640365,-0.40716298351294977,-0.3900516195484016,-0.37282563662657253,-0.355602191161255,-0.3384880929330958,-0.32157911709008946,-0.3049596748998473,-0.2887027924891994,-0.27287030070036966,-0.2575133812504715,-0.24267312279154574,-0.22838123149622636,-0.2146608639744274,-0.20152747298617157,-0.18898965487154307,-0.17704999152058587,-0.16570587315998697,-0.1549502682301762,-0.1447724236373249,-0.13515854383710835,-0.12609237456906452,-0.1175557370297664,-0.10952900310198022,-0.10199150535765256,-0.09492189879745538,-0.08829846445808087,-0.08209937104039167,-0.0763028945924038,-0.07088759608589346,-0.06583246262559683,-0.06111703805646851,-0.05672149789026637,-0.05262673305669541,-0.048814379453183676,-0.04526687562008025,-0.04196745951680292,-0.03890019180614157,-0.03604994812810958,-0.03340240809819761,-0.03094404845893628,-0.028662111455894923,-0.02654459243542462,-0.024580203754762664,-0.02275835242289137,-0.02106910740113488,-0.01950316844094857,-0.018051837462871312,-0.01670698397159498,-0.015461018144358185,-0.014306857586925403,-0.013729777308213453
-0.5369651390372043,-0.5275377684499238,-0.5167416675334868,-0.5046887456754989,-0.4915037789910004,-0.47732119931511274,-0.4622818788564276,-0.4465299148795543,-0.43020959161730765,-0.41346258764886734,-0.39642552195553904,-0.3792279036159796,-0.36199047799438056,-0.34482399730702884,-0.32782839112141193,-0.3110923103211771,-0.2946929961669964,-0.27869637614409637,-0.26315754210988196,-0.2481212506326269,-0.23362259250296002,-0.21968780364722384,-0.20633510006444755,-0.19357552429372316,-0.1814137923489323,-0.1698491310358463,-0.15887606572806412,-0.14848514093771303,-0.13866362288571743,-0.12939610287262315,-0.12066505730778943,-0.11245134623890873,-0.10473464263164534,-0.09749381536936497,-0.09070725108381694,-0.08435313259982369,-0.07840967382234165,-0.07285531102319887,-0.06766885596359629,-0.06282963712705314,-0.0583175835532046,-0.05411331695769572,-0.0501981874033941,-0.04655433734426673,-0.04316470261472194,-0.04001304010183837,-0.03708392318802822,-0.034362733240165255,-0.031835655288738884,-0.02948964752208738,-0.02731243075373868,-0.02529245275469716,-0.02341886689686934,-0.021681499745835886,-0.020070820077657814,-0.01857791051099067,-0.017194432606930654,-0.01591260005683992,-0.014725144968124049,-0.014131417423766113
-0.5400808896520592,-0.5311842768964192,-0.5208814137572304,-0.5092787315674441,-0.4964966308506291,-0.4826663457159164,-0.46792675062303335,-0.45242111605700686,-0.4362939992665371,-0.41968834516679543,-0.4027429010463335,-0.3855900177426541,-0.3683538419887933,-0.3511489338715901,-0.3340792922895197,-0.3172377670812132,-0.30070581243228034,-0.28455348244379675,-0.2688398344651466,-0.2536133679153352,-0.23891264698531423,-0.22476708450386074,-0.2111977619046712,-0.19821827130536374,-0.1858355644586851,-0.17405080251470473,-0.1628601601650237,-0.15225556552687092,-0.1422254255414357,-0.1327552484612049,-0.12382822990542497,-0.11542577491928885,-0.1075279466829171,-0.1001138712733507,-0.09316207819682898,-0.08665079614527116,-0.08055820361486887,-0.07486263444314911,-0.06954274336254951,-0.06457765828264517,-0.05994707352093176,-0.055631350683098546,-0.05161156084859897,-0.047869555277721965,-0.0443879709511652,-0.041150262869282805,-0.03814070291225935,-0.035344374012602486,-0.03274716854595461,-0.03033575908547359,-0.028097589884938934,-0.02602084172851349,-0.02409441168115478,-0.022307881050149803,-0.020651484643310347,-0.019116082718273475,-0.017693125800173348,-0.016374628017747916,-0.015153132938179326,-0.01454238539839725
-0.5429783501935992,-0.5346220195507412,-0.5248243682285203,-0.5136860011795319,-0.5013225490208129,-0.4878616270868763,-0.47343968321579055,-0.4581987421235745,-0.4422832402469501,-0.4258370324816685,-0.40900068448596283,-0.3919091306700828,-0.3746897149896844,-0.3574606546986203,-0.3403299178988295,-0.32339449925955943,-0.3067400520886343,-0.29044077751457564,-0.2745597461461058,-0.25914926951106754,-0.244251470058523,-0.22989903270197676,-0.21611600538979037,-0.20291863314084946,-0.19031620583990438,-0.17831191814890346,-0.16690368830926783,-0.15608491618660736,-0.1458452307013447,-0.13617113081405563,-0.1270465976967161,-0.11845364049241525,-0.11037276456229428,-0.10278339848336149,-0.09566425374575083,-0.08899363830591422,-0.08274972346403509,-0.07691076419636733,-0.07145527766764914,-0.06636220699076656,-0.06161102436151644,-0.05718184110016011,-0.053055456761148534,-0.04921343680433399,-0.045638123039681844,-0.04231267079983336,-0.039221051479101376,-0.03634804959072646,-0.033679264061596825,-0.031201080397176284,-0.028900664332969228,-0.026765927303236126,-0.024785507408222607,-0.02294873782550777,-0.021245616376046605,-0.019666777858291518,-0.018203458619305835,-0.016847470090941563,-0.015591164194792562,-0.014963011246720281
-0.5456579387030391,-0.537850577915373,-0.5285693506637612,-0.5179087093008716,-0.5059791365126509,-0.4929042178164389,-0.4788175492908442,-0.4638594888087333,-0.44817395104459035,-0.4319053333723355,-0.4151956958334635,-0.39818228240950493,-0.3809954135996252,-0.36375679678113393,-0.34657825371466,-0.3295608558154539,-0.3127944295553453,-0.2963573333609393,-0.28031669072174026,-0.2647286883381339,-0.24963908739634721,-0.235083937290832,-0.2210903521411689,-0.20767733289816181,-0.19485661058240566,-0.18263351382997062,-0.1710078004534843,-0.15997443233906505,-0.14952434396638292,-0.1396451011687061,-0.13032153942065694,-0.12153633340409087,-0.11327048485380686,-0.10550377223147667,-0.0982151300337053,-0.09138298061403205,-0.08498551784465569,-0.07900094279269965,-0.07340765572844354,-0.06818443179468225,-0.06331053457014679,-0.05876583568165561,-0.05453087126618961,-0.05058692691283895,-0.04691605338651872,-0.0435011089276216,-0.04032576574407809,-0.03737451016433191,-0.03463264703670532,-0.032086273464160264,-0.02972227478354128,-0.027528290761442697,-0.02549269789329678,-0.023604578351026362,-0.021853689927064934,-0.020230438825166175,-0.01872584402326183,-0.01733151106451558,-0.016039597055392818,-0.015393640050829216
-0.548120114683337,-0.5408695748230818,-0.5321152148496822,-0.5219450316270713,-0.5104639997008587,-0.4977912754103331,-0.4840571833504992,-0.46939999294401513,-0.4539626903547189,-0.4378898378155993,-0.4213246524217906,-0.40440639829324,-0.38726813535034044,-0.3700348775512685,-0.3528221690020006,-0.3357350753336341,-0.3188675575044764,-0.3023021307762619,-0.28611000241282714,-0.27035129061337315,-0.25507547091947913,-0.2403220464069511,-0.22612129526605962,-0.21249507685937807,-0.1994576667706527,-0.1870166292426223,-0.17517365940002527,-0.16392537352575065,-0.15326409757031811,-0.14317854285247567,-0.13365447036610245,-0.12467528418594664,-0.11622253892090928,-0.10827641246608621,-0.1008161053465706,-0.09382019126514152,-0.08726691806985709,-0.08113445932544483,-0.07540112036295898,-0.07004552629428673,-0.06504674654678855,-0.060384424463788555,-0.056038841565988484,-0.051991010076255506,-0.04822269431626669,-0.044716458394447045,-0.041455676938921826,-0.03842453856725658,-0.035608053599824885,-0.032992029533498446,-0.030563069514957242,-0.028308539378905095,-0.026216551400009003,-0.024275933868556088,-0.022476201487018344,-0.020807528693596034,-0.01926071385798256,-0.017827153385492345,-0.016498806333258287,-0.015834632807139037
-0.5503653792247265,-0.5436786752292333,-0.5354608500225222,-0.5257931665429361,-0.5147747502573852,-0.5025199422908155,-0.48915538312737095,-0.4748168331873215,-0.459645938960751,-0.44378704090734633,-0.42738416328557793,-0.4105782859462659,-0.3935049548170033,-0.3762922902838328,-0.3590594113957257,-0.3419152805534065,-0.3249579412417525,-0.3082740537570672,-0.29193893070152743,-0.27601667079337755,-0.26056053417665925,-0.24561356317456706,-0.2312092958292178,-0.21737255156030866,-0.2041202541566589,-0.19146230612843151,-0.17940243928862287,-0.16793901876192674,-0.15706585021616704,-0.14677287155174135,-0.13704684302251025,-0.12787196443625248,-0.11923040216719638,-0.11110278534460338,-0.10346862563319181,-0.09630668694460276,-0.08959530422707473,-0.08331265148383338,-0.07743696241762077,-0.07194673122828288,-0.06682084867911442,-0.06203874211164084,-0.0575804479727271,-0.053426712239756924,-0.04955901790497652,-0.04595963832035199,-0.04261165247383403,-0.03949895200708209,-0.03660625246153071,-0.03391907067016753,-0.031423725898478416,-0.0291073078479398,-0.026957661987587755,-0.02496335985529896,-0.023113669986019048,-0.021398531848464408,-0.01980851991823851,-0.018334818156544586,-0.016969184271857785,-0.016286367329516604
-0.5523942751218547,-0.5462775869997838,-0.5386051822603788,-0.5294513369463427,-0.5189090071577862,-0.5070873476979765,-0.49410891109126887,-0.48010653087728006,-0.4652200997348066,-0.44959334188041655,-0.4333707271462339,-0.41669463226425396,-0.39970281968138455,-0.382526299388557,-0.3652876016012785,-0.34809947267604,-0.33106397282234745,-0.3142718836194325,-0.29780263462189094,-0.28172434618716213,-0.2660941273985262,-0.2509586412896292,-0.23635477902706814,-0.22231042058820538,-0.20884524159114903,-0.19597158634085954,-0.1836953242500705,-0.17201666575196395,-0.16093098680766804,-0.1504295355087404,-0.1405001476887735,-0.1311278877865707,-0.12229559530780865,-0.11398440475895999,-0.10617418623716013,-0.0988439347220238,-0.09197210719527504,-0.08553690765742417,-0.07951652292752964,-0.07388933666301778,-0.06863407753653128,-0.06372997009855386,-0.05915681605674017,-0.05489510292412181,-0.050926038027800935,-0.04723160778704383,-0.0437945978501153,-0.040598603902335384,-0.0376280466729062,-0.03486815143491029,-0.032304951994905906,-0.029925259792715764,-0.027716650945803778,-0.025667437379897073,-0.023766638372801907,-0.022003955189435764,-0.020369735080194573,-0.018854946199415856,-0.01745114154214633,-0.01674923921351601
-0.554207386982295,-0.5486660616941874,-0.5415471758881552,-0.5329177921124639,-0.5228643987609605,-0.5114906096955263,-0.49891449608348903,-0.4852655510248294,-0.47068149776879675,-0.45530504322943255,-0.4392807304647173,-0.42275200040762684,-0.405858546750939,-0.3887340355947577,-0.3715042279258851,-0.35428552544613634,-0.3371839248928321,-0.3202942928047392,-0.30370017671491834,-0.2874737512209258,-0.2716760322027323,-0.25635738026476673,-0.24155813004152815,-0.227309321084741,-0.21363348419107364,-0.20054550967128382,-0.18805350686754707,-0.17615962994938617,-0.1648609180620042,-0.154150015634702,-0.14401591303109917,-0.1344446108475683,-0.12541968564716566,-0.11692283389129088,-0.10893433367979988,-0.10143345401446346,-0.09439881074567058,-0.0878086691361446,-0.08164119538187187,-0.07587468429369526,-0.07048772018173555,-0.06545933900628853,-0.060769118917178844,-0.056397297452028816,-0.052324812528943276,-0.04853336794182095,-0.04500545869088768,-0.04172438583456728,-0.03867427549540725,-0.035840060669625196,-0.03320748825433206,-0.0307630893834121,-0.02849416832428897,-0.026388774548298244,-0.02443567497905974,-0.02262432941619874,-0.020944854510305255,-0.01938799919026568,-0.017945108307486635,-0.017223662866099332
-0.5558053413261232,-0.5508438953424433,-0.5442858348936963,-0.5361908095976298,-0.5266385649624938,-0.5157268372831281,-0.5035688350831213,-0.4902903034490036,-0.4760263806455489,-0.4609183499534719,-0.4451104455731647,-0.4287468268215955,-0.4119688179417835,-0.39491249103349,-0.3777066406409979,-0.360471179003099,-0.34331594425074385,-0.32633983836166447,-0.3096305166311719,-0.2932642313345424,-0.2773059559276403,-0.26180982031120514,-0.24681968954869404,-0.23236985993001724,-0.21848582022009122,-0.20518511142409768,-0.19247818642547543,-0.18036924344392524,-0.1688570799885447,-0.15793582552658947,-0.1475957065798017,-0.13782373412642102,-0.12860428835780535,-0.11991968679694764,-0.11175066749326223,-0.10407681861934304,-0.09687695372862404,-0.09012943240971794,-0.08381242809935241,-0.07790416986376503,-0.07238311660621832,-0.06722813095318969,-0.06241857958297459,-0.057934459305339914,-0.053756445521919716,-0.049865964230382254,-0.0462452228981558,-0.042877229623741187,-0.039745816390239774,-0.0368356233980327,-0.03413210932687427,-0.031621523056619694,-0.029290894563240855,-0.0271280080461489,-0.025121374975558552,-0.023260210400639636,-0.02153439695627757,-0.019934460872614856,-0.01845153536172095,-0.017710072606276217
-0.557188806676534,-0.5528109292155015,-0.5468202043542791,-0.5392686971820138,-0.5302291594218023,-0.5197931326175409,-0.5080685951099229,-0.49517714406444924,-0.4812509188595948,-0.46642936892786313,-0.45085602889733956,-0.4346754182937307,-0.4180301762348426,-0.4010585142226697,-0.38389204617741424,-0.36665403349933623,-0.34945804511345546,-0.33240695509136664,-0.3155925043634067,-0.2990950364889189,-0.2829835255709412,-0.26731593683186894,-0.25213974885604173,-0.23749260958094265,-0.22340306765631812,-0.20989141971667458,-0.19697056692387083,-0.1846468536558854,-0.17292093321648494,-0.16178851137309103,-0.1512411351536347,-0.14126690290705568,-0.13185106775408517,-0.12297663001113346,-0.11462484210221557,-0.10677565881750617,-0.09940813234867285,-0.09250075157035464,-0.08603172671874493,-0.07997924570854131,-0.0743216622969678,-0.06903768215804629,-0.06410647355209687,-0.059507802621801,-0.05522208982899901,-0.051230488767206595,-0.047514922945128824,-0.04405810953557854,-0.040843587135896975,-0.037855702850357886,-0.03507962599254011,-0.03250132135004247,-0.03010754223339962,-0.02788580478529923,-0.02582436192709814,-0.0239121806527276,-0.022138906126816238,-0.02049483835397492,-0.018970895346042127,-0.01820892384207795
-0.5583584936411312,-0.5545670505882838,-0.5491493718719354,-0.5421497948499954,-0.5336338518632022,-0.5236865933444301,-0.512410415268465,-0.4999223763278371,-0.4863512063977149,-0.4718341084172639,-0.4565135192827041,-0.4405339490609794,-0.42403902161519014,-0.407168804962299,-0.3900575011557317,-0.37283154248278105,-0.35560810208838944,-0.3384939483425331,-0.3215848730913917,-0.3049653142619446,-0.2887082813078701,-0.27287563449843955,-0.25751854463957446,-0.24267810353555852,-0.22838602041956424,-0.21466545247806224,-0.20153185483398062,-0.1889938218160525,-0.17705396215261793,-0.16570965173396957,-0.1549538451986665,-0.14477580808323953,-0.13516173855382618,-0.1260953841745005,-0.11755856875215631,-0.10953166354657817,-0.10199400253001478,-0.09492424082222506,-0.08830065680974997,-0.08210142342958804,-0.07630481094150987,-0.07088938564767666,-0.06583413147797312,-0.06111859484036586,-0.056722949569234515,-0.05262808285325882,-0.04881563831336422,-0.045268044630488724,-0.04196854808339534,-0.03890120262097785,-0.036050887219412076,-0.03340328086021138,-0.030944857893628885,-0.02866286366247639,-0.026545289454116272,-0.024580850887576666,-0.022758952166976876,-0.02106966349280537,-0.019503684051151993,-0.018720694330329746
-0.5593151549837372,-0.5561121934944357,-0.5512724690167503,-0.5448324768073332,-0.5368503304507799,-0.5274043150427055,-0.5165909089378351,-0.5045222528509852,-0.49132326148968897,-0.47712847774245226,-0.4620788364378381,-0.4463184579796309,-0.4299916070062171,-0.4132399091477712,-0.39619990625553214,-0.3790010060418325,-0.3617638428371217,-0.3445989864433141,-0.3276062316202877,-0.3108741025102191,-0.2944796695625307,-0.27848874088338693,-0.26295625325063465,-0.2479268313925953,-0.233435444227994,-0.21950821411753196,-0.2061632565685656,-0.19341152120726512,-0.18125767394803205,-0.16970085717497252,-0.15873552302699157,-0.14835218693306285,-0.1385380671192049,-0.12927772567250084,-0.1205536174814581,-0.1123465826441894,-0.10463628237403988,-0.0974015771016612,-0.09062084660926839,-0.08427227670631865,-0.0783340772790675,-0.07278469411695632,-0.06760294201219708,-0.06276815950487347,-0.05826028290513374,-0.05405993965119649,-0.05014849808519184,-0.046508101264479684,-0.04312170455926356,-0.03997306896938557,-0.03704678235976644,-0.03432823633275017,-0.03180362407534609,-0.029459917438852123,-0.02728484300936973,-0.0252668617016516,-0.023395133236934207,-0.021659494383250433,-0.020050421811488306,-0.019245885525609463
-0.5600595856866253,-0.5574463394721385,-0.5531886727765234,-0.5473151535337206,-0.5398763042368038,-0.5309433937831587,-0.5206066661115871,-0.5089729771880158,-0.49616302753987096,-0.48230828711417484,-0.4675477795096139,-0.4520248457726561,-0.43588403421121136,-0.41926821351069954,-0.40231599992826883,-0.3851595637119676,-0.36792284042652224,-0.35072009275696203,-0.3336550563939378,-0.3168203215727772,-0.3002970356044976,-0.2841549996160708,-0.26845298455975275,-0.25323923347301935,-0.23855207205150553,-0.22442069183178592,-0.21086597563770848,-0.1979013351410286,-0.1855335972505534,-0.17376376973815777,-0.162587894938917,-0.15199782382178118,-0.14198187266753592,-0.13252548828167843,-0.1236118191336244,-0.11522222916023228,-0.107336754710472,-0.09993450281134741,-0.09299398988873886,-0.08649344425172956,-0.08041104010598765,-0.07472512295024991,-0.06941435481351732,-0.06445787923648805,-0.059835404958765714,-0.055527307029215045,-0.0515146837024405,-0.04777939575312029,-0.04430410942750651,-0.04107229327502182,-0.03806824349481541,-0.03527706289542465,-0.03268466140364801,-0.030277734750274732,-0.028043741778844833,-0.025970885366985996,-0.02404807720256308,-0.022264916945444746,-0.02061165499914086,-0.019785024025991138
-0.5605926230027625,-0.5585695182999695,-0.5548972070116398,-0.5495962738695614,-0.5427095056832765,-0.5343009288027556,-0.524454255892044,-0.5132707058044828,-0.5008663742507924,-0.48736924764781087,-0.47291602580583625,-0.4576488723700711,-0.44171224987651136,-0.42524994029815133,-0.4084023519599089,-0.39130418714441895,-0.37408250536068,-0.35685513734847074,-0.33972968306403395,-0.32280276599196966,-0.3061596156413815,-0.2898740630303154,-0.2740087753027787,-0.2586156949678564,-0.24373659912621193,-0.22940385151661413,-0.2156412094580462,-0.20246465464018204,-0.18988328071682492,-0.17790006222540455,-0.16651272720982213,-0.15571455081816232,-0.14549502844042106,-0.13584056481537932,-0.1267350674052059,-0.11816048173654448,-0.11009726974309686,-0.102524828672097,-0.09542184895747763,-0.08876663291938147,-0.08253734544378943,-0.07671225341397747,-0.07126988373343579,-0.06618919888607078,-0.061449690909078925,-0.05703149058529089,-0.05291543190364845,-0.0490830972105627,-0.04551686582237924,-0.04219991465804984,-0.03911624793963675,-0.036250678445259865,-0.033588830866184693,-0.031117122258397245,-0.028822740717089346,-0.02669362775300943,-0.024718443446833938,-0.022886546630207505,-0.021187957625734555,-0.0203386631235003
-0.5609151464980622,-0.5594818087221642,-0.5563973439136682,-0.5516743271354807,-0.5453476932560886,-0.5374740252961097,-0.5281302291432155,-0.5174115502359999,-0.5054290989499632,-0.49230697157330194,-0.4781791296816795,-0.4631861543592075,-0.4474720414918032,-0.43118114190274337,-0.41445535689094815,-0.397431672538322,-0.3802400772884029,-0.36300182824979377,-0.34582829759566724,-0.32882009572615,-0.31206652837670656,-0.295645484268805,-0.27962358189190795,-0.2640565395739003,-0.24898967749185097,-0.2344586332457288,-0.22049014578031212,-0.20710287579502662,-0.19430829125536953,-0.18211143727008494,-0.1705118259207783,-0.15950424820727171,-0.14907946281851547,-0.1392249087595454,-0.1299253209237028,-0.12116328705154444,-0.11291974779074287,-0.10517443669516346,-0.09790625780784712,-0.09109362096875184,-0.08471470987874596,-0.0787477360302935,-0.07317111018973588,-0.06796362887844687,-0.06310457928265567,-0.05857385686487415,-0.05435203785265852,-0.05042043057689849,-0.04676113006500948,-0.043357022778613974,-0.0401918209207075,-0.03725004620191097,-0.034517036241350496,-0.03197892695434579,-0.029622632727672737,-0.027435830386410842,-0.025406924812263476,-0.023525030247637524,-0.021779933061258916,-0.020907384468071832
-0.5610280780833965,-0.5601833391622923,-0.5576884054662457,-0.5535478452829112,-0.5477886540909038,-0.540459797325008,-0.5316311213065372,-0.5213915794441171,-0.509846928131541,-0.49711697265542476,-0.48333252160737583,-0.46863216256324947,-0.453159033444841,-0.4370576954576988,-0.42047122730309194,-0.4035386328394619,-0.38639261638201194,-0.3691577023117265,-0.3519489268900289,-0.33487082682786884,-0.3180167660009481,-0.30146870880759735,-0.2852972726521097,-0.26956202257580664,-0.2543119100102409,-0.23958594627612406,-0.22541395869668523,-0.21181739675768085,-0.19881021196848536,-0.1863996261688472,-0.17458703660937047,-0.16336884488055148,-0.15273716036675378,-0.1426805358878358,-0.13318460534859966,-0.12423266232659991,-0.11580618212320815,-0.10788528327798641,-0.1004491254071338,-0.09347626149649013,-0.08694492408225063,-0.08083329414267482,-0.07511968673969083,-0.06978274876117574,-0.06480157545145637,-0.06015583678558922,-0.05582585847275556,-0.05179267984769531,-0.04803811477791964,-0.044544760828637564,-0.041296038439790905,-0.03827617744050826,-0.035470226698919305,-0.032864038627162806,-0.030444251001005007,-0.028198272660593382,-0.026114249685145197,-0.024181047929952015,-0.022388215879787232,-0.0214917998547004
-0.5609323820360812,-0.5606742884245564,-0.5587697649067214,-0.5552154050742453,-0.5500302067299057,-0.5432553708470755,-0.5349534553830138,-0.5252068223773465,-0.5141155192247115,-0.5017946668399631,-0.4883715074355921,-0.47398221976758137,-0.45876868314926433,-0.4428752974127814,-0.4264459869838788,-0.40962148971019463,-0.3925369943843826,-0.3753201156312125,-0.3580894289048775,-0.3409533215606242,-0.3240091845823123,-0.30734306536219336,-0.29102961944027506,-0.27513232333011395,-0.2597038438198407,-0.24478666353572098,-0.23041380418559854,-0.21660961433503712,-0.20339063975760574,-0.19076638744238483,-0.1787402437138086,-0.16731031858121082,-0.15647016279293435,-0.1462095258434104,-0.13651501548705092,-0.1273706978896305,-0.11875864189152541,-0.11065940242566796,-0.10305243914152218,-0.09591648604111214,-0.08922985652141335,-0.0829707276846614,-0.07711734086538691,-0.0716482109715244,-0.06654225535185354,-0.06177892928400208,-0.05733831600138295,-0.05320119152120384,-0.04934909221269379,-0.04576432873124148,-0.04243003033900017,-0.03933013441860478,-0.03644939958702409,-0.03377339251078304,-0.03128847152239711,-0.028981774207190725,-0.02684118423366577,-0.024855315240093212,-0.023013473842921073,-0.022092553144330562
-0.5606290650108381,-0.560954886381817,-0.5596408481870219,-0.5566756302905507,-0.55207020392813,-0.5458578868641961,-0.5380937450857393,-0.5288532707445892,-0.5182304626008571,-0.5063353731421572,-0.4932912678880008,-0.47923149861503145,-0.4642962772663406,-0.44862945810934196,-0.4323754639820532,-0.4156764652770084,-0.39866988532268444,-0.38148623354382405,-0.3642474822535391,-0.347065777926594,-0.33004249382242445,-0.3132677561342012,-0.29682028860214427,-0.2807675371034213,-0.2651659631774672,-0.25006161554497197,-0.2354908151476609,-0.22148092013731802,-0.20805118255251553,-0.19521350509030366,-0.18297336978060574,-0.17133069597997874,-0.16028056979986882,-0.14981402367240548,-0.13991871741418027,-0.1305795597901982,-0.12177927515058862,-0.11349890909995608,-0.10571826841706766,-0.09841630836872728,-0.09157145736993222,-0.08516191716338994,-0.07916587898479488,-0.07356174483610367,-0.06832826944030312,-0.06344470520026402,-0.05889090178190948,-0.054647378279693015,-0.05069539780742538,-0.04701698656410347,-0.04359498358306624,-0.0404130335128805,-0.03745560342096166,-0.03470797212427712,-0.032156215764787,-0.029787197443393865,-0.027588534813052235,-0.025548585438568416,-0.02365641003283514,-0.022710322329968502
-0.5601191760398216,-0.5610254146495275,-0.5603011354320864,-0.5579271939650376,-0.5539065355281281,-0.5482645046909917,-0.5410484981660213,-0.5323268820089666,-0.5221872838316521,-0.5107343147940835,-0.49808685828136134,-0.4843750196925578,-0.46973692804304523,-0.45431549637418467,-0.43825528356943977,-0.4216995736641804,-0.40478775588892013,-0.38765302017211845,-0.37042057526361916,-0.35320621857751977,-0.33611524614056254,-0.31924184635575337,-0.3026688312188641,-0.2864676662132304,-0.2706986816345136,-0.25541158371989336,-0.24064609588196006,-0.22643269623416895,-0.2127934561209166,-0.19974278650093602,-0.18728837440199708,-0.17543205255311278,-0.16417053980825713,-0.15349624129204376,-0.1433979505858174,-0.1338614924588022,-0.12487031197144116,-0.11640600269691603,-0.1084487684221358,-0.10097782844744163,-0.09397176262937901,-0.08740882787046544,-0.08126719070235655,-0.07552516081862137,-0.07016134690214226,-0.0651548114181022,-0.06048518031012584,-0.05613272292289473,-0.052078433991771256,-0.04830405822481065,-0.04479214577663093,-0.041526048582958275,-0.03848994109047155,-0.03566881232173191,-0.03304845358176767,-0.030615450310178538,-0.028357150552107413,-0.026261651922254714,-0.024317765148107462,-0.023345821761036056
-0.5594038065217477,-0.5608862072445953,-0.5607501623941569,-0.5589688206401222,-0.5555371314012358,-0.5504724053435361,-0.5438142199164342,-0.5356235826091416,-0.5259814462106549,-0.5149866206683829,-0.5027532085148145,-0.4894076498335398,-0.4750855697910028,-0.4599285341550985,-0.44408086112679435,-0.42768661232443606,-0.41088685548935633,-0.39381722752195536,-0.3766059944772815,-0.35937247908029324,-0.3422258250493426,-0.325264253086468,-0.3085746725920657,-0.29223261041658066,-0.27630233349044797,-0.26083729299933633,-0.24588071594691563,-0.2314663102657999,-0.21761908040953237,-0.2043560599727856,-0.1916872528450675,-0.1796165122304716,-0.16814229052444674,-0.15725845887307077,-0.14695502992919884,-0.1372188214013148,-0.12803406763890468,-0.1193829706534455,-0.1112461840556378,-0.10360323661807058,-0.09643289847139691,-0.08971351433299635,-0.08342325331422984,-0.07754035503223289,-0.0720433001312859,-0.06691097527842693,-0.06212279355454875,-0.05765878257303125,-0.05349967425938296,-0.04962693535743856,-0.04602282893559462,-0.04267041458111187,-0.03955357330406084,-0.03665700256945126,-0.03396620631810787,-0.03146748921792675,-0.029147926136920965,-0.02699535085034288,-0.024998319976559102,-0.023999804539669434
-0.5584840901997978,-0.5605376512284033,-0.5609875219013483,-0.5597992886458991,-0.5569599644536671,-0.5524787950481058,-0.5463874168536198,-0.538739271415638,-0.5296083535506435,-0.5190873269962104,-0.5072851233407549,-0.49432410066126753,-0.4803369555330317,-0.4654634912226685,-0.44984739497416104,-0.4336331531799642,-0.4169632059669137,-0.3999753841206255,-0.3828008125755833,-0.36556219550889946,-0.3483724327829485,-0.3313337332157218,-0.31453710091339904,-0.2980621564872976,-0.2819771644620417,-0.2663394037341371,-0.25119570334492636,-0.2365831099509963,-0.22252967536309232,-0.20905517179885091,-0.19617203433001773,-0.18388624677746712,-0.17219809932312646,-0.16110302611322957,-0.15059234789474019,-0.14065395591724705,-0.13127294592894412,-0.12243219218188717,-0.11411285402455729,-0.10629481796846196,-0.09895708581152185,-0.09207812501827561,-0.0856361365837266,-0.07960931403409699,-0.07397602949967386,-0.0687150092867661,-0.06380546557131161,-0.059227193172355364,-0.05496066752872064,-0.050987081561770786,-0.04728841353363489,-0.04384743142844094,-0.04064772229018576,-0.03767369047012803,-0.0349105501565905,-0.03234432221755679,-0.029961804809266468,-0.027750563973962805,-0.02569889806103287,-0.024673065104567904
-0.5573612031281661,-0.5599801873329824,-0.5610128652985091,-0.5604174323976685,-0.5581730536953944,-0.55428090886948,-0.5487646005833557,-0.5416698234289874,-0.5330633532695161,-0.5230313793976515,-0.5116772829429772,-0.49911892740096775,-0.485485653845914,-0.47091507996606996,-0.4555498591691043,-0.43953453358995365,-0.42301259100364863,-0.40612378319235365,-0.3890018757105995,-0.3717727913343749,-0.3545530771385197,-0.3374488706207579,-0.32055525506107685,-0.3039559669189673,-0.2877233215017272,-0.2719185027705828,-0.25659203696376753,-0.2417844169279837,-0.22752685616144852,-0.21384198285957723,-0.20074477990962514,-0.18824347486964488,-0.17634030341095563,-0.16503236337488403,-0.15431237644843776,-0.14416939182841926,-0.13458944245795745,-0.1255561421305318,-0.11705121511356609,-0.10905495691868605,-0.10154664512546763,-0.09450490730604777,-0.08790800780376973,-0.08173411992070445,-0.07596152843681647,-0.07056881613593191,-0.06553500743585072,-0.060839674296344626,-0.056463042815559916,-0.05238603690805643,-0.04859035284658919,-0.04505846818010362,-0.04177367577761437,-0.038720085555232764,-0.03588261972196083,-0.03324701241714134,-0.030799781598718212,-0.0285282216877647,-0.026420368575554853,-0.02536644201944993
-0.5560363636271459,-0.5592143105695224,-0.5608259038786678,-0.5608221447100603,-0.5591744673694077,-0.5558760144578723,-0.5509422918502449,-0.5444110937267133,-0.5363417397770265,-0.5268136352435215,-0.5159242438465039,-0.5037865279893872,-0.4905260459306593,-0.4762778003131274,-0.4611829962991676,-0.44538584716427465,-0.4290305452127319,-0.4122584703692356,-0.3952057902304462,-0.3780014635848028,-0.3607655574902102,-0.3436080624291904,-0.3266281114627789,-0.30991356768599765,-0.29354084169334715,-0.27757509365446076,-0.26207063820194776,-0.2470715198577178,-0.23261222780847302,-0.21871836466400119,-0.20540757989587544,-0.19269046081341834,-0.18057129973218178,-0.16904896265534486,-0.15811766898144786,-0.14776771420122348,-0.13798614809434007,-0.1287573949664278,-0.12006380662852756,-0.11188614202357616,-0.10420400151871956,-0.09699621274292802,-0.09024113716352922,-0.08391695574392344,-0.07800188884113712,-0.07247439406704359,-0.06731332251566968,-0.06249803430706358,-0.05800851424215381,-0.053825422782636245,-0.04993017761995677,-0.04630496750417379,-0.042932791278813554,-0.03979746336922663,-0.03688361196453105,-0.034176681665885056,-0.03166290680948869,-0.02932930632369768,-0.027163649431005688,-0.02608082098465969
-0.5545108322264758,-0.5582405708182803,-0.5604264103032408,-0.5610123791250521,-0.5599623261388897,-0.5572614159133638,-0.5529170247736226,-0.5469589216654258,-0.5394387581749771,-0.5304288663675338,-0.5200204401848163,-0.5083211425125,-0.4954523229437102,-0.4815459348080875,-0.4667413102984952,-0.45118193444596777,-0.4350123429330166,-0.4183752309382971,-0.4014089087841244,-0.3842451682480297,-0.367007449934893,-0.34980950433229463,-0.3327544699611007,-0.3159343349909305,-0.29942964014810336,-0.2833095858759682,-0.2676323616978049,-0.252445666711818,-0.23778737899949665,-0.22368619477130647,-0.21016255077340062,-0.1972295128601642,-0.18489354457173146,-0.1731553883539627,-0.16201086210886118,-0.15145160004278235,-0.1414657524197782,-0.1320386288748132,-0.12315327501448259,-0.11479097099888591,-0.10693169006028569,-0.09955450259369503,-0.09263790343766676,-0.08616011126869605,-0.08009930684636846,-0.07443384259386399,-0.06914241211021466,-0.06420417587372551,-0.0595988864104946,-0.05530694709184214,-0.05130950108667154,-0.047588450501185875,-0.0441265007030367,-0.04090716987132481,-0.0379147903487187,-0.03513451452966887,-0.0325522897853503,-0.030154855709123574,-0.027929710631613425,-0.02681713809285613
-0.5527859115968714,-0.5570595733990014,-0.559814220008914,-0.5609871522512844,-0.5605348063293691,-0.5584344577662259,-0.5546853512711936,-0.5493091353442936,-0.5423496082833168,-0.5338717621483724,-0.5239601853508491,-0.5127168530037762,-0.5002584836250312,-0.486713543883579,-0.4722190593220432,-0.4569173734895582,-0.44095298674294625,-0.42446957662837903,-0.4076073157954019,-0.3905006048908355,-0.37327609152796093,-0.3560511748939055,-0.338932938614116,-0.32201748092138605,-0.3053894968173987,-0.2891222830686102,-0.27327798507517986,-0.257908056159728,-0.2430538751858169,-0.2287473515176064,-0.21501183153151526,-0.20186298105398848,-0.18930955280508588,-0.17735427779435486,-0.16599467732516082,-0.15522382094720122,-0.14503104722477733,-0.13540262996727837,-0.12632237864719897,-0.11777215597605917,-0.1097323613911616,-0.10218235370473838,-0.09510080001728038,-0.08846598909469705,-0.08225608896779146,-0.07644936861721074,-0.07102438148611778,-0.06596010188974155,-0.06123606016940286,-0.056832409854172816,-0.05273002436515295,-0.04891052189389011,-0.04535631532812001,-0.04205062618319655,-0.03897748937379042,-0.0361217625846999,-0.03346910297811867,-0.03100596701385072,-0.028719577905653715,-0.02757638335155521
-0.5508629464695969,-0.5556719796209264,-0.5589892325993917,-0.5607455461115629,-0.5608901432228919,-0.559392529071101,-0.5562438456712471,-0.5514575563354618,-0.5450694490040364,-0.5371369329815412,-0.5277376740592032,-0.5169675836370047,-0.5049383322617684,-0.49177446136671854,-0.4776102487149503,-0.46258647036609535,-0.446847195714386,-0.43053673194442865,-0.41379681229739784,-0.3967642004697458,-0.37956856356792024,-0.3623308187977159,-0.34516191736061685,-0.32816203793507803,-0.311420042133439,-0.2950133700682356,-0.2790081976100023,-0.26345982796095235,-0.24841325074617782,-0.2339037079638162,-0.2199575793386943,-0.20659325454577715,-0.1938218967370231,-0.1816483414537684,-0.1700719224784608,-0.15908724566341625,-0.14868493001925387,-0.13885229658806786,-0.12957399279529547,-0.12083252898977825,-0.11260878761761628,-0.10488246469511076,-0.09763244130219562,-0.09083711116551818,-0.08447465865478954,-0.07852329295821914,-0.0729614463382644,-0.06776792181779179,-0.06292203880790659,-0.05840370921353255,-0.054193542270359885,-0.05027287561981009,-0.04662383116280644,-0.04322933371385673,-0.040073119457382234,-0.037139749058678895,-0.034414586347968346,-0.03188380091318166,-0.02953433663637206,-0.02835960449796726
-0.5487433235438455,-0.5540785073115084,-0.5579514132199059,-0.5602867104957165,-0.5610266344006698,-0.5601330676127358,-0.5575891095137897,-0.5534000046866683,-0.5475934030350582,-0.5402189141605129,-0.5313469848478736,-0.5210671013495016,-0.5094854770285373,-0.4967222902627988,-0.48290862411861646,-0.46818324963056934,-0.45268939343199754,-0.43657162006071726,-0.4199729001232866,-0.4030320923105313,-0.38588167388853734,-0.3686459289747557,-0.3514395804762005,-0.3343668420865864,-0.3175207413815917,-0.30098289873041306,-0.2848235877136318,-0.26910205225894046,-0.253867000165382,-0.23915712497080577,-0.22500196447354348,-0.21142275829711288,-0.19843320446327084,-0.1860403628444951,-0.17424549301909842,-0.163044842551332,-0.1524304075347871,-0.14239064370455967,-0.13291111474774908,-0.12397504770086609,-0.11556386849892686,-0.1076576624904968,-0.10023556947552414,-0.0932761256900605,-0.08675756327800599,-0.08065805734141396,-0.07495593970972436,-0.06962985849734427,-0.0646589347101667,-0.06002284790926016,-0.05570194957378316,-0.051677300862067455,-0.04793073473495113,-0.04444487969610833,-0.04120317221512071,-0.03818987385186379,-0.03539005212697344,-0.0327895860970262,-0.03037513612174969,-0.029167911134111435
-0.5464284713818834,-0.5522799313229165,-0.556700793912468,-0.5596098653155535,-0.5609426431306952,-0.5606535642203325,-0.5587177765404583,-0.5551323042006562,-0.5499165619454183,-0.5431121701875874,-0.5347820830484196,-0.5250090169331001,-0.5138933287483072,-0.5015503988636505,-0.48810766476003575,-0.4737014447925558,-0.4584736958087188,-0.44256884828929977,-0.42613076545180206,-0.4093001102361926,-0.39221193811834976,-0.3749937275513693,-0.3577638577432518,-0.34063051490429874,-0.3236908777019698,-0.30703077239595533,-0.2907246291191834,-0.27483571766276693,-0.25941656810947844,-0.24450944329741375,-0.23014716441623673,-0.2163539490878419,-0.20314615767988098,-0.1905331979838465,-0.17851837297122586,-0.16709968188616475,-0.15627059918994934,-0.1460208073640823,-0.13633686909876985,-0.1272028013552351,-0.11860063793792897,-0.11051090921569973,-0.10291306168122016,-0.09578581450235824,-0.08910748158102333,-0.08285623186065738,-0.07701031940603897,-0.07154825545207188,-0.06644897651049586,-0.06169194024219227,-0.05725724775159868,-0.05312568855776245,-0.049278809344097674,-0.04569894317238976,-0.04236922617339545,-0.03927361897389847,-0.03639688998026358,-0.033724624158364414,-0.031243194195087476,-0.030002479213451227
-0.5439198602917039,-0.5502770840154647,-0.5552374749498123,-0.558714302958585,-0.560636601796356,-0.5609515671872889,-0.5596265178724424,-0.5566502879954838,-0.5520339916230066,-0.5458110995341525,-0.5380368242543221,-0.5287867866319962,-0.5181551001205298,-0.5062519172317925,-0.4932005769750969,-0.4791344888361637,-0.46419389873352035,-0.44852269314564985,-0.43226526171126434,-0.415563757826134,-0.39855555986854085,-0.38137114555758966,-0.36413241425526266,-0.346951443821073,-0.329929533610378,-0.3131567288857706,-0.2967116656468116,-0.28066171799163264,-0.26506333827525985,-0.24996247460485677,-0.2353953569922984,-0.22138931072980483,-0.20796348885469662,-0.19512977437974754,-0.18289363556741378,-0.1712549379642736,-0.16020874048460865,-0.14974604919448353,-0.1398545131783946,-0.13051901697733737,-0.12172227078177222,-0.1134453094604071,-0.10566793762673665,-0.0983691008868659,-0.09152723162854759,-0.08512052296372641,-0.079127175942304,-0.07352558473757487,-0.06829451679037035,-0.06341321957938018,-0.058861552264177774,-0.05462003842690244,-0.05066994182093776,-0.046993301472002535,-0.04357295295600583,-0.040392554436028405,-0.03743657260330213,-0.03469029489781672,-0.032139802241655246,-0.03086455591357451
-0.5412190021971841,-0.5480708557169955,-0.5535616261458309,-0.5575993906372045,-0.5601070153617949,-0.5610246867925062,-0.5603120473749801,-0.5579498043489717,-0.5539407381052586,-0.5483100398701812,-0.5411049583179395,-0.532393714288224,-0.5222638054659212,-0.5108197341153131,-0.49818028802246506,-0.4844755048416527,-0.469843465594324,-0.45442708503922624,-0.43837089185097433,-0.4218181927933884,-0.4049084098125144,-0.3877748013355031,-0.37054262877271427,-0.35332776105689856,-0.33623557092159473,-0.31936032189663344,-0.3027848944129996,-0.28658083754502073,-0.2708086208786975,-0.25551799123770813,-0.2407487124476937,-0.22653134837650857,-0.21288797766346956,-0.1998330894483491,-0.18737444347683319,-0.1755138909553322,-0.16424818628157034,-0.1535697609205222,-0.14346744261302113,-0.13392706579343994,-0.12493208993830329,-0.1164641179327397,-0.10850336763238655,-0.10102905789782124,-0.09401977928475969,-0.08745378199336962,-0.08130924106457105,-0.07556445537328038,-0.07019804036314081,-0.06518904644436052,-0.06051710041425906,-0.0561624665691296,-0.052106129840900905,-0.048329837225744576,-0.04481612399001467,-0.04154834464266788,-0.03851066179763496,-0.035688062085426075,-0.03306633065079723,-0.03175546493348058
-0.5383274504955793,-0.5456621951574703,-0.551673488140425,-0.556264572729599,-0.5593524648695358,-0.5608705999190566,-0.5607711272063898,-0.5590267228299339,-0.5556318338028587,-0.550603273782706,-0.5439801339066186,-0.5358229540768056,-0.526212261040091,-0.515246494352759,-0.5030394402495109,-0.48971729676731357,-0.47541551472552346,-0.46027559262394213,-0.4444417899949915,-0.42805820647142223,-0.4112660036229254,-0.3942009775876798,-0.37699157054639,-0.35975732084711165,-0.3426076089502672,-0.3256409006596872,-0.3089443473369613,-0.2925937347478591,-0.2766536386327445,-0.26117771463712636,-0.24620938431921147,-0.23178258180438505,-0.21792244657961923,-0.2046462082673406,-0.1919640485465468,-0.17987992843582656,-0.16839241392647697,-0.1574954688612662,-0.14717919699510862,-0.1374304698766471,-0.12823357381129163,-0.119570747513702,-0.11142268114962217,-0.10376891720204728,-0.09658824725754744,-0.08985901432572607,-0.08355939689006497,-0.07766762240642322,-0.07216217319630847,-0.06702191724424988,-0.06222625983564711,-0.05775521368046377,-0.05358948984324652,-0.04971054596912605,-0.04610061778066665,-0.042742755330942295,-0.03962081507243642,-0.03671947972502476,-0.03402423474712979,-0.03267661225818452
-0.5352467999021271,-0.543052109877662,-0.5495733736565445,-0.5547093731089037,-0.5583716109655801,-0.5604870547653884,-0.5610005735487911,-0.5598769407179494,-0.5571023041254586,-0.5526850350023116,-0.546655903649349,-0.5390675138742562,-0.5299930859710678,-0.5195245968314888,-0.5077703856778815,-0.49485234045723914,-0.4809028068376753,-0.46606140685111264,-0.4504717025005611,-0.43427820240789394,-0.4176234787362132,-0.40064559700682345,-0.38347597452135673,-0.36623767490479686,-0.3490440008570772,-0.33199758771305543,-0.3151898707846579,-0.29870092400571924,-0.28259951104921743,-0.26694330222532425,-0.2517794989480926,-0.2371455375250342,-0.22306975549146735,-0.2095722605549133,-0.19666579096246029,-0.18435654652810385,-0.17264502614683597,-0.16152683836616166,-0.15099346563495875,-0.14103290900091547,-0.1316303640547023,-0.12276877772439576,-0.11442937576988221,-0.10659207847546259,-0.09923592474610832,-0.09233938914936957,-0.08588068571445451,-0.07983799665957747,-0.07418969202557246,-0.06891447368946757,-0.06399153766960985,-0.05940065394735683,-0.05512226561312783,-0.05113754439058926,-0.04742842781086942,-0.04397766111234436,-0.04076879282414403,-0.03778619887187418,-0.03501506124959697,-0.033629492438462805
-0.5319786862818043,-0.5402416666113674,-0.547261668727228,-0.5529333974565986,-0.5571631974468594,-0.5598718756438315,-0.5609972625170068,-0.5604963897124215,-0.5583471745177881,-0.5545495151563729,-0.5491257299049357,-0.5421202593053476,-0.5335987038783996,-0.5236461930674441,-0.512365181082135,-0.4998727749481491,-0.48629773249489805,-0.4717773247762569,-0.4564539684515223,-0.44047217406961714,-0.42397556991885743,-0.4071041964300992,-0.38999221483454694,-0.37276604600167573,-0.35554280800007554,-0.33842925462915563,-0.3215211031773624,-0.3049027555893957,-0.28864723688228455,-0.2728163325824795,-0.2574611434658447,-0.24262273956988434,-0.228332795203241,-0.21461443674779979,-0.20148309772209494,-0.18894735055578593,-0.17700975366023997,-0.16566767813802397,-0.15491409336039208,-0.14473822768588995,-0.13512627364254293,-0.12606196361547806,-0.11752712674508281,-0.10950211938440813,-0.10196627773120692,-0.09489824993127005,-0.0882763205378545,-0.08207865521782765,-0.07628353471992977,-0.07086951296778388,-0.06581559049148922,-0.06110130468128805,-0.056706837589670656,-0.0526130792873003,-0.048801671126730284,-0.04525505367653615,-0.041956466152650584,-0.03888997506007463,-0.03604045531263811,-0.03461569543891985
-0.5285247864680698,-0.5372319916400037,-0.5447388338904191,-0.5509363355563668,-0.5557260548256915,-0.5590229678604941,-0.5607581362412439,-0.5608810429308853,-0.5593614779133915,-0.5561908710669994,-0.5513829911832424,-0.5449739185140268,-0.537021345234161,-0.5276031864785091,-0.5168155836413124,-0.5047703941562443,-0.49159229971508456,-0.4774157331807416,-0.4623814996266695,-0.4466336816711447,-0.43031658361622593,-0.4135718994645421,-0.3965362765181446,-0.37933929954790724,-0.36210177214338835,-0.3449344955259859,-0.3279374503773891,-0.31119939335115365,-0.2947976745121883,-0.27879828871696155,-0.26325635206126297,-0.24821669876811558,-0.23371447965667702,-0.21977598303353219,-0.20641948029418433,-0.1936560551116484,-0.18149045740866843,-0.16992194438036456,-0.15894508632113613,-0.14855044240767779,-0.13872529524598054,-0.12945424508561842,-0.12071979703970115,-0.11250280618289032,-0.10478295994910347,-0.09753912561857536,-0.09074969636501784,-0.0843928527162241,-0.07844681146220722,-0.07288999873949376,-0.06770123505645209,-0.06285983676372453,-0.05834573296981116,-0.054139537297825946,-0.050222597677365144,-0.04657705072407925,-0.04318582537900628,-0.040032676402508294,-0.03710216821019685,-0.03563691411404113
-0.5248868180684152,-0.5340242711189114,-0.5420054053492795,-0.5487179635642958,-0.5540591039054577,-0.5579383226702661,-0.5602802091184045,-0.5610269221952602,-0.5601402626121255,-0.557603232610766,-0.553420989250486,-0.5476210877056253,-0.5402530505290071,-0.5313872324285907,-0.521113047249826,-0.5095366390337874,-0.49677812177776115,-0.48296859208015075,-0.468246759993316,-0.45275582814879645,-0.4366403710717748,-0.42004338753443893,-0.40310372532196936,-0.38595391304767634,-0.3687182853679749,-0.3515115981802186,-0.3344380586483142,-0.31759079005692303,-0.30105152004726854,-0.2848905392078427,-0.26916709031421515,-0.25392990031588347,-0.23921773668754476,-0.22506019517086084,-0.21147853132073013,-0.19848648341631137,-0.18609113032047375,-0.1742937446934789,-0.1630906177443503,-0.15247374894251653,-0.14243160990367265,-0.1329497566318194,-0.12401144793238839,-0.11559810495711087,-0.10768982459154586,-0.10026574262816279,-0.09330440233928705,-0.08678403349300812,-0.08068281681525846,-0.07497907302757678,-0.06965145994020538,-0.06467908597815875,-0.060041636685359556,-0.05571945548854984,-0.05169360048492333,-0.047945905702504454,-0.044458989337154975,-0.04121629243373892,-0.03820206573033946,-0.036694952378639734
-0.5210665392567693,-0.5306197513744748,-0.5390619960957732,-0.5462781462512956,-0.5521613593617092,-0.5566160222999139,-0.5595605742259324,-0.5609301056036942,-0.5606786005864195,-0.558780711156257,-0.5552329569492165,-0.5500542375079531,-0.5432856743083936,-0.5349897391234038,-0.525248719580782,-0.514162590293803,-0.5018464053354155,-0.4884274182030257,-0.47404174478876016,-0.45883123431323725,-0.44294030021378994,-0.426512869307647,-0.4096896755700863,-0.3926059433053064,-0.3753893575220335,-0.358158512548159,-0.34102178497119606,-0.32407666009884206,-0.3074092828999575,-0.2910943169740099,-0.27519523735648477,-0.2597647894089805,-0.24484549710610093,-0.23047041090797027,-0.21666392019473513,-0.20344256582603748,-0.19081589848387814,-0.17878734162862564,-0.16735503357500292,-0.15651252980024566,-0.14624959596364562,-0.13655283752961545,-0.12740635018251734,-0.118792193547681,-0.11069093677545272,-0.10308203767844581,-0.09594423477389924,-0.0892558446795988,-0.0829950427502224,-0.07714006908306814,-0.07166943815781313,-0.06656206531439501,-0.06179740333861261,-0.05735553287918638,-0.05321722672920526,-0.04936401842865923,-0.04577821552055994,-0.04244294377442781,-0.039342137356448426,-0.03779173414745429
-0.5170657485525454,-0.5270197391711906,-0.5359092969952273,-0.5436168392134966,-0.5500319333222015,-0.5550542450317852,-0.5585964098912211,-0.5605867353844252,-0.560971596219646,-0.5597174085942358,-0.5568120667630749,-0.5522657201995007,-0.5461108901467404,-0.5384018694440518,-0.5292134400019499,-0.5186389618110709,-0.5067879389355667,-0.49378326853692034,-0.47975795926556764,-0.46485201322654657,-0.44920922631744187,-0.4329740484653044,-0.41628875597014225,-0.39929099125511236,-0.382111581042075,-0.36487281648873715,-0.347687164481556,-0.33065644933184757,-0.31387125856788156,-0.297410695397331,-0.2813425655915003,-0.265723754681888,-0.2506006818618767,-0.2360100007808974,-0.22197938732089195,-0.20852833732413867,-0.19566902159495303,-0.1834071557913619,-0.17174285792005417,-0.16067136169269247,-0.15018383826624682,-0.14026804243478352,-0.13090899577321125,-0.12208947417883032,-0.11379058682656318,-0.10599217152065243,-0.09867321114840344,-0.09181215030353407,-0.08538719271995454,-0.07937652531398331,-0.07375854085226674,-0.06851197833859679,-0.06361607019147453,-0.059050643002147574,-0.05479618984092216,-0.05083394668978336,-0.04714591117433109,-0.043714892705155606,-0.04052450632008764,-0.038929313127551435
-0.512886284586378,-0.5232256019479831,-0.5325480778296177,-0.540734091046271,-0.5476700389395317,-0.5532512703400294,-0.5573849864086666,-0.559993026026715,-0.561014395478705,-0.560407426973708,-0.5581514401553767,-0.5542477778532029,-0.5487201966289779,-0.5416145438084041,-0.5329977384515816,-0.5229560948174461,-0.5115930820736425,-0.49902672405287785,-0.48538639719217347,-0.47080974386426444,-0.4554394614630608,-0.43942008978918423,-0.4228950732996539,-0.40600416428825614,-0.38888109296990603,-0.37165167847132974,-0.3544323747745981,-0.33732930175557563,-0.3204374983248659,-0.3038405614977746,-0.2876107176727194,-0.27180910916387635,-0.25648618702045933,-0.24168235704261853,-0.22742873683693432,-0.2137479338033943,-0.2006548925183793,-0.18815776836411668,-0.17625879819706203,-0.1649550229674146,-0.1542391375262131,-0.1441001523901697,-0.13452411023748834,-0.12549458682126868,-0.1169933044216176,-0.10900054362905642,-0.10149558514230606,-0.09445704648673114,-0.08786319686790556,-0.0816922003739462,-0.07592235215354126,-0.0705322337328651,-0.06550087131298898,-0.060807847601336285,-0.056433382708314106,-0.0523584189268167,-0.048564645433977205,-0.04503455474840656,-0.04175144062116498,-0.04010988355754863
-0.5085300258522918,-0.5192387680228738,-0.5289791882972383,-0.537630045477393,-0.5450749939494237,-0.5512054840706626,-0.5559236728954309,-0.5591452726825419,-0.5608021955210263,-0.5608448787555353,-0.559244157709371,-0.5559925514440089,-0.5511049244108257,-0.5446184441545188,-0.536591835388518,-0.5271039530196919,-0.5162517549097645,-0.5041478737353833,-0.4909175192170423,-0.47669544414017384,-0.4616227428266706,-0.44584358355315157,-0.42950217390065326,-0.41274003595178854,-0.39569353398623885,-0.37849181703975887,-0.3612551968085409,-0.34409402273944956,-0.3271077754980567,-0.3103845858258092,-0.2940011804059717,-0.27802306842577007,-0.2625048662433471,-0.247490880437522,-0.23301582753902483,-0.21910558691511817,-0.2057780357710559,-0.1930439228928149,-0.18090774986704083,-0.16936850091964217,-0.15842051985844652,-0.14805418621122168,-0.1382566655673445,-0.1290124233122425,-0.1203038736328077,-0.11211180791160125,-0.10441586278207016,-0.09719487782733793,-0.09042722847034668,-0.08409108951613398,-0.07816468531900433,-0.07262646111863447,-0.06745525300200672,-0.06263041158740545,-0.058131892114205996,-0.05394034811534443,-0.05003716262437674,-0.0464045113692757,-0.04302536512274635,-0.041335791999486116
-0.5039988904464643,-0.5150607267652885,-0.5252035589665471,-0.5343049434549196,-0.5422462242075698,-0.5489153836562033,-0.554209944276034,-0.5580398598313185,-0.5603302547344091,-0.561023897693258,-0.5600832700964742,-0.557492090968037,-0.5532562444303779,-0.5474040191446417,-0.5399856429382477,-0.53107211877923,-0.5207534287970894,-0.5091362990618187,-0.49634123122360485,-0.4824995433905732,-0.46775019985689337,-0.45223650821976324,-0.4361030029242663,-0.4194926028989743,-0.4025440042786821,-0.3853894567934413,-0.36815297211811426,-0.35094903846379033,-0.3338815479765689,-0.31704318870186654,-0.3005152552012902,-0.284367725550414,-0.26865951042005953,-0.25343896449482983,-0.23874456171514957,-0.22460561722368766,-0.2110431047048511,-0.19807052615290477,-0.18569480060536048,-0.17391699887438605,-0.1627332463749509,-0.152135412211023,-0.1421118936970034,-0.13264814225103283,-0.12372734891678228,-0.11533088950365311,-0.1074388197816134,-0.10003025505969987,-0.09308372171820789,-0.08657744232743347,-0.08048960027692953,-0.07479852829056721,-0.06948289061415203,-0.06452181938039203,-0.05989501453384172,-0.05558284697368521,-0.05156639684609221,-0.047827523919412585,-0.044348874841464436,-0.04260955030249258
-0.4992948357923632,-0.5106930287352296,-0.5212222021818524,-0.5307591251851029,-0.5391832671977337,-0.5463795833550633,-0.5522413883848087,-0.5566732701982646,-0.5595939032062125,-0.5609386503486036,-0.5606618098969252,-0.5587383666202594,-0.5551651773445321,-0.5499614906914085,-0.5431687673635621,-0.5348497905037819,-0.5250871177842065,-0.5139810590938731,-0.5016468628242077,-0.4882118544367531,-0.47381232041297405,-0.4585901914612034,-0.44268986127996346,-0.4262552389765606,-0.4094270160606328,-0.39234028063728665,-0.37512255603222133,-0.3578923512244314,-0.3407579165642627,-0.32381650239418747,-0.3071540246573079,-0.2908450225136727,-0.2749528240545773,-0.2595299769677073,-0.24461887154535233,-0.23025242536284019,-0.21645487712612432,-0.20324264787513258,-0.1906252337347647,-0.1786059429049347,-0.167182822760088,-0.15634936020995305,-0.14609530054027875,-0.13640718468119317,-0.12726907208730598,-0.11866300270817032,-0.11056952016016197,-0.10296807409331254,-0.09583739095308186,-0.08915578196875718,-0.0829014227071001,-0.0770525600005767,-0.07158770693684424,-0.06648579278508038,-0.06172627343966397,-0.057289244643126125,-0.053155487992082584,-0.04930654896408537,-0.045724749569813206,-0.04393384987267934
-0.4944198583522508,-0.5061372857886148,-0.5170362129186556,-0.5269930321157368,-0.5358857755034419,-0.5435968195052343,-0.5500157131741656,-0.555042093915532,-0.558588553616095,-0.560583348246777,-0.5609728042950102,-0.5597232810761632,-0.5568226042642754,-0.5522808619116693,-0.5461305129956773,-0.5384257814125659,-0.5292413712697863,-0.5186706763635396,-0.506823146164197,-0.49382154536889544,-0.4797989159631699,-0.46489526954508253,-0.4492543602607002,-0.4330206463447128,-0.41633644255931745,-0.3993393780441856,-0.38216026657290403,-0.36492149022130604,-0.3477355787543157,-0.33070432878386846,-0.31391831481341725,-0.29745671751165936,-0.2813873979552284,-0.2657672379912368,-0.2506427026753588,-0.23605048084056168,-0.2220182490433409,-0.20856551907038945,-0.19570453070814509,-0.1834409880236043,-0.17177500870597218,-0.16070183375545888,-0.15021268054769,-0.1402952905617605,-0.13093469030593052,-0.12211367014481667,-0.11381333622411116,-0.10601353653780787,-0.09869325148131214,-0.0918309260582717,-0.08540476480570547,-0.07939295844665128,-0.07377389227178455,-0.0685263105614764,-0.0636294382762026,-0.05906310500285006,-0.05480779935553848,-0.05084475515015896,-0.04715596998417837,-0.045311577401188075
-0.4893759933250874,-0.5013951711480602,-0.512646769586298,-0.5230072088601756,-0.5323535202354601,-0.5405659557812736,-0.5475307540156704,-0.5531430379133595,-0.5573097125444026,-0.5599522606738949,-0.5610092886683304,-0.5604386829211672,-0.5582192788626594,-0.5543519266157504,-0.5488598877680673,-0.5417885198478101,-0.5332042680045657,-0.5231931237573706,-0.5118581952326462,-0.499317111222215,-0.4856990859700083,-0.4711416451511985,-0.45578737383609624,-0.439780803538552,-0.42326546329575,-0.4063811890683855,-0.38926182869582604,-0.3720334574247497,-0.35481277746630013,-0.3377060920208752,-0.32080865255271096,-0.30420434771265104,-0.28796567771674386,-0.2721539944717932,-0.2568199945103844,-0.24200430808203333,-0.22773822618149087,-0.21404452864435708,-0.20093837238604806,-0.18842802364360978,-0.1765158270596201,-0.16519892245309364,-0.15447013173085722,-0.14431851601678147,-0.13473017511796304,-0.1256887431685394,-0.11717597000196811,-0.10917217182714545,-0.10165664209905945,-0.09460800934670832,-0.08800454789598344,-0.08182442563727133,-0.0760459264021085,-0.07064762987146977,-0.06560854528780968,-0.06090824680236029,-0.05652693700972655,-0.0524455417929337,-0.04864573541246031,-0.046745832222221395
-0.484165314330649,-0.49646841943841613,-0.5080551347757978,-0.5188023050573531,-0.528586394406918,-0.5372859884430237,-0.5447844810796498,-0.5509729355270254,-0.5557529921856541,-0.5590397281158532,-0.5607643210875812,-0.5608763812688689,-0.5593458409286844,-0.5561642804422884,-0.5513456105016656,-0.5449260513169807,-0.5369634116524136,-0.5275358126256124,-0.5167394859036945,-0.5046863457470518,-0.491501181621401,-0.47731844371543986,-0.4622789886311196,-0.4465269103990188,-0.4302065054881288,-0.4134594438454098,-0.3964223135182898,-0.37922466808623767,-0.36198724424783,-0.34482078562573015,-0.3278252175812879,-0.3110891868486876,-0.29468992741590316,-0.27869339015085703,-0.2631546567070453,-0.24811846923379122,-0.2336199128388028,-0.21968521793554352,-0.20633263880272867,-0.19357317806684815,-0.18141157249594198,-0.16984701428018667,-0.15887407107852525,-0.14848325133670404,-0.13866184255109104,-0.1293944236136113,-0.12066347622220697,-0.11244986106148769,-0.10473324947084084,-0.09749250834662604,-0.09070602706175102,-0.08435198782001496,-0.07840860264107796,-0.07285430980382479,-0.06766792040409975,-0.062828765816616,-0.0583167711638799,-0.05411255938283954,-0.05019748345819419,-0.04823994549587596
-0.4787899330800305,-0.4913588266864388,-0.5032626559506181,-0.5143790771628942,-0.5245844162478663,-0.5337560515639317,-0.5417750067781424,-0.5485287563031593,-0.5539141224541155,-0.5578401763348384,-0.5602309977397413,-0.5610281616065205,-0.5601928314387128,-0.5577073337501326,-0.5535761200958889,-0.5478260424611836,-0.5405059281400515,-0.5316855823668432,-0.5214538369624844,-0.5099163135086204,-0.49719276910185073,-0.4834139684321892,-0.4687184516389209,-0.4532493298239837,-0.4371511814236584,-0.4205670973154607,-0.4036360721679566,-0.3864908854335347,-0.36925613640293786,-0.3520469134392501,-0.33496778834707364,-0.3181121969910006,-0.30156218786626443,-0.2853884307078136,-0.2696505412624184,-0.2543975431751999,-0.23966849758881192,-0.2254932727428205,-0.21189340705407123,-0.1988828216991667,-0.18646881948598093,-0.1746528077163001,-0.16343125026009986,-0.1527962396838145,-0.1427363742801413,-0.13323728691250647,-0.12428228692302312,-0.11585286268990025,-0.10792913451331376,-0.10049026809082928,-0.09351481799781958,-0.086981022182675,-0.08086705418104856,-0.07515123720308825,-0.0698122044129379,-0.06482905925487614,-0.060181459725163755,-0.0558497322394258,-0.05181491170428654,-0.049797501436714686
-0.4732519990323758,-0.486068250283922,-0.4982707660782282,-0.509738390166623,-0.5203477324506944,-0.5299754222262565,-0.5385005932547093,-0.5458076159875525,-0.5517889634656381,-0.5563481310759788,-0.5594024692835786,-0.5608858029021335,-0.5607507092148878,-0.5589703263794421,-0.5555395867847501,-0.5504757871562038,-0.5438184650428513,-0.5356286917640096,-0.5259873924016834,-0.5149933225899783,-0.502760592639806,-0.4894156540874173,-0.4750941157536337,-0.45993752632085716,-0.444090221663207,-0.42769625891327934,-0.41089666387657875,-0.3938271490655998,-0.3766159674684433,-0.3593824237675003,-0.34223568119325254,-0.3252739737757393,-0.3085842286919105,-0.2922419431767054,-0.2763114095086161,-0.26084610009434517,-0.24588923524529793,-0.23147451232913951,-0.21762694686837225,-0.20436356863092975,-0.19169442927474023,-0.17962332347960963,-0.16814877147605767,-0.15726459642695811,-0.14696083984317987,-0.13722430662804985,-0.12803923777976678,-0.11938784016035431,-0.11125076094506525,-0.10360753120904675,-0.09643692628926726,-0.08971728605666751,-0.08342678298566497,-0.07754365505469707,-0.07204638067820568,-0.06691385268346561,-0.062125474326819585,-0.05766128357025391,-0.053502001749663464,-0.05142236083936824
-0.4675536990378304,-0.4805986089138048,-0.49308098420033364,-0.5048812192315544,-0.5158766213378674,-0.5259435256700007,-0.5349596599036821,-0.5428067866743302,-0.5493735183770698,-0.5545582333928567,-0.5582719581420381,-0.5604410960034634,-0.5610098692368637,-0.5599423443937246,-0.5572239256215861,-0.5528622149629281,-0.5468871932719743,-0.5393508123741264,-0.5303256053094563,-0.519902898213287,-0.5081905376124718,-0.49531001994186585,-0.4813933832534456,-0.4665800013792287,-0.4510134039697711,-0.4348381169796012,-0.4181967779384488,-0.40122769653950563,-0.38406253041873395,-0.3668246360107963,-0.3496276819678634,-0.3325746842601385,-0.31575749338524695,-0.29925652885077536,-0.28314089321749947,-0.26746867088220494,-0.2522874244082285,-0.2376348747945567,-0.22353971333520573,-0.2100222761441506,-0.19709555551664426,-0.18476591560211197,-0.17303410326992896,-0.16189582899638566,-0.15134271986948722,-0.1413628804227418,-0.13194159622940127,-0.1230618916645243,-0.114705026171249,-0.10685096952616213,-0.09947877935057026,-0.09256694887582739,-0.08609369149501056,-0.08003719370770934,-0.07437580569211288,-0.06908822975560724,-0.06415362911642575,-0.05955176322672617,-0.05526304586695563,-0.05311868718707258
-0.4616972569669042,-0.47495188243853237,-0.48769491593966485,-0.49980865124960694,-0.5111714959430258,-0.5216599403818623,-0.5311507909002788,-0.5395237070945536,-0.5466639465615208,-0.552465255576533,-0.5568327767309378,-0.5596858633539803,-0.5609606626689834,-0.5606123389129736,-0.5586168123588942,-0.5549719021534738,-0.549697811346237,-0.5428370243011593,-0.5344532237062039,-0.5246297576396186,-0.5134675940412015,-0.5010826219380471,-0.4876026474167894,-0.47316422572838857,-0.457909477886731,-0.44198285766932077,-0.4255281491545526,-0.40868587762297626,-0.3915908129391932,-0.3743701590053794,-0.35714196923257724,-0.34001399649510766,-0.32308303640721014,-0.3064345087340614,-0.2901424489013049,-0.2742697104799552,-0.2588683797923652,-0.24398039810106464,-0.22963833616563623,-0.21586604161549783,-0.20267964813613037,-0.1900882815084648,-0.17809509606009133,-0.16669785710526686,-0.1558899302479544,-0.14566085746743784,-0.13599709146032257,-0.12688258210368453,-0.1182992946785566,-0.11022771839898304,-0.10264726127595214,-0.09553662716895506,-0.08887411744308071,-0.08263790524988046,-0.07680624278645798,-0.0713576650790726,-0.06627111263701302,-0.06152607848866509,-0.057102676609006586,-0.05489097566917289
-0.455684933325915,-0.4691301117503044,-0.48211425394136587,-0.4945218863091849,-0.5062329069966065,-0.5171244031099875,-0.5270727427218014,-0.535955993020385,-0.5436565770946467,-0.5500641176683008,-0.555078346618123,-0.5586119800449052,-0.5605934186599892,-0.5609691471453626,-0.5597057018914109,-0.5567910855478209,-0.5522355525490918,-0.5460718147094457,-0.5383542787266182,-0.5291577867567687,-0.5185758208678726,-0.5067180045661379,-0.4937072325160985,-0.4796765686005555,-0.4647660849371116,-0.44911957816041514,-0.43288146639266056,-0.41619406067211706,-0.39919490407093416,-0.3820148002445789,-0.36477602812960086,-0.34759099979732255,-0.33056145127007497,-0.3137778604699415,-0.2973193042593669,-0.28125355417618625,-0.26563739840475886,-0.25051719590219346,-0.23592960473568958,-0.22190219617421292,-0.2084544548832623,-0.19559847067909697,-0.18333999708006754,-0.17167903312928612,-0.1606108471224088,-0.1501265672634533,-0.14021394631960504,-0.1308579773961327,-0.12204143412065438,-0.11374541402187521,-0.10594975087280023,-0.09863342289173183,-0.09177487211930124,-0.08535230138635885,-0.07934389936804287,-0.07372806059493087,-0.06848352317843975,-0.06358952825482156,-0.059025899738194276,-0.056744085479876194
-0.4495190248589842,-0.4631353985826103,-0.4763407782468865,-0.4890222390698984,-0.5010615458068801,-0.512336813789962,-0.5227244516393847,-0.532101447758806,-0.5403479225238494,-0.5473499045316821,-0.5530022186012196,-0.5572113962158909,-0.5598984679658825,-0.5610015157206805,-0.5604778494308915,-0.5583056794028574,-0.554485195288108,-0.5490390794631961,-0.5420120755838442,-0.5334700188174768,-0.52349831146556,-0.512199652794405,-0.49969133250520326,-0.4861022241883717,-0.4715696744720166,-0.4562361940084614,-0.4402462739125257,-0.4237435305876014,-0.40686789149513736,-0.3897534650845902,-0.37252655387796096,-0.3553041145922631,-0.3381927884121039,-0.32128814553120666,-0.30467439556619347,-0.28842436569218144,-0.2725997184789941,-0.25725142717682115,-0.24242044802078588,-0.22813829434163324,-0.2144280199357418,-0.20130489137534902,-0.18877746432924614,-0.1768481623651308,-0.16551433254657688,-0.1547688498130917,-0.14460091116527352,-0.1349966812361325,-0.12593985427522103,-0.11741223394347688,-0.10939416317116812,-0.10186496543242551,-0.09480328244139802,-0.08818739521406105,-0.08199546808807856,-0.0762057858890719,-0.07079690802658689,-0.06574784106852416,-0.061038130905402,-0.05868327582384092
-0.44320186413612905,-0.45696990528264037,-0.47037635659863186,-0.4833111400396106,-0.4956582470272486,-0.5072972403669551,-0.5181050411583699,-0.527958072707011,-0.5367346928889449,-0.544317883454366,-0.5505980936855237,-0.5554761608092029,-0.5588661684390139,-0.560698126422905,-0.5609203345791913,-0.5595012956012146,-0.5564310769894898,-0.5517221283054652,-0.5454091877952161,-0.5375486158469678,-0.5282171609068609,-0.5175099445480136,-0.5055379487997858,-0.4924251355655995,-0.47830541526773906,-0.46331934054597124,-0.4476108651364541,-0.43132437780588617,-0.4146017486978071,-0.39758004497988164,-0.38038934377846445,-0.36315099057976585,-0.3459764615291938,-0.32896642529304465,-0.31221029461995453,-0.295786075710156,-0.27976046988993364,-0.26418925848699093,-0.2491179083576034,-0.2345820987201641,-0.22060867875552503,-0.20721631477863323,-0.19441657902859788,-0.18221452280044126,-0.17060976056172628,-0.15959708702261377,-0.14916729965755327,-0.139307874396013,-0.1300035490501772,-0.12123694104573701,-0.11298899472288237,-0.10523945765608111,-0.0979672372451823,-0.09115074732917172,-0.08476817240625323,-0.07879772291279785,-0.07321780709617975,-0.06800721746786031,-0.06314523656681725,-0.0607142461162935
-0.4367358191279336,-0.450635854544148,-0.4642229446733137,-0.477390136749245,-0.49002399130060326,-0.5020059234986363,-0.5132138293846666,-0.5235240779395323,-0.5328138099595092,-0.5409635222455411,-0.5478598449368,-0.5533984466738451,-0.5574869324176901,-0.5600476244116681,-0.5610200884626915,-0.5603632673904224,-0.5580571118739996,-0.5541036940175537,-0.5485274551919916,-0.541374853299097,-0.5327134355882102,-0.5226301043088899,-0.5112288276451249,-0.49862791643568993,-0.48495710305799467,-0.4703542682963402,-0.4549621685925498,-0.438925377797883,-0.422387211236428,-0.40548729373695025,-0.3883591765139771,-0.3711283918458763,-0.3539111408706397,-0.3368131644280359,-0.31992912367074133,-0.3033423092885945,-0.28712461455810967,-0.2713368174673825,-0.2560291077662358,-0.24124155860916208,-0.22700504823445655,-0.21334187574090002,-0.20026685594280114,-0.18778788391690782,-0.17590704337098195,-0.16462123515416316,-0.1539230264356961,-0.1438013566354046,-0.1342421417064088,-0.12522893124208956,-0.11674337302314708,-0.10876572638315096,-0.10127523823836082,-0.09425051675480578,-0.08766981706654242,-0.08151131565090175,-0.07575330149892867,-0.07037437721869377,-0.06535357969740918,-0.0628431809367691
-0.4301232927665144,-0.44413552910038123,-0.45788258624242406,-0.47126089482060873,-0.4841599077715375,-0.49646328112312066,-0.5080503362933997,-0.5187978927952086,-0.528582421650543,-0.5372825077886967,-0.544781540176047,-0.5509705770068396,-0.5557512560401001,-0.5590386490129751,-0.5607639240850015,-0.5608766769238849,-0.5593468129722279,-0.5561659460256929,-0.5513479862794335,-0.5449291086029762,-0.5369671458913627,-0.5275401585067607,-0.5167443976745734,-0.50469177118452,-0.4915070642941677,-0.4773247324631136,-0.462285625823049,-0.4465338605801561,-0.43021364132352247,-0.4134666907257456,-0.3964296774384346,-0.379232067410622,-0.3619946318348344,-0.34482811985995454,-0.32783245652142856,-0.31109630036725733,-0.2946968751038703,-0.27870013590525655,-0.2631612053240273,-0.2481247811966636,-0.23362601095275437,-0.2196910691553855,-0.2063382507654321,-0.19357852390829322,-0.18141665717088085,-0.1698518580548436,-0.15887864656375594,-0.14848759124074462,-0.1386659334446083,-0.12939828515103002,-0.12066711040367828,-0.11245327772966274,-0.10473645610935556,-0.09749551723046146,-0.09070884406532365,-0.08435462534575056,-0.07841106767402461,-0.0728566120677332,-0.0676700709418343,-0.06507680037888264
-0.4233667224930915,-0.4374712713767359,-0.45135741325797785,-0.4649251989228076,-0.478067276457137,-0.49066991287589845,-0.5026142908753117,-0.5137781764301863,-0.5240379165746534,-0.5332707650044455,-0.5413574654755027,-0.5481850531084054,-0.553649750494829,-0.5576598671478639,-0.5601385700461448,-0.5610263868528831,-0.5602833187457912,-0.5578905089462349,-0.5538511655570177,-0.5481908543080016,-0.5409572226504333,-0.5322188934801098,-0.5220637083849811,-0.5105964138440244,-0.4979360565537716,-0.4842128766685905,-0.46956506113906116,-0.4541355697970495,-0.4380688799519783,-0.4215082899497036,-0.4045931684589643,-0.3874566055623596,-0.3702237370160333,-0.35301021328904003,-0.3359212037394599,-0.31905079128755176,-0.30248164972205505,-0.28628508047771284,-0.27052134379535797,-0.25523999370205885,-0.24048069211962897,-0.22627374072506257,-0.2126411635599057,-0.19959724452086824,-0.1871496670558903,-0.17530016077663024,-0.16404539654258699,-0.15337775216027083,-0.1432859554714927,-0.13375582399231423,-0.12477076275850152,-0.11631235776627058,-0.10836079232781515,-0.10089527946413046,-0.09389439476225725,-0.08733639196490728,-0.08119943779424155,-0.07546184474461093,-0.07010222593822224,-0.06742241653502345
-0.4164685797920076,-0.43064548310283834,-0.4446496458620086,-0.45838495361280485,-0.4717475304671237,-0.4846266043395886,-0.4969056381354453,-0.5084638283012066,-0.5191779386854578,-0.5289244761721368,-0.5375821494065969,-0.5450345834168435,-0.5511731752067295,-0.5559000094539113,-0.5591307077648056,-0.5607970762132775,-0.5608494246864293,-0.5592584865817618,-0.5560166664511779,-0.5511386566019105,-0.544661498286767,-0.5366438169037302,-0.5271643703941242,-0.5163199867242119,-0.5042231661694041,-0.49099911125667806,-0.4767825432191275,-0.4617145110112997,-0.445939085819278,-0.4296005538523717,-0.41284050103394865,-0.3957952701886924,-0.378594099657259,-0.3613573850563867,-0.34419547963179475,-0.3272079149382101,-0.3104829109135654,-0.29409726887005494,-0.27811658338217526,-0.2625954945166198,-0.24757842745653402,-0.23310007062376847,-0.21918643699645468,-0.20585538250459834,-0.19311775022774924,-0.1809780230522584,-0.16943523657184212,-0.15848377361893817,-0.14811402461101686,-0.13831316993158982,-0.1290656934678358,-0.12035401898034426,-0.1121589472204576,-0.10446012001140481,-0.09723637886226655,-0.09046610268891975,-0.08412746725868558,-0.07819869504628318,-0.07265822966009416,-0.06988799696699743
-0.4094313697114871,-0.42366062488381706,-0.43776159231821876,-0.4516421840557827,-0.4652022580642745,-0.47833433110991974,-0.4909245459180789,-0.5028539985417457,-0.5140004019632993,-0.5242401005530972,-0.5334503879818508,-0.5415121137767565,-0.5483124729422872,-0.5537479091383424,-0.5577270123253331,-0.5601732808410698,-0.5610276202659215,-0.5602504918983864,-0.5578234705530605,-0.5537501800446876,-0.5480566935719344,-0.5407911237082175,-0.5320224984993338,-0.5218389796435208,-0.5103457038299286,-0.49766198664709105,-0.4839182386987506,-0.4692527889530185,-0.4538085603683939,-0.4377301707380843,-0.4211608707412706,-0.40423981717601976,-0.38710002625860884,-0.36986642684787796,-0.3526544483168159,-0.3355690567771896,-0.31870408532342687,-0.3021419685987281,-0.2859538200567613,-0.27019959099564783,-0.25492871990994814,-0.24018054819900048,-0.2259853478136442,-0.21236481638943872,-0.19933321650823732,-0.18689803190029775,-0.1750608935951803,-0.16381840198701259,-0.1531628024530951,-0.14308281106129694,-0.1335641428785772,-0.1245901930469584,-0.11614249495177198,-0.10820121751309308,-0.10074555108162908,-0.09375406829531752,-0.08720501019461313,-0.08107655395762858,-0.07534700874871625,-0.07248223614426008
-0.4022576303710712,-0.41651921573050976,-0.43069564886441203,-0.4446990366211856,-0.4584332045560102,-0.4717942626615579,-0.4846714115310746,-0.49694809819170294,-0.5085035050911224,-0.5192143942525118,-0.5289572702233247,-0.5376108588813189,-0.5450588068020767,-0.551192543582697,-0.5559141970528492,-0.5591394385369286,-0.5608001316059275,-0.5608466835273074,-0.5592498938907187,-0.5560021994281406,-0.5511184110812795,-0.5446356676544295,-0.5366126587276954,-0.5271281508842662,-0.5162790991159572,-0.5041780624363801,-0.49095025808682635,-0.47673043362790324,-0.4616595583605987,-0.44588185471373,-0.4295416118234785,-0.41278028881981843,-0.395734285879521,-0.3785327904520708,-0.361296145874177,-0.34413469357486903,-0.327147911490262,-0.3104239753935323,-0.29403968546220405,-0.27806052108546364,-0.2625411826288726,-0.24752593544218104,-0.23304958954648125,-0.21913796695847143,-0.20580902485806796,-0.19307351238588844,-0.1809359044637482,-0.16939524952621188,-0.1584458579278003,-0.14807817114348865,-0.1382793036772645,-0.12903377042621234,-0.12032396608189888,-0.11213069709230528,-0.10443359640331717,-0.09721150842596504,-0.09044280401700355,-0.08410566690038479,-0.07817831295542366,-0.07521463598294531
-0.3949499324558947,-0.4092238325484987,-0.4234542994843138,-0.43755777935038265,-0.4514422740082247,-0.46500776599706306,-0.47814686814226626,-0.490745809239832,-0.5026857460647349,-0.513844430250765,-0.524098204280885,-0.5333243348156413,-0.5414035990499788,-0.5482230786978604,-0.5536790618974607,-0.5576799391809217,-0.5601489702269813,-0.5610268093406323,-0.5602736209971093,-0.5578706197358163,-0.5538211365042889,-0.5481509398725626,-0.5409078207555895,-0.5321604512213218,-0.5219967951754256,-0.5105217731909528,-0.4978544945807162,-0.4841252153858111,-0.4694720835389665,-0.4540381271279603,-0.43796797009816757,-0.42140478407471704,-0.40448788346308273,-0.3873503694824798,-0.37011727516702564,-0.3529042052665643,-0.3358162718020541,-0.3189474674487114,-0.3023804248031592,-0.28618635540609727,-0.27042546509531196,-0.2551472164351276,-0.2403912440868039,-0.22618778936078332,-0.21255879422989565,-0.19951855524594553,-0.1870746582941285,-0.17522884943518946,-0.16397773304684726,-0.15331368414588376,-0.14322540244457116,-0.1336986873017798,-0.12471693840962139,-0.11626172378120359,-0.1083132249252916,-0.1008506468472703,-0.09385256423686705,-0.08729722736067203,-0.08116280698392764,-0.07809559679555544
-0.38751087869791867,-0.4017771095857825,-0.416040115597599,-0.4302208022921028,-0.4442315307726785,-0.4579764090624061,-0.47135179091998713,-0.4842470944366295,-0.496545936678614,-0.5081276185291994,-0.5188689440135064,-0.5286463926137319,-0.537338571709256,-0.5448289160041608,-0.5510085456825209,-0.5557791799740852,-0.5590559882194523,-0.5607702576511264,-0.5608717475605185,-0.5593305052388109,-0.5561382490828404,-0.551309055828999,-0.5448793172785504,-0.5369069526203596,-0.5274701450262009,-0.5166652921734993,-0.5046044566407382,-0.49141244930846373,-0.4772236691426235,-0.4621790786061952,-0.4464228526462577,-0.4300992023869199,-0.4133498043089867,-0.39631125066064143,-0.37911296951137263,-0.3618756557931979,-0.3447099943710663,-0.3277158312190265,-0.3109817484864985,-0.2945848757386704,-0.2785911586355372,-0.26305552934887455,-0.24802273905128125,-0.23352775427104788,-0.21959680660936343,-0.20624803968010585,-0.19349243675782724,-0.1813347113468744,-0.16977401135133352,-0.15880487346398464,-0.14841778760141366,-0.13860002034992824,-0.12933613683164147,-0.12060860591379008,-0.11239827740755715,-0.10468481794676521,-0.09744709086899395,-0.09066348232614985,-0.0843121742195585,-0.08113652016626727
-0.37994310334419024,-0.3941817378390833,-0.40845575566697545,-0.42269061770197625,-0.4368032008193079,-0.45070196391253425,-0.4642873028897121,-0.4774522068339171,-0.49008321682520783,-0.502061726209202,-0.5132656159370441,-0.5235712527263425,-0.5328557888344898,-0.540999742384638,-0.5478897822412043,-0.5534216259531144,-0.5575029401550258,-0.5600561165764861,-0.5610208324608346,-0.560356118817027,-0.5580420425506216,-0.5540807523427493,-0.5484968121306166,-0.5413367834762339,-0.5326683112927855,-0.5225783945925455,-0.5111710955371684,-0.4985647896021783,-0.48488914330397925,-0.4702821109683786,-0.454886552771252,-0.43884695880695546,-0.4223067266411107,-0.4054054309381927,-0.38827652092001674,-0.3710455382446032,-0.35382861988086045,-0.3367314537044974,-0.3198486524919586,-0.3032634250660138,-0.28704767674250675,-0.2712620767987861,-0.2559567872040658,-0.2411718148327413,-0.22693799949745852,-0.213277649085728,-0.20020545059861838,-0.18772937607129503,-0.1758513883278301,-0.16456843552263845,-0.15387302383079948,-0.14375408977029824,-0.1341975429521325,-0.12518690947754152,-0.11670384272836731,-0.1087285858536946,-0.1012403879679935,-0.09421785116918713,-0.0876392340598553,-0.08434992550518494
-0.3722492716123338,-0.3864404644187047,-0.4007039647213406,-0.4149698601026708,-0.42915967286523804,-0.4431864096105742,-0.4569547804781071,-0.4703616990064008,-0.483297068542754,-0.4956448976177308,-0.5072847464316999,-0.5180935402813014,-0.5279477003460098,-0.5367255824301354,-0.5443101604307055,-0.5505918758872896,-0.5554715520245268,-0.5588632420894224,-0.5606969600011347,-0.5609209726404574,-0.5595037580442219,-0.556435396434074,-0.5517282791832723,-0.5454170725627772,-0.5375581715461619,-0.5282283223700945,-0.5175226295056667,-0.5055520150902293,-0.4924403797202981,-0.47832165859036824,-0.4633364488799696,-0.44762866809537893,-0.4313426990721725,-0.414620496428193,-0.3975990681790975,-0.38040847900397967,-0.36317012771578394,-0.34599547532476294,-0.32898520154004185,-0.312228723362562,-0.2958041046783588,-0.2797780094168756,-0.2642063032807629,-0.24913435528448602,-0.2345979443288293,-0.22062387684552043,-0.20723087009949293,-0.19443046790267537,-0.1822277426782115,-0.17062232717005354,-0.15960899286949548,-0.14917857090384956,-0.13931851514744853,-0.1300135844566519,-0.12124638855942838,-0.11299787772331094,-0.1052477980172073,-0.09797505984491028,-0.09115807482241056,-0.08774958231116514
-0.36443207913331,-0.37855609187199657,-0.39278757379411555,-0.4070612862013756,-0.4213034992924114,-0.4354319348445601,-0.4493558587161761,-0.4629764319092855,-0.47618732974393785,-0.48887567418673283,-0.5009232890922743,-0.5122083210016437,-0.5226071872894567,-0.5319968532628461,-0.5402573879738704,-0.5472747336228556,-0.5529435974455876,-0.5571703352437374,-0.5598758131370807,-0.5609978913775038,-0.5604936305447561,-0.5583410079469475,-0.5545399942944584,-0.5491129041909937,-0.5421042318201619,-0.5335796528896619,-0.5236243666505525,-0.5123408074034463,-0.4998460344542366,-0.4862688891500966,-0.47174667619100497,-0.456421795632278,-0.4404387796831566,-0.42394125883546074,-0.40706923953838015,-0.3899568949286847,-0.3727306148549392,-0.3555074965204863,-0.33839426805945205,-0.3214866422002993,-0.3048690116686803,-0.28861427635241466,-0.2727842924493018,-0.2574301161225723,-0.24259280636004021,-0.2283040184178109,-0.21458684647535975,-0.201456742181092,-0.18892220682003913,-0.17698585588560967,-0.16564500028484197,-0.15489261458978554,-0.144717919713937,-0.13510710420990169,-0.12604390665802878,-0.1175101328795547,-0.10948615310753862,-0.10195129253341317,-0.09488420450586954,-0.09135066049209994
-0.3564942513816993,-0.37053147746548776,-0.38470949927600806,-0.3989677746615672,-0.4132373968461034,-0.42744094024584345,-0.4414924360727779,-0.45529758332544246,-0.468754207555242,-0.48175301408853954,-0.49417865209434586,-0.5059111376302949,-0.516827608358339,-0.5268044216902168,-0.5357195590338248,-0.5434552848887497,-0.5499009813308442,-0.5549560290219668,-0.5585327584838806,-0.5605590891139478,-0.5609809504842,-0.5597642980398221,-0.5568965428238415,-0.5523872874191915,-0.5462685513248267,-0.5385941747200906,-0.5294385293276083,-0.5188945240814569,-0.5070712703068248,-0.4940913842113348,-0.4800877705619744,-0.4652002731528304,-0.4495726334385397,-0.433349344847449,-0.41667274432927837,-0.399680596903389,-0.3825039201014313,-0.365265230126135,-0.3480772187205394,-0.33104192990238257,-0.3142502176112405,-0.2977814350119612,-0.281703703272167,-0.26607408934626875,-0.2509392803480992,-0.2363361448804513,-0.22229252019887902,-0.20882812497114323,-0.19595523430994355,-0.18367977128213475,-0.17200188745003508,-0.16091697614327938,-0.15041627357941234,-0.1404876188898596,-0.13111607423688554,-0.12228446966110251,-0.113973945069068,-0.10616436314442534,-0.0988347220210839,-0.0951699014594154
-0.34843854309359656,-0.3623695324258003,-0.3764727421815661,-0.3906923257262851,-0.40496424710705914,-0.41921604039365845,-0.43336667889024016,-0.4473266558548139,-0.4609982911947452,-0.4742763115041959,-0.48704872543975375,-0.49919804669342094,-0.5106028474913882,-0.5211396635041665,-0.5306852253784289,-0.5391189795186979,-0.5463258311434527,-0.5521989851904396,-0.5566429438396225,-0.5595762611628174,-0.5609341422071701,-0.5606707257795684,-0.5587608454756765,-0.5552011425232961,-0.5500106818646455,-0.5432307739113718,-0.534924083428292,-0.5251729695359009,-0.5140774709417428,-0.5017528007707561,-0.48832628427300406,-0.47393407769366735,-0.4587180847864225,-0.4428227338071755,-0.4263919073967992,-0.4095663323854959,-0.3924811852303556,-0.37526409033160846,-0.3580335388774136,-0.3408978774054905,-0.3239545045583947,-0.3072894106481705,-0.29097723634569306,-0.2750813757009096,-0.259654494804904,-0.24473905167258447,-0.23036801101010695,-0.2165657406282273,-0.20334866096471949,-0.1907263556409644,-0.17870214736139367,-0.16727415243067423,-0.15643589880780517,-0.1461771238013121,-0.1364844328916215,-0.12734187194836988,-0.1187315169489267,-0.11063390941802975,-0.10302851189520013,-0.09922581313378753
-0.3402677376722796,-0.35407322113955364,-0.3680803873290317,-0.3822380606903397,-0.39648709673019367,-0.41076006549093713,-0.4249810253939579,-0.43906548439874404,-0.4529205643141987,-0.46644541541711826,-0.4795319079351934,-0.4920656554177505,-0.5039273623298568,-0.5149945247013399,-0.5251434709380609,-0.5342517189779827,-0.5422005957906118,-0.5488780014712313,-0.5541814089013242,-0.5580206919177799,-0.5603208610115695,-0.5610245751942888,-0.5600942054671565,-0.5575133083096584,-0.5532876259930042,-0.5474453351284114,-0.5400365767808135,-0.53113216770587,-0.520821947847554,-0.5092125157604332,-0.4964243743547536,-0.48258877269447886,-0.4678446225957611,-0.4523352389823154,-0.436205139882615,-0.4195972588606445,-0.4026503435932183,-0.38549670769097766,-0.3682603836343423,-0.3510559131548119,-0.3339872612493311,-0.31714719434378313,-0.30061709771355805,-0.2844669938000344,-0.26875587567466663,-0.2535321744773844,-0.23883438273081037,-0.22469192158718343,-0.2111257552264556,-0.19814951020377336,-0.18577004213955917,-0.17398852592408698,-0.1628010887274689,-0.15219964337891856,-0.14217258651331832,-0.13270539744365983,-0.12378127845345421,-0.11538161269052605,-0.10748646588126576,-0.10353889247663561
-0.33198464658192206,-0.34564556031242755,-0.3595356024331231,-0.373608221219206,-0.38780915744336397,-0.4020760626968367,-0.41633818924840527,-0.43051624309157543,-0.44452241672995885,-0.45826064782011455,-0.4716271337488842,-0.48451115860078886,-0.49679623329278666,-0.5083615843590006,-0.519083989502922,-0.5288399490088325,-0.5375081521173475,-0.5449721292457466,-0.5511232097638974,-0.5558633798460133,-0.5591081104930051,-0.5607890552337635,-0.5608563802388922,-0.5592805742277562,-0.5560538184864439,-0.5511906626231866,-0.5447279917866288,-0.5367241412689361,-0.5272576443286736,-0.5164252565964178,-0.5043393650516492,-0.49112501101302275,-0.4769168551203107,-0.4618559279338186,-0.44608633968337585,-0.4297523394831959,-0.41299552564361797,-0.3959523581579516,-0.37875204241404337,-0.36151511322203067,-0.34435204661463104,-0.3273624654445362,-0.3106346836003038,-0.29424562847358615,-0.2782609578335826,-0.2627354618853728,-0.24771357389045345,-0.23323019281921376,-0.21931125167699683,-0.205974832563931,-0.1932317189386401,-0.1810865137573403,-0.16953828490125833,-0.15858143108401723,-0.14820641944619073,-0.1384004098022995,-0.1291479481685709,-0.12043144673926864,-0.11223173537703524,-0.10813187969591631
-0.32359210872935584,-0.3370896180877214,-0.3508416371105716,-0.3648061685125803,-0.37893380580018343,-0.39316729710222154,-0.40744116263262353,-0.42168145163227755,-0.43580565546614713,-0.44972282122043516,-0.46333389838181915,-0.4765323752168604,-0.489205213000965,-0.5012341188586666,-0.5124971652444166,-0.5228707571262192,-0.5322319188613878,-0.5404608018905233,-0.5474435576786285,-0.5530751806262724,-0.5572623818811895,-0.5599264251411107,-0.5610056811127362,-0.5604577416030243,-0.5582611362920442,-0.5544164268393703,-0.5489466184223479,-0.5418967034701994,-0.5333328420425643,-0.5233407222338338,-0.5120232873206776,-0.4994980007484129,-0.48589391352988454,-0.47134847795137436,-0.4560042149075283,-0.4400056516602735,-0.4234963697986638,-0.4066162925579997,-0.3894993018601589,-0.3722716103838275,-0.35505005540095613,-0.33794112149490463,-0.32104017988678457,-0.30443130253877904,-0.28818712972314753,-0.2723691915318538,-0.25702828243143294,-0.24220522092015973,-0.2279313594163579,-0.21422967862390507,-0.20111531943468375,-0.18859671857620164,-0.1766762632409069,-0.16535118490203615,-0.15461433580860717,-0.14445483662172798,-0.13485882550641648,-0.12580995945176365,-0.11729001905881997,-0.11303004886234591
-0.3150929898343213,-0.32840851312467945,-0.34200182179827787,-0.35583538231097056,-0.36986458268124855,-0.38403725233495445,-0.3982932188089572,-0.4125639809692583,-0.42677251503304925,-0.4408332553243066,-0.45465228388259504,-0.46812778452647974,-0.4811507757531519,-0.49360616710604877,-0.5053741556808,-0.5163319746066408,-0.5263559778155225,-0.5353239737110416,-0.5431179724050761,-0.5496269693084921,-0.5547498169734522,-0.558398147745085,-0.5604991044466479,-0.5609977186448423,-0.5598589426722489,-0.5570691432828467,-0.5526369548538002,-0.5465932700035814,-0.5389908771732999,-0.5299032008732985,-0.5194223999458103,-0.5076569363067573,-0.49472880380765805,-0.48077046336664875,-0.46592152396959463,-0.45032559904354397,-0.43412722610156607,-0.41746895129968653,-0.40048868967463847,-0.3833178831128281,-0.36607946581952433,-0.3488866951424363,-0.3318420559387869,-0.31503695228145556,-0.2985512925394751,-0.2824537126371496,-0.26680178921119513,-0.25164271453026466,-0.2370137340978573,-0.22294320004100143,-0.2094510759182988,-0.1965500762318495,-0.1842463262213201,-0.17254027715614573,-0.16142752028720952,-0.15089945501667312,-0.14094409534489927,-0.13154659134708702,-0.12268989064908808,-0.11826154030008862
-0.3064901817882004,-0.3196054136370141,-0.33301956658420506,-0.3466994597438744,-0.36060519253883205,-0.3746896307827319,-0.3888979141599691,-0.40316705829242294,-0.41742566686362115,-0.43159379278028487,-0.44558298312812994,-0.4592965614423927,-0.47263016673183555,-0.48547259635175477,-0.4977069766395448,-0.5092122825163337,-0.5198652018166849,-0.5295422692831764,-0.5381224503152437,-0.5454898221984039,-0.551536396132879,-0.5561650731264778,-0.559292497919528,-0.5608516541708686,-0.5607941718229692,-0.5590921911582081,-0.5557396441181184,-0.5507526999263779,-0.5441698751689117,-0.5360511925044209,-0.526476698964955,-0.5155443991793618,-0.5033677085941779,-0.490072572908824,-0.47579422672952454,-0.4606740174515034,-0.44485623941780794,-0.42848504757003525,-0.41170157962610254,-0.3946419023237846,-0.3774346453705446,-0.3601996332135471,-0.34304642777462035,-0.3260738821026088,-0.30936941051129097,-0.2930090930739171,-0.2770577004217367,-0.26156925849961876,-0.24658739851751488,-0.23214634463662343,-0.21827138405363655,-0.20497999290623792,-0.19228249619157367,-0.1801829958825607,-0.16868021970788405,-0.1577682059345742,-0.1474371681472597,-0.13767403515169363,-0.12846317222135362,-0.12385774075618361
-0.2977866020015296,-0.31068353639201796,-0.3238983599512346,-0.33740211401853903,-0.35115950238059357,-0.3651283534220029,-0.37925908966936595,-0.3934942712876477,-0.4077682278314476,-0.42200681385925143,-0.43612732298695,-0.45003861089233377,-0.46364145059020645,-0.4768291681734782,-0.48948858869973355,-0.5015013212236696,-0.5127453890414868,-0.5230971428343367,-0.5324336472001745,-0.540635218949288,-0.5475881526175819,-0.5531876549806136,-0.5573407655818352,-0.5599691152022812,-0.5610114607441696,-0.5604258801377049,-0.5581914566100288,-0.5543091762991792,-0.5488025150844589,-0.5417170469083477,-0.533119424732158,-0.5230957355417232,-0.5117492430004411,-0.4991977572930928,-0.4855705424846146,-0.4710051658374992,-0.45564429854703103,-0.43963250088948413,-0.42311313556143926,-0.40622611032878453,-0.3891051867215678,-0.3718764081504533,-0.354656259979369,-0.33755106783379674,-0.3206559226697925,-0.30405464296285434,-0.2878195830995045,-0.27201205858540245,-0.2566825914638837,-0.24187180257920993,-0.22761083828708006,-0.21392246079957822,-0.20082170195450555,-0.18831679281328118,-0.17641004309047137,-0.16509853733589264,-0.15437505784312133,-0.1442286406003701,-0.13464535883714213,-0.12985371795552592
-0.28898519274056955,-0.30164614567080084,-0.3146417674343305,-0.3279471729485517,-0.3415315404884456,-0.35535755924256174,-0.36938087182432633,-0.383549571610301,-0.39780376777462045,-0.4120752499483793,-0.4262872861774891,-0.44035460090711465,-0.4541835590482779,-0.46767260413739464,-0.480712984527365,-0.4931898027338244,-0.50498340293746,-0.5159710470973877,-0.5260290754854191,-0.5350352650692636,-0.5428714142349134,-0.5494262017767371,-0.5545981152087531,-0.5582983136958353,-0.5604533355631758,-0.5610075744574972,-0.559925329426092,-0.5571921390983747,-0.5528158369624814,-0.5468266306033054,-0.5392765791421694,-0.5302384211354694,-0.5198036716750964,-0.5080803101309916,-0.49518991288022285,-0.48126459478464056,-0.4664438378991953,-0.45087120192758956,-0.43469106997358065,-0.41804620288484085,-0.40107474074551064,-0.38390842617840537,-0.36667036910476014,-0.3494742709408438,-0.33242297885801797,-0.3156082790146719,-0.2991104602137362,-0.2829985660828571,-0.26733051761925086,-0.25215387483816354,-0.23750621027643248,-0.2234161366620091,-0.2099039467337338,-0.19698252975956176,-0.18465827542363478,-0.17293177464027476,-0.16179879872578518,-0.15125086824515854,-0.14127610049607053,-0.13628871662152875
-0.280088920453041,-0.2924965521901224,-0.3052534301915799,-0.31833857732190496,-0.3317254948694437,-0.3453816042583657,-0.3592676729179334,-0.3733372775362731,-0.3875363159515888,-0.40180259573665444,-0.41606553163069937,-0.43024599415284137,-0.44425633710427626,-0.4580006506152845,-0.4713752764464729,-0.48426962507403637,-0.4965673169586293,-0.5081476108514216,-0.5188873152822615,-0.5286629347229432,-0.5373530729621412,-0.5448411644891937,-0.5510183512680245,-0.5557863876547153,-0.559060459806271,-0.560771884277631,-0.5608704749261517,-0.559326284906112,-0.5561311083296894,-0.5512990395204986,-0.5448664693899774,-0.5368914280853865,-0.5274520986720477,-0.5166448892592568,-0.5045818712081473,-0.49138788746373674,-0.47719747958907544,-0.46215158920445365,-0.44639419077780573,-0.4300696816516769,-0.41331960864788186,-0.3962806899341942,-0.3790821834133862,-0.36184491698771915,-0.34467945321649207,-0.32768568397553377,-0.3109521219129707,-0.2945559421135746,-0.2785629620963359,-0.26302823186975743,-0.2479963429972809,-0.23350236066604246,-0.21957243985539332,-0.20622471041811696,-0.1934701966397867,-0.1813135140648292,-0.1697539007751292,-0.15878579507118573,-0.14839974717894222,-0.14320672323281602
-0.2711007750834171,-0.28323811198647353,-0.29573706348977935,-0.30858037910850733,-0.3217457114361455,-0.3352050600963341,-0.3489241907321705,-0.36286207575110474,-0.37697036635728987,-0.3911929199710129,-0.4054654131651225,-0.41971507761840887,-0.43386058744814826,-0.4478121421951786,-0.4614717835202464,-0.47473398784633636,-0.48748656310613203,-0.49961182412586735,-0.5109882383877196,-0.5214923333194221,-0.5310008827361767,-0.5393934622305463,-0.5465552164397014,-0.5523797416634446,-0.5567719522334191,-0.5596509348349721,-0.5609525720970954,-0.5606316498804342,-0.5586637687480178,-0.5550463779335546,-0.5497992991694622,-0.5429646134421606,-0.5346056471202543,-0.5248054909765232,-0.5136648244583997,-0.5012992719407316,-0.4878365063828394,-0.47341301915538647,-0.4581707088179243,-0.44225414112753825,-0.42580704973707917,-0.4089701659048517,-0.39187820466216383,-0.37465868110005296,-0.3574296766490903,-0.34029920309764705,-0.32336419677123196,-0.30671030863335336,-0.2904117209487511,-0.2745315189565778,-0.25912192258266575,-0.24422508363020512,-0.2298736662160783,-0.2160916776609012,-0.20289539162118508,-0.19029403012430723,-0.17829083969881143,-0.16688367276491256,-0.15606596188236566,-0.15065710644109442
-0.26202376937786376,-0.2738742252630044,-0.28609645510540904,-0.2986767395074452,-0.31159669191467176,-0.32483271215600795,-0.3383554075837436,-0.3521290222403206,-0.3661108818307668,-0.38025087466461716,-0.39449099628248163,-0.4087649901642454,-0.422998112647861,-0.43710706308819347,-0.45100011735071055,-0.46457750795375397,-0.47773208310112336,-0.4903502297913209,-0.5023132439991307,-0.513498978933169,-0.5237837850845994,-0.5330448465396143,-0.5411627840747912,-0.5480244514820232,-0.5535257817353223,-0.5575747242856921,-0.5600940553613953,-0.5610237944542984,-0.5603234743516516,-0.5579736282889525,-0.5539768334470119,-0.5483581554267625,-0.5411646525429625,-0.5324643967641718,-0.5223447612984877,-0.5109101096774138,-0.49827916046008447,-0.48458191361557823,-0.469956278835153,-0.45454525169755566,-0.43849325619410795,-0.42194379911535407,-0.4050361072004849,-0.3879037105757899,-0.37067181544019334,-0.35345640397840494,-0.3363629105696919,-0.31948571669933923,-0.3029077827299398,-0.2867007490369833,-0.27092507539566935,-0.25563065735087154,-0.24085735585815726,-0.22663574624898875,-0.2129880286399688,-0.1999286818304702,-0.18746557290606702,-0.1756005359780799,-0.16433040450882785,-0.1586953387741996
-0.2528609381792446,-0.26440833520003704,-0.2763354636420057,-0.28863192683475813,-0.3012830914793485,-0.3142695573342913,-0.3275665887170087,-0.3411435422468756,-0.3549632968890426,-0.36898170264227703,-0.38314707289422656,-0.39739974763567054,-0.41167175466692796,-0.42588660590348604,-0.43995926574424193,-0.4537963343977003,-0.46729648084186115,-0.4803511199951127,-0.4928455045329061,-0.5046601011030427,-0.515672261645177,-0.5257583043572467,-0.5347959032297389,-0.5426667366683402,-0.5492592463763457,-0.5544715811863421,-0.5582145162486363,-0.560414109980123,-0.561014267306259,-0.5599786410031271,-0.5572921688427845,-0.5529620706398863,-0.5470179020914712,-0.539511121174896,-0.5305139083568333,-0.5201172736598103,-0.5084287701776224,-0.4955696739019322,-0.4816717490101796,-0.466874399574726,-0.45132094181603577,-0.43515610951465167,-0.4185223981938524,-0.40155840017926714,-0.38439580591972167,-0.3671582067702106,-0.3499594394023653,-0.3329027410612717,-0.3160801746263031,-0.2995724028381108,-0.28344871785632275,-0.2677674242936412,-0.25257629926662695,-0.2379132262316519,-0.22380707112047205,-0.21027829183378088,-0.19734006453983266,-0.18499885197440502,-0.17325548553752235,-0.16738380231908323
-0.24361533771234511,-0.2548439267298497,-0.2664580167651087,-0.2784503142527517,-0.29080971611361917,-0.303520801310756,-0.316563280030413,-0.3299114292648142,-0.3435335192260969,-0.3573912433128734,-0.3714391737932199,-0.38562426524472837,-0.39988543126313836,-0.41415322713799885,-0.4283496733352943,-0.44238826094179173,-0.45617417462316956,-0.4696047356271116,-0.4825702195362136,-0.49495495500082587,-0.5066387119021432,-0.5174984988513565,-0.527410696943027,-0.5362535042336192,-0.543909542880503,-0.5502687321954958,-0.5552312337050225,-0.5587102689609424,-0.5606348979652598,-0.5609522778426501,-0.5596296481061214,-0.5566558538820798,-0.5520419620829187,-0.5458214010219087,-0.5380493693131516,-0.5288014415583486,-0.5181717178749956,-0.5062703594104523,-0.4932205998840189,-0.4791559462734396,-0.46421648916028513,-0.44854629725358475,-0.4322895507998403,-0.41558861920108825,-0.3985807346461723,-0.38139646805365857,-0.3641577377200145,-0.3469765823845439,-0.32995435824056063,-0.313181127827864,-0.2967355591583276,-0.2806850170706543,-0.26508593026212335,-0.24998427102872256,-0.23541636909064856,-0.22140945711702997,-0.20798278999087927,-0.1951481932325061,-0.18291118136137374,-0.17679267542580757
-0.23429004485961968,-0.2451845252765883,-0.25646810935605946,-0.26813637734233176,-0.2801815196976465,-0.2925918553904461,-0.3053513051251855,-0.3184388430416918,-0.33182792982072384,-0.34548593656447135,-0.35937357869082254,-0.3734443769279039,-0.38764416881512553,-0.401910698708865,-0.4161733182135119,-0.43035283534266,-0.4443615474285134,-0.4581034667272932,-0.4714748752625608,-0.48436514836145417,-0.49665785365885506,-0.5082322462279532,-0.518965113211205,-0.5287329650333383,-0.5374144316284557,-0.5448929896772814,-0.551059848590234,-0.5558168413802944,-0.559079329928347,-0.5607787469394898,-0.5608649639732177,-0.5593082915917069,-0.5561006481093478,-0.5512562800604703,-0.5448117968933608,-0.5368253455176064,-0.527375277388149,-0.516558142406307,-0.5044860640472315,-0.49128407646279904,-0.4770866003753049,-0.46203477889170674,-0.44627251065493034,-0.4299442716678792,-0.4131915300856237,-0.3961508731213259,-0.3789516893010303,-0.3617145228257801,-0.34455002273859225,-0.327557889535961,-0.3108266195403919,-0.2944332421297702,-0.2784435646532124,-0.2629124534207339,-0.24788454932988202,-0.2333947262112579,-0.21946917055637893,-0.2061258987176906,-0.19337589112986553,-0.1870008873359552
-0.22488815642779492,-0.23543369546211002,-0.24636980158617428,-0.2576946915201883,-0.2694036008238332,-0.2814883329025697,-0.2939367616674682,-0.30673230656623973,-0.3198533816024729,-0.3332728246849648,-0.3469573236477541,-0.3608668513942237,-0.37495413112511367,-0.38916415484508526,-0.40343378356222037,-0.4176914637654683,-0.43185709344810475,-0.445842051477805,-0.4595495070560274,-0.4728749779331287,-0.4857071428771431,-0.49792902549000484,-0.5094195266660639,-0.5200553229232119,-0.5297130004913297,-0.5382715673321847,-0.5456151969183787,-0.5516360997074621,-0.5562374599128961,-0.5593361714603184,-0.5608655044997346,-0.5607775099815759,-0.5590447055104164,-0.5556613601742422,-0.5506441674220697,-0.5440320414923727,-0.5358853716729639,-0.5262845712084552,-0.5153279355432305,-0.5031292158947487,-0.4898144035988805,-0.47551907569834295,-0.4603844669232826,-0.44455505346814306,-0.42817480587054924,-0.41138495794515784,-0.3943213891704689,-0.3771125355836036,-0.35987807438640385,-0.34272737811442244,-0.32575907566648077,-0.30906037197988123,-0.29270713498397605,-0.2767639281643053,-0.26128458285104905,-0.24631254225358834,-0.23188185833654895,-0.21801766421190028,-0.20473729485331216,-0.1980971101740181
-0.2154127884055529,-0.22559503977865658,-0.2361672169129153,-0.24712992930303823,-0.2584811993422842,-0.27021604515488185,-0.2823260170576425,-0.2947987020216747,-0.3076171966309249,-0.3207595522194029,-0.3341982057371917,-0.34789940458882285,-0.36182264375361206,-0.3759201336520801,-0.39013632329048975,-0.40440750893317223,-0.41866155883498624,-0.43281777116694675,-0.4467869612653663,-0.4604717715498019,-0.4737672085585043,-0.48656151679227433,-0.4987373872520462,-0.5101735346434499,-0.5207465285103252,-0.5303330296485709,-0.5388123144395807,-0.5460690341158747,-0.5519960849353334,-0.5564974369697162,-0.5594909982522944,-0.5609113292612999,-0.5607117828384012,-0.5588663095939639,-0.5553707514427009,-0.5502432883551367,-0.5435243302552095,-0.5352757033603961,-0.525579105136571,-0.5145340237116436,-0.5022549825089406,-0.48886898198598594,-0.47451177548451184,-0.4593252551330895,-0.4434536691283286,-0.4270410443996564,-0.4102283167597598,-0.39315079285472176,-0.37593655877827814,-0.35870440586740937,-0.3415631752917392,-0.32461060075699155,-0.30793319396744234,-0.29160597563719026,-0.2756928488370036,-0.26024679752212343,-0.24531074434244182,-0.23091796196443415,-0.21709313956262744,-0.21018072836172408
-0.20586707521264735,-0.2156721972293324,-0.22586453999980993,-0.23644685742157667,-0.24741969263903818,-0.2587809969452526,-0.27052570340330484,-0.28264526568966275,-0.29512716175032705,-0.3079543636846138,-0.3211047847910631,-0.33455070831140743,-0.34825821345521923,-0.36218661266912755,-0.37628792062863403,-0.3905063805079456,-0.40477807459157855,-0.41903063827917975,-0.4331831530012975,-0.4471462312689978,-0.46082229734225155,-0.4741061626089804,-0.48688591026735617,-0.49904413592859465,-0.5104594474939006,-0.5210083777494101,-0.5305676220252131,-0.5390165969820737,-0.5462401482942747,-0.5521313639883596,-0.5565945227978508,-0.5595480051143542,-0.560926796421497,-0.5606847404687132,-0.5587964020989133,-0.5552581609634566,-0.5500887645882746,-0.5433292110132548,-0.5350418977463844,-0.5253089999185834,-0.5142303261299164,-0.5019209608241848,-0.48850792849165714,-0.47412745095410713,-0.458921283541458,-0.44303383259068685,-0.4266091057958299,-0.40978774835049414,-0.3927051725913788,-0.3754889435315567,-0.35825786991968034,-0.3411203219272263,-0.3241738635063163,-0.3075046281263738,-0.2911874264792713,-0.27528576432061413,-0.2598524902956356,-0.24493012662681224,-0.2305518267418627,-0.2233626767993857
-0.196254168940726,-0.20566884193732815,-0.21546601456212733,-0.22565033378703248,-0.23622459165071774,-0.24718938163332982,-0.25854271179516,-0.2702795817944337,-0.2823915226887952,-0.2948660990723806,-0.3076863820949316,-0.32083039474718134,-0.3342705423045689,-0.34797303775604305,-0.36189733865957807,-0.3759956161734357,-0.39021227938660474,-0.4044835746634534,-0.4187373156725993,-0.43289277237539947,-0.4468607214775444,-0.460543744413473,-0.47383679999312145,-0.4866281264892236,-0.49880039602521853,-0.5102322700150608,-0.5208002968190728,-0.5303811914856804,-0.5388542927150586,-0.5461042513973169,-0.5520239427923546,-0.5565174467551803,-0.5595027991311774,-0.5609145912367164,-0.5607063149711222,-0.55885206220462,-0.5553477280345476,-0.5502116150880298,-0.5434843452685256,-0.5352278043419556,-0.5255237456834339,-0.5144717536968502,-0.5021864890048278,-0.4887949212602427,-0.47443296208732555,-0.4592423572733839,-0.4433675574377949,-0.4269523907483874,-0.41013792354517964,-0.393059329819776,-0.3758446896537526,-0.3586127553275764,-0.34147227168244587,-0.32452094686411304,-0.30784521721587854,-0.291520045699567,-0.27560927320777306,-0.26016584483542715,-0.24523258765783762,-0.23776595906904063
-0.1865772385861847,-0.19558868172497135,-0.20497594114034956,-0.21474530431380423,-0.22490153662008683,-0.23544757577696862,-0.24638418588801447,-0.2577095752815317,-0.26941897657916547,-0.281504187084205,-0.2939530759135178,-0.30674905668976127,-0.31987053612776206,-0.3332903446724922,-0.34697516177764287,-0.3608849518808721,-0.37497243004280034,-0.38918257657192146,-0.40345223790547946,-0.4177098524492162,-0.431875302825,-0.4458599660085927,-0.4595669968400129,-0.4728919033171741,-0.4857233561657148,-0.49794437064618613,-0.5094338280883348,-0.5200684127732069,-0.529724743180815,-0.5382818323057625,-0.5456238434391869,-0.5516430059222732,-0.5562424792887,-0.5593391720270247,-0.560866447529198,-0.5607763461071902,-0.5590413866382149,-0.5556558749760754,-0.5506366057822532,-0.5440224641529845,-0.5358738833191623,-0.526271259589719,-0.5153129627429687,-0.5031126864263946,-0.48979656967144347,-0.475499990718502,-0.4603644870681167,-0.444534177103062,-0.42815338072110354,-0.41136304660406964,-0.3942992214776764,-0.37709027247548654,-0.35985583243601127,-0.3427053267444613,-0.32573731072583545,-0.30903900733390444,-0.2926862608318803,-0.276743629313736,-0.2612648936969686,-0.2535255258885827
-0.17683946927538774,-0.18543545666364292,-0.1943986748037091,-0.2037367996018341,-0.21345629259780674,-0.22356213333957375,-0.23405751479196268,-0.24494350353074845,-0.2562186628867569,-0.2678786360533769,-0.27991569374760217,-0.29231824326130695,-0.3050703068875893,-0.31815097275150306,-0.33153382710304435,-0.34518637974323974,-0.359069497414678,-0.37313686325248896,-0.38733448318271746,-0.4016002841656996,-0.41586380459850747,-0.4300460330980327,-0.44405943555992256,-0.4578082283015483,-0.4711888583646173,-0.4840908130990029,-0.4963977490536897,-0.5079890413968036,-0.5187415328727107,-0.5285316758292979,-0.5372380197419901,-0.544743931140923,-0.5509404239302618,-0.5557290511284596,-0.5590248207406634,-0.5607588154490539,-0.5608804963585023,-0.559359647711295,-0.5561878424275779,-0.5513787597205133,-0.5449685539194382,-0.5370148506859818,-0.5275956768168033,-0.516807105802326,-0.5047610587948226,-0.49158217868885856,-0.4774049561213234,-0.4623700707575118,-0.4466218280456813,-0.4303042809784019,-0.4135593446013486,-0.3965235319605487,-0.37932646406468873,-0.3620889341081579,-0.3449217320032627,-0.3279248792833789,-0.31118707400215495,-0.2947856127622517,-0.2787865244309007,-0.2707869802652296
-0.16704406148257023,-0.17521293759571788,-0.18373862278616593,-0.19262993148286833,-0.2018947446964986,-0.21153977947625857,-0.22157032528195064,-0.23198994700805053,-0.24280015273809075,-0.25400002252383147,-0.2655858012435519,-0.277550450964541,-0.2898831687105119,-0.30256887011822164,-0.31558764493587743,-0.3289141921121508,-0.34251724539813067,-0.3563590057314181,-0.37039458735268815,-0.38457152505730563,-0.39882934171572515,-0.4130992172201786,-0.42730379969171506,-0.44135721251809534,-0.45516523485406246,-0.4686257581646558,-0.48162952669483117,-0.4940612774090436,-0.5058010727787465,-0.5167260549659924,-0.5267125702391029,-0.5356385741886105,-0.5433862812726731,-0.5498449735845212,-0.5549139554868177,-0.5585054089108188,-0.5605470589906636,-0.5609846337083835,-0.5597840041349844,-0.556932229347431,-0.5524388268451297,-0.5463354624509331,-0.5386758986181861,-0.5295341372259132,-0.519003069442947,-0.5071916573933288,-0.4942224446378729,-0.4802280488955457,-0.4653485076356878,-0.4497273035415761,-0.43350912348230963,-0.41683623038816453,-0.39984649326593846,-0.38267100233183804,-0.3654323074399768,-0.3482433106317995,-0.3312060914466741,-0.3144116120084739,-0.29793935569920826,-0.28970322754457545
-0.15719423024074475,-0.16492492462967578,-0.17300024205736175,-0.18142988943509852,-0.19022289310406337,-0.19938740390828769,-0.20893047333690795,-0.2188577988667284,-0.2291734366536613,-0.2398794774698182,-0.2509756876991931,-0.2624591099341522,-0.2743236272893612,-0.28655948996594516,-0.29915280740805406,-0.31208501045345005,-0.3253322908840528,-0.33886503244558996,-0.3526472290700089,-0.3666359371635308,-0.3807807599360269,-0.39502339085322413,-0.4092972551462881,-0.42352729591884186,-0.4376298963030667,-0.45151301855751447,-0.46507658074514957,-0.4782131895646313,-0.49080904858116225,-0.5027452815703404,-0.513899624183054,-0.5241484183073597,-0.5333689463594515,-0.54144200411816,-0.5482547161046525,-0.553703437974391,-0.5576966062193445,-0.5601575405750125,-0.5610271044397663,-0.5602654259329709,-0.5578539797105408,-0.5537960434749278,-0.5481176832098256,-0.5408665973318705,-0.5321117381429197,-0.5219410619458653,-0.510459613169485,-0.4977864530114928,-0.48405205270436014,-0.46939450545609773,-0.45395697380175903,-0.4378838972562793,-0.4213185341626291,-0.4044001877396708,-0.38726181828157014,-0.3700285618172572,-0.3528158444243745,-0.3357288120686919,-0.31886135214931777,-0.3104276221896285
-0.14729320434599014,-0.1545752456095867,-0.16218803683120953,-0.17014193687098222,-0.17844684786397613,-0.18711205389693342,-0.1961460350227573,-0.2055562535134614,-0.21534891069718676,-0.22552867015567246,-0.23609834813363983,-0.24705856529128822,-0.2584073624480576,-0.2701397774735359,-0.2822473845857343,-0.29471779775137597,-0.3075341425899425,-0.32067450848597745,-0.3341113682560193,-0.3478110093452558,-0.3617329734798791,-0.37582951942962795,-0.3900451438173824,-0.4043161976879084,-0.4185706009686141,-0.4327277135179597,-0.44669839110623055,-0.4603853377567635,-0.47368360734874937,-0.486481483756509,-0.49866170201686266,-0.510102967674646,-0.520681867190993,-0.5302750695289804,-0.5387618341647715,-0.546026762229519,-0.5519626279620993,-0.556473311567911,-0.5594767659386868,-0.5609072903041357,-0.5607182468323235,-0.5588832917699649,-0.5553983142625984,-0.5502811529294216,-0.5435722370907592,-0.5353331681380258,-0.5256455581029273,-0.5146087065904315,-0.5023372326256448,-0.48895781528579096,-0.4746064427598995,-0.4594247370170157,-0.44355706504988657,-0.4271474972407807,-0.4103368170857058,-0.3932606518725468,-0.3760468345553436,-0.3588144879442856,-0.34167232589414454,-0.333101244869074
-0.13734422555542747,-0.14416775456022823,-0.15130655601492293,-0.1587714073034624,-0.16657282343107926,-0.17472092682945806,-0.18322529673665766,-0.1920947941606127,-0.20133736106339561,-0.21095978965089524,-0.22096746191403227,-0.23136405354377498,-0.2421512037125667,-0.253328147031221,-0.2648913073880055,-0.27683385331742305,-0.2891452168789843,-0.3018105854005815,-0.31481034782217754,-0.3281195350788868,-0.34170725059553986,-0.3555360952580833,-0.3695616164759996,-0.3837318094650466,-0.39798668033310336,-0.4122579085410705,-0.4264686402252438,-0.44053350860428386,-0.4543587716979469,-0.46784276884626275,-0.4808766695951139,-0.4933454926574887,-0.5051295217524632,-0.5161060332396583,-0.5261513569501264,-0.535143289405724,-0.5429637001514376,-0.5495013620217803,-0.5546549683498081,-0.5583357630129737,-0.5604706358383549,-0.5610040479368616,-0.559900728783298,-0.5571463580747338,-0.5527491745702773,-0.5467396038636041,-0.5391699957136376,-0.5301133436760974,-0.5196613944300044,-0.507922282471176,-0.49501778746846803,-0.4810801262611042,-0.46624879210912074,-0.4506674407409772,-0.43448042459250047,-0.4178305544767502,-0.40085576073225493,-0.3836877548745221,-0.36644956101163473,-0.3578304640801888
-0.12735054777926635,-0.13370633010910737,-0.14036039060139227,-0.14732370039608644,-0.15460713301213624,-0.16222136243154828,-0.17017674483292,-0.17848317939157032,-0.18714994713609656,-0.1961855240320104,-0.20559736795867312,-0.21539167401638193,-0.2255730987954968,-0.23614444953455327,-0.2471063368190507,-0.25845678905858316,-0.27019082890608614,-0.28230001878063904,-0.2947719541941596,-0.30758973879490226,-0.3207314366160119,-0.3341694980311438,-0.34787018312004925,-0.3617930012166748,-0.37589018063144297,-0.3901061874503686,-0.40437732430016804,-0.4186314848623396,-0.432787991329604,-0.44675767686817247,-0.46044319687785107,-0.47373956403218065,-0.4865350455102213,-0.49871235955114335,-0.5101501950226828,-0.5207251355182918,-0.5303138543736607,-0.5387956159329077,-0.5460550745962389,-0.5519850063979148,-0.5564894712970858,-0.5594862502624265,-0.5609100008965839,-0.5607138724734351,-0.558871912487946,-0.5553798451545466,-0.5502557782005701,-0.5435401748458513,-0.5352947040656808,-0.525601094910666,-0.5145587124584416,-0.502282199637536,-0.48889833529147,-0.4745431221281171,-0.4593581162167748,-0.4434878962305522,-0.42707622056305183,-0.41026420176910605,-0.3931871226408701,-0.3846485830767521
-0.11731543626726237,-0.12319487388670336,-0.12935417100798596,-0.13580427790286287,-0.14255618270121506,-0.14962083462205622,-0.15700905465400483,-0.1647314287715318,-0.1727981830580827,-0.18121903731936395,-0.19000303656334372,-0.19915835533898085,-0.2086920749693455,-0.21860992960806458,-0.2289160191594758,-0.23961248646904076,-0.25069915771394835,-0.2621731512198344,-0.274028432615544,-0.2862553443043381,-0.2988401044728961,-0.31176426677871016,-0.3250041585580232,-0.3385303080149904,-0.35230687616784273,-0.36629109729000797,-0.3804327554351705,-0.39467375029474616,-0.4089477127095087,-0.4231797872188625,-0.43728657307528507,-0.4511762318782786,-0.4647488921396903,-0.4778973115095275,-0.4905078199366031,-0.5024616610196908,-0.5136366372034562,-0.52390909447386,-0.5331562599777473,-0.5412587925171608,-0.548103684369623,-0.5535869320566311,-0.5576167772749363,-0.5601160649794412,-0.5610251594612592,-0.5603038041732855,-0.5579327529550637,-0.5539150406766424,-0.5482758100468654,-0.541062584443166,-0.5323435532173448,-0.5222064104899937,-0.5107556610422215,-0.4981102520695302,-0.4844001356790173,-0.46976361425471236,-0.4543433811322517,-0.43828419752597547,-0.4217292111958093,-0.41345171803072844
-0.10724216678996257,-0.11263730890628793,-0.1182925643649052,-0.12421865950404426,-0.13042646542059277,-0.1369269430274006,-0.14373107899299298,-0.15084980754159594,-0.15829391786411906,-0.1660739442136977,-0.1742000379254688,-0.18268181706563302,-0.19152819337459825,-0.20074717272949127,-0.21034562692598346,-0.2203290338469549,-0.2307011842370038,-0.24146385869055598,-0.25261645379966224,-0.2641555795766748,-0.2760746234349387,-0.2883632688807425,-0.3010069814440197,-0.31398646562283417,-0.3272771083424142,-0.3408484016267743,-0.35466336717001723,-0.3686780144321078,-0.3828408193302901,-0.39709229714442573,-0.4113646654502845,-0.42558161389295135,-0.43965828853310573,-0.4535014715950614,-0.46700997768633457,-0.48007539183569703,-0.49258309749803164,-0.5044136272610289,-0.5154443622814586,-0.5255516375353686,-0.5346130938524052,-0.5425102433251139,-0.5491314040603679,-0.5543744537671036,-0.558149874001479,-0.5603834100831784,-0.5610184299295051,-0.5600183084654109,-0.5573673545384406,-0.5530724798203712,-0.5471625845944073,-0.5396888088333496,-0.5307228019147026,-0.5203552684021506,-0.5086933415909689,-0.4958581027084419,-0.4819810925221413,-0.46720160879926365,-0.4516629588881349,-0.44389363393257275
-0.09713402481508732,-0.10203757792470014,-0.10718027175639189,-0.11257241854423672,-0.11822455467864257,-0.12414740417445475,-0.13035183601672828,-0.13684881043933728,-0.14364931423790583,-0.15076428271404874,-0.15820450746892312,-0.1659805265437886,-0.17410249638270647,-0.18258004234081582,-0.19142208558477647,-0.20063664350056798,-0.21023060155221485,-0.220209458919301,-0.23057702923257428,-0.24133511309487266,-0.252483138034465,-0.2640177531257082,-0.2759323863628893,-0.28821676380281436,-0.30085640427399696,-0.3138320755762358,-0.32711922937704196,-0.3406874281602801,-0.3544997702974184,-0.3685123491104858,-0.3826737432197058,-0.39692455921396474,-0.41119710410202237,-0.4254151821484342,-0.43949403384391794,-0.45334052721895723,-0.46685358592839066,-0.4799248814277912,-0.4924398184254275,-0.5042790027710131,-0.5153198487542809,-0.5254387033640406,-0.5345131384489776,-0.542424646659434,-0.5490613960116741,-0.5543212139732789,-0.5581143155045698,-0.5603663634472755,-0.5610204071011538,-0.5600396349636294,-0.5574081058107216,-0.5531323869476146,-0.5472412506709157,-0.5397854505152289,-0.5308365062251674,-0.5204848375197857,-0.5088374573319765,-0.49601523204947817,-0.48214971250537086,-0.4752169527333172
-0.08699430467943664,-0.09139964178549287,-0.09602202541814875,-0.10087117767960313,-0.10595709815675786,-0.11129004238208229,-0.11688049668162115,-0.12273914469424857,-0.12887682596325611,-0.13530448471492984,-0.14203310810022796,-0.1490736511992008,-0.15643694820934195,-0.16413360715206105,-0.1721738861899591,-0.1805675489908093,-0.1893236971371154,-0.19845058095619317,-0.20795537329921066,-0.21784391820970528,-0.22812045073335785,-0.23878727581609083,-0.24984441096194576,-0.2612891888485769,-0.2731158311837012,-0.28531497689004315,-0.29787317659419554,-0.3107723534168172,-0.323989247230525,-0.3374948498897534,-0.35125382831910357,-0.36522395687589304,-0.37935560540330204,-0.39359128454411696,-0.40786526215153995,-0.42210333125771715,-0.43622273806195877,-0.45013229009126077,-0.4637326695584232,-0.4769171903345759,-0.48957260366762734,-0.501580531210406,-0.5128189087678581,-0.5231641716925806,-0.5324933513890873,-0.5406868080215754,-0.5476308504427663,-0.5532208446970288,-0.5573637945092447,-0.5599815819313481,-0.5610129612164916,-0.5604162367473453,-0.5581705684081983,-0.5542771075079722,-0.5487595831726133,-0.5416635687754923,-0.5330559812330149,-0.52302292851655,-0.5116678667468744,-0.5059903358620343
-0.07682630875669394,-0.08072747774587857,-0.0848225858944543,-0.08912060444113079,-0.09363081113803018,-0.09836278037284069,-0.10332637167667885,-0.1085317122513979,-0.11398917414881027,-0.11970934469679395,-0.12570298955443537,-0.131981006448314,-0.13855436904907814,-0.14543405896559836,-0.1526309843106527,-0.16015588275561432,-0.168019207348587,-0.17623099580936163,-0.18480071139183984,-0.1937370633248775,-0.20304780384108934,-0.21273949156731198,-0.2228172235596687,-0.23328433107216995,-0.2441420475523126,-0.25538913233006943,-0.2670214575554908,-0.27903155045003847,-0.2914081121556089,-0.30413550299764225,-0.317193190006837,-0.3305551756262881,-0.3441894278765656,-0.35805731514848227,-0.37211305543367157,-0.38630322644990445,-0.40056635556959597,-0.4148326017997417,-0.42902354684611343,-0.44305230778049487,-0.45682363661782466,-0.47023457238805966,-0.4831750148186509,-0.4955290823718994,-0.507176329860779,-0.5179937208236329,-0.5278576560980319,-0.5366464768417445,-0.5442430693919698,-0.5505378389824345,-0.555431441025025,-0.558837834440169,-0.5606868651410468,-0.560926541032567,-0.5595253018551372,-0.5564727977426442,-0.5517813952294404,-0.545485403152155,-0.5376411359827249,-0.5337190023980098
-0.06663334662150189,-0.07002507778895745,-0.07358673915853098,-0.077326406721204,-0.08125246979090811,-0.08537362962757145,-0.08969889793080277,-0.09423759128130288,-0.09899932231422964,-0.10399398663910736,-0.10923174501561023,-0.11472299949504328,-0.12047836307751109,-0.126508621470659,-0.13282468580554763,-0.13943753476807708,-0.14635814481093967,-0.1535974087380182,-0.16116603424205123,-0.1690744273344874,-0.17733255848779994,-0.18594980367298175,-0.19493476109070484,-0.20429503887208433,-0.21403701959088361,-0.22416558765818384,-0.23468382381945874,-0.24559265582909107,-0.25689048542890336,-0.26857277370923804,-0.2806315800502812,-0.2930550694073619,-0.30582699031542426,-0.31892612544799137,-0.33232572087377954,-0.34599291135630317,-0.359888160349392,-0.3739647196625684,-0.38816811753317304,-0.4024358161937003,-0.41669682597089364,-0.4308716794491252,-0.4448723036362323,-0.45860248220612077,-0.4719581960501906,-0.48482857624944975,-0.49709701914391946,-0.5086426345954087,-0.5193422021947702,-0.529072210030761,-0.5377114511877057,-0.5451436290104517,-0.5512603264704219,-0.555963753024673,-0.5591698914173104,-0.5608106666586532,-0.5608369112957923,-0.5592194865461719,-0.5559512623431706,-0.5543171502416688
-0.05641873421019336,-0.05929644692269628,-0.062319293699808764,-0.06549432819092982,-0.06882890432165834,-0.07233068050672142,-0.07600762472369349,-0.07986801703850299,-0.08392045043397134,-0.08817382930000423,-0.09263736522231308,-0.09732056931230221,-0.10223324073964035,-0.1073854505774921,-0.11278752019744515,-0.11844999318959992,-0.12438359988734687,-0.1305992145500956,-0.13710779986542798,-0.1439203414608864,-0.1510477710112712,-0.158500872629187,-0.16629017255910816,-0.17442580843203492,-0.18291738168181026,-0.19177378293485148,-0.20100299236157693,-0.21061184477290995,-0.22060577524190883,-0.23098852723701102,-0.24176181872847924,-0.25292497636699274,-0.2644745310960961,-0.27640377510085967,-0.28870228332609327,-0.30135539819741264,-0.3143436903856378,-0.32764239532234174,-0.34122082805232323,-0.3550418390312382,-0.3690612218683553,-0.38322726924966966,-0.3974802461685245,-0.41175216068351284,-0.4259664591714174,-0.4400380566451967,-0.4538735261190685,-0.4673714389194661,-0.4804232559500887,-0.49291413459460864,-0.5047245558717384,-0.5157318213977158,-0.5258122899189033,-0.5348436298884196,-0.5427075629259615,-0.5492925352016997,-0.5544968497442526,-0.5582312607365925,-0.5604219933022736,-0.5615173595851153
-0.04618579297857292,-0.04854560146717729,-0.05102507758180233,-0.0536301436558792,-0.0563669920098718,-0.059242092163311055,-0.062262199441786986,-0.06543436213530401,-0.06876592804227172,-0.07226455002004417,-0.07593819029236726,-0.07979512314975651,-0.08384393581267219,-0.08809352697572242,-0.09255310258866556,-0.0972321682828775,-0.10214051789227685,-0.10728821801027161,-0.11268558568773457,-0.11834316044930265,-0.12427166985348209,-0.1304819854969097,-0.13698506918613573,-0.1437919068146032,-0.1509134318524774,-0.15836043212489825,-0.16614344057311048,-0.17427260256089594,-0.18275753002030104,-0.1916071288287019,-0.20082939598938476,-0.21043119249495645,-0.22041798339906382,-0.23079354389861195,-0.2415596327161551,-0.2527156239343975,-0.2642581036464242,-0.2761804286414804,-0.2884722465487455,-0.30111898480984167,-0.3141013025012107,-0.3273945420268298,-0.34096813203676524,-0.35478504532591826,-0.36880122113645664,-0.3829650682904129,-0.3972170471363756,-0.41148926329886315,-0.4257053806541411,-0.43978042233271175,-0.4536211367012921,-0.4671262496672357,-0.4801872933087181,-0.49268960968609665,-0.5045136597576261,-0.5155368699652785,-0.5256355305806659,-0.5346873166373145,-0.5425737888317461,-0.5465170249289597
-0.03593784905712327,-0.037776567331642,-0.039708935474387086,-0.041739654358083356,-0.04387365014174041,-0.046116082273376935,-0.04847235302258099,-0.05094811630089874,-0.05354928650986371,-0.05628204722009145,-0.05915285952320881,-0.06216846994736347,-0.0653359177961596,-0.06866254170982966,-0.07215598523688027,-0.07582420114065014,-0.07967545417095434,-0.0837183222096538,-0.08796169459476866,-0.09241476790304654,-0.09708703887823966,-0.10198829307357132,-0.10712858890711441,-0.11251823584619264,-0.11816776750429275,-0.12408790653381657,-0.13028952139381267,-0.13678357081893355,-0.14358104130831495,-0.15069286978723173,-0.1581298494934702,-0.16590252178639853,-0.17402104769325077,-0.18249505801438137,-0.19133348225144398,-0.20054434816879685,-0.21013455402186687,-0.22010961066707357,-0.2304733522487662,-0.2412276010617076,-0.2523718110618689,-0.2639026570241476,-0.2758136030452918,-0.2880944140551833,-0.30073065402495214,-0.31370313555999507,-0.3269873699875525,-0.34055297239968474,-0.3543631249826473,-0.36837397501340186,-0.3825341867949661,-0.3967844428436451,-0.41105713016530765,-0.42527615070676705,-0.4393567955565214,-0.4532060693150397,-0.4667228987804162,-0.47979907203388406,-0.49232004533642293,-0.4985805319876935
-0.025678232404040824,-0.026993378282868935,-0.028375725664314053,-0.029828683232277775,-0.03135582885615627,-0.032960916610532826,-0.03464788513233799,-0.03642086569929953,-0.03828419060905058,-0.04024240177442198,-0.04230025944388954,-0.044462751068645584,-0.04673510024123098,-0.04912277566377424,-0.051631500075764725,-0.054267259056877126,-0.05703630961181219,-0.059945188455842596,-0.06300071977472677,-0.06621002232094692,-0.06958051580187669,-0.0731199261542903,-0.0768362894907465,-0.08073795426137481,-0.08483358179699585,-0.08913214423261151,-0.09364291968797317,-0.09837548310864141,-0.10333969462701625,-0.10854568233401918,-0.1140038187804443,-0.11972469197050584,-0.12571906796071758,-0.1319978445017972,-0.1385719956222331,-0.1454525029229331,-0.15265027381544227,-0.16017604517800044,-0.16804027160832125,-0.17625298601099515,-0.18482365188764505,-0.1937609746080865,-0.20307270729499782,-0.212765400709663,-0.2228441492812383,-0.23331228062601184,-0.24417102091841947,-0.25541912324037574,-0.2670524464400126,-0.27906351437882115,-0.29144101859286065,-0.3041693070727547,-0.31722782778555225,-0.33059057502884737,-0.3442254916807552,-0.3580939395695337,-0.37215010161857576,-0.3863405541781817,-0.40060378741698877,-0.40773540403639175
-0.015410275956483713,-0.016200074206446508,-0.017030317047845023,-0.01790307012452537,-0.018820503919047202,-0.019784898492018824,-0.020798649123649343,-0.021864271882354944,-0.02298440948907063,-0.02416183744989371,-0.02539947041207559,-0.02670036879788583,-0.028067745682611236,-0.029504973934793705,-0.031015593611990813,-0.03260331961033716,-0.0342720495563785,-0.03602587188846734,-0.037869074261298735,-0.039806152056785504,-0.04184181705357351,-0.0439810062866651,-0.046228890983727455,-0.04859088552687657,-0.05107265637770225,-0.05368013093631163,-0.05641950621187164,-0.05929725707106592,-0.06232014424820062,-0.06549522158788235,-0.06882984251524726,-0.07233166568173133,-0.07600865913298532,-0.0798691029552584,-0.08392159027305529,-0.08817502560480694,-0.09263862048444899,-0.09732188597433244,-0.10223462184161036,-0.10738689864792927,-0.11278903852911554,-0.11845158417155,-0.12438526758338286,-0.13060096111486008,-0.1371096281433848,-0.1439222549738517,-0.1510497723034071,-0.15850296568027333,-0.16629235817392618,-0.17442809136629045,-0.1829197636843677,-0.19177626653099467,-0.2010055776431141,-0.21061453278172326,-0.2206085709513511,-0.2309914295486093,-0.2417648297054642,-0.25292809362924884,-0.26447775413652286,-0.27025258439015987
-0.005137314780434121,-0.005400699362506593,-0.0056775861094553355,-0.005968666981468335,-0.006274669441620334,-0.0065963581241869525,-0.006934536820507528,-0.007290050456476935,-0.007663787188119994,-0.008056680610107995,-0.008469712063909028,-0.00890391307087856,-0.009360367881055681,-0.009840216151178784,-0.010344655755858724,-0.010874945739915709,-0.011432409415870516,-0.01201843758863827,-0.012634491998736105,-0.0132821088895628,-0.013962902730112053,-0.014678570152337894,-0.015430894069506061,-0.016221747999669578,-0.017053100546198657,-0.017927020129473586,-0.018845679923460215,-0.019811363058627462,-0.020826467980592234,-0.021893514047890694,-0.023015147448417622,-0.02419414732812493,-0.025433432147427618,-0.026736066323146054,-0.028105267109123783,-0.029544411750171418,-0.031057044879672577,-0.03264688617284711,-0.034317838250232796,-0.0360739947873244,-0.037919648890226004,-0.039859301580727896,-0.04189767057954333,-0.04403969905103389,-0.04629056462041273,-0.04865568829921105,-0.05114074338423674,-0.053751664452405395,-0.056494655708426156,-0.059376199723684825,-0.06240306484423738,-0.06558231290310412,-0.06892130548246972,-0.07242770929838327,-0.07610950095350538,-0.07997496861041176,-0.08403271411784652,-0.08829164986832755,-0.09276099584815706,-0.09499566883807181
0.005137314780434121,0.005400699362506593,0.0056775861094553355,0.005968666981468335,0.006274669441620334,0.0065963581241869525,0.006934536820507528,0.007290050456476935,0.007663787188119994,0.008056680610107995,0.008469712063909028,0.00890391307087856,0.009360367881055681,0.009840216151178784,0.010344655755858724,0.010874945739915709,0.011432409415870516,0.01201843758863827,0.012634491998736105,0.0132821088895628,0.013962902730112053,0.014678570152337894,0.015430894069506061,0.016221747999669578,0.017053100546198657,0.017927020129473586,0.018845679923460215,0.019811363058627462,0.020826467980592234,0.021893514047890694,0.023015147448417622,0.02419414732812493,0.025433432147427618,0.026736066323146054,0.028105267109123783,0.029544411750171418,0.031057044879672577,0.03264688617284711,0.034317838250232796,0.0360739947873244,0.037919648890226004,0.039859301580727896,0.04189767057954333,0.04403969905103389,0.04629056462041273,0.04865568829921105,0.05114074338423674,0.053751664452405395,0.056494655708426156,0.059376199723684825,0.06240306484423738,0.06558231290310412,0.06892130548246972,0.07242770929838327,0.07610950095350538,0.07997496861041176,0.08403271411784652,0.08829164986832755,0.09276099584815706,0.09499566883807181
0.015410275956483296,0.016200074206445952,0.017030317047844537,0.017903070124524814,0.018820503919046577,0.01978489849201827,0.020798649123648788,0.02186427188235425,0.022984409489069865,0.024161837449893017,0.025399470412074826,0.026700368797885066,0.028067745682610404,0.029504973934792803,0.031015593611989842,0.03260331961033619,0.034272049556377665,0.03602587188846623,0.037869074261297486,0.039806152056784394,0.04184181705357226,0.04398100628666385,0.04622889098372607,0.04859088552687518,0.051072656377700865,0.053680130936310105,0.056419506211869974,0.05929725707106398,0.062320144248198955,0.0654952215878804,0.06882984251524532,0.07233166568172938,0.0760086591329831,0.0798691029552559,0.08392159027305279,0.08817502560480445,0.09263862048444621,0.09732188597432939,0.10223462184160731,0.10738689864792622,0.11278903852911248,0.11845158417154639,0.12438526758337926,0.13060096111485675,0.1371096281433809,0.1439222549738478,0.15104977230340266,0.15850296568026834,0.16629235817392118,0.17442809136628545,0.1829197636843627,0.19177626653098911,0.201005577643108,0.2106145327817177,0.220608570951345,0.2309914295486032,0.24176482970545699,0.2529280936292422,0.2644777541365162,0.27025258439015265
0.025678232404040408,0.02699337828286845,0.028375725664313428,0.02982868323227729,0.03135582885615565,0.03296091661053199,0.034647885132337575,0.03642086569929884,0.03828419060905017,0.04024240177442115,0.04230025944388885,0.044462751068644474,0.04673510024123015,0.049122775663773405,0.05163150007576389,0.054267259056876016,0.05703630961181108,0.059945188455841625,0.06300071977472593,0.06621002232094525,0.06958051580187502,0.0731199261542892,0.07683628949074511,0.08073795426137342,0.08483358179699418,0.08913214423260984,0.0936429196879715,0.09837548310863975,0.10333969462701459,0.10854568233401751,0.1140038187804418,0.1197246919705039,0.12571906796071508,0.13199784450179441,0.13857199562223088,0.14545250292293088,0.1526502738154395,0.16017604517799822,0.16804027160831791,0.17625298601099182,0.18482365188764172,0.19376097460808317,0.2030727072949945,0.21276540070965966,0.22284414928123442,0.2333122806260074,0.24417102091841614,0.2554191232403713,0.26705244644000703,0.2790635143788167,0.2914410185928573,0.30416930707274914,0.3172278277855478,0.3305905750288418,0.3442254916807508,0.3580939395695282,0.3721501016185713,0.38634055417817614,0.4006037874169843,0.40773540403638897
0.03593784905712327,0.037776567331642,0.039708935474387086,0.041739654358083356,0.04387365014174041,0.046116082273376935,0.04847235302258099,0.05094811630089874,0.05354928650986371,0.05628204722009145,0.05915285952320881,0.06216846994736347,0.0653359177961596,0.06866254170982966,0.07215598523688027,0.07582420114065014,0.07967545417095434,0.0837183222096538,0.08796169459476866,0.09241476790304654,0.09708703887823966,0.10198829307357132,0.10712858890711441,0.11251823584619264,0.11816776750429275,0.12408790653381657,0.13028952139381267,0.13678357081893355,0.14358104130831495,0.15069286978723173,0.1581298494934702,0.16590252178639853,0.17402104769325077,0.18249505801438137,0.19133348225144398,0.20054434816879685,0.21013455402186687,0.22010961066707357,0.2304733522487662,0.2412276010617076,0.2523718110618689,0.2639026570241476,0.2758136030452918,0.2880944140551833,0.30073065402495214,0.31370313555999507,0.3269873699875525,0.34055297239968474,0.3543631249826473,0.36837397501340186,0.3825341867949661,0.3967844428436451,0.41105713016530765,0.42527615070676705,0.4393567955565214,0.4532060693150397,0.4667228987804162,0.47979907203388406,0.49232004533642293,0.4985805319876935
0.04618579297857292,0.04854560146717729,0.05102507758180233,0.0536301436558792,0.0563669920098718,0.059242092163311055,0.062262199441786986,0.06543436213530401,0.06876592804227172,0.07226455002004417,0.07593819029236726,0.07979512314975651,0.08384393581267219,0.08809352697572242,0.09255310258866556,0.0972321682828775,0.10214051789227685,0.10728821801027161,0.11268558568773457,0.11834316044930265,0.12427166985348209,0.1304819854969097,0.13698506918613573,0.1437919068146032,0.1509134318524774,0.15836043212489825,0.16614344057311048,0.17427260256089594,0.18275753002030104,0.1916071288287019,0.20082939598938476,0.21043119249495645,0.22041798339906382,0.23079354389861195,0.2415596327161551,0.2527156239343975,0.2642581036464242,0.2761804286414804,0.2884722465487455,0.30111898480984167,0.3141013025012107,0.3273945420268298,0.34096813203676524,0.35478504532591826,0.36880122113645664,0.3829650682904129,0.3972170471363756,0.41148926329886315,0.4257053806541411,0.43978042233271175,0.4536211367012921,0.4671262496672357,0.4801872933087181,0.49268960968609665,0.5045136597576261,0.5155368699652785,0.5256355305806659,0.5346873166373145,0.5425737888317461,0.5465170249289597
0.056418734210192806,0.05929644692269587,0.062319293699808626,0.06549432819092899,0.06882890432165778,0.07233068050672087,0.07600762472369266,0.07986801703850216,0.08392045043397078,0.08817382930000339,0.09263736522231225,0.0973205693123011,0.10223324073963924,0.10738545057749099,0.11278752019744431,0.11844999318959937,0.12438359988734521,0.1305992145500945,0.13710779986542798,0.14392034146088473,0.1510477710112701,0.15850087262918588,0.1662901725591076,0.17442580843203326,0.18291738168180915,0.1917737829348498,0.20100299236157526,0.21061184477290773,0.22060577524190772,0.2309885272370088,0.24176181872847757,0.2529249763669905,0.264474531096095,0.27640377510085745,0.28870228332609216,0.3013553981974093,0.3143436903856367,0.3276423953223395,0.3412208280523221,0.355041839031236,0.369061221868352,0.38322726924966743,0.39748024616852007,0.41175216068351284,0.4259664591714152,0.4400380566451956,0.45387352611906406,0.46737143891946387,0.4804232559500865,0.49291413459460864,0.5047245558717339,0.5157318213977136,0.5258122899189033,0.5348436298884174,0.5427075629259615,0.5492925352016975,0.5544968497442526,0.5582312607365947,0.5604219933022736,0.5615173595851142
0.06663334662150189,0.07002507778895745,0.07358673915853098,0.077326406721204,0.08125246979090811,0.08537362962757145,0.08969889793080277,0.09423759128130288,0.09899932231422964,0.10399398663910736,0.10923174501561023,0.11472299949504328,0.12047836307751109,0.126508621470659,0.13282468580554763,0.13943753476807708,0.14635814481093967,0.1535974087380182,0.16116603424205123,0.1690744273344874,0.17733255848779994,0.18594980367298175,0.19493476109070484,0.20429503887208433,0.21403701959088361,0.22416558765818384,0.23468382381945874,0.24559265582909107,0.25689048542890336,0.26857277370923804,0.2806315800502812,0.2930550694073619,0.30582699031542426,0.31892612544799137,0.33232572087377954,0.34599291135630317,0.359888160349392,0.3739647196625684,0.38816811753317304,0.4024358161937003,0.41669682597089364,0.4308716794491252,0.4448723036362323,0.45860248220612077,0.4719581960501906,0.48482857624944975,0.49709701914391946,0.5086426345954087,0.5193422021947702,0.529072210030761,0.5377114511877057,0.5451436290104517,0.5512603264704219,0.555963753024673,0.5591698914173104,0.5608106666586532,0.5608369112957923,0.5592194865461719,0.5559512623431706,0.5543171502416688
0.07682630875669394,0.08072747774587857,0.0848225858944543,0.08912060444113079,0.09363081113803018,0.09836278037284069,0.10332637167667885,0.1085317122513979,0.11398917414881027,0.11970934469679395,0.12570298955443537,0.131981006448314,0.13855436904907814,0.14543405896559836,0.1526309843106527,0.16015588275561432,0.168019207348587,0.17623099580936163,0.18480071139183984,0.1937370633248775,0.20304780384108934,0.21273949156731198,0.2228172235596687,0.23328433107216995,0.2441420475523126,0.25538913233006943,0.2670214575554908,0.27903155045003847,0.2914081121556089,0.30413550299764225,0.317193190006837,0.3305551756262881,0.3441894278765656,0.35805731514848227,0.37211305543367157,0.38630322644990445,0.40056635556959597,0.4148326017997417,0.42902354684611343,0.44305230778049487,0.45682363661782466,0.47023457238805966,0.4831750148186509,0.4955290823718994,0.507176329860779,0.5179937208236329,0.5278576560980319,0.5366464768417445,0.5442430693919698,0.5505378389824345,0.555431441025025,0.558837834440169,0.5606868651410468,0.560926541032567,0.5595253018551372,0.5564727977426442,0.5517813952294404,0.545485403152155,0.5376411359827249,0.5337190023980098
0.08699430467943581,0.09139964178549231,0.09602202541814792,0.10087117767960257,0.1059570981567573,0.11129004238208146,0.1168804966816206,0.12273914469424829,0.128876825963255,0.13530448471492929,0.14203310810022796,0.14907365119919913,0.1564369482093414,0.1641336071520605,0.172173886189958,0.18056754899080873,0.18932369713711372,0.19845058095619206,0.207955373299209,0.21784391820970417,0.22812045073335618,0.23878727581608916,0.24984441096194354,0.26128918884857577,0.273115831183699,0.28531497689004093,0.29787317659419443,0.310772353416815,0.3239892472305228,0.3374948498897523,0.35125382831910246,0.3652239568758908,0.3793556054032987,0.39359128454411585,0.40786526215153773,0.4221033312577138,0.43622273806195544,0.45013229009125855,0.4637326695584232,0.4769171903345759,0.48957260366762734,0.5015805312104038,0.5128189087678581,0.5231641716925806,0.5324933513890873,0.5406868080215732,0.5476308504427663,0.5532208446970244,0.5573637945092447,0.5599815819313458,0.5610129612164916,0.5604162367473453,0.5581705684081983,0.5542771075079722,0.5487595831726133,0.5416635687754945,0.5330559812330149,0.52302292851655,0.5116678667468788,0.5059903358620432
0.09713402481508704,0.10203757792470014,0.10718027175639189,0.11257241854423644,0.11822455467864174,0.12414740417445447,0.13035183601672828,0.13684881043933617,0.14364931423790583,0.15076428271404874,0.15820450746892312,0.1659805265437886,0.17410249638270536,0.18258004234081526,0.19142208558477591,0.20063664350056687,0.21023060155221374,0.220209458919301,0.23057702923257317,0.241335113094871,0.25248313803446387,0.2640177531257071,0.2759323863628882,0.28821676380281325,0.30085640427399474,0.3138320755762358,0.32711922937703863,0.3406874281602812,0.3544997702974162,0.3685123491104858,0.3826737432197047,0.39692455921396363,0.41119710410202237,0.42541518214843643,0.43949403384391683,0.45334052721895723,0.46685358592838844,0.479924881427789,0.4924398184254253,0.5042790027710131,0.5153198487542832,0.5254387033640384,0.5345131384489799,0.542424646659434,0.5490613960116741,0.5543212139732789,0.5581143155045698,0.5603663634472755,0.5610204071011538,0.5600396349636294,0.5574081058107216,0.5531323869476146,0.5472412506709134,0.5397854505152311,0.5308365062251674,0.5204848375197857,0.5088374573319809,0.49601523204947817,0.48214971250537086,0.47521695273331943
0.10724216678996257,0.11263730890628793,0.1182925643649052,0.12421865950404426,0.13042646542059277,0.1369269430274006,0.14373107899299298,0.15084980754159594,0.15829391786411906,0.1660739442136977,0.1742000379254688,0.18268181706563302,0.19152819337459825,0.20074717272949127,0.21034562692598346,0.2203290338469549,0.2307011842370038,0.24146385869055598,0.25261645379966224,0.2641555795766748,0.2760746234349387,0.2883632688807425,0.3010069814440197,0.31398646562283417,0.3272771083424142,0.3408484016267743,0.35466336717001723,0.3686780144321078,0.3828408193302901,0.39709229714442573,0.4113646654502845,0.42558161389295135,0.43965828853310573,0.4535014715950614,0.46700997768633457,0.48007539183569703,0.49258309749803164,0.5044136272610289,0.5154443622814586,0.5255516375353686,0.5346130938524052,0.5425102433251139,0.5491314040603679,0.5543744537671036,0.558149874001479,0.5603834100831784,0.5610184299295051,0.5600183084654109,0.5573673545384406,0.5530724798203712,0.5471625845944073,0.5396888088333496,0.5307228019147026,0.5203552684021506,0.5086933415909689,0.4958581027084419,0.4819810925221413,0.46720160879926365,0.4516629588881349,0.44389363393257275
0.11731543626726237,0.12319487388670336,0.12935417100798596,0.13580427790286287,0.14255618270121506,0.14962083462205622,0.15700905465400483,0.1647314287715318,0.1727981830580827,0.18121903731936395,0.19000303656334372,0.19915835533898085,0.2086920749693455,0.21860992960806458,0.2289160191594758,0.23961248646904076,0.25069915771394835,0.2621731512198344,0.274028432615544,0.2862553443043381,0.2988401044728961,0.31176426677871016,0.3250041585580232,0.3385303080149904,0.35230687616784273,0.36629109729000797,0.3804327554351705,0.39467375029474616,0.4089477127095087,0.4231797872188625,0.43728657307528507,0.4511762318782786,0.4647488921396903,0.4778973115095275,0.4905078199366031,0.5024616610196908,0.5136366372034562,0.52390909447386,0.5331562599777473,0.5412587925171608,0.548103684369623,0.5535869320566311,0.5576167772749363,0.5601160649794412,0.5610251594612592,0.5603038041732855,0.5579327529550637,0.5539150406766424,0.5482758100468654,0.541062584443166,0.5323435532173448,0.5222064104899937,0.5107556610422215,0.4981102520695302,0.4844001356790173,0.46976361425471236,0.4543433811322517,0.43828419752597547,0.4217292111958093,0.41345171803072844
0.1273505477792658,0.13370633010910682,0.14036039060139227,0.14732370039608533,0.15460713301213513,0.16222136243154772,0.17017674483291834,0.17848317939156866,0.18714994713609656,0.19618552403200928,0.205597367958672,0.21539167401638193,0.2255730987954957,0.23614444953455216,0.24710633681905014,0.25845678905858316,0.2701908289060839,0.28230001878063904,0.29477195419415736,0.30758973879490004,0.3207314366160108,0.3341694980311416,0.34787018312004814,0.36179300121667257,0.37589018063144075,0.3901061874503675,0.40437732430016693,0.4186314848623385,0.4327879913296018,0.44675767686817025,0.46044319687784885,0.47373956403217843,0.48653504551021687,0.49871235955114335,0.5101501950226828,0.5207251355182918,0.5303138543736607,0.5387956159329055,0.5460550745962389,0.5519850063979148,0.5564894712970858,0.5594862502624265,0.5609100008965839,0.5607138724734351,0.558871912487946,0.5553798451545466,0.5502557782005701,0.5435401748458535,0.5352947040656808,0.5256010949106704,0.5145587124584416,0.502282199637536,0.4888983352914744,0.47454312212811267,0.45935811621677036,0.4434878962305566,0.4270762205630474,0.4102642017691105,0.3931871226408701,0.38464858307674765
0.13734422555542747,0.14416775456022768,0.15130655601492182,0.1587714073034624,0.1665728234310787,0.17472092682945806,0.18322529673665766,0.1920947941606127,0.20133736106339506,0.21095978965089468,0.22096746191403172,0.23136405354377387,0.24215120371256504,0.2533281470312221,0.2648913073880055,0.27683385331742194,0.2891452168789832,0.30181058540058037,0.31481034782217643,0.3281195350788879,0.34170725059553875,0.35553609525808216,0.3695616164759996,0.38373180946504437,0.39798668033310336,0.41225790854106936,0.42646864022524267,0.44053350860428164,0.4543587716979469,0.46784276884626275,0.48087666959510944,0.4933454926574887,0.505129521752461,0.5161060332396561,0.5261513569501286,0.5351432894057195,0.5429637001514376,0.5495013620217803,0.5546549683498081,0.5583357630129737,0.5604706358383527,0.5610040479368616,0.559900728783298,0.5571463580747382,0.5527491745702773,0.5467396038636041,0.5391699957136331,0.5301133436761019,0.5196613944300044,0.507922282471176,0.49501778746846803,0.48108012626109975,0.46624879210912074,0.45066744074098164,0.43448042459250047,0.4178305544767502,0.40085576073225493,0.38368775487452655,0.36644956101163473,0.3578304640801888
0.14729320434599014,0.1545752456095867,0.16218803683120953,0.17014193687098222,0.17844684786397613,0.18711205389693342,0.1961460350227573,0.2055562535134614,0.21534891069718676,0.22552867015567246,0.23609834813363983,0.24705856529128822,0.2584073624480576,0.2701397774735359,0.2822473845857343,0.29471779775137597,0.3075341425899425,0.32067450848597745,0.3341113682560193,0.3478110093452558,0.3617329734798791,0.37582951942962795,0.3900451438173824,0.4043161976879084,0.4185706009686141,0.4327277135179597,0.44669839110623055,0.4603853377567635,0.47368360734874937,0.486481483756509,0.49866170201686266,0.510102967674646,0.520681867190993,0.5302750695289804,0.5387618341647715,0.546026762229519,0.5519626279620993,0.556473311567911,0.5594767659386868,0.5609072903041357,0.5607182468323235,0.5588832917699649,0.5553983142625984,0.5502811529294216,0.5435722370907592,0.5353331681380258,0.5256455581029273,0.5146087065904315,0.5023372326256448,0.48895781528579096,0.4746064427598995,0.4594247370170157,0.44355706504988657,0.4271474972407807,0.4103368170857058,0.3932606518725468,0.3760468345553436,0.3588144879442856,0.34167232589414454,0.333101244869074
0.15719423024074475,0.16492492462967578,0.17300024205736175,0.18142988943509852,0.19022289310406337,0.19938740390828769,0.20893047333690795,0.2188577988667284,0.2291734366536613,0.2398794774698182,0.2509756876991931,0.2624591099341522,0.2743236272893612,0.28655948996594516,0.29915280740805406,0.31208501045345005,0.3253322908840528,0.33886503244558996,0.3526472290700089,0.3666359371635308,0.3807807599360269,0.39502339085322413,0.4092972551462881,0.42352729591884186,0.4376298963030667,0.45151301855751447,0.46507658074514957,0.4782131895646313,0.49080904858116225,0.5027452815703404,0.513899624183054,0.5241484183073597,0.5333689463594515,0.54144200411816,0.5482547161046525,0.553703437974391,0.5576966062193445,0.5601575405750125,0.5610271044397663,0.5602654259329709,0.5578539797105408,0.5537960434749278,0.5481176832098256,0.5408665973318705,0.5321117381429197,0.5219410619458653,0.510459613169485,0.4977864530114928,0.48405205270436014,0.46939450545609773,0.45395697380175903,0.4378838972562793,0.4213185341626291,0.4044001877396708,0.38726181828157014,0.3700285618172572,0.3528158444243745,0.3357288120686919,0.31886135214931777,0.3104276221896285
0.16704406148257023,0.17521293759571732,0.18373862278616482,0.19262993148286778,0.20189474469649749,0.21153977947625857,0.22157032528194953,0.2319899470080522,0.2428001527380902,0.25400002252383036,0.2655858012435497,0.2775504509645399,0.2898831687105119,0.30256887011822053,0.3155876449358763,0.3289141921121519,0.34251724539812956,0.356359005731417,0.37039458735268593,0.38457152505730563,0.39882934171572293,0.4130992172201786,0.42730379969171395,0.44135721251809423,0.45516523485406246,0.4686257581646558,0.48162952669483117,0.4940612774090436,0.5058010727787465,0.5167260549659902,0.5267125702391029,0.5356385741886105,0.5433862812726731,0.5498449735845212,0.5549139554868177,0.5585054089108188,0.5605470589906636,0.5609846337083835,0.5597840041349822,0.5569322293474332,0.5524388268451319,0.5463354624509331,0.5386758986181861,0.5295341372259132,0.519003069442947,0.5071916573933333,0.4942224446378729,0.4802280488955457,0.4653485076356878,0.4497273035415761,0.43350912348230963,0.41683623038816897,0.39984649326593846,0.38267100233183804,0.3654323074399768,0.3482433106318039,0.33120609144667856,0.3144116120084739,0.29793935569920826,0.2897032275445799
0.17683946927538774,0.18543545666364292,0.1943986748037091,0.2037367996018341,0.21345629259780674,0.22356213333957375,0.23405751479196268,0.24494350353074845,0.2562186628867569,0.2678786360533769,0.27991569374760217,0.29231824326130695,0.3050703068875893,0.31815097275150306,0.33153382710304435,0.34518637974323974,0.359069497414678,0.37313686325248896,0.38733448318271746,0.4016002841656996,0.41586380459850747,0.4300460330980327,0.44405943555992256,0.4578082283015483,0.4711888583646173,0.4840908130990029,0.4963977490536897,0.5079890413968036,0.5187415328727107,0.5285316758292979,0.5372380197419901,0.544743931140923,0.5509404239302618,0.5557290511284596,0.5590248207406634,0.5607588154490539,0.5608804963585023,0.559359647711295,0.5561878424275779,0.5513787597205133,0.5449685539194382,0.5370148506859818,0.5275956768168033,0.516807105802326,0.5047610587948226,0.49158217868885856,0.4774049561213234,0.4623700707575118,0.4466218280456813,0.4303042809784019,0.4135593446013486,0.3965235319605487,0.37932646406468873,0.3620889341081579,0.3449217320032627,0.3279248792833789,0.31118707400215495,0.2947856127622517,0.2787865244309007,0.2707869802652296
0.1865772385861847,0.19558868172497135,0.20497594114034956,0.21474530431380423,0.22490153662008683,0.23544757577696862,0.24638418588801447,0.2577095752815317,0.26941897657916547,0.281504187084205,0.2939530759135178,0.30674905668976127,0.31987053612776206,0.3332903446724922,0.34697516177764287,0.3608849518808721,0.37497243004280034,0.38918257657192146,0.40345223790547946,0.4177098524492162,0.431875302825,0.4458599660085927,0.4595669968400129,0.4728919033171741,0.4857233561657148,0.49794437064618613,0.5094338280883348,0.5200684127732069,0.529724743180815,0.5382818323057625,0.5456238434391869,0.5516430059222732,0.5562424792887,0.5593391720270247,0.560866447529198,0.5607763461071902,0.5590413866382149,0.5556558749760754,0.5506366057822532,0.5440224641529845,0.5358738833191623,0.526271259589719,0.5153129627429687,0.5031126864263946,0.48979656967144347,0.475499990718502,0.4603644870681167,0.444534177103062,0.42815338072110354,0.41136304660406964,0.3942992214776764,0.37709027247548654,0.35985583243601127,0.3427053267444613,0.32573731072583545,0.30903900733390444,0.2926862608318803,0.276743629313736,0.2612648936969686,0.2535255258885827
0.1962541689407249,0.20566884193732815,0.21546601456212733,0.22565033378703248,0.23622459165071719,0.24718938163332926,0.25854271179516,0.2702795817944348,0.282391522688793,0.2948660990723795,0.3076863820949316,0.32083039474718134,0.33427054230456776,0.34797303775604305,0.36189733865957585,0.3759956161734368,0.39021227938660363,0.4044835746634523,0.4187373156725982,0.43289277237539836,0.44686072147754663,0.460543744413473,0.47383679999312145,0.48662812648921916,0.49880039602521853,0.5102322700150586,0.5208002968190706,0.5303811914856826,0.5388542927150564,0.5461042513973169,0.5520239427923546,0.5565174467551803,0.5595027991311752,0.5609145912367142,0.5607063149711244,0.55885206220462,0.5553477280345454,0.5502116150880321,0.5434843452685234,0.5352278043419556,0.5255237456834339,0.5144717536968502,0.5021864890048278,0.4887949212602427,0.47443296208733,0.45924235727338836,0.4433675574377949,0.426952390748383,0.4101379235451841,0.393059329819776,0.3758446896537482,0.35861275532758086,0.3414722716824503,0.32452094686411304,0.307845217215883,0.291520045699567,0.2756092732077775,0.26016584483542715,0.24523258765783762,0.23776595906904507
0.2058670752126468,0.21567219722933184,0.22586453999980993,0.23644685742157667,0.24741969263903596,0.2587809969452515,0.27052570340330595,0.28264526568966275,0.29512716175032483,0.3079543636846138,0.3211047847910631,0.33455070831140743,0.34825821345521923,0.36218661266912755,0.3762879206286329,0.3905063805079456,0.40477807459157744,0.41903063827917864,0.4331831530012975,0.44714623126899555,0.4608222973422538,0.4741061626089782,0.48688591026735395,0.4990441359285924,0.5104594474939028,0.5210083777494079,0.5305676220252131,0.5390165969820737,0.5462401482942747,0.5521313639883596,0.556594522797853,0.5595480051143542,0.560926796421497,0.5606847404687132,0.5587964020989133,0.5552581609634588,0.5500887645882768,0.5433292110132548,0.53504189774638,0.5253089999185834,0.5142303261299075,0.5019209608241892,0.4885079284916527,0.4741274509541116,0.45892128354146244,0.4430338325906913,0.4266091057958299,0.40978774835049414,0.3927051725913788,0.37548894353156115,0.35825786991968034,0.3411203219272263,0.32417386350631183,0.30750462812637824,0.2911874264792713,0.27528576432061413,0.25985249029564006,0.24493012662681224,0.2305518267418627,0.22336267679939015
0.2154127884055529,0.22559503977865658,0.2361672169129153,0.24712992930303823,0.2584811993422842,0.27021604515488185,0.2823260170576425,0.2947987020216747,0.3076171966309249,0.3207595522194029,0.3341982057371917,0.34789940458882285,0.36182264375361206,0.3759201336520801,0.39013632329048975,0.40440750893317223,0.41866155883498624,0.43281777116694675,0.4467869612653663,0.4604717715498019,0.4737672085585043,0.48656151679227433,0.4987373872520462,0.5101735346434499,0.5207465285103252,0.5303330296485709,0.5388123144395807,0.5460690341158747,0.5519960849353334,0.5564974369697162,0.5594909982522944,0.5609113292612999,0.5607117828384012,0.5588663095939639,0.5553707514427009,0.5502432883551367,0.5435243302552095,0.5352757033603961,0.525579105136571,0.5145340237116436,0.5022549825089406,0.48886898198598594,0.47451177548451184,0.4593252551330895,0.4434536691283286,0.4270410443996564,0.4102283167597598,0.39315079285472176,0.37593655877827814,0.35870440586740937,0.3415631752917392,0.32461060075699155,0.30793319396744234,0.29160597563719026,0.2756928488370036,0.26024679752212343,0.24531074434244182,0.23091796196443415,0.21709313956262744,0.21018072836172408
0.22488815642779492,0.23543369546211002,0.24636980158617428,0.2576946915201883,0.2694036008238332,0.2814883329025697,0.2939367616674682,0.30673230656623973,0.3198533816024729,0.3332728246849648,0.3469573236477541,0.3608668513942237,0.37495413112511367,0.38916415484508526,0.40343378356222037,0.4176914637654683,0.43185709344810475,0.445842051477805,0.4595495070560274,0.4728749779331287,0.4857071428771431,0.49792902549000484,0.5094195266660639,0.5200553229232119,0.5297130004913297,0.5382715673321847,0.5456151969183787,0.5516360997074621,0.5562374599128961,0.5593361714603184,0.5608655044997346,0.5607775099815759,0.5590447055104164,0.5556613601742422,0.5506441674220697,0.5440320414923727,0.5358853716729639,0.5262845712084552,0.5153279355432305,0.5031292158947487,0.4898144035988805,0.47551907569834295,0.4603844669232826,0.44455505346814306,0.42817480587054924,0.41138495794515784,0.3943213891704689,0.3771125355836036,0.35987807438640385,0.34272737811442244,0.32575907566648077,0.30906037197988123,0.29270713498397605,0.2767639281643053,0.26128458285104905,0.24631254225358834,0.23188185833654895,0.21801766421190028,0.20473729485331216,0.1980971101740181
0.23429004485961968,0.2451845252765883,0.25646810935605835,0.26813637734233176,0.2801815196976454,0.2925918553904472,0.30535130512518327,0.3184388430416918,0.33182792982072384,0.34548593656447024,0.3593735786908214,0.3734443769279028,0.3876441688151244,0.40191069870886387,0.4161733182135108,0.4303528353426589,0.4443615474285134,0.4581034667272932,0.4714748752625608,0.48436514836145417,0.4966578536588573,0.5082322462279509,0.5189651132112028,0.5287329650333361,0.5374144316284557,0.5448929896772814,0.551059848590234,0.5558168413802944,0.5590793299283447,0.5607787469394898,0.5608649639732177,0.5593082915917069,0.5561006481093478,0.5512562800604703,0.5448117968933608,0.5368253455176109,0.527375277388149,0.516558142406307,0.504486064047236,0.49128407646279904,0.4770866003753005,0.4620347788917112,0.4462725106549259,0.4299442716678792,0.4131915300856237,0.39615087312132147,0.37895168930103473,0.36171452282578453,0.34455002273859225,0.32755788953596543,0.31082661954039636,0.2944332421297702,0.2784435646532124,0.2629124534207339,0.24788454932987758,0.23339472621126234,0.21946917055637893,0.20612589871769504,0.19337589112986553,0.18700088733595077
0.24361533771234511,0.25484392672984857,0.2664580167651087,0.2784503142527506,0.29080971611361917,0.3035208013107549,0.316563280030413,0.3299114292648131,0.34353351922609576,0.3573912433128734,0.3714391737932188,0.38562426524472837,0.39988543126313947,0.41415322713799774,0.4283496733352943,0.44238826094179173,0.45617417462316734,0.4696047356271116,0.4825702195362136,0.49495495500082365,0.5066387119021454,0.5174984988513542,0.527410696943027,0.5362535042336192,0.543909542880503,0.5502687321954958,0.5552312337050225,0.5587102689609424,0.5606348979652598,0.5609522778426523,0.5596296481061191,0.5566558538820798,0.5520419620829209,0.5458214010219087,0.5380493693131516,0.5288014415583531,0.5181717178749956,0.5062703594104523,0.49322059988401445,0.4791559462734396,0.46421648916028513,0.44854629725358475,0.43228955079984477,0.4155886192010838,0.3985807346461767,0.38139646805365857,0.3641577377200145,0.3469765823845439,0.32995435824056063,0.313181127827864,0.29673555915832317,0.28068501707065874,0.2650859302621278,0.24998427102872256,0.235416369090653,0.22140945711702997,0.2079827899908837,0.19514819323251054,0.18291118136137374,0.17679267542580757
0.2528609381792446,0.26440833520003704,0.2763354636420057,0.28863192683475813,0.3012830914793485,0.3142695573342913,0.3275665887170087,0.3411435422468756,0.3549632968890426,0.36898170264227703,0.38314707289422656,0.39739974763567054,0.41167175466692796,0.42588660590348604,0.43995926574424193,0.4537963343977003,0.46729648084186115,0.4803511199951127,0.4928455045329061,0.5046601011030427,0.515672261645177,0.5257583043572467,0.5347959032297389,0.5426667366683402,0.5492592463763457,0.5544715811863421,0.5582145162486363,0.560414109980123,0.561014267306259,0.5599786410031271,0.5572921688427845,0.5529620706398863,0.5470179020914712,0.539511121174896,0.5305139083568333,0.5201172736598103,0.5084287701776224,0.4955696739019322,0.4816717490101796,0.466874399574726,0.45132094181603577,0.43515610951465167,0.4185223981938524,0.40155840017926714,0.38439580591972167,0.3671582067702106,0.3499594394023653,0.3329027410612717,0.3160801746263031,0.2995724028381108,0.28344871785632275,0.2677674242936412,0.25257629926662695,0.2379132262316519,0.22380707112047205,0.21027829183378088,0.19734006453983266,0.18499885197440502,0.17325548553752235,0.16738380231908323
0.26202376937786376,0.2738742252630044,0.28609645510540904,0.2986767395074452,0.31159669191467176,0.32483271215600795,0.3383554075837436,0.3521290222403206,0.3661108818307668,0.38025087466461716,0.39449099628248163,0.4087649901642454,0.422998112647861,0.43710706308819347,0.45100011735071055,0.46457750795375397,0.47773208310112336,0.4903502297913209,0.5023132439991307,0.513498978933169,0.5237837850845994,0.5330448465396143,0.5411627840747912,0.5480244514820232,0.5535257817353223,0.5575747242856921,0.5600940553613953,0.5610237944542984,0.5603234743516516,0.5579736282889525,0.5539768334470119,0.5483581554267625,0.5411646525429625,0.5324643967641718,0.5223447612984877,0.5109101096774138,0.49827916046008447,0.48458191361557823,0.469956278835153,0.45454525169755566,0.43849325619410795,0.42194379911535407,0.4050361072004849,0.3879037105757899,0.37067181544019334,0.35345640397840494,0.3363629105696919,0.31948571669933923,0.3029077827299398,0.2867007490369833,0.27092507539566935,0.25563065735087154,0.24085735585815726,0.22663574624898875,0.2129880286399688,0.1999286818304702,0.18746557290606702,0.1756005359780799,0.16433040450882785,0.1586953387741996
0.2711007750834149,0.28323811198647353,0.29573706348977935,0.30858037910850733,0.3217457114361455,0.3352050600963341,0.3489241907321694,0.36286207575110363,0.37697036635728876,0.3911929199710118,0.4054654131651203,0.41971507761841,0.43386058744814715,0.4478121421951786,0.4614717835202464,0.47473398784633636,0.48748656310613203,0.49961182412586513,0.5109882383877173,0.5214923333194221,0.5310008827361745,0.5393934622305463,0.5465552164397014,0.5523797416634446,0.5567719522334169,0.5596509348349743,0.5609525720970954,0.5606316498804342,0.5586637687480178,0.5550463779335546,0.5497992991694645,0.5429646134421606,0.5346056471202587,0.5248054909765232,0.5136648244583997,0.5012992719407316,0.4878365063828394,0.47341301915538647,0.4581707088179243,0.44225414112753825,0.4258070497370747,0.40897016590485613,0.3918782046621683,0.37465868110005296,0.3574296766490903,0.3402992030976426,0.32336419677123196,0.3067103086333578,0.2904117209487511,0.2745315189565778,0.25912192258266575,0.24422508363020068,0.22987366621608718,0.2160916776609012,0.20289539162118952,0.19029403012430723,0.17829083969881143,0.16688367276491256,0.15606596188236566,0.1506571064410922
0.280088920453041,0.2924965521901224,0.3052534301915799,0.31833857732190496,0.3317254948694437,0.3453816042583657,0.3592676729179334,0.3733372775362731,0.3875363159515888,0.40180259573665444,0.41606553163069937,0.43024599415284137,0.44425633710427626,0.4580006506152845,0.4713752764464729,0.48426962507403637,0.4965673169586293,0.5081476108514216,0.5188873152822615,0.5286629347229432,0.5373530729621412,0.5448411644891937,0.5510183512680245,0.5557863876547153,0.559060459806271,0.560771884277631,0.5608704749261517,0.559326284906112,0.5561311083296894,0.5512990395204986,0.5448664693899774,0.5368914280853865,0.5274520986720477,0.5166448892592568,0.5045818712081473,0.49138788746373674,0.47719747958907544,0.46215158920445365,0.44639419077780573,0.4300696816516769,0.41331960864788186,0.3962806899341942,0.3790821834133862,0.36184491698771915,0.34467945321649207,0.32768568397553377,0.3109521219129707,0.2945559421135746,0.2785629620963359,0.26302823186975743,0.2479963429972809,0.23350236066604246,0.21957243985539332,0.20622471041811696,0.1934701966397867,0.1813135140648292,0.1697539007751292,0.15878579507118573,0.14839974717894222,0.14320672323281602
0.28898519274056955,0.30164614567080084,0.3146417674343305,0.3279471729485517,0.3415315404884456,0.35535755924256174,0.36938087182432633,0.383549571610301,0.39780376777462045,0.4120752499483793,0.4262872861774891,0.44035460090711465,0.4541835590482779,0.46767260413739464,0.480712984527365,0.4931898027338244,0.50498340293746,0.5159710470973877,0.5260290754854191,0.5350352650692636,0.5428714142349134,0.5494262017767371,0.5545981152087531,0.5582983136958353,0.5604533355631758,0.5610075744574972,0.559925329426092,0.5571921390983747,0.5528158369624814,0.5468266306033054,0.5392765791421694,0.5302384211354694,0.5198036716750964,0.5080803101309916,0.49518991288022285,0.48126459478464056,0.4664438378991953,0.45087120192758956,0.43469106997358065,0.41804620288484085,0.40107474074551064,0.38390842617840537,0.36667036910476014,0.3494742709408438,0.33242297885801797,0.3156082790146719,0.2991104602137362,0.2829985660828571,0.26733051761925086,0.25215387483816354,0.23750621027643248,0.2234161366620091,0.2099039467337338,0.19698252975956176,0.18465827542363478,0.17293177464027476,0.16179879872578518,0.15125086824515854,0.14127610049607053,0.13628871662152875
0.2977866020015296,0.31068353639201685,0.3238983599512346,0.3374021140185379,0.3511595023805947,0.3651283534220018,0.37925908966936595,0.3934942712876488,0.4077682278314454,0.42200681385925143,0.4361273229869511,0.450038610892336,0.46364145059020645,0.476829168173476,0.48948858869973355,0.5015013212236696,0.5127453890414868,0.5230971428343367,0.5324336472001767,0.540635218949288,0.5475881526175819,0.5531876549806136,0.5573407655818352,0.5599691152022812,0.5610114607441719,0.5604258801377049,0.5581914566100288,0.554309176299177,0.5488025150844589,0.5417170469083477,0.533119424732158,0.5230957355417232,0.5117492430004411,0.49919775729308835,0.4855705424846146,0.4710051658374992,0.4556442985470266,0.4396325008894886,0.42311313556143926,0.40622611032878453,0.38910518672156336,0.3718764081504533,0.354656259979369,0.33755106783378785,0.3206559226697969,0.30405464296285434,0.2878195830995045,0.2720120585854069,0.2566825914638837,0.24187180257920993,0.22761083828707562,0.21392246079958266,0.20082170195450555,0.18831679281328562,0.17641004309046693,0.16509853733589708,0.15437505784312577,0.14422864060036567,0.13464535883714657,0.12985371795553924
0.3064901817881993,0.319605413637013,0.33301956658420506,0.3466994597438755,0.36060519253883094,0.37468963078273076,0.3888979141599691,0.40316705829242294,0.41742566686362115,0.43159379278028376,0.4455829831281277,0.4592965614423927,0.4726301667318378,0.48547259635175477,0.4977069766395448,0.5092122825163337,0.5198652018166827,0.5295422692831764,0.5381224503152415,0.5454898221984039,0.5515363961328767,0.5561650731264778,0.5592924979195257,0.5608516541708686,0.5607941718229692,0.5590921911582081,0.5557396441181184,0.5507526999263779,0.5441698751689117,0.5360511925044209,0.526476698964955,0.5155443991793662,0.5033677085941823,0.490072572908824,0.47579422672952454,0.4606740174515034,0.44485623941780794,0.42848504757003525,0.41170157962610254,0.3946419023237846,0.37743464537054905,0.3601996332135471,0.3430464277746248,0.3260738821026088,0.30936941051129097,0.29300909307392153,0.2770577004217367,0.2615692584996143,0.24658739851751488,0.23214634463662787,0.21827138405363655,0.20497999290623792,0.19228249619157367,0.1801829958825607,0.16868021970788405,0.1577682059345742,0.1474371681472597,0.13767403515169363,0.12846317222135362,0.12385774075618361
0.3150929898343213,0.32840851312467945,0.34200182179827787,0.35583538231097056,0.36986458268124855,0.38403725233495445,0.3982932188089572,0.4125639809692583,0.42677251503304925,0.4408332553243066,0.45465228388259504,0.46812778452647974,0.4811507757531519,0.49360616710604877,0.5053741556808,0.5163319746066408,0.5263559778155225,0.5353239737110416,0.5431179724050761,0.5496269693084921,0.5547498169734522,0.558398147745085,0.5604991044466479,0.5609977186448423,0.5598589426722489,0.5570691432828467,0.5526369548538002,0.5465932700035814,0.5389908771732999,0.5299032008732985,0.5194223999458103,0.5076569363067573,0.49472880380765805,0.48077046336664875,0.46592152396959463,0.45032559904354397,0.43412722610156607,0.41746895129968653,0.40048868967463847,0.3833178831128281,0.36607946581952433,0.3488866951424363,0.3318420559387869,0.31503695228145556,0.2985512925394751,0.2824537126371496,0.26680178921119513,0.25164271453026466,0.2370137340978573,0.22294320004100143,0.2094510759182988,0.1965500762318495,0.1842463262213201,0.17254027715614573,0.16142752028720952,0.15089945501667312,0.14094409534489927,0.13154659134708702,0.12268989064908808,0.11826154030008862
0.32359210872935584,0.3370896180877214,0.3508416371105716,0.3648061685125803,0.37893380580018343,0.39316729710222154,0.40744116263262353,0.42168145163227755,0.43580565546614713,0.44972282122043516,0.46333389838181915,0.4765323752168604,0.489205213000965,0.5012341188586666,0.5124971652444166,0.5228707571262192,0.5322319188613878,0.5404608018905233,0.5474435576786285,0.5530751806262724,0.5572623818811895,0.5599264251411107,0.5610056811127362,0.5604577416030243,0.5582611362920442,0.5544164268393703,0.5489466184223479,0.5418967034701994,0.5333328420425643,0.5233407222338338,0.5120232873206776,0.4994980007484129,0.48589391352988454,0.47134847795137436,0.4560042149075283,0.4400056516602735,0.4234963697986638,0.4066162925579997,0.3894993018601589,0.3722716103838275,0.35505005540095613,0.33794112149490463,0.32104017988678457,0.30443130253877904,0.28818712972314753,0.2723691915318538,0.25702828243143294,0.24220522092015973,0.2279313594163579,0.21422967862390507,0.20111531943468375,0.18859671857620164,0.1766762632409069,0.16535118490203615,0.15461433580860717,0.14445483662172798,0.13485882550641648,0.12580995945176365,0.11729001905881997,0.11303004886234591
0.33198464658192206,0.34564556031242644,0.3595356024331231,0.3736082212192049,0.38780915744336397,0.4020760626968356,0.4163381892484064,0.4305162430915732,0.4445224167299566,0.45826064782011233,0.47162713374888643,0.4845111586007911,0.4967962332927889,0.5083615843589961,0.519083989502922,0.5288399490088325,0.5375081521173475,0.5449721292457466,0.5511232097638974,0.5558633798460133,0.5591081104930051,0.5607890552337635,0.5608563802388922,0.5592805742277562,0.5560538184864461,0.5511906626231866,0.5447279917866288,0.5367241412689361,0.5272576443286736,0.5164252565964222,0.5043393650516492,0.49112501101302275,0.4769168551203107,0.461855927933823,0.44608633968337585,0.42975233948319147,0.41299552564361797,0.3959523581579516,0.3787520424140478,0.36151511322203067,0.3443520466146266,0.3273624654445362,0.3106346836003038,0.2942456284735906,0.2782609578335826,0.2627354618853728,0.24771357389045345,0.23323019281921376,0.21931125167699683,0.20597483256392657,0.1932317189386401,0.18108651375734475,0.1695382849012539,0.15858143108401723,0.1482064194461863,0.1384004098022995,0.12914794816857533,0.12043144673926864,0.11223173537703524,0.10813187969592075
0.3402677376722807,0.35407322113955364,0.3680803873290317,0.3822380606903397,0.39648709673019367,0.410760065490936,0.42498102539395677,0.4390654843987407,0.4529205643141987,0.4664454154171205,0.4795319079351956,0.49206565541774827,0.5039273623298568,0.5149945247013399,0.5251434709380631,0.5342517189779827,0.5422005957906095,0.5488780014712313,0.5541814089013242,0.5580206919177821,0.5603208610115673,0.5610245751942888,0.5600942054671565,0.5575133083096584,0.5532876259930042,0.5474453351284114,0.5400365767808113,0.5311321677058656,0.5208219478475584,0.5092125157604332,0.4964243743547536,0.48258877269447886,0.4678446225957611,0.4523352389823154,0.436205139882615,0.4195972588606445,0.4026503435932183,0.38549670769097766,0.36826038363433344,0.3510559131548163,0.33398726124933553,0.31714719434378313,0.3006170977135625,0.2844669938000388,0.26875587567466663,0.2535321744773844,0.23883438273081037,0.224691921587179,0.2111257552264556,0.1981495102037778,0.1857700421395636,0.17398852592408698,0.1628010887274689,0.15219964337891856,0.14217258651331832,0.13270539744365983,0.12378127845345421,0.11538161269052605,0.10748646588126576,0.10353889247663561
0.34843854309359656,0.3623695324258003,0.3764727421815661,0.3906923257262851,0.40496424710705914,0.41921604039365845,0.43336667889024016,0.4473266558548139,0.4609982911947452,0.4742763115041959,0.48704872543975375,0.49919804669342094,0.5106028474913882,0.5211396635041665,0.5306852253784289,0.5391189795186979,0.5463258311434527,0.5521989851904396,0.5566429438396225,0.5595762611628174,0.5609341422071701,0.5606707257795684,0.5587608454756765,0.5552011425232961,0.5500106818646455,0.5432307739113718,0.534924083428292,0.5251729695359009,0.5140774709417428,0.5017528007707561,0.48832628427300406,0.47393407769366735,0.4587180847864225,0.4428227338071755,0.4263919073967992,0.4095663323854959,0.3924811852303556,0.37526409033160846,0.3580335388774136,0.3408978774054905,0.3239545045583947,0.3072894106481705,0.29097723634569306,0.2750813757009096,0.259654494804904,0.24473905167258447,0.23036801101010695,0.2165657406282273,0.20334866096471949,0.1907263556409644,0.17870214736139367,0.16727415243067423,0.15643589880780517,0.1461771238013121,0.1364844328916215,0.12734187194836988,0.1187315169489267,0.11063390941802975,0.10302851189520013,0.09922581313378753
0.3564942513816993,0.37053147746548776,0.38470949927600806,0.3989677746615672,0.4132373968461034,0.42744094024584345,0.4414924360727779,0.45529758332544246,0.468754207555242,0.48175301408853954,0.49417865209434586,0.5059111376302949,0.516827608358339,0.5268044216902168,0.5357195590338248,0.5434552848887497,0.5499009813308442,0.5549560290219668,0.5585327584838806,0.5605590891139478,0.5609809504842,0.5597642980398221,0.5568965428238415,0.5523872874191915,0.5462685513248267,0.5385941747200906,0.5294385293276083,0.5188945240814569,0.5070712703068248,0.4940913842113348,0.4800877705619744,0.4652002731528304,0.4495726334385397,0.433349344847449,0.41667274432927837,0.399680596903389,0.3825039201014313,0.365265230126135,0.3480772187205394,0.33104192990238257,0.3142502176112405,0.2977814350119612,0.281703703272167,0.26607408934626875,0.2509392803480992,0.2363361448804513,0.22229252019887902,0.20882812497114323,0.19595523430994355,0.18367977128213475,0.17200188745003508,0.16091697614327938,0.15041627357941234,0.1404876188898596,0.13111607423688554,0.12228446966110251,0.113973945069068,0.10616436314442534,0.0988347220210839,0.0951699014594154
0.36443207913331,0.37855609187199657,0.39278757379411555,0.4070612862013756,0.4213034992924103,0.435431934844559,0.4493558587161761,0.4629764319092855,0.47618732974393785,0.48887567418673283,0.5009232890922743,0.5122083210016415,0.5226071872894567,0.5319968532628483,0.5402573879738704,0.5472747336228556,0.5529435974455876,0.5571703352437374,0.5598758131370785,0.560997891377506,0.5604936305447539,0.5583410079469475,0.5545399942944584,0.5491129041909937,0.5421042318201619,0.5335796528896619,0.5236243666505525,0.5123408074034463,0.4998460344542366,0.4862688891500966,0.47174667619100497,0.456421795632278,0.4404387796831566,0.42394125883546074,0.40706923953838015,0.3899568949286847,0.3727306148549392,0.3555074965204863,0.33839426805945205,0.3214866422002993,0.30486901166868474,0.28861427635241466,0.27278429244929736,0.2574301161225723,0.24259280636004021,0.2283040184178109,0.21458684647535975,0.20145674218108756,0.18892220682003913,0.17698585588560967,0.16564500028483753,0.15489261458978998,0.144717919713937,0.13510710420990613,0.12604390665803322,0.1175101328795547,0.10948615310754306,0.10195129253341317,0.09488420450586954,0.09135066049209772
0.3722492716123338,0.3864404644187047,0.4007039647213406,0.4149698601026708,0.42915967286523804,0.4431864096105742,0.4569547804781071,0.4703616990064008,0.483297068542754,0.4956448976177308,0.5072847464316999,0.5180935402813014,0.5279477003460098,0.5367255824301354,0.5443101604307055,0.5505918758872896,0.5554715520245268,0.5588632420894224,0.5606969600011347,0.5609209726404574,0.5595037580442219,0.556435396434074,0.5517282791832723,0.5454170725627772,0.5375581715461619,0.5282283223700945,0.5175226295056667,0.5055520150902293,0.4924403797202981,0.47832165859036824,0.4633364488799696,0.44762866809537893,0.4313426990721725,0.414620496428193,0.3975990681790975,0.38040847900397967,0.36317012771578394,0.34599547532476294,0.32898520154004185,0.312228723362562,0.2958041046783588,0.2797780094168756,0.2642063032807629,0.24913435528448602,0.2345979443288293,0.22062387684552043,0.20723087009949293,0.19443046790267537,0.1822277426782115,0.17062232717005354,0.15960899286949548,0.14917857090384956,0.13931851514744853,0.1300135844566519,0.12124638855942838,0.11299787772331094,0.1052477980172073,0.09797505984491028,0.09115807482241056,0.08774958231116514
0.37994310334419024,0.3941817378390833,0.40845575566697545,0.42269061770197625,0.4368032008193079,0.45070196391253425,0.4642873028897121,0.4774522068339171,0.49008321682520783,0.502061726209202,0.5132656159370441,0.5235712527263425,0.5328557888344898,0.540999742384638,0.5478897822412043,0.5534216259531144,0.5575029401550258,0.5600561165764861,0.5610208324608346,0.560356118817027,0.5580420425506216,0.5540807523427493,0.5484968121306166,0.5413367834762339,0.5326683112927855,0.5225783945925455,0.5111710955371684,0.4985647896021783,0.48488914330397925,0.4702821109683786,0.454886552771252,0.43884695880695546,0.4223067266411107,0.4054054309381927,0.38827652092001674,0.3710455382446032,0.35382861988086045,0.3367314537044974,0.3198486524919586,0.3032634250660138,0.28704767674250675,0.2712620767987861,0.2559567872040658,0.2411718148327413,0.22693799949745852,0.213277649085728,0.20020545059861838,0.18772937607129503,0.1758513883278301,0.16456843552263845,0.15387302383079948,0.14375408977029824,0.1341975429521325,0.12518690947754152,0.11670384272836731,0.1087285858536946,0.1012403879679935,0.09421785116918713,0.0876392340598553,0.08434992550518494
0.38751087869791756,0.4017771095857825,0.416040115597599,0.4302208022921017,0.4442315307726763,0.45797640906240833,0.47135179091998936,0.4842470944366295,0.4965459366786118,0.5081276185291994,0.5188689440135064,0.5286463926137297,0.537338571709256,0.5448289160041608,0.5510085456825209,0.5557791799740852,0.5590559882194523,0.5607702576511264,0.5608717475605207,0.5593305052388087,0.5561382490828404,0.551309055828999,0.5448793172785504,0.536906952620364,0.5274701450262009,0.5166652921734993,0.5046044566407426,0.4914124493084593,0.4772236691426235,0.4621790786061952,0.4464228526462577,0.4300992023869199,0.41334980430898227,0.39631125066064143,0.37911296951137263,0.36187565579320236,0.34470999437107075,0.3277158312190265,0.3109817484864985,0.2945848757386704,0.2785911586355372,0.26305552934887455,0.2480227390512857,0.23352775427104788,0.21959680660936343,0.20624803968010585,0.19349243675782724,0.1813347113468744,0.16977401135133352,0.15880487346398908,0.14841778760140922,0.13860002034992824,0.12933613683164147,0.12060860591379008,0.11239827740755715,0.10468481794676521,0.09744709086899395,0.09066348232614985,0.0843121742195585,0.08113652016626727
0.3949499324558947,0.4092238325484976,0.4234542994843138,0.43755777935038154,0.4514422740082291,0.46500776599706306,0.47814686814226626,0.49074580923983424,0.5026857460647349,0.513844430250765,0.5240982042808895,0.5333243348156391,0.541403599049981,0.5482230786978626,0.5536790618974607,0.5576799391809195,0.5601489702269813,0.5610268093406323,0.5602736209971093,0.5578706197358163,0.5538211365042889,0.5481509398725626,0.540907820755594,0.5321604512213218,0.5219967951754256,0.5105217731909528,0.4978544945807206,0.4841252153858111,0.4694720835389665,0.4540381271279603,0.43796797009816757,0.4214047840747215,0.40448788346307385,0.38735036948247537,0.37011727516702564,0.3529042052665643,0.3358162718020541,0.3189474674487114,0.3023804248031592,0.28618635540609727,0.27042546509531196,0.2551472164351276,0.2403912440868039,0.22618778936078332,0.21255879422989565,0.19951855524594553,0.1870746582941285,0.17522884943518946,0.16397773304684726,0.15331368414588376,0.14322540244457116,0.1336986873017798,0.12471693840962139,0.11626172378120359,0.1083132249252916,0.1008506468472703,0.09385256423686705,0.08729722736067203,0.08116280698392764,0.07809559679555544
0.4022576303710712,0.41651921573050976,0.43069564886441203,0.4446990366211856,0.4584332045560102,0.4717942626615579,0.4846714115310746,0.49694809819170294,0.5085035050911224,0.5192143942525118,0.5289572702233247,0.5376108588813189,0.5450588068020767,0.551192543582697,0.5559141970528492,0.5591394385369286,0.5608001316059275,0.5608466835273074,0.5592498938907187,0.5560021994281406,0.5511184110812795,0.5446356676544295,0.5366126587276954,0.5271281508842662,0.5162790991159572,0.5041780624363801,0.49095025808682635,0.47673043362790324,0.4616595583605987,0.44588185471373,0.4295416118234785,0.41278028881981843,0.395734285879521,0.3785327904520708,0.361296145874177,0.34413469357486903,0.327147911490262,0.3104239753935323,0.29403968546220405,0.27806052108546364,0.2625411826288726,0.24752593544218104,0.23304958954648125,0.21913796695847143,0.20580902485806796,0.19307351238588844,0.1809359044637482,0.16939524952621188,0.1584458579278003,0.14807817114348865,0.1382793036772645,0.12903377042621234,0.12032396608189888,0.11213069709230528,0.10443359640331717,0.09721150842596504,0.09044280401700355,0.08410566690038479,0.07817831295542366,0.07521463598294531
0.4094313697114871,0.42366062488381706,0.43776159231821876,0.4516421840557827,0.4652022580642745,0.47833433110991974,0.4909245459180789,0.5028539985417457,0.5140004019632993,0.5242401005530972,0.5334503879818508,0.5415121137767565,0.5483124729422872,0.5537479091383424,0.5577270123253331,0.5601732808410698,0.5610276202659215,0.5602504918983864,0.5578234705530605,0.5537501800446876,0.5480566935719344,0.5407911237082175,0.5320224984993338,0.5218389796435208,0.5103457038299286,0.49766198664709105,0.4839182386987506,0.4692527889530185,0.4538085603683939,0.4377301707380843,0.4211608707412706,0.40423981717601976,0.38710002625860884,0.36986642684787796,0.3526544483168159,0.3355690567771896,0.31870408532342687,0.3021419685987281,0.2859538200567613,0.27019959099564783,0.25492871990994814,0.24018054819900048,0.2259853478136442,0.21236481638943872,0.19933321650823732,0.18689803190029775,0.1750608935951803,0.16381840198701259,0.1531628024530951,0.14308281106129694,0.1335641428785772,0.1245901930469584,0.11614249495177198,0.10820121751309308,0.10074555108162908,0.09375406829531752,0.08720501019461313,0.08107655395762858,0.07534700874871625,0.07248223614426008
0.4164685797920076,0.43064548310283834,0.4446496458620042,0.45838495361280485,0.4717475304671237,0.4846266043395886,0.4969056381354431,0.5084638283012066,0.5191779386854578,0.5289244761721346,0.5375821494065947,0.5450345834168457,0.5511731752067295,0.5559000094539113,0.5591307077648056,0.5607970762132752,0.5608494246864293,0.5592584865817618,0.5560166664511779,0.5511386566019105,0.5446614982867626,0.5366438169037324,0.5271643703941242,0.5163199867242119,0.5042231661694041,0.4909991112566736,0.47678254321913194,0.4617145110112997,0.445939085819278,0.4296005538523717,0.4128405010339442,0.39579527018869687,0.378594099657259,0.3613573850563867,0.34419547963179475,0.32720791493820567,0.31048291091356095,0.2940972688700594,0.2781165833821797,0.2625954945166198,0.24757842745653402,0.23310007062377291,0.21918643699645468,0.20585538250460278,0.19311775022774924,0.1809780230522584,0.16943523657184212,0.15848377361893817,0.14811402461101686,0.13831316993158538,0.12906569346783137,0.1203540189803487,0.1121589472204576,0.10446012001140481,0.09723637886227099,0.09046610268891975,0.08412746725868558,0.07819869504628763,0.07265822966009416,0.06988799696699965
0.4233667224930915,0.43747127137673814,0.45135741325797785,0.4649251989228076,0.478067276457137,0.49066991287589845,0.502614290875314,0.5137781764301863,0.5240379165746534,0.5332707650044455,0.5413574654755049,0.5481850531084032,0.5536497504948312,0.5576598671478639,0.5601385700461448,0.5610263868528809,0.5602833187457912,0.5578905089462349,0.5538511655570177,0.5481908543080061,0.5409572226504333,0.5322188934801098,0.5220637083849766,0.5105964138440244,0.49793605655377604,0.4842128766685905,0.46956506113906116,0.45413556979704506,0.4380688799519783,0.42150828994969913,0.40459316845896875,0.3874566055623596,0.37022373701602884,0.35301021328904447,0.3359212037394599,0.31905079128755176,0.3024816497220595,0.28628508047771284,0.27052134379535797,0.25523999370205885,0.24048069211962897,0.22627374072506257,0.21264116355990126,0.19959724452086824,0.1871496670558903,0.17530016077663468,0.16404539654258254,0.15337775216027083,0.1432859554714927,0.13375582399230979,0.12477076275850596,0.11631235776627058,0.10836079232781515,0.1008952794641349,0.09389439476225725,0.08733639196490728,0.08119943779424599,0.07546184474461093,0.07010222593822224,0.06742241653502568
0.4301232927665144,0.44413552910038123,0.45788258624242406,0.47126089482060873,0.4841599077715375,0.49646328112312066,0.5080503362933997,0.5187978927952086,0.528582421650543,0.5372825077886967,0.544781540176047,0.5509705770068396,0.5557512560401001,0.5590386490129751,0.5607639240850015,0.5608766769238849,0.5593468129722279,0.5561659460256929,0.5513479862794335,0.5449291086029762,0.5369671458913627,0.5275401585067607,0.5167443976745734,0.50469177118452,0.4915070642941677,0.4773247324631136,0.462285625823049,0.4465338605801561,0.43021364132352247,0.4134666907257456,0.3964296774384346,0.379232067410622,0.3619946318348344,0.34482811985995454,0.32783245652142856,0.31109630036725733,0.2946968751038703,0.27870013590525655,0.2631612053240273,0.2481247811966636,0.23362601095275437,0.2196910691553855,0.2063382507654321,0.19357852390829322,0.18141665717088085,0.1698518580548436,0.15887864656375594,0.14848759124074462,0.1386659334446083,0.12939828515103002,0.12066711040367828,0.11245327772966274,0.10473645610935556,0.09749551723046146,0.09070884406532365,0.08435462534575056,0.07841106767402461,0.0728566120677332,0.0676700709418343,0.06507680037888264
0.4367358191279336,0.450635854544148,0.4642229446733137,0.477390136749245,0.49002399130060326,0.5020059234986363,0.5132138293846666,0.5235240779395323,0.5328138099595092,0.5409635222455411,0.5478598449368,0.5533984466738451,0.5574869324176901,0.5600476244116681,0.5610200884626915,0.5603632673904224,0.5580571118739996,0.5541036940175537,0.5485274551919916,0.541374853299097,0.5327134355882102,0.5226301043088899,0.5112288276451249,0.49862791643568993,0.48495710305799467,0.4703542682963402,0.4549621685925498,0.438925377797883,0.422387211236428,0.40548729373695025,0.3883591765139771,0.3711283918458763,0.3539111408706397,0.3368131644280359,0.31992912367074133,0.3033423092885945,0.28712461455810967,0.2713368174673825,0.2560291077662358,0.24124155860916208,0.22700504823445655,0.21334187574090002,0.20026685594280114,0.18778788391690782,0.17590704337098195,0.16462123515416316,0.1539230264356961,0.1438013566354046,0.1342421417064088,0.12522893124208956,0.11674337302314708,0.10876572638315096,0.10127523823836082,0.09425051675480578,0.08766981706654242,0.08151131565090175,0.07575330149892867,0.07037437721869377,0.06535357969740918,0.0628431809367691
0.44320186413612905,0.45696990528264037,0.47037635659863186,0.4833111400396106,0.4956582470272508,0.5072972403669573,0.5181050411583699,0.527958072707011,0.5367346928889427,0.544317883454366,0.5505980936855237,0.5554761608092007,0.5588661684390139,0.5606981264229072,0.5609203345791913,0.5595012956012146,0.5564310769894898,0.5517221283054652,0.5454091877952139,0.5375486158469678,0.5282171609068609,0.5175099445480136,0.5055379487997858,0.4924251355655995,0.47830541526773906,0.46331934054597124,0.4476108651364541,0.43132437780588617,0.4146017486978071,0.39758004497988164,0.38038934377846,0.36315099057976585,0.34597646152918937,0.3289664252930402,0.312210294619959,0.295786075710156,0.2797604698899292,0.26418925848699537,0.24911790835759895,0.23458209872016855,0.22060867875552947,0.20721631477863323,0.19441657902859344,0.18221452280044126,0.17060976056172628,0.1595970870226182,0.14916729965754882,0.13930787439601744,0.1300035490501772,0.12123694104573701,0.11298899472289126,0.10523945765608111,0.0979672372451823,0.09115074732917172,0.08476817240624879,0.07879772291280229,0.07321780709617975,0.06800721746786031,0.06314523656681725,0.06071424611630016
0.4495190248589842,0.4631353985826103,0.4763407782468865,0.4890222390698984,0.5010615458068846,0.512336813789962,0.5227244516393847,0.532101447758806,0.5403479225238494,0.5473499045316799,0.5530022186012173,0.5572113962158909,0.5598984679658825,0.5610015157206782,0.5604778494308937,0.5583056794028574,0.5544851952881102,0.5490390794631961,0.542012075583842,0.5334700188174768,0.52349831146556,0.512199652794405,0.49969133250520326,0.4861022241883717,0.471569674472021,0.4562361940084614,0.4402462739125257,0.4237435305876014,0.40686789149513736,0.3897534650845902,0.37252655387796096,0.3553041145922631,0.33819278841209943,0.32128814553120666,0.30467439556619347,0.28842436569218144,0.2725997184789941,0.25725142717682115,0.24242044802078144,0.22813829434163324,0.2144280199357418,0.20130489137534902,0.1887774643292417,0.17684816236512635,0.16551433254658132,0.1547688498130917,0.14460091116527796,0.13499668123613695,0.12593985427522103,0.11741223394348133,0.10939416317116812,0.10186496543242551,0.09480328244140246,0.08818739521406105,0.08199546808807412,0.0762057858890719,0.07079690802658689,0.06574784106851972,0.061038130905402,0.05868327582384092
0.455684933325915,0.4691301117503044,0.48211425394136587,0.4945218863091849,0.5062329069966065,0.5171244031099875,0.5270727427218014,0.535955993020385,0.5436565770946467,0.5500641176683008,0.555078346618123,0.5586119800449052,0.5605934186599892,0.5609691471453626,0.5597057018914109,0.5567910855478209,0.5522355525490918,0.5460718147094457,0.5383542787266182,0.5291577867567687,0.5185758208678726,0.5067180045661379,0.4937072325160985,0.4796765686005555,0.4647660849371116,0.44911957816041514,0.43288146639266056,0.41619406067211706,0.39919490407093416,0.3820148002445789,0.36477602812960086,0.34759099979732255,0.33056145127007497,0.3137778604699415,0.2973193042593669,0.28125355417618625,0.26563739840475886,0.25051719590219346,0.23592960473568958,0.22190219617421292,0.2084544548832623,0.19559847067909697,0.18333999708006754,0.17167903312928612,0.1606108471224088,0.1501265672634533,0.14021394631960504,0.1308579773961327,0.12204143412065438,0.11374541402187521,0.10594975087280023,0.09863342289173183,0.09177487211930124,0.08535230138635885,0.07934389936804287,0.07372806059493087,0.06848352317843975,0.06358952825482156,0.059025899738194276,0.056744085479876194
0.4616972569669042,0.47495188243853237,0.48769491593966485,0.49980865124960694,0.5111714959430258,0.5216599403818623,0.5311507909002766,0.5395237070945536,0.5466639465615186,0.552465255576533,0.5568327767309378,0.5596858633539803,0.5609606626689811,0.5606123389129758,0.5586168123588942,0.5549719021534738,0.549697811346237,0.5428370243011593,0.5344532237062039,0.5246297576396142,0.5134675940412015,0.5010826219380471,0.4876026474167894,0.47316422572838857,0.457909477886731,0.4419828576693252,0.4255281491545526,0.4086858776229807,0.3915908129391932,0.37437015900538384,0.35714196923257724,0.34001399649510766,0.3230830364072057,0.3064345087340614,0.2901424489013049,0.2742697104799552,0.25886837979236965,0.24398039810106464,0.22963833616563178,0.21586604161549783,0.20267964813613482,0.1900882815084648,0.17809509606009133,0.16669785710526686,0.1558899302479544,0.14566085746744228,0.13599709146032257,0.12688258210368453,0.1182992946785566,0.11022771839898304,0.10264726127595214,0.09553662716895506,0.08887411744307627,0.08263790524988046,0.07680624278645798,0.0713576650790726,0.06627111263701746,0.06152607848866953,0.057102676609006586,0.05489097566917289
0.4675536990378304,0.4805986089138048,0.49308098420033364,0.5048812192315522,0.5158766213378674,0.5259435256700029,0.5349596599036821,0.5428067866743302,0.5493735183770698,0.5545582333928545,0.5582719581420381,0.5604410960034634,0.5610098692368637,0.5599423443937246,0.5572239256215861,0.5528622149629281,0.5468871932719765,0.5393508123741264,0.5303256053094518,0.5199028982132825,0.5081905376124629,0.4953100199418703,0.4813933832534456,0.4665800013792287,0.4510134039697711,0.4348381169796012,0.4181967779384532,0.40122769653951007,0.38406253041873395,0.36682463601079185,0.3496276819678723,0.3325746842601385,0.3157574933852425,0.2992565288507798,0.28314089321749947,0.26746867088220494,0.25228742440822405,0.2376348747945567,0.22353971333520573,0.2100222761441506,0.19709555551664426,0.18476591560211197,0.1730341032699334,0.16189582899638122,0.15134271986948722,0.1413628804227418,0.13194159622940127,0.1230618916645243,0.114705026171249,0.10685096952616657,0.0994787793505747,0.09256694887582739,0.08609369149500612,0.08003719370770934,0.07437580569211288,0.06908822975560724,0.0641536291164213,0.05955176322672617,0.05526304586695119,0.053118687187068137
0.4732519990323758,0.486068250283922,0.4982707660782282,0.509738390166623,0.5203477324506944,0.5299754222262565,0.5385005932547093,0.5458076159875547,0.5517889634656381,0.5563481310759788,0.5594024692835786,0.5608858029021313,0.56075070921489,0.5589703263794421,0.5555395867847479,0.5504757871561994,0.5438184650428513,0.5356286917640096,0.5259873924016834,0.5149933225899783,0.5027605926398104,0.4894156540874173,0.4750941157536337,0.45993752632085716,0.44409022166320256,0.4276962589132749,0.4108966638765832,0.3938271490655998,0.3766159674684433,0.3593824237675003,0.34223568119325254,0.3252739737757393,0.3085842286919105,0.29224194317670094,0.27631140950862054,0.26084610009434517,0.2458892352452935,0.23147451232914396,0.21762694686837225,0.20436356863092975,0.19169442927474023,0.17962332347960963,0.16814877147605767,0.15726459642696256,0.14696083984317987,0.1372243066280454,0.12803923777977122,0.11938784016035431,0.11125076094506525,0.10360753120904675,0.09643692628926726,0.08971728605666751,0.08342678298566497,0.07754365505469707,0.07204638067820568,0.06691385268346561,0.062125474326819585,0.05766128357025835,0.053502001749663464,0.05142236083936602
0.4787899330800305,0.4913588266864388,0.5032626559506181,0.5143790771628942,0.5245844162478663,0.5337560515639317,0.5417750067781424,0.5485287563031593,0.5539141224541155,0.5578401763348384,0.5602309977397413,0.5610281616065205,0.5601928314387128,0.5577073337501326,0.5535761200958889,0.5478260424611836,0.5405059281400515,0.5316855823668432,0.5214538369624844,0.5099163135086204,0.49719276910185073,0.4834139684321892,0.4687184516389209,0.4532493298239837,0.4371511814236584,0.4205670973154607,0.4036360721679566,0.3864908854335347,0.36925613640293786,0.3520469134392501,0.33496778834707364,0.3181121969910006,0.30156218786626443,0.2853884307078136,0.2696505412624184,0.2543975431751999,0.23966849758881192,0.2254932727428205,0.21189340705407123,0.1988828216991667,0.18646881948598093,0.1746528077163001,0.16343125026009986,0.1527962396838145,0.1427363742801413,0.13323728691250647,0.12428228692302312,0.11585286268990025,0.10792913451331376,0.10049026809082928,0.09351481799781958,0.086981022182675,0.08086705418104856,0.07515123720308825,0.0698122044129379,0.06482905925487614,0.060181459725163755,0.0558497322394258,0.05181491170428654,0.049797501436714686
0.4841653143306468,0.49646841943841835,0.5080551347757978,0.5188023050573531,0.5285863944069202,0.5372859884430214,0.544784481079652,0.5509729355270254,0.5557529921856563,0.5590397281158532,0.5607643210875812,0.5608763812688689,0.5593458409286844,0.5561642804422884,0.5513456105016656,0.5449260513169807,0.5369634116524136,0.5275358126256124,0.5167394859036945,0.5046863457470518,0.491501181621401,0.47731844371543986,0.4622789886311196,0.4465269103990188,0.4302065054881288,0.4134594438454098,0.3964223135182898,0.37922466808623323,0.36198724424783,0.34482078562573015,0.3278252175812879,0.3110891868486876,0.29468992741590316,0.27869339015085703,0.2631546567070453,0.24811846923378678,0.23361991283881167,0.21968521793554352,0.20633263880272867,0.19357317806684815,0.18141157249594198,0.16984701428018667,0.15887407107852525,0.14848325133670848,0.13866184255109104,0.12939442361361575,0.12066347622220697,0.11244986106148769,0.10473324947084084,0.09749250834662604,0.09070602706175102,0.08435198782001496,0.07840860264107796,0.07285430980382479,0.06766792040409975,0.062828765816616,0.0583167711638799,0.05411255938283954,0.05019748345819863,0.04823994549587818
0.4893759933250874,0.5013951711480602,0.512646769586298,0.5230072088601756,0.5323535202354601,0.5405659557812714,0.5475307540156704,0.5531430379133595,0.5573097125444026,0.5599522606738949,0.5610092886683282,0.5604386829211672,0.5582192788626594,0.5543519266157526,0.5488598877680695,0.5417885198478101,0.5332042680045657,0.5231931237573706,0.5118581952326418,0.49931711122221056,0.4856990859700172,0.4711416451511985,0.4557873738361007,0.439780803538552,0.42326546329574555,0.40638118906838994,0.38926182869582604,0.3720334574247497,0.35481277746630013,0.33770609202087076,0.3208086525527154,0.30420434771265104,0.2879656777167394,0.2721539944717932,0.2568199945103844,0.24200430808203333,0.22773822618149087,0.21404452864435708,0.20093837238604806,0.18842802364360978,0.1765158270596201,0.16519892245309364,0.15447013173085722,0.14431851601678147,0.13473017511796304,0.1256887431685394,0.11717597000196811,0.10917217182714545,0.10165664209906389,0.09460800934670388,0.08800454789598788,0.08182442563727133,0.0760459264021085,0.07064762987146977,0.06560854528780524,0.06090824680236029,0.05652693700973099,0.05244554179292926,0.04864573541246031,0.046745832222221395
0.4944198583522508,0.5061372857886148,0.5170362129186556,0.5269930321157368,0.5358857755034419,0.5435968195052343,0.5500157131741656,0.555042093915532,0.558588553616095,0.560583348246777,0.5609728042950102,0.5597232810761632,0.5568226042642754,0.5522808619116693,0.5461305129956773,0.5384257814125659,0.5292413712697863,0.5186706763635396,0.506823146164197,0.49382154536889544,0.4797989159631699,0.46489526954508253,0.4492543602607002,0.4330206463447128,0.41633644255931745,0.3993393780441856,0.38216026657290403,0.36492149022130604,0.3477355787543157,0.33070432878386846,0.31391831481341725,0.29745671751165936,0.2813873979552284,0.2657672379912368,0.2506427026753588,0.23605048084056168,0.2220182490433409,0.20856551907038945,0.19570453070814509,0.1834409880236043,0.17177500870597218,0.16070183375545888,0.15021268054769,0.1402952905617605,0.13093469030593052,0.12211367014481667,0.11381333622411116,0.10601353653780787,0.09869325148131214,0.0918309260582717,0.08540476480570547,0.07939295844665128,0.07377389227178455,0.0685263105614764,0.0636294382762026,0.05906310500285006,0.05480779935553848,0.05084475515015896,0.04715596998417837,0.045311577401188075
0.4992948357923632,0.5106930287352296,0.5212222021818524,0.5307591251851029,0.5391832671977337,0.5463795833550633,0.5522413883848087,0.5566732701982646,0.5595939032062125,0.5609386503486036,0.5606618098969252,0.5587383666202594,0.5551651773445321,0.5499614906914085,0.5431687673635621,0.5348497905037819,0.5250871177842065,0.5139810590938731,0.5016468628242077,0.4882118544367531,0.47381232041297405,0.4585901914612034,0.44268986127996346,0.4262552389765606,0.4094270160606328,0.39234028063728665,0.37512255603222133,0.3578923512244314,0.3407579165642627,0.32381650239418747,0.3071540246573079,0.2908450225136727,0.2749528240545773,0.2595299769677073,0.24461887154535233,0.23025242536284019,0.21645487712612432,0.20324264787513258,0.1906252337347647,0.1786059429049347,0.167182822760088,0.15634936020995305,0.14609530054027875,0.13640718468119317,0.12726907208730598,0.11866300270817032,0.11056952016016197,0.10296807409331254,0.09583739095308186,0.08915578196875718,0.0829014227071001,0.0770525600005767,0.07158770693684424,0.06648579278508038,0.06172627343966397,0.057289244643126125,0.053155487992082584,0.04930654896408537,0.045724749569813206,0.04393384987267934
0.5039988904464643,0.5150607267652885,0.5252035589665471,0.5343049434549196,0.5422462242075698,0.5489153836562033,0.554209944276034,0.5580398598313163,0.5603302547344113,0.561023897693258,0.5600832700964697,0.5574920909680392,0.5532562444303779,0.5474040191446439,0.5399856429382477,0.5310721187792256,0.5207534287970939,0.5091362990618187,0.4963412312236004,0.4824995433905732,0.46775019985689337,0.45223650821976324,0.4361030029242663,0.4194926028989654,0.40254400427868653,0.3853894567934413,0.3681529721181098,0.35094903846379477,0.3338815479765689,0.31704318870186654,0.3005152552012902,0.284367725550414,0.268659510420064,0.2534389644948254,0.23874456171514957,0.22460561722368766,0.21104310470485999,0.19807052615290477,0.18569480060536048,0.17391699887438605,0.1627332463749509,0.152135412211023,0.1421118936970034,0.13264814225103727,0.12372734891678228,0.11533088950365755,0.1074388197816134,0.10003025505970431,0.09308372171820345,0.08657744232743347,0.08048960027692509,0.07479852829056721,0.06948289061415203,0.06452181938039203,0.059895014533837276,0.05558284697368521,0.05156639684609221,0.047827523919412585,0.044348874841464436,0.04260955030249036
0.5085300258522918,0.5192387680228738,0.5289791882972383,0.537630045477393,0.5450749939494215,0.5512054840706604,0.5559236728954309,0.5591452726825397,0.5608021955210263,0.5608448787555353,0.5592441577093732,0.5559925514440067,0.5511049244108257,0.544618444154521,0.536591835388518,0.5271039530196919,0.5162517549097645,0.5041478737353833,0.4909175192170423,0.47669544414017384,0.4616227428266706,0.44584358355315157,0.4295021739006488,0.41274003595178854,0.3956935339862433,0.37849181703975887,0.3612551968085409,0.3440940227394451,0.3271077754980567,0.3103845858258092,0.2940011804059761,0.27802306842577007,0.26250486624335156,0.24749088043752643,0.23301582753902483,0.2191055869151226,0.20577803577105147,0.1930439228928149,0.18090774986704083,0.16936850091964217,0.15842051985844652,0.14805418621122168,0.13825666556734006,0.12901242331224694,0.1203038736328077,0.1121118079115968,0.10441586278207016,0.09719487782733793,0.09042722847035112,0.08409108951613398,0.07816468531900878,0.07262646111863447,0.06745525300200672,0.06263041158740545,0.058131892114205996,0.05394034811534443,0.05003716262437674,0.0464045113692757,0.04302536512274635,0.041335791999479454
0.512886284586378,0.5232256019479831,0.5325480778296177,0.540734091046271,0.5476700389395317,0.5532512703400294,0.5573849864086666,0.559993026026715,0.561014395478705,0.560407426973708,0.5581514401553767,0.5542477778532029,0.5487201966289779,0.5416145438084041,0.5329977384515816,0.5229560948174461,0.5115930820736425,0.49902672405287785,0.48538639719217347,0.47080974386426444,0.4554394614630608,0.43942008978918423,0.4228950732996539,0.40600416428825614,0.38888109296990603,0.37165167847132974,0.3544323747745981,0.33732930175557563,0.3204374983248659,0.3038405614977746,0.2876107176727194,0.27180910916387635,0.25648618702045933,0.24168235704261853,0.22742873683693432,0.2137479338033943,0.2006548925183793,0.18815776836411668,0.17625879819706203,0.1649550229674146,0.1542391375262131,0.1441001523901697,0.13452411023748834,0.12549458682126868,0.1169933044216176,0.10900054362905642,0.10149558514230606,0.09445704648673114,0.08786319686790556,0.0816922003739462,0.07592235215354126,0.0705322337328651,0.06550087131298898,0.060807847601336285,0.056433382708314106,0.0523584189268167,0.048564645433977205,0.04503455474840656,0.04175144062116498,0.04010988355754863
0.5170657485525454,0.5270197391711884,0.5359092969952273,0.5436168392134966,0.5500319333222015,0.555054245031783,0.5585964098912233,0.5605867353844252,0.560971596219646,0.5597174085942358,0.5568120667630727,0.5522657201995007,0.5461108901467449,0.5384018694440518,0.5292134400019455,0.5186389618110665,0.5067879389355712,0.49378326853692034,0.47975795926556764,0.46485201322654657,0.4492092263174463,0.4329740484653044,0.4162887559701378,0.39929099125511236,0.38211158104207943,0.36487281648873715,0.347687164481556,0.33065644933184757,0.31387125856788156,0.297410695397331,0.28134256559149584,0.26572375468189247,0.2506006818618767,0.2360100007808974,0.22197938732089195,0.20852833732413867,0.19566902159495303,0.1834071557913619,0.17174285792004973,0.16067136169269247,0.15018383826624682,0.14026804243478352,0.13090899577321125,0.12208947417883032,0.11379058682656318,0.10599217152065687,0.09867321114840344,0.09181215030353851,0.08538719271995454,0.07937652531398776,0.07375854085226674,0.06851197833859679,0.06361607019146565,0.059050643002152015,0.05479618984092216,0.05083394668978336,0.04714591117433109,0.043714892705155606,0.04052450632008764,0.038929313127558096
0.521066539256767,0.5306197513744748,0.5390619960957732,0.5462781462512956,0.552161359361707,0.5566160222999139,0.5595605742259324,0.5609301056036942,0.5606786005864195,0.558780711156257,0.5552329569492187,0.5500542375079531,0.5432856743083958,0.5349897391233993,0.525248719580782,0.5141625902937985,0.5018464053354155,0.48842741820303015,0.4740417447887557,0.45883123431323725,0.44294030021378994,0.426512869307647,0.40968967557009073,0.3926059433053064,0.3753893575220335,0.358158512548159,0.34102178497119606,0.32407666009884206,0.3074092828999575,0.2910943169740099,0.27519523735648477,0.2597647894089805,0.24484549710610093,0.23047041090797027,0.21666392019473513,0.20344256582603748,0.19081589848387814,0.17878734162863008,0.16735503357500292,0.15651252980024566,0.14624959596364562,0.13655283752961545,0.12740635018252178,0.118792193547681,0.11069093677545272,0.10308203767844581,0.09594423477389924,0.0892558446795988,0.0829950427502224,0.07714006908306814,0.07166943815781313,0.06656206531439501,0.06179740333861261,0.05735553287918638,0.05321722672920526,0.04936401842865923,0.04577821552055994,0.04244294377442781,0.039342137356448426,0.03779173414745429
0.5248868180684152,0.5340242711189136,0.5420054053492818,0.5487179635642958,0.5540591039054599,0.5579383226702661,0.5602802091184045,0.561026922195258,0.5601402626121255,0.5576032326107683,0.553420989250486,0.5476210877056276,0.5402530505290071,0.5313872324285907,0.521113047249826,0.5095366390337874,0.49677812177776115,0.48296859208015075,0.468246759993316,0.45275582814879645,0.4366403710717748,0.42004338753443893,0.40310372532196936,0.38595391304767634,0.36871828536797047,0.3515115981802186,0.3344380586483142,0.31759079005692303,0.30105152004726854,0.2848905392078427,0.26916709031421515,0.25392990031588347,0.23921773668754476,0.22506019517086084,0.21147853132073013,0.19848648341631137,0.18609113032047375,0.1742937446934789,0.16309061774434586,0.15247374894251653,0.14243160990367265,0.1329497566318194,0.12401144793239283,0.11559810495711087,0.10768982459154586,0.10026574262816279,0.09330440233928705,0.08678403349300812,0.08068281681525846,0.07497907302757234,0.06965145994020538,0.06467908597815875,0.060041636685359556,0.05571945548854984,0.05169360048492333,0.047945905702504454,0.044458989337159416,0.04121629243373448,0.038202065730343904,0.036694952378648615
0.5285247864680698,0.5372319916400037,0.5447388338904191,0.5509363355563668,0.5557260548256915,0.5590229678604941,0.5607581362412439,0.5608810429308853,0.5593614779133915,0.5561908710669994,0.5513829911832424,0.5449739185140268,0.537021345234161,0.5276031864785091,0.5168155836413124,0.5047703941562443,0.49159229971508456,0.4774157331807416,0.4623814996266695,0.4466336816711447,0.43031658361622593,0.4135718994645421,0.3965362765181446,0.37933929954790724,0.36210177214338835,0.3449344955259859,0.3279374503773891,0.31119939335115365,0.2947976745121883,0.27879828871696155,0.26325635206126297,0.24821669876811558,0.23371447965667702,0.21977598303353219,0.20641948029418433,0.1936560551116484,0.18149045740866843,0.16992194438036456,0.15894508632113613,0.14855044240767779,0.13872529524598054,0.12945424508561842,0.12071979703970115,0.11250280618289032,0.10478295994910347,0.09753912561857536,0.09074969636501784,0.0843928527162241,0.07844681146220722,0.07288999873949376,0.06770123505645209,0.06285983676372453,0.05834573296981116,0.054139537297825946,0.050222597677365144,0.04657705072407925,0.04318582537900628,0.040032676402508294,0.03710216821019685,0.03563691411404113
0.5319786862818043,0.5402416666113674,0.547261668727228,0.5529333974565986,0.5571631974468594,0.5598718756438315,0.560997262517009,0.5604963897124215,0.5583471745177881,0.5545495151563706,0.5491257299049312,0.5421202593053431,0.5335987038783951,0.5236461930674396,0.5123651810821306,0.4998727749481402,0.4862977324949025,0.4717773247762569,0.45645396845152675,0.4404721740696216,0.42397556991886187,0.4071041964300992,0.38999221483454694,0.37276604600167573,0.3555428080000711,0.33842925462916007,0.3215211031773624,0.30490275558940017,0.28864723688228455,0.27281633258248394,0.25746114346584914,0.24262273956988434,0.228332795203241,0.21461443674779535,0.20148309772209494,0.18894735055578593,0.17700975366024885,0.16566767813802397,0.15491409336039208,0.14473822768588995,0.13512627364253849,0.1260619636154825,0.11752712674507837,0.10950211938440813,0.10196627773120692,0.09489824993127449,0.0882763205378545,0.08207865521783209,0.07628353471992977,0.07086951296778388,0.06581559049148922,0.06110130468128805,0.056706837589670656,0.0526130792873003,0.0488016711267214,0.04525505367653615,0.0419564661526417,0.038889975060079074,0.03604045531263367,0.034615695438910965
0.5352467999021271,0.543052109877662,0.5495733736565445,0.5547093731089014,0.5583716109655779,0.5604870547653906,0.5610005735487933,0.5598769407179494,0.5571023041254586,0.5526850350023094,0.5466559036493468,0.5390675138742562,0.5299930859710722,0.5195245968314888,0.5077703856778815,0.49485234045723914,0.4809028068376753,0.46606140685111264,0.4504717025005567,0.43427820240789394,0.4176234787362132,0.40064559700682345,0.38347597452135673,0.3662376749047924,0.34904400085707277,0.33199758771305987,0.31518987078465344,0.2987009240057237,0.2825995110492219,0.26694330222532425,0.25177949894808815,0.23714553752503864,0.22306975549146735,0.2095722605549133,0.19666579096246473,0.1843565465280994,0.17264502614683153,0.1615268383661661,0.15099346563495875,0.14103290900091547,0.13163036405470674,0.12276877772439576,0.11442937576988221,0.10659207847546259,0.09923592474610832,0.09233938914937401,0.08588068571445451,0.07983799665957747,0.07418969202557246,0.06891447368947201,0.0639915376696143,0.05940065394735239,0.05512226561312783,0.05113754439058926,0.04742842781086942,0.043977661112339916,0.04076879282414403,0.03778619887187862,0.03501506124959253,0.03362949243845392
0.5383274504955793,0.5456621951574703,0.551673488140425,0.556264572729599,0.5593524648695358,0.5608705999190566,0.5607711272063898,0.5590267228299339,0.5556318338028587,0.550603273782706,0.5439801339066186,0.5358229540768056,0.526212261040091,0.515246494352759,0.5030394402495109,0.48971729676731357,0.47541551472552346,0.46027559262394213,0.4444417899949915,0.42805820647142223,0.4112660036229254,0.3942009775876798,0.37699157054639,0.35975732084711165,0.3426076089502672,0.3256409006596872,0.3089443473369613,0.2925937347478591,0.2766536386327445,0.26117771463712636,0.24620938431921147,0.23178258180438505,0.21792244657961923,0.2046462082673406,0.1919640485465468,0.17987992843582656,0.16839241392647697,0.1574954688612662,0.14717919699510862,0.1374304698766471,0.12823357381129163,0.119570747513702,0.11142268114962217,0.10376891720204728,0.09658824725754744,0.08985901432572607,0.08355939689006497,0.07766762240642322,0.07216217319630847,0.06702191724424988,0.06222625983564711,0.05775521368046377,0.05358948984324652,0.04971054596912605,0.04610061778066665,0.042742755330942295,0.03962081507243642,0.03671947972502476,0.03402423474712979,0.03267661225818452
0.5412190021971841,0.5480708557169955,0.5535616261458332,0.5575993906372045,0.5601070153617926,0.5610246867925062,0.5603120473749801,0.5579498043489717,0.5539407381052586,0.5483100398701812,0.541104958317935,0.532393714288224,0.5222638054659212,0.5108197341153131,0.49818028802246506,0.4844755048416527,0.46984346559431955,0.4544270850392307,0.43837089185097433,0.4218181927933884,0.4049084098125144,0.3877748013355031,0.37054262877271427,0.353327761056903,0.33623557092159917,0.31936032189663344,0.3027848944129996,0.28658083754502073,0.2708086208786975,0.25551799123770813,0.2407487124476937,0.22653134837650857,0.21288797766346956,0.19983308944835354,0.18737444347683319,0.1755138909553322,0.16424818628157034,0.1535697609205222,0.14346744261302113,0.13392706579343994,0.12493208993830329,0.1164641179327397,0.10850336763238655,0.1010290578978168,0.09401977928475969,0.08745378199336962,0.08130924106457105,0.07556445537328038,0.07019804036314081,0.06518904644436052,0.06051710041425906,0.0561624665691296,0.052106129840896465,0.048329837225744576,0.04481612399001911,0.04154834464266788,0.03851066179763496,0.035688062085430516,0.03306633065079723,0.03175546493347836
0.5439198602917061,0.5502770840154647,0.5552374749498101,0.5587143029585873,0.560636601796356,0.5609515671872889,0.5596265178724424,0.5566502879954816,0.5520339916230044,0.5458110995341525,0.5380368242543243,0.5287867866319962,0.5181551001205298,0.5062519172317881,0.4932005769750969,0.4791344888361637,0.4641938987335248,0.44852269314564985,0.43226526171126434,0.415563757826134,0.39855555986854085,0.38137114555758966,0.3641324142552582,0.346951443821073,0.329929533610378,0.3131567288857706,0.29671166564681606,0.28066171799163264,0.26506333827525985,0.24996247460485232,0.2353953569922984,0.22138931072980927,0.20796348885469662,0.19512977437974754,0.18289363556741378,0.17125493796426916,0.1602087404846131,0.14974604919448353,0.1398545131783946,0.13051901697733737,0.12172227078176778,0.1134453094604071,0.10566793762673665,0.0983691008868659,0.09152723162854759,0.08512052296372197,0.07912717594230845,0.07352558473757487,0.06829451679037035,0.06341321957937573,0.058861552264173334,0.05462003842690688,0.05066994182093332,0.046993301472002535,0.04357295295600583,0.040392554436028405,0.03743657260330213,0.03469029489782116,0.032139802241655246,0.03086455591357451
0.5464284713818812,0.5522799313229165,0.556700793912468,0.5596098653155535,0.5609426431306974,0.5606535642203325,0.5587177765404583,0.5551323042006562,0.5499165619454205,0.5431121701875896,0.5347820830484196,0.5250090169331001,0.5138933287483072,0.5015503988636505,0.48810766476003575,0.4737014447925514,0.4584736958087188,0.44256884828929977,0.42613076545180206,0.4093001102361882,0.39221193811834976,0.3749937275513693,0.35776385774325625,0.3406305149043032,0.32369087770197424,0.30703077239595533,0.2907246291191834,0.2748357176627714,0.259416568109474,0.24450944329741375,0.23014716441623229,0.2163539490878419,0.20314615767988098,0.19053319798384205,0.17851837297122586,0.16709968188616475,0.15627059918994934,0.1460208073640823,0.13633686909876985,0.1272028013552351,0.11860063793792897,0.11051090921569973,0.10291306168121572,0.09578581450235824,0.08910748158102333,0.08285623186065738,0.07701031940603897,0.07154825545207633,0.06644897651049586,0.06169194024219227,0.05725724775159868,0.05312568855776245,0.049278809344097674,0.04569894317238976,0.04236922617339545,0.03927361897389403,0.03639688998026802,0.033724624158364414,0.031243194195087476,0.030002479213449007
0.5487433235438455,0.5540785073115084,0.5579514132199059,0.5602867104957165,0.5610266344006698,0.5601330676127358,0.5575891095137897,0.5534000046866683,0.5475934030350582,0.5402189141605129,0.5313469848478736,0.5210671013495016,0.5094854770285373,0.4967222902627988,0.48290862411861646,0.46818324963056934,0.45268939343199754,0.43657162006071726,0.4199729001232866,0.4030320923105313,0.38588167388853734,0.3686459289747557,0.3514395804762005,0.3343668420865864,0.3175207413815917,0.30098289873041306,0.2848235877136318,0.26910205225894046,0.253867000165382,0.23915712497080577,0.22500196447354348,0.21142275829711288,0.19843320446327084,0.1860403628444951,0.17424549301909842,0.163044842551332,0.1524304075347871,0.14239064370455967,0.13291111474774908,0.12397504770086609,0.11556386849892686,0.1076576624904968,0.10023556947552414,0.0932761256900605,0.08675756327800599,0.08065805734141396,0.07495593970972436,0.06962985849734427,0.0646589347101667,0.06002284790926016,0.05570194957378316,0.051677300862067455,0.04793073473495113,0.04444487969610833,0.04120317221512071,0.03818987385186379,0.03539005212697344,0.0327895860970262,0.03037513612174969,0.029167911134111435
0.5508629464695947,0.5556719796209264,0.5589892325993917,0.5607455461115629,0.5608901432228919,0.559392529071101,0.5562438456712449,0.551457556335464,0.5450694490040364,0.537136932981539,0.5277376740591988,0.5169675836370047,0.5049383322617684,0.49177446136671854,0.47761024871494584,0.4625864703660909,0.44684719571437714,0.4305367319444331,0.41379681229739784,0.3967642004697458,0.3795685635679247,0.3623308187977159,0.3451619173606213,0.32816203793507803,0.311420042133439,0.2950133700682356,0.2790081976100067,0.2634598279609568,0.24841325074617782,0.2339037079638162,0.2199575793386943,0.20659325454577715,0.19382189673702754,0.18164834145376396,0.1700719224784608,0.1590872456634118,0.14868493001926275,0.13885229658806786,0.1295739927952999,0.12083252898977825,0.11260878761761628,0.10488246469511076,0.09763244130220006,0.09083711116551818,0.08447465865478954,0.07852329295821914,0.0729614463382644,0.06776792181779179,0.06292203880790659,0.05840370921352811,0.054193542270359885,0.05027287561981009,0.046623831162802,0.04322933371385673,0.040073119457386674,0.037139749058678895,0.034414586347968346,0.03188380091318166,0.02953433663637206,0.02835960449796504
0.5527859115968714,0.5570595733990014,0.5598142200089118,0.5609871522512888,0.5605348063293691,0.5584344577662259,0.5546853512711936,0.5493091353442936,0.542349608283319,0.5338717621483768,0.5239601853508491,0.5127168530037762,0.5002584836250268,0.486713543883579,0.47221905932204766,0.45691737348956263,0.44095298674294625,0.42446957662837903,0.4076073157954019,0.39050060489083105,0.37327609152796093,0.3560511748939055,0.338932938614116,0.32201748092138605,0.3053894968173987,0.2891222830686102,0.27327798507517986,0.257908056159728,0.2430538751858169,0.2287473515176064,0.21501183153151526,0.20186298105398848,0.18930955280508588,0.17735427779435486,0.16599467732516082,0.15522382094720122,0.14503104722477733,0.13540262996727837,0.12632237864720341,0.11777215597605917,0.1097323613911616,0.10218235370473838,0.09510080001727594,0.08846598909469261,0.08225608896779146,0.07644936861721074,0.07102438148611778,0.06596010188974599,0.06123606016940286,0.056832409854172816,0.05273002436514851,0.04891052189389011,0.04535631532812001,0.04205062618319655,0.03897748937379042,0.0361217625846999,0.03346910297811867,0.03100596701385072,0.028719577905653715,0.02757638335155521
0.5545108322264758,0.5582405708182803,0.5604264103032408,0.5610123791250521,0.5599623261388897,0.557261415913366,0.5529170247736248,0.5469589216654258,0.5394387581749771,0.5304288663675338,0.5200204401848163,0.5083211425125,0.4954523229437102,0.4815459348080875,0.4667413102984952,0.45118193444596777,0.4350123429330166,0.4183752309382971,0.4014089087841244,0.3842451682480297,0.367007449934893,0.34980950433229463,0.3327544699611007,0.3159343349909305,0.2994296401480989,0.28330958587597266,0.2676323616978049,0.252445666711818,0.23778737899949665,0.22368619477130647,0.21016255077339618,0.1972295128601642,0.18489354457172702,0.1731553883539627,0.16201086210886118,0.15145160004278235,0.14146575241978265,0.1320386288748132,0.12315327501448259,0.11479097099888591,0.10693169006028569,0.09955450259369503,0.09263790343766676,0.08616011126869605,0.08009930684636846,0.07443384259386399,0.06914241211021466,0.06420417587372995,0.0595988864104946,0.05530694709184214,0.0513095010866671,0.047588450501185875,0.0441265007030367,0.04090716987132481,0.037914790348714256,0.03513451452967331,0.03255228978535474,0.030154855709123574,0.027929710631613425,0.02681713809285613
0.5560363636271459,0.5592143105695224,0.5608259038786678,0.5608221447100603,0.5591744673694077,0.5558760144578723,0.5509422918502449,0.5444110937267133,0.5363417397770265,0.5268136352435215,0.5159242438465039,0.5037865279893872,0.4905260459306593,0.4762778003131274,0.4611829962991676,0.44538584716427465,0.4290305452127319,0.4122584703692356,0.3952057902304462,0.3780014635848028,0.3607655574902102,0.3436080624291904,0.3266281114627789,0.30991356768599765,0.29354084169334715,0.27757509365446076,0.26207063820194776,0.2470715198577178,0.23261222780847302,0.21871836466400119,0.20540757989587544,0.19269046081341834,0.18057129973218178,0.16904896265534486,0.15811766898144786,0.14776771420122348,0.13798614809434007,0.1287573949664278,0.12006380662852756,0.11188614202357616,0.10420400151871956,0.09699621274292802,0.09024113716352922,0.08391695574392344,0.07800188884113712,0.07247439406704359,0.06731332251566968,0.06249803430706358,0.05800851424215381,0.053825422782636245,0.04993017761995677,0.04630496750417379,0.042932791278813554,0.03979746336922663,0.03688361196453105,0.034176681665885056,0.03166290680948869,0.02932930632369768,0.027163649431005688,0.02608082098465969
0.5573612031281661,0.5599801873329824,0.5610128652985091,0.5604174323976685,0.5581730536953944,0.55428090886948,0.5487646005833602,0.5416698234289874,0.5330633532695206,0.523031379397656,0.5116772829429772,0.4991189274009722,0.4854856538459096,0.4709150799660655,0.4555498591691043,0.4395345335899581,0.42301259100364863,0.40612378319235365,0.3890018757105995,0.3717727913343749,0.3545530771385197,0.3374488706207579,0.32055525506107685,0.3039559669189673,0.28772332150172275,0.2719185027705828,0.25659203696376753,0.24178441692797925,0.22752685616144852,0.21384198285958167,0.20074477990962514,0.18824347486964488,0.17634030341095563,0.16503236337488403,0.15431237644843776,0.1441693918284237,0.134589442457953,0.1255561421305318,0.11705121511356609,0.10905495691868605,0.10154664512547207,0.09450490730604777,0.08790800780377417,0.08173411992070001,0.07596152843681647,0.07056881613593191,0.06553500743585072,0.060839674296344626,0.056463042815559916,0.05238603690805643,0.04859035284658919,0.04505846818010362,0.04177367577761437,0.038720085555232764,0.03588261972196083,0.03324701241714134,0.030799781598718212,0.028528221687760258,0.026420368575554853,0.02536644201945215
0.5584840901997978,0.5605376512284055,0.5609875219013483,0.5597992886458991,0.5569599644536671,0.5524787950481058,0.546387416853622,0.538739271415638,0.5296083535506435,0.519087326996206,0.5072851233407549,0.49432410066126753,0.4803369555330361,0.46546349122266406,0.4498473949741655,0.4336331531799642,0.41696320596691816,0.3999753841206255,0.38280081257557885,0.36556219550889946,0.3483724327829485,0.3313337332157218,0.31453710091339904,0.29806215648730205,0.2819771644620417,0.2663394037341371,0.25119570334492636,0.23658310995099185,0.22252967536309232,0.20905517179885091,0.19617203433001773,0.18388624677746712,0.17219809932312646,0.16110302611322957,0.15059234789474019,0.1406539559172426,0.13127294592894412,0.12243219218188717,0.11411285402456173,0.10629481796846196,0.09895708581152185,0.09207812501827561,0.08563613658373104,0.07960931403409255,0.07397602949967386,0.0687150092867661,0.06380546557131161,0.05922719317235092,0.05496066752872064,0.050987081561770786,0.04728841353363489,0.04384743142844094,0.04064772229018576,0.03767369047012803,0.034910550156594944,0.03234432221755679,0.02996180480927091,0.027750563973962805,0.02569889806103287,0.024673065104570124
0.5594038065217477,0.5608862072445953,0.5607501623941569,0.5589688206401222,0.5555371314012358,0.5504724053435361,0.5438142199164342,0.5356235826091416,0.5259814462106549,0.5149866206683829,0.5027532085148145,0.4894076498335398,0.4750855697910028,0.4599285341550985,0.44408086112679435,0.42768661232443606,0.41088685548935633,0.39381722752195536,0.3766059944772815,0.35937247908029324,0.3422258250493426,0.325264253086468,0.3085746725920657,0.29223261041658066,0.27630233349044797,0.26083729299933633,0.24588071594691563,0.2314663102657999,0.21761908040953237,0.2043560599727856,0.1916872528450675,0.1796165122304716,0.16814229052444674,0.15725845887307077,0.14695502992919884,0.1372188214013148,0.12803406763890468,0.1193829706534455,0.1112461840556378,0.10360323661807058,0.09643289847139691,0.08971351433299635,0.08342325331422984,0.07754035503223289,0.0720433001312859,0.06691097527842693,0.06212279355454875,0.05765878257303125,0.05349967425938296,0.04962693535743856,0.04602282893559462,0.04267041458111187,0.03955357330406084,0.03665700256945126,0.03396620631810787,0.03146748921792675,0.029147926136920965,0.02699535085034288,0.024998319976559102,0.023999804539669434
0.5601191760398216,0.5610254146495275,0.5603011354320842,0.5579271939650376,0.5539065355281281,0.5482645046909917,0.5410484981660191,0.5323268820089666,0.5221872838316521,0.5107343147940835,0.49808685828136134,0.4843750196925578,0.46973692804304523,0.45431549637418467,0.43825528356943977,0.4216995736641804,0.40478775588892013,0.38765302017211845,0.37042057526361916,0.35320621857751977,0.33611524614056254,0.31924184635575337,0.3026688312188597,0.2864676662132304,0.2706986816345136,0.25541158371989336,0.24064609588196006,0.2264326962341645,0.21279345612092104,0.19974278650093602,0.18728837440199708,0.17543205255311278,0.16417053980825713,0.1534962412920482,0.14339795058581295,0.13386149245880663,0.12487031197144116,0.11640600269691603,0.10844876842213136,0.10097782844744607,0.09397176262937901,0.08740882787046544,0.08126719070235655,0.07552516081862137,0.07016134690214226,0.06515481141810664,0.06048518031012584,0.05613272292289917,0.052078433991771256,0.048304058224815094,0.04479214577662649,0.041526048582962716,0.03848994109047599,0.03566881232172747,0.03304845358177211,0.030615450310178538,0.028357150552111854,0.026261651922254714,0.024317765148107462,0.023345821761031615
0.5606290650108381,0.5609548863818148,0.5596408481870241,0.5566756302905507,0.55207020392813,0.5458578868641961,0.5380937450857393,0.5288532707445848,0.5182304626008571,0.5063353731421572,0.4932912678880008,0.479231498615027,0.4642962772663495,0.4486294581093375,0.4323754639820532,0.4156764652770084,0.39866988532268,0.3814862335438285,0.3642474822535391,0.347065777926594,0.3300424938224156,0.31326775613420565,0.2968202886021398,0.2807675371034257,0.2651659631774672,0.25006161554497197,0.23549081514766534,0.22148092013731802,0.20805118255251553,0.1952135050903081,0.18297336978061018,0.17133069597997874,0.16028056979986882,0.14981402367240548,0.13991871741418027,0.1305795597901982,0.12177927515058862,0.11349890909995608,0.10571826841706766,0.09841630836872728,0.09157145736993222,0.08516191716338994,0.07916587898479044,0.07356174483610811,0.06832826944030312,0.06344470520026846,0.05889090178190948,0.054647378279688574,0.05069539780742538,0.04701698656410347,0.04359498358306624,0.0404130335128805,0.03745560342095722,0.03470797212427712,0.03215621576479144,0.029787197443393865,0.027588534813056675,0.025548585438563975,0.02365641003283514,0.022710322329970722
0.5609323820360812,0.5606742884245564,0.5587697649067214,0.5552154050742453,0.5500302067299057,0.5432553708470755,0.5349534553830138,0.5252068223773465,0.5141155192247115,0.5017946668399631,0.48837150743559654,0.4739822197675858,0.4587686831492688,0.44287529741278586,0.42644598698387437,0.40962148971019907,0.3925369943843826,0.3753201156312125,0.35808942890488193,0.3409533215606242,0.3240091845823123,0.30734306536219336,0.2910296194402706,0.27513232333011395,0.2597038438198407,0.24478666353572098,0.2304138041855941,0.21660961433503712,0.2033906397576013,0.19076638744238927,0.17874024371380415,0.16731031858121082,0.1564701627929299,0.1462095258434104,0.13651501548705092,0.12737069788962607,0.11875864189153429,0.11065940242566796,0.10305243914152662,0.09591648604111214,0.08922985652141335,0.0829707276846614,0.07711734086538691,0.0716482109715244,0.06654225535185354,0.06177892928400208,0.05733831600138295,0.05320119152120384,0.04934909221269379,0.04576432873124148,0.04243003033900461,0.03933013441860478,0.03644939958702409,0.03377339251078304,0.03128847152240155,0.028981774207186284,0.02684118423366133,0.024855315240093212,0.023013473842916632,0.02209255314432612
0.5610280780833965,0.5601833391622923,0.5576884054662457,0.5535478452829112,0.5477886540909038,0.540459797325008,0.5316311213065372,0.5213915794441171,0.509846928131541,0.49711697265542476,0.48333252160737583,0.46863216256324947,0.453159033444841,0.4370576954576988,0.42047122730309194,0.4035386328394619,0.38639261638201194,0.3691577023117265,0.3519489268900289,0.33487082682786884,0.3180167660009481,0.30146870880759735,0.2852972726521097,0.26956202257580664,0.2543119100102409,0.23958594627612406,0.22541395869668523,0.21181739675768085,0.19881021196848536,0.1863996261688472,0.17458703660937047,0.16336884488055148,0.15273716036675378,0.1426805358878358,0.13318460534859966,0.12423266232659991,0.11580618212320815,0.10788528327798641,0.1004491254071338,0.09347626149649013,0.08694492408225063,0.08083329414267482,0.07511968673969083,0.06978274876117574,0.06480157545145637,0.06015583678558922,0.05582585847275556,0.05179267984769531,0.04803811477791964,0.044544760828637564,0.041296038439790905,0.03827617744050826,0.035470226698919305,0.032864038627162806,0.030444251001005007,0.028198272660593382,0.026114249685145197,0.024181047929952015,0.022388215879787232,0.0214917998547004
0.5609151464980622,0.5594818087221642,0.5563973439136682,0.5516743271354807,0.5453476932560886,0.5374740252961097,0.5281302291432155,0.5174115502359999,0.5054290989499632,0.49230697157330194,0.4781791296816795,0.4631861543592031,0.44747204149180764,0.4311811419027478,0.41445535689094815,0.397431672538322,0.3802400772884029,0.36300182824979377,0.34582829759566724,0.32882009572615,0.31206652837670656,0.295645484268805,0.2796235818919035,0.26405653957390474,0.24898967749185097,0.2344586332457288,0.22049014578031212,0.20710287579502662,0.19430829125536953,0.18211143727008938,0.1705118259207783,0.15950424820727171,0.14907946281851547,0.1392249087595454,0.1299253209237028,0.12116328705154444,0.11291974779074287,0.10517443669516346,0.09790625780784712,0.09109362096875184,0.08471470987874596,0.0787477360302935,0.07317111018974476,0.06796362887844687,0.06310457928265123,0.05857385686487415,0.05435203785265852,0.05042043057689405,0.04676113006500948,0.043357022778613974,0.04019182092070306,0.03725004620191097,0.034517036241346055,0.03197892695434579,0.029622632727672737,0.027435830386410842,0.025406924812263476,0.023525030247641965,0.021779933061258916,0.02090738446806739
0.5605926230027602,0.5585695182999673,0.5548972070116398,0.5495962738695614,0.5427095056832765,0.53430092880276,0.5244542558920484,0.5132707058044828,0.5008663742507924,0.4873692476478153,0.4729160258058407,0.4576488723700667,0.4417122498765069,0.42524994029815133,0.40840235195991337,0.39130418714441895,0.37408250536067555,0.35685513734847074,0.3397296830640384,0.32280276599196966,0.30615961564138594,0.2898740630303154,0.27400877530277423,0.2586156949678564,0.2437365991262075,0.22940385151661413,0.2156412094580462,0.20246465464018204,0.18988328071682492,0.17790006222540455,0.1665127272098177,0.15571455081816232,0.14549502844042106,0.13584056481537932,0.1267350674052059,0.11816048173654892,0.11009726974309686,0.102524828672097,0.09542184895747319,0.08876663291938147,0.08253734544378943,0.07671225341397747,0.07126988373343135,0.06618919888607078,0.061449690909083365,0.05703149058529089,0.05291543190364845,0.0490830972105627,0.04551686582237924,0.04219991465804984,0.03911624793963675,0.036250678445259865,0.033588830866184693,0.031117122258397245,0.028822740717089346,0.02669362775300943,0.024718443446833938,0.022886546630207505,0.021187957625734555,0.02033866312349808
0.5600595856866231,0.5574463394721407,0.5531886727765234,0.5473151535337206,0.5398763042368038,0.5309433937831542,0.5206066661115916,0.5089729771880158,0.4961630275398665,0.4823082871141704,0.46754777950961834,0.4520248457726561,0.4358840342112158,0.41926821351069954,0.40231599992826883,0.3851595637119676,0.3679228404265178,0.35072009275696203,0.3336550563939378,0.3168203215727772,0.3002970356044976,0.2841549996160708,0.26845298455975275,0.2532392334730149,0.23855207205150109,0.22442069183178592,0.21086597563771292,0.1979013351410286,0.1855335972505534,0.17376376973815333,0.162587894938917,0.15199782382178562,0.14198187266753148,0.13252548828167843,0.12361181913362884,0.11522222916023228,0.10733675471046755,0.09993450281135186,0.09299398988873886,0.086493444251734,0.0804110401059921,0.07472512295024991,0.06941435481351732,0.06445787923648805,0.059835404958765714,0.055527307029210604,0.05151468370244494,0.04777939575312029,0.04430410942750651,0.04107229327501738,0.03806824349481985,0.03527706289542465,0.03268466140365245,0.030277734750274732,0.028043741778844833,0.025970885366985996,0.024048077202558638,0.022264916945444746,0.02061165499914086,0.019785024025988918
0.5593151549837372,0.5561121934944357,0.5512724690167503,0.5448324768073332,0.5368503304507799,0.5274043150427055,0.5165909089378351,0.5045222528509852,0.49132326148968897,0.47712847774245226,0.4620788364378381,0.4463184579796309,0.4299916070062171,0.4132399091477712,0.39619990625553214,0.3790010060418325,0.3617638428371217,0.3445989864433141,0.3276062316202877,0.3108741025102191,0.2944796695625307,0.27848874088338693,0.26295625325063465,0.2479268313925953,0.233435444227994,0.21950821411753196,0.2061632565685656,0.19341152120726512,0.18125767394803205,0.16970085717497252,0.15873552302699157,0.14835218693306285,0.1385380671192049,0.12927772567250084,0.1205536174814581,0.1123465826441894,0.10463628237403988,0.0974015771016612,0.09062084660926839,0.08427227670631865,0.0783340772790675,0.07278469411695632,0.06760294201219708,0.06276815950487347,0.05826028290513374,0.05405993965119649,0.05014849808519184,0.046508101264479684,0.04312170455926356,0.03997306896938557,0.03704678235976644,0.03432823633275017,0.03180362407534609,0.029459917438852123,0.02728484300936973,0.0252668617016516,0.023395133236934207,0.021659494383250433,0.020050421811488306,0.019245885525609463
0.5583584936411312,0.5545670505882838,0.5491493718719376,0.5421497948499976,0.5336338518632022,0.5236865933444301,0.512410415268465,0.4999223763278371,0.4863512063977149,0.47183410841726836,0.4565135192827041,0.4405339490609794,0.4240390216151857,0.407168804962299,0.3900575011557317,0.37283154248278105,0.35560810208838944,0.3384939483425331,0.3215848730913917,0.3049653142619446,0.2887082813078745,0.27287563449843955,0.25751854463957446,0.24267810353555408,0.2283860204195598,0.21466545247806224,0.20153185483398062,0.1889938218160525,0.17705396215261793,0.16570965173396957,0.1549538451986665,0.14477580808323953,0.13516173855382618,0.12609538417450494,0.11755856875215631,0.10953166354657817,0.10199400253001478,0.09492424082222506,0.08830065680974997,0.08210142342958804,0.07630481094150987,0.07088938564767666,0.06583413147797312,0.06111859484036586,0.056722949569234515,0.052628082853254377,0.04881563831336422,0.04526804463048428,0.04196854808339534,0.03890120262097785,0.036050887219412076,0.03340328086021582,0.030944857893633326,0.02866286366247639,0.026545289454120713,0.024580850887576666,0.022758952166976876,0.021069663492800927,0.019503684051151993,0.018720694330329746
0.5571888066765318,0.5528109292155015,0.5468202043542769,0.5392686971820182,0.5302291594218023,0.5197931326175409,0.5080685951099317,0.4951771440644448,0.4812509188595948,0.46642936892786313,0.4508560288973351,0.43467541829372625,0.4180301762348426,0.4010585142226697,0.38389204617741424,0.36665403349933623,0.34945804511345546,0.33240695509136664,0.3155925043634067,0.2990950364889233,0.2829835255709412,0.26731593683186894,0.2521397488560462,0.23749260958094265,0.22340306765631812,0.20989141971667458,0.19697056692386639,0.1846468536558854,0.17292093321648494,0.16178851137309103,0.15124113515363025,0.14126690290705568,0.1318510677540896,0.12297663001113346,0.11462484210221557,0.10677565881750617,0.09940813234867285,0.09250075157035464,0.08603172671874493,0.07997924570854575,0.07432166229697224,0.06903768215804629,0.06410647355209242,0.05950780262179656,0.05522208982899901,0.051230488767206595,0.047514922945128824,0.04405810953557854,0.040843587135896975,0.037855702850357886,0.03507962599254011,0.03250132135004247,0.03010754223339962,0.02788580478529923,0.02582436192709814,0.0239121806527276,0.02213890612682068,0.02049483835397048,0.018970895346042127,0.01820892384207795
0.5558053413261232,0.5508438953424433,0.5442858348936963,0.5361908095976298,0.5266385649624938,0.5157268372831281,0.5035688350831213,0.4902903034490036,0.4760263806455489,0.4609183499534719,0.4451104455731647,0.4287468268215955,0.4119688179417835,0.39491249103349,0.3777066406409979,0.360471179003099,0.34331594425074385,0.32633983836166447,0.3096305166311719,0.2932642313345424,0.2773059559276403,0.26180982031120514,0.24681968954869404,0.23236985993001724,0.21848582022009122,0.20518511142409768,0.19247818642547543,0.18036924344392524,0.1688570799885447,0.15793582552658947,0.1475957065798017,0.13782373412642102,0.12860428835780535,0.11991968679694764,0.11175066749326223,0.10407681861934304,0.09687695372862404,0.09012943240971794,0.08381242809935241,0.07790416986376503,0.07238311660621832,0.06722813095318969,0.06241857958297459,0.057934459305339914,0.053756445521919716,0.049865964230382254,0.0462452228981558,0.042877229623741187,0.039745816390239774,0.0368356233980327,0.03413210932687427,0.031621523056619694,0.029290894563240855,0.0271280080461489,0.025121374975558552,0.023260210400639636,0.02153439695627757,0.019934460872614856,0.01845153536172095,0.017710072606276217
0.5542073869822994,0.5486660616941874,0.5415471758881507,0.5329177921124639,0.5228643987609605,0.5114906096955263,0.49891449608348903,0.4852655510248338,0.47068149776879675,0.45530504322943255,0.4392807304647173,0.42275200040762684,0.405858546750939,0.3887340355947577,0.37150422792588955,0.35428552544613634,0.3371839248928321,0.3202942928047392,0.30370017671491834,0.2874737512209258,0.27167603220272785,0.25635738026476673,0.24155813004151927,0.227309321084741,0.21363348419107364,0.20054550967128382,0.1880535068675515,0.17615962994938172,0.16486091806200864,0.15415001563469755,0.14401591303109917,0.1344446108475683,0.1254196856471701,0.11692283389128644,0.10893433367980432,0.10143345401446346,0.09439881074567058,0.0878086691361446,0.08164119538187187,0.07587468429369526,0.07048772018173999,0.06545933900628853,0.060769118917178844,0.05639729745203326,0.052324812528943276,0.04853336794182095,0.04500545869088768,0.04172438583456284,0.03867427549540725,0.035840060669625196,0.03320748825433206,0.0307630893834121,0.02849416832428897,0.026388774548298244,0.02443567497905974,0.02262432941619874,0.020944854510305255,0.01938799919026124,0.017945108307486635,0.01722366286609711
0.5523942751218547,0.5462775869997838,0.5386051822603788,0.5294513369463427,0.5189090071577906,0.5070873476979765,0.4941089110912644,0.48010653087728006,0.4652200997348066,0.44959334188041655,0.43337072714623837,0.4166946322642584,0.39970281968138455,0.382526299388557,0.3652876016012785,0.34809947267604,0.33106397282234745,0.3142718836194325,0.29780263462189094,0.28172434618716213,0.2660941273985262,0.2509586412896292,0.23635477902706814,0.22231042058820538,0.2088452415911446,0.19597158634085954,0.1836953242500705,0.17201666575196395,0.16093098680766804,0.15042953550873595,0.14050014768877794,0.1311278877865707,0.1222955953078042,0.11398440475895999,0.10617418623716013,0.0988439347220238,0.09197210719527504,0.08553690765742417,0.07951652292753408,0.07388933666301334,0.06863407753654016,0.06372997009855386,0.05915681605674017,0.05489510292412181,0.050926038027800935,0.04723160778703939,0.0437945978501153,0.040598603902335384,0.0376280466729062,0.03486815143491029,0.032304951994905906,0.029925259792715764,0.027716650945799337,0.025667437379901514,0.023766638372797466,0.022003955189435764,0.020369735080199014,0.018854946199415856,0.017451141542150772,0.01674923921351601
0.5503653792247265,0.5436786752292333,0.5354608500225222,0.5257931665429361,0.5147747502573896,0.5025199422908155,0.48915538312737095,0.4748168331873215,0.459645938960751,0.44378704090734633,0.42738416328557793,0.4105782859462659,0.3935049548170033,0.3762922902838328,0.3590594113957257,0.3419152805534065,0.3249579412417525,0.3082740537570672,0.29193893070152743,0.27601667079337755,0.2605605341766548,0.24561356317456706,0.2312092958292178,0.2173725515603131,0.2041202541566589,0.19146230612843151,0.17940243928861843,0.16793901876193118,0.15706585021616704,0.1467728715517458,0.13704684302251025,0.12787196443625248,0.11923040216719638,0.11110278534460338,0.10346862563318737,0.0963066869446072,0.08959530422707473,0.08331265148383338,0.07743696241762521,0.07194673122827844,0.06682084867911442,0.06203874211164084,0.05758044797273154,0.05342671223975248,0.04955901790497652,0.04595963832035199,0.04261165247383403,0.03949895200708653,0.03660625246153071,0.03391907067016753,0.031423725898478416,0.02910730784793536,0.026957661987583315,0.02496335985529896,0.023113669986019048,0.021398531848464408,0.01980851991823851,0.018334818156549026,0.016969184271857785,0.016286367329516604
0.548120114683337,0.5408695748230818,0.5321152148496822,0.5219450316270713,0.5104639997008587,0.4977912754103331,0.4840571833504992,0.46939999294401513,0.4539626903547189,0.4378898378155993,0.4213246524217906,0.40440639829324,0.38726813535034044,0.3700348775512685,0.3528221690020006,0.3357350753336341,0.3188675575044764,0.3023021307762619,0.28611000241282714,0.27035129061337315,0.25507547091947913,0.2403220464069511,0.22612129526605962,0.21249507685937807,0.1994576667706527,0.1870166292426223,0.17517365940002527,0.16392537352575065,0.15326409757031811,0.14317854285247567,0.13365447036610245,0.12467528418594664,0.11622253892090928,0.10827641246608621,0.1008161053465706,0.09382019126514152,0.08726691806985709,0.08113445932544483,0.07540112036295898,0.07004552629428673,0.06504674654678855,0.060384424463788555,0.056038841565988484,0.051991010076255506,0.04822269431626669,0.044716458394447045,0.041455676938921826,0.03842453856725658,0.035608053599824885,0.032992029533498446,0.030563069514957242,0.028308539378905095,0.026216551400009003,0.024275933868556088,0.022476201487018344,0.020807528693596034,0.01926071385798256,0.017827153385492345,0.016498806333258287,0.015834632807139037
0.5456579387030391,0.537850577915373,0.5285693506637612,0.5179087093008716,0.5059791365126509,0.49290421781643445,0.4788175492908442,0.4638594888087333,0.44817395104459035,0.4319053333723355,0.41519569583346794,0.39818228240950493,0.3809954135996252,0.36375679678113393,0.34657825371465556,0.3295608558154539,0.31279442955534087,0.2963573333609393,0.28031669072174026,0.2647286883381339,0.24963908739635166,0.235083937290832,0.2210903521411689,0.20767733289816181,0.1948566105824101,0.18263351382997062,0.17100780045348873,0.15997443233906505,0.14952434396638292,0.13964510116869722,0.13032153942066138,0.12153633340409087,0.11327048485380686,0.10550377223147667,0.0982151300337053,0.09138298061403205,0.08498551784465569,0.07900094279269965,0.07340765572844354,0.06818443179468225,0.06331053457014679,0.05876583568165561,0.05453087126619405,0.05058692691284339,0.04691605338651872,0.0435011089276216,0.04032576574407809,0.03737451016433635,0.03463264703670532,0.03208627346415582,0.02972227478354128,0.027528290761442697,0.02549269789329678,0.023604578351026362,0.021853689927069375,0.020230438825166175,0.01872584402326627,0.01733151106451558,0.016039597055392818,0.015393640050833657
0.5429783501935992,0.5346220195507412,0.5248243682285203,0.5136860011795319,0.5013225490208129,0.4878616270868763,0.473439683215795,0.4581987421235745,0.4422832402469501,0.4258370324816685,0.40900068448596283,0.39190913067008726,0.3746897149896844,0.3574606546986203,0.3403299178988295,0.32339449925955943,0.3067400520886343,0.29044077751457564,0.27455974614611023,0.2591492695110631,0.244251470058523,0.22989903270197676,0.21611600538979037,0.20291863314084946,0.19031620583990438,0.17831191814890346,0.16690368830926783,0.15608491618660292,0.1458452307013447,0.13617113081405563,0.1270465976967161,0.11845364049241525,0.11037276456228984,0.10278339848336149,0.09566425374575083,0.08899363830591422,0.08274972346403509,0.07691076419636733,0.07145527766764914,0.06636220699076656,0.06161102436152088,0.05718184110016011,0.053055456761148534,0.04921343680433399,0.045638123039681844,0.04231267079982892,0.039221051479101376,0.03634804959072646,0.033679264061596825,0.031201080397176284,0.02890066433297367,0.026765927303236126,0.024785507408222607,0.02294873782550777,0.021245616376046605,0.019666777858291518,0.018203458619305835,0.016847470090941563,0.015591164194792562,0.014963011246720281
0.5400808896520548,0.5311842768964148,0.5208814137572304,0.5092787315674441,0.4964966308506291,0.4826663457159208,0.46792675062303335,0.45242111605700686,0.4362939992665327,0.41968834516679543,0.40274290104632904,0.3855900177426541,0.3683538419887933,0.3511489338715901,0.3340792922895153,0.31723776708120877,0.3007058124322848,0.28455348244379675,0.26883983446514215,0.2536133679153396,0.23891264698531867,0.22476708450386074,0.21119776190466677,0.1982182713053593,0.18583556445868954,0.17405080251470473,0.1628601601650237,0.15225556552687536,0.14222542554143125,0.13275524846121378,0.12382822990542497,0.11542577491929329,0.1075279466829171,0.1001138712733507,0.09316207819682454,0.0866507961452756,0.08055820361487331,0.07486263444314911,0.06954274336254507,0.06457765828264961,0.05994707352092732,0.055631350683098546,0.05161156084859897,0.047869555277726406,0.0443879709511652,0.041150262869282805,0.03814070291225935,0.035344374012602486,0.03274716854595461,0.03033575908547359,0.028097589884943375,0.02602084172851349,0.024094411681159222,0.022307881050149803,0.020651484643314788,0.019116082718273475,0.017693125800173348,0.016374628017752357,0.015153132938174885,0.014542385398383928
0.5369651390372043,0.5275377684499238,0.5167416675334868,0.5046887456754989,0.4915037789910004,0.47732119931511274,0.4622818788564276,0.4465299148795543,0.43020959161730765,0.41346258764886734,0.39642552195553904,0.3792279036159796,0.36199047799438056,0.34482399730702884,0.32782839112141193,0.3110923103211771,0.2946929961669964,0.27869637614409637,0.26315754210988196,0.2481212506326269,0.23362259250296002,0.21968780364722384,0.20633510006444755,0.19357552429372316,0.1814137923489323,0.1698491310358463,0.15887606572806412,0.14848514093771303,0.13866362288571743,0.12939610287262315,0.12066505730778943,0.11245134623890873,0.10473464263164534,0.09749381536936497,0.09070725108381694,0.08435313259982369,0.07840967382234165,0.07285531102319887,0.06766885596359629,0.06282963712705314,0.0583175835532046,0.05411331695769572,0.0501981874033941,0.04655433734426673,0.04316470261472194,0.04001304010183837,0.03708392318802822,0.034362733240165255,0.031835655288738884,0.02948964752208738,0.02731243075373868,0.02529245275469716,0.02341886689686934,0.021681499745835886,0.020070820077657814,0.01857791051099067,0.017194432606930654,0.01591260005683992,0.014725144968124049,0.014131417423766113
0.5336307216357206,0.5236829532429921,0.5124063425465764,0.49991790787995427,0.48634639193309237,0.4718289949137411,0.4565081558399786,0.4405283833628326,0.42403330325640365,0.40716298351294977,0.3900516195483972,0.37282563662657253,0.355602191161255,0.3384880929331002,0.32157911709008946,0.30495967489985176,0.2887027924891994,0.27287030070036966,0.2575133812504715,0.24267312279154574,0.22838123149622636,0.2146608639744274,0.20152747298617157,0.18898965487154307,0.17704999152058143,0.16570587315998697,0.1549502682301762,0.1447724236373249,0.13515854383710835,0.12609237456906897,0.1175557370297664,0.10952900310198022,0.10199150535764812,0.09492189879745538,0.08829846445808087,0.08209937104039167,0.07630289459240824,0.07088759608589346,0.06583246262559683,0.06111703805646851,0.05672149789026637,0.05262673305669541,0.048814379453179235,0.04526687562008025,0.04196745951680292,0.03890019180614157,0.03604994812810958,0.03340240809820205,0.03094404845893628,0.028662111455894923,0.02654459243542906,0.024580203754762664,0.02275835242289137,0.02106910740113488,0.01950316844094857,0.018051837462871312,0.01670698397159498,0.015461018144358185,0.014306857586925403,0.013729777308206792
0.5300773019204552,0.5196203300427849,0.5078766831420944,0.49496810002345626,0.48102686788066507,0.46619251935651196,0.45060862892536413,0.43441970629506166,0.41776834292270415,0.40079266495193,0.38362416421220846,0.36638595647565886,0.34919143816708687,0.3321433579644717,0.31533326614571866,0.29884130665963404,0.28273629932665134,0.26707601731456254,0.25190779459555834,0.23726913202346545,0.22318844343202304,0.2096859057484135,0.19677431152176794,0.18445991411585982,0.17274326198504664,0.16162000504671425,0.1510816453002306,0.141116215893895,0.13170893619185886,0.12284277544488464,0.11449896135023341,0.10665743226292879,0.0992972281146054,0.09239683141954114,0.085934453148937,0.07988827804578769,0.07423666963022768,0.06895833460013989,0.06403245263481239,0.05943879679453534,0.055157800012910485,0.05117063086194307,0.0474592173563293,0.0440062985486156,0.040795417411798596,0.03781093996773954,0.03503804462908988,0.03246270889044389,0.030071700128657675,0.027852542994488694,0.025793505280695683,0.023883561499395967,0.022112369620024275,0.020470238149523645,0.01894809485014637,0.017537457925667077,0.01623040178222457,0.015019530063589137,0.013897942894773863,0.013337149310370666
0.5263045854007009,0.5153504365506745,0.5031539636886118,0.48984121975865325,0.4755476030310257,0.46041453779596786,0.4445863038483644,0.4282070081067779,0.41141784257211267,0.3943546740797199,0.3771460265758364,0.3599114972297679,0.3427605679104051,0.32579182314936617,0.30909253212121346,0.29273855620111533,0.27679452821570916,0.26131421107261854,0.2463411599184484,0.2319093726423116,0.21804406611281024,0.20476253892490526,0.1920750270170979,0.17998554364956565,0.16849270347028877,0.15759051078241715,0.14726908970831065,0.1375153413358321,0.12831357435761248,0.11964604833798909,0.11149345696788604,0.103835357587867,0.09665054325217248,0.0899173635482331,0.08361399323848051,0.0777186617711223,0.07220984413184972,0.06706641259586643,0.062267755623173215,0.05779388846272049,0.053625511666837156,0.049744079243700945,0.046131817076138226,0.042771768719056524,0.03964778469185415,0.03674453767602781,0.034047509150565425,0.031542973951728115,0.02921798889096827,0.02706035928842443,0.02505862324555075,0.023202014973620066,0.021480440723657956,0.019884445713906906,0.018405182783198804,0.01703438344146324,0.015764324004869934,0.014587798621379378,0.013498087018213312,0.01295323121663472
0.5223123184650946,0.5108738485996467,0.498239487261416,0.4845391789344733,0.4699109899260989,0.4544977922769844,0.43844414378983565,0.4218933526002333,0.40498485790180005,0.3878519643057654,0.3706199797216936,0.3534047902985771,0.3363118251372965,0.31943541689708255,0.3028585111970683,0.2866526835185246,0.270878408949109,0.2555854954623138,0.24081379432423056,0.22659388956416393,0.21294789917689627,0.19989034618519863,0.1874290138509016,0.1755657776788544,0.16429741696490918,0.15361638345151363,0.14351150999388107,0.13396864517336127,0.12497125920885477,0.11650096656177666,0.10853798425241035,0.10106153906702886,0.09405022102968896,0.08748228459926732,0.08133590058728934,0.07558937037793534,0.07022130314649822,0.06521075548302502,0.060537339865307516,0.05618132587370539,0.05212369116776028,0.04834618239037525,0.044831328545695825,0.04156248127476836,0.03852380084562235,0.03570026763819456,0.03307766628798614,0.030642568282170934,0.028382318556827713,0.026285001291559418,0.024339422714896308,0.02253507426286383,0.0208621077912019,0.019311302413829168,0.017874033144176238,0.01654224186384834,0.015308403858433905,0.014165500874505632,0.013106989385538448,0.012577733641050415
0.5181002882169805,0.5061911793507301,0.49313458434374624,0.4790639020257137,0.4641194158723394,0.44844500041076873,0.4321850685365858,0.4154817427764401,0.39847236895640403,0.3812874017632062,0.3640487014134619,0.34686826738453025,0.32984735399330223,0.31307596928580317,0.29663270620539084,0.2805848624404117,0.2649887940030293,0.24989041665350875,0.23532595827133296,0.22132268198181482,0.20789970736150298,0.1950688857458882,0.18283565176959282,0.17119984484910145,0.16015650610553767,0.14969662607698275,0.13980783098955119,0.1304749943411876,0.1216808178879214,0.11340633340524597,0.1056313364846373,0.09833477183476713,0.09149506845380628,0.08509042178207249,0.07909902941016345,0.07349929052416382,0.0682699700068845,0.06339032644492093,0.058840210654662606,0.05460015790702766,0.0506514317908513,0.04697607822357952,0.043556934118189616,0.040377662406565484,0.03742273500041193,0.03467744077487289,0.0321278674249692,0.029760882258202948,0.027564116926144244,0.025525932592440626,0.02363540139405984,0.02188226950384564,0.020256931711153392,0.018750398231222043,0.01735426338389523,0.016060676531317597,0.014862309038856658,0.013752327402336562,0.01272436204575289,0.012210379367463275
0.5136683223026717,0.5013030784891548,0.4878406115466527,0.47341732460559616,0.45817526142865717,0.4422588541357486,0.4258119537377869,0.40897512075403597,0.39188328080896895,0.37466376678358504,0.35743477633323195,0.34030426339928255,0.32336920149798054,0.30671521595031503,0.29041653077619856,0.27453618488134435,0.2591264627521017,0.2442294575518522,0.2298778593604256,0.21609570680843238,0.2028992235436311,0.19029769396075036,0.17829430803292912,0.16688696993353513,0.15606907842072193,0.14583025244206294,0.13615699425064687,0.1270332775711136,0.11844110355865745,0.11036098160696728,0.10277233908980055,0.09565388519981344,0.0889839281414817,0.08274063882857785,0.07690227090102919,0.0714473459124898,0.06635480482497513,0.06160412490257006,0.05717540875466831,0.053049467962780206,0.04920786023999035,0.045632936893760245,0.04230784709768898,0.03921656792570616,0.03634388454279325,0.03367539489236737,0.031197489459970917,0.028897330415635913,0.026762834628057952,0.02478263831217742,0.02294607726386566,0.021243149896044144,0.01966449126972858,0.01820133993067241,0.01684550667210516,0.015589345489517292,0.014425720989277302,0.01334798162284212,0.012349929028210305,0.011850902730896617
0.5090162887327532,0.4962102314210659,0.48235895034765885,0.4676013918617139,0.45208089896114245,0.4359420185625895,0.4193276302527549,0.4023763677739911,0.3852204243104218,0.36798375541144956,0.35078069832207515,0.33371501934253534,0.3168793209397558,0.3003548018503155,0.284211313329088,0.26850766491066214,0.25329212548093505,0.23860304163658697,0.22446965590304568,0.2109128819039663,0.19794615157289197,0.1855762877289191,0.17380433938443574,0.1626263753675694,0.15203424644335328,0.14201628780400544,0.13255795840017903,0.12364240540255533,0.11525099511927817,0.10736377280788911,0.09995984886741471,0.09301774168799071,0.08651567720928899,0.08043183476021731,0.07474455190604079,0.0694324958948922,0.06447480305052711,0.05985118504696629,0.05554200892158967,0.0515283724893667,0.0477921351925259,0.04431595935193933,0.04108331034591739,0.03807848191193841,0.035286573812935984,0.032693493426800835,0.030285933602880455,0.028051350300133393,0.025977944026207567,0.024054624064486774,0.022270987595121028,0.02061728276975927,0.019084382271259415,0.017663750230680897,0.01634741111788518,0.015127920758875035,0.013998334213045638,0.012952179148846277,0.011983425740105247,0.011499049035734732
0.5041440956966348,0.4909133584709613,0.47669100584922575,0.46161805715524196,0.445838691263587,0.4294971309007112,0.4127348835856104,0.3956883042849313,0.37848655690100763,0.36124998095269145,0.34408887261869747,0.3271026851394465,0.3103795751894811,0.2939962849198974,0.27801830091375823,0.2625002426442702,0.2474864272004451,0.23301153659277762,0.21910146028184752,0.20577408909698836,0.1930401689095529,0.18090416672277954,0.1693650938593816,0.15841728264134325,0.1480511287028552,0.1382537695097108,0.1290096993977219,0.12030131013807122,0.11210939688019117,0.1044135969873583,0.0971927532208916,0.09042523609937181,0.0840892261897741,0.07816294269295643,0.0726248336437374,0.06745373413173272,0.06262899409013922,0.05813057443615488,0.0539391184954674,0.05003601958157411,0.0464034459155549,0.043024375993261366,0.03988259496045199,0.03696271543227603,0.03425015286817157,0.03173112425590041,0.029392624237041254,0.02722240138095966,0.02520893818468206,0.0233414149740252,0.021609688018702222,0.020004252707059855,0.01851621670886594,0.01713726702251339,0.01585963903504073,0.014676087644787117,0.013579855626648651,0.012564647181947386,0.01162459839930019,0.011154574007976592
0.49905169137058447,0.4854132140809897,0.47083820555735123,0.45546928062335734,0.4394509902422339,0.4229267994636743,0.406036453402856,0.3889136901035162,0.3716843634780309,0.3544649755507434,0.33736161809119647,0.32046932243336546,0.3038717399312363,0.2876411395994305,0.27183866290287906,0.25651478796545835,0.241709951277147,0.22745525774793496,0.21377334211360122,0.2006791770141092,0.18818092908029715,0.17628081544793783,0.1649759124424266,0.15425891356124932,0.14411885060731766,0.13454174752247194,0.1255112107400036,0.11700894575056076,0.10901523821185588,0.10150937188630138,0.09446996938960783,0.0878752945813499,0.08170351797558428,0.07593292867986712,0.0705421104711279,0.06551008730348418,0.06081643998412822,0.056441392654345,0.05236587605586873,0.04857158764527192,0.04504101094981117,0.041757445368513224,0.0387049990205357,0.035868605326245806,0.03323399631189439,0.03078769857416397,0.02851700784285427,0.02640996402396123,0.024455329891055477,0.02264255474916599,0.020961751647678994,0.01940366071231825,0.017959621982073237,0.016621542633559194,0.01538186624956861,0.014233544087387529,0.013170003950144782,0.01218512394150828,0.011273203500108409,0.010817243279406252
0.4937390637194383,0.47971058601218974,0.46480199818084156,0.4491570278247492,0.43292013566406773,0.4162336027505864,0.39923503312970343,0.38205522464493935,0.3648164573141299,0.347631191785327,0.330601169457565,0.3138169073307129,0.29735750680965456,0.2812907602511139,0.26567349454124756,0.25055210408076345,0.23596322288349292,0.22193447132249577,0.20848533122576285,0.19562796372846858,0.18336806396340943,0.1717057051468407,0.16063613058593607,0.15015049139120773,0.14023654522497875,0.1308792848679463,0.1220615036003947,0.11376428774781733,0.10596747316753863,0.09865004242093356,0.09179044368575529,0.08536687371891283,0.07935752679149921,0.07374079059091265,0.06849540869441562,0.06360061387329363,0.059036234139036026,0.05478277003015286,0.05082145013933115,0.04713428412543408,0.04370407685766242,0.04051445295974787,0.03754984639645631,0.03479551305394235,0.032237502183649624,0.029862649827796517,0.027658551979032886,0.025613538520365964,0.023716650732734657,0.021957604805975528,0.020326768248164484,0.018815123428992386,0.017414240158415417,0.016116243132300312,0.014913781446366237,0.01380000004844728,0.01276850913233929,0.011813358126468998,0.010929007309870009,0.010486831901572735
0.48820624029224824,0.4738062945485755,0.458583852451806,0.44268326842802797,0.42624845396663336,0.4094200886010757,0.39233326962117676,0.3751155472184431,0.3578853810209104,0.34075100428871075,0.3238096794908074,0.30714733309574527,0.29083848649309463,0.2749464644599575,0.2595238203547856,0.24461293091680325,0.23024671227673377,0.21644939750351533,0.20323742045676774,0.19062023923806404,0.17860118591435103,0.16717829555692454,0.15634507959942034,0.14609124188299294,0.13640335397374415,0.12726545800714195,0.11865960691362698,0.11056633299981744,0.1029650800848314,0.09583458009015278,0.08915315073787511,0.08289895964320948,0.07705025719469294,0.0715855570291879,0.06648378542320366,0.06172440289842651,0.05728750011343209,0.053153866411279616,0.049305038015492464,0.04572334429418401,0.042391917031738835,0.03929471001652196,0.036416485619112926,0.03374282360307568,0.031260090907094806,0.028955432705721762,0.026816744318289842,0.02483264416764719,0.02299245022355567,0.021286143440031324,0.01970434345582639,0.01823827239992415,0.01687972727625109,0.015621047672214061,0.014455085552835811,0.013375176932894917,0.01237511180864459,0.011449108407832753,0.010591785394282738,0.01016312388750551
0.48245328801195253,0.46770119170439717,0.45218525596772974,0.43604997494273157,0.41943825712865923,0.4024887734209326,0.3853337629041942,0.36809723738338906,0.35089360755284016,0.33382671137485165,0.316989221205084,0.3004624127930189,0.2843162116525155,0.268609496221881,0.2533905974236417,0.23869794836387292,0.22456083791412063,0.21100021335017427,0.19802956828983476,0.18565576778407422,0.17387988974220558,0.16269803653335302,0.15210208791956337,0.14208039420470886,0.13261842722664952,0.1236993571431455,0.1153045674116493,0.10741409953348491,0.10000706116981117,0.09306198237911456,0.08655709274284273,0.08047056715922096,0.0747807431031644,0.06946628628305973,0.06450632746684448,0.05988057288897064,0.05556939045468834,0.051553869993163914,0.04781586451907849,0.044338030095776304,0.041103830560982324,0.03809755244954527,0.03530428880619052,0.032709944451805306,0.030301204292269013,0.028065522183369218,0.02599109173386349,0.0240668183995707,0.022282294977320483,0.02062776504324848,0.019094098035274953,0.017672753368245253,0.01635575268603251,0.01513564787216648,0.01400549115678107,0.012958807042795506,0.01198956278947172,0.01109214294975125,0.010261322169640152,0.009845911779586825
0.4764803129594153,0.46139616043521237,0.4456077140554271,0.42925912149285317,0.41249184159966035,0.39544214147599455,0.37823906598680956,0.36100281536107115,0.34384354124683103,0.3268605366771604,0.310141790019558,0.2937638818756927,0.27779213985598794,0.26228102902115413,0.2472747185231272,0.23280777937217945,0.21890596941147145,0.20558705553967993,0.19286170132940317,0.1807342900189557,0.16920375454639647,0.15826436954580636,0.14790648226983727,0.13811718177532573,0.12888092484066416,0.1201800864680802,0.11199544961600694,0.10430662629926424,0.09709244206707268,0.0903312721614613,0.08400129872777828,0.078080738893056,0.07254804685228766,0.06738206531342605,0.06256215027160117,0.05806827071188181,0.05388108558475935,0.049981996198971146,0.046353180934946,0.04297762904573954,0.03983914115111453,0.036922339778402424,0.03421265064197154,0.03169630458406569,0.029360304589136632,0.027192412616194872,0.025181119434098953,0.023315615962404834,0.021585767925573762,0.019982079362841354,0.018495667179538877,0.017118225616430394,0.015841998427830184,0.014659747230942877,0.013564721956624837,0.012550633061665373,0.011611622577145653,0.010742238957455186,0.009937410480200803,0.009534996241575833
0.4702874601520213,0.4548921138531803,0.43885274865748336,0.42231268263216215,0.4054114872873482,0.3882826442515208,0.37105168473088757,0.3538347424982424,0.33673751889288894,0.31985463079094334,0.30326930589709367,0.2870534007183956,0.271267656379357,0.25596216879916867,0.24117701513653778,0.22694299290627828,0.213282430352284,0.20021002296161328,0.18773371662907046,0.1758555250332483,0.1645723454231307,0.1538767290580756,0.1437575887179543,0.13420084301312585,0.1251900166153641,0.116706764356036,0.10873133579144323,0.10124297291326467,0.09422027141850364,0.08764149710214664,0.08148482382307254,0.07572854445947907,0.0703512582792376,0.06533200877527623,0.06065039689739038,0.056286670538785444,0.05222179273266292,0.048437486608703395,0.04491626393368087,0.04164145318123591,0.038597196096659125,0.0357684541306158,0.03314098740765381,0.03070135355447423,0.02843687358934588,0.026335616879937795,0.024386370142179814,0.022578608134367073,0.02090246757684433,0.019348710799951263,0.017908699847248855,0.016574361341161747,0.01533815864263044,0.014193060573810534,0.013132512241802452,0.012150407567261823,0.011241060909532585,0.010399182250364625,0.009619851199116347,0.009230185673489988
0.4638749133169551,0.4481899944471346,0.43192189724108765,0.4152126322013272,0.39819945660132916,0.38101269987455666,0.3637740777848464,0.34659542177799985,0.3295778108318581,0.3128110729167588,0.2963736154552521,0.28033255709330795,0.2647440769333498,0.24965395681701086,0.23509826034404657,0.22110410676329018,0.20769050095414965,0.1948691791684265,0.18264548387925128,0.17101917224975338,0.15998521504971386,0.14953454379869058,0.13965473363878544,0.13033062200475953,0.12154488268787844,0.11327852350722978,0.10551132586518186,0.09822221937856757,0.09138962041353782,0.08499172906270225,0.07900674854737222,0.07341307964994659,0.06818949383499362,0.06331525807277583,0.058770237032792494,0.05453497283570474,0.050590744911840346,0.04691960793510308,0.043504414555317616,0.04032883806020404,0.037377365301729526,0.03463529928918074,0.0320887360594968,0.029724560599984073,0.027530411773555308,0.025494665554957052,0.023606403318239266,0.02185538198593573,0.020232007314957556,0.018727297745382288,0.017332858135263862,0.016040845061753295,0.014843939015474206,0.013735313529097404,0.012708606401434785,0.01175789257099602,0.010877656328815988,0.010062766858593974,0.00930845285141757,0.008931295847829368
0.45724289465940426,0.4412907733078475,0.4248167117298518,0.4079609422261177,0.3908579935516565,0.37363469259667603,0.35640865657283527,0.3392871983741985,0.3223666220762089,0.3057318725015845,0.2894564940470845,0.27360286858876925,0.25822265030811753,0.24335737241413913,0.22903917159146747,0.21529159026037803,0.20213042059902708,0.18956455468946753,0.17759684746254667,0.1662249131931226,0.15544190515502265,0.1452372379302158,0.13559724458986455,0.12650576910152367,0.11794471386954886,0.10989451104829406,0.10233453731590458,0.09524346578879239,0.08859958233302212,0.08238106351045715,0.0765661781057192,0.07113346564127099,0.0660618957236192,0.06133098044689422,0.05692086604701885,0.052812403393156515,0.04898719994040235,0.045427651044134265,0.04211695723870701,0.039039141806735955,0.036179040347161795,0.03352229978597965,0.031055353352100745,0.02876541379568387,0.02664043750164602,0.02466910615209983,0.02284079442154585,0.021145539678473213,0.019574014733949596,0.018117491950468967,0.01676781668448868,0.015517373060074391,0.014359056248411939,0.013286242032961582,0.012292758459624409,0.011372859082361408,0.010521195773685044,0.009732794641590381,0.009003031257623917,0.008638149565645126
0.45039166462597535,0.43419544935898724,0.4175387574586775,0.40055958185639895,0.38338932290070016,0.3661509723346734,0.3489577853371051,0.33191236024573634,0.3151060934502903,0.2986189708745002,0.28251964780998673,0.2668657849696343,0.2517045609358748,0.23707333566575173,0.22300041334300413,0.2095058667966665,0.19660239023367332,0.18429614921564585,0.17258762838417763,0.16147241314247385,0.15094194788334736,0.1409842321243593,0.13158445110617922,0.122725541448796,0.11438871192968492,0.10655388859300619,0.09920010503591925,0.0923058320166259,0.08584927208893589,0.07980861893302826,0.07416224170116337,0.06888884822507269,0.06396763106825354,0.05937836809488228,0.055101504077552654,0.05111821239505154,0.047410439502320045,0.043960930018158706,0.040753238894435384,0.037771744200330026,0.03500163360143027,0.03242890003860133,0.030040315004375984,0.027823419252324122,0.025766486243425923,0.023858502377649415,0.02208913421029912,0.020448697799007043,0.018928131007567295,0.017518957930628964,0.016213262116955285,0.01500365285012073,0.013883237561520545,0.012845591860579653,0.0118847316356252,0.010995086696823364,0.01017147419353659,0.009409074927404504,0.008703409196768597,0.008350576331452864
0.44332152166338457,0.42690504859410616,0.41008961215188044,0.39301051634520245,0.3757956493669745,0.35856385426667803,0.34142378123040107,0.32447313876688977,0.30779830274655584,0.2914742428742345,0.275564715680634,0.2601226904790144,0.24519093137292725,0.230802709941349,0.216982599621951,0.2037473162948178,0.19110657464637804,0.17906393366138307,0.16761762608466846,0.15676132267419707,0.14648486705891806,0.13677494454948924,0.1276156854201993,0.11898920345400299,0.1108760898310912,0.1032558322675925,0.09610718116987993,0.08940845739003667,0.08313782576158779,0.07727353625922362,0.0717940918605775,0.06667839705804202,0.06190589110349087,0.05745663732049433,0.05331139515225569,0.049451673524743,0.0458597682479267,0.04251878125957287,0.03941262801911538,0.036526045806906104,0.033844577373214335,0.031354563528323,0.02904311490585343,0.026898100353167642,0.024908109847538995,0.023062433435261376,0.021351028076943557,0.019764486728974795,0.018294010291208807,0.01693137240002418,0.01566889250226744,0.014499402675451911,0.013416220220117125,0.012413118182208471,0.011484297927437659,0.010624363205669063,0.009828294183438224,0.009091424171376872,0.0084094160875825,0.008068412045683093
0.43603280197273886,0.4194206233201614,0.4024708649247666,0.385315706067626,0.36807915687937953,0.35087561848128335,0.33380891445513594,0.3169717093905611,0.30044526589466436,0.2842994984659697,0.26859327137462863,0.25337490608119406,0.2386828247021633,0.22454630436710588,0.21098629644314748,0.19801627752726425,0.18564310462573896,0.1738678521102921,0.16268662014142343,0.15209127910170483,0.1420701793572965,0.1326087917768337,0.12369028311297825,0.11529602719831278,0.10740607192174068,0.09999953270424022,0.09305493493297234,0.08655050035822676,0.08046440013603995,0.07477497828739299,0.0694609037750471,0.06450130493281137,0.05987589039343266,0.05556502771415506,0.05154980634469286,0.04781208310685514,0.044334512931949455,0.041100562633276105,0.038094513849142864,0.035301467149335686,0.03270732310335589,0.030298772016976727,0.028063264361213314,0.025988997028059124,0.024064875846470102,0.02228049336260529,0.020626095416904633,0.019092550045081147,0.01767131915445752,0.01635442373522089,0.015134416851698695,0.014004351032714801,0.012957751086886127,0.011988585142566066,0.011091237717382185,0.010260484226582989,0.009491465638427066,0.008779665632991929,0.00812088768669117,0.00779149871354079
0.42852587925956254,0.41174325140793666,0.3946841153086744,0.37747710557863634,0.36024200788027816,0.3430885096773917,0.32611540844650566,0.30941019234110634,0.2930489381403012,0.27709648434514733,0.2616068253295145,0.24662369164565767,0.2321812468573059,0.218304876194777,0.2050120241411424,0.19231305033189816,0.18021207900720704,0.16870782365072223,0.15779437186558276,0.14746190781839807,0.13769739539018389,0.12848518961102062,0.11980758370153666,0.11164529279668489,0.10397789408671976,0.0967841950060988,0.09004255241124692,0.08373113814946542,0.07782817223902505,0.07231212912202079,0.06716187465513723,0.06235678706939307,0.05787686607507503,0.053702801362143227,0.049816026961448934,0.04619875928332906,0.042834021587339066,0.03970565264602488,0.03679830555180175,0.03409744791566638,0.03158934059420471,0.029261024800733004,0.02710029137088732,0.02509566506269767,0.02323636679559371,0.021512290400957923,0.019913969028952927,0.0184325439502242,0.017059736042432938,0.015787811466281276,0.014609554638331801,0.01351823621990711,0.012507586197121334,0.011571765462168315,0.010705339398318081,0.009903252853620259,0.00916080542606501,0.008473629069869482,0.007837665802878924,0.007519684169381424
0.4208011644797427,0.40387403554970724,0.3867309722996781,0.36949666270947645,0.3522863426761047,0.3352047369123401,0.318345440096528,0.30179065333365784,0.28561121523120736,0.26986688552606,0.2546068266101198,0.23987024807240687,0.22568714887049257,0.2120791330796834,0.19906025959780305,0.1866378977219929,0.17481356661265046,0.163583744106921,0.15294062580009093,0.14287282355001096,0.13336602070896486,0.12440355385048285,0.11596693116738166,0.10803628871053128,0.10059080386405128,0.09360903868697701,0.08706923634655084,0.08094956642263895,0.0752283388777153,0.06988419361919185,0.06489622310127174,0.06024408042692109,0.0559080771261522,0.05186924208392174,0.048109367760256205,0.04461104122236215,0.041357662733552125,0.03833344966100771,0.03552343145218462,0.0329134462030467,0.030490117274450945,0.028240837998798618,0.026153739945877774,0.02421767544114939,0.022422179644396856,0.020757446395762713,0.019214294545228938,0.017784136733043354,0.016458950764279834,0.015231245793727588,0.014094035341587485,0.013040805907706954,0.012065490355968045,0.011162440059302448,0.010326399019313648,0.009552479325454222,0.008836137076135842,0.008173150447805533,0.007559598026354308,0.007252821815624255
0.4128591055816422,0.39581410252447213,0.37861305343100504,0.3613763177018381,0.34421427883387423,0.3272264733961716,0.31050114001633045,0.29411510431719634,0.27813393460749847,0.26261232691357606,0.24759466477519698,0.23311571935879627,0.21920142904447548,0.20586973527055186,0.1931314383731042,0.18099104789484066,0.16944760808823123,0.15849548767140842,0.14812511112475502,0.13832363152165073,0.1290755567328583,0.12036330098256887,0.11216767443073206,0.10446831201707862,0.09724406052781465,0.09047329758838707,0.08413420590815512,0.07820499891398214,0.07266411618133795,0.06749039684164071,0.0626631884893003,0.05816244303542106,0.05396880365717838,0.050063654696592685,0.04642916019786281,0.04304828835887786,0.039904824617456036,0.036983371146015465,0.03426933829396184,0.03174893779561039,0.029409157497637395,0.02723774387523914,0.025223169454959837,0.02335461371975711,0.021621925138179954,0.020015596226450327,0.018526729889463134,0.017147008254245755,0.01586866400726361,0.014684447129744704,0.013587598014948021,0.012571816732740437,0.011631236756208807,0.010760397691416124,0.009954219949599441,0.009207980710770336,0.008517290486484974,0.007878071665898823,0.007286537472164234,0.00699077037529916
0.40470018724453105,0.3875646024713353,0.37033198386910104,0.3531180023792402,0.33602791062219417,0.3191558563296848,0.3025845928339965,0.2863855042384067,0.2706188765942308,0.2553343748560044,0.24057167170489002,0.22636119460828663,0.2127249350512228,0.19967729771384057,0.187225956742596,0.1753726961434987,0.1641142176454169,0.15344290844375053,0.14334754297357755,0.13381392854516783,0.12482550160619166,0.11636384881816397,0.108409167774699,0.10094066863904683,0.09393693514166301,0.08737621977652488,0.08123669645326625,0.07549666708059899,0.07013473914658785,0.06512998352375288,0.0604620303714265,0.05611115334733352,0.052058346226750984,0.048285364305704626,0.044774755706384894,0.041509879665238,0.038474914485764344,0.035654852953670435,0.03303549053253807,0.03060341547465928,0.02834598187258841,0.0262512901922074,0.024308154002441462,0.022506079430928416,0.020835227248450217,0.019286387264001448,0.017850944761668153,0.016520849458254716,0.015288586875006338,0.014147145662426475,0.013089990875321256,0.012111033911299529,0.011204606615500268,0.010365434614811875,0.00958861255967669,0.008869580609855987,0.008204101643949357,0.007588240295892668,0.007018342536944111,0.006733393657467612
0.3963249306135852,0.37912670817091154,0.36188939553334354,0.34472363935494243,0.3277293084951882,0.31099498678431203,0.29459783752534996,0.2786037598240121,0.26306776559373635,0.24803453867792147,0.23353912338826,0.21960770998172396,0.2062584659583555,0.19350239207513997,0.1813441736453658,0.1697830066759387,0.15881338470992823,0.14842584188082597,0.13860762366945334,0.12934330403147953,0.12061535098996323,0.11240461707010319,0.10469077122315262,0.09745267353800546,0.09066871058565518,0.08431706742157541,0.07837595927788765,0.07282381974197616,0.06763946118766295,0.06280221754696669,0.058292027892346,0.05408950960844372,0.050176025179666794,0.0465337156215373,0.043145524997241225,0.039995212950860726,0.03706735788738147,0.034347348632155494,0.031821369658966425,0.029476388359488404,0.027300126624192345,0.02528103959290373,0.0234082818351089,0.021671685514963457,0.020061722630533296,0.01856947885460425,0.01718662014787764,0.01590536190885672,0.014718440448513448,0.013619080941547068,0.012600970912979292,0.011658230872528819,0.010785388831831,0.00997735426156332,0.00922939391870159,0.00853710887136927,0.007896412359618132,0.007303509334928293,0.00675487666808916,0.006480560334665153
0.38773389303154104,0.3705016143355744,0.35328692623957547,0.3361951412757014,0.31932051861809363,0.3027459296215307,0.28654286777533233,0.27077172637895774,0.2554822712758398,0.2407142721913269,0.22649824167048305,0.2128562505916598,0.1998027741852182,0.1873455486804554,0.17548641254564679,0.16422211434566236,0.15354507548313467,0.14344410616321746,0.13390504388107072,0.12491134093282508,0.11644459879180946,0.10848502787939918,0.10101185087610709,0.09400365087457452,0.0874386815589423,0.08129511666126188,0.07555126135999846,0.07018572272059931,0.06517755369161549,0.06050638142582443,0.056152479220652474,0.05209682924783188,0.04832118000718477,0.044808072299891144,0.04154085739140001,0.03850370418970073,0.03568159800433346,0.03306032876518206,0.030626473553128086,0.02836738127741878,0.026271142982978724,0.0243265690128025,0.02252315477653699,0.020851057778656923,0.019301060106946544,0.017864541828078728,0.016533447853630534,0.015300257347381496,0.014157955368685471,0.01310000148482704,0.012120303520739562,0.01121318890983325,0.010373379656321013,0.009595966932618438,0.008876387507048555,0.008210401323491823,0.007594070017518106,0.0070237369708170405,0.00649600814480511,0.006232143731801365
0.3789276677672504,0.3616905369084389,0.34452621886709167,0.3275344101005562,0.31080356243290197,0.29441071344985303,0.2784216323675581,0.2628912085981838,0.24786400976402057,0.23337497518419958,0.21945019595960513,0.2061077523404764,0.19335856739027157,0.18120725837978302,0.16965296321161727,0.15869012629771362,0.14830923442016974,0.13849750348237766,0.1292394837064803,0.12051761661905136,0.11231273783862683,0.10460450629314888,0.09737177920575935,0.09059293413837377,0.08424615456072537,0.07830965745081464,0.07276188509618198,0.06758165848273823,0.06274830557964961,0.058241775804939167,0.054042700995435844,0.05013244828647956,0.04649316872871179,0.043107816306626745,0.03996016017518311,0.03703478687427708,0.034317095010263365,0.031793280339669217,0.02945031586487623,0.027275934161550275,0.025258596601989147,0.023387469117666093,0.021652387687551844,0.02004383437907986,0.018552900175090592,0.017171258029646808,0.015891130059744185,0.014705257272278338,0.013606871439160173,0.012589664403432899,0.011647762141495654,0.010775696849529837,0.009968382382159469,0.009221089506294966,0.00852942294332415,0.007889299518497594,0.007296927335942449,0.006748786359183079,0.006241609870176745,0.0059880216256735785
0.369906883741451,0.3526947123715596,0.33560892054928626,0.3187433364140668,0.3021804362626179,0.28599133061750326,0.2702360355998268,0.25496396138996236,0.2402145448157622,0.22601799488517926,0.21239610489251604,0.19936310370319177,0.1869265102914719,0.1750879743356526,0.1638440834146726,0.15318712353382224,0.1431057856289497,0.1335858212527219,0.12461061368759019,0.1161617036923035,0.10821926049571218,0.10076248069748939,0.0937699353164545,0.08721986625030986,0.08109044785172603,0.0753599934008653,0.07000712803325371,0.06501092578028889,0.06035102287478722,0.05600771896703716,0.05196202778776193,0.04819572076410594,0.04469136729440493,0.041432347305119244,0.038402857980357474,0.03558791139526285,0.03297332545492804,0.030545706140032713,0.02829242542174093,0.026201601474888925,0.024262066999778398,0.022463343766947474,0.0207956079514382,0.019249665331346755,0.017816914538002493,0.016489319873871366,0.015259378899323828,0.014120092538840723,0.013064937248317143,0.0120878350457021,0.01118312793287668,0.010345550735775255,0.009570207048965607,0.008852545161111003,0.008188335724894635,0.007573650490129147,0.007004842140716505,0.006478525411828251,0.005991559173716965,0.005748076054656881
0.36067220524959254,0.3435153970635607,0.3265366818876547,0.30982379877324995,0.2934531109529237,0.27748973723864534,0.2619879377234291,0.24699169070857785,0.23253538899558723,0.21864462740377455,0.20533703796011604,0.19262314745563724,0.18050722642146244,0.16898811373922573,0.15806000055218483,0.14771316240049348,0.1379346341940213,0.1287088332527997,0.12001809575973077,0.1118431707438372,0.10416365923593851,0.09695838320904038,0.09020570517129567,0.08388379963971904,0.07797089139816027,0.07244544160498467,0.06728630259589252,0.06247283929440517,0.05798502827642604,0.05380354635217799,0.04990981157705576,0.04628601818382094,0.042915169008002074,0.03978108206575737,0.03686839218781213,0.03416254444550404,0.03164978167389254,0.02931712416773813,0.02715234566189828,0.02514395165957861,0.023281147027942595,0.02155380950136898,0.019952454982528067,0.018468212039013387,0.017092785656962484,0.01581842991951632,0.014637916054733857,0.01354450297800458,0.012531909809458952,0.011594286658009878,0.010726189448213574,0.00992255353084559,0.009178670161555935,0.008490163112293558,0.007852966981269915,0.007263306522942159,0.006717677149734591,0.006212826595564103,0.005745737623734648,0.00551219313781548
0.3512243316823449,0.33415386650693435,0.3173111561891373,0.30077766308732823,0.28462353154956155,0.26890785325149213,0.25367915540421837,0.23897605439457958,0.22482800483924592,0.21125611914499132,0.19827401709194614,0.18588868234910905,0.17410129981930034,0.1629080594562815,0.1523009131970099,0.14226827600340552,0.1327956674289732,0.12386630069934679,0.11546158413999308,0.10756158305661678,0.10014542716248354,0.09319165002769747,0.08667848178824045,0.08058409629853713,0.07488682680001801,0.06956533245831231,0.06459873581144304,0.059966729281675235,0.05564966074214084,0.0516286100882013,0.047885421242050974,0.04440272897415998,0.041163983969170204,0.03815345389682534,0.035356220353754964,0.03275816844738877,0.030345971222058843,0.0281070670850303,0.026029634091342402,0.02410256661004695,0.02231544236217964,0.02065849505335393,0.019122579757118174,0.01769914684603524,0.016380206324755342,0.015158300464239716,0.014026472373571686,0.012978237033234308,0.012007554218058658,0.011108800061929713,0.010276742332893107,0.00950651482990228,0.00879359442242933,0.008133778361112398,0.007523163239460118,0.006958124933000853,0.006435299768070557,0.005951566741018155,0.00550403084904616,0.005280262903060162
0.34156399724349473,0.3246114147452106,0.3079339987266483,0.291606782029703,0.2756936170103863,0.26024756250644376,0.24531146220354572,0.2309186630208071,0.21709380600780648,0.20385366819808848,0.1912080182000908,0.1791604647323819,0.16770927666045932,0.15684816160570936,0.14656699257667327,0.13685247555142332,0.1276887560610307,0.11905797325793888,0.11094072615794204,0.10331650325718478,0.09616405848812626,0.08946172175373857,0.08318766540796219,0.07732012781473507,0.07183760720545607,0.06671900946848552,0.06194376903271959,0.0574919412233843,0.05334427507690531,0.04948227853240894,0.045888242066163265,0.04254525796807407,0.03943723853488734,0.03654891209583511,0.03386581565754998,0.031374281002789495,0.029061416330136147,0.026915081681706532,0.02492386176400352,0.02307704116881748,0.021364571015727307,0.019777040879285224,0.018305644365419482,0.016942152609020766,0.01567887925858269,0.01450865315804517,0.01342478750252507,0.012421051414426287,0.011491643325314271,0.010631163346750405,0.009834589035184749,0.009097250589489292,0.008414808477108515,0.007783231456386375,0.007198776200860735,0.006657967859218239,0.006157581893133646,0.0056946268607838135,0.005266328369382123,0.005052179123681277
0.33169197066588385,0.31488935369029747,0.2984068660225647,0.28231299448135516,0.2666652599504227,0.25151071288239457,0.23688658907703886,0.22282108074257678,0.2093341584303854,0.19643842569857295,0.18413997268286408,0.17243921012210173,0.16133166682692046,0.1508087390727475,0.1408583839849875,0.1314657516337281,0.12261375535122188,0.11428358999358679,0.10645516303212421,0.09910749191992974,0.09221904897414035,0.08576804367183222,0.07973266363588305,0.07409127538674731,0.06882259721268547,0.06390582906016462,0.05932075765982869,0.0550478354784012,0.051068241530156655,0.04736393582453147,0.04391767525695034,0.04071302589840453,0.03773437479923203,0.03496692142069158,0.03239666637044891,0.03001039436440145,0.027795653382947094,0.025740728363903287,0.023834612783795173,0.022066982643993427,0.020428162873891154,0.018909098712409644,0.01750132158361062,0.016196922288922444,0.014988516711476052,0.013869218634603442,0.01283260953823806,0.011872710768021655,0.010983957426962121,0.010161171576474892,0.009399538530820983,0.008694582868962186,0.008042146671733974,0.007438368267402851,0.006879662528787023,0.006362702064843795,0.005884399729296774,0.005441891976456503,0.005032523434134184,0.0048278391629685835
0.3216090549250872,0.30498901248002586,0.2887314151551168,0.27289812500479016,0.25754032641891467,0.24269911642975206,0.22840622488968787,0.21468482615026208,0.20155038143450543,0.18901149716334054,0.1770707688885098,0.16572559472260107,0.15496894541906947,0.14479008095942714,0.1351752081291302,0.12610807543281588,0.11757050615342823,0.10954288026475023,0.10200453059559855,0.09493410812681624,0.08830989633154651,0.08211006600439497,0.07631289156050158,0.07089692982076734,0.06584117276097423,0.06112516037415361,0.05672907086151202,0.05263378694026155,0.0488209454007027,0.04527298145081904,0.041973137479476286,0.038905468909393726,0.0360548500908342,0.033406961579940386,0.030948275344262477,0.028666034927704587,0.02654823241869053,0.024583580663888327,0.022761483827484774,0.021072010347378267,0.01950585924884951,0.018054331135357593,0.01670929446491165,0.01546315856099767,0.014308840101460163,0.013239736159307292,0.012249694694266289,0.011332987362404623,0.010484283966678554,0.009698626510665775,0.008971406060562792,0.008298339584165149,0.007675448822146436,0.007099039767752835,0.006565683646266862,0.006072198748472424,0.005615633611393278,0.005193250953987594,0.004802512868833375,0.004607143826254045
0.31131608695147417,0.29491173684633054,0.2789093030872847,0.2633639833479906,0.24832065570682182,0.23381454953826264,0.21987201694535052,0.2065113731231838,0.1937437488630156,0.18157394379831882,0.17000125353912487,0.1590202568963628,0.1486215542110969,0.13879244797439405,0.1295175624146827,0.12077939987661157,0.11255883591533067,0.10483556456368337,0.09758845997339893,0.09079590998536169,0.08443610058728179,0.07848724413659802,0.07292777184985777,0.0677364915125711,0.06289272101180465,0.058376385062133274,0.054168091296959986,0.05024918469862083,0.04660178664973813,0.04320882981923013,0.04005406040326953,0.03712203808384995,0.034398136487623354,0.0318685267413521,0.029520159519238476,0.027340742742678614,0.02531871664818386,0.023443224769885695,0.021704083687619224,0.020091755152122914,0.018597312453589865,0.017212411171416697,0.015929255948692322,0.014740573442266758,0.01363957965728968,0.012619953293482311,0.011675806983246773,0.010801660787786993,0.009992417253186225,0.009243336338173869,0.008550012880084168,0.007908354272716522,0.007314559993885084,0.00676510182932244,0.006256705543390417,0.005786333364077301,0.005351167836735726,0.004948596346960876,0.0045761969290802895,0.004389997220135555
0.3008139373402807,0.28465888849402265,0.2689421860182595,0.2537123639773142,0.2390080601836475,0.22485875312833414,0.21128557152921168,0.19830215168302523,0.18591549017681785,0.1741267837785765,0.16293223311553806,0.15232379858598488,0.1422899030517133,0.13281607376445237,0.12388552217129423,0.11547966073239824,0.10757855962432838,0.10016135530618975,0.09320657821486389,0.08669245510756429,0.08059716441763065,0.07489903881512827,0.06957673482813398,0.0646093704152717,0.059976640221663935,0.0556588970778682,0.051637214838442524,0.04789343170558347,0.04441017952203641,0.04117090984561589,0.03815989026254574,0.03536219898543802,0.032763720348096825,0.030351125058238893,0.02811184945043177,0.026034071044449547,0.024106681993281143,0.02231925907507648,0.020662032834257715,0.019125859069153428,0.017702185394177228,0.016383021893475735,0.015160908486819835,0.014028887935415568,0.01298047408017311,0.012009625573585758,0.0111107179135983,0.010278517669859433,0.009508158190407734,0.008795115423301247,0.008135186021438479,0.007524465870232255,0.00695933029253748,0.006436415026067621,0.005952598593843561,0.005504985449520383,0.005090890505075052,0.004707824247311976,0.004353479161407492,0.00417630661845747
0.2901035100604643,0.2742318444903935,0.2588317187569711,0.24394504563889363,0.22960432516222706,0.21583343286414536,0.20264845446165136,0.19005854884598605,0.17806679154249494,0.16667099350058834,0.15586447520330005,0.14563678668902735,0.13597437121178668,0.12686116618986443,0.11827914182154675,0.11020877764527537,0.10262948070106415,0.09551995757355769,0.08885850888351587,0.08262330105227811,0.07679259345134692,0.0713449163227109,0.06625921853386174,0.061514985994417515,0.05709233960727644,0.052972102465691506,0.04913585029547196,0.04556594444714346,0.04224555217532178,0.039158664550753564,0.03629008742946027,0.03362543121571804,0.03115110185872627,0.02885427821272657,0.0267228888517268,0.024745585801966286,0.02291171664353886,0.02121129374486941,0.019634962994969918,0.018173974841357854,0.016820151179346432,0.015565856049919446,0.014403963686264731,0.013327831688481062,0.012331270220480306,0.011408516204958197,0.01055420619982872,0.009763351396427922,0.00903131401995605,0.008353784063599434,0.00772675806557821,0.007146518496963239,0.0066096146637706354,0.006112844446901633,0.005653237379918963,0.005228038463203077,0.004834693366082554,0.004470834143126545,0.0041342662707544164,0.0039659823345705725
0.27918574216191594,0.2636319966658007,0.2485795541175717,0.23406379094748964,0.22011120879048107,0.20674025938722362,0.193962191662016,0.18178190947210737,0.17019879690420847,0.15920750880662027,0.1487987098006105,0.13895975438668717,0.12967530868063015,0.12092790854566271,0.11269845599532591,0.10496665512390368,0.09771139184348687,0.09091106980924302,0.08454387260689256,0.07858800573331326,0.07302189654438962,0.06782434863017883,0.06297466876150626,0.0584527671717483,0.054239239204423306,0.05031541914696902,0.04666341914086214,0.043266152619954035,0.04010734631798574,0.03717155066806033,0.03444412600007496,0.03191122798543944,0.02955979459678293,0.027377520975546688,0.025352834156882054,0.023474865284160984,0.02173342063042316,0.020118950301641902,0.018622516752020424,0.017235765554715066,0.01595089274670336,0.014760615706554958,0.01365814196727655,0.012637142669431611,0.01169172276877184,0.010816395769119858,0.010006057485911768,0.009255961856431405,0.008561698075340018,0.007919168258680997,0.00732456692533745,0.006774361254207051,0.006265272702719038,0.00579425951730439,0.005358500525791676,0.00495537962831083,0.004582471674026145,0.004237528783090916,0.00391846799414175,0.003758937599662726
0.26806160348165076,0.2528607510253744,0.23818734233670202,0.22407034600218978,0.21053044196860604,0.1975808685689895,0.18522826972111162,0.1734735371109153,0.16231260903931233,0.15173722618118113,0.14173563058850203,0.1322932024275536,0.12339303741259577,0.11501646073084792,0.10714348059206458,0.09975318347579698,0.0928240758237564,0.08633438447294584,0.08026228758894138,0.07458612779550844,0.06928458602830645,0.06433681352789211,0.05972253908765435,0.05542215225874614,0.05141676972125975,0.04768827670520448,0.04421935523911458,0.040993498813612916,0.03799501685495699,0.03520903826187194,0.03262149339267051,0.0302190956997217,0.02798932510822194,0.025920400781505037,0.024001254096943647,0.022221499642656184,0.020571405418228217,0.01904186122617002,0.017624347156068865,0.01631090426566839,0.015094102504660256,0.013967011903854853,0.01292317223626771,0.011956566854944839,0.011061593960417504,0.010233041944069932,0.009466064080996262,0.008756155190687842,0.008099129547201045,0.007491099489604913,0.006928455638215425,0.006407848030107743,0.005926168472059068,0.005480533829120837,0.005068270538455266,0.0046868997842430815,0.004334124049147903,0.004007814047293223,0.0037059969802788473,0.0035550884467738797
0.256732096348804,0.2419195271719632,0.22765673051204693,0.2139664400281882,0.20086372829091204,0.1883568617810072,0.1764481364808912,0.16513469484244148,0.1544092905970107,0.14426100391951469,0.13467589616400932,0.12563760036757188,0.11712785252547597,0.10912696036762703,0.10161421379322633,0.09456823969476336,0.08796730624050841,0.08178958865429298,0.07601337008691811,0.07061722696082295,0.06558017793416138,0.06088179473798583,0.05650229088337344,0.052422588880989274,0.048624372386822934,0.04509011617034986,0.04180310457749137,0.038747438198747375,0.0359080315419158,0.03327061035608203,0.030821689958191456,0.028548553556642098,0.026439232499977372,0.024482477320195706,0.022667729293264216,0.02098509051041919,0.019425293511079467,0.01797966957499675,0.01664011735564408,0.01539907364384252,0.014249481989376811,0.013184764328708631,0.012198791572801682,0.011285857932610277,0.010440653293102287,0.009658239236896016,0.008934024706790389,0.008263743553653669,0.0076434332591945875,0.00706941450812959,0.0065382721686502165,0.006046837314248599,0.00559217032838788,0.005171544978179732,0.0047824336559409986,0.004422493244953252,0.004089552345516445,0.003781598823948684,0.0034967686747666704,0.0033543536001712226
0.24519825528884542,0.23080975774036006,0.2169893620621277,0.20375378504378538,0.19111274401084621,0.17906980618156876,0.16762320162039934,0.1567666061124351,0.14648986511973217,0.13677966326833602,0.12762013123698956,0.11899338776732549,0.110880023452542,0.10325952387250759,0.09611063702693379,0.08941168830267188,0.08314084822887757,0.07727636464848864,0.07179673485519622,0.0666808643463801,0.06190819219364929,0.05745878200901888,0.05331339331373197,0.04945353389443685,0.045861498795560784,0.04252038980289807,0.03941412500014341,0.03652743822076587,0.033845870647688514,0.031355762572933266,0.02904422860238398,0.026899133158866384,0.024909068046214955,0.023063322141347875,0.021351851865638594,0.019765250615768615,0.018294718075160255,0.016932028613036998,0.01566950024154412,0.014499965629499734,0.013416741536085297,0.012413601000087482,0.01148474492979723,0.010624777016032816,0.009828677256620288,0.009091778728071986,0.008409744256132612,0.007778544885890248,0.007194439453721557,0.006653955135438316,0.006153869219089891,0.0056911920205937605,0.0052631507565026325,0.004867174409288744,0.004500879702509231,0.004162057663719132,0.0038486615248656264,0.003558794891844741,0.0032907012105454214,0.0031566543699002025
0.23346114672683438,0.21953288784303915,0.20618687620690856,0.193434075551977,0.18127913802842066,0.16972123501747038,0.1587548372466019,0.148370455561313,0.1385553180467758,0.12929398953873683,0.12056892779111816,0.11236097534783163,0.10464979504946292,0.09741424748115346,0.09063271588709121,0.08428338214762299,0.07834445913025068,0.07279439049600267,0.06761199555778141,0.06277660275632257,0.058268152819005437,0.054067271194355726,0.050155323325804524,0.0465144532944084,0.04312761074867222,0.03997856087812224,0.037051885945462715,0.03433297829966708,0.031808026624724484,0.02946400278183159,0.027288634419488922,0.025270378137869365,0.023398394808040734,0.02166251827422805,0.02005322505485463,0.018561603410929273,0.01717932257573551,0.015898601460722084,0.014712178105646956,0.013613281105042674,0.012595599963947102,0.011653257967827457,0.010780784846660119,0.009973092372095316,0.00922544907429046,0.00853345782688475,0.007893033562043072,0.007300382696424634,0.006751983587229837,0.006244568069804224,0.005775104049563495,0.005340779318396827,0.004938986211087126,0.004567307268219523,0.004223501950360031,0.0039054939040816805,0.0036113595361930706,0.0033393168081419233,0.003087715303378147,0.0029619145509918177
0.22152186869031087,0.20809037452733214,0.1952509074689468,0.183008988255855,0.1713645318986412,0.16031264793967104,0.14984437848915455,0.13994738984570265,0.13060659769987826,0.1218047331917127,0.11352284620989028,0.10574074610592454,0.09843738865792151,0.09159120822881839,0.08518040100872426,0.07918316316092522,0.07357788912406793,0.0683433404882905,0.0634587651515206,0.05890400694906095,0.054659588063263875,0.0507067643155823,0.04702756562612542,0.04360482211819061,0.040422180092569704,0.03746410347098994,0.03471586818697858,0.032163549535750846,0.02979400378776198,0.027594850757872713,0.025554444336979287,0.023661843790363513,0.02190678726627926,0.020279659860538146,0.0187714628591662,0.017373782714691366,0.016078760428115402,0.014879060755115248,0.013767842313399115,0.012738729579817587,0.011785784273969924,0.010903479024073626,0.010086671174258655,0.00933057915977642,0.008630758455496768,0.00798308003742143,0.007383709176900233,0.006829085854653805,0.006315906134499727,0.005841104702750677,0.0054018383052323315,0.004995470470654517,0.004619556965534954,0.004271832260345221,0.0039501969875743725,0.0036527059165880615,0.0033775572008432064,0.003123081801241767,0.00288773415210386,0.002770060327537127
0.20938155051148488,0.19648368624425316,0.18418308519483784,0.17248018179700786,0.1613705198601556,0.15084551133184299,0.14089312409809374,0.1314985184521289,0.12264461625049794,0.11431261089621447,0.10648241636819655,0.09913305639046577,0.0922430031272059,0.08579046488805808,0.0797536289017442,0.07411086307442805,0.06884088182344872,0.06392288564149862,0.0593366562416664,0.05506264388166038,0.05108203056220617,0.04737676961209747,0.043929612648629934,0.040724124341968704,0.03774468855540114,0.034976502242045626,0.03240556357794855,0.030018654421439805,0.027803318000336752,0.0257478378500009,0.02384120677123125,0.022073096726558106,0.020433830966659627,0.01891435180046308,0.017506189684000084,0.01620143236848559,0.014992694662079309,0.01387308832426104,0.012836192989356121,0.011876028887769507,0.010987029359337264,0.010164015426599171,0.009402170811645405,0.008697019180097243,0.008044401358762165,0.00744045473457966,0.006881593161089938,0.006364488391361611,0.005886052401424813,0.0054434209432763225,0.005033937851544046,0.004655140679670211,0.004304746967478401,0.0039806415155396735,0.003680864591988353,0.003403600621072478,0.0031471681027106513,0.002910009668450897,0.0026906833433448796,0.0025810201807940913
0.19704135252915034,0.18471430232896324,0.1729850330966043,0.1618492965163032,0.15129866888303312,0.14132125865054856,0.13190233704344134,0.12302491450218778,0.1146702506685271,0.10681830656019908,0.09944813869025904,0.092538236940376,0.0860668157953004,0.08001205886552398,0.07435232274466852,0.06906630410046244,0.06413317483668912,0.05953269413990547,0.05524528141158225,0.051252082932751186,0.0475350174593725,0.04407680157807903,0.04086096451388688,0.03787185277281502,0.03509462758184423,0.03251525222464746,0.03012047479987512,0.02789780655905183,0.02583549636926641,0.023922506658515807,0.022148481293653433,0.020503714529809258,0.018979122177249508,0.017566209411112865,0.016257040004590273,0.015044205905385688,0.013920797599213941,0.012880374874324474,0.011916938715210712,0.0110249048972344,0.010199077727492956,0.009434625633621962,0.008727057453588039,0.00807220063652192,0.0074661797648456485,0.0069053969496435386,0.006386512880784956,0.005906429308226713,0.005462272346012931,0.005051377049767325,0.004671272616607602,0.004319668939434251,0.003994443700592321,0.003693630459142838,0.0034154076106052145,0.0031580877941461694,0.0029201084833907487,0.0027000226783213677,0.0024964907604996256,0.002394724801590975
0.18450246579053697,0.1727837124928744,0.1616583688126383,0.15111795423629726,0.14115051873460072,0.1317412907762261,0.12287324511588871,0.1145276155483943,0.10668434365229906,0.09932247233494174,0.09242048517464241,0.08595659388566546,0.07990898343094077,0.07425601505927748,0.06897639314030535,0.06404929957604555,0.0594545002962521,0.05517243175078068,0.051184253528084867,0.04747189610544211,0.04401809051529426,0.040806380987747914,0.03782112898059964,0.03504750893642328,0.03247149816678174,0.03007985861378959,0.027860115114992645,0.02580053038479857,0.023890076946853078,0.022118410721647663,0.020475838307074667,0.018953285427407707,0.017542267557391078,0.016234858097146088,0.015023658040780319,0.013901766231434465,0.012862750542517176,0.011900619688827163,0.011009796239820346,0.010185091232366439,0.009421679233563296,0.008715075049443577,0.008061111348629524,0.0074559179053812485,0.006895901459418319,0.006377727164981195,0.005898300814304314,0.0054547523955461585,0.005044420407016581,0.004664837469161576,0.0043137164404161155,0.003988937894447986,0.0036885380526197054,0.0034106976884773488,0.003153731844380836,0.002916079961736706,0.0026962971418775794,0.002493045477223177,0.0023050864968210405,0.0022111070066199723
0.17176611175281575,0.16069341632768186,0.15020470348799275,0.14028775806446347,0.13092758206250554,0.12210697637375034,0.1138070415276804,0.10600762436059341,0.09868770453977493,0.09182572959278712,0.08539990038705536,0.07938840971255523,0.07376964313788648,0.06852234267844537,0.06362573883496037,0.059059654573063725,0.05480458535709776,0.050841762212363584,0.04715318602388496,0.04372165821151963,0.040530796202080666,0.03756503491000096,0.03480962138992627,0.03225060296104143,0.02987481068825737,0.02766983655687838,0.025624008122937525,0.023726360898641552,0.021966608440737723,0.020335114211174066,0.01882285873208822,0.01742140797198921,0.016122883838018964,0.014919933032904176,0.01380569744370952,0.012773785318858089,0.011818243477832446,0.010933530339620745,0.010114490200527904,0.009356329005680841,0.008654590824495045,0.008005135780511097,0.007404119067158099,0.006847971315813162,0.006333379824829954,0.005857271117362117,0.005416794366697175,0.005009306057770502,0.004632355339957428,0.004283670683040697,0.003961146930611115,0.0036628337046673565,0.003386924189010543,0.0031317448548540128,0.0028957459380363204,0.002677492296214723,0.002475655338809446,0.002289005000069011,0.002116402772283088,0.0020301016583901266
0.1588335419849196,0.14844492282093835,0.13862564137366196,0.12936029221672918,0.1206313444940399,0.11241965226183925,0.10470488551299617,0.09746590970201474,0.09068111020086533,0.08432866987883259,0.07838680242163942,0.07283394419372868,0.06764891322290634,0.06281103602648219,0.058300247402836014,0.05409716647614804,0.05018315266583251,0.04654034759634662,0.04315169315855183,0.040000947038136836,0.037072685784553805,0.03435229671314932,0.03182596460366227,0.02948065345830031,0.027304084740067402,0.025284710946520406,0.02341168752164613,0.021674843400361077,0.02006464993125956,0.018572191636656576,0.017189133702992798,0.015907690733349966,0.014720597512729583,0.013621078855807767,0.012602820993761199,0.011659943910675707,0.010786974786527459,0.009978822408895915,0.009230752855486912,0.008538366561201549,0.007897576293482977,0.007304586401311042,0.006755873278860847,0.006248166938829236,0.00577843364049091,0.005343859609507895,0.0049418356921648865,0.004569943146357502,0.004225940060123001,0.003907749060343413,0.0036134453244196507,0.0033412459162640573,0.0030894994320718183,0.002856676550684334,0.0026413612746267745,0.002442242518170268,0.002258106704804419,0.0020878303850002666,0.0019303738541154303,0.0018516455886752325
0.1457060378693642,0.13603974988363632,0.12692277944445607,0.11833712186046341,0.11026326475080062,0.10268062379025,0.09556790292700068,0.08890340709487798,0.08266530591073185,0.07683185583681418,0.0713815838316112,0.066293435284841,0.06154689402860569,0.0571220752497581,0.05299979589711068,0.04916162552975667,0.045589920802329154,0.04226784864640454,0.039179390259387326,0.03630934349824422,0.03364331538874943,0.031167706060744038,0.028869688936530302,0.026737187401342233,0.024758848964308022,0.022924016215730703,0.021222696872555957,0.019645533231518186,0.018183770596200688,0.016829227558177173,0.015574264273130467,0.014411752000218492,0.013335044539370955,0.012337949370366807,0.011414700309479997,0.010559931236122644,0.009768650969070869,0.009036219221907338,0.008358323826356262,0.0077309592277385875,0.007150406044220681,0.006613211729762369,0.006116172539312181,0.005656316385032056,0.00523088689158957,0.004837328329507784,0.004473271523890432,0.004136520799704613,0.0038250414921892073,0.003536948716269528,0.0032704963564889056,0.0030240673379244853,0.0027961641453178032,0.002585400201375876,0.002390491874750822,0.002210250802292535,0.002043577152801568,0.0018894528916968412,0.0017469359808597318,0.0016756775254389566
0.13238491030449495,0.12347942388952315,0.11509770703517663,0.10721979297635187,0.09982477477783469,0.09289116522396501,0.08639718684297915,0.08032101957507365,0.07464100620422798,0.06933582210965294,0.06438461252979533,0.059767099988174976,0.05546366873252939,0.05145542705268458,0.04772425146935877,0.04425281535598735,0.041024604695105715,0.038023925094097244,0.035235893943212915,0.032646431765774864,0.030242246058809208,0.02801080889916374,0.025940332083567164,0.02401974000068474,0.022238640884242322,0.020587296135547994,0.019056589370172183,0.017637995523345218,0.016323549442760488,0.015105816307414699,0.01397786112928845,0.012933219491721992,0.011965870051660055,0.011070207262671161,0.010241015566849754,0.009473444736642911,0.008762986378938464,0.008105451589872636,0.007496949850955836,0.006933869081837685,0.006412856864446148,0.005930802611615604,0.00548482108517323,0.005072236610539349,0.004690568585616894,0.004337517677677205,0.004010953010946672,0.0037089002898094137,0.003429530426193317,0.0031711493772101917,0.0029321881323252086,0.0027111939224377934,0.002506821622758615,0.0023178259619882624,0.0021430542999834046,0.001981439687424036,0.0018319947942080361,0.001693805823315131,0.00156602728959232,0.001502138022733135
0.11887149940699615,0.11076547922625135,0.10315200549476433,0.09600983223837734,0.08931727988649385,0.08305252013358633,0.07719379814679961,0.07171961843553731,0.06660889571140416,0.061841076214963486,0.05739623266002081,0.05325513518469105,0.04939930411365534,0.04581104538081249,0.042473471958479614,0.03937051344454989,0.036486916012052895,0.033808235953380894,0.03132082232051747,0.02901179939657883,0.026869043803166015,0.024881157437697254,0.023037439042918884,0.021327854578307992,0.019743006737753532,0.018274103615327775,0.016912927616052897,0.01565180495060048,0.014483575046635444,0.013401561716666066,0.01239954431488055,0.011471730078205233,0.010612728080574563,0.009817523824731111,0.009081455228687751,0.008400189801847091,0.007769702966431424,0.007186257562654674,0.006646384545470063,0.006146864720015799,0.005684711708484613,0.005257155713382922,0.004861628637677917,0.004495749730817344,0.0041573125763783025,0.003844272600597165,0.0035547355619724996,0.003286946875213914,0.003039281379488834,0.0028102342513047773,0.002598412007057682,0.00240252465324442,0.002221377982865036,0.002053866618174638,0.0018989675605274314,0.0017557339903584435,0.001623289858598831,0.0015008244517122904,0.0013875877464153419,0.0013309693937713085
0.10516717421517718,0.09789945785835918,0.09108724785807265,0.08470874691140828,0.07874215891008784,0.07316590179108129,0.06795876612833762,0.06310004395805979,0.058569629974130066,0.05434809939605767,0.05041676543991347,0.04675771843524412,0.04335385128748648,0.040188872073274595,0.03724730645073837,0.034514491616253196,0.03197656352756706,0.029620439795041698,0.02743379518285405,0.025405037436181388,0.023523279630746075,0.02177831012176945,0.02016056203461236,0.018661082440294408,0.01727150131153543,0.015984000505797624,0.014791283397226351,0.013686545491173874,0.012663445298017884,0.01171607685581666,0.01083894296167287,0.010026929511042226,0.009275281285070491,0.008579578688374667,0.007935715783666808,0.007339879515080305,0.006788530032051376,0.006278382190756382,0.0058063881757730584,0.00536972103978961,0.004965759488331223,0.004592073323577139,0.004246410213903928,0.00392668284203701,0.0036309573952086893,0.003357442431841662,0.0031044786952749703,0.00287052966012169,0.002654172464486848,0.0024540899044023234,0.0022690624693044725,0.0020979614357719,0.0019397420670008714,0.0017934374913686213,0.0016581530267201217,0.0015330607233998705,0.0014173946168893892,0.001310445945863492,0.0012115590798300602,0.0011621156468111238
0.0912733323926318,0.08488290890209527,0.0789049985348722,0.07331802476560956,0.06810076437165247,0.06323249357021332,0.058693089069046245,0.05446310613336003,0.05052383624405188,0.04685734744874992,0.04344650997596844,0.04027500875209089,0.03732734641096247,0.03458883748576724,0.03204559581209576,0.029684516461294663,0.02749325346756759,0.02546019500207386,0.023574434174555847,0.021825740515124537,0.020204529577960706,0.018701831599967633,0.017309260415871996,0.016018982748318145,0.014823687776415184,0.013716557404968022,0.01269123746900025,0.011741810191447932,0.01086276715442036,0.010048983776873577,0.009295695029787332,0.008598472161236437,0.007953200691819262,0.007356059568457418,0.006803501494552222,0.006292234408320496,0.005819203988961519,0.005381577296308393,0.004976727437444595,0.004602219029221644,0.004255794872825014,0.00393536316171339,0.0036389859455931983,0.0033648678495712403,0.003111346088946476,0.002876880739264287,0.002660045895028773,0.0024595214592393333,0.0022740852617841867,0.002102606141192176,0.0019440370298084986,0.0017974089933359139,0.0016618253421674112,0.0015364563479280946,0.0014205343442874607,0.0013133490153238725,0.0012142433077233505,0.001122609303365607,0.0010378847169745242,0.0009955224237767624
0.07719139993290991,0.07171738821202478,0.06660681301581928,0.06183913400711116,0.05739442266298855,0.05325344935090737,0.04939773482534271,0.045809585369083194,0.04247211426181341,0.03936925152453252,0.03648574405150207,0.03380714734158019,0.03131981135819917,0.029010861085243533,0.026868173194110057,0.024880349753568787,0.023036689833406676,0.021327160007209578,0.019742362949837222,0.018273506932846573,0.01691237472726037,0.015651292685374685,0.014483100593301046,0.013401122390437337,0.01239913752379973,0.011471353467036316,0.01061237934230519,0.009817200937312087,0.00908115640014806,0.008399913265941805,0.0077694470556943784,0.007186020766369872,0.006646165443742191,0.006146662014798743,0.005684524155444848,0.005256982225816387,0.004861468134276237,0.00449560125256987,0.004157175244192679,0.0038441455644777633,0.0035546180947365613,0.0032868381948381042,0.003039180905188843,0.00281014130330437,0.002598326064435774,0.0024024451784132594,0.002221304473337682,0.0020537986681823384,0.001898904698549586,0.001755675891184083,0.0016232361147761054,0.0015007747673045913,0.001387541807686965,0.0012828433120981586,0.001186037353115843,0.0010965300356780006,0.0010137720669289862,0.0009372552847874971,0.0008665097225524221,0.000831136941437105
0.06292283086478889,0.05840445797940852,0.054194237594971106,0.0502735232243845,0.046624434234359136,0.043229893926901575,0.04007364140736325,0.037140233185675164,0.03441503701784754,0.031884218910480655,0.029534724888296005,0.027354258318981195,0.0253312543682771,0.0234548520176725,0.021714864514619237,0.02010174884226945,0.018606574705826162,0.017220993513511473,0.01593720731607906,0.014747938730765853,0.013646401217846105,0.012626270311781873,0.01168165593235404,0.010807075851286818,0.009997430003632068,0.00924797621433271,0.008554307075363532,0.007912328230803567,0.007318237412210493,0.006768504602434611,0.006259853907963908,0.005789246185785579,0.0053538625568050335,0.004951089172742229,0.00457850285749295,0.004233857696309684,0.003915072428601896,0.003620218771711592,0.003347510524180919,0.003095293215196193,0.0028620347651653333,0.002646316461190068,0.0024468249385867225,0.002262344239531977,0.002091748939228033,0.0019339973518395226,0.0017881254378782074,0.0016532411390945967,0.0015285189318570147,0.001413195099377873,0.0013065629634878562,0.0012079688214283735,0.0011168079058743174,0.0010325207825490068,0.0009545900094565241,0.0008825369222797974,0.0008159188600043166,0.0007543263507470144,0.0006973807402932408,0.000668907935066354
0.0484691069587706,0.044945686342332536,0.04166880910859483,0.03862262134951777,0.03579207379403648,0.0331629234161257,0.03072171755253983,0.028455772899835807,0.026353151494782345,0.024402633786344552,0.022593689882635104,0.020916449396355397,0.019361670665989372,0.017920709649703603,0.016585488914322433,0.015348467021740753,0.01420260853009836,0.013141354699075514,0.012158595364164526,0.011248641755452482,0.01040620024916894,0.009626347485256481,0.008904506664588752,0.008236425082062127,0.007618152563826364,0.007046021352370424,0.0065166270698391315,0.006026810972112884,0.005573642932668044,0.005154405325242806,0.004766578550547962,0.004407827163559475,0.004075986685050381,0.003769051551874014,0.0034851637628685594,0.0032226023134196424,0.0029797732837444357,0.0027552007003883716,0.0025475180240830397,0.0023554600572150974,0.0021778556952023465,0.0020136209007270978,0.0018617525045572236,0.0017213220290157594,0.001591470398216721,0.0014714026739826025,0.0013603833648190289,0.001257732061317185,0.0011628192367174606,0.0010750626213917869,0.0009939235301459348,0.0009189037500689778,0.0008495424362475745,0.0007854133523910178,0.0007261223113008697,0.0006713047116368998,0.0006206234173200542,0.0005737666016703002,0.0005304459369126491,0.000508785604531603
0.033831737434457665,0.031342647007583935,0.02903205468979042,0.026887837634119727,0.02489859051705956,0.02305360567301573,0.021342843293692404,0.019756900295591073,0.018286979391768377,0.016924857959361717,0.015662857316365297,0.014493812544329465,0.013411043056654748,0.012408324085622091,0.01147985919043304,0.010620253880793129,0.009824490383221196,0.009087903406750364,0.008406157586779983,0.0077752257124164,0.007191368077745786,0.006651113231512795,0.006151239792813179,0.0056887593704990636,0.005260900291412796,0.00486509258803558,0.00449895387133914,0.004160276247122674,0.0038470138470714232,0.0035572710058007218,0.0032892918133287097,0.0030414500991149396,0.002812239893263957,0.0026002668026325892,0.0024042398866308545,0.0022229641238258324,0.0020553333580819455,0.0019003238228965103,0.001756988120433789,0.0016244494923700614,0.0015018967243296544,0.001388579192171946,0.0012838025203620873,0.0011869242310513783,0.0010973500559163796,0.0010145302415054402,0.0009379562768430105,0.0008671578468044672,0.0008016998986670743,0.0007411801228007775,0.00068522638975832,0.0006334945901276257,0.0005856664733716599,0.0005414477324139355,0.000500566226810939,0.0004627702723070115,0.0004278271720403737,0.00039552171998469277,0.00036565494831553025,0.0003507215624853899
0.019012258669195425,0.01759691888413517,0.016285491538678976,0.015070561638950153,0.013945208262642339,0.012902980702511613,0.01193787052123696,0.011044284282757388,0.01021701783073592,0.009451231577144448,0.008742427043775258,0.008086424628737099,0.0074793424959240795,0.006917576660412372,0.0063977822082783575,0.005916855632417395,0.005471918224237982,0.005060300319668087,0.004679526985289506,0.004327304211351191,0.004001506007926814,0.0037001625395127746,0.003421448994656018,0.00316367521107086,0.0029252758555653458,0.002704801450987837,0.0025009099742634433,0.002312359120102414,0.0021379989690162304,0.001976765027684735,0.0018276721697230158,0.0016898088251648957,0.0015623314373325314,0.0014444595005480565,0.0013354708862101106,0.0012346975230137502,0.0011415213592913531,0.0010553706715654698,0.0009757166379698035,0.000902070075108341,0.0008339785553479473,0.000771023596284337,0.000712818213308708,0.00065900445318956,0.00060925132413292,0.0005632527086474326,0.0005207255259742638,0.0004814080201631654,0.0004450581105830409,0.0004114519825693108,0.0003803826476866945,0.0003516587366236834,0.0003251032879125759,0.00030055267751905035,0.00027785562572546496,0.0002568722409401758,0.0002374732005838709,0.00021953891467862974,0.00020295882808163412,0.00019466878478313632
0.0040122339078996205,0.0037100857282856836,0.0034306267078276775,0.0031721632369885455,0.0029331257994646975,0.0027120610749031826,0.0025076235392340607,0.00231856754282056,0.002143740044973086,0.0019820738192555254,0.0018325811548791648,0.001694348022813763,0.0015665286356014718,0.001448340409990756,0.001339059292106981,0.0012380154249358455,0.0011445891284944665,0.0010582071234654933,0.000978339166048947,0.0009044948032199684,0.0008362203770140297,0.0007730963017094084,0.0007147345247382475,0.0006607761754739983,0.0006108893524281456,0.0005647671182806846,0.0005221256309662081,0.00048270243167003457,0.000446254830532844,0.0004125583726999338,0.00038140552105936365,0.00035260439275930366,0.0003259775517072683,0.0003013609377777726,0.00027860285816139196,0.0002575630582102306,0.00023811185426048098,0.00022012934402848572,0.00020350467471619282,0.00018813534554684708,0.00017392659558357337,0.000160790805172617,0.0001486469780243027,0.0001374202163884064,0.00012704128479423815,0.00011744616752462633,0.00010857568106370508,0.00010037511299465507,9.279387369609537e-05,8.578520027668901e-05,7.930585293358661e-05,7.331586158176862e-05,6.7778270982366e-05,6.265891606016538e-05,5.7926213483661115e-05,5.355096092340972e-05,4.950616548260456e-05,4.576686819746101e-05,4.230999799847979e-05,4.0581562894548284e-05
-0.01116674702570375,-0.010316264199663472,-0.009531043097488201,-0.008806007370871782,-0.008136482961615954,-0.007518167658826513,-0.006947100385077398,-0.006419632837806333,-0.005932403949833187,-0.005482316432230405,-0.0050665153841533694,-0.004682368804114212,-0.004327449653716009,-0.0039995194803355005,-0.0036965134042077352,-0.0034165263646501742,-0.0031578004932431014,-0.0029187133440178314,-0.0026977675733341755,-0.002493580990048372,-0.002304877464727184,-0.002130478748778586,-0.0019692968843054715,-0.0018203272161754214,-0.0016826418479576333,-0.001555383757794182,-0.0014377613348592888,-0.0013290433982016125,-0.0012285545217416427,-0.0011356705868426076,-0.0010498150123394723,-0.0009704551368727721,-0.0008970987560497079,-0.0008292910783325169,-0.0007666118580251791,-0.0007086727616956168,-0.0006551149142719481,-0.0006056066728454823,-0.0005598415664831435,-0.00051753633119489,-0.00047842919601137623,-0.0004422782027324601,-0.0004088597607321276,-0.00037796717462512675,-0.00034940943224537335,-0.000323009966933796,-0.00029860558035998963,-0.00027604543758830147,-0.00025519009757779543,-0.00023591069292727695,-0.00021808808517764788,-0.00020161216378156155,-0.0001863811385582892,-0.00017230091793773994,-0.00015928453195090952,-0.00014725157648332043,-0.00013612773938742606,-0.00012584431460016532,-0.00011633779934072663,-0.00011158454170878684
-0.026523068016519602,-0.024480538467157587,-0.022598031704537114,-0.020862619627721735,-0.019262468728120652,-0.017786746551564647,-0.016425530478474393,-0.01516972474727929,-0.014010986701866734,-0.012941659942566908,-0.01195471411279403,-0.011043690720642374,-0.010202653782216409,-0.009426145248454532,-0.008709144545453462,-0.00804703185397937,-0.007435554690018442,-0.0068707969548986725,-0.006349152166986727,-0.005867297652843995,-0.005422171178839363,-0.005010950103643275,-0.004631032121604761,-0.004280017623572441,-0.0039556932526751964,-0.0036560172186117512,-0.0033791057105458933,-0.0031232205621645193,-0.0028867577248492537,-0.00266823628973345,-0.002466289293812096,-0.002279654893793115,-0.0021071679040529645,-0.001947752419875215,-0.0018004148694128475,-0.0016642376496101008,-0.0015383732045126663,-0.0014220386726337964,-0.0013145109402934452,-0.0012151219197908958,-0.001123254455932532,-0.0010383383022283255,-0.0009598466801641337,-0.0008872927560243937,-0.0008202267667956065,-0.0007582330675770521,-0.0007009275759894962,-0.0006479553864791043,-0.0005989884669821421,-0.0005537237198849354,-0.0005118809769921739,-0.0004732013438202287,-0.0004374455238620456,-0.00040439234985534256,-0.00037383742077512494,-0.0003455917886530102,-0.00031948084146637967,-0.00029534315535428846,-0.00027302954606955865,-0.00026187274142719374
-0.042055086943881825,-0.038781140789816426,-0.03576886364413667,-0.03299636258090377,-0.030443706580212115,-0.0280927428451605,-0.02592692192602275,-0.023931140440418552,-0.022091602686464817,-0.020395696494186488,-0.018831882479517503,-0.01738959538934104,-0.016059154961820532,-0.014831686148006895,-0.013699047281581223,-0.01265376539475227,-0.011688977779575893,-0.0107983781645693,-0.009976170712517884,-0.009217025659578049,-0.008516039467689751,-0.007868699547262104,-0.007270851798586442,-0.006718671013503652,-0.006208633394786389,-0.0057374921648989385,-0.005302255072705542,-0.004900164052648037,-0.004528676292299139,-0.00418544618165928,-0.003868310366725858,-0.0035752733945004778,-0.003304493928335539,-0.0030542728265192665,-0.0028230419125563344,-0.0026093537172533487,-0.0024118719461041493,-0.002229362892971487,-0.0020606875152573423,-0.0019047938637450912,-0.001760710557849876,-0.0016275403556242907,-0.0015044546864872999,-0.0013906880248581999,-0.0012855333412797876,-0.0011883374013432757,-0.0010984967186633554,-0.0010154537742534941,-0.0009386933642607787,-0.0008677395396006204,-0.0008021524293599924,-0.0007415256302456541,-0.0006854835571168394,-0.000633679126988973,-0.0005857916095663995,-0.0005415245558459958,-0.0005006040399813116,-0.00046277684923268225,-0.00042780899274230677,-0.0004103250644993395
-0.057761135965730404,-0.05321647134042262,-0.049042074307852346,-0.04520594483112372,-0.041679095719251436,-0.03843524955631228,-0.03545055534247776,-0.03270333594350472,-0.030173867686213995,-0.027844184276046846,-0.02569790326617305,-0.023720072743986798,-0.02189703374769536,-0.02021629806019387,-0.018666438931562723,-0.017236993327287564,-0.01591837417000086,-0.014701789895439354,-0.013579176410978278,-0.01254313146438868,-0.01158685610748389,-0.01070410322665083,-0.009889130349867159,-0.009136656786226105,-0.008441823980045449,-0.007800160519129129,-0.007207549961396609,-0.006660201844197466,-0.006154624801593123,-0.005687600905259771,-0.005256164644911188,-0.004857582730894983,-0.0044893346688557045,-0.00414909608731584,-0.003834723030244902,-0.003544237646062598,-0.0032758149046507867,-0.003027770673278418,-0.0027985507245986696,-0.0025867202289964197,-0.0023909547489830985,-0.002210031342051444,-0.0020428210371470357,-0.0018882810544207373,-0.0017454485695100885,-0.001613434231564348,-0.0014914166123558559,-0.001378637017306339,-0.0012743944695481346,-0.0011780415262307997,-0.001088979919519062,-0.0010066569911026946,-0.0009305620638855316,-0.000860223278569272,-0.000795204657260129,-0.0007351032733282636,-0.0006795468544185113,-0.0006281913099970282,-0.0005807187002782044,-0.0005569823954210129
-0.07363952180138078,-0.06778492704658579,-0.06241621009168696,-0.05749009447067355,-0.05296755921116336,-0.048813385063684045,-0.04499573625114106,-0.041485790471669226,-0.03825741818757944,-0.035286899292104046,-0.03255267403253548,-0.03003512448727097,-0.027716379599600494,-0.025580143123975496,-0.023611540683803334,-0.02179698374949801,-0.02012404819363045,-0.018581363430660858,-0.017158519514390846,-0.015845977496380392,-0.014634989984827484,-0.01351753172324166,-0.012486236134492401,-0.011534337900673819,-0.01065562003124132,-0.009844367384772568,-0.009095324050245601,-0.008403655071185234,-0.007764911076568737,-0.0071749944846333236,-0.006630132097300567,-0.006126848753260639,-0.00566194194945524,-0.005232460216544332,-0.00483568274223245,-0.0044691008521580144,-0.004130400840427484,-0.0038174486068864866,-0.003528275511404111,-0.0032610648422659594,-0.003014140281525357,-0.002785954481954178,-0.002575079458555507,-0.002380196605309415,-0.0022000887612705355,-0.002033631916300571,-0.001879788144605321,-0.0017375989944534709,-0.001606179094513216,-0.0014847108450499746,-0.001372438866042991,-0.0012686654770455164,-0.001172746085020826,-0.001084085173457261,-0.001002132578875603,-0.0009263799013936591,-0.000856357471183955,-0.0007916312133682268,-0.0007318000802403191,-0.0007018845136719243
-0.08968852601218824,-0.08248490187728219,-0.07588982852654969,-0.06984755901153772,-0.06430804372504983,-0.05922629269664359,-0.05456179457029364,-0.05027800585884368,-0.04634191079373018,-0.042723634788277565,-0.03939610658073356,-0.03633476360834553,-0.03351729046212171,-0.030923389383854527,-0.028534577312346876,-0.026334006299624235,-0.024306303952421615,-0.022437428317028107,-0.02071454728052924,-0.019125922159939357,-0.017660805136556768,-0.016309350126282318,-0.015062531537224366,-0.01391207099854963,-0.012850370030408342,-0.011870451202278254,-0.010965904312660868,-0.010130838200952397,-0.009359836364750684,-0.008647914504553711,-0.00799048642694089,-0.0073833312475501955,-0.006822561752009015,-0.006304597623625341,-0.005826140210145603,-0.005384149645606406,-0.004975823661572676,-0.004598578687757815,-0.004250032468844367,-0.003927987424412471,-0.0036304165392619936,-0.0033554493569987187,-0.003101360259414321,-0.00286655623231713,-0.002649567222956506,-0.002449036002989402,-0.002263709575340833,-0.002092431130256145,-0.0019341322604038425,-0.0017878265253834513,-0.0016526026970842267,-0.0015276192850777193,-0.0014120989360710823,-0.0013053235755666748,-0.0012066298971635803,-0.0011154050134765114,-0.0010310827882564766,-0.0009531400386331157,-0.0008810934335645726,-0.0008450701310280806
-0.10590640528062245,-0.09731478711817676,-0.08946149839587747,-0.08227710530368526,-0.07569951926750473,-0.06967314032592764,-0.06414808410740935,-0.059079506000281334,-0.05442702165340041,-0.05015420069769405,-0.04622812643869434,-0.04261901391934497,-0.039299872363307564,-0.036246210454558,-0.0334357769081306,-0.030848331951980335,-0.028465445174234993,-0.026270312276741592,-0.024247603934282047,-0.022383319839902605,-0.020664660792548695,-0.019079918107567373,-0.017618373069798743,-0.0162702065271203,-0.01502641605859889,-0.013878743901920565,-0.012819611184089474,-0.011842059202482602,-0.010939695509759595,-0.010106642284402056,-0.009337495244641225,-0.008627284107052269,-0.007971434384956844,-0.007365735277495844,-0.006806309396920618,-0.00628958538432034,-0.005812272571876775,-0.005371338452038188,-0.0049639879751284255,-0.004587643718982903,-0.004239929159504108,-0.003918652025558522,-0.0036217904398361256,-0.0033474783873632674,-0.003093994354501639,-0.002859749319514826,-0.0026432766223782878,-0.002443222475170259,-0.0022583367730888426,-0.002087465530884458,-0.0019295429159660316,-0.001783584819787798,-0.0016486822644390386,-0.0015239956971413449,-0.0014087496922732257,-0.0013022278423768796,-0.001203768458277743,-0.00111276010867023,-0.0010286379876989216,-0.000986576927211047
-0.12229139168742353,-0.11227297163593164,-0.10312979984066661,-0.09477751944397372,-0.08714097891318051,-0.08015311995654084,-0.07375398206113104,-0.06788983630736656,-0.06251244590542271,-0.05757842310351258,-0.0530486723621415,-0.04888790961047107,-0.04506423903074541,-0.04154878520186589,-0.03831537062462864,-0.035340232825067375,-0.032601775079417195,-0.03008034112736091,-0.027758030635349762,-0.025618520910954956,-0.023646911421217887,-0.021829589997319765,-0.020154111472003855,-0.01860908886065271,-0.01718409393337783,-0.01586957105344844,-0.014656758720521523,-0.013537619710777271,-0.012504777119066723,-0.011551453047107252,-0.010671420237264861,-0.00985895549876048,-0.009108794646421892,-0.00841609486555761,-0.007776399220826846,-0.007185604622548247,-0.006639932213547972,-0.00613590111464557,-0.005670304323905917,-0.005240185616117721,-0.004842820150714466,-0.004475695134029678,-0.004136493796447205,-0.003823078518609968,-0.0035334777426454522,-0.003265872061928299,-0.0030185825437012426,-0.002790059782675769,-0.0025788732952491955,-0.00238370282700906,-0.0022033291643319686,-0.00203662675227978,-0.0018825561043600558,-0.0017401572499808893,-0.001608543649429528,-0.0014868963246694733,-0.0013744589298791965,-0.0012705326283724006,-0.0011744719324102704,-0.0011264415844247644
-0.13884169298669757,-0.12735784213160795,-0.11689332445236733,-0.10734760667619359,-0.09863143853180212,-0.09066544732324378,-0.08337888853131137,-0.07670856317484986,-0.07059789713867115,-0.06499614371903384,-0.059857695854601545,-0.055141494822752435,-0.05081051152461491,-0.04683129743887626,-0.043173592437262265,-0.03980998200146857,-0.03671559625716636,-0.033867838709498166,-0.03124616545171488,-0.028831871751244798,-0.02660790677741165,-0.02455871486108485,-0.02267009181242674,-0.020929056420455616,-0.019323733343994398,-0.017843252012657018,-0.016477654753224158,-0.01521781518691423,-0.01405536372702354,-0.012982616083156984,-0.011992517331109731,-0.011078588024502345,-0.010234871982102156,-0.009455892947416444,-0.008736613704374285,-0.008072399254492879,-0.007458982804986469,-0.006892435701080224,-0.006369139849859984,-0.005885761272064194,-0.005439228005830188,-0.005026708024056248,-0.004645591023710871,-0.004293469165905783,-0.003968122250772588,-0.003667501878763524,-0.0033897182166819917,-0.003133027583483994,-0.0028958204159090783,-0.0026766114460530233,-0.002474029282781842,-0.0022868080768390087,-0.0021137789297309695,-0.0019538624947523786,-0.0018060621048698877,-0.0016694571434427985,-0.0015431974873836296,-0.001426497721634945,-0.001318632454072599,-0.0012646998202892057
-0.15555549287914694,-0.14256778338310294,-0.13075067535375684,-0.11998619128262611,-0.11016993651228102,-0.1012093614888343,-0.093022226037065,-0.08553527346030432,-0.07868310686713897,-0.07240721938464034,-0.06665516070480937,-0.06137982323800362,-0.056538817886924164,-0.05209393563708087,-0.04801067891572863,-0.04425785335894439,-0.040807210551023765,-0.03763312682182551,-0.03471234333861872,-0.03202371475960586,-0.029547991952481034,-0.027267636577321674,-0.025166653588795107,-0.023230441793424816,-0.02144565798412046,-0.01980010006486843,-0.018282601039785185,-0.016882935074074013,-0.015591731953494836,-0.014400394909914738,-0.013301036850226211,-0.012286418877121008,-0.011349890638161497,-0.010485341103634305,-0.009687152118238451,-0.008950156652942631,-0.00826960027388246,-0.007641107174651829,-0.007060649050028012,-0.006524515224448635,-0.0060292878115264514,-0.005571816835923116,-0.005149199811489424,-0.004758760052738786,-0.004398030105430273,-0.004064733952424682,-0.0037567722143050375,-0.0034722082570226576,-0.0032092547172668517,-0.00296626254964405,-0.00274170936937157,-0.0025341901654440946,-0.0023424077050115955,-0.002165164288325805,-0.0020013540899554982,-0.001849955769390732,-0.0017100262890945572,-0.0015806944668872447,-0.0014611557687649324,-0.0014013864197037762
-0.17243095128304908,-0.15790117847685803,-0.14470046726826613,-0.13269211646749657,-0.12175553348411139,-0.11178412444551089,-0.10268343904301869,-0.0943695739756123,-0.08676782401983996,-0.07981152158111016,-0.07344104254098038,-0.06760295768535318,-0.062249292806257905,-0.05733689265164266,-0.0528268690089595,-0.04868412141209255,-0.04487691895324719,-0.041376525162934996,-0.03815689612255646,-0.035194388376305064,-0.03246750742633253,-0.02995669391571365,-0.02764413082776862,-0.02551357184907843,-0.023550185682346125,-0.021740422565357242,-0.02007189341160398,-0.018533262949431695,-0.017114152658068704,-0.015805047426304952,-0.014597223670063109,-0.013482679991780877,-0.012454069809209045,-0.011504646079614211,-0.010628209120482346,-0.009819059803306551,-0.009071956385691138,-0.008382076559314555,-0.007744982700841341,-0.007156588503467454,-0.006613131353629953,-0.006111144608196284,-0.005647434939097806,-0.00521905817493451,-0.00482330097971051,-0.004457661077399422,-0.00411983087864165,-0.0038076821001986616,-0.0035192508391146404,-0.0032527254889425095,-0.003006433835772704,-0.002778832820267141,-0.002568497934101188,-0.0023741141294086887,-0.002194467373684006,-0.0020284365003364613,-0.0018749864040445985,-0.001733160931287614,-0.001602077154010395,-0.0015365352653695652
-0.18946620460325914,-0.1733564090289308,-0.15874132657789808,-0.14546424423279358,-0.13338731203656806,-0.1223890207195577,-0.11236199349372811,-0.10321109099055814,-0.09485181444524926,-0.08720893595884238,-0.0802153284014695,-0.07381096976367907,-0.06794207729765578,-0.06256036546019583,-0.05762240384190154,-0.05308906116415102,-0.048925021507235655,-0.045098351279651006,-0.0415801524900683,-0.03834422710687235,-0.035366789121207276,-0.03262622061591447,-0.030102852184121787,-0.02777876785506006,-0.025637628530161827,-0.023664521076756095,-0.021845821917776398,-0.02016907667219403,-0.01862289109006543,-0.01719682606305728,-0.015881317366539527,-0.014667598192650289,-0.013547623781628992,-0.012514009924857739,-0.011559974891142133,-0.01067928743315072,-0.009866218867826682,-0.009115501058292175,-0.00842228797104827,-0.007782118739152466,-0.007190887218766484,-0.006644811373872628,-0.006140408366044348,-0.005674467885965484,-0.005244032073536964,-0.0048463737357407055,-0.004478978391575517,-0.004139527393705045,-0.003825881540828746,-0.003536067862621728,-0.0032682654614335505,-0.0030207943241711277,-0.0027921037074740696,-0.002580762202439857,-0.0023854485035057493,-0.002204942499264284,-0.0020381178473716233,-0.0018839342036303108,-0.0017414309793695182,-0.0016701793672369014
-0.20665936599798762,-0.1889318553954844,-0.17287189137029202,-0.15830145524673433,-0.14506437643586612,-0.13302335697954248,-0.1220573763563193,-0.11205946974815806,-0.1029348604300262,-0.09459936188263462,-0.08697801632125746,-0.08000393947952489,-0.07361731839669705,-0.06776455491464883,-0.062397526523634284,-0.057472947968331134,-0.05295181721794329,-0.04879892052139123,-0.044982437980949364,-0.04147356154895032,-0.038246168456983476,-0.035276545466640385,-0.03254314103918077,-0.030026345590963288,-0.027708293007795426,-0.02557269150354813,-0.023604670965626795,-0.02179064852773749,-0.020118207034398594,-0.01857597792862098,-0.017153552360609226,-0.01584139533503226,-0.014630762072433967,-0.013513630127719445,-0.012482635262394126,-0.011531014137360351,-0.010652551529655163,-0.009841534168613109,-0.00909270853079569,-0.008401240264936938,-0.00776268089241583,-0.007172934253021346,-0.0066282293193831165,-0.006125090979396397,-0.0056603181911363265,-0.005230960169737564,-0.004834296842948227,-0.004467820465818839,-0.0041292177610818825,-0.003816355572658914,-0.0035272654457019215,-0.0032601314893243583,-0.003013277747521137,-0.0027851574198178852,-0.0025743428447100314,-0.002379515830939205,-0.002199459614362631,-0.002033050425995775,-0.001879250735847826,-0.0018023508907716312
-0.22400852564323337,-0.20462589687270327,-0.18709081147487705,-0.17120264870535085,-0.15678585234079723,-0.14368646164829357,-0.13176909517151447,-0.12091437399177174,-0.11101676023169471,-0.10198271199158171,-0.09372911493378933,-0.08618195489977332,-0.07927516886757857,-0.07294966550541293,-0.06715248196633716,-0.061836057398307887,-0.05695760396954519,-0.05247854600022972,-0.048364074985522976,-0.044582718421697365,-0.041105972407886604,-0.03790799238496234,-0.034965315598567415,-0.03225661546062408,-0.02976248010752247,-0.027465224223583995,-0.02534871945778061,-0.023398245368051462,-0.021600354953466017,-0.01994274495091819,-0.01841415805858393,-0.017004288443178694,-0.01570368956365531,-0.014503699745875842,-0.013396371844511812,-0.012374410499269572,-0.011431114378361862,-0.010560325791750813,-0.00975638465690487,-0.009014084217602303,-0.008328634853564942,-0.00769562754224129,-0.007111004378144159,-0.006571026768207311,-0.006072251815618657,-0.005611506451956849,-0.005185866296248953,-0.004792635753938512,-0.004429328675383815,-0.004093652878118803,-0.0037834934580027735,-0.0034968997040696337,-0.003232071452199392,-0.002987347462597434,-0.00276119461826152,-0.0025521974971454142,-0.0023590497132808252,-0.0021805448242018244,-0.0020155690642198465,-0.0019330811842244167
-0.2415117509950182,-0.22043691188653902,-0.20139674848871802,-0.18416674218747708,-0.16855088651702932,-0.1543776845187006,-0.14149667761287343,-0.12977548550381357,-0.11909732762492631,-0.1093589117736915,-0.10046864308766779,-0.09234511181873017,-0.08491578692434221,-0.07811590513755906,-0.07188751671455496,-0.0661786651273033,-0.06094267845010215,-0.056137538556311206,-0.05172538274584859,-0.047672020597739895,-0.04394652356035422,-0.040520880495731326,-0.03736968898900628,-0.034469882602672364,-0.031800485454782645,-0.0293424042167878,-0.027078240925964003,-0.024992128748535514,-0.023069584125146037,-0.021297364015042675,-0.019663358988277757,-0.018156489843881296,-0.01676660663264773,-0.015484407532571076,-0.014301362147675079,-0.01320964320766116,-0.01220206373103494,-0.011272022340538257,-0.010413453334581213,-0.009620778633725457,-0.008888868666026006,-0.008213002800920854,-0.0075888375546151465,-0.007012372161385727,-0.006479923180986447,-0.005988096552815847,-0.0055337648519371285,-0.0051140458638077035,-0.004726281751525896,-0.004368022446938902,-0.0040370076862217275,-0.00373115297800819,-0.0034485349371005114,-0.003187378819640152,-0.002946046937291058,-0.0027230274706280255,-0.002516925196864861,-0.002326451737189039,-0.0021504177822695425,-0.0020624008048075737
-0.25916708704928126,-0.23636327817198488,-0.21578837579210308,-0.19719267150349662,-0.180358646550407,-0.16509639637372064,-0.15123967105438396,-0.138642503655797,-0.12717639146134996,-0.11672789915477821,-0.10719662947777486,-0.09849351343897084,-0.09053933596495423,-0.0832634849182945,-0.07660287878429983,-0.07050104681544767,-0.06490733608281563,-0.059776206728341386,-0.05506667736037141,-0.050741787137287275,-0.04676814017201103,-0.04311552421099929,-0.0397565693542834,-0.03666644699948041,-0.033822599426933664,-0.031204511190972006,-0.02879350366161937,-0.02657255506125722,-0.024526138777001272,-0.022640067096997285,-0.020901374931101557,-0.019298207296012393,-0.017819709278246165,-0.016455938058905772,-0.015197779699889225,-0.014036875169982643,-0.012965552322978802,-0.011976766842476394,-0.011064048355620137,-0.010221448542897527,-0.009443499066628114,-0.008725168934522465,-0.008061830372820822,-0.007449221737823031,-0.006883420341496915,-0.0063608124056724336,-0.005878068708442541,-0.005432121626700592,-0.005020142802991678,-0.0046395254058628765,-0.0042878648833033495,-0.0039629439854804716,-0.0036627170759384597,-0.003385296825384465,-0.0031289418422364434,-0.0028920447277736017,-0.002673122192735633,-0.0024708046452248666,-0.002283827911071512,-0.002190339543997055
-0.27697255659944187,-0.25240337294232695,-0.23026437855434345,-0.21027939053817502,-0.1922083205595193,-0.17584198861047007,-0.1609976421463566,-0.14751514496974316,-0.13525379524229386,-0.12408962410133562,-0.11391311229026257,-0.10462727006554928,-0.09614598431757049,-0.08839261895543515,-0.08129881751153256,-0.07480347800485898,-0.06885187096356216,-0.06339485672868239,-0.05838827179202699,-0.053792333324333974,-0.04957113623145215,-0.04569223330930683,-0.04212625995019703,-0.03884660358441039,-0.035829107269709226,-0.03305181970498783,-0.030494770843230157,-0.028139775664750566,-0.02597025821685417,-0.023971081393647786,-0.02212842105036028,-0.02042964411612669,-0.018863189243059075,-0.017418471832204574,-0.0160857941610848,-0.014856265621867593,-0.013721729412425887,-0.012674699039516568,-0.011708300413331152,-0.010816216057669692,-0.009992640050322521,-0.009232232274918317,-0.00853008194434235,-0.007881667817501992,-0.007282829238648425,-0.006729733969663698,-0.006218852221047122,-0.005746932154475637,-0.005310976040480142,-0.004908221388544298,-0.004536120412144129,-0.0041923241074481865,-0.003874665539620459,-0.0035811456961720722,-0.0033099203346642625,-0.003059287280091638,-0.0028276759327328094,-0.0026136361971440536,-0.0024158297002330187,-0.0023169264517752808
-0.2949261604913378,-0.2685555730483413,-0.24482345372985215,-0.22342587108798995,-0.20409911690777882,-0.1866138728688327,-0.17077017639968162,-0.15639314269064286,-0.14332939670447686,-0.13144404823689726,-0.12061813886111494,-0.11074649881297471,-0.1017359049986144,-0.09350352416625185,-0.08597558340962763,-0.07908623402220094,-0.07277657580422314,-0.06699379242302683,-0.061690475879316864,-0.056823970704655835,-0.05235582151890128,-0.048251313014819885,-0.04447905923858908,-0.04101064234732554,-0.03782028921146985,-0.03488459928901566,-0.03218230066073691,-0.02969403701046147,-0.027402176959765434,-0.02529062944903071,-0.023344708015642368,-0.021550999300306017,-0.01989723413196476,-0.01837218541071106,-0.01696557143352706,-0.015667970233081974,-0.014470740881815658,-0.013365955484623271,-0.01234633719422007,-0.011405200460488096,-0.010536402952396884,-0.009734296658012731,-0.008993689041330022,-0.008309800530357236,-0.0076782337657466115,-0.007094939290253066,-0.006556187958635107,-0.006058544892706408,-0.005598844121563751,-0.0051741685819362004,-0.004781828288882295,-0.004419343471866455,-0.004084426833839139,-0.0037749685653087894,-0.003489022409883802,-0.00322479220456362,-0.0029806207810434415,-0.0027549782365587916,-0.0025464526522922526,-0.0024421898601567626
-0.313025877875992,-0.2848182551274858,-0.259464310044919,-0.23663110269306564,-0.21603026391534996,-0.19741148066445557,-0.18055687777825735,-0.1652762463698565,-0.15140306741812548,-0.13879114447161278,-0.12731176534770405,-0.11685132332466264,-0.10730927548217473,-0.09859642009629521,-0.09063342803532048,-0.08334958988823082,-0.07668174188164567,-0.07057331531411304,-0.06497359635031952,-0.05983700712562268,-0.05512250166742838,-0.05079306407620443,-0.04681526098022637,-0.043158848438507036,-0.039796420575162195,-0.03670311456230202,-0.03385634643681801,-0.031235580765893722,-0.028822124851632935,-0.02659892927698415,-0.024550442123705274,-0.02266246764230484,-0.02092202752697947,-0.01931725151463226,-0.01783727376874822,-0.016472141210028823,-0.015212729335729591,-0.014050669635023993,-0.012978283466629215,-0.01198851828765779,-0.011074896527891731,-0.01023146349866444,-0.009452746167153414,-0.008733707882560005,-0.008069715830236746,-0.007456504557747934,-0.0068901467584581155,-0.006367025671925042,-0.005883808198574592,-0.005437423771037508,-0.005025041224677729,-0.0046440509926082285,-0.00429204633537239,-0.003966807516833093,-0.0036662870884240917,-0.0033885956728774147,-0.0031319902614379558,-0.0028948618271140703,-0.0026757255461484775,-0.0025661574056634606
-0.33126966645966593,-0.3011897957433618,-0.2741856679753951,-0.24989409246420013,-0.22800100957098834,-0.20823426302643444,-0.19035736829977168,-0.17416422145937638,-0.15947469239738332,-0.1461308966446051,-0.13399405641300266,-0.12294187350426977,-0.11286627748025246,-0.1036715287478307,-0.09527260386282599,-0.08759382023406648,-0.08056765899181695,-0.07413372452942824,-0.06823793683931267,-0.062831746777392,-0.05787147822471361,-0.05331778284514588,-0.0491351543267049,-0.04529150227073675,-0.04175777188812013,-0.03850762534821861,-0.03551715674527056,-0.03276464393467293,-0.03023032718932228,-0.027896194480416803,-0.025745825415786072,-0.023764239848174107,-0.021937749098572823,-0.020253839133728135,-0.018701059871077952,-0.017268927394940015,-0.01594783419567758,-0.014728971942448155,-0.013604261166366705,-0.012566283410517798,-0.011608227028268026,-0.010723831863046485,-0.009907345624506902,-0.009153475820671275,-0.00845735541387782,-0.007814504163663472,-0.0072207977789595645,-0.0066724387570449295,-0.006165927964838502,-0.005698042382022983,-0.005265810665937565,-0.004866494407003152,-0.004497568327024304,-0.004156703618085622,-0.0038417524462586172,-0.0035507329796136133,-0.0032818170834758575,-0.003033317276868175,-0.0028036764597239028,-0.0026888560511517667
-0.3496554627514792,-0.31766857151536154,-0.288986259715478,-0.26321386490518517,-0.24001062124420436,-0.2190816901396353,-0.20017128764462377,-0.18305684891655183,-0.167544169722742,-0.1534632991787621,-0.14066508492207586,-0.12901828525855308,-0.11840709673343941,-0.10872907441740409,-0.09989336416573291,-0.09181919922377713,-0.08443461540906583,-0.07767531681250883,-0.07148379790591797,-0.06580849023556823,-0.06060304871531752,-0.05582576135446882,-0.051439023911181714,-0.04740887961978135,-0.04370460898961426,-0.04029838678677233,-0.0371649755265091,-0.03428145897337753,-0.03162700483767544,-0.029182634367210802,-0.02693105579147481,-0.024856502647456757,-0.022944574713634758,-0.021182113631592614,-0.019557084997852137,-0.01805847436192831,-0.016676191791704653,-0.015400989940359544,-0.014224389479586819,-0.013138607113867273,-0.012136498275570062,-0.011211498538559184,-0.010357577581259214,-0.009569188293463426,-0.008841230630824981,-0.008169010755194606,-0.007548208550787194,-0.006974846895073661,-0.006445261699212779,-0.005956078523863262,-0.005504186833156233,-0.005086720312021953,-0.004701036031393713,-0.004344696951101845,-0.004015455644119648,-0.003711238569441555,-0.003430133167743321,-0.003170374161731715,-0.002930332791724055,-0.002810312106718005
-0.36818118230844465,-0.3342529592388255,-0.30386482913792534,-0.2765894617306852,-0.25205838539777314,-0.22995325099188335,-0.20999829277307924,-0.19195392481939688,-0.1756114101750006,-0.16078835674767422,-0.14732493165034555,-0.13508070025130436,-0.12393192281162868,-0.11376928354218663,-0.10449596290624363,-0.09602600048299159,-0.08828289784986065,-0.08119838651775346,-0.07471147705642167,-0.06876753450513196,-0.06331750670317327,-0.058317287395812656,-0.05372714993802763,-0.04951125172318438,-0.04563719313634529,-0.04207564944457509,-0.038800042200297646,-0.0357862539054965,-0.033012374343259765,-0.03045845406276726,-0.02810632711934158,-0.025939438901132483,-0.023942676540134045,-0.022102236846639478,-0.02040550105655292,-0.018840924509917478,-0.01739793545113333,-0.016066848328395444,-0.014838784922819315,-0.013705598171767086,-0.012659811734052617,-0.011694558101358332,-0.010803530133998152,-0.009980927311712406,-0.009221417783704666,-0.0085200952877873,-0.007872445026007036,-0.007274311361147312,-0.006721866309136182,-0.006211585028523814,-0.0057402187583699416,-0.005304774199239581,-0.004902491643368201,-0.004530826642912267,-0.004187432955613524,-0.003870146063311708,-0.003576969670238128,-0.0033060613481383783,-0.003055721282714252,-0.00293055125000663
-0.38684471997796344,-0.35094133599560706,-0.3188201317459116,-0.2900199416799287,-0.26414360730097286,-0.24084845302597468,-0.2198380575504899,-0.20085525999212095,-0.1836763368808425,-0.16810608395427806,-0.15397368500336572,-0.14112926566805406,-0.12944094892440638,-0.11879238455462904,-0.10908065463155037,-0.1002144970332397,-0.09211279144115014,-0.08470322560834465,-0.07792126876735583,-0.07170917306539071,-0.06601514185437196,-0.060792644596801004,-0.0559998082712454,-0.051598885377321935,-0.04755578110573033,-0.043839659422384436,-0.04042259177573282,-0.037279252432318444,-0.03438664804511493,-0.03172385461958971,-0.029271829344357236,-0.027013227706276233,-0.024932223148619315,-0.023014367190050677,-0.021246456698817973,-0.019616417152681365,-0.01811319558445046,-0.016726669053959142,-0.015447561420489642,-0.014267362920885596,-0.013178266579370046,-0.0121731029816452,-0.011245289369505862,-0.010388773005884921,-0.009597991417797935,-0.008867827075915713,-0.008193571625616514,-0.007570892002952689,-0.006995797372142398,-0.006464613489658433,-0.0059739543213366275,-0.005520700488497177,-0.005101976361525651,-0.004715130894767938,-0.0043577197944477675,-0.004027488283728786,-0.0037223570058753097,-0.003440407014863034,-0.0031798680353523068,-0.0030495985455925023
-0.405643950137633,-0.36773207925534734,-0.3338509346167262,-0.30350438032651805,-0.27626561074356903,-0.2517668217966662,-0.2296902723805605,-0.20976067964063372,-0.19173888496947455,-0.17541650502097106,-0.16061144074763778,-0.1471641339910068,-0.13493437174060485,-0.12379860774527796,-0.11364769437686828,-0.10438496123177377,-0.09592457969277657,-0.08819012365729684,-0.08111346451087798,-0.07463369591599545,-0.0686962400001212,-0.06325211249762042,-0.05825727052182206,-0.05367204303279749,-0.0494606252971419,-0.04559065846021948,-0.04203285495852249,-0.03876067404112504,-0.035750034182511214,-0.032979033123647916,-0.030427748592223303,-0.028078044497732435,-0.02591337961064255,-0.02391865974065599,-0.022080097411589783,-0.02038508860597421,-0.01882209976835192,-0.017380571391298894,-0.016050830379801262,-0.014824005331361967,-0.013691959765580464,-0.012647223526753848,-0.011682939424075833,-0.010792803681951568,-0.009971024373331971,-0.00921227384209189,-0.00851165128544551,-0.00786464728369296,-0.0072671091759346496,-0.006715214300112571,-0.006205440284428043,-0.005734542560440481,-0.005299530418456655,-0.004897647010322359,-0.0045263507406323455,-0.004183297279185538,-0.0038663248711579,-0.003573438674102647,-0.0033027985339861843,-0.003167478463927953
-0.4245767269324663,-0.3846235669674325,-0.34895601633752715,-0.31704186988450456,-0.28842373775079366,-0.26270790063261273,-0.23955464384667113,-0.2186700229981886,-0.19979900124010186,-0.1827196534907971,-0.16723830175223497,-0.15318546278394685,-0.1404123912168176,-0.12878818513316848,-0.1181973375749612,-0.10853766471646153,-0.09971854447394346,-0.0916593678512756,-0.08428835278203373,-0.07754138962386303,-0.07136108319979684,-0.06569596662703514,-0.0604998041338467,-0.05573098288820244,-0.05135197383112189,-0.0473288840400965,-0.043631058255755306,-0.040230734110497934,-0.03710273699980782,-0.03422418279785955,-0.03157426727075752,-0.02913406114673389,-0.026886307594322645,-0.02481526633697939,-0.022906565605382845,-0.02114707227197421,-0.019524772826242653,-0.018028672017935676,-0.016648700763268742,-0.015375627075395748,-0.01420098608983622,-0.013117008062115687,-0.012116562540911424,-0.011193095875237091,-0.010340587836084048,-0.00955350176424119,-0.008826745500494226,-0.008155634323459005,-0.007535854757119154,-0.0069634366879745,-0.006434722326296161,-0.005946342787925829,-0.0054951931099855855,-0.005078411422867468,-0.004693359565850486,-0.004337604347668389,-0.004008902266035008,-0.003705183191780037,-0.003424537663514471,-0.0032842148993794673
-0.4436408845095041,-0.40161417764380314,-0.36413416693347855,-0.33063151901108423,-0.3006173482994656,-0.2736712503034422,-0.24943089436103794,-0.2275831429805475,-0.20785664384018077,-0.19001557193943253,-0.17385437774069867,-0.1591934144867846,-0.14587521043446294,-0.13376135034363745,-0.12272983997174247,-0.11267287835565742,-0.1034949659933293,-0.09511124299705909,-0.08744621912768036,-0.0804325373708048,-0.07400994980395481,-0.0681244785777313,-0.06272767246940703,-0.05777595898222465,-0.053230070646534955,-0.0490545694864819,-0.045217424078063395,-0.04168964401301434,-0.03844495684853122,-0.035459493102765194,-0.03271156416827292,-0.030181446056687378,-0.02785116545690247,-0.025704335666443257,-0.023726000699886285,-0.021902498721071417,-0.02022133690614769,-0.018671085088697303,-0.017241279158812794,-0.015922327593589358,-0.014705438255004921,-0.013582542950274501,-0.012546239125592606,-0.011589724402538693,-0.01070675138618249,-0.00989157552146569,-0.00913891436774783,-0.008443908939317346,-0.0078020859385841135,-0.007209328751498489,-0.006661845074447115,-0.006156142566329237,-0.0056890028233658185,-0.005257459721592639,-0.004858779257843615,-0.004490440059399248,-0.0041501175150360226,-0.0038356668071815037,-0.003545109727607354,-0.0033998311878224996
-0.4628342372495986,-0.4187022904327975,-0.37938418778836525,-0.3442724526059582,-0.31284582003538564,-0.28465644869180906,-0.2593187618217918,-0.23649990585086655,-0.21591178195395244,-0.19730431169764362,-0.18045978505307314,-0.16518815621924698,-0.15132303544503678,-0.13871833849317117,-0.12724545754772,-0.1167908722026878,-0.10725412278278945,-0.09854603153049535,-0.09058734617692465,-0.0833074190019234,-0.07664311451735628,-0.07053791608101712,-0.0649411348923623,-0.05980722128408278,-0.055095155595727974,-0.05076794406446705,-0.046792170839373703,-0.0431376112152515,-0.03977689028673126,-0.03668514983430349,-0.03383981454938123,-0.031220364256143718,-0.028808108334743565,-0.026586013351868054,-0.024538539206901966,-0.02265149577106218,-0.0209119115561629,-0.019307922307403302,-0.01782866984773701,-0.016464204159114537,-0.015205406930212106,-0.014043912647903056,-0.012972047799677533,-0.011982762412472425,-0.01106958304537553,-0.01022655833827546,-0.009448216627538919,-0.008729525683977002,-0.008065853365599729,-0.007452937492820055,-0.006886852136616106,-0.006363982342820762,-0.005880997064613425,-0.005434826676973259,-0.005022642044028025,-0.004641834278764634,-0.004289998287680952,-0.003964915151875026,-0.0036645384662836733,-0.0035143501234902175
-0.482154579996692,-0.4358862851839751,-0.3947048915579243,-0.3579638116077577,-0.3251085479921967,-0.295663090470657,-0.26921799927777545,-0.24542019089387246,-0.22396439550107505,-0.20458593258396274,-0.18705464641763925,-0.17116985959360065,-0.15675607512318557,-0.14365938608098983,-0.1317444464450901,-0.12089191545480826,-0.11099629168435765,-0.10196401352775553,-0.09371201367292858,-0.08616631107452477,-0.07926084846188175,-0.07293654308079045,-0.0671404468508463,-0.06182501578239297,-0.056947464537810966,-0.05246923307577145,-0.04835551305419905,-0.04457483937533535,-0.0410987301757082,-0.03790133521900607,-0.034959190247843,-0.03225097748910777,-0.029757288230496393,-0.027460442035454058,-0.025344314810720192,-0.023394188563994334,-0.02159661379756539,-0.01993929299623165,-0.01841097487040866,-0.017001351939844866,-0.015700980809452147,-0.014501199760958983,-0.013394065452625448,-0.012372281434167576,-0.011429149322630394,-0.010558512027336597,-0.009754709703573283,-0.00901253788311962,-0.008327206540745813,-0.0076943088504810575,-0.0071097861311741894,-0.006569901644639664,-0.006071212484783928,-0.005610546265244487,-0.005184979414312174,-0.004791816185507614,-0.004428571618118049,-0.004092953268024502,-0.003782847072892892,-0.0036277939753293076
-0.5015996882842844,-0.4531645425041919,-0.4100951020761645,-0.37170475278756054,-0.33740494431169665,-0.30669078678555284,-0.279128374601032,-0.2543438900992667,-0.2320144748452746,-0.21186050264718315,-0.19363909073201402,-0.17713870053583936,-0.16217454102751994,-0.14858473088708912,-0.1362270629000628,-0.12497627641626874,-0.11472174784039169,-0.10536546671878977,-0.09682049850608276,-0.08900948690765187,-0.08186341923923646,-0.07532061980682236,-0.06932585995860663,-0.06382958457241017,-0.05878722942994852,-0.054158657952543265,-0.0499076614326599,-0.046001528437957795,-0.042410665774181844,-0.03910822800655467,-0.0360698597569975,-0.03327344430273271,-0.03069885409781037,-0.028327761460116285,-0.026143458446155066,-0.02413069964053438,-0.0222755581955969,-0.020565304162967202,-0.018988294089896662,-0.017533864058472126,-0.016192246668280674,-0.0149544850980865,-0.013812367291912153,-0.012758351424353442,-0.01178551525833349,-0.010887497030784843,-0.010058449741556785,-0.009292997671601633,-0.008586193857609281,-0.007933487730911182,-0.007330688716393752,-0.006773939106432536,-0.0062596849054230574,-0.005784651692102294,-0.005345822143061341,-0.004940414295191431,-0.004565863924161917,-0.0042198056259978856,-0.0039000582105153114,-0.0037401845027740244
-0.5211673185591881,-0.47053544380498025,-0.4255536542546823,-0.38549444853981374,-0.3497344379659495,-0.31773916494223453,-0.2890496701669054,-0.2632709078542561,-0.24006202051251258,-0.21912809791851284,-0.20021325285341174,-0.18309485911527368,-0.1675786472685381,-0.15349461187652125,-0.1406935631802675,-0.1290442224654731,-0.1184307646866678,-0.1087506665027771,-0.09991307474829014,-0.09183721663194255,-0.08445109099355808,-0.0776904028472547,-0.07149762207512733,-0.06582116594170184,-0.06061467841685264,-0.05583643634908153,-0.051448822973161334,-0.04741787472698711,-0.043712882829973765,-0.04030600355983349,-0.037171988317576954,-0.034287920132456406,-0.03163295192355253,-0.029188108548563463,-0.02693609837407518,-0.02486114901214531,-0.02294885692812887,-0.021186060566069642,-0.019560725253606748,-0.01806183165073527,-0.01667928941869956,-0.015403847722250674,-0.014227026891586725,-0.013141040812900684,-0.012138744466931861,-0.011213572460233578,-0.01035949164658767,-0.009570956028279731,-0.008842862633406945,-0.008170518038830288,-0.0075496006188569,-0.006976132496632204,-0.006446449343138205,-0.005957175415538529,-0.005505200310387259,-0.005087656478934832,-0.004701901025669919,-0.004345496141477945,-0.00401619402778941,-0.0038515429709473636
-0.5408552084025553,-0.4879973713412644,-0.441079393975512,-0.3993320866707606,-0.3620964744810218,-0.3288078680992612,-0.2989816825416547,-0.2722011606448138,-0.24810704291862606,-0.22638880217308088,-0.2067772733976403,-0.1890385193820565,-0.17296861038368583,-0.15838926910956008,-0.14514420352709223,-0.13309602002584686,-0.12212361394831284,-0.11211988596546263,-0.10299001368838656,-0.09464976723994933,-0.08702412447364694,-0.08004614522034714,-0.07365597738453467,-0.0677999944542762,-0.06243003591834828,-0.05750278223150218,-0.052979201052920644,-0.04882407103581787,-0.04500556366930475,-0.04149483394249032,-0.038265738003055993,-0.03529455738481957,-0.032559724807583734,-0.030041617479836802,-0.027722360254811562,-0.02558565423097292,-0.02361661985216479,-0.021801664777778562,-0.02012836405296703,-0.01858534392175759,-0.01716219216224335,-0.015849365000728532,-0.014638116239251708,-0.013520416546897174,-0.012488899178255686,-0.011536796135374061,-0.01065788911930099,-0.009846462809863787,-0.009097259140475877,-0.008405442706651556,-0.007766561660811355,-0.007176518742997295,-0.00663154003337052,-0.006128149167961006,-0.00566314332270057,-0.005233569982570074,-0.004836708162261338,-0.004470048191911324,-0.004131276174206278,-0.003961890165358195
-0.5606610767482856,-0.505548708241732,-0.4566711779771726,-0.41321687018454956,-0.3744905156627043,-0.33989655496589055,-0.3089242221774624,-0.28113457676571585,-0.25614956210609385,-0.23364270670038767,-0.21333129854672617,-0.19496986921240467,-0.17834464921905546,-0.16326894365754185,-0.1495792401025131,-0.13713193454036432,-0.12580056563834763,-0.11547339589830674,-0.10605158386848501,-0.09744740263673002,-0.08958277709504525,-0.08238809644542933,-0.07580116647331714,-0.0697663010331695,-0.0642335227152202,-0.05915790596540127,-0.054498995516243376,-0.0502203067153717,-0.04628888728374747,-0.04267488800421493,-0.03935126780270526,-0.03629350551781485,-0.033479313040265524,-0.03088841976379264,-0.028502367219256364,-0.026304330457733727,-0.024278954568259792,-0.022412217245237898,-0.02069130418126175,-0.019104488200656355,-0.01764103624148472,-0.016291112653510353,-0.015045705781489005,-0.01389654413330721,-0.01283604027745966,-0.011857224621407703,-0.010953694690813975,-0.010119566783521883,-0.00934942863677346,-0.008638303722885432,-0.007981610786647053,-0.007375133957263635,-0.006814990453336556,-0.006297603977549748,-0.005819679932566046,-0.005378181445028218,-0.004970310010472545,-0.004593484632424705,-0.004245325814902223,-0.004071246406136542
-0.5805826240984668,-0.5231878385307054,-0.4723278737346792,-0.4271480170672559,-0.3869160393241078,-0.35100489950511626,-0.3188771131147128,-0.29007109603909065,-0.26418960748983533,-0.24088991008373917,-0.21987547986466627,-0.2008891001612767,-0.18370698481761316,-0.16813387752418585,-0.15399892894045308,-0.14115223044942837,-0.12946188805872616,-0.11881146481923288,-0.10909805112133242,-0.10023038369063819,-0.09212730300170335,-0.0847165026130936,-0.07793342640689982,-0.07172031304149229,-0.06602535603325244,-0.0608020144015331,-0.05600840276078767,-0.05160676775996187,-0.04756302941490542,-0.043846331463637256,-0.04042873370226463,-0.03728491111901988,-0.03439185417772883,-0.03172864431325362,-0.029276239937914283,-0.02701729052741797,-0.024935966483079497,-0.023017816349701903,-0.021249637389630927,-0.01961934999341164,-0.018115901289790237,-0.016729164800142193,-0.01544986446790464,-0.014269487680200754,-0.013180227343680961,-0.012174913265217135,-0.011246959756561203,-0.010390315658486138,-0.009599415395351585,-0.008869142159642074,-0.008194786088560058,-0.007572013458996274,-0.006996833344241615,-0.00646557018888938,-0.005974838257887249,-0.005521516916253688,-0.005102730700339286,-0.00471582781125246,-0.004358363644945129,-0.004179631561791464
-0.6006175327362895,-0.5409131471418327,-0.48804835933317303,-0.44112476006886947,-0.39937253901537684,-0.3621325906417594,-0.32884019269165066,-0.29901066954128197,-0.27222721761165136,-0.2481305179880522,-0.22640997412125774,-0.20679640732224058,-0.18905584031360778,-0.17298431357210653,-0.1584035259022798,-0.1451571711720545,-0.13310784780374618,-0.12213435899495195,-0.11212967860832368,-0.10299896828442012,-0.09465795312729508,-0.08703160645453512,-0.08005299080493966,-0.0736622543620502,-0.0678057496255624,-0.06243531095957877,-0.057507615821750235,-0.05298363689094643,-0.04882816263692469,-0.04500932698909388,-0.04149828876249817,-0.03826891798153653,-0.035297483114984374,-0.03256241751412592,-0.03004409668784458,-0.027724645013162963,-0.025587758869969335,-0.023618558464013617,-0.021803453541386908,-0.020130013034069805,-0.01858686527960618,-0.01716359400509404,-0.015850659793708033,-0.014639309936739231,-0.013521518687484857,-0.01248991623034712,-0.011537734609023964,-0.010658756116588286,-0.009847262732862738,-0.00909799819921453,-0.008406124831275008,-0.007767191798673245,-0.007177100732720376,-0.0066320774829708995,-0.006128645800500543,-0.005663601874403845,-0.005233993831414985,-0.004837099584569238,-0.004470409903136741,-0.004287065062424933
-0.6207634669361184,-0.5587230199235949,-0.5038315233356672,-0.45514634648346153,-0.41185952375538903,-0.37327933197587093,-0.33881331126094594,-0.3079532593379497,-0.28026243990321387,-0.255364642956053,-0.23293494312361496,-0.21269198919419807,-0.19439144083300608,-0.17782049545431278,-0.16279328663636683,-0.14914701909013228,-0.1367387097656536,-0.12544234246471664,-0.11514672685843497,-0.10575341136629834,-0.09717497525627117,-0.08933364741008365,-0.08216008991553725,-0.07559234547545479,-0.06957491385319425,-0.06405799571012949,-0.05899682445401844,-0.054351093638391745,-0.05008445643685633,-0.04616403427717852,-0.04256008319548865,-0.03924566717779854,-0.0361963321569192,-0.03338986329347815,-0.0308060534177379,-0.028426502288079192,-0.02623443292774752,-0.024214538008227038,-0.022352840664616735,-0.020636559334428206,-0.01905400456918116,-0.017594471321724647,-0.016248157840945687,-0.015006072331860132,-0.013859971387062409,-0.012802286530946283,-0.01182606846937162,-0.010924933841880424,-0.010093013037151266,-0.009324911159809268,-0.008615663476030377,-0.007960702779987727,-0.007355823951629148,-0.0067971548964784745,-0.006281129464089652,-0.005804461242551184,-0.005364122488256129,-0.004957321330913977,-0.004581484385370871,-0.004393565912599318
-0.641018073170847,-0.576615843636783,-0.5196762646448949,-0.4692120379275977,-0.4243765177658032,-0.38444484150107705,-0.34879633191349235,-0.3168988382271243,-0.2882953304573732,-0.26259240421256713,-0.23945055355514278,-0.21857604755486815,-0.19971401339962558,-0.18264266755052994,-0.16716846654141637,-0.15312203553559112,-0.14035473714235192,-0.12873567706539912,-0.11814945380768993,-0.10849396500127728,-0.09967861408432199,-0.09162286169697165,-0.08425495068823619,-0.07751080353679995,-0.0713330557641445,-0.06567026545469812,-0.06047621521245272,-0.05570931442066662,-0.051332077292980394,-0.04731061012924087,-0.04361426443894256,-0.04021529713131855,-0.037088531087325904,-0.034211103185621816,-0.03156222381095475,-0.02912296858541108,-0.026876087837690577,-0.024805847503639455,-0.022897885003212437,-0.021139069232107843,-0.019517393947867667,-0.018021866334829717,-0.01664242331851362,-0.015369835011700417,-0.014195641323326846,-0.013112076064532019,-0.012112009518161493,-0.011188893549216594,-0.010336707793965338,-0.009549919520415173,-0.008823437703786574,-0.008152579481426336,-0.00753303366014535,-0.006960830840454513,-0.0064323155715984015,-0.0059441194048082124,-0.005493139255445811,-0.00507651396508102,-0.004691606457565278,-0.004499152703809628
-0.6613789803164316,-0.5945900059440534,-0.5355814923595092,-0.48332111011723633,-0.43692306020714167,-0.3956288513281292,-0.35878913020892966,-0.32584738949014813,-0.2963259538075391,-0.26981392747657207,-0.24595697682181505,-0.2244487873406209,-0.20502378684685407,-0.1874510749080871,-0.17152932073356997,-0.15708248078038167,-0.14395619144713212,-0.13201462245785667,-0.12113811483928316,-0.11122087842241779,-0.10216911127857387,-0.09389948237619627,-0.08633779684591669,-0.07941784245097061,-0.07308037917067356,-0.06727231380411425,-0.06194597153025505,-0.05705847262206021,-0.052571188751078246,-0.048449208525873644,-0.04466097722847007,-0.041177943686450114,-0.03797420723593792,-0.0350262563963355,-0.03231271934684976,-0.029814148056712675,-0.027512820818897943,-0.025392577625122925,-0.02343867106632036,-0.021637621437209376,-0.019977106680006962,-0.018445847201919996,-0.017033519600846425,-0.015730656875945215,-0.014528583213855306,-0.013419335643782837,-0.012395604924981818,-0.01145067901196839,-0.01057838761279406,-0.009773060944917589,-0.00902948243761692,-0.00834285427718573,-0.007708759863143122,-0.007123133118422942,-0.00658222988198176,-0.006082600221959389,-0.005621066232044392,-0.005194697951607097,-0.004800795068109487,-0.004603843626362902
-0.6818437998538451,-0.6126438953915692,-0.5515461256247045,-0.4974728526430816,-0.44949870491734156,-0.40683110741351225,-0.368791593913147,-0.3347989066503576,-0.3043543827149131,-0.2770293447808969,-0.2524543889053943,-0.2303104165326042,-0.21032099173466268,-0.19224596318720977,-0.17587610401691656,-0.1610286140290773,-0.1475433325201969,-0.13527943615440297,-0.12411296282430762,-0.11393439808215167,-0.10464670553726574,-0.09616373941862211,-0.08840884895547685,-0.08131367294646807,-0.07481708472512061,-0.06886433125509406,-0.06340627379546326,-0.05839873866856138,-0.053801951498830825,-0.049579980699414605,-0.04570036366787544,-0.04213374017623561,-0.03885348554363954,-0.035835439865241625,-0.03305764936023081,-0.030500142828522314,-0.028144727181924623,-0.025974817251928073,-0.02397528167631613,-0.02213229307751252,-0.020433214547499468,-0.01886648069318486,-0.017421508765398386,-0.01608859561289755,-0.014858850645835808,-0.013724115027287098,-0.012676900877233166,-0.011710333088879032,-0.010818092251887457,-0.009994372305417443,-0.009233831864472464,-0.008531558857374222,-0.007883031930076001,-0.007284088943841915,-0.006730897606499475,-0.006219927046546836,-0.0057479250456404785,-0.005311893317752059,-0.004909068760010626,-0.00470765648113769
-0.7024101260681892,-0.6307759013830561,-0.5675690934774025,-0.5116665687445687,-0.4621030201525089,-0.41805136929299547,-0.37880362274241186,-0.34375339323914567,-0.3123806979634969,-0.28423879429931187,-0.25894297022348134,-0.23616114604882554,-0.21560586027175255,-0.19702757861056686,-0.18020907085738447,-0.16496069341405573,-0.15111641854198332,-0.13853037354742526,-0.12707424816285062,-0.11663476770357395,-0.10711163264897294,-0.0984158597702045,-0.09046832449747466,-0.08319850264800088,-0.07654336999411537,-0.07044650526514928,-0.06485729942575791,-0.05973028010173298,-0.05502452343827624,-0.050703075204592274,-0.046732563297609,-0.04308281748839793,-0.039726488625784206,-0.036638768326389126,-0.033797121099161664,-0.031181053057274255,-0.02877190038087729,-0.026552653516977998,-0.024507798015331872,-0.02262315974233875,-0.020885787891029572,-0.019283832230234665,-0.017806451629058806,-0.016443707733611035,-0.015186496107895131,-0.014026462949359164,-0.012955942607928428,-0.01196789774999818,-0.011055860642508186,-0.010213889704804302,-0.009436519456214043,-0.008718724247582799,-0.008055878613144607,-0.007443724957054698,-0.00687834342444571,-0.006356122737485315,-0.0058737368659267375,-0.005428119666155418,-0.005016445682541892,-0.00481060869073513
-0.7230755362450347,-0.6489844141460077,-0.5836493346862648,-0.5259015750827345,-0.4747355883300397,-0.42928940982030817,-0.388825128114072,-0.3527108625695874,-0.32040498816254814,-0.2914424201807986,-0.26542290549613323,-0.24200118964204265,-0.22087862624264432,-0.2017961679168323,-0.18452847535987082,-0.16887897599297652,-0.1546757060481685,-0.14176768793896954,-0.1300222188256095,-0.1193222283316775,-0.10956412555135131,-0.10065606741644917,-0.09251643793460218,-0.08507253614761456,-0.07825942953127996,-0.07201902032588414,-0.06629922294143054,-0.06105326165081415,-0.05623905975650434,-0.05181863798730646,-0.04775771316136268,-0.0440253041295291,-0.04059333683381183,-0.03743635436719295,-0.03453123978109485,-0.031856976982611585,-0.02939443206400938,-0.027126171854665593,-0.025036299670397888,-0.02311029552506838,-0.02133489565009139,-0.019697965923688443,-0.018188407783319427,-0.01679604860486794,-0.015511571021029624,-0.014326427148914078,-0.01323277442270232,-0.012223414101910635,-0.01129173091237945,-0.010431648498614443,-0.009637577989951573,-0.008904380827852165,-0.008227328064949191,-0.007602067241676558,-0.007024591498359101,-0.0064912096742375525,-0.0059985224178449315,-0.005543396186964422,-0.0051229436025757025,-0.004912717310379122
-0.7438375908642358,-0.6672678246906205,-0.5997857975863807,-0.5401772015116801,-0.487396005774241,-0.44054501491061604,-0.39885603290390037,-0.36167133751710434,-0.3284273495563461,-0.2986403723908193,-0.2718943836188181,-0.2478307638032451,-0.22613952493949707,-0.20655197831816352,-0.18883457124832415,-0.17278371774866574,-0.15822144994620757,-0.14499163057128506,-0.13295712039588015,-0.12199701838447208,-0.11200441438940612,-0.10288458344597462,-0.09455340077908936,-0.08693597507464457,-0.07996545494850515,-0.0735820580346358,-0.06773221603675772,-0.062367845303081815,-0.05744571299449053,-0.05292681245167241,-0.04877594787095152,-0.04496132628753813,-0.0414541483151476,-0.038228308485628304,-0.03526010864740137,-0.03252801097924696,-0.030012412122766285,-0.027695456047300837,-0.025560864677238726,-0.023593773064392032,-0.021780605401757747,-0.020108944609575907,-0.018567435628491502,-0.017145672481175822,-0.0158341257685235,-0.014624054397462949,-0.013507439725901627,-0.012476922412063551,-0.011525740408426799,-0.010647683316253875,-0.00983703956777049,-0.009088558351031395,-0.008397407855533778,-0.007759141340453191,-0.007169665488824251,-0.006625209770483309,-0.006122301994286872,-0.00565774166973565,-0.005228579915548259,-0.005013999038459005
-0.764693833790866,-0.6856245247610548,-0.6159774399091367,-0.5544927908491903,-0.5000838824642351,-0.45181798328906897,-0.4088962712096311,-0.3706348503073764,-0.33644788584111573,-0.3058328065593052,-0.2783575975415653,-0.25365008767053165,-0.23138879309849258,-0.21129525746138356,-0.1931276118488645,-0.17667517359104767,-0.1617539035333948,-0.1482024506582258,-0.13587919611188326,-0.12465937370398361,-0.1144327265732592,-0.10510162611332863,-0.09657942165905986,-0.08878901816423479,-0.08166163498574797,-0.07513579716461383,-0.06915644764965645,-0.06367419037254685,-0.05864463311431756,-0.05402773952530193,-0.049787399669405374,-0.0458910078924335,-0.042309039071461996,-0.039014739145923905,-0.03598382901635944,-0.033194249607233495,-0.03062592873949832,-0.028260588270150322,-0.026081569562772522,-0.024073663584358584,-0.022222983398330065,-0.020516829884709153,-0.01894359240681709,-0.017492632535791586,-0.016154209724965618,-0.014919390526202392,-0.013779981045947132,-0.012728462132445273,-0.01175792571879608,-0.010862028081475295,-0.010034935635867548,-0.009271285960541498,-0.008566144988955138,-0.007914972270670617,-0.007313588568691465,-0.00675814448742873,-0.006245095468444539,-0.005771174514781485,-0.005333371656064401,-0.0051144702267014175
-0.7856417924635384,-0.7040529067795465,-0.6322232286069429,-0.568847698646211,-0.5127988417843943,-0.46310812624405173,-0.41894578812097905,-0.3796014423109684,-0.3444667079888841,-0.3130198838353371,-0.28481274415411484,-0.25945938294324566,-0.23662666884066486,-0.2160262533927959,-0.19740785007563932,-0.18055359736121712,-0.16527331851627913,-0.1514003954174692,-0.1387886869093835,-0.12730952760720005,-0.11684928683536988,-0.10730741090094753,-0.09859470638372336,-0.09063186132472811,-0.08334815557940356,-0.07668041373349865,-0.07057208402980741,-0.06497245356694936,-0.05983596756466536,-0.05512155772293692,-0.050792198492528584,-0.046814470675458075,-0.043158123015345495,-0.039795752832629816,-0.03670250033466882,-0.03385578566087677,-0.031235068433734803,-0.02882164913519336,-0.026598489386397972,-0.02455003693319302,-0.02266209460385138,-0.020921682140917497,-0.01931693423457226,-0.0178369808908041,-0.01647187128440919,-0.01521248045234902,-0.01405044005986067,-0.012978071922447043,-0.011988322694223008,-0.011074716032286602,-0.010231297003038264,-0.009452592207614963,-0.008733565919292197,-0.008069584539009966,-0.007456383436967862,-0.006890034846604998,-0.006366922305720557,-0.005883712744298997,-0.005437335508178265,-0.0052141468901156784
-0.8066789780800576,-0.7225513637831238,-0.6485221396733643,-0.5832412929554343,-0.5255405202771568,-0.4744152673853641,-0.42900453949572537,-0.38857116384491075,-0.3524839340781405,-0.32020177074812306,-0.29126002417679153,-0.26525887380107527,-0.24185339161695296,-0.22074521452636997,-0.2016755384193747,-0.18441924183743907,-0.168779945031452,-0.1545857101035164,-0.14168583146453528,-0.12994771093674196,-0.11925431728732061,-0.10950215058030288,-0.10059945800767967,-0.09246469770377796,-0.08502519992937607,-0.07821608107055233,-0.07197928880520621,-0.06626278905321303,-0.061019861344702164,-0.05620840320848419,-0.05179047202871878,-0.04773183422666971,-0.04400151202541558,-0.04057145410328644,-0.037416220227495245,-0.034512710216265674,-0.03183991610718806,-0.029378717733603565,-0.027111697780020094,-0.02502296162102624,-0.023098002729540212,-0.021323560598323077,-0.01968751613326436,-0.018178768646341936,-0.016787157887634407,-0.015503368204599077,-0.014318857617086067,-0.013225789671049704,-0.012216966468718837,-0.011285779740246582,-0.010426153858622556,-0.009632505067984631,-0.008899696566175841,-0.008223002155993697,-0.00759807233219334,-0.007020901442382765,-0.0064878015752922735,-0.005995374013076926,-0.005540487815340889,-0.005313044716468429
-0.8278028857804376,-0.7411182893532997,-0.6648731579583789,-0.5976729540990666,-0.5383085673984,-0.4857392424070728,-0.4390724917419142,-0.39754407398076896,-0.36049968913107744,-0.32737863907427833,-0.29769964205703214,-0.27104878682815414,-0.247069202157304,-0.2254523896153282,-0.20593092893845366,-0.18827235874307569,-0.1722740316675342,-0.15775863804134982,-0.14457086623706594,-0.13257415211143542,-0.12164803747599873,-0.11168605527228426,-0.10259387689404598,-0.09428771775326084,-0.08669294856470611,-0.07974296988232599,-0.07337822304719133,-0.0675453485213584,-0.06219645706643018,-0.0572884098554427,-0.052782345777320216,-0.04864321605099864,-0.04483931600000712,-0.04134194563955251,-0.038125084547186994,-0.03516511267741329,-0.032440555087398515,-0.029931871677026933,-0.027621266986961324,-0.025492504856479137,-0.023530770268180845,-0.02172252333760394,-0.02005539205987006,-0.01851804590882633,-0.017100116048629488,-0.01579209694787309,-0.014585273762528495,-0.013471652518441957,-0.01244389147960323,-0.011495251129098882,-0.01061953578992636,-0.00981105195807519,-0.009064562329821335,-0.008375248649987732,-0.007738677045461273,-0.0071507644539758886,-0.006607751961325015,-0.0061061756188784955,-0.005642844590045826,-0.005411179075629491
-0.8490109948272195,-0.7597520775386402,-0.6812752769791031,-0.6121420744357486,-0.5511026452751278,-0.4970798988551195,-0.4491496216060087,-0.40652024035927603,-0.3685141049573204,-0.33455066571112635,-0.3041318058713838,-0.276829350941723,-0.2522743424237861,-0.23014802772681087,-0.2101742732525036,-0.19211319875619193,-0.17575582548840618,-0.1609194206607789,-0.14744402551351676,-0.13518907717663176,-0.12403066443929855,-0.11385933250676938,-0.10457816077669602,-0.09610110929297644,-0.08835157940803029,-0.08126124831692838,-0.0747690453340688,-0.06882028124687078,-0.06336589501549028,-0.0583617093058697,-0.05376794310552491,-0.049548731622821585,-0.04567164290934844,-0.042107328297018576,-0.038829187420557076,-0.03581308082115875,-0.03303706717027399,-0.030481187137665344,-0.028127267899766828,-0.02595873258222081,-0.023960458527514383,-0.022118627331315643,-0.020420614936158543,-0.018854861818482505,-0.01741079138027679,-0.016078709007318892,-0.014849727758998732,-0.01371569687675489,-0.012669131487008656,-0.011703161492926384,-0.010811471799048178,-0.009988259750683959,-0.009228188105616653,-0.008526347080715091,-0.007878218932972914,-0.0072796436571875844,-0.006726791773807861,-0.006216134512575522,-0.005744421523190546,-0.005508565028495838
-0.8703007687832542,-0.7784511227703472,-0.6977274987260218,-0.6266480581267242,-0.5639224284657773,-0.5084370958995432,-0.45923591596694013,-0.4154997390112847,-0.37652732000386546,-0.3417180325559155,-0.3105567272327159,-0.2826007973254807,-0.25746905556746746,-0.23483237821966263,-0.21440582253828833,-0.1959420115209909,-0.17922557205749978,-0.16406829753136787,-0.1503055414507415,-0.1377927098543541,-0.12640241276130393,-0.11602218728142155,-0.1065525048214111,-0.09790505757328205,-0.09000126783861084,-0.08277108202697558,-0.07615191181323588,-0.07008773415164704,-0.06452831321052788,-0.05942843102785922,-0.054747385303666185,-0.05044849443912813,-0.046498598846427264,-0.04286770115364824,-0.03952862129496637,-0.03645670084081232,-0.033629532661287875,-0.031026738887240946,-0.02862977009686407,-0.026421709509487634,-0.02438712766265283,-0.02251192847429806,-0.020783236677215378,-0.019189264575962817,-0.017719228619261784,-0.01636324589153304,-0.01511225810886696,-0.013957958450445673,-0.012892719592709767,-0.011909541513732691,-0.01100199031924376,-0.010164154790177626,-0.00939059829828004,-0.0086763200524409,-0.008016718928272049,-0.007407558435716943,-0.006844938959091884,-0.006325267307825122,-0.005845233993100329,-0.005605217335742374
-0.8916696556868509,-0.7972138197710166,-0.714228833464694,-0.6411903209013614,-0.5767676037228364,-0.5198107041112809,-0.4693313716359082,-0.4244826541848612,-0.3845394792112877,-0.34888092639072,-0.31697462120257924,-0.2883633593672963,-0.26265358588895893,-0.23950569072517247,-0.21862582752789184,-0.1997590456607634,-0.1826835154631734,-0.16720550639796272,-0.15315564411949367,-0.14038527159323522,-0.1287634946269023,-0.11817482211968322,-0.10851710168617412,-0.09969974533651449,-0.09164218675427716,-0.08427263423117726,-0.07752697626199456,-0.07134785186353909,-0.06568384746109324,-0.06048870237158166,-0.055720791639291,-0.05134261607127488,-0.04732028807646227,-0.04362316155690937,-0.04022347698308337,-0.037096057388561476,-0.034218030415669176,-0.031568600334845875,-0.029128841878258704,-0.026881499151607535,-0.024810836707582773,-0.022902481613211734,-0.021143308219055967,-0.019521301468254926,-0.018025471650240377,-0.016645748315200493,-0.015372902575183645,-0.014198472255850803,-0.013114688258433205,-0.012114421278437426,-0.011191119230802293,-0.010338762907271537,-0.009551816835560167,-0.008825189726682225,-0.00815419755408886,-0.0075345277921412546,-0.006962211110090877,-0.00643359029061763,-0.005945297074352318,-0.005701150466217442
-0.9131150882243055,-0.8160385634565959,-0.7307782995332213,-0.6557682898219808,-0.5896378697579907,-0.5312006052434848,-0.4794359951617766,-0.4334690781785966,-0.39255073387578054,-0.3560395387729498,-0.3233857062085743,-0.29411727260113985,-0.2678281788025405,-0.24416821513058018,-0.22283453850899804,-0.203564548792472,-0.1861298983451043,-0.17033128321668034,-0.15599456154817393,-0.14296698161814447,-0.1311141198759591,-0.12031743712805909,-0.11047214158039775,-0.10148535287738625,-0.0932745066320706,-0.08576606577466173,-0.07889439014701516,-0.07260077677448518,-0.06683263142420515,-0.061542648623924556,-0.05668827940974008,-0.05223120621549615,-0.04813681308506901,-0.0443738051697018,-0.04091384370646711,-0.03773123361682007,-0.034802637877366926,-0.032106843563743936,-0.029624550300164643,-0.027338163856587272,-0.025231643605723164,-0.023290340575190527,-0.02150087954551516,-0.01985101889375951,-0.018329563529349002,-0.016926256220957114,-0.015631698202098754,-0.014437272640295262,-0.013335069323638926,-0.01231783029545408,-0.011378885876403011,-0.010512109433316041,-0.009711867181549927,-0.00897297783459372,-0.008290674933788544,-0.007660570358614116,-0.007078625476162337,-0.006541119428402631,-0.006044625546248739,-0.005796378605167352
-0.9346344839000409,-0.8349237488315797,-0.7473749231353377,-0.6703814030480348,-0.6025329370096566,-0.54260669201732,-0.48954980264214853,-0.44245911118068193,-0.40056124151717665,-0.363194065931256,-0.3297902039664624,-0.2998627746532545,-0.27299308080363627,-0.24882020156536733,-0.22703220532732882,-0.20735876754274685,-0.18956496192160888,-0.1734458621914614,-0.1588225197665949,-0.14553805697965938,-0.1334544960568529,-0.12245023005261757,-0.11241781232328218,-0.10326205810225808,-0.09489839558770807,-0.0872515351880443,-0.08025430268244094,-0.0738466490973888,-0.0679747966595512,-0.06259039306192982,-0.05764996399347577,-0.05311437274198916,-0.04894827462524454,-0.045119726014970496,-0.04159980913797767,-0.03836231121828515,-0.03538343111701092,-0.03264153936718195,-0.030116961208701554,-0.02779176483877155,-0.025649605239674855,-0.023675558195725976,-0.021855999714284202,-0.020178462386710727,-0.01863154650695531,-0.017204808800728166,-0.01588868133471255,-0.014674393300566635,-0.013553894022728663,-0.012519797510734954,-0.011565317076080994,-0.010684219214192048,-0.009870772349573897,-0.009119705688940272,-0.008426170802553479,-0.0077857044071683035,-0.00719419897272644,-0.006647870379010712,-0.00614323390112137,-0.005890915662176699
-0.9562252452040187,-0.8538677708776099,-0.7640177381293212,-0.6850291095997152,-0.6154525274129474,-0.5540288679121153,-0.4996728195397582,-0.45145286111397454,-0.40857116575253816,-0.37034470866674774,-0.33618833940700643,-0.3056001051922541,-0.2781485394396821,-0.2534619003901284,-0.23121907739102276,-0.21114194756530758,-0.19298894601787353,-0.1765494758110142,-0.16163974284990168,-0.14809871260322183,-0.13578482847959705,-0.1245733963347595,-0.11435429940128472,-0.10503003658739907,-0.09651401943393978,-0.0887291987452965,-0.08160686088681146,-0.07508560692161215,-0.06911047268338244,-0.06363205700474772,-0.05860595890010867,-0.05399222174288454,-0.049754771763046435,-0.04586101651926633,-0.04228145944304096,-0.038989370465105644,-0.035960484868824416,-0.03317275728312641,-0.030606139272637556,-0.0282423622096184,-0.026064777460068633,-0.02405818634571233,-0.022208716882290425,-0.020503676640877266,-0.018931462049831538,-0.017481444516342926,-0.016143887638371268,-0.014909867300909596,-0.013771193001801407,-0.012720351323309842,-0.011750439141682278,-0.010855116623784689,-0.010028554914724985,-0.00926539419575434,-0.00856070451813018,-0.007909947859774391,-0.007308948190547504,-0.006753858499290999,-0.006241136352298504,-0.005984775278804477
-0.9778847597769325,-0.8728690244355697,-0.7807057858128053,-0.6997108691210174,-0.6283963741719445,-0.5654670469598333,-0.5098050805042975,-0.4604504434865886,-0.41658067617536876,-0.37749167225928915,-0.3425803406073946,-0.3113295058830978,-0.28329480328411094,-0.25809356218802204,-0.2353954036769057,-0.21491433355980138,-0.19640208909501577,-0.17964235488622027,-0.16444645296247895,-0.15064916133805895,-0.13810532026838906,-0.12668712916624525,-0.11628178602465233,-0.10678946163621639,-0.09812154173780563,-0.09019921052038526,-0.0829522096386981,-0.07631778626727925,-0.07023978702118683,-0.06466775986451623,-0.05955637581923412,-0.054864857578929005,-0.05055640192217048,-0.04659776755508549,-0.042958879319847654,-0.03961249024683866,-0.03653387256653762,-0.0337005656281697,-0.031092148015243737,-0.028690015007604153,-0.02647721511364942,-0.024438275957741062,-0.02255907833030424,-0.02082670553253063,-0.01922935086263955,-0.01775620111961196,-0.01639735211734994,-0.015143727090447534,-0.013986996334867108,-0.012919519600438356,-0.011934277890959244,-0.011024825577057307,-0.010185237026028027,-0.009410063865598062,-0.008694295071385305,-0.008033318298044101,-0.007422889404788968,-0.006859098853504442,-0.006338346841912035,-0.006077970836115831
-0.9996104005725481,-0.8919259040811411,-0.7974381147034171,-0.714426151642189,-0.6413642215343929,-0.5769211535438501,-0.5199466291994437,-0.46945198124818344,-0.4245899482403015,-0.38463516637886386,-0.3489664387269453,-0.317051220344875,-0.28843212191349554,-0.2627154377586427,-0.2395614327386708,-0.21867616929184042,-0.19980462828002032,-0.18272472858790856,-0.1672428704019291,-0.15318961400587305,-0.14041617241362658,-0.12879161954357787,-0.11820045318310157,-0.10854050433548146,-0.09972112387674148,-0.0916617224428018,-0.0842904917311893,-0.07754332113841134,-0.07136286525911473,-0.06569761919590356,-0.06050132466798974,-0.055732382925044455,-0.05135326092736925,-0.0473300684821254,-0.04363215203849524,-0.04023174810748209,-0.0371036663783153,-0.034225031530406014,-0.031575049845256054,-0.029134781227333484,-0.02688697207055668,-0.024815877051698187,-0.02290713048683557,-0.021147592142884974,-0.019525252908803026,-0.01802911567183152,-0.0166491091330645,-0.015376004520120112,-0.014201333539651806,-0.013117329692295954,-0.012116858661190832,-0.011193369542756848,-0.010340840418221475,-0.009553734824545579,-0.008826961096426444,-0.008155832972711607,-0.007536038583793037,-0.006963606221441765,-0.006434879048420328,-0.006170515461907389
-1.0213995260181807,-0.9110368039939676,-0.8142137803154625,-0.7291744373416265,-0.6543558245687375,-0.5883911222017968,-0.5300975181350909,-0.4784576046515854,-0.432599163152978,-0.39177540500173524,-0.3553468679472882,-0.3227654941121916,-0.29356074588759107,-0.26732777811419695,-0.24371741271676406,-0.22242769761436687,-0.20319679939636792,-0.18579682448500723,-0.1700292136430681,-0.15572027944915856,-0.1427175838235195,-0.13088705632158693,-0.12011047970062805,-0.1102833336106146,-0.1013129250936684,-0.09311688435198917,-0.08562184792521244,-0.0787623435747431,-0.07247983109422318,-0.06672175074454945,-0.06144091363758264,-0.05659489881471913,-0.052145443046747175,-0.0480580071875325,-0.044301359479050895,-0.04084722028156573,-0.03766993724075185,-0.03474622096150792,-0.03205490608698458,-0.029576717847827894,-0.02729410125086762,-0.025191038759579953,-0.023252918951408574,-0.021466378779750883,-0.01981920743083787,-0.018300224562741718,-0.01689919242168436,-0.015606730859150098,-0.01441423359290983,-0.013313808446202557,-0.01229820632248746,-0.011360771555728455,-0.010495386423219344,-0.009696426824836735,-0.008958720880505311,-0.008277508812786216,-0.007648411397549459,-0.007067395106323815,-0.006530746393953457,-0.006262422037768278
-1.0432494801722125,-0.930200117820581,-0.8310318449325083,-0.7439552163073371,-0.6673709489432911,-0.5998768974326252,-0.5402578085045073,-0.4874674511198762,-0.4406085077651545,-0.39891260633145187,-0.36172186541656437,-0.3284725746001005,-0.2986809267323798,-0.27193083447805133,-0.24786359135001046,-0.22616916049012392,-0.20657883699546353,-0.18885886858307277,-0.17280569938190826,-0.15824136457939897,-0.14500975137507144,-0.13297362626639497,-0.12201204228953433,-0.11201811628000158,-0.10289710255110496,-0.09456484405063303,-0.08694641700170092,-0.07997498370257983,-0.07359080638360993,-0.06774026849438286,-0.062375249238582064,-0.057452504683350725,-0.052933041033056405,-0.048781670125075394,-0.04496658216873062,-0.04145898172916773,-0.03823275489203137,-0.03526419876787035,-0.03253177700967225,-0.030015880860032595,-0.02769865465039878,-0.025563809349669064,-0.023596488517170222,-0.0217831069987362,-0.02011125297006533,-0.018569563528871846,-0.017147635111354198,-0.015835936811003926,-0.014625724945296348,-0.01350898222048258,-0.012478345290647397,-0.011527054228914757,-0.01064889598124008,-0.009838159255184387,-0.00908959237362783,-0.008398362434478557,-0.007760023226004442,-0.007170479742470981,-0.006625962051387546,-0.006353703205845829
-1.0651575928794887,-0.9494142385309967,-0.8478913773761576,-0.7587679882977083,-0.6804093707078263,-0.6113784335076566,-0.5504275700265948,-0.49648166511853997,-0.44861817447491514,-0.40604699272436484,-0.3680916711977966,-0.334172711072509,-0.30379291692583354,-0.27652485828542517,-0.2520002159888479,-0.22990079901535676,-0.20995097438875732,-0.19191108536305457,-0.17557254257967614,-0.16075307442489084,-0.14729286996466584,-0.13505151410772243,-0.12390531560358742,-0.11374501710841312,-0.10447381138416922,-0.09600574735695311,-0.08826433581273996,-0.08118136978439772,-0.07469591119241503,-0.06875328471374509,-0.063304436345204,-0.05830529841050147,-0.053716146163913514,-0.04950114235333647,-0.045627899318052556,-0.042067106170149415,-0.038792187904110875,-0.03577902870100402,-0.033005721856000925,-0.03045232529361286,-0.028100683365783752,-0.025934236250066967,-0.023937883192886034,-0.022097817623740745,-0.020401427385765558,-0.018837167671508226,-0.0173944697388162,-0.01606365252897035,-0.014835835535844666,-0.013702876897947469,-0.01265729953968453,-0.011692239764959922,-0.010801389651637905,-0.009978951150824145,-0.00921959319785337,-0.008518410149829236,-0.007870889167063133,-0.007272874102741689,-0.006720538951290322,-0.00644437137556686
-1.087121179924635,-0.9686775582691709,-0.8647914527708256,-0.7736122625018371,-0.6934708760772335,-0.6228956942855701,-0.5606068807928866,-0.505500398032801,-0.45662836113168126,-0.413178790619777,-0.3744565282211143,-0.3398661546138593,-0.30889696988643855,-0.2811101011861883,-0.2561275336102131,-0.23362285344452172,-0.21331344368046512,-0.19495369782047245,-0.17832995650680417,-0.1632556121783013,-0.14956713255812826,-0.13712090259048626,-0.1257904722904435,-0.11546419885947845,-0.10604320475274154,-0.09743973815595108,-0.08957573933157548,-0.08238162826749829,-0.07579526384072999,-0.06976091000057139,-0.06422857823851214,-0.05915337636115403,-0.054494848281052555,-0.050216507572962144,-0.046285388856102117,-0.042671666117430895,-0.0393483037141662,-0.03629077344704079,-0.03347679886987365,-0.03088610524300872,-0.028500237618969138,-0.026302366071524474,-0.02427714622429189,-0.02241055076695364,-0.0206897678738871,-0.019103071474040334,-0.017639728265659294,-0.016289907631223954,-0.015044592806021662,-0.01389551789896526,-0.012835092613969756,-0.011856349967551694,-0.010952887623365548,-0.010118821203284334,-0.009348740656367482,-0.008637667975111007,-0.007981024044396712,-0.007374591905784378,-0.006814489788604661,-0.006534438730010361
-1.1091375431825767,-0.9879884681973827,-0.8817311523045923,-0.7884875572992733,-0.7065552612174342,-0.6344286530312937,-0.5707958271193281,-0.5145238080500203,-0.46463927094621216,-0.42030823047438215,-0.38081668223989507,-0.3455531581041127,-0.3139933399643313,-0.28568681504979043,-0.260245790833844,-0.23733556321615445,-0.21666647580107057,-0.19798692750478075,-0.181078152786891,-0.16574917924400356,-0.1518327302403133,-0.1391819725257859,-0.12766768304325993,-0.11717582234740398,-0.10760543389256139,-0.09886695844964599,-0.09088076070170814,-0.08357588383150372,-0.0768889809495299,-0.0707632533264535,-0.06514777664865967,-0.059996833425963736,-0.05526923582859666,-0.05092784816297602,-0.04693912746488227,-0.04327273290948508,-0.03990116865515869,-0.036799494655550546,-0.03394506532343744,-0.03131727389281913,-0.028897366780906708,-0.026668244629721727,-0.024614320114921817,-0.02272134584830443,-0.020976310985130198,-0.01936730881887172,-0.01788344209406656,-0.016514731215533374,-0.015252023713396845,-0.014086930194134872,-0.013011747640097049,-0.012019406252363751,-0.011103409725214952,-0.010257787769845095,-0.009477051742270426,-0.008756151639044418,-0.008090442415009669,-0.007475646623027465,-0.0069078270291633714,-0.006623917232229104
-1.131203970767185,-1.0073453583344172,-0.8987095629863795,-0.8033934000191811,-0.719662332033284,-0.6459772922387197,-0.5809945034027697,-0.5235520600468258,-0.47265111240517577,-0.42743554670107375,-0.38717238179068136,-0.3512339761968253,-0.31908228243501036,-0.2902552519721313,-0.26435523394021665,-0.24103916697964411,-0.2200103005412979,-0.20101099455907434,-0.18381734144067075,-0.16823397528512363,-0.15408985226426974,-0.14123490284127627,-0.12953711665155687,-0.118880046487706,-0.10916064816549387,-0.1002875484063992,-0.09217953128490386,-0.08476425943496402,-0.07797717748554422,-0.07176042207976963,-0.06606213179606968,-0.060835763060551606,-0.05603939589044593,-0.05163524521621721,-0.0475891906128334,-0.04387037674192573,-0.040450847985620264,-0.03730525296758547,-0.03441057754343557,-0.03174588354248886,-0.029292119394743743,-0.027031916966904213,-0.024949446646362894,-0.023030241614341307,-0.02126109264262599,-0.01962991300391348,-0.0181256420821585,-0.016738151873525453,-0.015458154744929509,-0.014277138316716176,-0.013187287338309872,-0.012181429657780463,-0.01125297543572934,-0.010395868882753234,-0.00960454314713921,-0.008873876590658192,-0.00819915857662501,-0.0075760514855538474,-0.007000562916030795,-0.006712818631269268
-1.1533177371777903,-1.0267466173880724,-0.9157257773990057,-0.8183293266989322,-0.7327919039586206,-0.657541603457128,-0.5912030119819134,-0.5325853254811319,-0.48066409919039543,-0.4345609776119286,-0.3935238781566541,-0.35690886530032273,-0.324164053495557,-0.29481566428432693,-0.26845610888974747,-0.2447339026230777,-0.2233451465867642,-0.20402611776001223,-0.1865477309299246,-0.17071019827030742,-0.15633868609985502,-0.1432798706309235,-0.13139894005138597,-0.12057702834722406,-0.11070899510891241,-0.10170164640926682,-0.09347218070825836,-0.08594687636091614,-0.07905996680517724,-0.07275252210780181,-0.06697174243172732,-0.061670257323918065,-0.056805414226728246,-0.0523387785738727,-0.04823565258751383,-0.04446466669836724,-0.04099740591876788,-0.03780810804295598,-0.03487339093685815,-0.03217198563037371,-0.029684543198347235,-0.027393427372968127,-0.02528256689795061,-0.02333727615664749,-0.02154414815909611,-0.019890916758575905,-0.018366358558896678,-0.016960197704589675,-0.015663011929887283,-0.014466166374584866,-0.013361734033736639,-0.012342440855253045,-0.01140160389283551,-0.010533082258210591,-0.009731231269323182,-0.008990858007065228,-0.008307186574807446,-0.007675819490704505,-0.007092709475640113,-0.006801154468110138
-1.175476103443005,-1.046190632581414,-0.9327788934487025,-0.8332948818420194,-0.7459438017482389,-0.6691215871212375,-0.6014214630028691,-0.5416237822888581,-0.4886784501026131,-0.4416847653652667,-0.3998714253347124,-0.36257808356193966,-0.32923891026320984,-0.2993683045635098,-0.2725486613435546,-0.24842000730201264,-0.22667124155318685,-0.20703251455798544,-0.1892695282013701,-0.1731780445202613,-0.15857941748202986,-0.14531705120413463,-0.13325331837477972,-0.12226692319329935,-0.11225062048414891,-0.10310938910346401,-0.09475883691039133,-0.08712385426153713,-0.08013746069748695,-0.07373965775792524,-0.06787670587657946,-0.06250040691588854,-0.05756737530939304,-0.05303852685921928,-0.048878586527481005,-0.045055670780502766,-0.04154090565073432,-0.03830811858689831,-0.0353335600159399,-0.03259563075715288,-0.030074685146237456,-0.027752819406008378,-0.02561372126592243,-0.02364248692975135,-0.02182551225355489,-0.020150352259333815,-0.01860562133861876,-0.017180896329360706,-0.015866620852427182,-0.01465403806200527,-0.01353510966724869,-0.012502460159420359,-0.011549313903245206,-0.010669445305038217,-0.00985713222206197,-0.009107110800936624,-0.008414540209944477,-0.007774963408544444,-0.007184278523797438,-0.006888936081423935
-1.19767631726309,-1.065675789473426,-0.949868014110713,-0.848289618175424,-0.7591178592718606,-0.6807172523848948,-0.6116499742889348,-0.5506676147851763,-0.49669438898966245,-0.4488071559166995,-0.40621528000607476,-0.3682418908549856,-0.33430711077632846,-0.30391342564525914,-0.2766331366853647,-0.2520977174691641,-0.22998881202209276,-0.210030401117538,-0.19198293873053718,-0.17563770875399953,-0.1608122304585935,-0.14734661813438965,-0.1351004149984547,-0.12394988454218048,-0.11378566832419335,-0.10451091144292768,-0.09603962618669915,-0.08829531120186918,-0.0812097694262448,-0.07472193191796705,-0.06877711805995279,-0.06332630121376859,-0.05832536235699681,-0.05373456751054828,-0.04951806445338214,-0.045643455937409705,-0.04208140938826155,-0.03880534237600042,-0.03579113842248738,-0.03301686870870402,-0.030462591430975294,-0.02811013591228484,-0.02594294948214948,-0.023945910768574663,-0.022105219067585224,-0.02040825114490996,-0.018843459735142787,-0.017400274902903412,-0.016069006663839147,-0.014840776670905775,-0.01370743580602074,-0.012661507537905514,-0.01169612395158115,-0.010804975133171801,-0.009982261841301465,-0.009222649627806945,-0.00852123304401875,-0.00787349578811991,-0.007275281671490497,-0.00697617461317579
-1.2199156131498157,-1.0852004717737085,-0.9669922471710368,-0.8633130964062374,-0.772313919309866,-0.6923286169581777,-0.6218886712148475,-0.5597170135702934,-0.5047121446788472,-0.4559283989741747,-0.41255570151021104,-0.3739005487687441,-0.3393689139976974,-0.30845128063794025,-0.2807097800449432,-0.2557672689049184,-0.2332980835771492,-0.2130199923579834,-0.19468816656557753,-0.17808938413487851,-0.16303730743762124,-0.1493687433071944,-0.1369403915919376,-0.12562606420669198,-0.11531428098052743,-0.10590634673610211,-0.0973146732336927,-0.08946136370266089,-0.08227700177112496,-0.07569944605554824,-0.06967307355722596,-0.06414802830811528,-0.05907945736863596,-0.054426976813282124,-0.050154157298316626,-0.04622808809420231,-0.04261897837555484,-0.03929983628351952,-0.036246178951664376,-0.03343574847830322,-0.030848307503981154,-0.028465419045700102,-0.02627029063230424,-0.024247583905410153,-0.022383302181188114,-0.020664644531014353,-0.019079902575520613,-0.017618360127493737,-0.01627019409443431,-0.015026405102043228,-0.01387873365382486,-0.012819602620917081,-0.01184205220923662,-0.010939688561908412,-0.01010663569340764,-0.009337488893157442,-0.008627278407153938,-0.007971428963609029,-0.007365730330546327,-0.007062881014017197
-1.2421912125642365,-1.1047630611515835,-0.9841507049644793,-0.8783648849774917,-0.7855318333510342,-0.7039557069479718,-0.632137686585077,-0.5687721754396202,-0.5127319509137429,-0.4630487479566936,-0.4188929518221407,-0.37955432060113203,-0.344424579819953,-0.31298212293874084,-0.28477883632261225,-0.2594288967488634,-0.23659928084090787,-0.2160015019942696,-0.1973854143710252,-0.18053326231638245,-0.16525482923435586,-0.1513835969676247,-0.1387734081649672,-0.12729561234316566,-0.11683659916918998,-0.10729582669081417,-0.09858410119259808,-0.09062212678237813,-0.0833392650680409,-0.07667230025675931,-0.07056466562660013,-0.06496567503772699,-0.059829741157129135,-0.055115829931398075,-0.050786934937465666,-0.04680963217991163,-0.04315367292062611,-0.039791656304042355,-0.03669873357512454,-0.03385231828835433,-0.0312318780958476,-0.02881871028680205,-0.02659578317358413,-0.024547541986450483,-0.022659794628188124,-0.02091956302475939,-0.019314978213431644,-0.017835178265088736,-0.016470207465144604,-0.01521094587573213,-0.014049024061049131,-0.012976764710521671,-0.011987116543035192,-0.011073602127931181,-0.010230269082542875,-0.00945164275935273,-0.008732689404085114,-0.008068775060197098,-0.007455635719124665,-0.007149066048586228
-1.2645003240529462,-1.1243619370393532,-1.0013425041088198,-0.8934445598234131,-0.7987714613917252,-0.7155985567018153,-0.6423971605163059,-0.5778333032982585,-0.5207540462949067,-0.47016845995692336,-0.4252272955329328,-0.3852034713540986,-0.3494743690732971,-0.31750620625135895,-0.2888405502151281,-0.26308283553202916,-0.23989262751213491,-0.21897514257802175,-0.20007488347162372,-0.18296953348762468,-0.1674649751178281,-0.15339134776721775,-0.1405996231143325,-0.12895867749766587,-0.11835276201610068,-0.10867948145839801,-0.09984803169202472,-0.09177771399835777,-0.08439666524862055,-0.0776405932638724,-0.07145198624509241,-0.06577932702384715,-0.06057629338144466,-0.055801200938025985,-0.05141646621703799,-0.047388152154779206,-0.04368555242086902,-0.04028085757758593,-0.03714885346357111,-0.03426662561150984,-0.0316133472361102,-0.02917005046125798,-0.026919464951995487,-0.02484582008791314,-0.022934728911296887,-0.021173036738599826,-0.019548714542239054,-0.01805075514943244,-0.01666907069882484,-0.015394421142351788,-0.01421832753445873,-0.013133012789721121,-0.01213133452363735,-0.011206732093098637,-0.010353177057953467,-0.009565125152324327,-0.008837478920313835,-0.008165545999911927,-0.0075450088671003,-0.007234740300692266
-1.286840143381811,-1.143995476430053,-1.0185667652351427,-0.9085517041236635,-0.8120326717370574,-0.7272572086550877,-0.6526672403239209,-0.5869006060796789,-0.5287786742248723,-0.4772877957073973,-0.4315589998333724,-0.3908482677316494,-0.3545185435352671,-0.3220237846053786,-0.2928951662427126,-0.2667293192099951,-0.24317834640356306,-0.2219411255388204,-0.20275677389596236,-0.18539838641871587,-0.16966792285701082,-0.15539216281044155,-0.14241919327000918,-0.13061540665154414,-0.1198629071016244,-0.11005743967706927,-0.10110658488993618,-0.0929282374871887,-0.08544930687895747,-0.07860442251232502,-0.07233512614375659,-0.06658906870361303,-0.06131919257838181,-0.05648316284548205,-0.05204281898250063,-0.04796371103686248,-0.04421467538811452,-0.04076749441305427,-0.037596589008814796,-0.034678717191325426,-0.0319927582725521,-0.029519479757902367,-0.027241373219188958,-0.025142452731792275,-0.023208137016705876,-0.021425095304064,-0.019781139007650772,-0.01826511619793081,-0.01686680733122614,-0.015576852692560372,-0.014386664246694991,-0.013288365531254342,-0.012274723433716161,-0.011339094452065268,-0.010475374421008432,-0.009677949768125416,-0.008941659628236565,-0.008261753507228242,-0.0076338606212589255,-0.007319914178276488
-1.3092078536682195,-1.163662053669583,-1.0358226127145453,-0.923685908056795,-0.8253153408033764,-0.738931713181219,-0.6629480804124954,-0.5959742986686178,-0.5368060828568799,-0.48440701955028587,-0.4378883345008111,-0.3964889781404901,-0.3595573659426199,-0.32653511237723976,-0.29694292877725736,-0.2703685811968004,-0.24645665948017648,-0.22489966122565708,-0.20543128442023662,-0.18782000850581682,-0.17186384876662686,-0.15738620770062717,-0.14423227394084748,-0.1322659452663144,-0.121367170504465,-0.11142982851450878,-0.10235987951479952,-0.09407380800429799,-0.08649729319751387,-0.0795638841669799,-0.07321417484219328,-0.06739498336276739,-0.062058516193546076,-0.05716178763445434,-0.052666060106223433,-0.04853637092799623,-0.04474109947305127,-0.04125162031119789,-0.03804198984523666,-0.03508863906234616,-0.032370153890037834,-0.029867037746291736,-0.027561544648886382,-0.02543747390109985,-0.023480050428408283,-0.021675767884965502,-0.020012278620145096,-0.01847828642313143,-0.017063440521707385,-0.01575826196726915,-0.01455405404548582,-0.01344284130621265,-0.012417300275968657,-0.01147070493966229,-0.010596875732069577,-0.00979013007932572,-0.009045243993033303,-0.008357409114507774,-0.007722201650377514,-0.007404597918316824
-1.3316006255113333,-1.1833600402432776,-1.0531091743807242,-0.938846768552839,-0.8386193529224562,-0.7506221284451353,-0.6732398421699903,-0.6050546018279457,-0.5448365250476783,-0.49152639941071996,-0.44421557188893956,-0.4021258726931798,-0.3645911000052582,-0.3310404443127224,-0.3009840820717269,-0.27400085439967636,-0.2497277878979265,-0.22785095894858554,-0.20809861261187557,-0.1902345858160448,-0.17405292775259706,-0.15937364658542563,-0.14603901895953175,-0.13391043732792873,-0.12286568684479526,-0.1127967737097757,-0.10360803290601073,-0.09521453496280863,-0.08754072615231756,-0.08051907315756335,-0.07408922068220747,-0.06819715316769948,-0.06279434061167155,-0.05783714628271319,-0.05328625551442201,-0.04910619303922559,-0.04526488148907326,-0.04173328798697806,-0.03848510487077572,-0.03549643656977963,-0.03274557612884088,-0.0302127633939131,-0.02788001535284579,-0.02573091705484476,-0.02375050014210789,-0.021925083190428296,-0.02024215996699663,-0.018690290443945656,-0.017258993063702377,-0.015938670067323635,-0.014720516462727318,-0.01359645819239752,-0.012559081780842973,-0.01160157903813186,-0.010717695317206122,-0.009901679341179914,-0.009148244278396334,-0.00845252416740383,-0.007810042450175914,-0.007488801591564176
-1.3540156171205897,-1.203087804557006,-1.0704255812488483,-0.9540338890447231,-0.851944600147041,-0.7623285202595698,-0.6835426938658973,-0.6141417421295436,-0.5528702583140621,-0.4986462067735875,-0.45054098692064226,-0.4077592232137883,-0.369620010422107,-0.335540035551114,-0.3050188702906187,-0.2776263712544713,-0.25299195204293135,-0.23079522702060817,-0.2107589548732003,-0.19264230313215336,-0.17623533335715091,-0.16135464220184303,-0.14783958072709602,-0.13554902539039126,-0.12435858932683619,-0.11415839961446572,-0.10485116105364067,-0.09635052647166464,-0.08857970643745272,-0.08147008321344629,-0.07496035086097308,-0.06899565919677109,-0.06352674118625057,-0.05850930879303551,-0.05390347021356767,-0.04967323771558174,-0.045786077435590045,-0.04221254939143382,-0.03892598226741928,-0.03590215438863176,-0.033119066402580444,-0.030556695082850638,-0.028196820896555508,-0.026022815142590083,-0.024019516678759345,-0.022173069487494423,-0.020470809224071296,-0.018901152496617613,-0.01745348739484509,-0.01611809776296269,-0.01488607072320125,-0.013749233982460751,-0.012700084414145607,-0.011731731984139238,-0.010837847274656198,-0.010012610597711635,-0.009250672552187922,-0.00854710983000384,-0.007897393348121895,-0.007572535107176481
-1.3764499744423198,-1.2228437117128976,-1.0877709672306057,-0.9692468792188258,-0.8652909820577204,-0.7740509619444058,-0.6938568105529663,-0.6232359518891073,-0.5609075447931522,-0.5057667166636381,-0.45686485708371194,-0.4133893032459657,-0.37464436289900593,-0.3400341416507269,-0.30904753754164016,-0.28124536376188836,-0.25624937157111116,-0.2337326727997313,-0.21341250648506893,-0.19504334399703893,-0.17841123780357737,-0.1633293559207516,-0.14963411025692874,-0.13718185061880384,-0.12584600978068128,-0.11551482923327416,-0.10608937863742618,-0.09748188937309443,-0.0896143335288091,-0.08241700689774589,-0.07582765146334047,-0.0697905814709765,-0.06425579226856826,-0.05917834422058732,-0.05451776831613575,-0.05023756446033367,-0.046304742520790754,-0.04268945573302929,-0.03936466952118689,-0.03630583654243402,-0.033490665515727436,-0.030898870626177022,-0.028511996314404264,-0.026313200618659494,-0.024287130097850884,-0.022419754613443033,-0.020698252167288267,-0.019110896445360126,-0.017646945606939468,-0.0162965655030467,-0.015050735753172617,-0.013901186191893622,-0.012840324384373325,-0.011861178775638415,-0.010957345481217295,-0.010122936687553263,-0.00935254069184932,-0.00864117708993195,-0.007984264508134054,-0.007655808217237325
-1.3989008312849815,-1.2426261232795621,-1.105144468845145,-0.9844853547642707,-0.8786584055711533,-0.7857895341887078,-0.7041823739725483,-0.6323374691047157,-0.5689486512064112,-0.5128882076289898,-0.46318746242950404,-0.419016388063409,-0.37966442416849766,-0.3445230186159831,-0.3130703279083846,-0.2848580635244602,-0.2595002654483025,-0.2366635027312114,-0.2160594616504774,-0.19743789075802542,-0.18058081204070042,-0.16529794779107654,-0.1514227572181559,-0.13880905283184752,-0.12732807870358354,-0.11686618426384854,-0.10732279906515707,-0.09860872927932807,-0.0906447057192139,-0.08335993564073885,-0.07669120749357994,-0.07058199898406059,-0.06498156723606208,-0.05984432069976453,-0.055129213065852056,-0.05079923195872027,-0.04682093118391073,-0.04316405749852592,-0.03980121344165699,-0.03670752642149999,-0.033860413680644186,-0.031239327283865137,-0.028825576124580365,-0.02660210545599284,-0.024553370010287345,-0.022665165987847402,-0.020924514183788823,-0.019319545792790827,-0.017839389455605037,-0.01647409342402817,-0.015214530188734088,-0.014052332066740725,-0.012979817649991787,-0.0119899341785068,-0.011076203598463508,-0.010232670249745723,-0.009453860389760926,-0.008734736763216233,-0.008070665935138166,-0.007738630521101353
-1.4213653094425105,-1.2624333970570323,-1.1225452249261902,-0.9997489371210833,-0.8920467847494162,-0.7975443249156244,-0.7145195724634945,-0.6414465373992151,-0.5769938488271453,-0.5200109617278725,-0.4695090855743267,-0.42464075468271023,-0.38468046201145967,-0.34900692292597846,-0.3170874854840644,-0.2884647017842745,-0.2627448519907638,-0.23958792239004545,-0.21870001353820445,-0.1998261246110733,-0.18274422578702154,-0.16726057658350335,-0.15320566997862883,-0.1404307705436958,-0.12880492530063847,-0.1182125851360416,-0.10855153451040156,-0.0997311506087506,-0.09167092015287537,-0.08429895977261737,-0.07755110290652123,-0.0713699897318687,-0.06570413852018842,-0.06050730547031424,-0.0557378668623576,-0.05135829810110071,-0.04733469711696969,-0.0436364044733617,-0.040235660181098254,-0.03710726680081322,-0.03422835053428663,-0.03157810177835785,-0.029137594343611184,-0.026889561159686437,-0.02481826559101119,-0.022909330624281132,-0.021149620282887582,-0.019527123690079584,-0.018030840369704926,-0.01665070135874469,-0.015377472383937274,-0.014202688591176127,-0.013118579926350016,-0.012118012733104422,-0.011194435078709652,-0.010341823729294042,-0.009554643158402598,-0.008827799499204758,-0.00815660747954805,-0.007821011469717476
-1.4438405188161862,-1.2822638868363612,-1.1399723763251135,-1.0150372532269447,-0.9054560406103818,-0.8093154291498905,-0.7248686008744931,-0.650563405966218,-0.5850434134517446,-0.5271352645185479,-0.47583001170369954,-0.4302626818784594,-0.38969274528071196,-0.35348611156439613,-0.3210992544064606,-0.2920655094614055,-0.2659833489062047,-0.24250613652362585,-0.22133435432644344,-0.2022082256446911,-0.1849016475745957,-0.16921739983381645,-0.15498299564744578,-0.14204714100541693,-0.13027667752484096,-0.1195541510505782,-0.10977569594958325,-0.10084925662135369,-0.09269307285922235,-0.08523416855569899,-0.07840742063797812,-0.07215463074129236,-0.06642357763358753,-0.06116736490311414,-0.056343791285349276,-0.051914820005678486,-0.04784609328608802,-0.04410654576159967,-0.04066805525307693,-0.03750509985743111,-0.034594515154506844,-0.031915230309791376,-0.02944808450052072,-0.02717559878024023,-0.025081845591312657,-0.023152275141802292,-0.021373595106704002,-0.019733652946842817,-0.01822131946058292,-0.01682640884494102,-0.015539580418764132,-0.014352272494884133,-0.013256626692599305,-0.012245428760588872,-0.011312053170997594,-0.010450409382642967,-0.00965490033545624,-0.008920375785139711,-0.008242098841590995,-0.007902960369816636
-1.4663235575350075,-1.3021159421539252,-1.1574250656100293,-1.0303499352627554,-0.9188861009393001,-0.8211029488878463,-0.7352296604797726,-0.6596883295197564,-0.593097625374206,-0.5342614050524563,-0.4821505285792904,-0.4358824502006975,-0.39470154392631684,-0.35796084205095724,-0.32510587889370335,-0.29566071719304254,-0.26921597333521063,-0.2454183490946127,-0.22396267524642077,-0.20458437288387366,-0.187053244792601,-0.17116857388586926,-0.15675488011693162,-0.14365830024582582,-0.1317434621166491,-0.12089100001711373,-0.1109953931985519,-0.10196314945368101,-0.09371125878612663,-0.08616565021596134,-0.07926024263474218,-0.0729359980984734,-0.06713995519684879,-0.06182456452519691,-0.056947047118240945,-0.05246885404066148,-0.04835517195223904,-0.04457452980541454,-0.04109844355072223,-0.037901067187555704,-0.03495894607594696,-0.0322507485708412,-0.029757079650685192,-0.027460248926391984,-0.025344138350851253,-0.023394025776100058,-0.02159646294059847,-0.019939156040829076,-0.018410847531034058,-0.01700123513365348,-0.01570087210684079,-0.014501100260235766,-0.013393973198341236,-0.012372196369128119,-0.01142907092672285,-0.01055843928301936,-0.009754643088699666,-0.009012475950829213,-0.008327149575571013,-0.007984486387937473
-1.4888115120744683,-1.3219879080405583,-1.174902436760572,-1.0456866203965287,-0.9323369001009851,-0.8329069929700506,-0.745602958898135,-0.6688215682474974,-0.6011567693642617,-0.5413896758704562,-0.48847092654856095,-0.44150034199454957,-0.3997071290227927,-0.3624313724741812,-0.3291076032812601,-0.29925055537344036,-0.2724429418931029,-0.24832476332406372,-0.22658516662612982,-0.20695474433376937,-0.1891991837307172,-0.1731142539341901,-0.15852146810431567,-0.14526438311190493,-0.13320540464299757,-0.12222324889176406,-0.11221073494844358,-0.10307293015306751,-0.09472557183259678,-0.08709349197405736,-0.08010964988389269,-0.07371416697658617,-0.06785334096461426,-0.06247896904448602,-0.05754769437128271,-0.053020455846004566,-0.04886198469168157,-0.04504040440417967,-0.041526869364592045,-0.0382952098232181,-0.03532168130564006,-0.03258469176124823,-0.030064612389386625,-0.027743541777822678,-0.02560517180937527,-0.023634608390481482,-0.021818247723284223,-0.020143655127364823,-0.018599445084088728,-0.01717519919734567,-0.01586136500302704,-0.014649188129332025,-0.013530634470155789,-0.012498329459926794,-0.01154550120535447,-0.0106659253256014,-0.009853882420851612,-0.009104110173070445,-0.008411769093981114,-0.008065598554432007
-1.5113014573743122,-1.3418781247653477,-1.192403634858774,-1.0610469505258457,-0.9458083788531102,-0.8447276769561407,-0.7559887100151208,-0.6779633877673419,-0.6092211346487675,-0.5485203730020682,-0.4947914985570856,-0.447116641422145,-0.40470977279803755,-0.3668979615255452,-0.3331046720598696,-0.30283525419445567,-0.2756644707122913,-0.2512255817347242,-0.22920201793395822,-0.2093195170232942,-0.19133962962219808,-0.17505459406627732,-0.1602829031928854,-0.14686552330873237,-0.13466262953581332,-0.1235510134140716,-0.11342182880112794,-0.10417869871146124,-0.09573610488081474,-0.08801778007572647,-0.08095572244159577,-0.07448921166303801,-0.06856380385123817,-0.0631306423738387,-0.058145792304258315,-0.053569680354708105,-0.04936658241588621,-0.045504216733127656,-0.04195337640010344,-0.03868756824855435,-0.035682758338198006,-0.03291709460202075,-0.0303707148650334,-0.02802550709740892,-0.02586497351823258,-0.0238740484864719,-0.02203897305680158,-0.020347172048582607,-0.018787132331579137,-0.017348319737853224,-0.01602107641082373,-0.014796552110860617,-0.013666625317934056,-0.012623841733168106,-0.011661356679848467,-0.010772879232607835,-0.009952629174265759,-0.009195288479997288,-0.008495966671571153,-0.008146305767360307
-1.5337904569543959,-1.361784927574421,-1.2099278057756457,-1.0764305720186584,-0.959300484159904,-0.8565651230021132,-0.7663871339083839,-0.6871140590875946,-0.6172910148964617,-0.5556537959678698,-0.5011125401634686,-0.4527316344866472,-0.4097097486641399,-0.37136086853506,-0.3370973299145419,-0.3064150436868873,-0.27888077548503976,-0.2541210061946053,-0.23181341782252396,-0.21167886704863914,-0.19347474668674813,-0.17698974730454342,-0.16203932787279385,-0.1484618534389437,-0.13611526013000752,-0.12487440824349161,-0.11462878130403364,-0.10528055409856574,-0.09674294982773723,-0.08893859982177066,-0.08179853946142845,-0.07526120558615457,-0.06927141195595787,-0.06377964765476474,-0.05874139944871626,-0.054116581813623554,-0.04986901539104416,-0.045966013361620206,-0.04237800779459455,-0.03907818241579264,-0.036042214170741715,-0.0332479913492989,-0.030675418792109888,-0.028306174243297733,-0.02612357065156612,-0.024112371214299877,-0.022258662216194658,-0.020549728342409423,-0.01897392920252816,-0.017520615194199785,-0.016180023389567033,-0.014943207986792828,-0.013801960341153219,-0.012748746693724833,-0.011776649841994669,-0.01087931255825847,-0.01005089403554038,-0.009286020755361335,-0.008579751449251383,-0.008226616796196407
-1.5562755630298142,-1.3817066464244832,-1.2274740958534025,-1.0918371354521916,-0.9728131690066544,-0.868419459739771,-0.7767984567761532,-0.6962738585703132,-0.6253667082060232,-0.5627902477847435,-0.5074343495568723,-0.4583456090585303,-0.41470733124975734,-0.3758203535081872,-0.34108582176449964,-0.3099901537624916,-0.2820920715067121,-0.25701123796074477,-0.23441955417243587,-0.21403296961667984,-0.19560469817321735,-0.17891986564796625,-0.1637908835815205,-0.15005350504178505,-0.13756341870105881,-0.12619354699536345,-0.11583169798451642,-0.1063785942946005,-0.09774619761612868,-0.08985603559737765,-0.08263817922216088,-0.07603022134139881,-0.06997623258757635,-0.06442604728061685,-0.05933457362972128,-0.05466121380393485,-0.05036933325718973,-0.046425840271053787,-0.04280080613408899,-0.03946709176086305,-0.036400085317431774,-0.03357741580798823,-0.03097875546380191,-0.02858557218071489,-0.026380990017260686,-0.02434960138309794,-0.022477338158997107,-0.020751345251435183,-0.019159855351293942,-0.017692103750155397,-0.016338222761471677,-0.015089171318924954,-0.013936653934893961,-0.012873057656830333,-0.011891393007656959,-0.010985236693596967,-0.010148687539972556,-0.00937631674267525,-0.008663132437978227,-0.008306540285629715
-1.578753816624472,-1.4016416057112302,-1.2450416515834295,-1.1072662953501045,-0.9863463922147098,-0.8802908221582006,-0.7872229108686168,-0.705443067898095,-0.6334485170973014,-0.5699300349741554,-0.5137572275771385,-0.4639588549039475,-0.4197027964343958,-0.38027667716408864,-0.345070392804252,-0.31356081425675253,-0.2852985737194791,-0.2598964777232693,-0.23702061413620967,-0.216381999088342,-0.19772964640204727,-0.1808451001134781,-0.16553771074394152,-0.15164060863178008,-0.13900722650212138,-0.12750854227639774,-0.11703068338372091,-0.10747291632245304,-0.09874593826511013,-0.09077017090109774,-0.08347471915501004,-0.07679633071712377,-0.07067833228863396,-0.06506990291932802,-0.059925371987250564,-0.05520362926111577,-0.05086758504698974,-0.04688374287237895,-0.0432218134696738,-0.039854335218660886,-0.0367564078237681,-0.033905401344989095,-0.03128075576444456,-0.028863729493440182,-0.02663725806771655,-0.024585763470841293,-0.0226950235345047,-0.02095204373145254,-0.019344930165630103,-0.017862803341688327,-0.016495691118580957,-0.015234457455268746,-0.01407072029578682,-0.012996787753567496,-0.012005598321866984,-0.011090662871247048,-0.010246020075950213,-0.009466186049285064,-0.0087461185225024,-0.008386084759111068
-1.6012222476835891,-1.4215881239927874,-1.2626296192797337,-1.1227177099176533,-0.9999001182565781,-0.8921793514874832,-0.7976607344222852,-0.7146219740440607,-0.6415367485058265,-0.5770734675733724,-0.5200814777373797,-0.4695716637152536,-0.4246964213843585,-0.3847301009752657,-0.349051288545561,-0.31712725497231364,-0.28850049675646083,-0.26277692564971034,-0.23961678418222387,-0.21872612902183342,-0.19984975280761486,-0.18276560077707504,-0.16727994881206243,-0.1532232937369704,-0.14044680380068897,-0.12881950571977274,-0.11822584108995393,-0.10856361627944455,-0.09974226090021077,-0.09168108837324773,-0.08430823587055158,-0.07755960471983236,-0.07137777685927382,-0.06571127553579803,-0.06051385099714146,-0.05574388049458534,-0.05136381920407551,-0.04733976602328216,-0.043641071333495596,-0.04023995123807467,-0.037111217280516584,-0.03423198090226176,-0.03158145018157921,-0.029140674395145005,-0.026892400910303316,-0.02482088163413554,-0.02291174069284363,-0.02115184445995677,-0.019529172774457315,-0.018032731664234802,-0.01665244482943251,-0.015379081536326389,-0.014204173427851963,-0.013119949936237774,-0.012119277763793512,-0.011195602169991048,-0.010342901889259792,-0.009555638150318124,-0.008828718465037078,-0.008465258622396554
-1.623677875185301,-1.441544513707953,-1.2802371447480798,-1.138191040774652,-1.0134743170717098,-0.9040851950840612,-0.8081121715971307,-0.7238108692450052,-0.6496317137803187,-0.5842208591494558,-0.5264074062491453,-0.47518432914367636,-0.4296884845903648,-0.38918088720851785,-0.35302875486050045,-0.3206897057231872,-0.29169805498638457,-0.2656527814295151,-0.2422082501388001,-0.2210655322159072,-0.20196517798035885,-0.18468151681467315,-0.16901773630448869,-0.154801688936832,-0.14188226991490804,-0.1301265480197067,-0.11941727377165368,-0.10965078936858053,-0.1007352537830064,-0.0925888698238797,-0.08513880518506323,-0.07832011359905966,-0.07207463138055648,-0.0663502254137871,-0.06110006649162614,-0.05628201920701681,-0.05185808360107291,-0.04779395404502562,-0.04405862075456124,-0.040623977796596655,-0.03746454883741368,-0.03455718700955401,-0.03188086881783292,-0.029416434740410224,-0.027146444317645013,-0.025054979717760162,-0.0231275116938523,-0.021350767844339202,-0.019712602055554918,-0.01820190617976003,-0.016808500045715213,-0.01552305850119673,-0.014337027148085824,-0.01324255698365473,-0.012232443151640737,-0.011300065519339597,-0.010439343087247366,-0.00964468239255556,-0.008910940908855025,-0.008544070167004758
-1.646117707250978,-1.4615090808895115,-1.297863372950312,-1.1536859526862475,-1.0270689638820052,-0.91600850631818,-0.8185774724166661,-0.733010050977696,-0.6577337286835094,-0.5913725268162473,-0.5327353220501285,-0.48079714683399555,-0.4346792659069454,-0.393629298967233,-0.3570030380255318,-0.3242483963796561,-0.29489146255875287,-0.2685242443189573,-0.24479519723837662,-0.2234003807531071,-0.20407608170879055,-0.18659299654276484,-0.17075121084551004,-0.156375921899774,-0.14331374324943358,-0.13142977896571484,-0.12060508320991037,-0.11073452992941046,-0.10172500434028287,-0.09349359626038112,-0.08596650214651724,-0.0790779268717845,-0.07276896023740598,-0.06698681217748526,-0.061684073679586504,-0.05681809651316705,-0.05235042555728597,-0.048246350738958554,-0.04447450227407668,-0.041006452414751315,-0.037816437216586785,-0.03488105179688006,-0.03217904140258021,-0.029691038035526418,-0.027399413737687617,-0.025288081264012163,-0.023342358315763256,-0.02154883402995189,-0.0198952366430305,-0.01837034412378813,-0.016963872708681826,-0.015666403093539394,-0.014469295092114365,-0.01336462150623774,-0.012345106147422236,-0.011404063703897016,-0.010535353642908696,-0.009733327998269203,-0.008992794381823543,-0.008622527573596273
-1.6685387412548636,-1.4814801248725917,-1.3155074476642348,-1.1692021132913588,-1.04068403900758,-0.9279494444629321,-0.829056892710458,-0.7422198219382814,-0.6658431133958276,-0.5985287912540915,-0.5390655368341646,-0.4864104144614201,-0.43966904659352046,-0.3980756002350727,-0.3609743847665081,-0.32780355691396146,-0.2980809334494028,-0.2713915131862388,-0.24737781016182847,-0.22573084604290639,-0.20618262302141144,-0.18850018745883546,-0.17248050920402935,-0.15794611942042458,-0.14474134133099614,-0.13272930747642686,-0.12178937033056947,-0.1118149314684036,-0.10271159919280404,-0.0943953479145554,-0.08679140106010674,-0.07983311334646803,-0.07346082714123625,-0.0676210948126732,-0.0622659271663073,-0.057352162958470565,-0.05284089185602525,-0.04869699940273531,-0.044888755960634796,-0.041387412170177384,-0.03816691672563266,-0.03520360700676406,-0.03247599730329398,-0.029964511449129816,-0.027651334303531172,-0.025520209521876502,-0.02355630206368975,-0.02174606290807013,-0.0200770949346607,-0.0185380625121212,-0.01711857855547283,-0.015809129867467853,-0.014600990719544349,-0.013486155951079049,-0.012457278261575055,-0.011507607367735595,-0.010630943398912684,-0.009821584068894218,-0.00907428729978843,-0.008700638915237757
-1.6909379639325373,-1.5014559379977666,-1.3331685111385116,-1.1847391928286566,-1.0543195276825479,-0.9399081745849625,-0.8395506940595698,-0.7514404900246685,-0.6739601925222605,-0.6056899767324309,-0.5453983650840266,-0.4920244317704725,-0.44465810935716554,-0.40252005592094076,-0.36494304230484165,-0.33135541744667485,-0.3012666815067089,-0.27425478655695557,-0.2499562730828897,-0.22805709886496217,-0.20828496022847975,-0.19040323628163325,-0.17420576733210513,-0.1595124074564902,-0.14616518084357377,-0.13402524163301344,-0.12297023523597073,-0.11289208668904038,-0.1036951241836448,-0.09529420426937385,-0.08761357551346105,-0.08058574114671924,-0.07415029515209781,-0.06825313168752345,-0.06284568097301602,-0.05788426853724715,-0.05332952876166974,-0.049145942846196,-0.04530142142498583,-0.041766893711439046,-0.038516021270589285,-0.035524884006248314,-0.03277176553672323,-0.030236881822536255,-0.027902230843115383,-0.025751387455961172,-0.02376936417800124,-0.02194247412354411,-0.020258195099058796,-0.01870507814757172,-0.017272633125302583,-0.015951253193251524,-0.014732127319310173,-0.013607172606868723,-0.012568970857604889,-0.011610707018583355,-0.010726122071509359,-0.009909459588657299,-0.009155427969997909,-0.008778412160668214
-1.7133123514889803,-1.5214348053096494,-1.3508457037429267,-1.2002968638597533,-1.0679754198700753,-0.9518848674367764,-0.8500591437443461,-0.7606723683219885,-0.6820852951021728,-0.6128564111351364,-0.5517341241063045,-0.49763950061599616,-0.44964673839706926,-0.40696293190535027,-0.36890925840459055,-0.3349042082938736,-0.3044489204982037,-0.277114262659901,-0.25253076971278876,-0.23037930941233853,-0.2103832509637371,-0.19230228899121293,-0.1759271204033741,-0.1610749111654064,-0.1475853776632663,-0.13531768871230643,-0.12414777723629644,-0.11396608752140214,-0.10467566440618636,-0.09619024408536347,-0.08843309840137703,-0.08133587773453854,-0.07483742670052251,-0.06888298057305953,-0.06342338855601426,-0.05841446271063866,-0.05381638203635131,-0.04959322340698069,-0.04571253783466567,-0.042144933271646146,-0.03886378436848581,-0.03584491379864385,-0.03306637477984875,-0.03050817567996411,-0.028152127888638745,-0.025981637755347897,-0.023981565642450242,-0.022138087082437252,-0.020438555082740173,-0.018871407626446235,-0.017426051765516704,-0.016092787262942387,-0.014862718014865273,-0.013727683608708574,-0.012680195156486995,-0.011713373031998486,-0.010820899254380123,-0.009996963428151595,-0.009236224594348919,-0.00885585517744536
-1.7356588697054054,-1.5414150042501351,-1.3685381636135308,-1.2158748009898268,-1.081651710077809,-0.9638796993503718,-0.8605825146948476,-0.7699157750908814,-0.6902187546221139,-0.6200284259886635,-0.5580731340690237,-0.5032559250062318,-0.4546352194507275,-0.4114044950881057,-0.3728732814206426,-0.3384501600150669,-0.30762786415779786,-0.2799701394731402,-0.25510148334503047,-0.23269764733478748,-0.21247765222602855,-0.1941974908688815,-0.17764470285118072,-0.16263375494071752,-0.14900204689281882,-0.13660675521957266,-0.1253220948805911,-0.11503702515147651,-0.1056533042317298,-0.09708354542651954,-0.0892500419502662,-0.08208358993329501,-0.07552228360904856,-0.06951069866329096,-0.06399910282549826,-0.058942794424159395,-0.05430149695641706,-0.05003888296588599,-0.04612214392824221,-0.042521566681719136,-0.03921023915982147,-0.036163727035081195,-0.03335985338060787,-0.030778419238499666,-0.028401049685884416,-0.02621098284214529,-0.02419292719218813,-0.02233292095942918,-0.02061819261697906,-0.019037067344966907,-0.017578849637511773,-0.01623374609586392,-0.014992775769315791,-0.013847700942846153,-0.01279096224108045,-0.01181561565541056,-0.010915284422376992,-0.010084104347809486,-0.009316685272637848,-0.008932975735049808
-1.757974474045989,-1.5613948043469161,-1.3862450262928228,-1.2314726805851617,-1.0953483971720068,-0.9758928521324162,-0.8711210854435736,-0.7791710337588009,-0.698360909031579,-0.6272063564929509,-0.5644157180415865,-0.5088740111479195,-0.45962383984185173,-0.4158450134373659,-0.37683536034792464,-0.3419935034619215,-0.31080372623349284,-0.28282261477049264,-0.2576685969003645,-0.23501228178206546,-0.214568320420927,-0.19608898653698414,-0.17935864840653348,-0.16418906244811016,-0.1504153028959454,-0.13789254692096797,-0.12649328598742127,-0.1161049900501121,-0.10662812733674087,-0.09797418568603167,-0.09006447774225546,-0.08282894395028162,-0.07620492711335025,-0.07013634259504187,-0.06457287616409069,-0.05946931212504225,-0.05478491832858978,-0.05048296296189747,-0.0465302780293797,-0.042896829383520796,-0.03955541842070254,-0.036481354025839074,-0.03365222936843715,-0.03104763841790259,-0.028649020203261877,-0.026439444879993168,-0.024403469321621074,-0.022526994705129866,-0.020797125224607527,-0.019202073505515393,-0.01773104172255291,-0.016374143544024555,-0.015122313390363296,-0.013967236451302156,-0.012901283060422486,-0.011917445012090688,-0.011009286935226292,-0.010170891001317628,-0.009396818005700247,-0.009009781507887116
-1.7802561097635738,-1.581372466897104,-1.4039654243646815,-1.247090180487671,-1.1090654841917402,-0.9879245129603653,-0.8816751400806577,-0.7884384729140503,-0.7065121007616781,-0.6343905415550521,-0.5707622020371117,-0.5144940674936027,-0.46461288852992944,-0.4202847560400924,-0.38079574487172696,-0.34553446982773295,-0.31397672053574244,-0.2856718861683749,-0.26023229297198913,-0.23732338144737852,-0.21665541140228228,-0.19797691999859257,-0.18106909013590577,-0.16574095666138433,-0.15182525933130187,-0.13917516887567594,-0.12766144767526466,-0.11717007200159557,-0.10760021672980624,-0.09886224161153034,-0.09087647673893251,-0.08357200539899523,-0.07688541788311909,-0.07075996846741983,-0.06514476044509276,-0.05999406377926064,-0.055266690505844096,-0.05092550440704002,-0.04693697806064545,-0.04327075644267708,-0.039899354574828294,-0.03679782475148219,-0.03394353046462406,-0.031315858850202716,-0.028896063140817496,-0.026667045782331478,-0.02461321229210167,-0.02272032705318061,-0.020975370226610224,-0.019366442122827898,-0.01788264282748031,-0.01651399329739789,-0.015251343535251927,-0.014086301836417903,-0.013011168433907372,-0.012018871105072826,-0.011102916041112465,-0.010257331938947623,-0.00947663069851945,-0.009086280078307585
-1.8025007120049885,-1.6013462446459403,-1.4216984870841642,-1.2627269797261942,-1.1228029781618964,-0.9999748742800207,-0.892244968211271,-0.797718426302767,-0.7146726767467282,-0.6415813238255241,-0.5771129150573229,-0.5201164047908557,-0.4696026561616051,-0.424723993153866,-0.384754685419022,-0.3490732906977989,-0.31714706098627143,-0.28851815117306057,-0.2627927538709596,-0.23963111461088094,-0.21873908051379676,-0.1998614346770866,-0.1827761604788236,-0.1672895598980828,-0.1532320291862277,-0.14045472546783344,-0.12882667639253942,-0.11823236013204674,-0.10856965477822111,-0.09974778933011574,-0.09168610930477161,-0.08431283932110567,-0.07756381604262952,-0.07138163186108049,-0.0657148070504121,-0.06051709688826179,-0.05574685740302954,-0.05136654790092621,-0.0473422815570812,-0.0436433825612248,-0.040242079705228306,-0.03711316887379912,-0.0342337840924678,-0.031583105889150254,-0.029142201938934242,-0.026893807220567112,-0.02482217613949178,-0.022912936527310634,-0.02115294474865248,-0.019530189029977052,-0.018033667590313662,-0.016653308889087448,-0.015379878715542361,-0.014204908665287341,-0.01312062905544309,-0.012119903820941857,-0.011196180880252982,-0.010343435610842278,-0.009556131163255266,-0.00916247893945954
-1.8247052059161106,-1.6213143814606479,-1.4394433400016737,-1.2783827582244456,-1.136560889905338,-1.0120441337038688,-0.9028308649153338,-0.807011232828514,-0.7228429884487397,-0.6487790497375645,-0.5834681891397775,-0.5257413361337226,-0.47459343512366914,-0.42916299626011956,-0.3887124332109604,-0.3526101981005114,-0.3203149616676404,-0.2913616072282599,-0.26535016167185344,-0.24193564918332466,-0.2208194826305876,-0.20174267345568708,-0.18447999128537784,-0.1688349938549516,-0.15463572481032806,-0.14173132043813208,-0.12998906794746024,-0.11929194293735623,-0.10953652323434593,-0.10063090437307576,-0.09249344523030167,-0.08505151020813617,-0.07824018119094056,-0.07200138785713683,-0.06628306688826413,-0.0610384585055046,-0.0562254625122538,-0.05180613364510034,-0.04774622567953912,-0.04401474209004608,-0.04058362556583095,-0.0374274157465182,-0.03452301738727126,-0.031849404619532784,-0.02938745978699142,-0.02711975063202754,-0.025030380681596576,-0.02310484144818936,-0.021329865727461872,-0.019693329884322708,-0.018184130485718875,-0.016792103700429273,-0.015507931301850242,-0.014323068374153536,-0.01322967549747478,-0.012220552933617235,-0.011289090488326714,-0.010429210370226372,-0.00963532712221049,-0.00923838549820255
-1.8468665067463519,-1.6412751119994162,-1.4571991045818677,-1.2940571965051895,-1.150339233854094,-1.024132493910539,-0.9134331307092314,-0.8163172365547977,-0.731023391884742,-0.6559840695488139,-0.5898283594076092,-0.5313691770162166,-0.4795855195979337,-0.43360203811872555,-0.3926692403164278,-0.35614542455937315,-0.3234806368733256,-0.2942024517632458,-0.2679046982587385,-0.24423715274980662,-0.22289677220083348,-0.20362077871690865,-0.18618071385357204,-0.17037737964331612,-0.15603645794871834,-0.1430050569152197,-0.13114871753752144,-0.12034890831097655,-0.11050090326165662,-0.1015116617002354,-0.09329855375498575,-0.08578808202282406,-0.07891457242199973,-0.07261929105585985,-0.06684959041060701,-0.06155819525268669,-0.05670254891808835,-0.05224430145713832,-0.048148847227831304,-0.04438486904107197,-0.04092402359283209,-0.037740594425907936,-0.03481125720613765,-0.032114779866216914,-0.029631859631815693,-0.027344897227883358,-0.025237845525416525,-0.023296059940229874,-0.02150614991708988,-0.019855880173320628,-0.018334045830430412,-0.01693039096599236,-0.015635513528473588,-0.014440792272685243,-0.013338318214985989,-0.012320828107994508,-0.011381653799911184,-0.010514664476555247,-0.009714226210775223,-0.009314007077885211
-1.8689815199529658,-1.6612266613756255,-1.4749648978167063,-1.3097499753909325,-1.164138027859245,-1.036240162544848,-0.9240520715098022,-0.8256367867101222,-0.7392142476570118,-0.6631967373859693,-0.5961937641216597,-0.537000245387933,-0.4845792056177656,-0.4380413928240845,-0.39662535970675705,-0.35967920314585733,-0.32664430115846077,-0.29704088224134395,-0.2704565453713581,-0.24653579261375125,-0.22497110328738135,-0.2054958923820127,-0.18787845896660382,-0.171916837824182,-0.1574343397752198,-0.14427603744687545,-0.13230571977879357,-0.12140334357143345,-0.11146287546049738,-0.1023901357241952,-0.09410150358979408,-0.08652261822029494,-0.07958704834431174,-0.07323539559508596,-0.06741442763031458,-0.062076353335793755,-0.05717815931240544,-0.05268109078457872,-0.048550182653674945,-0.04475379709931282,-0.041263304915881704,-0.03805273368115092,-0.03509853013765163,-0.03237925620318105,-0.029875424185998867,-0.02756926800079995,-0.025444590074363838,-0.023486609938196956,-0.021681813895089164,-0.020017855220246794,-0.018483427788482665,-0.017068183778490287,-0.01576263749789142,-0.014558091548182439,-0.01344656754934892,-0.01242073890359574,-0.011473879651813235,-0.010599806098627873,-0.009792835980269032,-0.009389350921091832
-1.8910471413051866,-1.6811672448171677,-1.49273983183277,-1.3254607757005488,-1.1779572929994764,-1.0483673521187953,-0.9346879986000989,-0.8349702376957513,-0.747415920986052,-0.6704174112920436,-0.6025647447351545,-0.5426348617117549,-0.4895747911264392,-0.4424813358626567,-0.4005810453115677,-0.36321176753317364,-0.32980616939126683,-0.29987709620893366,-0.2730058846517336,-0.24883173584096863,-0.2270426296095307,-0.20736815595043367,-0.1895733569300484,-0.173453488443287,-0.15882948092530214,-0.1455443640309806,-0.13346016873502897,-0.12245533548956189,-0.11242251989364682,-0.1032664003341699,-0.09490236293957732,-0.08725518176893043,-0.08025766710043403,-0.07384975516843806,-0.06797762813815833,-0.06259297856088253,-0.05765233600919295,-0.05311654071857852,-0.04895026807340663,-0.04512155963473763,-0.04160150036906618,-0.038363862004584526,-0.03538486251136952,-0.03264285796230837,-0.0301181759360869,-0.027792883732598028,-0.025650633535261314,-0.02367650919374409,-0.021856874068575394,-0.02017927018978849,-0.018632290376512373,-0.017205495093572942,-0.01588931518532899,-0.014674977269715228,-0.013554433732210214,-0.012520294778082253,-0.011565776786368609,-0.01068464331761998,-0.009871163900765367,-0.00946442419233584
